sample_id,partition,policy,variant,fallback
02e436eb18826107a8a1,validation,retrospective,raw_unprotected,False
828c5c6d5d8c61cb58e1,validation,retrospective,raw_unprotected,False
d7ab3019b08390a6cfca,validation,retrospective,raw_unprotected,False
e43846f3cc235cde6504,validation,retrospective,raw_unprotected,False
d11f8b621634b39d02a1,validation,retrospective,raw_unprotected,False
6e95618ca6713de474ae,validation,retrospective,raw_unprotected,False
ba895590c5a78614f6a7,validation,retrospective,raw_unprotected,False
53eaf315e45adf6673c7,validation,retrospective,raw_unprotected,False
a746eb4532a8496fa3fc,validation,retrospective,raw_unprotected,False
4dabe82281322dd9ae8d,validation,retrospective,raw_unprotected,False
92bdd2e8a69face6d0b7,validation,retrospective,raw_unprotected,False
e2982b1b4c3f002e6329,validation,retrospective,raw_unprotected,False
7f6a8a463044f8bedd3d,validation,retrospective,raw_unprotected,False
43e629248987f68e519e,validation,retrospective,raw_unprotected,False
a83de54d465f5cb81ccb,validation,retrospective,raw_unprotected,False
bbab8b2708d9ab5a6aee,validation,retrospective,raw_unprotected,False
2b4a29e6a9f1acebd6f1,validation,retrospective,raw_unprotected,False
c188a41b25b300b96a7a,validation,retrospective,raw_unprotected,False
0c2a9a5204a36526421a,validation,retrospective,raw_unprotected,False
aad8247e4605a919c1f5,validation,retrospective,raw_unprotected,False
9420a085cea3ab285dc0,validation,retrospective,raw_unprotected,False
a5473f8af252e2caeb21,validation,retrospective,raw_unprotected,False
8855d674c5b6858c6318,validation,retrospective,raw_unprotected,False
6638a17cc405df12960e,validation,retrospective,raw_unprotected,False
a4f3938550d07e6b6bd4,validation,retrospective,raw_unprotected,False
6fea2ad58175b6cfd403,validation,retrospective,raw_unprotected,False
5e2cd51318771fb8e12a,validation,retrospective,raw_unprotected,False
8249ff20fcd08f77241f,validation,retrospective,raw_unprotected,False
fbe197aea1f068b2a304,validation,retrospective,raw_unprotected,False
6dc3424dfb73edbc468b,validation,retrospective,raw_unprotected,False
06c305d1b62943d60095,validation,retrospective,raw_unprotected,False
19ee154edb10a2b6819a,validation,retrospective,raw_unprotected,False
ae428e5c9107ba6ff91d,validation,retrospective,raw_unprotected,False
fb04bee46065ca73e235,validation,retrospective,raw_unprotected,False
2916179f75a3796da4ba,validation,retrospective,raw_unprotected,False
eb26ebcfb5fae6e59c49,validation,retrospective,raw_unprotected,False
b004fe14fdaeae2c83b0,validation,retrospective,raw_unprotected,False
4507b20bb310dae1f23d,validation,retrospective,raw_unprotected,False
369cae0991b42cd5e6a3,validation,retrospective,raw_unprotected,False
ecff7508e343e495914e,validation,retrospective,raw_unprotected,False
cbfa9e1817c7bcd758eb,validation,retrospective,raw_unprotected,False
1e3fd5ac2f2b0dbcdebe,validation,retrospective,raw_unprotected,False
37bd4ace14c08990a90b,validation,retrospective,raw_unprotected,False
42e6ea0210140bc76b72,validation,retrospective,raw_unprotected,False
a8d22d4f76707691ab89,validation,retrospective,raw_unprotected,False
78077204d4daf49c8b91,validation,retrospective,raw_unprotected,False
5ecc3ce82801dcac57b8,validation,retrospective,raw_unprotected,False
446bbd30f2fe62b994bb,validation,retrospective,raw_unprotected,False
6499c18f61a0d2643d1c,validation,retrospective,raw_unprotected,False
156af913d16fab3692d6,validation,retrospective,raw_unprotected,False
fe7b9a4c29924993cbd4,validation,retrospective,raw_unprotected,False
a654b953ed1796c42099,validation,retrospective,raw_unprotected,False
d5b120fefe220d7d0e79,validation,retrospective,raw_unprotected,False
4a91e288bfc11ebeeb16,validation,retrospective,raw_unprotected,False
1055c747aa857138a7f8,validation,retrospective,raw_unprotected,False
427b39fb5855c16f4469,validation,retrospective,raw_unprotected,False
011a7963fe00fadf077f,validation,retrospective,raw_unprotected,False
5cc569aa9cba72bc67ce,validation,retrospective,raw_unprotected,False
56bce4d83bd926343204,validation,retrospective,raw_unprotected,False
c1ffcf512c2721588049,validation,retrospective,raw_unprotected,False
f6a26c571ae7839a02c6,validation,retrospective,raw_unprotected,False
40aa8845fc346b8c4f88,validation,retrospective,raw_unprotected,False
c087f61be351b24fe5c0,validation,retrospective,raw_unprotected,False
f27411a15810d6a4859d,validation,retrospective,raw_unprotected,False
ebdfb5da540a6984b84c,validation,retrospective,raw_unprotected,False
36840234905ac67d771a,validation,retrospective,raw_unprotected,False
e36d14fb696c4b9ac172,validation,retrospective,raw_unprotected,False
e637eaf17409a0d1ef6e,validation,retrospective,raw_unprotected,False
4609f133f899a617eaac,validation,retrospective,raw_unprotected,False
d53747deaeef9bde3b82,validation,retrospective,raw_unprotected,False
a3a2335b3f3283b1f7ae,validation,retrospective,raw_unprotected,False
8e7365ee0e106dbd7b6b,validation,retrospective,raw_unprotected,False
5a8a4450970feb9c5591,validation,retrospective,raw_unprotected,False
7021513245762ad198b4,validation,retrospective,raw_unprotected,False
71c0c9da6f2f990a5dc5,validation,retrospective,raw_unprotected,False
47bcc6fad12f551e8abf,validation,retrospective,raw_unprotected,False
f7d0fe5dba7e99b7aafc,validation,retrospective,raw_unprotected,False
f26c7d05d5c0b5ef5aeb,validation,retrospective,raw_unprotected,False
88b034f69a1b4a932925,validation,retrospective,raw_unprotected,False
908c1a267a3bc772e104,validation,retrospective,raw_unprotected,False
7883f8972fba7640b3ef,validation,retrospective,raw_unprotected,False
a4bc10e51e7c44f987e7,validation,retrospective,raw_unprotected,False
5d0927247417f99064ab,validation,retrospective,raw_unprotected,False
0ce99f0000803b424d60,validation,retrospective,raw_unprotected,False
8691d279983e54828d28,validation,retrospective,raw_unprotected,False
4cc699f0154ebe4381ab,validation,retrospective,raw_unprotected,False
ca561759f01fb42e84f2,validation,retrospective,raw_unprotected,False
da13c4f656f407e4aa76,validation,retrospective,raw_unprotected,False
f8d8d270d0ed42af6f78,validation,retrospective,raw_unprotected,False
bf1890b77ee978a0533b,validation,retrospective,raw_unprotected,False
eaee0a582f61d8b157d8,validation,retrospective,raw_unprotected,False
714530dc9c832560e443,validation,retrospective,raw_unprotected,False
dedb4777198ae9b97014,validation,retrospective,raw_unprotected,False
8004b45c1bd1363d5a62,validation,retrospective,raw_unprotected,False
7c1742de3cf425b6c6b2,validation,retrospective,raw_unprotected,False
b0d3ef9c9e344bcc85fa,validation,retrospective,raw_unprotected,False
ec24c7a0711ecff8dba3,validation,retrospective,raw_unprotected,False
2a9c1682cb0f5ce88863,validation,retrospective,raw_unprotected,False
2774c14ea7d9ef6357fa,validation,retrospective,raw_unprotected,False
53cccd11723b0296c4e7,validation,retrospective,raw_unprotected,False
55f120ba0155b01b455f,validation,retrospective,raw_unprotected,False
ecb8e723ecd4a113aae1,validation,retrospective,raw_unprotected,False
bcd47d467c37b577584e,validation,retrospective,raw_unprotected,False
75b9ca012c20e4ddf572,validation,retrospective,raw_unprotected,False
8c0e0b615a9384d71578,validation,retrospective,raw_unprotected,False
c60c5b2e0541c5af6410,validation,retrospective,raw_unprotected,False
61469f9e5983ebedec87,validation,retrospective,raw_unprotected,False
6632587eeaa5e41bd375,validation,retrospective,raw_unprotected,False
2f1a76f31e7d0d2f849b,validation,retrospective,raw_unprotected,False
8b90ca0547f8adc5ee82,validation,retrospective,raw_unprotected,False
8001d7857afc0dfd936d,validation,retrospective,raw_unprotected,False
80c000eef032fbdce5cc,validation,retrospective,raw_unprotected,False
eba8e1a1fcd6068199f2,validation,retrospective,raw_unprotected,False
7cb07b052c74c1021e85,validation,retrospective,raw_unprotected,False
0a35d36b70d005dfa1b7,validation,retrospective,raw_unprotected,False
266ee4b383cf6af7443e,validation,retrospective,raw_unprotected,False
25f51871a80aada3a297,validation,retrospective,raw_unprotected,False
1c15914464b85b065a6c,validation,retrospective,raw_unprotected,False
157d35130df80b1e21e1,validation,retrospective,raw_unprotected,False
5895ad7f0377289350c8,validation,retrospective,raw_unprotected,False
7e6df8b8d9d288bd8f9a,validation,retrospective,raw_unprotected,False
ced0780019678fd74960,validation,retrospective,raw_unprotected,False
f89a8c4b9b804d001d96,validation,retrospective,raw_unprotected,False
841db26f2f0d8f4e8ba0,validation,retrospective,raw_unprotected,False
7f6eb6e343f95ccb5454,validation,retrospective,raw_unprotected,False
6c7d463e171d944c3227,validation,retrospective,raw_unprotected,False
78c17506be7d8866fc6c,validation,retrospective,raw_unprotected,False
410fc273062c9f00d769,validation,retrospective,raw_unprotected,False
d7afa0e96332624f599b,validation,retrospective,raw_unprotected,False
e2dd5c71b321592f8483,validation,retrospective,raw_unprotected,False
8f4c35e333ab8fd14f57,validation,retrospective,raw_unprotected,False
428b7bcf1b131357888c,validation,retrospective,raw_unprotected,False
4c65a7000abbb4b892bc,validation,retrospective,raw_unprotected,False
934997f00ccf47f5021b,validation,retrospective,raw_unprotected,False
9d1a75c7f26925bb424b,validation,retrospective,raw_unprotected,False
a59c268c4629b8813a10,validation,retrospective,raw_unprotected,False
76ed0002cfd72ba3c54c,validation,retrospective,raw_unprotected,False
7825792d6c2528de0cc3,validation,retrospective,raw_unprotected,False
a6aee8777d1c409767c9,validation,retrospective,raw_unprotected,False
9d188a1ef3c30df74559,validation,retrospective,raw_unprotected,False
12e2c305863d1d5336fe,validation,retrospective,raw_unprotected,False
096a35eef06bf383d4ed,validation,retrospective,raw_unprotected,False
552722de245bd5ef7f11,validation,retrospective,raw_unprotected,False
421a1014c185529c23d8,validation,retrospective,raw_unprotected,False
0143a59f6bdef521d30c,validation,retrospective,raw_unprotected,False
938a51a6e19bd8517c3e,validation,retrospective,raw_unprotected,False
7d2356c2e4eb227d2dd2,validation,retrospective,raw_unprotected,False
8f4e09fa8afeef1c699b,validation,retrospective,raw_unprotected,False
ab7fdb3487efe1742f28,validation,retrospective,raw_unprotected,False
4137d1cd0a597693179e,validation,retrospective,raw_unprotected,False
77fa0001c60e2f817dbc,validation,retrospective,raw_unprotected,False
74c6c4867375a7d7d95d,validation,retrospective,raw_unprotected,False
f84cc78bad40dbc29a2d,validation,retrospective,raw_unprotected,False
60f37ebcf1c132248055,validation,retrospective,raw_unprotected,False
9aa3363ff8730934478d,validation,retrospective,raw_unprotected,False
5805adc9b48cb8b4f9d2,validation,retrospective,raw_unprotected,False
3c96d5dd0acebc7b4e32,validation,retrospective,raw_unprotected,False
f4350c0188da76f0ecb0,validation,retrospective,raw_unprotected,False
2965f4b2d9dda1e0bb4c,validation,retrospective,raw_unprotected,False
3f86a487f1fd234635f6,validation,retrospective,raw_unprotected,False
013232deae171214ceb3,validation,retrospective,raw_unprotected,False
9e66429099fc2f2d7817,validation,retrospective,raw_unprotected,False
85c68db0ef141625790f,validation,retrospective,raw_unprotected,False
6f0932cc6675f3ee2542,validation,retrospective,raw_unprotected,False
b3b39d6ab2f8abea410e,validation,retrospective,raw_unprotected,False
9a2445259d7561db1c6b,validation,retrospective,raw_unprotected,False
b11cdf408556b6dc8e16,validation,retrospective,raw_unprotected,False
691357333f4b04269b52,validation,retrospective,raw_unprotected,False
ead35c59de19870f2126,validation,retrospective,raw_unprotected,False
2f6a7a181de5cfaa8cde,validation,retrospective,raw_unprotected,False
d9e38067125060fb5fbb,validation,retrospective,raw_unprotected,False
102b404843f3ca85d755,validation,retrospective,raw_unprotected,False
4bf13660bcc264021545,validation,retrospective,raw_unprotected,False
371865969277bcb488f9,validation,retrospective,raw_unprotected,False
c01c074868e062be80cf,validation,retrospective,raw_unprotected,False
71da84cd5e28dcf927b7,validation,retrospective,raw_unprotected,False
99ac0ef170cab61c4235,validation,retrospective,raw_unprotected,False
662cd213b2cc0a6b8a23,validation,retrospective,raw_unprotected,False
88fbb6fe7f7156acd3d1,validation,retrospective,raw_unprotected,False
897bee1bf99f151a6176,validation,retrospective,raw_unprotected,False
db65febf89adc26f3276,validation,retrospective,raw_unprotected,False
46dce212d8c575b7596f,validation,retrospective,raw_unprotected,False
488916a7c7d3b9ea7c0d,validation,retrospective,raw_unprotected,False
7005c86d0920a13f4cd0,validation,retrospective,raw_unprotected,False
203bb84e13443f7254b6,validation,retrospective,raw_unprotected,False
02e436eb18826107a8a1,validation,retrospective,raw_guarded,False
828c5c6d5d8c61cb58e1,validation,retrospective,raw_guarded,False
d7ab3019b08390a6cfca,validation,retrospective,raw_guarded,False
e43846f3cc235cde6504,validation,retrospective,raw_guarded,False
d11f8b621634b39d02a1,validation,retrospective,raw_guarded,False
6e95618ca6713de474ae,validation,retrospective,raw_guarded,True
ba895590c5a78614f6a7,validation,retrospective,raw_guarded,False
53eaf315e45adf6673c7,validation,retrospective,raw_guarded,False
a746eb4532a8496fa3fc,validation,retrospective,raw_guarded,False
4dabe82281322dd9ae8d,validation,retrospective,raw_guarded,True
92bdd2e8a69face6d0b7,validation,retrospective,raw_guarded,True
e2982b1b4c3f002e6329,validation,retrospective,raw_guarded,False
7f6a8a463044f8bedd3d,validation,retrospective,raw_guarded,False
43e629248987f68e519e,validation,retrospective,raw_guarded,False
a83de54d465f5cb81ccb,validation,retrospective,raw_guarded,True
bbab8b2708d9ab5a6aee,validation,retrospective,raw_guarded,False
2b4a29e6a9f1acebd6f1,validation,retrospective,raw_guarded,False
c188a41b25b300b96a7a,validation,retrospective,raw_guarded,False
0c2a9a5204a36526421a,validation,retrospective,raw_guarded,False
aad8247e4605a919c1f5,validation,retrospective,raw_guarded,False
9420a085cea3ab285dc0,validation,retrospective,raw_guarded,False
a5473f8af252e2caeb21,validation,retrospective,raw_guarded,False
8855d674c5b6858c6318,validation,retrospective,raw_guarded,False
6638a17cc405df12960e,validation,retrospective,raw_guarded,True
a4f3938550d07e6b6bd4,validation,retrospective,raw_guarded,False
6fea2ad58175b6cfd403,validation,retrospective,raw_guarded,False
5e2cd51318771fb8e12a,validation,retrospective,raw_guarded,False
8249ff20fcd08f77241f,validation,retrospective,raw_guarded,False
fbe197aea1f068b2a304,validation,retrospective,raw_guarded,False
6dc3424dfb73edbc468b,validation,retrospective,raw_guarded,False
06c305d1b62943d60095,validation,retrospective,raw_guarded,False
19ee154edb10a2b6819a,validation,retrospective,raw_guarded,False
ae428e5c9107ba6ff91d,validation,retrospective,raw_guarded,False
fb04bee46065ca73e235,validation,retrospective,raw_guarded,False
2916179f75a3796da4ba,validation,retrospective,raw_guarded,False
eb26ebcfb5fae6e59c49,validation,retrospective,raw_guarded,False
b004fe14fdaeae2c83b0,validation,retrospective,raw_guarded,False
4507b20bb310dae1f23d,validation,retrospective,raw_guarded,False
369cae0991b42cd5e6a3,validation,retrospective,raw_guarded,False
ecff7508e343e495914e,validation,retrospective,raw_guarded,False
cbfa9e1817c7bcd758eb,validation,retrospective,raw_guarded,False
1e3fd5ac2f2b0dbcdebe,validation,retrospective,raw_guarded,False
37bd4ace14c08990a90b,validation,retrospective,raw_guarded,False
42e6ea0210140bc76b72,validation,retrospective,raw_guarded,True
a8d22d4f76707691ab89,validation,retrospective,raw_guarded,False
78077204d4daf49c8b91,validation,retrospective,raw_guarded,False
5ecc3ce82801dcac57b8,validation,retrospective,raw_guarded,False
446bbd30f2fe62b994bb,validation,retrospective,raw_guarded,False
6499c18f61a0d2643d1c,validation,retrospective,raw_guarded,True
156af913d16fab3692d6,validation,retrospective,raw_guarded,False
fe7b9a4c29924993cbd4,validation,retrospective,raw_guarded,False
a654b953ed1796c42099,validation,retrospective,raw_guarded,False
d5b120fefe220d7d0e79,validation,retrospective,raw_guarded,False
4a91e288bfc11ebeeb16,validation,retrospective,raw_guarded,False
1055c747aa857138a7f8,validation,retrospective,raw_guarded,False
427b39fb5855c16f4469,validation,retrospective,raw_guarded,False
011a7963fe00fadf077f,validation,retrospective,raw_guarded,False
5cc569aa9cba72bc67ce,validation,retrospective,raw_guarded,True
56bce4d83bd926343204,validation,retrospective,raw_guarded,False
c1ffcf512c2721588049,validation,retrospective,raw_guarded,False
f6a26c571ae7839a02c6,validation,retrospective,raw_guarded,False
40aa8845fc346b8c4f88,validation,retrospective,raw_guarded,False
c087f61be351b24fe5c0,validation,retrospective,raw_guarded,False
f27411a15810d6a4859d,validation,retrospective,raw_guarded,False
ebdfb5da540a6984b84c,validation,retrospective,raw_guarded,False
36840234905ac67d771a,validation,retrospective,raw_guarded,False
e36d14fb696c4b9ac172,validation,retrospective,raw_guarded,False
e637eaf17409a0d1ef6e,validation,retrospective,raw_guarded,False
4609f133f899a617eaac,validation,retrospective,raw_guarded,False
d53747deaeef9bde3b82,validation,retrospective,raw_guarded,False
a3a2335b3f3283b1f7ae,validation,retrospective,raw_guarded,False
8e7365ee0e106dbd7b6b,validation,retrospective,raw_guarded,False
5a8a4450970feb9c5591,validation,retrospective,raw_guarded,False
7021513245762ad198b4,validation,retrospective,raw_guarded,False
71c0c9da6f2f990a5dc5,validation,retrospective,raw_guarded,False
47bcc6fad12f551e8abf,validation,retrospective,raw_guarded,False
f7d0fe5dba7e99b7aafc,validation,retrospective,raw_guarded,False
f26c7d05d5c0b5ef5aeb,validation,retrospective,raw_guarded,False
88b034f69a1b4a932925,validation,retrospective,raw_guarded,False
908c1a267a3bc772e104,validation,retrospective,raw_guarded,False
7883f8972fba7640b3ef,validation,retrospective,raw_guarded,False
a4bc10e51e7c44f987e7,validation,retrospective,raw_guarded,False
5d0927247417f99064ab,validation,retrospective,raw_guarded,False
0ce99f0000803b424d60,validation,retrospective,raw_guarded,False
8691d279983e54828d28,validation,retrospective,raw_guarded,False
4cc699f0154ebe4381ab,validation,retrospective,raw_guarded,False
ca561759f01fb42e84f2,validation,retrospective,raw_guarded,False
da13c4f656f407e4aa76,validation,retrospective,raw_guarded,False
f8d8d270d0ed42af6f78,validation,retrospective,raw_guarded,False
bf1890b77ee978a0533b,validation,retrospective,raw_guarded,False
eaee0a582f61d8b157d8,validation,retrospective,raw_guarded,False
714530dc9c832560e443,validation,retrospective,raw_guarded,False
dedb4777198ae9b97014,validation,retrospective,raw_guarded,False
8004b45c1bd1363d5a62,validation,retrospective,raw_guarded,False
7c1742de3cf425b6c6b2,validation,retrospective,raw_guarded,False
b0d3ef9c9e344bcc85fa,validation,retrospective,raw_guarded,True
ec24c7a0711ecff8dba3,validation,retrospective,raw_guarded,False
2a9c1682cb0f5ce88863,validation,retrospective,raw_guarded,False
2774c14ea7d9ef6357fa,validation,retrospective,raw_guarded,False
53cccd11723b0296c4e7,validation,retrospective,raw_guarded,False
55f120ba0155b01b455f,validation,retrospective,raw_guarded,True
ecb8e723ecd4a113aae1,validation,retrospective,raw_guarded,False
bcd47d467c37b577584e,validation,retrospective,raw_guarded,False
75b9ca012c20e4ddf572,validation,retrospective,raw_guarded,False
8c0e0b615a9384d71578,validation,retrospective,raw_guarded,False
c60c5b2e0541c5af6410,validation,retrospective,raw_guarded,False
61469f9e5983ebedec87,validation,retrospective,raw_guarded,False
6632587eeaa5e41bd375,validation,retrospective,raw_guarded,False
2f1a76f31e7d0d2f849b,validation,retrospective,raw_guarded,False
8b90ca0547f8adc5ee82,validation,retrospective,raw_guarded,False
8001d7857afc0dfd936d,validation,retrospective,raw_guarded,False
80c000eef032fbdce5cc,validation,retrospective,raw_guarded,False
eba8e1a1fcd6068199f2,validation,retrospective,raw_guarded,True
7cb07b052c74c1021e85,validation,retrospective,raw_guarded,False
0a35d36b70d005dfa1b7,validation,retrospective,raw_guarded,False
266ee4b383cf6af7443e,validation,retrospective,raw_guarded,False
25f51871a80aada3a297,validation,retrospective,raw_guarded,False
1c15914464b85b065a6c,validation,retrospective,raw_guarded,True
157d35130df80b1e21e1,validation,retrospective,raw_guarded,False
5895ad7f0377289350c8,validation,retrospective,raw_guarded,False
7e6df8b8d9d288bd8f9a,validation,retrospective,raw_guarded,False
ced0780019678fd74960,validation,retrospective,raw_guarded,False
f89a8c4b9b804d001d96,validation,retrospective,raw_guarded,False
841db26f2f0d8f4e8ba0,validation,retrospective,raw_guarded,False
7f6eb6e343f95ccb5454,validation,retrospective,raw_guarded,False
6c7d463e171d944c3227,validation,retrospective,raw_guarded,False
78c17506be7d8866fc6c,validation,retrospective,raw_guarded,False
410fc273062c9f00d769,validation,retrospective,raw_guarded,False
d7afa0e96332624f599b,validation,retrospective,raw_guarded,False
e2dd5c71b321592f8483,validation,retrospective,raw_guarded,False
8f4c35e333ab8fd14f57,validation,retrospective,raw_guarded,False
428b7bcf1b131357888c,validation,retrospective,raw_guarded,False
4c65a7000abbb4b892bc,validation,retrospective,raw_guarded,False
934997f00ccf47f5021b,validation,retrospective,raw_guarded,False
9d1a75c7f26925bb424b,validation,retrospective,raw_guarded,False
a59c268c4629b8813a10,validation,retrospective,raw_guarded,False
76ed0002cfd72ba3c54c,validation,retrospective,raw_guarded,False
7825792d6c2528de0cc3,validation,retrospective,raw_guarded,False
a6aee8777d1c409767c9,validation,retrospective,raw_guarded,False
9d188a1ef3c30df74559,validation,retrospective,raw_guarded,False
12e2c305863d1d5336fe,validation,retrospective,raw_guarded,False
096a35eef06bf383d4ed,validation,retrospective,raw_guarded,False
552722de245bd5ef7f11,validation,retrospective,raw_guarded,False
421a1014c185529c23d8,validation,retrospective,raw_guarded,False
0143a59f6bdef521d30c,validation,retrospective,raw_guarded,False
938a51a6e19bd8517c3e,validation,retrospective,raw_guarded,False
7d2356c2e4eb227d2dd2,validation,retrospective,raw_guarded,False
8f4e09fa8afeef1c699b,validation,retrospective,raw_guarded,False
ab7fdb3487efe1742f28,validation,retrospective,raw_guarded,False
4137d1cd0a597693179e,validation,retrospective,raw_guarded,False
77fa0001c60e2f817dbc,validation,retrospective,raw_guarded,False
74c6c4867375a7d7d95d,validation,retrospective,raw_guarded,False
f84cc78bad40dbc29a2d,validation,retrospective,raw_guarded,False
60f37ebcf1c132248055,validation,retrospective,raw_guarded,False
9aa3363ff8730934478d,validation,retrospective,raw_guarded,False
5805adc9b48cb8b4f9d2,validation,retrospective,raw_guarded,True
3c96d5dd0acebc7b4e32,validation,retrospective,raw_guarded,False
f4350c0188da76f0ecb0,validation,retrospective,raw_guarded,True
2965f4b2d9dda1e0bb4c,validation,retrospective,raw_guarded,False
3f86a487f1fd234635f6,validation,retrospective,raw_guarded,False
013232deae171214ceb3,validation,retrospective,raw_guarded,False
9e66429099fc2f2d7817,validation,retrospective,raw_guarded,False
85c68db0ef141625790f,validation,retrospective,raw_guarded,False
6f0932cc6675f3ee2542,validation,retrospective,raw_guarded,False
b3b39d6ab2f8abea410e,validation,retrospective,raw_guarded,False
9a2445259d7561db1c6b,validation,retrospective,raw_guarded,False
b11cdf408556b6dc8e16,validation,retrospective,raw_guarded,False
691357333f4b04269b52,validation,retrospective,raw_guarded,False
ead35c59de19870f2126,validation,retrospective,raw_guarded,False
2f6a7a181de5cfaa8cde,validation,retrospective,raw_guarded,False
d9e38067125060fb5fbb,validation,retrospective,raw_guarded,False
102b404843f3ca85d755,validation,retrospective,raw_guarded,False
4bf13660bcc264021545,validation,retrospective,raw_guarded,False
371865969277bcb488f9,validation,retrospective,raw_guarded,False
c01c074868e062be80cf,validation,retrospective,raw_guarded,False
71da84cd5e28dcf927b7,validation,retrospective,raw_guarded,True
99ac0ef170cab61c4235,validation,retrospective,raw_guarded,False
662cd213b2cc0a6b8a23,validation,retrospective,raw_guarded,False
88fbb6fe7f7156acd3d1,validation,retrospective,raw_guarded,False
897bee1bf99f151a6176,validation,retrospective,raw_guarded,False
db65febf89adc26f3276,validation,retrospective,raw_guarded,False
46dce212d8c575b7596f,validation,retrospective,raw_guarded,False
488916a7c7d3b9ea7c0d,validation,retrospective,raw_guarded,False
7005c86d0920a13f4cd0,validation,retrospective,raw_guarded,False
203bb84e13443f7254b6,validation,retrospective,raw_guarded,False
02e436eb18826107a8a1,validation,retrospective,gap_guarded,False
828c5c6d5d8c61cb58e1,validation,retrospective,gap_guarded,False
d7ab3019b08390a6cfca,validation,retrospective,gap_guarded,False
e43846f3cc235cde6504,validation,retrospective,gap_guarded,False
d11f8b621634b39d02a1,validation,retrospective,gap_guarded,False
6e95618ca6713de474ae,validation,retrospective,gap_guarded,True
ba895590c5a78614f6a7,validation,retrospective,gap_guarded,False
53eaf315e45adf6673c7,validation,retrospective,gap_guarded,False
a746eb4532a8496fa3fc,validation,retrospective,gap_guarded,False
4dabe82281322dd9ae8d,validation,retrospective,gap_guarded,True
92bdd2e8a69face6d0b7,validation,retrospective,gap_guarded,True
e2982b1b4c3f002e6329,validation,retrospective,gap_guarded,False
7f6a8a463044f8bedd3d,validation,retrospective,gap_guarded,False
43e629248987f68e519e,validation,retrospective,gap_guarded,False
a83de54d465f5cb81ccb,validation,retrospective,gap_guarded,True
bbab8b2708d9ab5a6aee,validation,retrospective,gap_guarded,False
2b4a29e6a9f1acebd6f1,validation,retrospective,gap_guarded,False
c188a41b25b300b96a7a,validation,retrospective,gap_guarded,False
0c2a9a5204a36526421a,validation,retrospective,gap_guarded,False
aad8247e4605a919c1f5,validation,retrospective,gap_guarded,False
9420a085cea3ab285dc0,validation,retrospective,gap_guarded,False
a5473f8af252e2caeb21,validation,retrospective,gap_guarded,False
8855d674c5b6858c6318,validation,retrospective,gap_guarded,False
6638a17cc405df12960e,validation,retrospective,gap_guarded,True
a4f3938550d07e6b6bd4,validation,retrospective,gap_guarded,False
6fea2ad58175b6cfd403,validation,retrospective,gap_guarded,False
5e2cd51318771fb8e12a,validation,retrospective,gap_guarded,False
8249ff20fcd08f77241f,validation,retrospective,gap_guarded,False
fbe197aea1f068b2a304,validation,retrospective,gap_guarded,False
6dc3424dfb73edbc468b,validation,retrospective,gap_guarded,False
06c305d1b62943d60095,validation,retrospective,gap_guarded,False
19ee154edb10a2b6819a,validation,retrospective,gap_guarded,False
ae428e5c9107ba6ff91d,validation,retrospective,gap_guarded,False
fb04bee46065ca73e235,validation,retrospective,gap_guarded,False
2916179f75a3796da4ba,validation,retrospective,gap_guarded,False
eb26ebcfb5fae6e59c49,validation,retrospective,gap_guarded,False
b004fe14fdaeae2c83b0,validation,retrospective,gap_guarded,False
4507b20bb310dae1f23d,validation,retrospective,gap_guarded,False
369cae0991b42cd5e6a3,validation,retrospective,gap_guarded,False
ecff7508e343e495914e,validation,retrospective,gap_guarded,False
cbfa9e1817c7bcd758eb,validation,retrospective,gap_guarded,False
1e3fd5ac2f2b0dbcdebe,validation,retrospective,gap_guarded,False
37bd4ace14c08990a90b,validation,retrospective,gap_guarded,False
42e6ea0210140bc76b72,validation,retrospective,gap_guarded,True
a8d22d4f76707691ab89,validation,retrospective,gap_guarded,False
78077204d4daf49c8b91,validation,retrospective,gap_guarded,False
5ecc3ce82801dcac57b8,validation,retrospective,gap_guarded,False
446bbd30f2fe62b994bb,validation,retrospective,gap_guarded,False
6499c18f61a0d2643d1c,validation,retrospective,gap_guarded,True
156af913d16fab3692d6,validation,retrospective,gap_guarded,False
fe7b9a4c29924993cbd4,validation,retrospective,gap_guarded,False
a654b953ed1796c42099,validation,retrospective,gap_guarded,False
d5b120fefe220d7d0e79,validation,retrospective,gap_guarded,False
4a91e288bfc11ebeeb16,validation,retrospective,gap_guarded,False
1055c747aa857138a7f8,validation,retrospective,gap_guarded,False
427b39fb5855c16f4469,validation,retrospective,gap_guarded,False
011a7963fe00fadf077f,validation,retrospective,gap_guarded,False
5cc569aa9cba72bc67ce,validation,retrospective,gap_guarded,True
56bce4d83bd926343204,validation,retrospective,gap_guarded,False
c1ffcf512c2721588049,validation,retrospective,gap_guarded,False
f6a26c571ae7839a02c6,validation,retrospective,gap_guarded,False
40aa8845fc346b8c4f88,validation,retrospective,gap_guarded,False
c087f61be351b24fe5c0,validation,retrospective,gap_guarded,False
f27411a15810d6a4859d,validation,retrospective,gap_guarded,False
ebdfb5da540a6984b84c,validation,retrospective,gap_guarded,False
36840234905ac67d771a,validation,retrospective,gap_guarded,False
e36d14fb696c4b9ac172,validation,retrospective,gap_guarded,False
e637eaf17409a0d1ef6e,validation,retrospective,gap_guarded,False
4609f133f899a617eaac,validation,retrospective,gap_guarded,False
d53747deaeef9bde3b82,validation,retrospective,gap_guarded,False
a3a2335b3f3283b1f7ae,validation,retrospective,gap_guarded,False
8e7365ee0e106dbd7b6b,validation,retrospective,gap_guarded,False
5a8a4450970feb9c5591,validation,retrospective,gap_guarded,False
7021513245762ad198b4,validation,retrospective,gap_guarded,False
71c0c9da6f2f990a5dc5,validation,retrospective,gap_guarded,False
47bcc6fad12f551e8abf,validation,retrospective,gap_guarded,False
f7d0fe5dba7e99b7aafc,validation,retrospective,gap_guarded,False
f26c7d05d5c0b5ef5aeb,validation,retrospective,gap_guarded,False
88b034f69a1b4a932925,validation,retrospective,gap_guarded,False
908c1a267a3bc772e104,validation,retrospective,gap_guarded,False
7883f8972fba7640b3ef,validation,retrospective,gap_guarded,False
a4bc10e51e7c44f987e7,validation,retrospective,gap_guarded,False
5d0927247417f99064ab,validation,retrospective,gap_guarded,False
0ce99f0000803b424d60,validation,retrospective,gap_guarded,False
8691d279983e54828d28,validation,retrospective,gap_guarded,False
4cc699f0154ebe4381ab,validation,retrospective,gap_guarded,False
ca561759f01fb42e84f2,validation,retrospective,gap_guarded,False
da13c4f656f407e4aa76,validation,retrospective,gap_guarded,False
f8d8d270d0ed42af6f78,validation,retrospective,gap_guarded,False
bf1890b77ee978a0533b,validation,retrospective,gap_guarded,False
eaee0a582f61d8b157d8,validation,retrospective,gap_guarded,False
714530dc9c832560e443,validation,retrospective,gap_guarded,False
dedb4777198ae9b97014,validation,retrospective,gap_guarded,False
8004b45c1bd1363d5a62,validation,retrospective,gap_guarded,False
7c1742de3cf425b6c6b2,validation,retrospective,gap_guarded,False
b0d3ef9c9e344bcc85fa,validation,retrospective,gap_guarded,True
ec24c7a0711ecff8dba3,validation,retrospective,gap_guarded,False
2a9c1682cb0f5ce88863,validation,retrospective,gap_guarded,False
2774c14ea7d9ef6357fa,validation,retrospective,gap_guarded,False
53cccd11723b0296c4e7,validation,retrospective,gap_guarded,False
55f120ba0155b01b455f,validation,retrospective,gap_guarded,True
ecb8e723ecd4a113aae1,validation,retrospective,gap_guarded,False
bcd47d467c37b577584e,validation,retrospective,gap_guarded,False
75b9ca012c20e4ddf572,validation,retrospective,gap_guarded,False
8c0e0b615a9384d71578,validation,retrospective,gap_guarded,False
c60c5b2e0541c5af6410,validation,retrospective,gap_guarded,False
61469f9e5983ebedec87,validation,retrospective,gap_guarded,False
6632587eeaa5e41bd375,validation,retrospective,gap_guarded,False
2f1a76f31e7d0d2f849b,validation,retrospective,gap_guarded,False
8b90ca0547f8adc5ee82,validation,retrospective,gap_guarded,False
8001d7857afc0dfd936d,validation,retrospective,gap_guarded,False
80c000eef032fbdce5cc,validation,retrospective,gap_guarded,False
eba8e1a1fcd6068199f2,validation,retrospective,gap_guarded,True
7cb07b052c74c1021e85,validation,retrospective,gap_guarded,False
0a35d36b70d005dfa1b7,validation,retrospective,gap_guarded,False
266ee4b383cf6af7443e,validation,retrospective,gap_guarded,False
25f51871a80aada3a297,validation,retrospective,gap_guarded,False
1c15914464b85b065a6c,validation,retrospective,gap_guarded,True
157d35130df80b1e21e1,validation,retrospective,gap_guarded,False
5895ad7f0377289350c8,validation,retrospective,gap_guarded,False
7e6df8b8d9d288bd8f9a,validation,retrospective,gap_guarded,False
ced0780019678fd74960,validation,retrospective,gap_guarded,False
f89a8c4b9b804d001d96,validation,retrospective,gap_guarded,False
841db26f2f0d8f4e8ba0,validation,retrospective,gap_guarded,False
7f6eb6e343f95ccb5454,validation,retrospective,gap_guarded,False
6c7d463e171d944c3227,validation,retrospective,gap_guarded,False
78c17506be7d8866fc6c,validation,retrospective,gap_guarded,False
410fc273062c9f00d769,validation,retrospective,gap_guarded,False
d7afa0e96332624f599b,validation,retrospective,gap_guarded,False
e2dd5c71b321592f8483,validation,retrospective,gap_guarded,False
8f4c35e333ab8fd14f57,validation,retrospective,gap_guarded,False
428b7bcf1b131357888c,validation,retrospective,gap_guarded,False
4c65a7000abbb4b892bc,validation,retrospective,gap_guarded,False
934997f00ccf47f5021b,validation,retrospective,gap_guarded,False
9d1a75c7f26925bb424b,validation,retrospective,gap_guarded,False
a59c268c4629b8813a10,validation,retrospective,gap_guarded,False
76ed0002cfd72ba3c54c,validation,retrospective,gap_guarded,False
7825792d6c2528de0cc3,validation,retrospective,gap_guarded,False
a6aee8777d1c409767c9,validation,retrospective,gap_guarded,False
9d188a1ef3c30df74559,validation,retrospective,gap_guarded,False
12e2c305863d1d5336fe,validation,retrospective,gap_guarded,False
096a35eef06bf383d4ed,validation,retrospective,gap_guarded,False
552722de245bd5ef7f11,validation,retrospective,gap_guarded,False
421a1014c185529c23d8,validation,retrospective,gap_guarded,False
0143a59f6bdef521d30c,validation,retrospective,gap_guarded,False
938a51a6e19bd8517c3e,validation,retrospective,gap_guarded,False
7d2356c2e4eb227d2dd2,validation,retrospective,gap_guarded,False
8f4e09fa8afeef1c699b,validation,retrospective,gap_guarded,False
ab7fdb3487efe1742f28,validation,retrospective,gap_guarded,False
4137d1cd0a597693179e,validation,retrospective,gap_guarded,False
77fa0001c60e2f817dbc,validation,retrospective,gap_guarded,False
74c6c4867375a7d7d95d,validation,retrospective,gap_guarded,False
f84cc78bad40dbc29a2d,validation,retrospective,gap_guarded,False
60f37ebcf1c132248055,validation,retrospective,gap_guarded,False
9aa3363ff8730934478d,validation,retrospective,gap_guarded,False
5805adc9b48cb8b4f9d2,validation,retrospective,gap_guarded,True
3c96d5dd0acebc7b4e32,validation,retrospective,gap_guarded,False
f4350c0188da76f0ecb0,validation,retrospective,gap_guarded,True
2965f4b2d9dda1e0bb4c,validation,retrospective,gap_guarded,False
3f86a487f1fd234635f6,validation,retrospective,gap_guarded,False
013232deae171214ceb3,validation,retrospective,gap_guarded,False
9e66429099fc2f2d7817,validation,retrospective,gap_guarded,False
85c68db0ef141625790f,validation,retrospective,gap_guarded,False
6f0932cc6675f3ee2542,validation,retrospective,gap_guarded,False
b3b39d6ab2f8abea410e,validation,retrospective,gap_guarded,False
9a2445259d7561db1c6b,validation,retrospective,gap_guarded,False
b11cdf408556b6dc8e16,validation,retrospective,gap_guarded,False
691357333f4b04269b52,validation,retrospective,gap_guarded,False
ead35c59de19870f2126,validation,retrospective,gap_guarded,False
2f6a7a181de5cfaa8cde,validation,retrospective,gap_guarded,False
d9e38067125060fb5fbb,validation,retrospective,gap_guarded,False
102b404843f3ca85d755,validation,retrospective,gap_guarded,False
4bf13660bcc264021545,validation,retrospective,gap_guarded,False
371865969277bcb488f9,validation,retrospective,gap_guarded,False
c01c074868e062be80cf,validation,retrospective,gap_guarded,False
71da84cd5e28dcf927b7,validation,retrospective,gap_guarded,True
99ac0ef170cab61c4235,validation,retrospective,gap_guarded,False
662cd213b2cc0a6b8a23,validation,retrospective,gap_guarded,False
88fbb6fe7f7156acd3d1,validation,retrospective,gap_guarded,False
897bee1bf99f151a6176,validation,retrospective,gap_guarded,False
db65febf89adc26f3276,validation,retrospective,gap_guarded,False
46dce212d8c575b7596f,validation,retrospective,gap_guarded,False
488916a7c7d3b9ea7c0d,validation,retrospective,gap_guarded,False
7005c86d0920a13f4cd0,validation,retrospective,gap_guarded,False
203bb84e13443f7254b6,validation,retrospective,gap_guarded,False
02e436eb18826107a8a1,validation,retrospective,phase_guarded,False
828c5c6d5d8c61cb58e1,validation,retrospective,phase_guarded,False
d7ab3019b08390a6cfca,validation,retrospective,phase_guarded,False
e43846f3cc235cde6504,validation,retrospective,phase_guarded,False
d11f8b621634b39d02a1,validation,retrospective,phase_guarded,False
6e95618ca6713de474ae,validation,retrospective,phase_guarded,True
ba895590c5a78614f6a7,validation,retrospective,phase_guarded,False
53eaf315e45adf6673c7,validation,retrospective,phase_guarded,False
a746eb4532a8496fa3fc,validation,retrospective,phase_guarded,False
4dabe82281322dd9ae8d,validation,retrospective,phase_guarded,True
92bdd2e8a69face6d0b7,validation,retrospective,phase_guarded,True
e2982b1b4c3f002e6329,validation,retrospective,phase_guarded,False
7f6a8a463044f8bedd3d,validation,retrospective,phase_guarded,False
43e629248987f68e519e,validation,retrospective,phase_guarded,False
a83de54d465f5cb81ccb,validation,retrospective,phase_guarded,True
bbab8b2708d9ab5a6aee,validation,retrospective,phase_guarded,False
2b4a29e6a9f1acebd6f1,validation,retrospective,phase_guarded,False
c188a41b25b300b96a7a,validation,retrospective,phase_guarded,False
0c2a9a5204a36526421a,validation,retrospective,phase_guarded,False
aad8247e4605a919c1f5,validation,retrospective,phase_guarded,False
9420a085cea3ab285dc0,validation,retrospective,phase_guarded,False
a5473f8af252e2caeb21,validation,retrospective,phase_guarded,False
8855d674c5b6858c6318,validation,retrospective,phase_guarded,False
6638a17cc405df12960e,validation,retrospective,phase_guarded,True
a4f3938550d07e6b6bd4,validation,retrospective,phase_guarded,False
6fea2ad58175b6cfd403,validation,retrospective,phase_guarded,False
5e2cd51318771fb8e12a,validation,retrospective,phase_guarded,False
8249ff20fcd08f77241f,validation,retrospective,phase_guarded,False
fbe197aea1f068b2a304,validation,retrospective,phase_guarded,False
6dc3424dfb73edbc468b,validation,retrospective,phase_guarded,False
06c305d1b62943d60095,validation,retrospective,phase_guarded,False
19ee154edb10a2b6819a,validation,retrospective,phase_guarded,False
ae428e5c9107ba6ff91d,validation,retrospective,phase_guarded,False
fb04bee46065ca73e235,validation,retrospective,phase_guarded,False
2916179f75a3796da4ba,validation,retrospective,phase_guarded,False
eb26ebcfb5fae6e59c49,validation,retrospective,phase_guarded,False
b004fe14fdaeae2c83b0,validation,retrospective,phase_guarded,False
4507b20bb310dae1f23d,validation,retrospective,phase_guarded,False
369cae0991b42cd5e6a3,validation,retrospective,phase_guarded,False
ecff7508e343e495914e,validation,retrospective,phase_guarded,False
cbfa9e1817c7bcd758eb,validation,retrospective,phase_guarded,False
1e3fd5ac2f2b0dbcdebe,validation,retrospective,phase_guarded,False
37bd4ace14c08990a90b,validation,retrospective,phase_guarded,False
42e6ea0210140bc76b72,validation,retrospective,phase_guarded,True
a8d22d4f76707691ab89,validation,retrospective,phase_guarded,False
78077204d4daf49c8b91,validation,retrospective,phase_guarded,False
5ecc3ce82801dcac57b8,validation,retrospective,phase_guarded,False
446bbd30f2fe62b994bb,validation,retrospective,phase_guarded,False
6499c18f61a0d2643d1c,validation,retrospective,phase_guarded,True
156af913d16fab3692d6,validation,retrospective,phase_guarded,False
fe7b9a4c29924993cbd4,validation,retrospective,phase_guarded,False
a654b953ed1796c42099,validation,retrospective,phase_guarded,False
d5b120fefe220d7d0e79,validation,retrospective,phase_guarded,False
4a91e288bfc11ebeeb16,validation,retrospective,phase_guarded,False
1055c747aa857138a7f8,validation,retrospective,phase_guarded,False
427b39fb5855c16f4469,validation,retrospective,phase_guarded,False
011a7963fe00fadf077f,validation,retrospective,phase_guarded,False
5cc569aa9cba72bc67ce,validation,retrospective,phase_guarded,True
56bce4d83bd926343204,validation,retrospective,phase_guarded,False
c1ffcf512c2721588049,validation,retrospective,phase_guarded,False
f6a26c571ae7839a02c6,validation,retrospective,phase_guarded,False
40aa8845fc346b8c4f88,validation,retrospective,phase_guarded,False
c087f61be351b24fe5c0,validation,retrospective,phase_guarded,False
f27411a15810d6a4859d,validation,retrospective,phase_guarded,False
ebdfb5da540a6984b84c,validation,retrospective,phase_guarded,False
36840234905ac67d771a,validation,retrospective,phase_guarded,False
e36d14fb696c4b9ac172,validation,retrospective,phase_guarded,False
e637eaf17409a0d1ef6e,validation,retrospective,phase_guarded,False
4609f133f899a617eaac,validation,retrospective,phase_guarded,False
d53747deaeef9bde3b82,validation,retrospective,phase_guarded,False
a3a2335b3f3283b1f7ae,validation,retrospective,phase_guarded,False
8e7365ee0e106dbd7b6b,validation,retrospective,phase_guarded,False
5a8a4450970feb9c5591,validation,retrospective,phase_guarded,False
7021513245762ad198b4,validation,retrospective,phase_guarded,False
71c0c9da6f2f990a5dc5,validation,retrospective,phase_guarded,False
47bcc6fad12f551e8abf,validation,retrospective,phase_guarded,False
f7d0fe5dba7e99b7aafc,validation,retrospective,phase_guarded,False
f26c7d05d5c0b5ef5aeb,validation,retrospective,phase_guarded,False
88b034f69a1b4a932925,validation,retrospective,phase_guarded,False
908c1a267a3bc772e104,validation,retrospective,phase_guarded,False
7883f8972fba7640b3ef,validation,retrospective,phase_guarded,False
a4bc10e51e7c44f987e7,validation,retrospective,phase_guarded,False
5d0927247417f99064ab,validation,retrospective,phase_guarded,False
0ce99f0000803b424d60,validation,retrospective,phase_guarded,False
8691d279983e54828d28,validation,retrospective,phase_guarded,False
4cc699f0154ebe4381ab,validation,retrospective,phase_guarded,False
ca561759f01fb42e84f2,validation,retrospective,phase_guarded,False
da13c4f656f407e4aa76,validation,retrospective,phase_guarded,False
f8d8d270d0ed42af6f78,validation,retrospective,phase_guarded,False
bf1890b77ee978a0533b,validation,retrospective,phase_guarded,False
eaee0a582f61d8b157d8,validation,retrospective,phase_guarded,False
714530dc9c832560e443,validation,retrospective,phase_guarded,False
dedb4777198ae9b97014,validation,retrospective,phase_guarded,False
8004b45c1bd1363d5a62,validation,retrospective,phase_guarded,False
7c1742de3cf425b6c6b2,validation,retrospective,phase_guarded,False
b0d3ef9c9e344bcc85fa,validation,retrospective,phase_guarded,True
ec24c7a0711ecff8dba3,validation,retrospective,phase_guarded,False
2a9c1682cb0f5ce88863,validation,retrospective,phase_guarded,False
2774c14ea7d9ef6357fa,validation,retrospective,phase_guarded,False
53cccd11723b0296c4e7,validation,retrospective,phase_guarded,False
55f120ba0155b01b455f,validation,retrospective,phase_guarded,True
ecb8e723ecd4a113aae1,validation,retrospective,phase_guarded,False
bcd47d467c37b577584e,validation,retrospective,phase_guarded,False
75b9ca012c20e4ddf572,validation,retrospective,phase_guarded,False
8c0e0b615a9384d71578,validation,retrospective,phase_guarded,False
c60c5b2e0541c5af6410,validation,retrospective,phase_guarded,False
61469f9e5983ebedec87,validation,retrospective,phase_guarded,False
6632587eeaa5e41bd375,validation,retrospective,phase_guarded,False
2f1a76f31e7d0d2f849b,validation,retrospective,phase_guarded,False
8b90ca0547f8adc5ee82,validation,retrospective,phase_guarded,False
8001d7857afc0dfd936d,validation,retrospective,phase_guarded,False
80c000eef032fbdce5cc,validation,retrospective,phase_guarded,False
eba8e1a1fcd6068199f2,validation,retrospective,phase_guarded,True
7cb07b052c74c1021e85,validation,retrospective,phase_guarded,False
0a35d36b70d005dfa1b7,validation,retrospective,phase_guarded,False
266ee4b383cf6af7443e,validation,retrospective,phase_guarded,False
25f51871a80aada3a297,validation,retrospective,phase_guarded,False
1c15914464b85b065a6c,validation,retrospective,phase_guarded,True
157d35130df80b1e21e1,validation,retrospective,phase_guarded,False
5895ad7f0377289350c8,validation,retrospective,phase_guarded,False
7e6df8b8d9d288bd8f9a,validation,retrospective,phase_guarded,False
ced0780019678fd74960,validation,retrospective,phase_guarded,False
f89a8c4b9b804d001d96,validation,retrospective,phase_guarded,False
841db26f2f0d8f4e8ba0,validation,retrospective,phase_guarded,False
7f6eb6e343f95ccb5454,validation,retrospective,phase_guarded,False
6c7d463e171d944c3227,validation,retrospective,phase_guarded,False
78c17506be7d8866fc6c,validation,retrospective,phase_guarded,False
410fc273062c9f00d769,validation,retrospective,phase_guarded,False
d7afa0e96332624f599b,validation,retrospective,phase_guarded,False
e2dd5c71b321592f8483,validation,retrospective,phase_guarded,False
8f4c35e333ab8fd14f57,validation,retrospective,phase_guarded,False
428b7bcf1b131357888c,validation,retrospective,phase_guarded,False
4c65a7000abbb4b892bc,validation,retrospective,phase_guarded,False
934997f00ccf47f5021b,validation,retrospective,phase_guarded,False
9d1a75c7f26925bb424b,validation,retrospective,phase_guarded,False
a59c268c4629b8813a10,validation,retrospective,phase_guarded,False
76ed0002cfd72ba3c54c,validation,retrospective,phase_guarded,False
7825792d6c2528de0cc3,validation,retrospective,phase_guarded,False
a6aee8777d1c409767c9,validation,retrospective,phase_guarded,False
9d188a1ef3c30df74559,validation,retrospective,phase_guarded,False
12e2c305863d1d5336fe,validation,retrospective,phase_guarded,False
096a35eef06bf383d4ed,validation,retrospective,phase_guarded,False
552722de245bd5ef7f11,validation,retrospective,phase_guarded,False
421a1014c185529c23d8,validation,retrospective,phase_guarded,False
0143a59f6bdef521d30c,validation,retrospective,phase_guarded,False
938a51a6e19bd8517c3e,validation,retrospective,phase_guarded,False
7d2356c2e4eb227d2dd2,validation,retrospective,phase_guarded,False
8f4e09fa8afeef1c699b,validation,retrospective,phase_guarded,False
ab7fdb3487efe1742f28,validation,retrospective,phase_guarded,False
4137d1cd0a597693179e,validation,retrospective,phase_guarded,False
77fa0001c60e2f817dbc,validation,retrospective,phase_guarded,False
74c6c4867375a7d7d95d,validation,retrospective,phase_guarded,False
f84cc78bad40dbc29a2d,validation,retrospective,phase_guarded,False
60f37ebcf1c132248055,validation,retrospective,phase_guarded,False
9aa3363ff8730934478d,validation,retrospective,phase_guarded,False
5805adc9b48cb8b4f9d2,validation,retrospective,phase_guarded,True
3c96d5dd0acebc7b4e32,validation,retrospective,phase_guarded,False
f4350c0188da76f0ecb0,validation,retrospective,phase_guarded,True
2965f4b2d9dda1e0bb4c,validation,retrospective,phase_guarded,False
3f86a487f1fd234635f6,validation,retrospective,phase_guarded,False
013232deae171214ceb3,validation,retrospective,phase_guarded,False
9e66429099fc2f2d7817,validation,retrospective,phase_guarded,False
85c68db0ef141625790f,validation,retrospective,phase_guarded,False
6f0932cc6675f3ee2542,validation,retrospective,phase_guarded,False
b3b39d6ab2f8abea410e,validation,retrospective,phase_guarded,False
9a2445259d7561db1c6b,validation,retrospective,phase_guarded,False
b11cdf408556b6dc8e16,validation,retrospective,phase_guarded,False
691357333f4b04269b52,validation,retrospective,phase_guarded,False
ead35c59de19870f2126,validation,retrospective,phase_guarded,False
2f6a7a181de5cfaa8cde,validation,retrospective,phase_guarded,False
d9e38067125060fb5fbb,validation,retrospective,phase_guarded,False
102b404843f3ca85d755,validation,retrospective,phase_guarded,False
4bf13660bcc264021545,validation,retrospective,phase_guarded,False
371865969277bcb488f9,validation,retrospective,phase_guarded,False
c01c074868e062be80cf,validation,retrospective,phase_guarded,False
71da84cd5e28dcf927b7,validation,retrospective,phase_guarded,True
99ac0ef170cab61c4235,validation,retrospective,phase_guarded,False
662cd213b2cc0a6b8a23,validation,retrospective,phase_guarded,False
88fbb6fe7f7156acd3d1,validation,retrospective,phase_guarded,False
897bee1bf99f151a6176,validation,retrospective,phase_guarded,False
db65febf89adc26f3276,validation,retrospective,phase_guarded,False
46dce212d8c575b7596f,validation,retrospective,phase_guarded,False
488916a7c7d3b9ea7c0d,validation,retrospective,phase_guarded,False
7005c86d0920a13f4cd0,validation,retrospective,phase_guarded,False
203bb84e13443f7254b6,validation,retrospective,phase_guarded,False
02e436eb18826107a8a1,validation,retrospective,selected,False
828c5c6d5d8c61cb58e1,validation,retrospective,selected,False
d7ab3019b08390a6cfca,validation,retrospective,selected,False
e43846f3cc235cde6504,validation,retrospective,selected,False
d11f8b621634b39d02a1,validation,retrospective,selected,False
6e95618ca6713de474ae,validation,retrospective,selected,True
ba895590c5a78614f6a7,validation,retrospective,selected,False
53eaf315e45adf6673c7,validation,retrospective,selected,False
a746eb4532a8496fa3fc,validation,retrospective,selected,False
4dabe82281322dd9ae8d,validation,retrospective,selected,True
92bdd2e8a69face6d0b7,validation,retrospective,selected,True
e2982b1b4c3f002e6329,validation,retrospective,selected,False
7f6a8a463044f8bedd3d,validation,retrospective,selected,False
43e629248987f68e519e,validation,retrospective,selected,False
a83de54d465f5cb81ccb,validation,retrospective,selected,True
bbab8b2708d9ab5a6aee,validation,retrospective,selected,False
2b4a29e6a9f1acebd6f1,validation,retrospective,selected,False
c188a41b25b300b96a7a,validation,retrospective,selected,False
0c2a9a5204a36526421a,validation,retrospective,selected,False
aad8247e4605a919c1f5,validation,retrospective,selected,False
9420a085cea3ab285dc0,validation,retrospective,selected,False
a5473f8af252e2caeb21,validation,retrospective,selected,False
8855d674c5b6858c6318,validation,retrospective,selected,False
6638a17cc405df12960e,validation,retrospective,selected,True
a4f3938550d07e6b6bd4,validation,retrospective,selected,False
6fea2ad58175b6cfd403,validation,retrospective,selected,False
5e2cd51318771fb8e12a,validation,retrospective,selected,False
8249ff20fcd08f77241f,validation,retrospective,selected,False
fbe197aea1f068b2a304,validation,retrospective,selected,False
6dc3424dfb73edbc468b,validation,retrospective,selected,False
06c305d1b62943d60095,validation,retrospective,selected,False
19ee154edb10a2b6819a,validation,retrospective,selected,False
ae428e5c9107ba6ff91d,validation,retrospective,selected,False
fb04bee46065ca73e235,validation,retrospective,selected,False
2916179f75a3796da4ba,validation,retrospective,selected,False
eb26ebcfb5fae6e59c49,validation,retrospective,selected,False
b004fe14fdaeae2c83b0,validation,retrospective,selected,False
4507b20bb310dae1f23d,validation,retrospective,selected,False
369cae0991b42cd5e6a3,validation,retrospective,selected,False
ecff7508e343e495914e,validation,retrospective,selected,False
cbfa9e1817c7bcd758eb,validation,retrospective,selected,False
1e3fd5ac2f2b0dbcdebe,validation,retrospective,selected,False
37bd4ace14c08990a90b,validation,retrospective,selected,False
42e6ea0210140bc76b72,validation,retrospective,selected,True
a8d22d4f76707691ab89,validation,retrospective,selected,False
78077204d4daf49c8b91,validation,retrospective,selected,False
5ecc3ce82801dcac57b8,validation,retrospective,selected,False
446bbd30f2fe62b994bb,validation,retrospective,selected,False
6499c18f61a0d2643d1c,validation,retrospective,selected,True
156af913d16fab3692d6,validation,retrospective,selected,False
fe7b9a4c29924993cbd4,validation,retrospective,selected,False
a654b953ed1796c42099,validation,retrospective,selected,False
d5b120fefe220d7d0e79,validation,retrospective,selected,False
4a91e288bfc11ebeeb16,validation,retrospective,selected,False
1055c747aa857138a7f8,validation,retrospective,selected,False
427b39fb5855c16f4469,validation,retrospective,selected,False
011a7963fe00fadf077f,validation,retrospective,selected,False
5cc569aa9cba72bc67ce,validation,retrospective,selected,True
56bce4d83bd926343204,validation,retrospective,selected,False
c1ffcf512c2721588049,validation,retrospective,selected,False
f6a26c571ae7839a02c6,validation,retrospective,selected,False
40aa8845fc346b8c4f88,validation,retrospective,selected,False
c087f61be351b24fe5c0,validation,retrospective,selected,False
f27411a15810d6a4859d,validation,retrospective,selected,False
ebdfb5da540a6984b84c,validation,retrospective,selected,False
36840234905ac67d771a,validation,retrospective,selected,False
e36d14fb696c4b9ac172,validation,retrospective,selected,False
e637eaf17409a0d1ef6e,validation,retrospective,selected,False
4609f133f899a617eaac,validation,retrospective,selected,False
d53747deaeef9bde3b82,validation,retrospective,selected,False
a3a2335b3f3283b1f7ae,validation,retrospective,selected,False
8e7365ee0e106dbd7b6b,validation,retrospective,selected,False
5a8a4450970feb9c5591,validation,retrospective,selected,False
7021513245762ad198b4,validation,retrospective,selected,False
71c0c9da6f2f990a5dc5,validation,retrospective,selected,False
47bcc6fad12f551e8abf,validation,retrospective,selected,False
f7d0fe5dba7e99b7aafc,validation,retrospective,selected,False
f26c7d05d5c0b5ef5aeb,validation,retrospective,selected,False
88b034f69a1b4a932925,validation,retrospective,selected,False
908c1a267a3bc772e104,validation,retrospective,selected,False
7883f8972fba7640b3ef,validation,retrospective,selected,False
a4bc10e51e7c44f987e7,validation,retrospective,selected,False
5d0927247417f99064ab,validation,retrospective,selected,False
0ce99f0000803b424d60,validation,retrospective,selected,False
8691d279983e54828d28,validation,retrospective,selected,False
4cc699f0154ebe4381ab,validation,retrospective,selected,False
ca561759f01fb42e84f2,validation,retrospective,selected,False
da13c4f656f407e4aa76,validation,retrospective,selected,False
f8d8d270d0ed42af6f78,validation,retrospective,selected,False
bf1890b77ee978a0533b,validation,retrospective,selected,False
eaee0a582f61d8b157d8,validation,retrospective,selected,False
714530dc9c832560e443,validation,retrospective,selected,False
dedb4777198ae9b97014,validation,retrospective,selected,False
8004b45c1bd1363d5a62,validation,retrospective,selected,False
7c1742de3cf425b6c6b2,validation,retrospective,selected,False
b0d3ef9c9e344bcc85fa,validation,retrospective,selected,True
ec24c7a0711ecff8dba3,validation,retrospective,selected,False
2a9c1682cb0f5ce88863,validation,retrospective,selected,False
2774c14ea7d9ef6357fa,validation,retrospective,selected,False
53cccd11723b0296c4e7,validation,retrospective,selected,False
55f120ba0155b01b455f,validation,retrospective,selected,True
ecb8e723ecd4a113aae1,validation,retrospective,selected,False
bcd47d467c37b577584e,validation,retrospective,selected,False
75b9ca012c20e4ddf572,validation,retrospective,selected,False
8c0e0b615a9384d71578,validation,retrospective,selected,False
c60c5b2e0541c5af6410,validation,retrospective,selected,False
61469f9e5983ebedec87,validation,retrospective,selected,False
6632587eeaa5e41bd375,validation,retrospective,selected,False
2f1a76f31e7d0d2f849b,validation,retrospective,selected,False
8b90ca0547f8adc5ee82,validation,retrospective,selected,False
8001d7857afc0dfd936d,validation,retrospective,selected,False
80c000eef032fbdce5cc,validation,retrospective,selected,False
eba8e1a1fcd6068199f2,validation,retrospective,selected,True
7cb07b052c74c1021e85,validation,retrospective,selected,False
0a35d36b70d005dfa1b7,validation,retrospective,selected,False
266ee4b383cf6af7443e,validation,retrospective,selected,False
25f51871a80aada3a297,validation,retrospective,selected,False
1c15914464b85b065a6c,validation,retrospective,selected,True
157d35130df80b1e21e1,validation,retrospective,selected,False
5895ad7f0377289350c8,validation,retrospective,selected,False
7e6df8b8d9d288bd8f9a,validation,retrospective,selected,False
ced0780019678fd74960,validation,retrospective,selected,False
f89a8c4b9b804d001d96,validation,retrospective,selected,False
841db26f2f0d8f4e8ba0,validation,retrospective,selected,False
7f6eb6e343f95ccb5454,validation,retrospective,selected,False
6c7d463e171d944c3227,validation,retrospective,selected,False
78c17506be7d8866fc6c,validation,retrospective,selected,False
410fc273062c9f00d769,validation,retrospective,selected,False
d7afa0e96332624f599b,validation,retrospective,selected,False
e2dd5c71b321592f8483,validation,retrospective,selected,False
8f4c35e333ab8fd14f57,validation,retrospective,selected,False
428b7bcf1b131357888c,validation,retrospective,selected,False
4c65a7000abbb4b892bc,validation,retrospective,selected,False
934997f00ccf47f5021b,validation,retrospective,selected,False
9d1a75c7f26925bb424b,validation,retrospective,selected,False
a59c268c4629b8813a10,validation,retrospective,selected,False
76ed0002cfd72ba3c54c,validation,retrospective,selected,False
7825792d6c2528de0cc3,validation,retrospective,selected,False
a6aee8777d1c409767c9,validation,retrospective,selected,False
9d188a1ef3c30df74559,validation,retrospective,selected,False
12e2c305863d1d5336fe,validation,retrospective,selected,False
096a35eef06bf383d4ed,validation,retrospective,selected,False
552722de245bd5ef7f11,validation,retrospective,selected,False
421a1014c185529c23d8,validation,retrospective,selected,False
0143a59f6bdef521d30c,validation,retrospective,selected,False
938a51a6e19bd8517c3e,validation,retrospective,selected,False
7d2356c2e4eb227d2dd2,validation,retrospective,selected,False
8f4e09fa8afeef1c699b,validation,retrospective,selected,False
ab7fdb3487efe1742f28,validation,retrospective,selected,False
4137d1cd0a597693179e,validation,retrospective,selected,False
77fa0001c60e2f817dbc,validation,retrospective,selected,False
74c6c4867375a7d7d95d,validation,retrospective,selected,False
f84cc78bad40dbc29a2d,validation,retrospective,selected,False
60f37ebcf1c132248055,validation,retrospective,selected,False
9aa3363ff8730934478d,validation,retrospective,selected,False
5805adc9b48cb8b4f9d2,validation,retrospective,selected,True
3c96d5dd0acebc7b4e32,validation,retrospective,selected,False
f4350c0188da76f0ecb0,validation,retrospective,selected,True
2965f4b2d9dda1e0bb4c,validation,retrospective,selected,False
3f86a487f1fd234635f6,validation,retrospective,selected,False
013232deae171214ceb3,validation,retrospective,selected,False
9e66429099fc2f2d7817,validation,retrospective,selected,False
85c68db0ef141625790f,validation,retrospective,selected,False
6f0932cc6675f3ee2542,validation,retrospective,selected,False
b3b39d6ab2f8abea410e,validation,retrospective,selected,False
9a2445259d7561db1c6b,validation,retrospective,selected,False
b11cdf408556b6dc8e16,validation,retrospective,selected,False
691357333f4b04269b52,validation,retrospective,selected,False
ead35c59de19870f2126,validation,retrospective,selected,False
2f6a7a181de5cfaa8cde,validation,retrospective,selected,False
d9e38067125060fb5fbb,validation,retrospective,selected,False
102b404843f3ca85d755,validation,retrospective,selected,False
4bf13660bcc264021545,validation,retrospective,selected,False
371865969277bcb488f9,validation,retrospective,selected,False
c01c074868e062be80cf,validation,retrospective,selected,False
71da84cd5e28dcf927b7,validation,retrospective,selected,True
99ac0ef170cab61c4235,validation,retrospective,selected,False
662cd213b2cc0a6b8a23,validation,retrospective,selected,False
88fbb6fe7f7156acd3d1,validation,retrospective,selected,False
897bee1bf99f151a6176,validation,retrospective,selected,False
db65febf89adc26f3276,validation,retrospective,selected,False
46dce212d8c575b7596f,validation,retrospective,selected,False
488916a7c7d3b9ea7c0d,validation,retrospective,selected,False
7005c86d0920a13f4cd0,validation,retrospective,selected,False
203bb84e13443f7254b6,validation,retrospective,selected,False
802b230d0aa13ef09b01,test,retrospective,raw_unprotected,False
78293129114a408f1e80,test,retrospective,raw_unprotected,False
8cbfa251ad6482b9468a,test,retrospective,raw_unprotected,False
764753670487fc80d24c,test,retrospective,raw_unprotected,False
fb0eae697a9519d0905e,test,retrospective,raw_unprotected,False
578662795c0c299ba758,test,retrospective,raw_unprotected,False
f60abb8f931c66b5bf55,test,retrospective,raw_unprotected,False
240582ac933b31585eaa,test,retrospective,raw_unprotected,False
bbb5ef61589c83445e6d,test,retrospective,raw_unprotected,False
98cba2b96f73f2b35fd6,test,retrospective,raw_unprotected,False
fcd498cc64e4e283fd14,test,retrospective,raw_unprotected,False
43f41ee9574e59f97f85,test,retrospective,raw_unprotected,False
3412955d6c5ac4440b55,test,retrospective,raw_unprotected,False
43b8588baa3f12c6ca6b,test,retrospective,raw_unprotected,False
effbef4e397b3bf03d9b,test,retrospective,raw_unprotected,False
4a8255e9c03d9064da6e,test,retrospective,raw_unprotected,False
604297c540f93a7ea7a1,test,retrospective,raw_unprotected,False
4c93d5d8a6926d298bc4,test,retrospective,raw_unprotected,False
6e87305a98324b192f85,test,retrospective,raw_unprotected,False
1b71d0d68b678324b5ec,test,retrospective,raw_unprotected,False
72f27f0639e543a56a3e,test,retrospective,raw_unprotected,False
ca786fef1ace9de4a2dc,test,retrospective,raw_unprotected,False
070a26f87b8bb0196d5a,test,retrospective,raw_unprotected,False
926a1c06ffe4fe95a1d6,test,retrospective,raw_unprotected,False
4c4101c930efb6d446eb,test,retrospective,raw_unprotected,False
95a66aac498374b464f2,test,retrospective,raw_unprotected,False
76878d721fb53e76d9fc,test,retrospective,raw_unprotected,False
193ca7033f67b8f177e8,test,retrospective,raw_unprotected,False
f0fb91da579f6f1f49ec,test,retrospective,raw_unprotected,False
404093efb1e18525aae2,test,retrospective,raw_unprotected,False
767913bddf4c33a0a5f6,test,retrospective,raw_unprotected,False
1d46a590ac050bf38b25,test,retrospective,raw_unprotected,False
1b3066545c255d2e7616,test,retrospective,raw_unprotected,False
1cb5a5cbb8d20b9f85cd,test,retrospective,raw_unprotected,False
f6323ed237c5935fcaad,test,retrospective,raw_unprotected,False
ef41dca19f87cb9db634,test,retrospective,raw_unprotected,False
ea815ab5a7798dc8b3d0,test,retrospective,raw_unprotected,False
a7a50e39d82263ff1fda,test,retrospective,raw_unprotected,False
85d6e790a5c68d082c31,test,retrospective,raw_unprotected,False
d5781eb69b823c502bd1,test,retrospective,raw_unprotected,False
1c07593c740f2420a217,test,retrospective,raw_unprotected,False
c963be8f10cffffbc7e5,test,retrospective,raw_unprotected,False
278eef490e1b8b5a998e,test,retrospective,raw_unprotected,False
ac8990d5cceaedd7d901,test,retrospective,raw_unprotected,False
3ffaf599b5242d939e38,test,retrospective,raw_unprotected,False
1fa79b59f22cb39b8f6d,test,retrospective,raw_unprotected,False
b4d7bb3408e2d7f8842d,test,retrospective,raw_unprotected,False
131d05f9047d306b06a7,test,retrospective,raw_unprotected,False
9a4eb8d586f294700a91,test,retrospective,raw_unprotected,False
2922b1fbfa9542718f5f,test,retrospective,raw_unprotected,False
72bfbb8b9ab0048db081,test,retrospective,raw_unprotected,False
c2d51a431c1ca85e4120,test,retrospective,raw_unprotected,False
d8b3bf030cac52b6df0e,test,retrospective,raw_unprotected,False
9568569c28b202e4863d,test,retrospective,raw_unprotected,False
6085727d6ece27d56f3c,test,retrospective,raw_unprotected,False
2aab1e24996b676e4523,test,retrospective,raw_unprotected,False
0ba8d7ab2acbc60af0a2,test,retrospective,raw_unprotected,False
b253dcf3858f5936bc95,test,retrospective,raw_unprotected,False
602fe24f74039ecae663,test,retrospective,raw_unprotected,False
aeeb3f1c51988fdbb2ec,test,retrospective,raw_unprotected,False
ddde3d9cd9c153bd5bd1,test,retrospective,raw_unprotected,False
33f71953596408ca76b3,test,retrospective,raw_unprotected,False
41543b17d99489751f7a,test,retrospective,raw_unprotected,False
638bccbe4b722eb77d11,test,retrospective,raw_unprotected,False
8bc32a935d3dbc6a6377,test,retrospective,raw_unprotected,False
7359fe9944f2bb68e4ec,test,retrospective,raw_unprotected,False
bebfdab8413eaca10cec,test,retrospective,raw_unprotected,False
d9155dbc1410d9e916b4,test,retrospective,raw_unprotected,False
4a1f7fe13bf5c4089572,test,retrospective,raw_unprotected,False
faf1c95c3394f52f4626,test,retrospective,raw_unprotected,False
6d5333367928c4ad8e1c,test,retrospective,raw_unprotected,False
331d9793d708a7aa3637,test,retrospective,raw_unprotected,False
1b82765c0c2ed1d695a8,test,retrospective,raw_unprotected,False
e94b6136fa0a7879880f,test,retrospective,raw_unprotected,False
56fb7c2ebb23d1798c31,test,retrospective,raw_unprotected,False
ee3b64d5846649b4bab5,test,retrospective,raw_unprotected,False
a812097fd0b6f8d285dd,test,retrospective,raw_unprotected,False
5a758f5312120ce6feb9,test,retrospective,raw_unprotected,False
23c53ba93b2dcd87fb6c,test,retrospective,raw_unprotected,False
e551d8fe477b80d53719,test,retrospective,raw_unprotected,False
03e7f5b08e74bd956037,test,retrospective,raw_unprotected,False
0e0f50334904de2afe94,test,retrospective,raw_unprotected,False
202f0bfb0a59ec398820,test,retrospective,raw_unprotected,False
4ace9ed20a16bf707cc6,test,retrospective,raw_unprotected,False
f3deb55831105a6e4285,test,retrospective,raw_unprotected,False
4f35a32ecc87443a91a9,test,retrospective,raw_unprotected,False
5469b6eaedf49a9881c3,test,retrospective,raw_unprotected,False
a8bca106fc812f8a95bd,test,retrospective,raw_unprotected,False
21e0c5e038553c7ac0ec,test,retrospective,raw_unprotected,False
1d730bbf35d21619651d,test,retrospective,raw_unprotected,False
071b3b8cd6ab5748b4eb,test,retrospective,raw_unprotected,False
8ff2efab701216506995,test,retrospective,raw_unprotected,False
293e647e9db79c39ddfd,test,retrospective,raw_unprotected,False
6a187377a43f61eff20c,test,retrospective,raw_unprotected,False
03263d39b530bbeb06c0,test,retrospective,raw_unprotected,False
8685ea7325010b442187,test,retrospective,raw_unprotected,False
e6b5f5fec3bc532fbff4,test,retrospective,raw_unprotected,False
c07f11a672e3a61d7fed,test,retrospective,raw_unprotected,False
87b224a0bf40bdfc3143,test,retrospective,raw_unprotected,False
a1b9f05c3ed75594b6ed,test,retrospective,raw_unprotected,False
1231dfd2ab95c560959d,test,retrospective,raw_unprotected,False
1d12a3644ee42fa22bf5,test,retrospective,raw_unprotected,False
854c6656bdbe1ea5f307,test,retrospective,raw_unprotected,False
fc9e64a691df4ee30646,test,retrospective,raw_unprotected,False
0d2395e2fd89ad36cc56,test,retrospective,raw_unprotected,False
95bdfe79a0a74518e760,test,retrospective,raw_unprotected,False
f34c11dc4ac05d740639,test,retrospective,raw_unprotected,False
9b835bb633719d0ca1d2,test,retrospective,raw_unprotected,False
4b8e0e083de2f306c108,test,retrospective,raw_unprotected,False
9c8542ee17a36e4ca58c,test,retrospective,raw_unprotected,False
91003ef42cf4738a805e,test,retrospective,raw_unprotected,False
dbc47b7b914266a55982,test,retrospective,raw_unprotected,False
668cdc478652f2279828,test,retrospective,raw_unprotected,False
515dc65b92ddc1fcd0a3,test,retrospective,raw_unprotected,False
1becc7108ca0a195d64a,test,retrospective,raw_unprotected,False
4f91f011d6c4a66581bf,test,retrospective,raw_unprotected,False
eb04f2491a820b6eab04,test,retrospective,raw_unprotected,False
e867a38822028db043d7,test,retrospective,raw_unprotected,False
ff4cd957e7cfe9b95f0f,test,retrospective,raw_unprotected,False
59135297414a96cafb48,test,retrospective,raw_unprotected,False
3832178b31f1168ceece,test,retrospective,raw_unprotected,False
25f5d1c7a657e344ea5c,test,retrospective,raw_unprotected,False
ab462574efe9698ce296,test,retrospective,raw_unprotected,False
4fa524229fac21e09291,test,retrospective,raw_unprotected,False
e97e6d5130a8ce3c1639,test,retrospective,raw_unprotected,False
13c9f3d1cb604dd1c804,test,retrospective,raw_unprotected,False
4008051e5c0764f8b2d2,test,retrospective,raw_unprotected,False
d078c91b9bd85826bc47,test,retrospective,raw_unprotected,False
4fd3f97f9b8d33185700,test,retrospective,raw_unprotected,False
10af1fbcd3118cae9b70,test,retrospective,raw_unprotected,False
39d340ed617a4771255f,test,retrospective,raw_unprotected,False
b721ed3f409740b15845,test,retrospective,raw_unprotected,False
2d55d45f9a0383a8f06a,test,retrospective,raw_unprotected,False
3d73609d01eeeb300789,test,retrospective,raw_unprotected,False
1418b8e6a21e1498ee15,test,retrospective,raw_unprotected,False
18f2e9090491c66ffc3d,test,retrospective,raw_unprotected,False
b8a460a3ed3364ac5d36,test,retrospective,raw_unprotected,False
5e9ebb235101bb733c2c,test,retrospective,raw_unprotected,False
c20ad86a5f2d24f8791a,test,retrospective,raw_unprotected,False
92395baceacea8151558,test,retrospective,raw_unprotected,False
799ae9f853bad8571fa4,test,retrospective,raw_unprotected,False
d9e64853647ef6faa58a,test,retrospective,raw_unprotected,False
67ca09e28c7a05334d90,test,retrospective,raw_unprotected,False
4f1e61c084da79b28a0b,test,retrospective,raw_unprotected,False
c2f26a8e6540db9ed7fd,test,retrospective,raw_unprotected,False
ef0a3f797b223ac09cbf,test,retrospective,raw_unprotected,False
97eb897b6cd7fdeee456,test,retrospective,raw_unprotected,False
195c407213762ac26ccd,test,retrospective,raw_unprotected,False
7a90843126f11cae9f2b,test,retrospective,raw_unprotected,False
f6fd3671c36f66b51a43,test,retrospective,raw_unprotected,False
b6891c7c9f4109835040,test,retrospective,raw_unprotected,False
45b3d1cbdf6c36ae9568,test,retrospective,raw_unprotected,False
7886b957e4c074b8f983,test,retrospective,raw_unprotected,False
59c61c0f20772c2c27ac,test,retrospective,raw_unprotected,False
c3c783cf0326aa95c952,test,retrospective,raw_unprotected,False
2351884670ffe452a34c,test,retrospective,raw_unprotected,False
4f521b5a6a05437b2869,test,retrospective,raw_unprotected,False
4474b2f519f8133dc4f4,test,retrospective,raw_unprotected,False
49baf58c32e6bf77ffe7,test,retrospective,raw_unprotected,False
ce599ad43fb842cfdd60,test,retrospective,raw_unprotected,False
7d28fc108c3d1fcb0fdc,test,retrospective,raw_unprotected,False
81927a30bb0c1a6ee01a,test,retrospective,raw_unprotected,False
b702026c6754db968c8d,test,retrospective,raw_unprotected,False
64b87b6ec1703d21a020,test,retrospective,raw_unprotected,False
c7164626a9416c999b38,test,retrospective,raw_unprotected,False
802b230d0aa13ef09b01,test,retrospective,raw_guarded,False
78293129114a408f1e80,test,retrospective,raw_guarded,False
8cbfa251ad6482b9468a,test,retrospective,raw_guarded,False
764753670487fc80d24c,test,retrospective,raw_guarded,False
fb0eae697a9519d0905e,test,retrospective,raw_guarded,False
578662795c0c299ba758,test,retrospective,raw_guarded,False
f60abb8f931c66b5bf55,test,retrospective,raw_guarded,False
240582ac933b31585eaa,test,retrospective,raw_guarded,False
bbb5ef61589c83445e6d,test,retrospective,raw_guarded,False
98cba2b96f73f2b35fd6,test,retrospective,raw_guarded,False
fcd498cc64e4e283fd14,test,retrospective,raw_guarded,False
43f41ee9574e59f97f85,test,retrospective,raw_guarded,False
3412955d6c5ac4440b55,test,retrospective,raw_guarded,False
43b8588baa3f12c6ca6b,test,retrospective,raw_guarded,True
effbef4e397b3bf03d9b,test,retrospective,raw_guarded,False
4a8255e9c03d9064da6e,test,retrospective,raw_guarded,False
604297c540f93a7ea7a1,test,retrospective,raw_guarded,False
4c93d5d8a6926d298bc4,test,retrospective,raw_guarded,False
6e87305a98324b192f85,test,retrospective,raw_guarded,False
1b71d0d68b678324b5ec,test,retrospective,raw_guarded,False
72f27f0639e543a56a3e,test,retrospective,raw_guarded,False
ca786fef1ace9de4a2dc,test,retrospective,raw_guarded,False
070a26f87b8bb0196d5a,test,retrospective,raw_guarded,False
926a1c06ffe4fe95a1d6,test,retrospective,raw_guarded,False
4c4101c930efb6d446eb,test,retrospective,raw_guarded,False
95a66aac498374b464f2,test,retrospective,raw_guarded,False
76878d721fb53e76d9fc,test,retrospective,raw_guarded,False
193ca7033f67b8f177e8,test,retrospective,raw_guarded,False
f0fb91da579f6f1f49ec,test,retrospective,raw_guarded,False
404093efb1e18525aae2,test,retrospective,raw_guarded,False
767913bddf4c33a0a5f6,test,retrospective,raw_guarded,False
1d46a590ac050bf38b25,test,retrospective,raw_guarded,False
1b3066545c255d2e7616,test,retrospective,raw_guarded,False
1cb5a5cbb8d20b9f85cd,test,retrospective,raw_guarded,False
f6323ed237c5935fcaad,test,retrospective,raw_guarded,True
ef41dca19f87cb9db634,test,retrospective,raw_guarded,False
ea815ab5a7798dc8b3d0,test,retrospective,raw_guarded,False
a7a50e39d82263ff1fda,test,retrospective,raw_guarded,False
85d6e790a5c68d082c31,test,retrospective,raw_guarded,False
d5781eb69b823c502bd1,test,retrospective,raw_guarded,False
1c07593c740f2420a217,test,retrospective,raw_guarded,False
c963be8f10cffffbc7e5,test,retrospective,raw_guarded,False
278eef490e1b8b5a998e,test,retrospective,raw_guarded,True
ac8990d5cceaedd7d901,test,retrospective,raw_guarded,True
3ffaf599b5242d939e38,test,retrospective,raw_guarded,False
1fa79b59f22cb39b8f6d,test,retrospective,raw_guarded,True
b4d7bb3408e2d7f8842d,test,retrospective,raw_guarded,False
131d05f9047d306b06a7,test,retrospective,raw_guarded,False
9a4eb8d586f294700a91,test,retrospective,raw_guarded,False
2922b1fbfa9542718f5f,test,retrospective,raw_guarded,True
72bfbb8b9ab0048db081,test,retrospective,raw_guarded,False
c2d51a431c1ca85e4120,test,retrospective,raw_guarded,False
d8b3bf030cac52b6df0e,test,retrospective,raw_guarded,False
9568569c28b202e4863d,test,retrospective,raw_guarded,False
6085727d6ece27d56f3c,test,retrospective,raw_guarded,False
2aab1e24996b676e4523,test,retrospective,raw_guarded,False
0ba8d7ab2acbc60af0a2,test,retrospective,raw_guarded,False
b253dcf3858f5936bc95,test,retrospective,raw_guarded,False
602fe24f74039ecae663,test,retrospective,raw_guarded,False
aeeb3f1c51988fdbb2ec,test,retrospective,raw_guarded,False
ddde3d9cd9c153bd5bd1,test,retrospective,raw_guarded,False
33f71953596408ca76b3,test,retrospective,raw_guarded,False
41543b17d99489751f7a,test,retrospective,raw_guarded,False
638bccbe4b722eb77d11,test,retrospective,raw_guarded,False
8bc32a935d3dbc6a6377,test,retrospective,raw_guarded,False
7359fe9944f2bb68e4ec,test,retrospective,raw_guarded,False
bebfdab8413eaca10cec,test,retrospective,raw_guarded,False
d9155dbc1410d9e916b4,test,retrospective,raw_guarded,False
4a1f7fe13bf5c4089572,test,retrospective,raw_guarded,False
faf1c95c3394f52f4626,test,retrospective,raw_guarded,False
6d5333367928c4ad8e1c,test,retrospective,raw_guarded,False
331d9793d708a7aa3637,test,retrospective,raw_guarded,False
1b82765c0c2ed1d695a8,test,retrospective,raw_guarded,False
e94b6136fa0a7879880f,test,retrospective,raw_guarded,False
56fb7c2ebb23d1798c31,test,retrospective,raw_guarded,False
ee3b64d5846649b4bab5,test,retrospective,raw_guarded,False
a812097fd0b6f8d285dd,test,retrospective,raw_guarded,False
5a758f5312120ce6feb9,test,retrospective,raw_guarded,False
23c53ba93b2dcd87fb6c,test,retrospective,raw_guarded,False
e551d8fe477b80d53719,test,retrospective,raw_guarded,False
03e7f5b08e74bd956037,test,retrospective,raw_guarded,False
0e0f50334904de2afe94,test,retrospective,raw_guarded,False
202f0bfb0a59ec398820,test,retrospective,raw_guarded,False
4ace9ed20a16bf707cc6,test,retrospective,raw_guarded,False
f3deb55831105a6e4285,test,retrospective,raw_guarded,False
4f35a32ecc87443a91a9,test,retrospective,raw_guarded,False
5469b6eaedf49a9881c3,test,retrospective,raw_guarded,True
a8bca106fc812f8a95bd,test,retrospective,raw_guarded,False
21e0c5e038553c7ac0ec,test,retrospective,raw_guarded,True
1d730bbf35d21619651d,test,retrospective,raw_guarded,True
071b3b8cd6ab5748b4eb,test,retrospective,raw_guarded,False
8ff2efab701216506995,test,retrospective,raw_guarded,False
293e647e9db79c39ddfd,test,retrospective,raw_guarded,False
6a187377a43f61eff20c,test,retrospective,raw_guarded,False
03263d39b530bbeb06c0,test,retrospective,raw_guarded,False
8685ea7325010b442187,test,retrospective,raw_guarded,False
e6b5f5fec3bc532fbff4,test,retrospective,raw_guarded,False
c07f11a672e3a61d7fed,test,retrospective,raw_guarded,False
87b224a0bf40bdfc3143,test,retrospective,raw_guarded,False
a1b9f05c3ed75594b6ed,test,retrospective,raw_guarded,False
1231dfd2ab95c560959d,test,retrospective,raw_guarded,False
1d12a3644ee42fa22bf5,test,retrospective,raw_guarded,False
854c6656bdbe1ea5f307,test,retrospective,raw_guarded,False
fc9e64a691df4ee30646,test,retrospective,raw_guarded,False
0d2395e2fd89ad36cc56,test,retrospective,raw_guarded,False
95bdfe79a0a74518e760,test,retrospective,raw_guarded,False
f34c11dc4ac05d740639,test,retrospective,raw_guarded,False
9b835bb633719d0ca1d2,test,retrospective,raw_guarded,False
4b8e0e083de2f306c108,test,retrospective,raw_guarded,False
9c8542ee17a36e4ca58c,test,retrospective,raw_guarded,False
91003ef42cf4738a805e,test,retrospective,raw_guarded,False
dbc47b7b914266a55982,test,retrospective,raw_guarded,False
668cdc478652f2279828,test,retrospective,raw_guarded,False
515dc65b92ddc1fcd0a3,test,retrospective,raw_guarded,True
1becc7108ca0a195d64a,test,retrospective,raw_guarded,False
4f91f011d6c4a66581bf,test,retrospective,raw_guarded,False
eb04f2491a820b6eab04,test,retrospective,raw_guarded,False
e867a38822028db043d7,test,retrospective,raw_guarded,False
ff4cd957e7cfe9b95f0f,test,retrospective,raw_guarded,False
59135297414a96cafb48,test,retrospective,raw_guarded,False
3832178b31f1168ceece,test,retrospective,raw_guarded,False
25f5d1c7a657e344ea5c,test,retrospective,raw_guarded,False
ab462574efe9698ce296,test,retrospective,raw_guarded,False
4fa524229fac21e09291,test,retrospective,raw_guarded,False
e97e6d5130a8ce3c1639,test,retrospective,raw_guarded,False
13c9f3d1cb604dd1c804,test,retrospective,raw_guarded,False
4008051e5c0764f8b2d2,test,retrospective,raw_guarded,False
d078c91b9bd85826bc47,test,retrospective,raw_guarded,False
4fd3f97f9b8d33185700,test,retrospective,raw_guarded,False
10af1fbcd3118cae9b70,test,retrospective,raw_guarded,False
39d340ed617a4771255f,test,retrospective,raw_guarded,False
b721ed3f409740b15845,test,retrospective,raw_guarded,False
2d55d45f9a0383a8f06a,test,retrospective,raw_guarded,False
3d73609d01eeeb300789,test,retrospective,raw_guarded,False
1418b8e6a21e1498ee15,test,retrospective,raw_guarded,False
18f2e9090491c66ffc3d,test,retrospective,raw_guarded,True
b8a460a3ed3364ac5d36,test,retrospective,raw_guarded,False
5e9ebb235101bb733c2c,test,retrospective,raw_guarded,False
c20ad86a5f2d24f8791a,test,retrospective,raw_guarded,False
92395baceacea8151558,test,retrospective,raw_guarded,False
799ae9f853bad8571fa4,test,retrospective,raw_guarded,False
d9e64853647ef6faa58a,test,retrospective,raw_guarded,False
67ca09e28c7a05334d90,test,retrospective,raw_guarded,False
4f1e61c084da79b28a0b,test,retrospective,raw_guarded,True
c2f26a8e6540db9ed7fd,test,retrospective,raw_guarded,False
ef0a3f797b223ac09cbf,test,retrospective,raw_guarded,False
97eb897b6cd7fdeee456,test,retrospective,raw_guarded,False
195c407213762ac26ccd,test,retrospective,raw_guarded,False
7a90843126f11cae9f2b,test,retrospective,raw_guarded,False
f6fd3671c36f66b51a43,test,retrospective,raw_guarded,False
b6891c7c9f4109835040,test,retrospective,raw_guarded,False
45b3d1cbdf6c36ae9568,test,retrospective,raw_guarded,False
7886b957e4c074b8f983,test,retrospective,raw_guarded,False
59c61c0f20772c2c27ac,test,retrospective,raw_guarded,False
c3c783cf0326aa95c952,test,retrospective,raw_guarded,False
2351884670ffe452a34c,test,retrospective,raw_guarded,False
4f521b5a6a05437b2869,test,retrospective,raw_guarded,True
4474b2f519f8133dc4f4,test,retrospective,raw_guarded,True
49baf58c32e6bf77ffe7,test,retrospective,raw_guarded,False
ce599ad43fb842cfdd60,test,retrospective,raw_guarded,False
7d28fc108c3d1fcb0fdc,test,retrospective,raw_guarded,True
81927a30bb0c1a6ee01a,test,retrospective,raw_guarded,False
b702026c6754db968c8d,test,retrospective,raw_guarded,False
64b87b6ec1703d21a020,test,retrospective,raw_guarded,False
c7164626a9416c999b38,test,retrospective,raw_guarded,False
802b230d0aa13ef09b01,test,retrospective,gap_guarded,False
78293129114a408f1e80,test,retrospective,gap_guarded,False
8cbfa251ad6482b9468a,test,retrospective,gap_guarded,False
764753670487fc80d24c,test,retrospective,gap_guarded,False
fb0eae697a9519d0905e,test,retrospective,gap_guarded,False
578662795c0c299ba758,test,retrospective,gap_guarded,False
f60abb8f931c66b5bf55,test,retrospective,gap_guarded,True
240582ac933b31585eaa,test,retrospective,gap_guarded,False
bbb5ef61589c83445e6d,test,retrospective,gap_guarded,False
98cba2b96f73f2b35fd6,test,retrospective,gap_guarded,False
fcd498cc64e4e283fd14,test,retrospective,gap_guarded,False
43f41ee9574e59f97f85,test,retrospective,gap_guarded,False
3412955d6c5ac4440b55,test,retrospective,gap_guarded,False
43b8588baa3f12c6ca6b,test,retrospective,gap_guarded,True
effbef4e397b3bf03d9b,test,retrospective,gap_guarded,False
4a8255e9c03d9064da6e,test,retrospective,gap_guarded,False
604297c540f93a7ea7a1,test,retrospective,gap_guarded,False
4c93d5d8a6926d298bc4,test,retrospective,gap_guarded,False
6e87305a98324b192f85,test,retrospective,gap_guarded,False
1b71d0d68b678324b5ec,test,retrospective,gap_guarded,False
72f27f0639e543a56a3e,test,retrospective,gap_guarded,False
ca786fef1ace9de4a2dc,test,retrospective,gap_guarded,False
070a26f87b8bb0196d5a,test,retrospective,gap_guarded,False
926a1c06ffe4fe95a1d6,test,retrospective,gap_guarded,False
4c4101c930efb6d446eb,test,retrospective,gap_guarded,False
95a66aac498374b464f2,test,retrospective,gap_guarded,False
76878d721fb53e76d9fc,test,retrospective,gap_guarded,False
193ca7033f67b8f177e8,test,retrospective,gap_guarded,False
f0fb91da579f6f1f49ec,test,retrospective,gap_guarded,False
404093efb1e18525aae2,test,retrospective,gap_guarded,False
767913bddf4c33a0a5f6,test,retrospective,gap_guarded,False
1d46a590ac050bf38b25,test,retrospective,gap_guarded,False
1b3066545c255d2e7616,test,retrospective,gap_guarded,False
1cb5a5cbb8d20b9f85cd,test,retrospective,gap_guarded,False
f6323ed237c5935fcaad,test,retrospective,gap_guarded,True
ef41dca19f87cb9db634,test,retrospective,gap_guarded,False
ea815ab5a7798dc8b3d0,test,retrospective,gap_guarded,False
a7a50e39d82263ff1fda,test,retrospective,gap_guarded,False
85d6e790a5c68d082c31,test,retrospective,gap_guarded,False
d5781eb69b823c502bd1,test,retrospective,gap_guarded,False
1c07593c740f2420a217,test,retrospective,gap_guarded,False
c963be8f10cffffbc7e5,test,retrospective,gap_guarded,False
278eef490e1b8b5a998e,test,retrospective,gap_guarded,True
ac8990d5cceaedd7d901,test,retrospective,gap_guarded,True
3ffaf599b5242d939e38,test,retrospective,gap_guarded,False
1fa79b59f22cb39b8f6d,test,retrospective,gap_guarded,True
b4d7bb3408e2d7f8842d,test,retrospective,gap_guarded,False
131d05f9047d306b06a7,test,retrospective,gap_guarded,False
9a4eb8d586f294700a91,test,retrospective,gap_guarded,False
2922b1fbfa9542718f5f,test,retrospective,gap_guarded,True
72bfbb8b9ab0048db081,test,retrospective,gap_guarded,False
c2d51a431c1ca85e4120,test,retrospective,gap_guarded,False
d8b3bf030cac52b6df0e,test,retrospective,gap_guarded,False
9568569c28b202e4863d,test,retrospective,gap_guarded,False
6085727d6ece27d56f3c,test,retrospective,gap_guarded,False
2aab1e24996b676e4523,test,retrospective,gap_guarded,False
0ba8d7ab2acbc60af0a2,test,retrospective,gap_guarded,False
b253dcf3858f5936bc95,test,retrospective,gap_guarded,False
602fe24f74039ecae663,test,retrospective,gap_guarded,False
aeeb3f1c51988fdbb2ec,test,retrospective,gap_guarded,False
ddde3d9cd9c153bd5bd1,test,retrospective,gap_guarded,False
33f71953596408ca76b3,test,retrospective,gap_guarded,False
41543b17d99489751f7a,test,retrospective,gap_guarded,False
638bccbe4b722eb77d11,test,retrospective,gap_guarded,False
8bc32a935d3dbc6a6377,test,retrospective,gap_guarded,False
7359fe9944f2bb68e4ec,test,retrospective,gap_guarded,False
bebfdab8413eaca10cec,test,retrospective,gap_guarded,False
d9155dbc1410d9e916b4,test,retrospective,gap_guarded,False
4a1f7fe13bf5c4089572,test,retrospective,gap_guarded,False
faf1c95c3394f52f4626,test,retrospective,gap_guarded,False
6d5333367928c4ad8e1c,test,retrospective,gap_guarded,False
331d9793d708a7aa3637,test,retrospective,gap_guarded,False
1b82765c0c2ed1d695a8,test,retrospective,gap_guarded,False
e94b6136fa0a7879880f,test,retrospective,gap_guarded,False
56fb7c2ebb23d1798c31,test,retrospective,gap_guarded,False
ee3b64d5846649b4bab5,test,retrospective,gap_guarded,False
a812097fd0b6f8d285dd,test,retrospective,gap_guarded,False
5a758f5312120ce6feb9,test,retrospective,gap_guarded,False
23c53ba93b2dcd87fb6c,test,retrospective,gap_guarded,False
e551d8fe477b80d53719,test,retrospective,gap_guarded,False
03e7f5b08e74bd956037,test,retrospective,gap_guarded,False
0e0f50334904de2afe94,test,retrospective,gap_guarded,False
202f0bfb0a59ec398820,test,retrospective,gap_guarded,False
4ace9ed20a16bf707cc6,test,retrospective,gap_guarded,False
f3deb55831105a6e4285,test,retrospective,gap_guarded,False
4f35a32ecc87443a91a9,test,retrospective,gap_guarded,False
5469b6eaedf49a9881c3,test,retrospective,gap_guarded,True
a8bca106fc812f8a95bd,test,retrospective,gap_guarded,False
21e0c5e038553c7ac0ec,test,retrospective,gap_guarded,True
1d730bbf35d21619651d,test,retrospective,gap_guarded,True
071b3b8cd6ab5748b4eb,test,retrospective,gap_guarded,False
8ff2efab701216506995,test,retrospective,gap_guarded,False
293e647e9db79c39ddfd,test,retrospective,gap_guarded,False
6a187377a43f61eff20c,test,retrospective,gap_guarded,False
03263d39b530bbeb06c0,test,retrospective,gap_guarded,False
8685ea7325010b442187,test,retrospective,gap_guarded,False
e6b5f5fec3bc532fbff4,test,retrospective,gap_guarded,False
c07f11a672e3a61d7fed,test,retrospective,gap_guarded,False
87b224a0bf40bdfc3143,test,retrospective,gap_guarded,False
a1b9f05c3ed75594b6ed,test,retrospective,gap_guarded,False
1231dfd2ab95c560959d,test,retrospective,gap_guarded,False
1d12a3644ee42fa22bf5,test,retrospective,gap_guarded,False
854c6656bdbe1ea5f307,test,retrospective,gap_guarded,False
fc9e64a691df4ee30646,test,retrospective,gap_guarded,False
0d2395e2fd89ad36cc56,test,retrospective,gap_guarded,False
95bdfe79a0a74518e760,test,retrospective,gap_guarded,False
f34c11dc4ac05d740639,test,retrospective,gap_guarded,False
9b835bb633719d0ca1d2,test,retrospective,gap_guarded,False
4b8e0e083de2f306c108,test,retrospective,gap_guarded,False
9c8542ee17a36e4ca58c,test,retrospective,gap_guarded,False
91003ef42cf4738a805e,test,retrospective,gap_guarded,False
dbc47b7b914266a55982,test,retrospective,gap_guarded,False
668cdc478652f2279828,test,retrospective,gap_guarded,False
515dc65b92ddc1fcd0a3,test,retrospective,gap_guarded,True
1becc7108ca0a195d64a,test,retrospective,gap_guarded,False
4f91f011d6c4a66581bf,test,retrospective,gap_guarded,False
eb04f2491a820b6eab04,test,retrospective,gap_guarded,False
e867a38822028db043d7,test,retrospective,gap_guarded,False
ff4cd957e7cfe9b95f0f,test,retrospective,gap_guarded,False
59135297414a96cafb48,test,retrospective,gap_guarded,False
3832178b31f1168ceece,test,retrospective,gap_guarded,False
25f5d1c7a657e344ea5c,test,retrospective,gap_guarded,False
ab462574efe9698ce296,test,retrospective,gap_guarded,False
4fa524229fac21e09291,test,retrospective,gap_guarded,False
e97e6d5130a8ce3c1639,test,retrospective,gap_guarded,False
13c9f3d1cb604dd1c804,test,retrospective,gap_guarded,False
4008051e5c0764f8b2d2,test,retrospective,gap_guarded,False
d078c91b9bd85826bc47,test,retrospective,gap_guarded,False
4fd3f97f9b8d33185700,test,retrospective,gap_guarded,False
10af1fbcd3118cae9b70,test,retrospective,gap_guarded,False
39d340ed617a4771255f,test,retrospective,gap_guarded,False
b721ed3f409740b15845,test,retrospective,gap_guarded,False
2d55d45f9a0383a8f06a,test,retrospective,gap_guarded,False
3d73609d01eeeb300789,test,retrospective,gap_guarded,False
1418b8e6a21e1498ee15,test,retrospective,gap_guarded,False
18f2e9090491c66ffc3d,test,retrospective,gap_guarded,True
b8a460a3ed3364ac5d36,test,retrospective,gap_guarded,False
5e9ebb235101bb733c2c,test,retrospective,gap_guarded,False
c20ad86a5f2d24f8791a,test,retrospective,gap_guarded,False
92395baceacea8151558,test,retrospective,gap_guarded,False
799ae9f853bad8571fa4,test,retrospective,gap_guarded,False
d9e64853647ef6faa58a,test,retrospective,gap_guarded,False
67ca09e28c7a05334d90,test,retrospective,gap_guarded,False
4f1e61c084da79b28a0b,test,retrospective,gap_guarded,True
c2f26a8e6540db9ed7fd,test,retrospective,gap_guarded,False
ef0a3f797b223ac09cbf,test,retrospective,gap_guarded,False
97eb897b6cd7fdeee456,test,retrospective,gap_guarded,False
195c407213762ac26ccd,test,retrospective,gap_guarded,False
7a90843126f11cae9f2b,test,retrospective,gap_guarded,False
f6fd3671c36f66b51a43,test,retrospective,gap_guarded,False
b6891c7c9f4109835040,test,retrospective,gap_guarded,False
45b3d1cbdf6c36ae9568,test,retrospective,gap_guarded,False
7886b957e4c074b8f983,test,retrospective,gap_guarded,False
59c61c0f20772c2c27ac,test,retrospective,gap_guarded,False
c3c783cf0326aa95c952,test,retrospective,gap_guarded,False
2351884670ffe452a34c,test,retrospective,gap_guarded,False
4f521b5a6a05437b2869,test,retrospective,gap_guarded,True
4474b2f519f8133dc4f4,test,retrospective,gap_guarded,True
49baf58c32e6bf77ffe7,test,retrospective,gap_guarded,False
ce599ad43fb842cfdd60,test,retrospective,gap_guarded,False
7d28fc108c3d1fcb0fdc,test,retrospective,gap_guarded,True
81927a30bb0c1a6ee01a,test,retrospective,gap_guarded,False
b702026c6754db968c8d,test,retrospective,gap_guarded,False
64b87b6ec1703d21a020,test,retrospective,gap_guarded,False
c7164626a9416c999b38,test,retrospective,gap_guarded,False
802b230d0aa13ef09b01,test,retrospective,phase_guarded,False
78293129114a408f1e80,test,retrospective,phase_guarded,False
8cbfa251ad6482b9468a,test,retrospective,phase_guarded,False
764753670487fc80d24c,test,retrospective,phase_guarded,False
fb0eae697a9519d0905e,test,retrospective,phase_guarded,False
578662795c0c299ba758,test,retrospective,phase_guarded,False
f60abb8f931c66b5bf55,test,retrospective,phase_guarded,False
240582ac933b31585eaa,test,retrospective,phase_guarded,False
bbb5ef61589c83445e6d,test,retrospective,phase_guarded,False
98cba2b96f73f2b35fd6,test,retrospective,phase_guarded,False
fcd498cc64e4e283fd14,test,retrospective,phase_guarded,False
43f41ee9574e59f97f85,test,retrospective,phase_guarded,False
3412955d6c5ac4440b55,test,retrospective,phase_guarded,False
43b8588baa3f12c6ca6b,test,retrospective,phase_guarded,True
effbef4e397b3bf03d9b,test,retrospective,phase_guarded,False
4a8255e9c03d9064da6e,test,retrospective,phase_guarded,False
604297c540f93a7ea7a1,test,retrospective,phase_guarded,False
4c93d5d8a6926d298bc4,test,retrospective,phase_guarded,False
6e87305a98324b192f85,test,retrospective,phase_guarded,False
1b71d0d68b678324b5ec,test,retrospective,phase_guarded,False
72f27f0639e543a56a3e,test,retrospective,phase_guarded,False
ca786fef1ace9de4a2dc,test,retrospective,phase_guarded,False
070a26f87b8bb0196d5a,test,retrospective,phase_guarded,False
926a1c06ffe4fe95a1d6,test,retrospective,phase_guarded,False
4c4101c930efb6d446eb,test,retrospective,phase_guarded,False
95a66aac498374b464f2,test,retrospective,phase_guarded,False
76878d721fb53e76d9fc,test,retrospective,phase_guarded,False
193ca7033f67b8f177e8,test,retrospective,phase_guarded,False
f0fb91da579f6f1f49ec,test,retrospective,phase_guarded,False
404093efb1e18525aae2,test,retrospective,phase_guarded,False
767913bddf4c33a0a5f6,test,retrospective,phase_guarded,False
1d46a590ac050bf38b25,test,retrospective,phase_guarded,False
1b3066545c255d2e7616,test,retrospective,phase_guarded,False
1cb5a5cbb8d20b9f85cd,test,retrospective,phase_guarded,False
f6323ed237c5935fcaad,test,retrospective,phase_guarded,True
ef41dca19f87cb9db634,test,retrospective,phase_guarded,False
ea815ab5a7798dc8b3d0,test,retrospective,phase_guarded,False
a7a50e39d82263ff1fda,test,retrospective,phase_guarded,False
85d6e790a5c68d082c31,test,retrospective,phase_guarded,False
d5781eb69b823c502bd1,test,retrospective,phase_guarded,False
1c07593c740f2420a217,test,retrospective,phase_guarded,False
c963be8f10cffffbc7e5,test,retrospective,phase_guarded,False
278eef490e1b8b5a998e,test,retrospective,phase_guarded,True
ac8990d5cceaedd7d901,test,retrospective,phase_guarded,True
3ffaf599b5242d939e38,test,retrospective,phase_guarded,False
1fa79b59f22cb39b8f6d,test,retrospective,phase_guarded,True
b4d7bb3408e2d7f8842d,test,retrospective,phase_guarded,False
131d05f9047d306b06a7,test,retrospective,phase_guarded,False
9a4eb8d586f294700a91,test,retrospective,phase_guarded,False
2922b1fbfa9542718f5f,test,retrospective,phase_guarded,True
72bfbb8b9ab0048db081,test,retrospective,phase_guarded,False
c2d51a431c1ca85e4120,test,retrospective,phase_guarded,False
d8b3bf030cac52b6df0e,test,retrospective,phase_guarded,False
9568569c28b202e4863d,test,retrospective,phase_guarded,False
6085727d6ece27d56f3c,test,retrospective,phase_guarded,False
2aab1e24996b676e4523,test,retrospective,phase_guarded,False
0ba8d7ab2acbc60af0a2,test,retrospective,phase_guarded,False
b253dcf3858f5936bc95,test,retrospective,phase_guarded,False
602fe24f74039ecae663,test,retrospective,phase_guarded,False
aeeb3f1c51988fdbb2ec,test,retrospective,phase_guarded,False
ddde3d9cd9c153bd5bd1,test,retrospective,phase_guarded,False
33f71953596408ca76b3,test,retrospective,phase_guarded,False
41543b17d99489751f7a,test,retrospective,phase_guarded,False
638bccbe4b722eb77d11,test,retrospective,phase_guarded,False
8bc32a935d3dbc6a6377,test,retrospective,phase_guarded,False
7359fe9944f2bb68e4ec,test,retrospective,phase_guarded,False
bebfdab8413eaca10cec,test,retrospective,phase_guarded,False
d9155dbc1410d9e916b4,test,retrospective,phase_guarded,False
4a1f7fe13bf5c4089572,test,retrospective,phase_guarded,False
faf1c95c3394f52f4626,test,retrospective,phase_guarded,False
6d5333367928c4ad8e1c,test,retrospective,phase_guarded,False
331d9793d708a7aa3637,test,retrospective,phase_guarded,False
1b82765c0c2ed1d695a8,test,retrospective,phase_guarded,False
e94b6136fa0a7879880f,test,retrospective,phase_guarded,False
56fb7c2ebb23d1798c31,test,retrospective,phase_guarded,False
ee3b64d5846649b4bab5,test,retrospective,phase_guarded,False
a812097fd0b6f8d285dd,test,retrospective,phase_guarded,False
5a758f5312120ce6feb9,test,retrospective,phase_guarded,False
23c53ba93b2dcd87fb6c,test,retrospective,phase_guarded,False
e551d8fe477b80d53719,test,retrospective,phase_guarded,False
03e7f5b08e74bd956037,test,retrospective,phase_guarded,False
0e0f50334904de2afe94,test,retrospective,phase_guarded,False
202f0bfb0a59ec398820,test,retrospective,phase_guarded,False
4ace9ed20a16bf707cc6,test,retrospective,phase_guarded,False
f3deb55831105a6e4285,test,retrospective,phase_guarded,False
4f35a32ecc87443a91a9,test,retrospective,phase_guarded,False
5469b6eaedf49a9881c3,test,retrospective,phase_guarded,True
a8bca106fc812f8a95bd,test,retrospective,phase_guarded,False
21e0c5e038553c7ac0ec,test,retrospective,phase_guarded,True
1d730bbf35d21619651d,test,retrospective,phase_guarded,True
071b3b8cd6ab5748b4eb,test,retrospective,phase_guarded,False
8ff2efab701216506995,test,retrospective,phase_guarded,False
293e647e9db79c39ddfd,test,retrospective,phase_guarded,False
6a187377a43f61eff20c,test,retrospective,phase_guarded,False
03263d39b530bbeb06c0,test,retrospective,phase_guarded,False
8685ea7325010b442187,test,retrospective,phase_guarded,False
e6b5f5fec3bc532fbff4,test,retrospective,phase_guarded,False
c07f11a672e3a61d7fed,test,retrospective,phase_guarded,False
87b224a0bf40bdfc3143,test,retrospective,phase_guarded,False
a1b9f05c3ed75594b6ed,test,retrospective,phase_guarded,False
1231dfd2ab95c560959d,test,retrospective,phase_guarded,False
1d12a3644ee42fa22bf5,test,retrospective,phase_guarded,False
854c6656bdbe1ea5f307,test,retrospective,phase_guarded,False
fc9e64a691df4ee30646,test,retrospective,phase_guarded,False
0d2395e2fd89ad36cc56,test,retrospective,phase_guarded,False
95bdfe79a0a74518e760,test,retrospective,phase_guarded,False
f34c11dc4ac05d740639,test,retrospective,phase_guarded,False
9b835bb633719d0ca1d2,test,retrospective,phase_guarded,False
4b8e0e083de2f306c108,test,retrospective,phase_guarded,False
9c8542ee17a36e4ca58c,test,retrospective,phase_guarded,False
91003ef42cf4738a805e,test,retrospective,phase_guarded,False
dbc47b7b914266a55982,test,retrospective,phase_guarded,False
668cdc478652f2279828,test,retrospective,phase_guarded,False
515dc65b92ddc1fcd0a3,test,retrospective,phase_guarded,False
1becc7108ca0a195d64a,test,retrospective,phase_guarded,False
4f91f011d6c4a66581bf,test,retrospective,phase_guarded,False
eb04f2491a820b6eab04,test,retrospective,phase_guarded,False
e867a38822028db043d7,test,retrospective,phase_guarded,False
ff4cd957e7cfe9b95f0f,test,retrospective,phase_guarded,False
59135297414a96cafb48,test,retrospective,phase_guarded,False
3832178b31f1168ceece,test,retrospective,phase_guarded,False
25f5d1c7a657e344ea5c,test,retrospective,phase_guarded,False
ab462574efe9698ce296,test,retrospective,phase_guarded,False
4fa524229fac21e09291,test,retrospective,phase_guarded,False
e97e6d5130a8ce3c1639,test,retrospective,phase_guarded,False
13c9f3d1cb604dd1c804,test,retrospective,phase_guarded,False
4008051e5c0764f8b2d2,test,retrospective,phase_guarded,False
d078c91b9bd85826bc47,test,retrospective,phase_guarded,False
4fd3f97f9b8d33185700,test,retrospective,phase_guarded,False
10af1fbcd3118cae9b70,test,retrospective,phase_guarded,False
39d340ed617a4771255f,test,retrospective,phase_guarded,False
b721ed3f409740b15845,test,retrospective,phase_guarded,False
2d55d45f9a0383a8f06a,test,retrospective,phase_guarded,False
3d73609d01eeeb300789,test,retrospective,phase_guarded,False
1418b8e6a21e1498ee15,test,retrospective,phase_guarded,False
18f2e9090491c66ffc3d,test,retrospective,phase_guarded,True
b8a460a3ed3364ac5d36,test,retrospective,phase_guarded,False
5e9ebb235101bb733c2c,test,retrospective,phase_guarded,False
c20ad86a5f2d24f8791a,test,retrospective,phase_guarded,False
92395baceacea8151558,test,retrospective,phase_guarded,False
799ae9f853bad8571fa4,test,retrospective,phase_guarded,False
d9e64853647ef6faa58a,test,retrospective,phase_guarded,False
67ca09e28c7a05334d90,test,retrospective,phase_guarded,False
4f1e61c084da79b28a0b,test,retrospective,phase_guarded,True
c2f26a8e6540db9ed7fd,test,retrospective,phase_guarded,False
ef0a3f797b223ac09cbf,test,retrospective,phase_guarded,False
97eb897b6cd7fdeee456,test,retrospective,phase_guarded,False
195c407213762ac26ccd,test,retrospective,phase_guarded,False
7a90843126f11cae9f2b,test,retrospective,phase_guarded,False
f6fd3671c36f66b51a43,test,retrospective,phase_guarded,False
b6891c7c9f4109835040,test,retrospective,phase_guarded,False
45b3d1cbdf6c36ae9568,test,retrospective,phase_guarded,False
7886b957e4c074b8f983,test,retrospective,phase_guarded,False
59c61c0f20772c2c27ac,test,retrospective,phase_guarded,False
c3c783cf0326aa95c952,test,retrospective,phase_guarded,False
2351884670ffe452a34c,test,retrospective,phase_guarded,False
4f521b5a6a05437b2869,test,retrospective,phase_guarded,True
4474b2f519f8133dc4f4,test,retrospective,phase_guarded,True
49baf58c32e6bf77ffe7,test,retrospective,phase_guarded,False
ce599ad43fb842cfdd60,test,retrospective,phase_guarded,False
7d28fc108c3d1fcb0fdc,test,retrospective,phase_guarded,True
81927a30bb0c1a6ee01a,test,retrospective,phase_guarded,False
b702026c6754db968c8d,test,retrospective,phase_guarded,False
64b87b6ec1703d21a020,test,retrospective,phase_guarded,False
c7164626a9416c999b38,test,retrospective,phase_guarded,False
802b230d0aa13ef09b01,test,retrospective,selected,False
78293129114a408f1e80,test,retrospective,selected,False
8cbfa251ad6482b9468a,test,retrospective,selected,False
764753670487fc80d24c,test,retrospective,selected,False
fb0eae697a9519d0905e,test,retrospective,selected,False
578662795c0c299ba758,test,retrospective,selected,False
f60abb8f931c66b5bf55,test,retrospective,selected,True
240582ac933b31585eaa,test,retrospective,selected,False
bbb5ef61589c83445e6d,test,retrospective,selected,False
98cba2b96f73f2b35fd6,test,retrospective,selected,False
fcd498cc64e4e283fd14,test,retrospective,selected,False
43f41ee9574e59f97f85,test,retrospective,selected,False
3412955d6c5ac4440b55,test,retrospective,selected,False
43b8588baa3f12c6ca6b,test,retrospective,selected,True
effbef4e397b3bf03d9b,test,retrospective,selected,False
4a8255e9c03d9064da6e,test,retrospective,selected,False
604297c540f93a7ea7a1,test,retrospective,selected,False
4c93d5d8a6926d298bc4,test,retrospective,selected,False
6e87305a98324b192f85,test,retrospective,selected,False
1b71d0d68b678324b5ec,test,retrospective,selected,False
72f27f0639e543a56a3e,test,retrospective,selected,False
ca786fef1ace9de4a2dc,test,retrospective,selected,False
070a26f87b8bb0196d5a,test,retrospective,selected,False
926a1c06ffe4fe95a1d6,test,retrospective,selected,False
4c4101c930efb6d446eb,test,retrospective,selected,False
95a66aac498374b464f2,test,retrospective,selected,False
76878d721fb53e76d9fc,test,retrospective,selected,False
193ca7033f67b8f177e8,test,retrospective,selected,False
f0fb91da579f6f1f49ec,test,retrospective,selected,False
404093efb1e18525aae2,test,retrospective,selected,False
767913bddf4c33a0a5f6,test,retrospective,selected,False
1d46a590ac050bf38b25,test,retrospective,selected,False
1b3066545c255d2e7616,test,retrospective,selected,False
1cb5a5cbb8d20b9f85cd,test,retrospective,selected,False
f6323ed237c5935fcaad,test,retrospective,selected,True
ef41dca19f87cb9db634,test,retrospective,selected,False
ea815ab5a7798dc8b3d0,test,retrospective,selected,False
a7a50e39d82263ff1fda,test,retrospective,selected,False
85d6e790a5c68d082c31,test,retrospective,selected,False
d5781eb69b823c502bd1,test,retrospective,selected,False
1c07593c740f2420a217,test,retrospective,selected,False
c963be8f10cffffbc7e5,test,retrospective,selected,False
278eef490e1b8b5a998e,test,retrospective,selected,True
ac8990d5cceaedd7d901,test,retrospective,selected,True
3ffaf599b5242d939e38,test,retrospective,selected,False
1fa79b59f22cb39b8f6d,test,retrospective,selected,True
b4d7bb3408e2d7f8842d,test,retrospective,selected,False
131d05f9047d306b06a7,test,retrospective,selected,False
9a4eb8d586f294700a91,test,retrospective,selected,False
2922b1fbfa9542718f5f,test,retrospective,selected,True
72bfbb8b9ab0048db081,test,retrospective,selected,False
c2d51a431c1ca85e4120,test,retrospective,selected,False
d8b3bf030cac52b6df0e,test,retrospective,selected,False
9568569c28b202e4863d,test,retrospective,selected,False
6085727d6ece27d56f3c,test,retrospective,selected,False
2aab1e24996b676e4523,test,retrospective,selected,False
0ba8d7ab2acbc60af0a2,test,retrospective,selected,False
b253dcf3858f5936bc95,test,retrospective,selected,False
602fe24f74039ecae663,test,retrospective,selected,False
aeeb3f1c51988fdbb2ec,test,retrospective,selected,False
ddde3d9cd9c153bd5bd1,test,retrospective,selected,False
33f71953596408ca76b3,test,retrospective,selected,False
41543b17d99489751f7a,test,retrospective,selected,False
638bccbe4b722eb77d11,test,retrospective,selected,False
8bc32a935d3dbc6a6377,test,retrospective,selected,False
7359fe9944f2bb68e4ec,test,retrospective,selected,False
bebfdab8413eaca10cec,test,retrospective,selected,False
d9155dbc1410d9e916b4,test,retrospective,selected,False
4a1f7fe13bf5c4089572,test,retrospective,selected,False
faf1c95c3394f52f4626,test,retrospective,selected,False
6d5333367928c4ad8e1c,test,retrospective,selected,False
331d9793d708a7aa3637,test,retrospective,selected,False
1b82765c0c2ed1d695a8,test,retrospective,selected,False
e94b6136fa0a7879880f,test,retrospective,selected,False
56fb7c2ebb23d1798c31,test,retrospective,selected,False
ee3b64d5846649b4bab5,test,retrospective,selected,False
a812097fd0b6f8d285dd,test,retrospective,selected,False
5a758f5312120ce6feb9,test,retrospective,selected,False
23c53ba93b2dcd87fb6c,test,retrospective,selected,False
e551d8fe477b80d53719,test,retrospective,selected,False
03e7f5b08e74bd956037,test,retrospective,selected,False
0e0f50334904de2afe94,test,retrospective,selected,False
202f0bfb0a59ec398820,test,retrospective,selected,False
4ace9ed20a16bf707cc6,test,retrospective,selected,False
f3deb55831105a6e4285,test,retrospective,selected,False
4f35a32ecc87443a91a9,test,retrospective,selected,False
5469b6eaedf49a9881c3,test,retrospective,selected,True
a8bca106fc812f8a95bd,test,retrospective,selected,False
21e0c5e038553c7ac0ec,test,retrospective,selected,True
1d730bbf35d21619651d,test,retrospective,selected,True
071b3b8cd6ab5748b4eb,test,retrospective,selected,False
8ff2efab701216506995,test,retrospective,selected,False
293e647e9db79c39ddfd,test,retrospective,selected,False
6a187377a43f61eff20c,test,retrospective,selected,False
03263d39b530bbeb06c0,test,retrospective,selected,False
8685ea7325010b442187,test,retrospective,selected,False
e6b5f5fec3bc532fbff4,test,retrospective,selected,False
c07f11a672e3a61d7fed,test,retrospective,selected,False
87b224a0bf40bdfc3143,test,retrospective,selected,False
a1b9f05c3ed75594b6ed,test,retrospective,selected,False
1231dfd2ab95c560959d,test,retrospective,selected,False
1d12a3644ee42fa22bf5,test,retrospective,selected,False
854c6656bdbe1ea5f307,test,retrospective,selected,False
fc9e64a691df4ee30646,test,retrospective,selected,False
0d2395e2fd89ad36cc56,test,retrospective,selected,False
95bdfe79a0a74518e760,test,retrospective,selected,False
f34c11dc4ac05d740639,test,retrospective,selected,False
9b835bb633719d0ca1d2,test,retrospective,selected,False
4b8e0e083de2f306c108,test,retrospective,selected,False
9c8542ee17a36e4ca58c,test,retrospective,selected,False
91003ef42cf4738a805e,test,retrospective,selected,False
dbc47b7b914266a55982,test,retrospective,selected,False
668cdc478652f2279828,test,retrospective,selected,False
515dc65b92ddc1fcd0a3,test,retrospective,selected,True
1becc7108ca0a195d64a,test,retrospective,selected,False
4f91f011d6c4a66581bf,test,retrospective,selected,False
eb04f2491a820b6eab04,test,retrospective,selected,False
e867a38822028db043d7,test,retrospective,selected,False
ff4cd957e7cfe9b95f0f,test,retrospective,selected,False
59135297414a96cafb48,test,retrospective,selected,False
3832178b31f1168ceece,test,retrospective,selected,False
25f5d1c7a657e344ea5c,test,retrospective,selected,False
ab462574efe9698ce296,test,retrospective,selected,False
4fa524229fac21e09291,test,retrospective,selected,False
e97e6d5130a8ce3c1639,test,retrospective,selected,False
13c9f3d1cb604dd1c804,test,retrospective,selected,False
4008051e5c0764f8b2d2,test,retrospective,selected,False
d078c91b9bd85826bc47,test,retrospective,selected,False
4fd3f97f9b8d33185700,test,retrospective,selected,False
10af1fbcd3118cae9b70,test,retrospective,selected,False
39d340ed617a4771255f,test,retrospective,selected,False
b721ed3f409740b15845,test,retrospective,selected,False
2d55d45f9a0383a8f06a,test,retrospective,selected,False
3d73609d01eeeb300789,test,retrospective,selected,False
1418b8e6a21e1498ee15,test,retrospective,selected,False
18f2e9090491c66ffc3d,test,retrospective,selected,True
b8a460a3ed3364ac5d36,test,retrospective,selected,False
5e9ebb235101bb733c2c,test,retrospective,selected,False
c20ad86a5f2d24f8791a,test,retrospective,selected,False
92395baceacea8151558,test,retrospective,selected,False
799ae9f853bad8571fa4,test,retrospective,selected,False
d9e64853647ef6faa58a,test,retrospective,selected,False
67ca09e28c7a05334d90,test,retrospective,selected,False
4f1e61c084da79b28a0b,test,retrospective,selected,True
c2f26a8e6540db9ed7fd,test,retrospective,selected,False
ef0a3f797b223ac09cbf,test,retrospective,selected,False
97eb897b6cd7fdeee456,test,retrospective,selected,False
195c407213762ac26ccd,test,retrospective,selected,False
7a90843126f11cae9f2b,test,retrospective,selected,False
f6fd3671c36f66b51a43,test,retrospective,selected,False
b6891c7c9f4109835040,test,retrospective,selected,False
45b3d1cbdf6c36ae9568,test,retrospective,selected,False
7886b957e4c074b8f983,test,retrospective,selected,False
59c61c0f20772c2c27ac,test,retrospective,selected,False
c3c783cf0326aa95c952,test,retrospective,selected,False
2351884670ffe452a34c,test,retrospective,selected,False
4f521b5a6a05437b2869,test,retrospective,selected,True
4474b2f519f8133dc4f4,test,retrospective,selected,True
49baf58c32e6bf77ffe7,test,retrospective,selected,False
ce599ad43fb842cfdd60,test,retrospective,selected,False
7d28fc108c3d1fcb0fdc,test,retrospective,selected,True
81927a30bb0c1a6ee01a,test,retrospective,selected,False
b702026c6754db968c8d,test,retrospective,selected,False
64b87b6ec1703d21a020,test,retrospective,selected,False
c7164626a9416c999b38,test,retrospective,selected,False
f6adb18289bfa8d6e03d,validation,retrospective,raw_unprotected,False
907edd6bb2a530b4371e,validation,retrospective,raw_unprotected,False
0f2389aeacbed3fd27d0,validation,retrospective,raw_unprotected,False
c7f662c7c936793211ac,validation,retrospective,raw_unprotected,False
7f13d3d324bd319b21a9,validation,retrospective,raw_unprotected,False
0262aad6c4f544577e9c,validation,retrospective,raw_unprotected,False
29630c13e9d79659d087,validation,retrospective,raw_unprotected,False
c70ea23d535b980e7fa1,validation,retrospective,raw_unprotected,False
89e49c9c38aeafb547bb,validation,retrospective,raw_unprotected,False
d8813bb6461346f138c5,validation,retrospective,raw_unprotected,False
8b63ee00a3ba96590b65,validation,retrospective,raw_unprotected,False
802f16589942a04dafa8,validation,retrospective,raw_unprotected,False
da9391e19520cc1fad36,validation,retrospective,raw_unprotected,False
536f130ec00fab4f3d2c,validation,retrospective,raw_unprotected,False
a66d78e43ba3b6529ffb,validation,retrospective,raw_unprotected,False
e9cd4c7d0abe2a473fda,validation,retrospective,raw_unprotected,False
0babdb761f4b2d9d3bc5,validation,retrospective,raw_unprotected,False
64e74184f90135c6bfea,validation,retrospective,raw_unprotected,False
8fe8f81adbe918ae385b,validation,retrospective,raw_unprotected,False
994126d735567722e3a8,validation,retrospective,raw_unprotected,False
a44fc31948d2e2d835b2,validation,retrospective,raw_unprotected,False
aaae3316802bb0e985ef,validation,retrospective,raw_unprotected,False
a1e24698a454e9130e15,validation,retrospective,raw_unprotected,False
0129d2eb11ab1b2e5856,validation,retrospective,raw_unprotected,False
babbe8dd2e16a36567ca,validation,retrospective,raw_unprotected,False
5bb885b9f74a9308eb4a,validation,retrospective,raw_unprotected,False
505d1e50e241db2a59c7,validation,retrospective,raw_unprotected,False
9997feeaa1ef73777596,validation,retrospective,raw_unprotected,False
534259c723397a8caf3f,validation,retrospective,raw_unprotected,False
2b04327a29d757ea64cf,validation,retrospective,raw_unprotected,False
720a8ee888328650177a,validation,retrospective,raw_unprotected,False
26e4b7dc239e7071279b,validation,retrospective,raw_unprotected,False
6758e51e89153b262410,validation,retrospective,raw_unprotected,False
f8991abd09b1fdfa3d69,validation,retrospective,raw_unprotected,False
a22d1e56ab82e3536b9b,validation,retrospective,raw_unprotected,False
e4808c5e6d9542c893dd,validation,retrospective,raw_unprotected,False
f5b2a587d288d71c5e35,validation,retrospective,raw_unprotected,False
5a046bf1c8071a5dec8a,validation,retrospective,raw_unprotected,False
37908ee4b8dcf169a152,validation,retrospective,raw_unprotected,False
18fa3ca71ca5da5cc439,validation,retrospective,raw_unprotected,False
d233bd9fae0d5d00f47c,validation,retrospective,raw_unprotected,False
ab5977be44b14be347b6,validation,retrospective,raw_unprotected,False
7aa89aebb773006f362f,validation,retrospective,raw_unprotected,False
68b5295850302db92b11,validation,retrospective,raw_unprotected,False
b0f5eac61b4eba1ed5c2,validation,retrospective,raw_unprotected,False
f3f7d49ebe0da7b3a471,validation,retrospective,raw_unprotected,False
1b9b48a958775a189740,validation,retrospective,raw_unprotected,False
5895b9ac714fca1adb1c,validation,retrospective,raw_unprotected,False
562f9ee692a8e126bf12,validation,retrospective,raw_unprotected,False
0b15a9c04e42b69c6ba3,validation,retrospective,raw_unprotected,False
d83b60969a5a3c40323b,validation,retrospective,raw_unprotected,False
463d1eb4e139c3b3c264,validation,retrospective,raw_unprotected,False
417dd6b94cefe83b7bdb,validation,retrospective,raw_unprotected,False
5b64920cf37dcbe74188,validation,retrospective,raw_unprotected,False
084a5c4626af3b9e5379,validation,retrospective,raw_unprotected,False
e84d8fa03e2bfee8b364,validation,retrospective,raw_unprotected,False
1a2b520b9e2f31384aad,validation,retrospective,raw_unprotected,False
78875319963f571e29f7,validation,retrospective,raw_unprotected,False
bb8506f99b2be1c022d1,validation,retrospective,raw_unprotected,False
101efa49ea5447688a9f,validation,retrospective,raw_unprotected,False
fbe827fae248388c101e,validation,retrospective,raw_unprotected,False
dc302d2a4c9c5a46aa84,validation,retrospective,raw_unprotected,False
01d6d1b1cb0923deb95f,validation,retrospective,raw_unprotected,False
51d3603665fd6a50409f,validation,retrospective,raw_unprotected,False
675c849b3b4d974c69e3,validation,retrospective,raw_unprotected,False
125ca3ce17dc586a1a6f,validation,retrospective,raw_unprotected,False
db385d1d038a0b0601e3,validation,retrospective,raw_unprotected,False
952a1c1164aa8d9bc146,validation,retrospective,raw_unprotected,False
69b50bb6c7a28ec79f43,validation,retrospective,raw_unprotected,False
acc2675bc2e53bc15596,validation,retrospective,raw_unprotected,False
170594c27b51c79617de,validation,retrospective,raw_unprotected,False
fc8e3383bca30f208e32,validation,retrospective,raw_unprotected,False
70247ca4971383985eba,validation,retrospective,raw_unprotected,False
449a4952bf07217c2266,validation,retrospective,raw_unprotected,False
b36b147167e1f97740ac,validation,retrospective,raw_unprotected,False
f3ac93c3bfe3f065ca1f,validation,retrospective,raw_unprotected,False
3e4cbd81ff54f6131b40,validation,retrospective,raw_unprotected,False
34c615699b7038137359,validation,retrospective,raw_unprotected,False
6214fa46753dbe3df9cf,validation,retrospective,raw_unprotected,False
a44fa6544f0b73b2802f,validation,retrospective,raw_unprotected,False
12563bd5b74ba5868e1d,validation,retrospective,raw_unprotected,False
6889f99e5695e9096fdf,validation,retrospective,raw_unprotected,False
fa6b8bff60de3f74039e,validation,retrospective,raw_unprotected,False
d26a988d0054e14e5711,validation,retrospective,raw_unprotected,False
21384e0165116f6fec67,validation,retrospective,raw_unprotected,False
b41516f4a304ab2cb584,validation,retrospective,raw_unprotected,False
8b4d9bfa869f177db55e,validation,retrospective,raw_unprotected,False
9d98c99112e4c1134cc2,validation,retrospective,raw_unprotected,False
92df0f443a75288aa9f7,validation,retrospective,raw_unprotected,False
d4d317fa3c724e936427,validation,retrospective,raw_unprotected,False
c25a3c262ea76ec2c848,validation,retrospective,raw_unprotected,False
77cd564623d2055db495,validation,retrospective,raw_unprotected,False
975da2bbb7f4527f8325,validation,retrospective,raw_unprotected,False
1be653b60406058ee0a7,validation,retrospective,raw_unprotected,False
b28266e3d5f0ca09722e,validation,retrospective,raw_unprotected,False
081a28258a26dc8cfa55,validation,retrospective,raw_unprotected,False
8c811f8f7606a0d8110c,validation,retrospective,raw_unprotected,False
b9e7ef3b1e752deaec87,validation,retrospective,raw_unprotected,False
4372faa2c77824901e8a,validation,retrospective,raw_unprotected,False
63c9950b1d03537f209b,validation,retrospective,raw_unprotected,False
810fc57fe3eb8c410acd,validation,retrospective,raw_unprotected,False
21ff6e55a6fbb0f8c5c4,validation,retrospective,raw_unprotected,False
45e421b54794adc86039,validation,retrospective,raw_unprotected,False
2d70e381b38e98e165b3,validation,retrospective,raw_unprotected,False
2c5a5f1434e0308a8091,validation,retrospective,raw_unprotected,False
3794ba4de120e6bd11bd,validation,retrospective,raw_unprotected,False
cdc5b28ac4e97f689816,validation,retrospective,raw_unprotected,False
7e0d27c03970817ba86d,validation,retrospective,raw_unprotected,False
545c55d9062d021945fb,validation,retrospective,raw_unprotected,False
70b770af61a500c4a4e2,validation,retrospective,raw_unprotected,False
3a8ce03dd4b74ac7730f,validation,retrospective,raw_unprotected,False
9b13a5dcf668764b5cde,validation,retrospective,raw_unprotected,False
ee9697233777cad4bef4,validation,retrospective,raw_unprotected,False
689af78311670a23bae5,validation,retrospective,raw_unprotected,False
01f53a023ff59e1ead20,validation,retrospective,raw_unprotected,False
0de65e5b9e8b799366f8,validation,retrospective,raw_unprotected,False
ae5adf50941b40d1759a,validation,retrospective,raw_unprotected,False
aca66e376f074b282ab9,validation,retrospective,raw_unprotected,False
c641b6c9dc1bf06b8aa8,validation,retrospective,raw_unprotected,False
a62e07788c373be33195,validation,retrospective,raw_unprotected,False
ac19f75758fbe34fdeb1,validation,retrospective,raw_unprotected,False
485d3230ef05ba0757ef,validation,retrospective,raw_unprotected,False
df62a9049d6337f94a13,validation,retrospective,raw_unprotected,False
360c7a68b84cf108cb0e,validation,retrospective,raw_unprotected,False
4fd434e96d8e6e1500a0,validation,retrospective,raw_unprotected,False
5471cf1957bc6b2d7382,validation,retrospective,raw_unprotected,False
a827bf340c22367404b0,validation,retrospective,raw_unprotected,False
8c07d8923b39000ae6aa,validation,retrospective,raw_unprotected,False
7891f61a263eba8b1ae9,validation,retrospective,raw_unprotected,False
7aae96eadd5a33d22aee,validation,retrospective,raw_unprotected,False
8bd83749b5952e5ef4fa,validation,retrospective,raw_unprotected,False
e44a901c02880db8eceb,validation,retrospective,raw_unprotected,False
fafcd26397789f0e8daa,validation,retrospective,raw_unprotected,False
c60e4240dcbda6ae0b95,validation,retrospective,raw_unprotected,False
f566eb1d47ceca025df2,validation,retrospective,raw_unprotected,False
74bc752c29d1e6102fe0,validation,retrospective,raw_unprotected,False
a57514a0f97e35e46807,validation,retrospective,raw_unprotected,False
d834311cd00e481f549e,validation,retrospective,raw_unprotected,False
cf65f2d0a6c75669b332,validation,retrospective,raw_unprotected,False
952462d502f590eab602,validation,retrospective,raw_unprotected,False
7ba3be776069bbcb52ce,validation,retrospective,raw_unprotected,False
9dc91441973ecfab88dd,validation,retrospective,raw_unprotected,False
55d722d83e64ffe1a34c,validation,retrospective,raw_unprotected,False
7648830bcc335c2c3a0d,validation,retrospective,raw_unprotected,False
a5b68e0859a37fa02563,validation,retrospective,raw_unprotected,False
7c2b19459ed87e3d1b68,validation,retrospective,raw_unprotected,False
19e1e05ed73e4cf39502,validation,retrospective,raw_unprotected,False
e611e8e7700ee544c835,validation,retrospective,raw_unprotected,False
a18792c97d6ab2f0282e,validation,retrospective,raw_unprotected,False
1885f10f34a790973cd1,validation,retrospective,raw_unprotected,False
51e4dc168e148934494a,validation,retrospective,raw_unprotected,False
2182aa3c1aa556bbcae1,validation,retrospective,raw_unprotected,False
445e3b4c425d42dfddd3,validation,retrospective,raw_unprotected,False
eb5074e9f2626b4d716a,validation,retrospective,raw_unprotected,False
9b7894b0342456ec1bc2,validation,retrospective,raw_unprotected,False
63e4354d15a8398b10f4,validation,retrospective,raw_unprotected,False
b6b0e5a857dcc1edaab5,validation,retrospective,raw_unprotected,False
f06a70a0fe6cc5a5d6f6,validation,retrospective,raw_unprotected,False
4875a75c344482978f36,validation,retrospective,raw_unprotected,False
adbd93952208303ff0ae,validation,retrospective,raw_unprotected,False
903046d8521d5e46f345,validation,retrospective,raw_unprotected,False
730da3d027a9ed07b05d,validation,retrospective,raw_unprotected,False
fcf28b1af17c9802ede9,validation,retrospective,raw_unprotected,False
4dfafbe5f76d143f8487,validation,retrospective,raw_unprotected,False
e477432be3307a7465d3,validation,retrospective,raw_unprotected,False
2eb9a4a0ad0960ceacbb,validation,retrospective,raw_unprotected,False
696263361cba3205c18b,validation,retrospective,raw_unprotected,False
c2ece8ac966945a0e2f1,validation,retrospective,raw_unprotected,False
b3f8b13576d7d5ff6f8b,validation,retrospective,raw_unprotected,False
38ab47e5f27c1f99ffaf,validation,retrospective,raw_unprotected,False
a9e8954120225656d76b,validation,retrospective,raw_unprotected,False
ab666fc66de12fb8baa7,validation,retrospective,raw_unprotected,False
f6adb18289bfa8d6e03d,validation,retrospective,raw_guarded,False
907edd6bb2a530b4371e,validation,retrospective,raw_guarded,False
0f2389aeacbed3fd27d0,validation,retrospective,raw_guarded,False
c7f662c7c936793211ac,validation,retrospective,raw_guarded,False
7f13d3d324bd319b21a9,validation,retrospective,raw_guarded,True
0262aad6c4f544577e9c,validation,retrospective,raw_guarded,False
29630c13e9d79659d087,validation,retrospective,raw_guarded,False
c70ea23d535b980e7fa1,validation,retrospective,raw_guarded,False
89e49c9c38aeafb547bb,validation,retrospective,raw_guarded,False
d8813bb6461346f138c5,validation,retrospective,raw_guarded,False
8b63ee00a3ba96590b65,validation,retrospective,raw_guarded,False
802f16589942a04dafa8,validation,retrospective,raw_guarded,False
da9391e19520cc1fad36,validation,retrospective,raw_guarded,False
536f130ec00fab4f3d2c,validation,retrospective,raw_guarded,False
a66d78e43ba3b6529ffb,validation,retrospective,raw_guarded,False
e9cd4c7d0abe2a473fda,validation,retrospective,raw_guarded,False
0babdb761f4b2d9d3bc5,validation,retrospective,raw_guarded,False
64e74184f90135c6bfea,validation,retrospective,raw_guarded,False
8fe8f81adbe918ae385b,validation,retrospective,raw_guarded,False
994126d735567722e3a8,validation,retrospective,raw_guarded,False
a44fc31948d2e2d835b2,validation,retrospective,raw_guarded,False
aaae3316802bb0e985ef,validation,retrospective,raw_guarded,False
a1e24698a454e9130e15,validation,retrospective,raw_guarded,False
0129d2eb11ab1b2e5856,validation,retrospective,raw_guarded,False
babbe8dd2e16a36567ca,validation,retrospective,raw_guarded,False
5bb885b9f74a9308eb4a,validation,retrospective,raw_guarded,False
505d1e50e241db2a59c7,validation,retrospective,raw_guarded,False
9997feeaa1ef73777596,validation,retrospective,raw_guarded,False
534259c723397a8caf3f,validation,retrospective,raw_guarded,True
2b04327a29d757ea64cf,validation,retrospective,raw_guarded,False
720a8ee888328650177a,validation,retrospective,raw_guarded,False
26e4b7dc239e7071279b,validation,retrospective,raw_guarded,False
6758e51e89153b262410,validation,retrospective,raw_guarded,False
f8991abd09b1fdfa3d69,validation,retrospective,raw_guarded,False
a22d1e56ab82e3536b9b,validation,retrospective,raw_guarded,False
e4808c5e6d9542c893dd,validation,retrospective,raw_guarded,False
f5b2a587d288d71c5e35,validation,retrospective,raw_guarded,False
5a046bf1c8071a5dec8a,validation,retrospective,raw_guarded,False
37908ee4b8dcf169a152,validation,retrospective,raw_guarded,False
18fa3ca71ca5da5cc439,validation,retrospective,raw_guarded,False
d233bd9fae0d5d00f47c,validation,retrospective,raw_guarded,False
ab5977be44b14be347b6,validation,retrospective,raw_guarded,False
7aa89aebb773006f362f,validation,retrospective,raw_guarded,False
68b5295850302db92b11,validation,retrospective,raw_guarded,True
b0f5eac61b4eba1ed5c2,validation,retrospective,raw_guarded,False
f3f7d49ebe0da7b3a471,validation,retrospective,raw_guarded,False
1b9b48a958775a189740,validation,retrospective,raw_guarded,False
5895b9ac714fca1adb1c,validation,retrospective,raw_guarded,False
562f9ee692a8e126bf12,validation,retrospective,raw_guarded,False
0b15a9c04e42b69c6ba3,validation,retrospective,raw_guarded,False
d83b60969a5a3c40323b,validation,retrospective,raw_guarded,False
463d1eb4e139c3b3c264,validation,retrospective,raw_guarded,False
417dd6b94cefe83b7bdb,validation,retrospective,raw_guarded,False
5b64920cf37dcbe74188,validation,retrospective,raw_guarded,False
084a5c4626af3b9e5379,validation,retrospective,raw_guarded,False
e84d8fa03e2bfee8b364,validation,retrospective,raw_guarded,False
1a2b520b9e2f31384aad,validation,retrospective,raw_guarded,False
78875319963f571e29f7,validation,retrospective,raw_guarded,False
bb8506f99b2be1c022d1,validation,retrospective,raw_guarded,False
101efa49ea5447688a9f,validation,retrospective,raw_guarded,False
fbe827fae248388c101e,validation,retrospective,raw_guarded,False
dc302d2a4c9c5a46aa84,validation,retrospective,raw_guarded,False
01d6d1b1cb0923deb95f,validation,retrospective,raw_guarded,True
51d3603665fd6a50409f,validation,retrospective,raw_guarded,False
675c849b3b4d974c69e3,validation,retrospective,raw_guarded,False
125ca3ce17dc586a1a6f,validation,retrospective,raw_guarded,False
db385d1d038a0b0601e3,validation,retrospective,raw_guarded,False
952a1c1164aa8d9bc146,validation,retrospective,raw_guarded,False
69b50bb6c7a28ec79f43,validation,retrospective,raw_guarded,False
acc2675bc2e53bc15596,validation,retrospective,raw_guarded,False
170594c27b51c79617de,validation,retrospective,raw_guarded,True
fc8e3383bca30f208e32,validation,retrospective,raw_guarded,False
70247ca4971383985eba,validation,retrospective,raw_guarded,False
449a4952bf07217c2266,validation,retrospective,raw_guarded,False
b36b147167e1f97740ac,validation,retrospective,raw_guarded,False
f3ac93c3bfe3f065ca1f,validation,retrospective,raw_guarded,False
3e4cbd81ff54f6131b40,validation,retrospective,raw_guarded,False
34c615699b7038137359,validation,retrospective,raw_guarded,False
6214fa46753dbe3df9cf,validation,retrospective,raw_guarded,False
a44fa6544f0b73b2802f,validation,retrospective,raw_guarded,True
12563bd5b74ba5868e1d,validation,retrospective,raw_guarded,False
6889f99e5695e9096fdf,validation,retrospective,raw_guarded,False
fa6b8bff60de3f74039e,validation,retrospective,raw_guarded,False
d26a988d0054e14e5711,validation,retrospective,raw_guarded,False
21384e0165116f6fec67,validation,retrospective,raw_guarded,True
b41516f4a304ab2cb584,validation,retrospective,raw_guarded,False
8b4d9bfa869f177db55e,validation,retrospective,raw_guarded,False
9d98c99112e4c1134cc2,validation,retrospective,raw_guarded,True
92df0f443a75288aa9f7,validation,retrospective,raw_guarded,False
d4d317fa3c724e936427,validation,retrospective,raw_guarded,False
c25a3c262ea76ec2c848,validation,retrospective,raw_guarded,False
77cd564623d2055db495,validation,retrospective,raw_guarded,False
975da2bbb7f4527f8325,validation,retrospective,raw_guarded,False
1be653b60406058ee0a7,validation,retrospective,raw_guarded,False
b28266e3d5f0ca09722e,validation,retrospective,raw_guarded,False
081a28258a26dc8cfa55,validation,retrospective,raw_guarded,False
8c811f8f7606a0d8110c,validation,retrospective,raw_guarded,False
b9e7ef3b1e752deaec87,validation,retrospective,raw_guarded,False
4372faa2c77824901e8a,validation,retrospective,raw_guarded,False
63c9950b1d03537f209b,validation,retrospective,raw_guarded,True
810fc57fe3eb8c410acd,validation,retrospective,raw_guarded,False
21ff6e55a6fbb0f8c5c4,validation,retrospective,raw_guarded,False
45e421b54794adc86039,validation,retrospective,raw_guarded,False
2d70e381b38e98e165b3,validation,retrospective,raw_guarded,False
2c5a5f1434e0308a8091,validation,retrospective,raw_guarded,False
3794ba4de120e6bd11bd,validation,retrospective,raw_guarded,False
cdc5b28ac4e97f689816,validation,retrospective,raw_guarded,False
7e0d27c03970817ba86d,validation,retrospective,raw_guarded,False
545c55d9062d021945fb,validation,retrospective,raw_guarded,False
70b770af61a500c4a4e2,validation,retrospective,raw_guarded,False
3a8ce03dd4b74ac7730f,validation,retrospective,raw_guarded,False
9b13a5dcf668764b5cde,validation,retrospective,raw_guarded,False
ee9697233777cad4bef4,validation,retrospective,raw_guarded,False
689af78311670a23bae5,validation,retrospective,raw_guarded,False
01f53a023ff59e1ead20,validation,retrospective,raw_guarded,False
0de65e5b9e8b799366f8,validation,retrospective,raw_guarded,False
ae5adf50941b40d1759a,validation,retrospective,raw_guarded,False
aca66e376f074b282ab9,validation,retrospective,raw_guarded,False
c641b6c9dc1bf06b8aa8,validation,retrospective,raw_guarded,False
a62e07788c373be33195,validation,retrospective,raw_guarded,False
ac19f75758fbe34fdeb1,validation,retrospective,raw_guarded,False
485d3230ef05ba0757ef,validation,retrospective,raw_guarded,False
df62a9049d6337f94a13,validation,retrospective,raw_guarded,False
360c7a68b84cf108cb0e,validation,retrospective,raw_guarded,False
4fd434e96d8e6e1500a0,validation,retrospective,raw_guarded,False
5471cf1957bc6b2d7382,validation,retrospective,raw_guarded,False
a827bf340c22367404b0,validation,retrospective,raw_guarded,False
8c07d8923b39000ae6aa,validation,retrospective,raw_guarded,False
7891f61a263eba8b1ae9,validation,retrospective,raw_guarded,False
7aae96eadd5a33d22aee,validation,retrospective,raw_guarded,False
8bd83749b5952e5ef4fa,validation,retrospective,raw_guarded,False
e44a901c02880db8eceb,validation,retrospective,raw_guarded,False
fafcd26397789f0e8daa,validation,retrospective,raw_guarded,True
c60e4240dcbda6ae0b95,validation,retrospective,raw_guarded,True
f566eb1d47ceca025df2,validation,retrospective,raw_guarded,False
74bc752c29d1e6102fe0,validation,retrospective,raw_guarded,False
a57514a0f97e35e46807,validation,retrospective,raw_guarded,False
d834311cd00e481f549e,validation,retrospective,raw_guarded,False
cf65f2d0a6c75669b332,validation,retrospective,raw_guarded,True
952462d502f590eab602,validation,retrospective,raw_guarded,False
7ba3be776069bbcb52ce,validation,retrospective,raw_guarded,False
9dc91441973ecfab88dd,validation,retrospective,raw_guarded,False
55d722d83e64ffe1a34c,validation,retrospective,raw_guarded,False
7648830bcc335c2c3a0d,validation,retrospective,raw_guarded,False
a5b68e0859a37fa02563,validation,retrospective,raw_guarded,False
7c2b19459ed87e3d1b68,validation,retrospective,raw_guarded,False
19e1e05ed73e4cf39502,validation,retrospective,raw_guarded,False
e611e8e7700ee544c835,validation,retrospective,raw_guarded,False
a18792c97d6ab2f0282e,validation,retrospective,raw_guarded,False
1885f10f34a790973cd1,validation,retrospective,raw_guarded,False
51e4dc168e148934494a,validation,retrospective,raw_guarded,False
2182aa3c1aa556bbcae1,validation,retrospective,raw_guarded,False
445e3b4c425d42dfddd3,validation,retrospective,raw_guarded,False
eb5074e9f2626b4d716a,validation,retrospective,raw_guarded,False
9b7894b0342456ec1bc2,validation,retrospective,raw_guarded,False
63e4354d15a8398b10f4,validation,retrospective,raw_guarded,False
b6b0e5a857dcc1edaab5,validation,retrospective,raw_guarded,False
f06a70a0fe6cc5a5d6f6,validation,retrospective,raw_guarded,False
4875a75c344482978f36,validation,retrospective,raw_guarded,True
adbd93952208303ff0ae,validation,retrospective,raw_guarded,True
903046d8521d5e46f345,validation,retrospective,raw_guarded,False
730da3d027a9ed07b05d,validation,retrospective,raw_guarded,False
fcf28b1af17c9802ede9,validation,retrospective,raw_guarded,False
4dfafbe5f76d143f8487,validation,retrospective,raw_guarded,True
e477432be3307a7465d3,validation,retrospective,raw_guarded,False
2eb9a4a0ad0960ceacbb,validation,retrospective,raw_guarded,False
696263361cba3205c18b,validation,retrospective,raw_guarded,False
c2ece8ac966945a0e2f1,validation,retrospective,raw_guarded,False
b3f8b13576d7d5ff6f8b,validation,retrospective,raw_guarded,False
38ab47e5f27c1f99ffaf,validation,retrospective,raw_guarded,True
a9e8954120225656d76b,validation,retrospective,raw_guarded,False
ab666fc66de12fb8baa7,validation,retrospective,raw_guarded,True
f6adb18289bfa8d6e03d,validation,retrospective,gap_guarded,False
907edd6bb2a530b4371e,validation,retrospective,gap_guarded,False
0f2389aeacbed3fd27d0,validation,retrospective,gap_guarded,False
c7f662c7c936793211ac,validation,retrospective,gap_guarded,False
7f13d3d324bd319b21a9,validation,retrospective,gap_guarded,True
0262aad6c4f544577e9c,validation,retrospective,gap_guarded,False
29630c13e9d79659d087,validation,retrospective,gap_guarded,False
c70ea23d535b980e7fa1,validation,retrospective,gap_guarded,False
89e49c9c38aeafb547bb,validation,retrospective,gap_guarded,False
d8813bb6461346f138c5,validation,retrospective,gap_guarded,False
8b63ee00a3ba96590b65,validation,retrospective,gap_guarded,False
802f16589942a04dafa8,validation,retrospective,gap_guarded,False
da9391e19520cc1fad36,validation,retrospective,gap_guarded,False
536f130ec00fab4f3d2c,validation,retrospective,gap_guarded,False
a66d78e43ba3b6529ffb,validation,retrospective,gap_guarded,False
e9cd4c7d0abe2a473fda,validation,retrospective,gap_guarded,False
0babdb761f4b2d9d3bc5,validation,retrospective,gap_guarded,False
64e74184f90135c6bfea,validation,retrospective,gap_guarded,False
8fe8f81adbe918ae385b,validation,retrospective,gap_guarded,False
994126d735567722e3a8,validation,retrospective,gap_guarded,False
a44fc31948d2e2d835b2,validation,retrospective,gap_guarded,False
aaae3316802bb0e985ef,validation,retrospective,gap_guarded,False
a1e24698a454e9130e15,validation,retrospective,gap_guarded,False
0129d2eb11ab1b2e5856,validation,retrospective,gap_guarded,False
babbe8dd2e16a36567ca,validation,retrospective,gap_guarded,False
5bb885b9f74a9308eb4a,validation,retrospective,gap_guarded,False
505d1e50e241db2a59c7,validation,retrospective,gap_guarded,False
9997feeaa1ef73777596,validation,retrospective,gap_guarded,False
534259c723397a8caf3f,validation,retrospective,gap_guarded,True
2b04327a29d757ea64cf,validation,retrospective,gap_guarded,False
720a8ee888328650177a,validation,retrospective,gap_guarded,False
26e4b7dc239e7071279b,validation,retrospective,gap_guarded,False
6758e51e89153b262410,validation,retrospective,gap_guarded,False
f8991abd09b1fdfa3d69,validation,retrospective,gap_guarded,False
a22d1e56ab82e3536b9b,validation,retrospective,gap_guarded,False
e4808c5e6d9542c893dd,validation,retrospective,gap_guarded,False
f5b2a587d288d71c5e35,validation,retrospective,gap_guarded,False
5a046bf1c8071a5dec8a,validation,retrospective,gap_guarded,False
37908ee4b8dcf169a152,validation,retrospective,gap_guarded,False
18fa3ca71ca5da5cc439,validation,retrospective,gap_guarded,False
d233bd9fae0d5d00f47c,validation,retrospective,gap_guarded,False
ab5977be44b14be347b6,validation,retrospective,gap_guarded,False
7aa89aebb773006f362f,validation,retrospective,gap_guarded,False
68b5295850302db92b11,validation,retrospective,gap_guarded,True
b0f5eac61b4eba1ed5c2,validation,retrospective,gap_guarded,False
f3f7d49ebe0da7b3a471,validation,retrospective,gap_guarded,False
1b9b48a958775a189740,validation,retrospective,gap_guarded,False
5895b9ac714fca1adb1c,validation,retrospective,gap_guarded,False
562f9ee692a8e126bf12,validation,retrospective,gap_guarded,False
0b15a9c04e42b69c6ba3,validation,retrospective,gap_guarded,False
d83b60969a5a3c40323b,validation,retrospective,gap_guarded,False
463d1eb4e139c3b3c264,validation,retrospective,gap_guarded,False
417dd6b94cefe83b7bdb,validation,retrospective,gap_guarded,False
5b64920cf37dcbe74188,validation,retrospective,gap_guarded,False
084a5c4626af3b9e5379,validation,retrospective,gap_guarded,False
e84d8fa03e2bfee8b364,validation,retrospective,gap_guarded,False
1a2b520b9e2f31384aad,validation,retrospective,gap_guarded,False
78875319963f571e29f7,validation,retrospective,gap_guarded,False
bb8506f99b2be1c022d1,validation,retrospective,gap_guarded,False
101efa49ea5447688a9f,validation,retrospective,gap_guarded,False
fbe827fae248388c101e,validation,retrospective,gap_guarded,False
dc302d2a4c9c5a46aa84,validation,retrospective,gap_guarded,False
01d6d1b1cb0923deb95f,validation,retrospective,gap_guarded,True
51d3603665fd6a50409f,validation,retrospective,gap_guarded,False
675c849b3b4d974c69e3,validation,retrospective,gap_guarded,False
125ca3ce17dc586a1a6f,validation,retrospective,gap_guarded,False
db385d1d038a0b0601e3,validation,retrospective,gap_guarded,False
952a1c1164aa8d9bc146,validation,retrospective,gap_guarded,False
69b50bb6c7a28ec79f43,validation,retrospective,gap_guarded,False
acc2675bc2e53bc15596,validation,retrospective,gap_guarded,False
170594c27b51c79617de,validation,retrospective,gap_guarded,True
fc8e3383bca30f208e32,validation,retrospective,gap_guarded,False
70247ca4971383985eba,validation,retrospective,gap_guarded,False
449a4952bf07217c2266,validation,retrospective,gap_guarded,False
b36b147167e1f97740ac,validation,retrospective,gap_guarded,False
f3ac93c3bfe3f065ca1f,validation,retrospective,gap_guarded,False
3e4cbd81ff54f6131b40,validation,retrospective,gap_guarded,False
34c615699b7038137359,validation,retrospective,gap_guarded,False
6214fa46753dbe3df9cf,validation,retrospective,gap_guarded,False
a44fa6544f0b73b2802f,validation,retrospective,gap_guarded,True
12563bd5b74ba5868e1d,validation,retrospective,gap_guarded,False
6889f99e5695e9096fdf,validation,retrospective,gap_guarded,False
fa6b8bff60de3f74039e,validation,retrospective,gap_guarded,False
d26a988d0054e14e5711,validation,retrospective,gap_guarded,False
21384e0165116f6fec67,validation,retrospective,gap_guarded,True
b41516f4a304ab2cb584,validation,retrospective,gap_guarded,False
8b4d9bfa869f177db55e,validation,retrospective,gap_guarded,False
9d98c99112e4c1134cc2,validation,retrospective,gap_guarded,True
92df0f443a75288aa9f7,validation,retrospective,gap_guarded,False
d4d317fa3c724e936427,validation,retrospective,gap_guarded,False
c25a3c262ea76ec2c848,validation,retrospective,gap_guarded,False
77cd564623d2055db495,validation,retrospective,gap_guarded,False
975da2bbb7f4527f8325,validation,retrospective,gap_guarded,False
1be653b60406058ee0a7,validation,retrospective,gap_guarded,False
b28266e3d5f0ca09722e,validation,retrospective,gap_guarded,False
081a28258a26dc8cfa55,validation,retrospective,gap_guarded,False
8c811f8f7606a0d8110c,validation,retrospective,gap_guarded,False
b9e7ef3b1e752deaec87,validation,retrospective,gap_guarded,False
4372faa2c77824901e8a,validation,retrospective,gap_guarded,False
63c9950b1d03537f209b,validation,retrospective,gap_guarded,True
810fc57fe3eb8c410acd,validation,retrospective,gap_guarded,False
21ff6e55a6fbb0f8c5c4,validation,retrospective,gap_guarded,False
45e421b54794adc86039,validation,retrospective,gap_guarded,False
2d70e381b38e98e165b3,validation,retrospective,gap_guarded,False
2c5a5f1434e0308a8091,validation,retrospective,gap_guarded,False
3794ba4de120e6bd11bd,validation,retrospective,gap_guarded,False
cdc5b28ac4e97f689816,validation,retrospective,gap_guarded,False
7e0d27c03970817ba86d,validation,retrospective,gap_guarded,False
545c55d9062d021945fb,validation,retrospective,gap_guarded,False
70b770af61a500c4a4e2,validation,retrospective,gap_guarded,False
3a8ce03dd4b74ac7730f,validation,retrospective,gap_guarded,False
9b13a5dcf668764b5cde,validation,retrospective,gap_guarded,False
ee9697233777cad4bef4,validation,retrospective,gap_guarded,False
689af78311670a23bae5,validation,retrospective,gap_guarded,False
01f53a023ff59e1ead20,validation,retrospective,gap_guarded,False
0de65e5b9e8b799366f8,validation,retrospective,gap_guarded,False
ae5adf50941b40d1759a,validation,retrospective,gap_guarded,False
aca66e376f074b282ab9,validation,retrospective,gap_guarded,False
c641b6c9dc1bf06b8aa8,validation,retrospective,gap_guarded,False
a62e07788c373be33195,validation,retrospective,gap_guarded,False
ac19f75758fbe34fdeb1,validation,retrospective,gap_guarded,False
485d3230ef05ba0757ef,validation,retrospective,gap_guarded,False
df62a9049d6337f94a13,validation,retrospective,gap_guarded,False
360c7a68b84cf108cb0e,validation,retrospective,gap_guarded,False
4fd434e96d8e6e1500a0,validation,retrospective,gap_guarded,False
5471cf1957bc6b2d7382,validation,retrospective,gap_guarded,False
a827bf340c22367404b0,validation,retrospective,gap_guarded,False
8c07d8923b39000ae6aa,validation,retrospective,gap_guarded,False
7891f61a263eba8b1ae9,validation,retrospective,gap_guarded,False
7aae96eadd5a33d22aee,validation,retrospective,gap_guarded,False
8bd83749b5952e5ef4fa,validation,retrospective,gap_guarded,False
e44a901c02880db8eceb,validation,retrospective,gap_guarded,False
fafcd26397789f0e8daa,validation,retrospective,gap_guarded,True
c60e4240dcbda6ae0b95,validation,retrospective,gap_guarded,True
f566eb1d47ceca025df2,validation,retrospective,gap_guarded,False
74bc752c29d1e6102fe0,validation,retrospective,gap_guarded,False
a57514a0f97e35e46807,validation,retrospective,gap_guarded,False
d834311cd00e481f549e,validation,retrospective,gap_guarded,False
cf65f2d0a6c75669b332,validation,retrospective,gap_guarded,True
952462d502f590eab602,validation,retrospective,gap_guarded,False
7ba3be776069bbcb52ce,validation,retrospective,gap_guarded,False
9dc91441973ecfab88dd,validation,retrospective,gap_guarded,False
55d722d83e64ffe1a34c,validation,retrospective,gap_guarded,False
7648830bcc335c2c3a0d,validation,retrospective,gap_guarded,False
a5b68e0859a37fa02563,validation,retrospective,gap_guarded,False
7c2b19459ed87e3d1b68,validation,retrospective,gap_guarded,False
19e1e05ed73e4cf39502,validation,retrospective,gap_guarded,False
e611e8e7700ee544c835,validation,retrospective,gap_guarded,False
a18792c97d6ab2f0282e,validation,retrospective,gap_guarded,False
1885f10f34a790973cd1,validation,retrospective,gap_guarded,False
51e4dc168e148934494a,validation,retrospective,gap_guarded,False
2182aa3c1aa556bbcae1,validation,retrospective,gap_guarded,False
445e3b4c425d42dfddd3,validation,retrospective,gap_guarded,False
eb5074e9f2626b4d716a,validation,retrospective,gap_guarded,False
9b7894b0342456ec1bc2,validation,retrospective,gap_guarded,False
63e4354d15a8398b10f4,validation,retrospective,gap_guarded,False
b6b0e5a857dcc1edaab5,validation,retrospective,gap_guarded,False
f06a70a0fe6cc5a5d6f6,validation,retrospective,gap_guarded,False
4875a75c344482978f36,validation,retrospective,gap_guarded,True
adbd93952208303ff0ae,validation,retrospective,gap_guarded,True
903046d8521d5e46f345,validation,retrospective,gap_guarded,False
730da3d027a9ed07b05d,validation,retrospective,gap_guarded,False
fcf28b1af17c9802ede9,validation,retrospective,gap_guarded,False
4dfafbe5f76d143f8487,validation,retrospective,gap_guarded,True
e477432be3307a7465d3,validation,retrospective,gap_guarded,False
2eb9a4a0ad0960ceacbb,validation,retrospective,gap_guarded,False
696263361cba3205c18b,validation,retrospective,gap_guarded,False
c2ece8ac966945a0e2f1,validation,retrospective,gap_guarded,False
b3f8b13576d7d5ff6f8b,validation,retrospective,gap_guarded,False
38ab47e5f27c1f99ffaf,validation,retrospective,gap_guarded,True
a9e8954120225656d76b,validation,retrospective,gap_guarded,False
ab666fc66de12fb8baa7,validation,retrospective,gap_guarded,True
f6adb18289bfa8d6e03d,validation,retrospective,phase_guarded,False
907edd6bb2a530b4371e,validation,retrospective,phase_guarded,False
0f2389aeacbed3fd27d0,validation,retrospective,phase_guarded,False
c7f662c7c936793211ac,validation,retrospective,phase_guarded,False
7f13d3d324bd319b21a9,validation,retrospective,phase_guarded,True
0262aad6c4f544577e9c,validation,retrospective,phase_guarded,False
29630c13e9d79659d087,validation,retrospective,phase_guarded,False
c70ea23d535b980e7fa1,validation,retrospective,phase_guarded,False
89e49c9c38aeafb547bb,validation,retrospective,phase_guarded,False
d8813bb6461346f138c5,validation,retrospective,phase_guarded,False
8b63ee00a3ba96590b65,validation,retrospective,phase_guarded,False
802f16589942a04dafa8,validation,retrospective,phase_guarded,False
da9391e19520cc1fad36,validation,retrospective,phase_guarded,False
536f130ec00fab4f3d2c,validation,retrospective,phase_guarded,False
a66d78e43ba3b6529ffb,validation,retrospective,phase_guarded,False
e9cd4c7d0abe2a473fda,validation,retrospective,phase_guarded,False
0babdb761f4b2d9d3bc5,validation,retrospective,phase_guarded,True
64e74184f90135c6bfea,validation,retrospective,phase_guarded,False
8fe8f81adbe918ae385b,validation,retrospective,phase_guarded,False
994126d735567722e3a8,validation,retrospective,phase_guarded,False
a44fc31948d2e2d835b2,validation,retrospective,phase_guarded,False
aaae3316802bb0e985ef,validation,retrospective,phase_guarded,False
a1e24698a454e9130e15,validation,retrospective,phase_guarded,False
0129d2eb11ab1b2e5856,validation,retrospective,phase_guarded,False
babbe8dd2e16a36567ca,validation,retrospective,phase_guarded,False
5bb885b9f74a9308eb4a,validation,retrospective,phase_guarded,False
505d1e50e241db2a59c7,validation,retrospective,phase_guarded,False
9997feeaa1ef73777596,validation,retrospective,phase_guarded,False
534259c723397a8caf3f,validation,retrospective,phase_guarded,True
2b04327a29d757ea64cf,validation,retrospective,phase_guarded,False
720a8ee888328650177a,validation,retrospective,phase_guarded,False
26e4b7dc239e7071279b,validation,retrospective,phase_guarded,False
6758e51e89153b262410,validation,retrospective,phase_guarded,False
f8991abd09b1fdfa3d69,validation,retrospective,phase_guarded,False
a22d1e56ab82e3536b9b,validation,retrospective,phase_guarded,False
e4808c5e6d9542c893dd,validation,retrospective,phase_guarded,False
f5b2a587d288d71c5e35,validation,retrospective,phase_guarded,False
5a046bf1c8071a5dec8a,validation,retrospective,phase_guarded,False
37908ee4b8dcf169a152,validation,retrospective,phase_guarded,False
18fa3ca71ca5da5cc439,validation,retrospective,phase_guarded,False
d233bd9fae0d5d00f47c,validation,retrospective,phase_guarded,False
ab5977be44b14be347b6,validation,retrospective,phase_guarded,False
7aa89aebb773006f362f,validation,retrospective,phase_guarded,False
68b5295850302db92b11,validation,retrospective,phase_guarded,True
b0f5eac61b4eba1ed5c2,validation,retrospective,phase_guarded,False
f3f7d49ebe0da7b3a471,validation,retrospective,phase_guarded,False
1b9b48a958775a189740,validation,retrospective,phase_guarded,False
5895b9ac714fca1adb1c,validation,retrospective,phase_guarded,False
562f9ee692a8e126bf12,validation,retrospective,phase_guarded,False
0b15a9c04e42b69c6ba3,validation,retrospective,phase_guarded,False
d83b60969a5a3c40323b,validation,retrospective,phase_guarded,False
463d1eb4e139c3b3c264,validation,retrospective,phase_guarded,False
417dd6b94cefe83b7bdb,validation,retrospective,phase_guarded,False
5b64920cf37dcbe74188,validation,retrospective,phase_guarded,False
084a5c4626af3b9e5379,validation,retrospective,phase_guarded,False
e84d8fa03e2bfee8b364,validation,retrospective,phase_guarded,False
1a2b520b9e2f31384aad,validation,retrospective,phase_guarded,False
78875319963f571e29f7,validation,retrospective,phase_guarded,False
bb8506f99b2be1c022d1,validation,retrospective,phase_guarded,False
101efa49ea5447688a9f,validation,retrospective,phase_guarded,False
fbe827fae248388c101e,validation,retrospective,phase_guarded,False
dc302d2a4c9c5a46aa84,validation,retrospective,phase_guarded,False
01d6d1b1cb0923deb95f,validation,retrospective,phase_guarded,True
51d3603665fd6a50409f,validation,retrospective,phase_guarded,False
675c849b3b4d974c69e3,validation,retrospective,phase_guarded,False
125ca3ce17dc586a1a6f,validation,retrospective,phase_guarded,False
db385d1d038a0b0601e3,validation,retrospective,phase_guarded,False
952a1c1164aa8d9bc146,validation,retrospective,phase_guarded,False
69b50bb6c7a28ec79f43,validation,retrospective,phase_guarded,False
acc2675bc2e53bc15596,validation,retrospective,phase_guarded,False
170594c27b51c79617de,validation,retrospective,phase_guarded,True
fc8e3383bca30f208e32,validation,retrospective,phase_guarded,False
70247ca4971383985eba,validation,retrospective,phase_guarded,False
449a4952bf07217c2266,validation,retrospective,phase_guarded,False
b36b147167e1f97740ac,validation,retrospective,phase_guarded,False
f3ac93c3bfe3f065ca1f,validation,retrospective,phase_guarded,False
3e4cbd81ff54f6131b40,validation,retrospective,phase_guarded,False
34c615699b7038137359,validation,retrospective,phase_guarded,False
6214fa46753dbe3df9cf,validation,retrospective,phase_guarded,False
a44fa6544f0b73b2802f,validation,retrospective,phase_guarded,True
12563bd5b74ba5868e1d,validation,retrospective,phase_guarded,False
6889f99e5695e9096fdf,validation,retrospective,phase_guarded,False
fa6b8bff60de3f74039e,validation,retrospective,phase_guarded,False
d26a988d0054e14e5711,validation,retrospective,phase_guarded,False
21384e0165116f6fec67,validation,retrospective,phase_guarded,True
b41516f4a304ab2cb584,validation,retrospective,phase_guarded,False
8b4d9bfa869f177db55e,validation,retrospective,phase_guarded,False
9d98c99112e4c1134cc2,validation,retrospective,phase_guarded,True
92df0f443a75288aa9f7,validation,retrospective,phase_guarded,False
d4d317fa3c724e936427,validation,retrospective,phase_guarded,False
c25a3c262ea76ec2c848,validation,retrospective,phase_guarded,False
77cd564623d2055db495,validation,retrospective,phase_guarded,False
975da2bbb7f4527f8325,validation,retrospective,phase_guarded,False
1be653b60406058ee0a7,validation,retrospective,phase_guarded,False
b28266e3d5f0ca09722e,validation,retrospective,phase_guarded,False
081a28258a26dc8cfa55,validation,retrospective,phase_guarded,False
8c811f8f7606a0d8110c,validation,retrospective,phase_guarded,False
b9e7ef3b1e752deaec87,validation,retrospective,phase_guarded,False
4372faa2c77824901e8a,validation,retrospective,phase_guarded,False
63c9950b1d03537f209b,validation,retrospective,phase_guarded,True
810fc57fe3eb8c410acd,validation,retrospective,phase_guarded,False
21ff6e55a6fbb0f8c5c4,validation,retrospective,phase_guarded,False
45e421b54794adc86039,validation,retrospective,phase_guarded,False
2d70e381b38e98e165b3,validation,retrospective,phase_guarded,False
2c5a5f1434e0308a8091,validation,retrospective,phase_guarded,False
3794ba4de120e6bd11bd,validation,retrospective,phase_guarded,False
cdc5b28ac4e97f689816,validation,retrospective,phase_guarded,False
7e0d27c03970817ba86d,validation,retrospective,phase_guarded,False
545c55d9062d021945fb,validation,retrospective,phase_guarded,False
70b770af61a500c4a4e2,validation,retrospective,phase_guarded,False
3a8ce03dd4b74ac7730f,validation,retrospective,phase_guarded,False
9b13a5dcf668764b5cde,validation,retrospective,phase_guarded,False
ee9697233777cad4bef4,validation,retrospective,phase_guarded,False
689af78311670a23bae5,validation,retrospective,phase_guarded,False
01f53a023ff59e1ead20,validation,retrospective,phase_guarded,False
0de65e5b9e8b799366f8,validation,retrospective,phase_guarded,False
ae5adf50941b40d1759a,validation,retrospective,phase_guarded,False
aca66e376f074b282ab9,validation,retrospective,phase_guarded,False
c641b6c9dc1bf06b8aa8,validation,retrospective,phase_guarded,False
a62e07788c373be33195,validation,retrospective,phase_guarded,False
ac19f75758fbe34fdeb1,validation,retrospective,phase_guarded,False
485d3230ef05ba0757ef,validation,retrospective,phase_guarded,False
df62a9049d6337f94a13,validation,retrospective,phase_guarded,False
360c7a68b84cf108cb0e,validation,retrospective,phase_guarded,False
4fd434e96d8e6e1500a0,validation,retrospective,phase_guarded,False
5471cf1957bc6b2d7382,validation,retrospective,phase_guarded,False
a827bf340c22367404b0,validation,retrospective,phase_guarded,False
8c07d8923b39000ae6aa,validation,retrospective,phase_guarded,False
7891f61a263eba8b1ae9,validation,retrospective,phase_guarded,False
7aae96eadd5a33d22aee,validation,retrospective,phase_guarded,False
8bd83749b5952e5ef4fa,validation,retrospective,phase_guarded,False
e44a901c02880db8eceb,validation,retrospective,phase_guarded,False
fafcd26397789f0e8daa,validation,retrospective,phase_guarded,True
c60e4240dcbda6ae0b95,validation,retrospective,phase_guarded,True
f566eb1d47ceca025df2,validation,retrospective,phase_guarded,False
74bc752c29d1e6102fe0,validation,retrospective,phase_guarded,False
a57514a0f97e35e46807,validation,retrospective,phase_guarded,False
d834311cd00e481f549e,validation,retrospective,phase_guarded,False
cf65f2d0a6c75669b332,validation,retrospective,phase_guarded,True
952462d502f590eab602,validation,retrospective,phase_guarded,False
7ba3be776069bbcb52ce,validation,retrospective,phase_guarded,False
9dc91441973ecfab88dd,validation,retrospective,phase_guarded,False
55d722d83e64ffe1a34c,validation,retrospective,phase_guarded,False
7648830bcc335c2c3a0d,validation,retrospective,phase_guarded,False
a5b68e0859a37fa02563,validation,retrospective,phase_guarded,False
7c2b19459ed87e3d1b68,validation,retrospective,phase_guarded,False
19e1e05ed73e4cf39502,validation,retrospective,phase_guarded,False
e611e8e7700ee544c835,validation,retrospective,phase_guarded,False
a18792c97d6ab2f0282e,validation,retrospective,phase_guarded,False
1885f10f34a790973cd1,validation,retrospective,phase_guarded,False
51e4dc168e148934494a,validation,retrospective,phase_guarded,False
2182aa3c1aa556bbcae1,validation,retrospective,phase_guarded,False
445e3b4c425d42dfddd3,validation,retrospective,phase_guarded,False
eb5074e9f2626b4d716a,validation,retrospective,phase_guarded,False
9b7894b0342456ec1bc2,validation,retrospective,phase_guarded,False
63e4354d15a8398b10f4,validation,retrospective,phase_guarded,False
b6b0e5a857dcc1edaab5,validation,retrospective,phase_guarded,False
f06a70a0fe6cc5a5d6f6,validation,retrospective,phase_guarded,False
4875a75c344482978f36,validation,retrospective,phase_guarded,True
adbd93952208303ff0ae,validation,retrospective,phase_guarded,True
903046d8521d5e46f345,validation,retrospective,phase_guarded,False
730da3d027a9ed07b05d,validation,retrospective,phase_guarded,False
fcf28b1af17c9802ede9,validation,retrospective,phase_guarded,False
4dfafbe5f76d143f8487,validation,retrospective,phase_guarded,True
e477432be3307a7465d3,validation,retrospective,phase_guarded,False
2eb9a4a0ad0960ceacbb,validation,retrospective,phase_guarded,False
696263361cba3205c18b,validation,retrospective,phase_guarded,False
c2ece8ac966945a0e2f1,validation,retrospective,phase_guarded,False
b3f8b13576d7d5ff6f8b,validation,retrospective,phase_guarded,False
38ab47e5f27c1f99ffaf,validation,retrospective,phase_guarded,True
a9e8954120225656d76b,validation,retrospective,phase_guarded,False
ab666fc66de12fb8baa7,validation,retrospective,phase_guarded,True
f6adb18289bfa8d6e03d,validation,retrospective,selected,False
907edd6bb2a530b4371e,validation,retrospective,selected,False
0f2389aeacbed3fd27d0,validation,retrospective,selected,False
c7f662c7c936793211ac,validation,retrospective,selected,False
7f13d3d324bd319b21a9,validation,retrospective,selected,True
0262aad6c4f544577e9c,validation,retrospective,selected,False
29630c13e9d79659d087,validation,retrospective,selected,False
c70ea23d535b980e7fa1,validation,retrospective,selected,False
89e49c9c38aeafb547bb,validation,retrospective,selected,False
d8813bb6461346f138c5,validation,retrospective,selected,False
8b63ee00a3ba96590b65,validation,retrospective,selected,False
802f16589942a04dafa8,validation,retrospective,selected,False
da9391e19520cc1fad36,validation,retrospective,selected,False
536f130ec00fab4f3d2c,validation,retrospective,selected,False
a66d78e43ba3b6529ffb,validation,retrospective,selected,False
e9cd4c7d0abe2a473fda,validation,retrospective,selected,False
0babdb761f4b2d9d3bc5,validation,retrospective,selected,False
64e74184f90135c6bfea,validation,retrospective,selected,False
8fe8f81adbe918ae385b,validation,retrospective,selected,False
994126d735567722e3a8,validation,retrospective,selected,False
a44fc31948d2e2d835b2,validation,retrospective,selected,False
aaae3316802bb0e985ef,validation,retrospective,selected,False
a1e24698a454e9130e15,validation,retrospective,selected,False
0129d2eb11ab1b2e5856,validation,retrospective,selected,False
babbe8dd2e16a36567ca,validation,retrospective,selected,False
5bb885b9f74a9308eb4a,validation,retrospective,selected,False
505d1e50e241db2a59c7,validation,retrospective,selected,False
9997feeaa1ef73777596,validation,retrospective,selected,False
534259c723397a8caf3f,validation,retrospective,selected,True
2b04327a29d757ea64cf,validation,retrospective,selected,False
720a8ee888328650177a,validation,retrospective,selected,False
26e4b7dc239e7071279b,validation,retrospective,selected,False
6758e51e89153b262410,validation,retrospective,selected,False
f8991abd09b1fdfa3d69,validation,retrospective,selected,False
a22d1e56ab82e3536b9b,validation,retrospective,selected,False
e4808c5e6d9542c893dd,validation,retrospective,selected,False
f5b2a587d288d71c5e35,validation,retrospective,selected,False
5a046bf1c8071a5dec8a,validation,retrospective,selected,False
37908ee4b8dcf169a152,validation,retrospective,selected,False
18fa3ca71ca5da5cc439,validation,retrospective,selected,False
d233bd9fae0d5d00f47c,validation,retrospective,selected,False
ab5977be44b14be347b6,validation,retrospective,selected,False
7aa89aebb773006f362f,validation,retrospective,selected,False
68b5295850302db92b11,validation,retrospective,selected,True
b0f5eac61b4eba1ed5c2,validation,retrospective,selected,False
f3f7d49ebe0da7b3a471,validation,retrospective,selected,False
1b9b48a958775a189740,validation,retrospective,selected,False
5895b9ac714fca1adb1c,validation,retrospective,selected,False
562f9ee692a8e126bf12,validation,retrospective,selected,False
0b15a9c04e42b69c6ba3,validation,retrospective,selected,False
d83b60969a5a3c40323b,validation,retrospective,selected,False
463d1eb4e139c3b3c264,validation,retrospective,selected,False
417dd6b94cefe83b7bdb,validation,retrospective,selected,False
5b64920cf37dcbe74188,validation,retrospective,selected,False
084a5c4626af3b9e5379,validation,retrospective,selected,False
e84d8fa03e2bfee8b364,validation,retrospective,selected,False
1a2b520b9e2f31384aad,validation,retrospective,selected,False
78875319963f571e29f7,validation,retrospective,selected,False
bb8506f99b2be1c022d1,validation,retrospective,selected,False
101efa49ea5447688a9f,validation,retrospective,selected,False
fbe827fae248388c101e,validation,retrospective,selected,False
dc302d2a4c9c5a46aa84,validation,retrospective,selected,False
01d6d1b1cb0923deb95f,validation,retrospective,selected,True
51d3603665fd6a50409f,validation,retrospective,selected,False
675c849b3b4d974c69e3,validation,retrospective,selected,False
125ca3ce17dc586a1a6f,validation,retrospective,selected,False
db385d1d038a0b0601e3,validation,retrospective,selected,False
952a1c1164aa8d9bc146,validation,retrospective,selected,False
69b50bb6c7a28ec79f43,validation,retrospective,selected,False
acc2675bc2e53bc15596,validation,retrospective,selected,False
170594c27b51c79617de,validation,retrospective,selected,True
fc8e3383bca30f208e32,validation,retrospective,selected,False
70247ca4971383985eba,validation,retrospective,selected,False
449a4952bf07217c2266,validation,retrospective,selected,False
b36b147167e1f97740ac,validation,retrospective,selected,False
f3ac93c3bfe3f065ca1f,validation,retrospective,selected,False
3e4cbd81ff54f6131b40,validation,retrospective,selected,False
34c615699b7038137359,validation,retrospective,selected,False
6214fa46753dbe3df9cf,validation,retrospective,selected,False
a44fa6544f0b73b2802f,validation,retrospective,selected,True
12563bd5b74ba5868e1d,validation,retrospective,selected,False
6889f99e5695e9096fdf,validation,retrospective,selected,False
fa6b8bff60de3f74039e,validation,retrospective,selected,False
d26a988d0054e14e5711,validation,retrospective,selected,False
21384e0165116f6fec67,validation,retrospective,selected,True
b41516f4a304ab2cb584,validation,retrospective,selected,False
8b4d9bfa869f177db55e,validation,retrospective,selected,False
9d98c99112e4c1134cc2,validation,retrospective,selected,True
92df0f443a75288aa9f7,validation,retrospective,selected,False
d4d317fa3c724e936427,validation,retrospective,selected,False
c25a3c262ea76ec2c848,validation,retrospective,selected,False
77cd564623d2055db495,validation,retrospective,selected,False
975da2bbb7f4527f8325,validation,retrospective,selected,False
1be653b60406058ee0a7,validation,retrospective,selected,False
b28266e3d5f0ca09722e,validation,retrospective,selected,False
081a28258a26dc8cfa55,validation,retrospective,selected,False
8c811f8f7606a0d8110c,validation,retrospective,selected,False
b9e7ef3b1e752deaec87,validation,retrospective,selected,False
4372faa2c77824901e8a,validation,retrospective,selected,False
63c9950b1d03537f209b,validation,retrospective,selected,True
810fc57fe3eb8c410acd,validation,retrospective,selected,False
21ff6e55a6fbb0f8c5c4,validation,retrospective,selected,False
45e421b54794adc86039,validation,retrospective,selected,False
2d70e381b38e98e165b3,validation,retrospective,selected,False
2c5a5f1434e0308a8091,validation,retrospective,selected,False
3794ba4de120e6bd11bd,validation,retrospective,selected,False
cdc5b28ac4e97f689816,validation,retrospective,selected,False
7e0d27c03970817ba86d,validation,retrospective,selected,False
545c55d9062d021945fb,validation,retrospective,selected,False
70b770af61a500c4a4e2,validation,retrospective,selected,False
3a8ce03dd4b74ac7730f,validation,retrospective,selected,False
9b13a5dcf668764b5cde,validation,retrospective,selected,False
ee9697233777cad4bef4,validation,retrospective,selected,False
689af78311670a23bae5,validation,retrospective,selected,False
01f53a023ff59e1ead20,validation,retrospective,selected,False
0de65e5b9e8b799366f8,validation,retrospective,selected,False
ae5adf50941b40d1759a,validation,retrospective,selected,False
aca66e376f074b282ab9,validation,retrospective,selected,False
c641b6c9dc1bf06b8aa8,validation,retrospective,selected,False
a62e07788c373be33195,validation,retrospective,selected,False
ac19f75758fbe34fdeb1,validation,retrospective,selected,False
485d3230ef05ba0757ef,validation,retrospective,selected,False
df62a9049d6337f94a13,validation,retrospective,selected,False
360c7a68b84cf108cb0e,validation,retrospective,selected,False
4fd434e96d8e6e1500a0,validation,retrospective,selected,False
5471cf1957bc6b2d7382,validation,retrospective,selected,False
a827bf340c22367404b0,validation,retrospective,selected,False
8c07d8923b39000ae6aa,validation,retrospective,selected,False
7891f61a263eba8b1ae9,validation,retrospective,selected,False
7aae96eadd5a33d22aee,validation,retrospective,selected,False
8bd83749b5952e5ef4fa,validation,retrospective,selected,False
e44a901c02880db8eceb,validation,retrospective,selected,False
fafcd26397789f0e8daa,validation,retrospective,selected,True
c60e4240dcbda6ae0b95,validation,retrospective,selected,True
f566eb1d47ceca025df2,validation,retrospective,selected,False
74bc752c29d1e6102fe0,validation,retrospective,selected,False
a57514a0f97e35e46807,validation,retrospective,selected,False
d834311cd00e481f549e,validation,retrospective,selected,False
cf65f2d0a6c75669b332,validation,retrospective,selected,True
952462d502f590eab602,validation,retrospective,selected,False
7ba3be776069bbcb52ce,validation,retrospective,selected,False
9dc91441973ecfab88dd,validation,retrospective,selected,False
55d722d83e64ffe1a34c,validation,retrospective,selected,False
7648830bcc335c2c3a0d,validation,retrospective,selected,False
a5b68e0859a37fa02563,validation,retrospective,selected,False
7c2b19459ed87e3d1b68,validation,retrospective,selected,False
19e1e05ed73e4cf39502,validation,retrospective,selected,False
e611e8e7700ee544c835,validation,retrospective,selected,False
a18792c97d6ab2f0282e,validation,retrospective,selected,False
1885f10f34a790973cd1,validation,retrospective,selected,False
51e4dc168e148934494a,validation,retrospective,selected,False
2182aa3c1aa556bbcae1,validation,retrospective,selected,False
445e3b4c425d42dfddd3,validation,retrospective,selected,False
eb5074e9f2626b4d716a,validation,retrospective,selected,False
9b7894b0342456ec1bc2,validation,retrospective,selected,False
63e4354d15a8398b10f4,validation,retrospective,selected,False
b6b0e5a857dcc1edaab5,validation,retrospective,selected,False
f06a70a0fe6cc5a5d6f6,validation,retrospective,selected,False
4875a75c344482978f36,validation,retrospective,selected,True
adbd93952208303ff0ae,validation,retrospective,selected,True
903046d8521d5e46f345,validation,retrospective,selected,False
730da3d027a9ed07b05d,validation,retrospective,selected,False
fcf28b1af17c9802ede9,validation,retrospective,selected,False
4dfafbe5f76d143f8487,validation,retrospective,selected,True
e477432be3307a7465d3,validation,retrospective,selected,False
2eb9a4a0ad0960ceacbb,validation,retrospective,selected,False
696263361cba3205c18b,validation,retrospective,selected,False
c2ece8ac966945a0e2f1,validation,retrospective,selected,False
b3f8b13576d7d5ff6f8b,validation,retrospective,selected,False
38ab47e5f27c1f99ffaf,validation,retrospective,selected,True
a9e8954120225656d76b,validation,retrospective,selected,False
ab666fc66de12fb8baa7,validation,retrospective,selected,True
d2b619d0c27a2215d97d,test,retrospective,raw_unprotected,False
2f19a3b3f53f74c8f06d,test,retrospective,raw_unprotected,False
57fe37f23a7a563e92b5,test,retrospective,raw_unprotected,False
d88729a1562ff7919ee6,test,retrospective,raw_unprotected,False
962437a2fbc3b6042db7,test,retrospective,raw_unprotected,False
f87bd15cfe0b9c9d8415,test,retrospective,raw_unprotected,False
7f2459acd6f57454c4de,test,retrospective,raw_unprotected,False
957c27960f457cd8dabf,test,retrospective,raw_unprotected,False
c26e0c529372ea2ee611,test,retrospective,raw_unprotected,False
49bba6db5bee77022ef6,test,retrospective,raw_unprotected,False
9fd0ed5ba993979a6cfd,test,retrospective,raw_unprotected,False
bf41f45050aa7ffc0a41,test,retrospective,raw_unprotected,False
ab2a98cd53feb4a9b68e,test,retrospective,raw_unprotected,False
1ac24eafd0da43e258bc,test,retrospective,raw_unprotected,False
b975a3224ef6639f0a72,test,retrospective,raw_unprotected,False
05a15453e1d30c4d06e3,test,retrospective,raw_unprotected,False
d279bdf911278448128d,test,retrospective,raw_unprotected,False
d57fb09251db630e1c42,test,retrospective,raw_unprotected,False
e75722edfe57cace8431,test,retrospective,raw_unprotected,False
2d9bec1b3d81c5674e0f,test,retrospective,raw_unprotected,False
5e954f010a07d7b406c0,test,retrospective,raw_unprotected,False
40b3ead632c8b379236a,test,retrospective,raw_unprotected,False
4d02baea5f92507f22f0,test,retrospective,raw_unprotected,False
0840e6892b63ab3fb73d,test,retrospective,raw_unprotected,False
2c40e43ca8186da9e870,test,retrospective,raw_unprotected,False
18de11410d8e0e935400,test,retrospective,raw_unprotected,False
ef55cca9a61c5f46bf0d,test,retrospective,raw_unprotected,False
d952f73daa3cfa643d4f,test,retrospective,raw_unprotected,False
8a557519f593fe021263,test,retrospective,raw_unprotected,False
740db52c219cdb88368f,test,retrospective,raw_unprotected,False
2f2bc1534b1e3fdd9d52,test,retrospective,raw_unprotected,False
54e352c9fcb29c063a3c,test,retrospective,raw_unprotected,False
bd0e4ec69375e5934138,test,retrospective,raw_unprotected,False
58c585360a59e28b17a2,test,retrospective,raw_unprotected,False
532038a18961d4c7362a,test,retrospective,raw_unprotected,False
a0e35412fee239717c15,test,retrospective,raw_unprotected,False
2cd489492c0fd76d31d5,test,retrospective,raw_unprotected,False
aacb8f147338006805aa,test,retrospective,raw_unprotected,False
ec299949f47acf4481eb,test,retrospective,raw_unprotected,False
e4a8d590a7f0cdfa810c,test,retrospective,raw_unprotected,False
833989e1b27359f5fcd1,test,retrospective,raw_unprotected,False
2bee269ffc1783adc8f9,test,retrospective,raw_unprotected,False
4785068d163fb47d5d68,test,retrospective,raw_unprotected,False
650a13d664b0452243c7,test,retrospective,raw_unprotected,False
ac3d00b3184df4597929,test,retrospective,raw_unprotected,False
42920a47f36ad70bcb75,test,retrospective,raw_unprotected,False
5e3b5c759e17de0ad882,test,retrospective,raw_unprotected,False
e1a33ee9593555a25d87,test,retrospective,raw_unprotected,False
580873c249e099e5a59d,test,retrospective,raw_unprotected,False
1d410fde2606e936250d,test,retrospective,raw_unprotected,False
c5fc910a4b3dc7a8e887,test,retrospective,raw_unprotected,False
1baaf4761c3110190e59,test,retrospective,raw_unprotected,False
d76b13048dbb9a77aa6b,test,retrospective,raw_unprotected,False
7722400135e192d2237e,test,retrospective,raw_unprotected,False
90be7b4b27b44060dd5a,test,retrospective,raw_unprotected,False
e36c6ea665925d836c4d,test,retrospective,raw_unprotected,False
2e80bf402dc99d688266,test,retrospective,raw_unprotected,False
6c1fd2970a42686b16eb,test,retrospective,raw_unprotected,False
3f935a8c1167fd8b76ad,test,retrospective,raw_unprotected,False
a2c652763ef774058ba3,test,retrospective,raw_unprotected,False
b9439a1f559670b1388c,test,retrospective,raw_unprotected,False
a9a54e71945c604de534,test,retrospective,raw_unprotected,False
c4632c3473f819c1f87d,test,retrospective,raw_unprotected,False
c5b66d69b61732890b5c,test,retrospective,raw_unprotected,False
8329b66a4539428ea9b3,test,retrospective,raw_unprotected,False
218e61e220edeca369b5,test,retrospective,raw_unprotected,False
1474db5f8ce14385a655,test,retrospective,raw_unprotected,False
33eda84ec14b5650f80e,test,retrospective,raw_unprotected,False
604bb15b5002672e3f7d,test,retrospective,raw_unprotected,False
68ff755423902f997896,test,retrospective,raw_unprotected,False
4f5a52943b1f7d6602bf,test,retrospective,raw_unprotected,False
d2ba0a012398f74e2ef8,test,retrospective,raw_unprotected,False
8118f93504fee43ffb59,test,retrospective,raw_unprotected,False
7c2c2e80ce34715881e0,test,retrospective,raw_unprotected,False
08a8c253614d8e1856bc,test,retrospective,raw_unprotected,False
b6400998ff2f9a32c1ef,test,retrospective,raw_unprotected,False
5fd1ca55139b41c1e244,test,retrospective,raw_unprotected,False
afa2c9a9ad3f4ee15acb,test,retrospective,raw_unprotected,False
a519e6a3e58123065aa1,test,retrospective,raw_unprotected,False
afc0f73a332d719d5768,test,retrospective,raw_unprotected,False
7c970a876df0df3afab0,test,retrospective,raw_unprotected,False
fca308e1b18180a4be5e,test,retrospective,raw_unprotected,False
6d4645dd96df7115b9f0,test,retrospective,raw_unprotected,False
d42f7b4333ccfa17c357,test,retrospective,raw_unprotected,False
354ec906babadc913892,test,retrospective,raw_unprotected,False
2baebc025e8f2813cb3c,test,retrospective,raw_unprotected,False
2d5eab22f00871a10ce5,test,retrospective,raw_unprotected,False
aaabe774eb25a3cf9023,test,retrospective,raw_unprotected,False
968d1f274739646fe63d,test,retrospective,raw_unprotected,False
7b39c9c986e0dae854af,test,retrospective,raw_unprotected,False
c7d576fa29fcf2a16239,test,retrospective,raw_unprotected,False
6009535644195faa752e,test,retrospective,raw_unprotected,False
c93f52a49371ab7a15d6,test,retrospective,raw_unprotected,False
f28b782168f83aaac890,test,retrospective,raw_unprotected,False
c3d20b3083d52492281a,test,retrospective,raw_unprotected,False
723f122c590418312dc5,test,retrospective,raw_unprotected,False
0cafbb9b551f03b7704e,test,retrospective,raw_unprotected,False
5d11ab5955e64a56e4c0,test,retrospective,raw_unprotected,False
8f6c49f29adefdd09de7,test,retrospective,raw_unprotected,False
c5ad844a71bcab4b579b,test,retrospective,raw_unprotected,False
ea962e2a6ec5427b3180,test,retrospective,raw_unprotected,False
6f54f17396c3b58da22a,test,retrospective,raw_unprotected,False
8a2687b9578a93f52b6a,test,retrospective,raw_unprotected,False
2c30c0c0f98d9b0bfd36,test,retrospective,raw_unprotected,False
e9287cf9f639d0cb745c,test,retrospective,raw_unprotected,False
4c42e43dc99dab69afca,test,retrospective,raw_unprotected,False
ad7e6f6a84d54fe4416e,test,retrospective,raw_unprotected,False
ee67c692bd49fcbd2f9e,test,retrospective,raw_unprotected,False
3b3c6867e8b5a8aa8b3f,test,retrospective,raw_unprotected,False
1b750f8c6190dfd1d423,test,retrospective,raw_unprotected,False
51e4ac2b53d02ee262c9,test,retrospective,raw_unprotected,False
f1e6f363916627d7a3c3,test,retrospective,raw_unprotected,False
cae6353f8ec36c6e31d8,test,retrospective,raw_unprotected,False
34208ebb2733b1b0284c,test,retrospective,raw_unprotected,False
b2c92099d6dd8787ed9d,test,retrospective,raw_unprotected,False
5b62cb6062cfc089a043,test,retrospective,raw_unprotected,False
b132fd519f7548da10fb,test,retrospective,raw_unprotected,False
830f9c6f1adcdb7fd3bb,test,retrospective,raw_unprotected,False
a9eced970ea76a980401,test,retrospective,raw_unprotected,False
35f8c935184e3a44fd5a,test,retrospective,raw_unprotected,False
2c85b09b93f1ce1cb955,test,retrospective,raw_unprotected,False
71e792b4ecd29675ab98,test,retrospective,raw_unprotected,False
340989de55d989058a09,test,retrospective,raw_unprotected,False
9ec397dcd02c321971fb,test,retrospective,raw_unprotected,False
501a01e44826e057d8af,test,retrospective,raw_unprotected,False
6382d03d85cb6f9225c4,test,retrospective,raw_unprotected,False
b2ccf2c9e3caa262b15a,test,retrospective,raw_unprotected,False
705a622305ff67e6155a,test,retrospective,raw_unprotected,False
63722e4aea1193f8f1fa,test,retrospective,raw_unprotected,False
12bc66546fcc2c53ca8b,test,retrospective,raw_unprotected,False
4ff22cd563e8a3f3f164,test,retrospective,raw_unprotected,False
28352dba4220964b25a2,test,retrospective,raw_unprotected,False
610d59865d54893d48f9,test,retrospective,raw_unprotected,False
b4a42d71ec83ee25b4b7,test,retrospective,raw_unprotected,False
fec5c7e4b8d03bd75f20,test,retrospective,raw_unprotected,False
feef453df50f97a51897,test,retrospective,raw_unprotected,False
2032a6c746698b4b468e,test,retrospective,raw_unprotected,False
bddb39bc76da40c2cf87,test,retrospective,raw_unprotected,False
455e2ab8a8bc54172c45,test,retrospective,raw_unprotected,False
1fae7308faab0dbdcad4,test,retrospective,raw_unprotected,False
5b9785bdcd71c032c33a,test,retrospective,raw_unprotected,False
b4dece67784847d3ea35,test,retrospective,raw_unprotected,False
68805788b02bec707bfc,test,retrospective,raw_unprotected,False
e637be32b794d445868a,test,retrospective,raw_unprotected,False
6fc52f00013553e78493,test,retrospective,raw_unprotected,False
ddc8490279786d6d2b57,test,retrospective,raw_unprotected,False
eb7752594dac3931dcd4,test,retrospective,raw_unprotected,False
74205f39581c79fd4131,test,retrospective,raw_unprotected,False
67ce71772bbefef05382,test,retrospective,raw_unprotected,False
8552a20a99b365709b3b,test,retrospective,raw_unprotected,False
c51e8610494eb5b4571b,test,retrospective,raw_unprotected,False
d466cbb55485d03d267a,test,retrospective,raw_unprotected,False
5bc503adf526d90ee225,test,retrospective,raw_unprotected,False
5681c74abcfb12fbff1e,test,retrospective,raw_unprotected,False
1f9d7e9fa9948a870e3c,test,retrospective,raw_unprotected,False
566de29f17b444f9d704,test,retrospective,raw_unprotected,False
71fc3e6de1ca86140467,test,retrospective,raw_unprotected,False
de67f9c12ff7ec828783,test,retrospective,raw_unprotected,False
b9ab82f96bfd3819173d,test,retrospective,raw_unprotected,False
9f7bd7f0d493611437a4,test,retrospective,raw_unprotected,False
84bc5c4dcce0f17b5e3c,test,retrospective,raw_unprotected,False
cdd3276ec2cd2a249a1d,test,retrospective,raw_unprotected,False
1e2f62523499ed927d17,test,retrospective,raw_unprotected,False
ff99b48a0985236f66d0,test,retrospective,raw_unprotected,False
1baa5276e694134773d7,test,retrospective,raw_unprotected,False
a36a20bc925c09068cc0,test,retrospective,raw_unprotected,False
9de61bbf05b5748e5c19,test,retrospective,raw_unprotected,False
94b638552e294aaab06b,test,retrospective,raw_unprotected,False
f3863b34f28fd21d5564,test,retrospective,raw_unprotected,False
6faf94a5f7c1e562ed54,test,retrospective,raw_unprotected,False
7a4930f9612953444bf0,test,retrospective,raw_unprotected,False
e55c214c6d6fd1dfe550,test,retrospective,raw_unprotected,False
107cb9a6202faba4b5d2,test,retrospective,raw_unprotected,False
ce41827e64af29c9d639,test,retrospective,raw_unprotected,False
a6dfa4938807feb52cf1,test,retrospective,raw_unprotected,False
1d1bb726944540c80d59,test,retrospective,raw_unprotected,False
319311bec39c3ba0f0c3,test,retrospective,raw_unprotected,False
05fe4d20cb4c3735022c,test,retrospective,raw_unprotected,False
1f2e187818d5383eec5b,test,retrospective,raw_unprotected,False
5231263bc46fa2fb32a4,test,retrospective,raw_unprotected,False
92d5bc3dc4acacfd21ea,test,retrospective,raw_unprotected,False
0f41500385df440ddaff,test,retrospective,raw_unprotected,False
b40ffe65c6be5f20ce63,test,retrospective,raw_unprotected,False
d9c8e6365c07341aacd1,test,retrospective,raw_unprotected,False
b25c707ca691d6becb3f,test,retrospective,raw_unprotected,False
e441cea6e33ad005e714,test,retrospective,raw_unprotected,False
d2b619d0c27a2215d97d,test,retrospective,raw_guarded,False
2f19a3b3f53f74c8f06d,test,retrospective,raw_guarded,False
57fe37f23a7a563e92b5,test,retrospective,raw_guarded,False
d88729a1562ff7919ee6,test,retrospective,raw_guarded,False
962437a2fbc3b6042db7,test,retrospective,raw_guarded,False
f87bd15cfe0b9c9d8415,test,retrospective,raw_guarded,False
7f2459acd6f57454c4de,test,retrospective,raw_guarded,False
957c27960f457cd8dabf,test,retrospective,raw_guarded,False
c26e0c529372ea2ee611,test,retrospective,raw_guarded,False
49bba6db5bee77022ef6,test,retrospective,raw_guarded,False
9fd0ed5ba993979a6cfd,test,retrospective,raw_guarded,False
bf41f45050aa7ffc0a41,test,retrospective,raw_guarded,False
ab2a98cd53feb4a9b68e,test,retrospective,raw_guarded,False
1ac24eafd0da43e258bc,test,retrospective,raw_guarded,False
b975a3224ef6639f0a72,test,retrospective,raw_guarded,False
05a15453e1d30c4d06e3,test,retrospective,raw_guarded,False
d279bdf911278448128d,test,retrospective,raw_guarded,False
d57fb09251db630e1c42,test,retrospective,raw_guarded,False
e75722edfe57cace8431,test,retrospective,raw_guarded,False
2d9bec1b3d81c5674e0f,test,retrospective,raw_guarded,False
5e954f010a07d7b406c0,test,retrospective,raw_guarded,False
40b3ead632c8b379236a,test,retrospective,raw_guarded,False
4d02baea5f92507f22f0,test,retrospective,raw_guarded,False
0840e6892b63ab3fb73d,test,retrospective,raw_guarded,False
2c40e43ca8186da9e870,test,retrospective,raw_guarded,False
18de11410d8e0e935400,test,retrospective,raw_guarded,False
ef55cca9a61c5f46bf0d,test,retrospective,raw_guarded,False
d952f73daa3cfa643d4f,test,retrospective,raw_guarded,False
8a557519f593fe021263,test,retrospective,raw_guarded,False
740db52c219cdb88368f,test,retrospective,raw_guarded,False
2f2bc1534b1e3fdd9d52,test,retrospective,raw_guarded,False
54e352c9fcb29c063a3c,test,retrospective,raw_guarded,False
bd0e4ec69375e5934138,test,retrospective,raw_guarded,False
58c585360a59e28b17a2,test,retrospective,raw_guarded,False
532038a18961d4c7362a,test,retrospective,raw_guarded,False
a0e35412fee239717c15,test,retrospective,raw_guarded,False
2cd489492c0fd76d31d5,test,retrospective,raw_guarded,False
aacb8f147338006805aa,test,retrospective,raw_guarded,False
ec299949f47acf4481eb,test,retrospective,raw_guarded,False
e4a8d590a7f0cdfa810c,test,retrospective,raw_guarded,False
833989e1b27359f5fcd1,test,retrospective,raw_guarded,False
2bee269ffc1783adc8f9,test,retrospective,raw_guarded,False
4785068d163fb47d5d68,test,retrospective,raw_guarded,False
650a13d664b0452243c7,test,retrospective,raw_guarded,False
ac3d00b3184df4597929,test,retrospective,raw_guarded,False
42920a47f36ad70bcb75,test,retrospective,raw_guarded,True
5e3b5c759e17de0ad882,test,retrospective,raw_guarded,True
e1a33ee9593555a25d87,test,retrospective,raw_guarded,False
580873c249e099e5a59d,test,retrospective,raw_guarded,True
1d410fde2606e936250d,test,retrospective,raw_guarded,False
c5fc910a4b3dc7a8e887,test,retrospective,raw_guarded,False
1baaf4761c3110190e59,test,retrospective,raw_guarded,False
d76b13048dbb9a77aa6b,test,retrospective,raw_guarded,False
7722400135e192d2237e,test,retrospective,raw_guarded,False
90be7b4b27b44060dd5a,test,retrospective,raw_guarded,False
e36c6ea665925d836c4d,test,retrospective,raw_guarded,False
2e80bf402dc99d688266,test,retrospective,raw_guarded,False
6c1fd2970a42686b16eb,test,retrospective,raw_guarded,False
3f935a8c1167fd8b76ad,test,retrospective,raw_guarded,False
a2c652763ef774058ba3,test,retrospective,raw_guarded,False
b9439a1f559670b1388c,test,retrospective,raw_guarded,False
a9a54e71945c604de534,test,retrospective,raw_guarded,False
c4632c3473f819c1f87d,test,retrospective,raw_guarded,False
c5b66d69b61732890b5c,test,retrospective,raw_guarded,False
8329b66a4539428ea9b3,test,retrospective,raw_guarded,False
218e61e220edeca369b5,test,retrospective,raw_guarded,False
1474db5f8ce14385a655,test,retrospective,raw_guarded,False
33eda84ec14b5650f80e,test,retrospective,raw_guarded,False
604bb15b5002672e3f7d,test,retrospective,raw_guarded,False
68ff755423902f997896,test,retrospective,raw_guarded,False
4f5a52943b1f7d6602bf,test,retrospective,raw_guarded,False
d2ba0a012398f74e2ef8,test,retrospective,raw_guarded,True
8118f93504fee43ffb59,test,retrospective,raw_guarded,False
7c2c2e80ce34715881e0,test,retrospective,raw_guarded,False
08a8c253614d8e1856bc,test,retrospective,raw_guarded,False
b6400998ff2f9a32c1ef,test,retrospective,raw_guarded,False
5fd1ca55139b41c1e244,test,retrospective,raw_guarded,False
afa2c9a9ad3f4ee15acb,test,retrospective,raw_guarded,False
a519e6a3e58123065aa1,test,retrospective,raw_guarded,False
afc0f73a332d719d5768,test,retrospective,raw_guarded,False
7c970a876df0df3afab0,test,retrospective,raw_guarded,False
fca308e1b18180a4be5e,test,retrospective,raw_guarded,False
6d4645dd96df7115b9f0,test,retrospective,raw_guarded,False
d42f7b4333ccfa17c357,test,retrospective,raw_guarded,False
354ec906babadc913892,test,retrospective,raw_guarded,False
2baebc025e8f2813cb3c,test,retrospective,raw_guarded,False
2d5eab22f00871a10ce5,test,retrospective,raw_guarded,False
aaabe774eb25a3cf9023,test,retrospective,raw_guarded,False
968d1f274739646fe63d,test,retrospective,raw_guarded,False
7b39c9c986e0dae854af,test,retrospective,raw_guarded,False
c7d576fa29fcf2a16239,test,retrospective,raw_guarded,False
6009535644195faa752e,test,retrospective,raw_guarded,False
c93f52a49371ab7a15d6,test,retrospective,raw_guarded,False
f28b782168f83aaac890,test,retrospective,raw_guarded,False
c3d20b3083d52492281a,test,retrospective,raw_guarded,False
723f122c590418312dc5,test,retrospective,raw_guarded,False
0cafbb9b551f03b7704e,test,retrospective,raw_guarded,False
5d11ab5955e64a56e4c0,test,retrospective,raw_guarded,False
8f6c49f29adefdd09de7,test,retrospective,raw_guarded,False
c5ad844a71bcab4b579b,test,retrospective,raw_guarded,False
ea962e2a6ec5427b3180,test,retrospective,raw_guarded,False
6f54f17396c3b58da22a,test,retrospective,raw_guarded,False
8a2687b9578a93f52b6a,test,retrospective,raw_guarded,False
2c30c0c0f98d9b0bfd36,test,retrospective,raw_guarded,False
e9287cf9f639d0cb745c,test,retrospective,raw_guarded,False
4c42e43dc99dab69afca,test,retrospective,raw_guarded,False
ad7e6f6a84d54fe4416e,test,retrospective,raw_guarded,False
ee67c692bd49fcbd2f9e,test,retrospective,raw_guarded,False
3b3c6867e8b5a8aa8b3f,test,retrospective,raw_guarded,False
1b750f8c6190dfd1d423,test,retrospective,raw_guarded,False
51e4ac2b53d02ee262c9,test,retrospective,raw_guarded,False
f1e6f363916627d7a3c3,test,retrospective,raw_guarded,False
cae6353f8ec36c6e31d8,test,retrospective,raw_guarded,False
34208ebb2733b1b0284c,test,retrospective,raw_guarded,False
b2c92099d6dd8787ed9d,test,retrospective,raw_guarded,False
5b62cb6062cfc089a043,test,retrospective,raw_guarded,False
b132fd519f7548da10fb,test,retrospective,raw_guarded,False
830f9c6f1adcdb7fd3bb,test,retrospective,raw_guarded,False
a9eced970ea76a980401,test,retrospective,raw_guarded,False
35f8c935184e3a44fd5a,test,retrospective,raw_guarded,False
2c85b09b93f1ce1cb955,test,retrospective,raw_guarded,False
71e792b4ecd29675ab98,test,retrospective,raw_guarded,False
340989de55d989058a09,test,retrospective,raw_guarded,False
9ec397dcd02c321971fb,test,retrospective,raw_guarded,False
501a01e44826e057d8af,test,retrospective,raw_guarded,False
6382d03d85cb6f9225c4,test,retrospective,raw_guarded,False
b2ccf2c9e3caa262b15a,test,retrospective,raw_guarded,False
705a622305ff67e6155a,test,retrospective,raw_guarded,False
63722e4aea1193f8f1fa,test,retrospective,raw_guarded,False
12bc66546fcc2c53ca8b,test,retrospective,raw_guarded,False
4ff22cd563e8a3f3f164,test,retrospective,raw_guarded,False
28352dba4220964b25a2,test,retrospective,raw_guarded,False
610d59865d54893d48f9,test,retrospective,raw_guarded,False
b4a42d71ec83ee25b4b7,test,retrospective,raw_guarded,False
fec5c7e4b8d03bd75f20,test,retrospective,raw_guarded,False
feef453df50f97a51897,test,retrospective,raw_guarded,False
2032a6c746698b4b468e,test,retrospective,raw_guarded,False
bddb39bc76da40c2cf87,test,retrospective,raw_guarded,False
455e2ab8a8bc54172c45,test,retrospective,raw_guarded,False
1fae7308faab0dbdcad4,test,retrospective,raw_guarded,False
5b9785bdcd71c032c33a,test,retrospective,raw_guarded,False
b4dece67784847d3ea35,test,retrospective,raw_guarded,False
68805788b02bec707bfc,test,retrospective,raw_guarded,False
e637be32b794d445868a,test,retrospective,raw_guarded,False
6fc52f00013553e78493,test,retrospective,raw_guarded,False
ddc8490279786d6d2b57,test,retrospective,raw_guarded,False
eb7752594dac3931dcd4,test,retrospective,raw_guarded,False
74205f39581c79fd4131,test,retrospective,raw_guarded,False
67ce71772bbefef05382,test,retrospective,raw_guarded,False
8552a20a99b365709b3b,test,retrospective,raw_guarded,False
c51e8610494eb5b4571b,test,retrospective,raw_guarded,False
d466cbb55485d03d267a,test,retrospective,raw_guarded,False
5bc503adf526d90ee225,test,retrospective,raw_guarded,False
5681c74abcfb12fbff1e,test,retrospective,raw_guarded,True
1f9d7e9fa9948a870e3c,test,retrospective,raw_guarded,True
566de29f17b444f9d704,test,retrospective,raw_guarded,True
71fc3e6de1ca86140467,test,retrospective,raw_guarded,False
de67f9c12ff7ec828783,test,retrospective,raw_guarded,False
b9ab82f96bfd3819173d,test,retrospective,raw_guarded,True
9f7bd7f0d493611437a4,test,retrospective,raw_guarded,False
84bc5c4dcce0f17b5e3c,test,retrospective,raw_guarded,False
cdd3276ec2cd2a249a1d,test,retrospective,raw_guarded,True
1e2f62523499ed927d17,test,retrospective,raw_guarded,False
ff99b48a0985236f66d0,test,retrospective,raw_guarded,False
1baa5276e694134773d7,test,retrospective,raw_guarded,True
a36a20bc925c09068cc0,test,retrospective,raw_guarded,False
9de61bbf05b5748e5c19,test,retrospective,raw_guarded,False
94b638552e294aaab06b,test,retrospective,raw_guarded,False
f3863b34f28fd21d5564,test,retrospective,raw_guarded,False
6faf94a5f7c1e562ed54,test,retrospective,raw_guarded,False
7a4930f9612953444bf0,test,retrospective,raw_guarded,False
e55c214c6d6fd1dfe550,test,retrospective,raw_guarded,False
107cb9a6202faba4b5d2,test,retrospective,raw_guarded,False
ce41827e64af29c9d639,test,retrospective,raw_guarded,False
a6dfa4938807feb52cf1,test,retrospective,raw_guarded,False
1d1bb726944540c80d59,test,retrospective,raw_guarded,False
319311bec39c3ba0f0c3,test,retrospective,raw_guarded,False
05fe4d20cb4c3735022c,test,retrospective,raw_guarded,False
1f2e187818d5383eec5b,test,retrospective,raw_guarded,False
5231263bc46fa2fb32a4,test,retrospective,raw_guarded,False
92d5bc3dc4acacfd21ea,test,retrospective,raw_guarded,False
0f41500385df440ddaff,test,retrospective,raw_guarded,False
b40ffe65c6be5f20ce63,test,retrospective,raw_guarded,False
d9c8e6365c07341aacd1,test,retrospective,raw_guarded,False
b25c707ca691d6becb3f,test,retrospective,raw_guarded,False
e441cea6e33ad005e714,test,retrospective,raw_guarded,False
d2b619d0c27a2215d97d,test,retrospective,gap_guarded,False
2f19a3b3f53f74c8f06d,test,retrospective,gap_guarded,False
57fe37f23a7a563e92b5,test,retrospective,gap_guarded,False
d88729a1562ff7919ee6,test,retrospective,gap_guarded,False
962437a2fbc3b6042db7,test,retrospective,gap_guarded,False
f87bd15cfe0b9c9d8415,test,retrospective,gap_guarded,False
7f2459acd6f57454c4de,test,retrospective,gap_guarded,False
957c27960f457cd8dabf,test,retrospective,gap_guarded,False
c26e0c529372ea2ee611,test,retrospective,gap_guarded,False
49bba6db5bee77022ef6,test,retrospective,gap_guarded,False
9fd0ed5ba993979a6cfd,test,retrospective,gap_guarded,False
bf41f45050aa7ffc0a41,test,retrospective,gap_guarded,False
ab2a98cd53feb4a9b68e,test,retrospective,gap_guarded,False
1ac24eafd0da43e258bc,test,retrospective,gap_guarded,False
b975a3224ef6639f0a72,test,retrospective,gap_guarded,False
05a15453e1d30c4d06e3,test,retrospective,gap_guarded,False
d279bdf911278448128d,test,retrospective,gap_guarded,False
d57fb09251db630e1c42,test,retrospective,gap_guarded,False
e75722edfe57cace8431,test,retrospective,gap_guarded,False
2d9bec1b3d81c5674e0f,test,retrospective,gap_guarded,False
5e954f010a07d7b406c0,test,retrospective,gap_guarded,False
40b3ead632c8b379236a,test,retrospective,gap_guarded,False
4d02baea5f92507f22f0,test,retrospective,gap_guarded,False
0840e6892b63ab3fb73d,test,retrospective,gap_guarded,False
2c40e43ca8186da9e870,test,retrospective,gap_guarded,False
18de11410d8e0e935400,test,retrospective,gap_guarded,False
ef55cca9a61c5f46bf0d,test,retrospective,gap_guarded,False
d952f73daa3cfa643d4f,test,retrospective,gap_guarded,False
8a557519f593fe021263,test,retrospective,gap_guarded,False
740db52c219cdb88368f,test,retrospective,gap_guarded,False
2f2bc1534b1e3fdd9d52,test,retrospective,gap_guarded,False
54e352c9fcb29c063a3c,test,retrospective,gap_guarded,False
bd0e4ec69375e5934138,test,retrospective,gap_guarded,False
58c585360a59e28b17a2,test,retrospective,gap_guarded,False
532038a18961d4c7362a,test,retrospective,gap_guarded,False
a0e35412fee239717c15,test,retrospective,gap_guarded,False
2cd489492c0fd76d31d5,test,retrospective,gap_guarded,False
aacb8f147338006805aa,test,retrospective,gap_guarded,False
ec299949f47acf4481eb,test,retrospective,gap_guarded,False
e4a8d590a7f0cdfa810c,test,retrospective,gap_guarded,False
833989e1b27359f5fcd1,test,retrospective,gap_guarded,False
2bee269ffc1783adc8f9,test,retrospective,gap_guarded,False
4785068d163fb47d5d68,test,retrospective,gap_guarded,False
650a13d664b0452243c7,test,retrospective,gap_guarded,False
ac3d00b3184df4597929,test,retrospective,gap_guarded,False
42920a47f36ad70bcb75,test,retrospective,gap_guarded,True
5e3b5c759e17de0ad882,test,retrospective,gap_guarded,True
e1a33ee9593555a25d87,test,retrospective,gap_guarded,False
580873c249e099e5a59d,test,retrospective,gap_guarded,True
1d410fde2606e936250d,test,retrospective,gap_guarded,False
c5fc910a4b3dc7a8e887,test,retrospective,gap_guarded,False
1baaf4761c3110190e59,test,retrospective,gap_guarded,False
d76b13048dbb9a77aa6b,test,retrospective,gap_guarded,False
7722400135e192d2237e,test,retrospective,gap_guarded,False
90be7b4b27b44060dd5a,test,retrospective,gap_guarded,False
e36c6ea665925d836c4d,test,retrospective,gap_guarded,False
2e80bf402dc99d688266,test,retrospective,gap_guarded,False
6c1fd2970a42686b16eb,test,retrospective,gap_guarded,False
3f935a8c1167fd8b76ad,test,retrospective,gap_guarded,False
a2c652763ef774058ba3,test,retrospective,gap_guarded,False
b9439a1f559670b1388c,test,retrospective,gap_guarded,False
a9a54e71945c604de534,test,retrospective,gap_guarded,False
c4632c3473f819c1f87d,test,retrospective,gap_guarded,False
c5b66d69b61732890b5c,test,retrospective,gap_guarded,False
8329b66a4539428ea9b3,test,retrospective,gap_guarded,False
218e61e220edeca369b5,test,retrospective,gap_guarded,False
1474db5f8ce14385a655,test,retrospective,gap_guarded,False
33eda84ec14b5650f80e,test,retrospective,gap_guarded,False
604bb15b5002672e3f7d,test,retrospective,gap_guarded,False
68ff755423902f997896,test,retrospective,gap_guarded,False
4f5a52943b1f7d6602bf,test,retrospective,gap_guarded,False
d2ba0a012398f74e2ef8,test,retrospective,gap_guarded,True
8118f93504fee43ffb59,test,retrospective,gap_guarded,False
7c2c2e80ce34715881e0,test,retrospective,gap_guarded,False
08a8c253614d8e1856bc,test,retrospective,gap_guarded,False
b6400998ff2f9a32c1ef,test,retrospective,gap_guarded,False
5fd1ca55139b41c1e244,test,retrospective,gap_guarded,False
afa2c9a9ad3f4ee15acb,test,retrospective,gap_guarded,False
a519e6a3e58123065aa1,test,retrospective,gap_guarded,False
afc0f73a332d719d5768,test,retrospective,gap_guarded,False
7c970a876df0df3afab0,test,retrospective,gap_guarded,False
fca308e1b18180a4be5e,test,retrospective,gap_guarded,False
6d4645dd96df7115b9f0,test,retrospective,gap_guarded,False
d42f7b4333ccfa17c357,test,retrospective,gap_guarded,False
354ec906babadc913892,test,retrospective,gap_guarded,False
2baebc025e8f2813cb3c,test,retrospective,gap_guarded,False
2d5eab22f00871a10ce5,test,retrospective,gap_guarded,False
aaabe774eb25a3cf9023,test,retrospective,gap_guarded,False
968d1f274739646fe63d,test,retrospective,gap_guarded,False
7b39c9c986e0dae854af,test,retrospective,gap_guarded,False
c7d576fa29fcf2a16239,test,retrospective,gap_guarded,False
6009535644195faa752e,test,retrospective,gap_guarded,False
c93f52a49371ab7a15d6,test,retrospective,gap_guarded,False
f28b782168f83aaac890,test,retrospective,gap_guarded,False
c3d20b3083d52492281a,test,retrospective,gap_guarded,False
723f122c590418312dc5,test,retrospective,gap_guarded,False
0cafbb9b551f03b7704e,test,retrospective,gap_guarded,False
5d11ab5955e64a56e4c0,test,retrospective,gap_guarded,False
8f6c49f29adefdd09de7,test,retrospective,gap_guarded,False
c5ad844a71bcab4b579b,test,retrospective,gap_guarded,False
ea962e2a6ec5427b3180,test,retrospective,gap_guarded,False
6f54f17396c3b58da22a,test,retrospective,gap_guarded,False
8a2687b9578a93f52b6a,test,retrospective,gap_guarded,False
2c30c0c0f98d9b0bfd36,test,retrospective,gap_guarded,False
e9287cf9f639d0cb745c,test,retrospective,gap_guarded,False
4c42e43dc99dab69afca,test,retrospective,gap_guarded,False
ad7e6f6a84d54fe4416e,test,retrospective,gap_guarded,False
ee67c692bd49fcbd2f9e,test,retrospective,gap_guarded,False
3b3c6867e8b5a8aa8b3f,test,retrospective,gap_guarded,False
1b750f8c6190dfd1d423,test,retrospective,gap_guarded,False
51e4ac2b53d02ee262c9,test,retrospective,gap_guarded,False
f1e6f363916627d7a3c3,test,retrospective,gap_guarded,False
cae6353f8ec36c6e31d8,test,retrospective,gap_guarded,False
34208ebb2733b1b0284c,test,retrospective,gap_guarded,False
b2c92099d6dd8787ed9d,test,retrospective,gap_guarded,False
5b62cb6062cfc089a043,test,retrospective,gap_guarded,False
b132fd519f7548da10fb,test,retrospective,gap_guarded,False
830f9c6f1adcdb7fd3bb,test,retrospective,gap_guarded,False
a9eced970ea76a980401,test,retrospective,gap_guarded,False
35f8c935184e3a44fd5a,test,retrospective,gap_guarded,False
2c85b09b93f1ce1cb955,test,retrospective,gap_guarded,False
71e792b4ecd29675ab98,test,retrospective,gap_guarded,False
340989de55d989058a09,test,retrospective,gap_guarded,False
9ec397dcd02c321971fb,test,retrospective,gap_guarded,False
501a01e44826e057d8af,test,retrospective,gap_guarded,False
6382d03d85cb6f9225c4,test,retrospective,gap_guarded,False
b2ccf2c9e3caa262b15a,test,retrospective,gap_guarded,False
705a622305ff67e6155a,test,retrospective,gap_guarded,False
63722e4aea1193f8f1fa,test,retrospective,gap_guarded,False
12bc66546fcc2c53ca8b,test,retrospective,gap_guarded,False
4ff22cd563e8a3f3f164,test,retrospective,gap_guarded,False
28352dba4220964b25a2,test,retrospective,gap_guarded,False
610d59865d54893d48f9,test,retrospective,gap_guarded,False
b4a42d71ec83ee25b4b7,test,retrospective,gap_guarded,False
fec5c7e4b8d03bd75f20,test,retrospective,gap_guarded,False
feef453df50f97a51897,test,retrospective,gap_guarded,False
2032a6c746698b4b468e,test,retrospective,gap_guarded,False
bddb39bc76da40c2cf87,test,retrospective,gap_guarded,False
455e2ab8a8bc54172c45,test,retrospective,gap_guarded,False
1fae7308faab0dbdcad4,test,retrospective,gap_guarded,False
5b9785bdcd71c032c33a,test,retrospective,gap_guarded,False
b4dece67784847d3ea35,test,retrospective,gap_guarded,False
68805788b02bec707bfc,test,retrospective,gap_guarded,False
e637be32b794d445868a,test,retrospective,gap_guarded,False
6fc52f00013553e78493,test,retrospective,gap_guarded,False
ddc8490279786d6d2b57,test,retrospective,gap_guarded,False
eb7752594dac3931dcd4,test,retrospective,gap_guarded,False
74205f39581c79fd4131,test,retrospective,gap_guarded,False
67ce71772bbefef05382,test,retrospective,gap_guarded,False
8552a20a99b365709b3b,test,retrospective,gap_guarded,False
c51e8610494eb5b4571b,test,retrospective,gap_guarded,False
d466cbb55485d03d267a,test,retrospective,gap_guarded,False
5bc503adf526d90ee225,test,retrospective,gap_guarded,False
5681c74abcfb12fbff1e,test,retrospective,gap_guarded,True
1f9d7e9fa9948a870e3c,test,retrospective,gap_guarded,True
566de29f17b444f9d704,test,retrospective,gap_guarded,True
71fc3e6de1ca86140467,test,retrospective,gap_guarded,False
de67f9c12ff7ec828783,test,retrospective,gap_guarded,False
b9ab82f96bfd3819173d,test,retrospective,gap_guarded,True
9f7bd7f0d493611437a4,test,retrospective,gap_guarded,False
84bc5c4dcce0f17b5e3c,test,retrospective,gap_guarded,False
cdd3276ec2cd2a249a1d,test,retrospective,gap_guarded,True
1e2f62523499ed927d17,test,retrospective,gap_guarded,False
ff99b48a0985236f66d0,test,retrospective,gap_guarded,False
1baa5276e694134773d7,test,retrospective,gap_guarded,True
a36a20bc925c09068cc0,test,retrospective,gap_guarded,False
9de61bbf05b5748e5c19,test,retrospective,gap_guarded,False
94b638552e294aaab06b,test,retrospective,gap_guarded,False
f3863b34f28fd21d5564,test,retrospective,gap_guarded,False
6faf94a5f7c1e562ed54,test,retrospective,gap_guarded,False
7a4930f9612953444bf0,test,retrospective,gap_guarded,False
e55c214c6d6fd1dfe550,test,retrospective,gap_guarded,False
107cb9a6202faba4b5d2,test,retrospective,gap_guarded,False
ce41827e64af29c9d639,test,retrospective,gap_guarded,False
a6dfa4938807feb52cf1,test,retrospective,gap_guarded,False
1d1bb726944540c80d59,test,retrospective,gap_guarded,False
319311bec39c3ba0f0c3,test,retrospective,gap_guarded,False
05fe4d20cb4c3735022c,test,retrospective,gap_guarded,False
1f2e187818d5383eec5b,test,retrospective,gap_guarded,False
5231263bc46fa2fb32a4,test,retrospective,gap_guarded,False
92d5bc3dc4acacfd21ea,test,retrospective,gap_guarded,False
0f41500385df440ddaff,test,retrospective,gap_guarded,False
b40ffe65c6be5f20ce63,test,retrospective,gap_guarded,False
d9c8e6365c07341aacd1,test,retrospective,gap_guarded,False
b25c707ca691d6becb3f,test,retrospective,gap_guarded,False
e441cea6e33ad005e714,test,retrospective,gap_guarded,False
d2b619d0c27a2215d97d,test,retrospective,phase_guarded,False
2f19a3b3f53f74c8f06d,test,retrospective,phase_guarded,False
57fe37f23a7a563e92b5,test,retrospective,phase_guarded,False
d88729a1562ff7919ee6,test,retrospective,phase_guarded,False
962437a2fbc3b6042db7,test,retrospective,phase_guarded,False
f87bd15cfe0b9c9d8415,test,retrospective,phase_guarded,False
7f2459acd6f57454c4de,test,retrospective,phase_guarded,False
957c27960f457cd8dabf,test,retrospective,phase_guarded,False
c26e0c529372ea2ee611,test,retrospective,phase_guarded,False
49bba6db5bee77022ef6,test,retrospective,phase_guarded,False
9fd0ed5ba993979a6cfd,test,retrospective,phase_guarded,False
bf41f45050aa7ffc0a41,test,retrospective,phase_guarded,False
ab2a98cd53feb4a9b68e,test,retrospective,phase_guarded,False
1ac24eafd0da43e258bc,test,retrospective,phase_guarded,False
b975a3224ef6639f0a72,test,retrospective,phase_guarded,False
05a15453e1d30c4d06e3,test,retrospective,phase_guarded,False
d279bdf911278448128d,test,retrospective,phase_guarded,False
d57fb09251db630e1c42,test,retrospective,phase_guarded,False
e75722edfe57cace8431,test,retrospective,phase_guarded,False
2d9bec1b3d81c5674e0f,test,retrospective,phase_guarded,False
5e954f010a07d7b406c0,test,retrospective,phase_guarded,False
40b3ead632c8b379236a,test,retrospective,phase_guarded,False
4d02baea5f92507f22f0,test,retrospective,phase_guarded,False
0840e6892b63ab3fb73d,test,retrospective,phase_guarded,False
2c40e43ca8186da9e870,test,retrospective,phase_guarded,False
18de11410d8e0e935400,test,retrospective,phase_guarded,False
ef55cca9a61c5f46bf0d,test,retrospective,phase_guarded,False
d952f73daa3cfa643d4f,test,retrospective,phase_guarded,False
8a557519f593fe021263,test,retrospective,phase_guarded,False
740db52c219cdb88368f,test,retrospective,phase_guarded,False
2f2bc1534b1e3fdd9d52,test,retrospective,phase_guarded,False
54e352c9fcb29c063a3c,test,retrospective,phase_guarded,False
bd0e4ec69375e5934138,test,retrospective,phase_guarded,False
58c585360a59e28b17a2,test,retrospective,phase_guarded,False
532038a18961d4c7362a,test,retrospective,phase_guarded,False
a0e35412fee239717c15,test,retrospective,phase_guarded,False
2cd489492c0fd76d31d5,test,retrospective,phase_guarded,False
aacb8f147338006805aa,test,retrospective,phase_guarded,False
ec299949f47acf4481eb,test,retrospective,phase_guarded,False
e4a8d590a7f0cdfa810c,test,retrospective,phase_guarded,False
833989e1b27359f5fcd1,test,retrospective,phase_guarded,False
2bee269ffc1783adc8f9,test,retrospective,phase_guarded,False
4785068d163fb47d5d68,test,retrospective,phase_guarded,False
650a13d664b0452243c7,test,retrospective,phase_guarded,False
ac3d00b3184df4597929,test,retrospective,phase_guarded,False
42920a47f36ad70bcb75,test,retrospective,phase_guarded,True
5e3b5c759e17de0ad882,test,retrospective,phase_guarded,True
e1a33ee9593555a25d87,test,retrospective,phase_guarded,False
580873c249e099e5a59d,test,retrospective,phase_guarded,True
1d410fde2606e936250d,test,retrospective,phase_guarded,False
c5fc910a4b3dc7a8e887,test,retrospective,phase_guarded,False
1baaf4761c3110190e59,test,retrospective,phase_guarded,False
d76b13048dbb9a77aa6b,test,retrospective,phase_guarded,False
7722400135e192d2237e,test,retrospective,phase_guarded,False
90be7b4b27b44060dd5a,test,retrospective,phase_guarded,True
e36c6ea665925d836c4d,test,retrospective,phase_guarded,False
2e80bf402dc99d688266,test,retrospective,phase_guarded,False
6c1fd2970a42686b16eb,test,retrospective,phase_guarded,False
3f935a8c1167fd8b76ad,test,retrospective,phase_guarded,False
a2c652763ef774058ba3,test,retrospective,phase_guarded,False
b9439a1f559670b1388c,test,retrospective,phase_guarded,False
a9a54e71945c604de534,test,retrospective,phase_guarded,False
c4632c3473f819c1f87d,test,retrospective,phase_guarded,False
c5b66d69b61732890b5c,test,retrospective,phase_guarded,False
8329b66a4539428ea9b3,test,retrospective,phase_guarded,False
218e61e220edeca369b5,test,retrospective,phase_guarded,False
1474db5f8ce14385a655,test,retrospective,phase_guarded,False
33eda84ec14b5650f80e,test,retrospective,phase_guarded,False
604bb15b5002672e3f7d,test,retrospective,phase_guarded,False
68ff755423902f997896,test,retrospective,phase_guarded,False
4f5a52943b1f7d6602bf,test,retrospective,phase_guarded,False
d2ba0a012398f74e2ef8,test,retrospective,phase_guarded,True
8118f93504fee43ffb59,test,retrospective,phase_guarded,False
7c2c2e80ce34715881e0,test,retrospective,phase_guarded,False
08a8c253614d8e1856bc,test,retrospective,phase_guarded,False
b6400998ff2f9a32c1ef,test,retrospective,phase_guarded,False
5fd1ca55139b41c1e244,test,retrospective,phase_guarded,False
afa2c9a9ad3f4ee15acb,test,retrospective,phase_guarded,False
a519e6a3e58123065aa1,test,retrospective,phase_guarded,False
afc0f73a332d719d5768,test,retrospective,phase_guarded,False
7c970a876df0df3afab0,test,retrospective,phase_guarded,False
fca308e1b18180a4be5e,test,retrospective,phase_guarded,False
6d4645dd96df7115b9f0,test,retrospective,phase_guarded,False
d42f7b4333ccfa17c357,test,retrospective,phase_guarded,False
354ec906babadc913892,test,retrospective,phase_guarded,False
2baebc025e8f2813cb3c,test,retrospective,phase_guarded,False
2d5eab22f00871a10ce5,test,retrospective,phase_guarded,False
aaabe774eb25a3cf9023,test,retrospective,phase_guarded,False
968d1f274739646fe63d,test,retrospective,phase_guarded,False
7b39c9c986e0dae854af,test,retrospective,phase_guarded,False
c7d576fa29fcf2a16239,test,retrospective,phase_guarded,False
6009535644195faa752e,test,retrospective,phase_guarded,False
c93f52a49371ab7a15d6,test,retrospective,phase_guarded,False
f28b782168f83aaac890,test,retrospective,phase_guarded,False
c3d20b3083d52492281a,test,retrospective,phase_guarded,False
723f122c590418312dc5,test,retrospective,phase_guarded,False
0cafbb9b551f03b7704e,test,retrospective,phase_guarded,False
5d11ab5955e64a56e4c0,test,retrospective,phase_guarded,False
8f6c49f29adefdd09de7,test,retrospective,phase_guarded,False
c5ad844a71bcab4b579b,test,retrospective,phase_guarded,False
ea962e2a6ec5427b3180,test,retrospective,phase_guarded,False
6f54f17396c3b58da22a,test,retrospective,phase_guarded,False
8a2687b9578a93f52b6a,test,retrospective,phase_guarded,False
2c30c0c0f98d9b0bfd36,test,retrospective,phase_guarded,False
e9287cf9f639d0cb745c,test,retrospective,phase_guarded,False
4c42e43dc99dab69afca,test,retrospective,phase_guarded,False
ad7e6f6a84d54fe4416e,test,retrospective,phase_guarded,False
ee67c692bd49fcbd2f9e,test,retrospective,phase_guarded,False
3b3c6867e8b5a8aa8b3f,test,retrospective,phase_guarded,False
1b750f8c6190dfd1d423,test,retrospective,phase_guarded,False
51e4ac2b53d02ee262c9,test,retrospective,phase_guarded,False
f1e6f363916627d7a3c3,test,retrospective,phase_guarded,False
cae6353f8ec36c6e31d8,test,retrospective,phase_guarded,False
34208ebb2733b1b0284c,test,retrospective,phase_guarded,False
b2c92099d6dd8787ed9d,test,retrospective,phase_guarded,False
5b62cb6062cfc089a043,test,retrospective,phase_guarded,False
b132fd519f7548da10fb,test,retrospective,phase_guarded,False
830f9c6f1adcdb7fd3bb,test,retrospective,phase_guarded,False
a9eced970ea76a980401,test,retrospective,phase_guarded,False
35f8c935184e3a44fd5a,test,retrospective,phase_guarded,False
2c85b09b93f1ce1cb955,test,retrospective,phase_guarded,False
71e792b4ecd29675ab98,test,retrospective,phase_guarded,False
340989de55d989058a09,test,retrospective,phase_guarded,False
9ec397dcd02c321971fb,test,retrospective,phase_guarded,False
501a01e44826e057d8af,test,retrospective,phase_guarded,False
6382d03d85cb6f9225c4,test,retrospective,phase_guarded,False
b2ccf2c9e3caa262b15a,test,retrospective,phase_guarded,False
705a622305ff67e6155a,test,retrospective,phase_guarded,False
63722e4aea1193f8f1fa,test,retrospective,phase_guarded,False
12bc66546fcc2c53ca8b,test,retrospective,phase_guarded,False
4ff22cd563e8a3f3f164,test,retrospective,phase_guarded,False
28352dba4220964b25a2,test,retrospective,phase_guarded,False
610d59865d54893d48f9,test,retrospective,phase_guarded,False
b4a42d71ec83ee25b4b7,test,retrospective,phase_guarded,False
fec5c7e4b8d03bd75f20,test,retrospective,phase_guarded,False
feef453df50f97a51897,test,retrospective,phase_guarded,False
2032a6c746698b4b468e,test,retrospective,phase_guarded,False
bddb39bc76da40c2cf87,test,retrospective,phase_guarded,False
455e2ab8a8bc54172c45,test,retrospective,phase_guarded,False
1fae7308faab0dbdcad4,test,retrospective,phase_guarded,False
5b9785bdcd71c032c33a,test,retrospective,phase_guarded,False
b4dece67784847d3ea35,test,retrospective,phase_guarded,False
68805788b02bec707bfc,test,retrospective,phase_guarded,False
e637be32b794d445868a,test,retrospective,phase_guarded,False
6fc52f00013553e78493,test,retrospective,phase_guarded,False
ddc8490279786d6d2b57,test,retrospective,phase_guarded,False
eb7752594dac3931dcd4,test,retrospective,phase_guarded,False
74205f39581c79fd4131,test,retrospective,phase_guarded,False
67ce71772bbefef05382,test,retrospective,phase_guarded,False
8552a20a99b365709b3b,test,retrospective,phase_guarded,False
c51e8610494eb5b4571b,test,retrospective,phase_guarded,False
d466cbb55485d03d267a,test,retrospective,phase_guarded,False
5bc503adf526d90ee225,test,retrospective,phase_guarded,False
5681c74abcfb12fbff1e,test,retrospective,phase_guarded,True
1f9d7e9fa9948a870e3c,test,retrospective,phase_guarded,True
566de29f17b444f9d704,test,retrospective,phase_guarded,True
71fc3e6de1ca86140467,test,retrospective,phase_guarded,False
de67f9c12ff7ec828783,test,retrospective,phase_guarded,False
b9ab82f96bfd3819173d,test,retrospective,phase_guarded,True
9f7bd7f0d493611437a4,test,retrospective,phase_guarded,False
84bc5c4dcce0f17b5e3c,test,retrospective,phase_guarded,False
cdd3276ec2cd2a249a1d,test,retrospective,phase_guarded,True
1e2f62523499ed927d17,test,retrospective,phase_guarded,False
ff99b48a0985236f66d0,test,retrospective,phase_guarded,False
1baa5276e694134773d7,test,retrospective,phase_guarded,True
a36a20bc925c09068cc0,test,retrospective,phase_guarded,False
9de61bbf05b5748e5c19,test,retrospective,phase_guarded,False
94b638552e294aaab06b,test,retrospective,phase_guarded,False
f3863b34f28fd21d5564,test,retrospective,phase_guarded,False
6faf94a5f7c1e562ed54,test,retrospective,phase_guarded,False
7a4930f9612953444bf0,test,retrospective,phase_guarded,False
e55c214c6d6fd1dfe550,test,retrospective,phase_guarded,False
107cb9a6202faba4b5d2,test,retrospective,phase_guarded,False
ce41827e64af29c9d639,test,retrospective,phase_guarded,False
a6dfa4938807feb52cf1,test,retrospective,phase_guarded,False
1d1bb726944540c80d59,test,retrospective,phase_guarded,False
319311bec39c3ba0f0c3,test,retrospective,phase_guarded,False
05fe4d20cb4c3735022c,test,retrospective,phase_guarded,False
1f2e187818d5383eec5b,test,retrospective,phase_guarded,False
5231263bc46fa2fb32a4,test,retrospective,phase_guarded,False
92d5bc3dc4acacfd21ea,test,retrospective,phase_guarded,False
0f41500385df440ddaff,test,retrospective,phase_guarded,False
b40ffe65c6be5f20ce63,test,retrospective,phase_guarded,False
d9c8e6365c07341aacd1,test,retrospective,phase_guarded,False
b25c707ca691d6becb3f,test,retrospective,phase_guarded,False
e441cea6e33ad005e714,test,retrospective,phase_guarded,False
d2b619d0c27a2215d97d,test,retrospective,selected,False
2f19a3b3f53f74c8f06d,test,retrospective,selected,False
57fe37f23a7a563e92b5,test,retrospective,selected,False
d88729a1562ff7919ee6,test,retrospective,selected,False
962437a2fbc3b6042db7,test,retrospective,selected,False
f87bd15cfe0b9c9d8415,test,retrospective,selected,False
7f2459acd6f57454c4de,test,retrospective,selected,False
957c27960f457cd8dabf,test,retrospective,selected,False
c26e0c529372ea2ee611,test,retrospective,selected,False
49bba6db5bee77022ef6,test,retrospective,selected,False
9fd0ed5ba993979a6cfd,test,retrospective,selected,False
bf41f45050aa7ffc0a41,test,retrospective,selected,False
ab2a98cd53feb4a9b68e,test,retrospective,selected,False
1ac24eafd0da43e258bc,test,retrospective,selected,False
b975a3224ef6639f0a72,test,retrospective,selected,False
05a15453e1d30c4d06e3,test,retrospective,selected,False
d279bdf911278448128d,test,retrospective,selected,False
d57fb09251db630e1c42,test,retrospective,selected,False
e75722edfe57cace8431,test,retrospective,selected,False
2d9bec1b3d81c5674e0f,test,retrospective,selected,False
5e954f010a07d7b406c0,test,retrospective,selected,False
40b3ead632c8b379236a,test,retrospective,selected,False
4d02baea5f92507f22f0,test,retrospective,selected,False
0840e6892b63ab3fb73d,test,retrospective,selected,False
2c40e43ca8186da9e870,test,retrospective,selected,False
18de11410d8e0e935400,test,retrospective,selected,False
ef55cca9a61c5f46bf0d,test,retrospective,selected,False
d952f73daa3cfa643d4f,test,retrospective,selected,False
8a557519f593fe021263,test,retrospective,selected,False
740db52c219cdb88368f,test,retrospective,selected,False
2f2bc1534b1e3fdd9d52,test,retrospective,selected,False
54e352c9fcb29c063a3c,test,retrospective,selected,False
bd0e4ec69375e5934138,test,retrospective,selected,False
58c585360a59e28b17a2,test,retrospective,selected,False
532038a18961d4c7362a,test,retrospective,selected,False
a0e35412fee239717c15,test,retrospective,selected,False
2cd489492c0fd76d31d5,test,retrospective,selected,False
aacb8f147338006805aa,test,retrospective,selected,False
ec299949f47acf4481eb,test,retrospective,selected,False
e4a8d590a7f0cdfa810c,test,retrospective,selected,False
833989e1b27359f5fcd1,test,retrospective,selected,False
2bee269ffc1783adc8f9,test,retrospective,selected,False
4785068d163fb47d5d68,test,retrospective,selected,False
650a13d664b0452243c7,test,retrospective,selected,False
ac3d00b3184df4597929,test,retrospective,selected,False
42920a47f36ad70bcb75,test,retrospective,selected,True
5e3b5c759e17de0ad882,test,retrospective,selected,True
e1a33ee9593555a25d87,test,retrospective,selected,False
580873c249e099e5a59d,test,retrospective,selected,True
1d410fde2606e936250d,test,retrospective,selected,False
c5fc910a4b3dc7a8e887,test,retrospective,selected,False
1baaf4761c3110190e59,test,retrospective,selected,False
d76b13048dbb9a77aa6b,test,retrospective,selected,False
7722400135e192d2237e,test,retrospective,selected,False
90be7b4b27b44060dd5a,test,retrospective,selected,False
e36c6ea665925d836c4d,test,retrospective,selected,False
2e80bf402dc99d688266,test,retrospective,selected,False
6c1fd2970a42686b16eb,test,retrospective,selected,False
3f935a8c1167fd8b76ad,test,retrospective,selected,False
a2c652763ef774058ba3,test,retrospective,selected,False
b9439a1f559670b1388c,test,retrospective,selected,False
a9a54e71945c604de534,test,retrospective,selected,False
c4632c3473f819c1f87d,test,retrospective,selected,False
c5b66d69b61732890b5c,test,retrospective,selected,False
8329b66a4539428ea9b3,test,retrospective,selected,False
218e61e220edeca369b5,test,retrospective,selected,False
1474db5f8ce14385a655,test,retrospective,selected,False
33eda84ec14b5650f80e,test,retrospective,selected,False
604bb15b5002672e3f7d,test,retrospective,selected,False
68ff755423902f997896,test,retrospective,selected,False
4f5a52943b1f7d6602bf,test,retrospective,selected,False
d2ba0a012398f74e2ef8,test,retrospective,selected,True
8118f93504fee43ffb59,test,retrospective,selected,False
7c2c2e80ce34715881e0,test,retrospective,selected,False
08a8c253614d8e1856bc,test,retrospective,selected,False
b6400998ff2f9a32c1ef,test,retrospective,selected,False
5fd1ca55139b41c1e244,test,retrospective,selected,False
afa2c9a9ad3f4ee15acb,test,retrospective,selected,False
a519e6a3e58123065aa1,test,retrospective,selected,False
afc0f73a332d719d5768,test,retrospective,selected,False
7c970a876df0df3afab0,test,retrospective,selected,False
fca308e1b18180a4be5e,test,retrospective,selected,False
6d4645dd96df7115b9f0,test,retrospective,selected,False
d42f7b4333ccfa17c357,test,retrospective,selected,False
354ec906babadc913892,test,retrospective,selected,False
2baebc025e8f2813cb3c,test,retrospective,selected,False
2d5eab22f00871a10ce5,test,retrospective,selected,False
aaabe774eb25a3cf9023,test,retrospective,selected,False
968d1f274739646fe63d,test,retrospective,selected,False
7b39c9c986e0dae854af,test,retrospective,selected,False
c7d576fa29fcf2a16239,test,retrospective,selected,False
6009535644195faa752e,test,retrospective,selected,False
c93f52a49371ab7a15d6,test,retrospective,selected,False
f28b782168f83aaac890,test,retrospective,selected,False
c3d20b3083d52492281a,test,retrospective,selected,False
723f122c590418312dc5,test,retrospective,selected,False
0cafbb9b551f03b7704e,test,retrospective,selected,False
5d11ab5955e64a56e4c0,test,retrospective,selected,False
8f6c49f29adefdd09de7,test,retrospective,selected,False
c5ad844a71bcab4b579b,test,retrospective,selected,False
ea962e2a6ec5427b3180,test,retrospective,selected,False
6f54f17396c3b58da22a,test,retrospective,selected,False
8a2687b9578a93f52b6a,test,retrospective,selected,False
2c30c0c0f98d9b0bfd36,test,retrospective,selected,False
e9287cf9f639d0cb745c,test,retrospective,selected,False
4c42e43dc99dab69afca,test,retrospective,selected,False
ad7e6f6a84d54fe4416e,test,retrospective,selected,False
ee67c692bd49fcbd2f9e,test,retrospective,selected,False
3b3c6867e8b5a8aa8b3f,test,retrospective,selected,False
1b750f8c6190dfd1d423,test,retrospective,selected,False
51e4ac2b53d02ee262c9,test,retrospective,selected,False
f1e6f363916627d7a3c3,test,retrospective,selected,False
cae6353f8ec36c6e31d8,test,retrospective,selected,False
34208ebb2733b1b0284c,test,retrospective,selected,False
b2c92099d6dd8787ed9d,test,retrospective,selected,False
5b62cb6062cfc089a043,test,retrospective,selected,False
b132fd519f7548da10fb,test,retrospective,selected,False
830f9c6f1adcdb7fd3bb,test,retrospective,selected,False
a9eced970ea76a980401,test,retrospective,selected,False
35f8c935184e3a44fd5a,test,retrospective,selected,False
2c85b09b93f1ce1cb955,test,retrospective,selected,False
71e792b4ecd29675ab98,test,retrospective,selected,False
340989de55d989058a09,test,retrospective,selected,False
9ec397dcd02c321971fb,test,retrospective,selected,False
501a01e44826e057d8af,test,retrospective,selected,False
6382d03d85cb6f9225c4,test,retrospective,selected,False
b2ccf2c9e3caa262b15a,test,retrospective,selected,False
705a622305ff67e6155a,test,retrospective,selected,False
63722e4aea1193f8f1fa,test,retrospective,selected,False
12bc66546fcc2c53ca8b,test,retrospective,selected,False
4ff22cd563e8a3f3f164,test,retrospective,selected,False
28352dba4220964b25a2,test,retrospective,selected,False
610d59865d54893d48f9,test,retrospective,selected,False
b4a42d71ec83ee25b4b7,test,retrospective,selected,False
fec5c7e4b8d03bd75f20,test,retrospective,selected,False
feef453df50f97a51897,test,retrospective,selected,False
2032a6c746698b4b468e,test,retrospective,selected,False
bddb39bc76da40c2cf87,test,retrospective,selected,False
455e2ab8a8bc54172c45,test,retrospective,selected,False
1fae7308faab0dbdcad4,test,retrospective,selected,False
5b9785bdcd71c032c33a,test,retrospective,selected,False
b4dece67784847d3ea35,test,retrospective,selected,False
68805788b02bec707bfc,test,retrospective,selected,False
e637be32b794d445868a,test,retrospective,selected,False
6fc52f00013553e78493,test,retrospective,selected,False
ddc8490279786d6d2b57,test,retrospective,selected,False
eb7752594dac3931dcd4,test,retrospective,selected,False
74205f39581c79fd4131,test,retrospective,selected,False
67ce71772bbefef05382,test,retrospective,selected,False
8552a20a99b365709b3b,test,retrospective,selected,False
c51e8610494eb5b4571b,test,retrospective,selected,False
d466cbb55485d03d267a,test,retrospective,selected,False
5bc503adf526d90ee225,test,retrospective,selected,False
5681c74abcfb12fbff1e,test,retrospective,selected,True
1f9d7e9fa9948a870e3c,test,retrospective,selected,True
566de29f17b444f9d704,test,retrospective,selected,True
71fc3e6de1ca86140467,test,retrospective,selected,False
de67f9c12ff7ec828783,test,retrospective,selected,False
b9ab82f96bfd3819173d,test,retrospective,selected,True
9f7bd7f0d493611437a4,test,retrospective,selected,False
84bc5c4dcce0f17b5e3c,test,retrospective,selected,False
cdd3276ec2cd2a249a1d,test,retrospective,selected,True
1e2f62523499ed927d17,test,retrospective,selected,False
ff99b48a0985236f66d0,test,retrospective,selected,False
1baa5276e694134773d7,test,retrospective,selected,True
a36a20bc925c09068cc0,test,retrospective,selected,False
9de61bbf05b5748e5c19,test,retrospective,selected,False
94b638552e294aaab06b,test,retrospective,selected,False
f3863b34f28fd21d5564,test,retrospective,selected,False
6faf94a5f7c1e562ed54,test,retrospective,selected,False
7a4930f9612953444bf0,test,retrospective,selected,False
e55c214c6d6fd1dfe550,test,retrospective,selected,False
107cb9a6202faba4b5d2,test,retrospective,selected,False
ce41827e64af29c9d639,test,retrospective,selected,False
a6dfa4938807feb52cf1,test,retrospective,selected,False
1d1bb726944540c80d59,test,retrospective,selected,False
319311bec39c3ba0f0c3,test,retrospective,selected,False
05fe4d20cb4c3735022c,test,retrospective,selected,False
1f2e187818d5383eec5b,test,retrospective,selected,False
5231263bc46fa2fb32a4,test,retrospective,selected,False
92d5bc3dc4acacfd21ea,test,retrospective,selected,False
0f41500385df440ddaff,test,retrospective,selected,False
b40ffe65c6be5f20ce63,test,retrospective,selected,False
d9c8e6365c07341aacd1,test,retrospective,selected,False
b25c707ca691d6becb3f,test,retrospective,selected,False
e441cea6e33ad005e714,test,retrospective,selected,False
5c1b8b824ae9ba600302,validation,retrospective,raw_unprotected,False
4ae0acea358c42a9056d,validation,retrospective,raw_unprotected,False
30aeaa2ab47dd38f022d,validation,retrospective,raw_unprotected,False
cd2775c4c9da5fe4ac7a,validation,retrospective,raw_unprotected,False
b57b1ad6880144b4bd2e,validation,retrospective,raw_unprotected,False
7b20ea76dee4d042e5fb,validation,retrospective,raw_unprotected,False
3ae8dc6e0ee7b31b4f01,validation,retrospective,raw_unprotected,False
5b2ae0ee956e1a5fda37,validation,retrospective,raw_unprotected,False
6e8849d9d215e5f82cf7,validation,retrospective,raw_unprotected,False
f64a8e37d8d957dc6a73,validation,retrospective,raw_unprotected,False
5cfb845d8a17bf219f8a,validation,retrospective,raw_unprotected,False
b4b2965cd7982ab737f6,validation,retrospective,raw_unprotected,False
93faa265c2341a90946a,validation,retrospective,raw_unprotected,False
2c9cbcfd353c44724211,validation,retrospective,raw_unprotected,False
1372b7d79b8afe36e26f,validation,retrospective,raw_unprotected,False
1fef6b02978ca981980c,validation,retrospective,raw_unprotected,False
a240cca82d2b6dda5c71,validation,retrospective,raw_unprotected,False
99e8dc828afc96b9142b,validation,retrospective,raw_unprotected,False
4421d6595c8141559c7a,validation,retrospective,raw_unprotected,False
c34839395305cc964813,validation,retrospective,raw_unprotected,False
e64b0d1e00a22f07ac51,validation,retrospective,raw_unprotected,False
154e113213a736a9704e,validation,retrospective,raw_unprotected,False
1a66a543e25029a9ef8e,validation,retrospective,raw_unprotected,False
91c9d0f14458a0dc6978,validation,retrospective,raw_unprotected,False
8e1355573c0bd704e983,validation,retrospective,raw_unprotected,False
0f93315623764f80da6b,validation,retrospective,raw_unprotected,False
619093e00139e5c419d2,validation,retrospective,raw_unprotected,False
c87eb7ee7bf59cf80c4c,validation,retrospective,raw_unprotected,False
0319d65c34229c36f0bf,validation,retrospective,raw_unprotected,False
b16dcb6a07b685c62b3b,validation,retrospective,raw_unprotected,False
4123b8dc6fbf691d4933,validation,retrospective,raw_unprotected,False
cc4734ffcbc48a705922,validation,retrospective,raw_unprotected,False
758bca66fb261a8c91e5,validation,retrospective,raw_unprotected,False
dc4d0a096f2707f91d88,validation,retrospective,raw_unprotected,False
7021b8ddc96215707d01,validation,retrospective,raw_unprotected,False
c6621d2f3102fc9484e6,validation,retrospective,raw_unprotected,False
5a583d7fa4fb934158ef,validation,retrospective,raw_unprotected,False
9b75b13ae7f1579ca095,validation,retrospective,raw_unprotected,False
e0548241b953d3483ae6,validation,retrospective,raw_unprotected,False
72c28d4770343afe06fe,validation,retrospective,raw_unprotected,False
3b5506515ffdc1ff09c7,validation,retrospective,raw_unprotected,False
c9c8a569d066bd8d878a,validation,retrospective,raw_unprotected,False
befb405f4b9f85c51c21,validation,retrospective,raw_unprotected,False
2a7b9750e8e4b19ab803,validation,retrospective,raw_unprotected,False
a90a2016b472b1dabddd,validation,retrospective,raw_unprotected,False
e5e1969aad7cff8cf52c,validation,retrospective,raw_unprotected,False
39d881fe7569244ac75f,validation,retrospective,raw_unprotected,False
3c94c766449ddded5501,validation,retrospective,raw_unprotected,False
84130991ae05cf6ad740,validation,retrospective,raw_unprotected,False
0e01d3c51b4c700effcf,validation,retrospective,raw_unprotected,False
86958fb820f4702cf181,validation,retrospective,raw_unprotected,False
6b4c60dc5a51602c2e80,validation,retrospective,raw_unprotected,False
43369da54366df0b2730,validation,retrospective,raw_unprotected,False
53f500e24cd939767ca3,validation,retrospective,raw_unprotected,False
54e7e362a3557c5054f4,validation,retrospective,raw_unprotected,False
430c4da370be773a13d0,validation,retrospective,raw_unprotected,False
3347283468bfe7b6b5aa,validation,retrospective,raw_unprotected,False
c379056fbbaef9593145,validation,retrospective,raw_unprotected,False
4e35128e75788694b640,validation,retrospective,raw_unprotected,False
5f59c0cb9126980c09da,validation,retrospective,raw_unprotected,False
f081bea0c5746b773e4d,validation,retrospective,raw_unprotected,False
886ebf732c333742d70d,validation,retrospective,raw_unprotected,False
b5fbe4424988819d7536,validation,retrospective,raw_unprotected,False
95729c925a873f8917ea,validation,retrospective,raw_unprotected,False
1801d05be037af25ea58,validation,retrospective,raw_unprotected,False
a8356a1823424c5c241c,validation,retrospective,raw_unprotected,False
fdd08e41e9bb0d3c5a99,validation,retrospective,raw_unprotected,False
5c1b8b824ae9ba600302,validation,retrospective,raw_guarded,True
4ae0acea358c42a9056d,validation,retrospective,raw_guarded,True
30aeaa2ab47dd38f022d,validation,retrospective,raw_guarded,True
cd2775c4c9da5fe4ac7a,validation,retrospective,raw_guarded,True
b57b1ad6880144b4bd2e,validation,retrospective,raw_guarded,True
7b20ea76dee4d042e5fb,validation,retrospective,raw_guarded,True
3ae8dc6e0ee7b31b4f01,validation,retrospective,raw_guarded,True
5b2ae0ee956e1a5fda37,validation,retrospective,raw_guarded,True
6e8849d9d215e5f82cf7,validation,retrospective,raw_guarded,True
f64a8e37d8d957dc6a73,validation,retrospective,raw_guarded,True
5cfb845d8a17bf219f8a,validation,retrospective,raw_guarded,True
b4b2965cd7982ab737f6,validation,retrospective,raw_guarded,True
93faa265c2341a90946a,validation,retrospective,raw_guarded,True
2c9cbcfd353c44724211,validation,retrospective,raw_guarded,False
1372b7d79b8afe36e26f,validation,retrospective,raw_guarded,False
1fef6b02978ca981980c,validation,retrospective,raw_guarded,True
a240cca82d2b6dda5c71,validation,retrospective,raw_guarded,True
99e8dc828afc96b9142b,validation,retrospective,raw_guarded,False
4421d6595c8141559c7a,validation,retrospective,raw_guarded,True
c34839395305cc964813,validation,retrospective,raw_guarded,True
e64b0d1e00a22f07ac51,validation,retrospective,raw_guarded,True
154e113213a736a9704e,validation,retrospective,raw_guarded,True
1a66a543e25029a9ef8e,validation,retrospective,raw_guarded,True
91c9d0f14458a0dc6978,validation,retrospective,raw_guarded,True
8e1355573c0bd704e983,validation,retrospective,raw_guarded,True
0f93315623764f80da6b,validation,retrospective,raw_guarded,True
619093e00139e5c419d2,validation,retrospective,raw_guarded,True
c87eb7ee7bf59cf80c4c,validation,retrospective,raw_guarded,True
0319d65c34229c36f0bf,validation,retrospective,raw_guarded,True
b16dcb6a07b685c62b3b,validation,retrospective,raw_guarded,True
4123b8dc6fbf691d4933,validation,retrospective,raw_guarded,True
cc4734ffcbc48a705922,validation,retrospective,raw_guarded,True
758bca66fb261a8c91e5,validation,retrospective,raw_guarded,True
dc4d0a096f2707f91d88,validation,retrospective,raw_guarded,False
7021b8ddc96215707d01,validation,retrospective,raw_guarded,True
c6621d2f3102fc9484e6,validation,retrospective,raw_guarded,False
5a583d7fa4fb934158ef,validation,retrospective,raw_guarded,True
9b75b13ae7f1579ca095,validation,retrospective,raw_guarded,True
e0548241b953d3483ae6,validation,retrospective,raw_guarded,True
72c28d4770343afe06fe,validation,retrospective,raw_guarded,True
3b5506515ffdc1ff09c7,validation,retrospective,raw_guarded,True
c9c8a569d066bd8d878a,validation,retrospective,raw_guarded,True
befb405f4b9f85c51c21,validation,retrospective,raw_guarded,False
2a7b9750e8e4b19ab803,validation,retrospective,raw_guarded,True
a90a2016b472b1dabddd,validation,retrospective,raw_guarded,True
e5e1969aad7cff8cf52c,validation,retrospective,raw_guarded,True
39d881fe7569244ac75f,validation,retrospective,raw_guarded,True
3c94c766449ddded5501,validation,retrospective,raw_guarded,True
84130991ae05cf6ad740,validation,retrospective,raw_guarded,True
0e01d3c51b4c700effcf,validation,retrospective,raw_guarded,True
86958fb820f4702cf181,validation,retrospective,raw_guarded,True
6b4c60dc5a51602c2e80,validation,retrospective,raw_guarded,False
43369da54366df0b2730,validation,retrospective,raw_guarded,False
53f500e24cd939767ca3,validation,retrospective,raw_guarded,True
54e7e362a3557c5054f4,validation,retrospective,raw_guarded,True
430c4da370be773a13d0,validation,retrospective,raw_guarded,True
3347283468bfe7b6b5aa,validation,retrospective,raw_guarded,True
c379056fbbaef9593145,validation,retrospective,raw_guarded,True
4e35128e75788694b640,validation,retrospective,raw_guarded,True
5f59c0cb9126980c09da,validation,retrospective,raw_guarded,True
f081bea0c5746b773e4d,validation,retrospective,raw_guarded,True
886ebf732c333742d70d,validation,retrospective,raw_guarded,True
b5fbe4424988819d7536,validation,retrospective,raw_guarded,True
95729c925a873f8917ea,validation,retrospective,raw_guarded,True
1801d05be037af25ea58,validation,retrospective,raw_guarded,True
a8356a1823424c5c241c,validation,retrospective,raw_guarded,True
fdd08e41e9bb0d3c5a99,validation,retrospective,raw_guarded,True
5c1b8b824ae9ba600302,validation,retrospective,gap_guarded,True
4ae0acea358c42a9056d,validation,retrospective,gap_guarded,True
30aeaa2ab47dd38f022d,validation,retrospective,gap_guarded,True
cd2775c4c9da5fe4ac7a,validation,retrospective,gap_guarded,True
b57b1ad6880144b4bd2e,validation,retrospective,gap_guarded,True
7b20ea76dee4d042e5fb,validation,retrospective,gap_guarded,True
3ae8dc6e0ee7b31b4f01,validation,retrospective,gap_guarded,True
5b2ae0ee956e1a5fda37,validation,retrospective,gap_guarded,True
6e8849d9d215e5f82cf7,validation,retrospective,gap_guarded,True
f64a8e37d8d957dc6a73,validation,retrospective,gap_guarded,True
5cfb845d8a17bf219f8a,validation,retrospective,gap_guarded,True
b4b2965cd7982ab737f6,validation,retrospective,gap_guarded,True
93faa265c2341a90946a,validation,retrospective,gap_guarded,True
2c9cbcfd353c44724211,validation,retrospective,gap_guarded,False
1372b7d79b8afe36e26f,validation,retrospective,gap_guarded,False
1fef6b02978ca981980c,validation,retrospective,gap_guarded,True
a240cca82d2b6dda5c71,validation,retrospective,gap_guarded,True
99e8dc828afc96b9142b,validation,retrospective,gap_guarded,False
4421d6595c8141559c7a,validation,retrospective,gap_guarded,True
c34839395305cc964813,validation,retrospective,gap_guarded,True
e64b0d1e00a22f07ac51,validation,retrospective,gap_guarded,True
154e113213a736a9704e,validation,retrospective,gap_guarded,True
1a66a543e25029a9ef8e,validation,retrospective,gap_guarded,True
91c9d0f14458a0dc6978,validation,retrospective,gap_guarded,True
8e1355573c0bd704e983,validation,retrospective,gap_guarded,True
0f93315623764f80da6b,validation,retrospective,gap_guarded,True
619093e00139e5c419d2,validation,retrospective,gap_guarded,True
c87eb7ee7bf59cf80c4c,validation,retrospective,gap_guarded,True
0319d65c34229c36f0bf,validation,retrospective,gap_guarded,True
b16dcb6a07b685c62b3b,validation,retrospective,gap_guarded,True
4123b8dc6fbf691d4933,validation,retrospective,gap_guarded,True
cc4734ffcbc48a705922,validation,retrospective,gap_guarded,True
758bca66fb261a8c91e5,validation,retrospective,gap_guarded,True
dc4d0a096f2707f91d88,validation,retrospective,gap_guarded,False
7021b8ddc96215707d01,validation,retrospective,gap_guarded,True
c6621d2f3102fc9484e6,validation,retrospective,gap_guarded,False
5a583d7fa4fb934158ef,validation,retrospective,gap_guarded,True
9b75b13ae7f1579ca095,validation,retrospective,gap_guarded,True
e0548241b953d3483ae6,validation,retrospective,gap_guarded,True
72c28d4770343afe06fe,validation,retrospective,gap_guarded,True
3b5506515ffdc1ff09c7,validation,retrospective,gap_guarded,True
c9c8a569d066bd8d878a,validation,retrospective,gap_guarded,True
befb405f4b9f85c51c21,validation,retrospective,gap_guarded,False
2a7b9750e8e4b19ab803,validation,retrospective,gap_guarded,True
a90a2016b472b1dabddd,validation,retrospective,gap_guarded,True
e5e1969aad7cff8cf52c,validation,retrospective,gap_guarded,True
39d881fe7569244ac75f,validation,retrospective,gap_guarded,True
3c94c766449ddded5501,validation,retrospective,gap_guarded,True
84130991ae05cf6ad740,validation,retrospective,gap_guarded,True
0e01d3c51b4c700effcf,validation,retrospective,gap_guarded,True
86958fb820f4702cf181,validation,retrospective,gap_guarded,True
6b4c60dc5a51602c2e80,validation,retrospective,gap_guarded,False
43369da54366df0b2730,validation,retrospective,gap_guarded,False
53f500e24cd939767ca3,validation,retrospective,gap_guarded,True
54e7e362a3557c5054f4,validation,retrospective,gap_guarded,True
430c4da370be773a13d0,validation,retrospective,gap_guarded,True
3347283468bfe7b6b5aa,validation,retrospective,gap_guarded,True
c379056fbbaef9593145,validation,retrospective,gap_guarded,True
4e35128e75788694b640,validation,retrospective,gap_guarded,True
5f59c0cb9126980c09da,validation,retrospective,gap_guarded,True
f081bea0c5746b773e4d,validation,retrospective,gap_guarded,True
886ebf732c333742d70d,validation,retrospective,gap_guarded,True
b5fbe4424988819d7536,validation,retrospective,gap_guarded,True
95729c925a873f8917ea,validation,retrospective,gap_guarded,True
1801d05be037af25ea58,validation,retrospective,gap_guarded,True
a8356a1823424c5c241c,validation,retrospective,gap_guarded,True
fdd08e41e9bb0d3c5a99,validation,retrospective,gap_guarded,True
5c1b8b824ae9ba600302,validation,retrospective,phase_guarded,True
4ae0acea358c42a9056d,validation,retrospective,phase_guarded,True
30aeaa2ab47dd38f022d,validation,retrospective,phase_guarded,True
cd2775c4c9da5fe4ac7a,validation,retrospective,phase_guarded,True
b57b1ad6880144b4bd2e,validation,retrospective,phase_guarded,True
7b20ea76dee4d042e5fb,validation,retrospective,phase_guarded,True
3ae8dc6e0ee7b31b4f01,validation,retrospective,phase_guarded,True
5b2ae0ee956e1a5fda37,validation,retrospective,phase_guarded,True
6e8849d9d215e5f82cf7,validation,retrospective,phase_guarded,True
f64a8e37d8d957dc6a73,validation,retrospective,phase_guarded,True
5cfb845d8a17bf219f8a,validation,retrospective,phase_guarded,True
b4b2965cd7982ab737f6,validation,retrospective,phase_guarded,True
93faa265c2341a90946a,validation,retrospective,phase_guarded,True
2c9cbcfd353c44724211,validation,retrospective,phase_guarded,False
1372b7d79b8afe36e26f,validation,retrospective,phase_guarded,False
1fef6b02978ca981980c,validation,retrospective,phase_guarded,True
a240cca82d2b6dda5c71,validation,retrospective,phase_guarded,True
99e8dc828afc96b9142b,validation,retrospective,phase_guarded,False
4421d6595c8141559c7a,validation,retrospective,phase_guarded,True
c34839395305cc964813,validation,retrospective,phase_guarded,True
e64b0d1e00a22f07ac51,validation,retrospective,phase_guarded,True
154e113213a736a9704e,validation,retrospective,phase_guarded,True
1a66a543e25029a9ef8e,validation,retrospective,phase_guarded,True
91c9d0f14458a0dc6978,validation,retrospective,phase_guarded,True
8e1355573c0bd704e983,validation,retrospective,phase_guarded,True
0f93315623764f80da6b,validation,retrospective,phase_guarded,True
619093e00139e5c419d2,validation,retrospective,phase_guarded,True
c87eb7ee7bf59cf80c4c,validation,retrospective,phase_guarded,True
0319d65c34229c36f0bf,validation,retrospective,phase_guarded,True
b16dcb6a07b685c62b3b,validation,retrospective,phase_guarded,True
4123b8dc6fbf691d4933,validation,retrospective,phase_guarded,True
cc4734ffcbc48a705922,validation,retrospective,phase_guarded,True
758bca66fb261a8c91e5,validation,retrospective,phase_guarded,True
dc4d0a096f2707f91d88,validation,retrospective,phase_guarded,False
7021b8ddc96215707d01,validation,retrospective,phase_guarded,True
c6621d2f3102fc9484e6,validation,retrospective,phase_guarded,False
5a583d7fa4fb934158ef,validation,retrospective,phase_guarded,True
9b75b13ae7f1579ca095,validation,retrospective,phase_guarded,True
e0548241b953d3483ae6,validation,retrospective,phase_guarded,True
72c28d4770343afe06fe,validation,retrospective,phase_guarded,True
3b5506515ffdc1ff09c7,validation,retrospective,phase_guarded,True
c9c8a569d066bd8d878a,validation,retrospective,phase_guarded,True
befb405f4b9f85c51c21,validation,retrospective,phase_guarded,False
2a7b9750e8e4b19ab803,validation,retrospective,phase_guarded,True
a90a2016b472b1dabddd,validation,retrospective,phase_guarded,True
e5e1969aad7cff8cf52c,validation,retrospective,phase_guarded,True
39d881fe7569244ac75f,validation,retrospective,phase_guarded,True
3c94c766449ddded5501,validation,retrospective,phase_guarded,True
84130991ae05cf6ad740,validation,retrospective,phase_guarded,True
0e01d3c51b4c700effcf,validation,retrospective,phase_guarded,True
86958fb820f4702cf181,validation,retrospective,phase_guarded,True
6b4c60dc5a51602c2e80,validation,retrospective,phase_guarded,False
43369da54366df0b2730,validation,retrospective,phase_guarded,False
53f500e24cd939767ca3,validation,retrospective,phase_guarded,True
54e7e362a3557c5054f4,validation,retrospective,phase_guarded,True
430c4da370be773a13d0,validation,retrospective,phase_guarded,True
3347283468bfe7b6b5aa,validation,retrospective,phase_guarded,True
c379056fbbaef9593145,validation,retrospective,phase_guarded,True
4e35128e75788694b640,validation,retrospective,phase_guarded,True
5f59c0cb9126980c09da,validation,retrospective,phase_guarded,True
f081bea0c5746b773e4d,validation,retrospective,phase_guarded,True
886ebf732c333742d70d,validation,retrospective,phase_guarded,True
b5fbe4424988819d7536,validation,retrospective,phase_guarded,True
95729c925a873f8917ea,validation,retrospective,phase_guarded,True
1801d05be037af25ea58,validation,retrospective,phase_guarded,True
a8356a1823424c5c241c,validation,retrospective,phase_guarded,True
fdd08e41e9bb0d3c5a99,validation,retrospective,phase_guarded,True
5c1b8b824ae9ba600302,validation,retrospective,selected,True
4ae0acea358c42a9056d,validation,retrospective,selected,True
30aeaa2ab47dd38f022d,validation,retrospective,selected,True
cd2775c4c9da5fe4ac7a,validation,retrospective,selected,True
b57b1ad6880144b4bd2e,validation,retrospective,selected,True
7b20ea76dee4d042e5fb,validation,retrospective,selected,True
3ae8dc6e0ee7b31b4f01,validation,retrospective,selected,True
5b2ae0ee956e1a5fda37,validation,retrospective,selected,True
6e8849d9d215e5f82cf7,validation,retrospective,selected,True
f64a8e37d8d957dc6a73,validation,retrospective,selected,True
5cfb845d8a17bf219f8a,validation,retrospective,selected,True
b4b2965cd7982ab737f6,validation,retrospective,selected,True
93faa265c2341a90946a,validation,retrospective,selected,True
2c9cbcfd353c44724211,validation,retrospective,selected,False
1372b7d79b8afe36e26f,validation,retrospective,selected,False
1fef6b02978ca981980c,validation,retrospective,selected,True
a240cca82d2b6dda5c71,validation,retrospective,selected,True
99e8dc828afc96b9142b,validation,retrospective,selected,False
4421d6595c8141559c7a,validation,retrospective,selected,True
c34839395305cc964813,validation,retrospective,selected,True
e64b0d1e00a22f07ac51,validation,retrospective,selected,True
154e113213a736a9704e,validation,retrospective,selected,True
1a66a543e25029a9ef8e,validation,retrospective,selected,True
91c9d0f14458a0dc6978,validation,retrospective,selected,True
8e1355573c0bd704e983,validation,retrospective,selected,True
0f93315623764f80da6b,validation,retrospective,selected,True
619093e00139e5c419d2,validation,retrospective,selected,True
c87eb7ee7bf59cf80c4c,validation,retrospective,selected,True
0319d65c34229c36f0bf,validation,retrospective,selected,True
b16dcb6a07b685c62b3b,validation,retrospective,selected,True
4123b8dc6fbf691d4933,validation,retrospective,selected,True
cc4734ffcbc48a705922,validation,retrospective,selected,True
758bca66fb261a8c91e5,validation,retrospective,selected,True
dc4d0a096f2707f91d88,validation,retrospective,selected,False
7021b8ddc96215707d01,validation,retrospective,selected,True
c6621d2f3102fc9484e6,validation,retrospective,selected,False
5a583d7fa4fb934158ef,validation,retrospective,selected,True
9b75b13ae7f1579ca095,validation,retrospective,selected,True
e0548241b953d3483ae6,validation,retrospective,selected,True
72c28d4770343afe06fe,validation,retrospective,selected,True
3b5506515ffdc1ff09c7,validation,retrospective,selected,True
c9c8a569d066bd8d878a,validation,retrospective,selected,True
befb405f4b9f85c51c21,validation,retrospective,selected,False
2a7b9750e8e4b19ab803,validation,retrospective,selected,True
a90a2016b472b1dabddd,validation,retrospective,selected,True
e5e1969aad7cff8cf52c,validation,retrospective,selected,True
39d881fe7569244ac75f,validation,retrospective,selected,True
3c94c766449ddded5501,validation,retrospective,selected,True
84130991ae05cf6ad740,validation,retrospective,selected,True
0e01d3c51b4c700effcf,validation,retrospective,selected,True
86958fb820f4702cf181,validation,retrospective,selected,True
6b4c60dc5a51602c2e80,validation,retrospective,selected,False
43369da54366df0b2730,validation,retrospective,selected,False
53f500e24cd939767ca3,validation,retrospective,selected,True
54e7e362a3557c5054f4,validation,retrospective,selected,True
430c4da370be773a13d0,validation,retrospective,selected,True
3347283468bfe7b6b5aa,validation,retrospective,selected,True
c379056fbbaef9593145,validation,retrospective,selected,True
4e35128e75788694b640,validation,retrospective,selected,True
5f59c0cb9126980c09da,validation,retrospective,selected,True
f081bea0c5746b773e4d,validation,retrospective,selected,True
886ebf732c333742d70d,validation,retrospective,selected,True
b5fbe4424988819d7536,validation,retrospective,selected,True
95729c925a873f8917ea,validation,retrospective,selected,True
1801d05be037af25ea58,validation,retrospective,selected,True
a8356a1823424c5c241c,validation,retrospective,selected,True
fdd08e41e9bb0d3c5a99,validation,retrospective,selected,True
4776e888a023544db6b1,test,retrospective,raw_unprotected,False
a46bebf8e9f512a996be,test,retrospective,raw_unprotected,False
40bed85ae6557f5ba21f,test,retrospective,raw_unprotected,False
7d84b8e9ad53989df68f,test,retrospective,raw_unprotected,False
1e0940a534cad3bba3b4,test,retrospective,raw_unprotected,False
eb2122dc052db2a66cfe,test,retrospective,raw_unprotected,False
809096580291310a732e,test,retrospective,raw_unprotected,False
63b30f73d6172de799a4,test,retrospective,raw_unprotected,False
bc614ddbcbec41849901,test,retrospective,raw_unprotected,False
006b0b385c96ff685425,test,retrospective,raw_unprotected,False
7882adf4c667faf00510,test,retrospective,raw_unprotected,False
b2418d76b2e497ab1265,test,retrospective,raw_unprotected,False
92b1f654577f3aa99299,test,retrospective,raw_unprotected,False
f61f9f8a880f150b5798,test,retrospective,raw_unprotected,False
5ec5594c255a8b231fdc,test,retrospective,raw_unprotected,False
58403f0dadfb1e9cb730,test,retrospective,raw_unprotected,False
aaa43e2924c2482876aa,test,retrospective,raw_unprotected,False
e9a40d2245015d4bd955,test,retrospective,raw_unprotected,False
0df71fbae975a7245e3c,test,retrospective,raw_unprotected,False
62a12c0d42f4848accee,test,retrospective,raw_unprotected,False
e0983b66510d97641c65,test,retrospective,raw_unprotected,False
632cd5631d4050089994,test,retrospective,raw_unprotected,False
78aaddc26c439d002045,test,retrospective,raw_unprotected,False
aac924067e4e78a61ef9,test,retrospective,raw_unprotected,False
c6b7b39162b16aa2dcca,test,retrospective,raw_unprotected,False
e4930977c9167712fad0,test,retrospective,raw_unprotected,False
99845544c876fcd9dead,test,retrospective,raw_unprotected,False
6d363ed96e0cd1115d3a,test,retrospective,raw_unprotected,False
f8910a63916df3c7b17a,test,retrospective,raw_unprotected,False
ba3ef0efb0b34bf9dde5,test,retrospective,raw_unprotected,False
a4e7fa9affbe3a00cbb6,test,retrospective,raw_unprotected,False
6f67e1c869c0b85c8399,test,retrospective,raw_unprotected,False
2e8d813244edb1e527a8,test,retrospective,raw_unprotected,False
fd188e5f4704b1e0841c,test,retrospective,raw_unprotected,False
e6a3bb9b32221304d052,test,retrospective,raw_unprotected,False
bb6409c12eab7fb9d361,test,retrospective,raw_unprotected,False
8d9d4087f403c8ba52a7,test,retrospective,raw_unprotected,False
4c63e11d9a1c54354fd2,test,retrospective,raw_unprotected,False
376a9d19ee18a166f98d,test,retrospective,raw_unprotected,False
7455e49bd8d88154cf5c,test,retrospective,raw_unprotected,False
fde3ef72dc00df83c6f0,test,retrospective,raw_unprotected,False
ab96c5ed8e6752b4b9c8,test,retrospective,raw_unprotected,False
9cc763c6e0cf24ae7283,test,retrospective,raw_unprotected,False
6125beb06b3dce20d11b,test,retrospective,raw_unprotected,False
f7432a6dfb361851db0b,test,retrospective,raw_unprotected,False
9185851b019744437e34,test,retrospective,raw_unprotected,False
aab66d1bfd81d3b46c08,test,retrospective,raw_unprotected,False
59310817ce51b1b0812b,test,retrospective,raw_unprotected,False
4785b70cae7a26a3d5dc,test,retrospective,raw_unprotected,False
c35654decfe2bee7c65b,test,retrospective,raw_unprotected,False
74b907b268ccb7821a99,test,retrospective,raw_unprotected,False
f67e09a546b2486d7d97,test,retrospective,raw_unprotected,False
94a1d213657002a7b66f,test,retrospective,raw_unprotected,False
fa546080280c7c695670,test,retrospective,raw_unprotected,False
d392252946e7fd3e1e2c,test,retrospective,raw_unprotected,False
a90137dd4dd5ab726b9e,test,retrospective,raw_unprotected,False
921e4c621638d9799d22,test,retrospective,raw_unprotected,False
94b7fea22f793547d5c9,test,retrospective,raw_unprotected,False
d214eb6be3669f6bd966,test,retrospective,raw_unprotected,False
f2417c37f10643b16263,test,retrospective,raw_unprotected,False
ab351a037579888cc0bf,test,retrospective,raw_unprotected,False
29de9414f464e665a9af,test,retrospective,raw_unprotected,False
6c7f0c9909ba2c2e2009,test,retrospective,raw_unprotected,False
edbffb937320b857e268,test,retrospective,raw_unprotected,False
fb69f94208b10546808a,test,retrospective,raw_unprotected,False
47a3e79635c9b86cd0a6,test,retrospective,raw_unprotected,False
b58aca40c4be64525f50,test,retrospective,raw_unprotected,False
fcf8f7301331d5969810,test,retrospective,raw_unprotected,False
78e42d6f2efdb2d2b12f,test,retrospective,raw_unprotected,False
052e8cbcfa393534872c,test,retrospective,raw_unprotected,False
12c2bb31a649383137b5,test,retrospective,raw_unprotected,False
74f92b58edc8282f1821,test,retrospective,raw_unprotected,False
1a519042fce6b0129604,test,retrospective,raw_unprotected,False
4776e888a023544db6b1,test,retrospective,raw_guarded,True
a46bebf8e9f512a996be,test,retrospective,raw_guarded,True
40bed85ae6557f5ba21f,test,retrospective,raw_guarded,True
7d84b8e9ad53989df68f,test,retrospective,raw_guarded,True
1e0940a534cad3bba3b4,test,retrospective,raw_guarded,True
eb2122dc052db2a66cfe,test,retrospective,raw_guarded,True
809096580291310a732e,test,retrospective,raw_guarded,True
63b30f73d6172de799a4,test,retrospective,raw_guarded,True
bc614ddbcbec41849901,test,retrospective,raw_guarded,True
006b0b385c96ff685425,test,retrospective,raw_guarded,True
7882adf4c667faf00510,test,retrospective,raw_guarded,True
b2418d76b2e497ab1265,test,retrospective,raw_guarded,True
92b1f654577f3aa99299,test,retrospective,raw_guarded,True
f61f9f8a880f150b5798,test,retrospective,raw_guarded,True
5ec5594c255a8b231fdc,test,retrospective,raw_guarded,True
58403f0dadfb1e9cb730,test,retrospective,raw_guarded,True
aaa43e2924c2482876aa,test,retrospective,raw_guarded,False
e9a40d2245015d4bd955,test,retrospective,raw_guarded,True
0df71fbae975a7245e3c,test,retrospective,raw_guarded,True
62a12c0d42f4848accee,test,retrospective,raw_guarded,True
e0983b66510d97641c65,test,retrospective,raw_guarded,True
632cd5631d4050089994,test,retrospective,raw_guarded,False
78aaddc26c439d002045,test,retrospective,raw_guarded,True
aac924067e4e78a61ef9,test,retrospective,raw_guarded,True
c6b7b39162b16aa2dcca,test,retrospective,raw_guarded,True
e4930977c9167712fad0,test,retrospective,raw_guarded,False
99845544c876fcd9dead,test,retrospective,raw_guarded,True
6d363ed96e0cd1115d3a,test,retrospective,raw_guarded,True
f8910a63916df3c7b17a,test,retrospective,raw_guarded,False
ba3ef0efb0b34bf9dde5,test,retrospective,raw_guarded,True
a4e7fa9affbe3a00cbb6,test,retrospective,raw_guarded,False
6f67e1c869c0b85c8399,test,retrospective,raw_guarded,False
2e8d813244edb1e527a8,test,retrospective,raw_guarded,True
fd188e5f4704b1e0841c,test,retrospective,raw_guarded,True
e6a3bb9b32221304d052,test,retrospective,raw_guarded,False
bb6409c12eab7fb9d361,test,retrospective,raw_guarded,True
8d9d4087f403c8ba52a7,test,retrospective,raw_guarded,True
4c63e11d9a1c54354fd2,test,retrospective,raw_guarded,True
376a9d19ee18a166f98d,test,retrospective,raw_guarded,True
7455e49bd8d88154cf5c,test,retrospective,raw_guarded,True
fde3ef72dc00df83c6f0,test,retrospective,raw_guarded,True
ab96c5ed8e6752b4b9c8,test,retrospective,raw_guarded,True
9cc763c6e0cf24ae7283,test,retrospective,raw_guarded,True
6125beb06b3dce20d11b,test,retrospective,raw_guarded,True
f7432a6dfb361851db0b,test,retrospective,raw_guarded,True
9185851b019744437e34,test,retrospective,raw_guarded,True
aab66d1bfd81d3b46c08,test,retrospective,raw_guarded,False
59310817ce51b1b0812b,test,retrospective,raw_guarded,True
4785b70cae7a26a3d5dc,test,retrospective,raw_guarded,True
c35654decfe2bee7c65b,test,retrospective,raw_guarded,True
74b907b268ccb7821a99,test,retrospective,raw_guarded,True
f67e09a546b2486d7d97,test,retrospective,raw_guarded,True
94a1d213657002a7b66f,test,retrospective,raw_guarded,True
fa546080280c7c695670,test,retrospective,raw_guarded,True
d392252946e7fd3e1e2c,test,retrospective,raw_guarded,False
a90137dd4dd5ab726b9e,test,retrospective,raw_guarded,True
921e4c621638d9799d22,test,retrospective,raw_guarded,True
94b7fea22f793547d5c9,test,retrospective,raw_guarded,False
d214eb6be3669f6bd966,test,retrospective,raw_guarded,True
f2417c37f10643b16263,test,retrospective,raw_guarded,True
ab351a037579888cc0bf,test,retrospective,raw_guarded,True
29de9414f464e665a9af,test,retrospective,raw_guarded,True
6c7f0c9909ba2c2e2009,test,retrospective,raw_guarded,True
edbffb937320b857e268,test,retrospective,raw_guarded,True
fb69f94208b10546808a,test,retrospective,raw_guarded,True
47a3e79635c9b86cd0a6,test,retrospective,raw_guarded,True
b58aca40c4be64525f50,test,retrospective,raw_guarded,False
fcf8f7301331d5969810,test,retrospective,raw_guarded,True
78e42d6f2efdb2d2b12f,test,retrospective,raw_guarded,True
052e8cbcfa393534872c,test,retrospective,raw_guarded,True
12c2bb31a649383137b5,test,retrospective,raw_guarded,True
74f92b58edc8282f1821,test,retrospective,raw_guarded,True
1a519042fce6b0129604,test,retrospective,raw_guarded,True
4776e888a023544db6b1,test,retrospective,gap_guarded,True
a46bebf8e9f512a996be,test,retrospective,gap_guarded,True
40bed85ae6557f5ba21f,test,retrospective,gap_guarded,True
7d84b8e9ad53989df68f,test,retrospective,gap_guarded,True
1e0940a534cad3bba3b4,test,retrospective,gap_guarded,True
eb2122dc052db2a66cfe,test,retrospective,gap_guarded,True
809096580291310a732e,test,retrospective,gap_guarded,True
63b30f73d6172de799a4,test,retrospective,gap_guarded,True
bc614ddbcbec41849901,test,retrospective,gap_guarded,True
006b0b385c96ff685425,test,retrospective,gap_guarded,True
7882adf4c667faf00510,test,retrospective,gap_guarded,True
b2418d76b2e497ab1265,test,retrospective,gap_guarded,True
92b1f654577f3aa99299,test,retrospective,gap_guarded,True
f61f9f8a880f150b5798,test,retrospective,gap_guarded,True
5ec5594c255a8b231fdc,test,retrospective,gap_guarded,True
58403f0dadfb1e9cb730,test,retrospective,gap_guarded,True
aaa43e2924c2482876aa,test,retrospective,gap_guarded,False
e9a40d2245015d4bd955,test,retrospective,gap_guarded,True
0df71fbae975a7245e3c,test,retrospective,gap_guarded,True
62a12c0d42f4848accee,test,retrospective,gap_guarded,True
e0983b66510d97641c65,test,retrospective,gap_guarded,True
632cd5631d4050089994,test,retrospective,gap_guarded,False
78aaddc26c439d002045,test,retrospective,gap_guarded,True
aac924067e4e78a61ef9,test,retrospective,gap_guarded,True
c6b7b39162b16aa2dcca,test,retrospective,gap_guarded,True
e4930977c9167712fad0,test,retrospective,gap_guarded,False
99845544c876fcd9dead,test,retrospective,gap_guarded,True
6d363ed96e0cd1115d3a,test,retrospective,gap_guarded,True
f8910a63916df3c7b17a,test,retrospective,gap_guarded,False
ba3ef0efb0b34bf9dde5,test,retrospective,gap_guarded,True
a4e7fa9affbe3a00cbb6,test,retrospective,gap_guarded,False
6f67e1c869c0b85c8399,test,retrospective,gap_guarded,False
2e8d813244edb1e527a8,test,retrospective,gap_guarded,True
fd188e5f4704b1e0841c,test,retrospective,gap_guarded,True
e6a3bb9b32221304d052,test,retrospective,gap_guarded,False
bb6409c12eab7fb9d361,test,retrospective,gap_guarded,True
8d9d4087f403c8ba52a7,test,retrospective,gap_guarded,True
4c63e11d9a1c54354fd2,test,retrospective,gap_guarded,True
376a9d19ee18a166f98d,test,retrospective,gap_guarded,True
7455e49bd8d88154cf5c,test,retrospective,gap_guarded,True
fde3ef72dc00df83c6f0,test,retrospective,gap_guarded,True
ab96c5ed8e6752b4b9c8,test,retrospective,gap_guarded,True
9cc763c6e0cf24ae7283,test,retrospective,gap_guarded,True
6125beb06b3dce20d11b,test,retrospective,gap_guarded,True
f7432a6dfb361851db0b,test,retrospective,gap_guarded,True
9185851b019744437e34,test,retrospective,gap_guarded,True
aab66d1bfd81d3b46c08,test,retrospective,gap_guarded,False
59310817ce51b1b0812b,test,retrospective,gap_guarded,True
4785b70cae7a26a3d5dc,test,retrospective,gap_guarded,True
c35654decfe2bee7c65b,test,retrospective,gap_guarded,True
74b907b268ccb7821a99,test,retrospective,gap_guarded,True
f67e09a546b2486d7d97,test,retrospective,gap_guarded,True
94a1d213657002a7b66f,test,retrospective,gap_guarded,True
fa546080280c7c695670,test,retrospective,gap_guarded,True
d392252946e7fd3e1e2c,test,retrospective,gap_guarded,False
a90137dd4dd5ab726b9e,test,retrospective,gap_guarded,True
921e4c621638d9799d22,test,retrospective,gap_guarded,True
94b7fea22f793547d5c9,test,retrospective,gap_guarded,False
d214eb6be3669f6bd966,test,retrospective,gap_guarded,True
f2417c37f10643b16263,test,retrospective,gap_guarded,True
ab351a037579888cc0bf,test,retrospective,gap_guarded,True
29de9414f464e665a9af,test,retrospective,gap_guarded,True
6c7f0c9909ba2c2e2009,test,retrospective,gap_guarded,True
edbffb937320b857e268,test,retrospective,gap_guarded,True
fb69f94208b10546808a,test,retrospective,gap_guarded,True
47a3e79635c9b86cd0a6,test,retrospective,gap_guarded,True
b58aca40c4be64525f50,test,retrospective,gap_guarded,False
fcf8f7301331d5969810,test,retrospective,gap_guarded,True
78e42d6f2efdb2d2b12f,test,retrospective,gap_guarded,True
052e8cbcfa393534872c,test,retrospective,gap_guarded,True
12c2bb31a649383137b5,test,retrospective,gap_guarded,True
74f92b58edc8282f1821,test,retrospective,gap_guarded,True
1a519042fce6b0129604,test,retrospective,gap_guarded,True
4776e888a023544db6b1,test,retrospective,phase_guarded,True
a46bebf8e9f512a996be,test,retrospective,phase_guarded,True
40bed85ae6557f5ba21f,test,retrospective,phase_guarded,True
7d84b8e9ad53989df68f,test,retrospective,phase_guarded,True
1e0940a534cad3bba3b4,test,retrospective,phase_guarded,True
eb2122dc052db2a66cfe,test,retrospective,phase_guarded,True
809096580291310a732e,test,retrospective,phase_guarded,True
63b30f73d6172de799a4,test,retrospective,phase_guarded,True
bc614ddbcbec41849901,test,retrospective,phase_guarded,True
006b0b385c96ff685425,test,retrospective,phase_guarded,True
7882adf4c667faf00510,test,retrospective,phase_guarded,True
b2418d76b2e497ab1265,test,retrospective,phase_guarded,True
92b1f654577f3aa99299,test,retrospective,phase_guarded,True
f61f9f8a880f150b5798,test,retrospective,phase_guarded,True
5ec5594c255a8b231fdc,test,retrospective,phase_guarded,True
58403f0dadfb1e9cb730,test,retrospective,phase_guarded,True
aaa43e2924c2482876aa,test,retrospective,phase_guarded,False
e9a40d2245015d4bd955,test,retrospective,phase_guarded,True
0df71fbae975a7245e3c,test,retrospective,phase_guarded,True
62a12c0d42f4848accee,test,retrospective,phase_guarded,True
e0983b66510d97641c65,test,retrospective,phase_guarded,True
632cd5631d4050089994,test,retrospective,phase_guarded,False
78aaddc26c439d002045,test,retrospective,phase_guarded,True
aac924067e4e78a61ef9,test,retrospective,phase_guarded,True
c6b7b39162b16aa2dcca,test,retrospective,phase_guarded,True
e4930977c9167712fad0,test,retrospective,phase_guarded,False
99845544c876fcd9dead,test,retrospective,phase_guarded,True
6d363ed96e0cd1115d3a,test,retrospective,phase_guarded,True
f8910a63916df3c7b17a,test,retrospective,phase_guarded,False
ba3ef0efb0b34bf9dde5,test,retrospective,phase_guarded,True
a4e7fa9affbe3a00cbb6,test,retrospective,phase_guarded,False
6f67e1c869c0b85c8399,test,retrospective,phase_guarded,False
2e8d813244edb1e527a8,test,retrospective,phase_guarded,True
fd188e5f4704b1e0841c,test,retrospective,phase_guarded,True
e6a3bb9b32221304d052,test,retrospective,phase_guarded,False
bb6409c12eab7fb9d361,test,retrospective,phase_guarded,True
8d9d4087f403c8ba52a7,test,retrospective,phase_guarded,True
4c63e11d9a1c54354fd2,test,retrospective,phase_guarded,True
376a9d19ee18a166f98d,test,retrospective,phase_guarded,True
7455e49bd8d88154cf5c,test,retrospective,phase_guarded,True
fde3ef72dc00df83c6f0,test,retrospective,phase_guarded,True
ab96c5ed8e6752b4b9c8,test,retrospective,phase_guarded,True
9cc763c6e0cf24ae7283,test,retrospective,phase_guarded,True
6125beb06b3dce20d11b,test,retrospective,phase_guarded,True
f7432a6dfb361851db0b,test,retrospective,phase_guarded,True
9185851b019744437e34,test,retrospective,phase_guarded,True
aab66d1bfd81d3b46c08,test,retrospective,phase_guarded,False
59310817ce51b1b0812b,test,retrospective,phase_guarded,True
4785b70cae7a26a3d5dc,test,retrospective,phase_guarded,True
c35654decfe2bee7c65b,test,retrospective,phase_guarded,True
74b907b268ccb7821a99,test,retrospective,phase_guarded,True
f67e09a546b2486d7d97,test,retrospective,phase_guarded,True
94a1d213657002a7b66f,test,retrospective,phase_guarded,True
fa546080280c7c695670,test,retrospective,phase_guarded,True
d392252946e7fd3e1e2c,test,retrospective,phase_guarded,False
a90137dd4dd5ab726b9e,test,retrospective,phase_guarded,True
921e4c621638d9799d22,test,retrospective,phase_guarded,True
94b7fea22f793547d5c9,test,retrospective,phase_guarded,False
d214eb6be3669f6bd966,test,retrospective,phase_guarded,True
f2417c37f10643b16263,test,retrospective,phase_guarded,True
ab351a037579888cc0bf,test,retrospective,phase_guarded,True
29de9414f464e665a9af,test,retrospective,phase_guarded,True
6c7f0c9909ba2c2e2009,test,retrospective,phase_guarded,True
edbffb937320b857e268,test,retrospective,phase_guarded,True
fb69f94208b10546808a,test,retrospective,phase_guarded,True
47a3e79635c9b86cd0a6,test,retrospective,phase_guarded,True
b58aca40c4be64525f50,test,retrospective,phase_guarded,False
fcf8f7301331d5969810,test,retrospective,phase_guarded,True
78e42d6f2efdb2d2b12f,test,retrospective,phase_guarded,True
052e8cbcfa393534872c,test,retrospective,phase_guarded,True
12c2bb31a649383137b5,test,retrospective,phase_guarded,True
74f92b58edc8282f1821,test,retrospective,phase_guarded,True
1a519042fce6b0129604,test,retrospective,phase_guarded,True
4776e888a023544db6b1,test,retrospective,selected,True
a46bebf8e9f512a996be,test,retrospective,selected,True
40bed85ae6557f5ba21f,test,retrospective,selected,True
7d84b8e9ad53989df68f,test,retrospective,selected,True
1e0940a534cad3bba3b4,test,retrospective,selected,True
eb2122dc052db2a66cfe,test,retrospective,selected,True
809096580291310a732e,test,retrospective,selected,True
63b30f73d6172de799a4,test,retrospective,selected,True
bc614ddbcbec41849901,test,retrospective,selected,True
006b0b385c96ff685425,test,retrospective,selected,True
7882adf4c667faf00510,test,retrospective,selected,True
b2418d76b2e497ab1265,test,retrospective,selected,True
92b1f654577f3aa99299,test,retrospective,selected,True
f61f9f8a880f150b5798,test,retrospective,selected,True
5ec5594c255a8b231fdc,test,retrospective,selected,True
58403f0dadfb1e9cb730,test,retrospective,selected,True
aaa43e2924c2482876aa,test,retrospective,selected,False
e9a40d2245015d4bd955,test,retrospective,selected,True
0df71fbae975a7245e3c,test,retrospective,selected,True
62a12c0d42f4848accee,test,retrospective,selected,True
e0983b66510d97641c65,test,retrospective,selected,True
632cd5631d4050089994,test,retrospective,selected,False
78aaddc26c439d002045,test,retrospective,selected,True
aac924067e4e78a61ef9,test,retrospective,selected,True
c6b7b39162b16aa2dcca,test,retrospective,selected,True
e4930977c9167712fad0,test,retrospective,selected,False
99845544c876fcd9dead,test,retrospective,selected,True
6d363ed96e0cd1115d3a,test,retrospective,selected,True
f8910a63916df3c7b17a,test,retrospective,selected,False
ba3ef0efb0b34bf9dde5,test,retrospective,selected,True
a4e7fa9affbe3a00cbb6,test,retrospective,selected,False
6f67e1c869c0b85c8399,test,retrospective,selected,False
2e8d813244edb1e527a8,test,retrospective,selected,True
fd188e5f4704b1e0841c,test,retrospective,selected,True
e6a3bb9b32221304d052,test,retrospective,selected,False
bb6409c12eab7fb9d361,test,retrospective,selected,True
8d9d4087f403c8ba52a7,test,retrospective,selected,True
4c63e11d9a1c54354fd2,test,retrospective,selected,True
376a9d19ee18a166f98d,test,retrospective,selected,True
7455e49bd8d88154cf5c,test,retrospective,selected,True
fde3ef72dc00df83c6f0,test,retrospective,selected,True
ab96c5ed8e6752b4b9c8,test,retrospective,selected,True
9cc763c6e0cf24ae7283,test,retrospective,selected,True
6125beb06b3dce20d11b,test,retrospective,selected,True
f7432a6dfb361851db0b,test,retrospective,selected,True
9185851b019744437e34,test,retrospective,selected,True
aab66d1bfd81d3b46c08,test,retrospective,selected,False
59310817ce51b1b0812b,test,retrospective,selected,True
4785b70cae7a26a3d5dc,test,retrospective,selected,True
c35654decfe2bee7c65b,test,retrospective,selected,True
74b907b268ccb7821a99,test,retrospective,selected,True
f67e09a546b2486d7d97,test,retrospective,selected,True
94a1d213657002a7b66f,test,retrospective,selected,True
fa546080280c7c695670,test,retrospective,selected,True
d392252946e7fd3e1e2c,test,retrospective,selected,False
a90137dd4dd5ab726b9e,test,retrospective,selected,True
921e4c621638d9799d22,test,retrospective,selected,True
94b7fea22f793547d5c9,test,retrospective,selected,False
d214eb6be3669f6bd966,test,retrospective,selected,True
f2417c37f10643b16263,test,retrospective,selected,True
ab351a037579888cc0bf,test,retrospective,selected,True
29de9414f464e665a9af,test,retrospective,selected,True
6c7f0c9909ba2c2e2009,test,retrospective,selected,True
edbffb937320b857e268,test,retrospective,selected,True
fb69f94208b10546808a,test,retrospective,selected,True
47a3e79635c9b86cd0a6,test,retrospective,selected,True
b58aca40c4be64525f50,test,retrospective,selected,False
fcf8f7301331d5969810,test,retrospective,selected,True
78e42d6f2efdb2d2b12f,test,retrospective,selected,True
052e8cbcfa393534872c,test,retrospective,selected,True
12c2bb31a649383137b5,test,retrospective,selected,True
74f92b58edc8282f1821,test,retrospective,selected,True
1a519042fce6b0129604,test,retrospective,selected,True
02e436eb18826107a8a1,validation,completed,raw_unprotected,False
828c5c6d5d8c61cb58e1,validation,completed,raw_unprotected,False
d7ab3019b08390a6cfca,validation,completed,raw_unprotected,False
e43846f3cc235cde6504,validation,completed,raw_unprotected,False
d11f8b621634b39d02a1,validation,completed,raw_unprotected,False
6e95618ca6713de474ae,validation,completed,raw_unprotected,False
ba895590c5a78614f6a7,validation,completed,raw_unprotected,False
53eaf315e45adf6673c7,validation,completed,raw_unprotected,False
a746eb4532a8496fa3fc,validation,completed,raw_unprotected,False
4dabe82281322dd9ae8d,validation,completed,raw_unprotected,False
92bdd2e8a69face6d0b7,validation,completed,raw_unprotected,False
e2982b1b4c3f002e6329,validation,completed,raw_unprotected,False
7f6a8a463044f8bedd3d,validation,completed,raw_unprotected,False
43e629248987f68e519e,validation,completed,raw_unprotected,False
a83de54d465f5cb81ccb,validation,completed,raw_unprotected,False
bbab8b2708d9ab5a6aee,validation,completed,raw_unprotected,False
2b4a29e6a9f1acebd6f1,validation,completed,raw_unprotected,False
c188a41b25b300b96a7a,validation,completed,raw_unprotected,False
0c2a9a5204a36526421a,validation,completed,raw_unprotected,False
aad8247e4605a919c1f5,validation,completed,raw_unprotected,False
9420a085cea3ab285dc0,validation,completed,raw_unprotected,False
a5473f8af252e2caeb21,validation,completed,raw_unprotected,False
8855d674c5b6858c6318,validation,completed,raw_unprotected,False
6638a17cc405df12960e,validation,completed,raw_unprotected,False
a4f3938550d07e6b6bd4,validation,completed,raw_unprotected,False
6fea2ad58175b6cfd403,validation,completed,raw_unprotected,False
5e2cd51318771fb8e12a,validation,completed,raw_unprotected,False
8249ff20fcd08f77241f,validation,completed,raw_unprotected,False
fbe197aea1f068b2a304,validation,completed,raw_unprotected,False
6dc3424dfb73edbc468b,validation,completed,raw_unprotected,False
06c305d1b62943d60095,validation,completed,raw_unprotected,False
19ee154edb10a2b6819a,validation,completed,raw_unprotected,False
ae428e5c9107ba6ff91d,validation,completed,raw_unprotected,False
fb04bee46065ca73e235,validation,completed,raw_unprotected,False
2916179f75a3796da4ba,validation,completed,raw_unprotected,False
eb26ebcfb5fae6e59c49,validation,completed,raw_unprotected,False
b004fe14fdaeae2c83b0,validation,completed,raw_unprotected,False
4507b20bb310dae1f23d,validation,completed,raw_unprotected,False
369cae0991b42cd5e6a3,validation,completed,raw_unprotected,False
ecff7508e343e495914e,validation,completed,raw_unprotected,False
cbfa9e1817c7bcd758eb,validation,completed,raw_unprotected,False
1e3fd5ac2f2b0dbcdebe,validation,completed,raw_unprotected,False
37bd4ace14c08990a90b,validation,completed,raw_unprotected,False
42e6ea0210140bc76b72,validation,completed,raw_unprotected,False
a8d22d4f76707691ab89,validation,completed,raw_unprotected,False
78077204d4daf49c8b91,validation,completed,raw_unprotected,False
5ecc3ce82801dcac57b8,validation,completed,raw_unprotected,False
446bbd30f2fe62b994bb,validation,completed,raw_unprotected,False
6499c18f61a0d2643d1c,validation,completed,raw_unprotected,False
156af913d16fab3692d6,validation,completed,raw_unprotected,False
fe7b9a4c29924993cbd4,validation,completed,raw_unprotected,False
a654b953ed1796c42099,validation,completed,raw_unprotected,False
d5b120fefe220d7d0e79,validation,completed,raw_unprotected,False
4a91e288bfc11ebeeb16,validation,completed,raw_unprotected,False
1055c747aa857138a7f8,validation,completed,raw_unprotected,False
427b39fb5855c16f4469,validation,completed,raw_unprotected,False
011a7963fe00fadf077f,validation,completed,raw_unprotected,False
5cc569aa9cba72bc67ce,validation,completed,raw_unprotected,False
56bce4d83bd926343204,validation,completed,raw_unprotected,False
c1ffcf512c2721588049,validation,completed,raw_unprotected,False
f6a26c571ae7839a02c6,validation,completed,raw_unprotected,False
40aa8845fc346b8c4f88,validation,completed,raw_unprotected,False
c087f61be351b24fe5c0,validation,completed,raw_unprotected,False
f27411a15810d6a4859d,validation,completed,raw_unprotected,False
ebdfb5da540a6984b84c,validation,completed,raw_unprotected,False
36840234905ac67d771a,validation,completed,raw_unprotected,False
e36d14fb696c4b9ac172,validation,completed,raw_unprotected,False
e637eaf17409a0d1ef6e,validation,completed,raw_unprotected,False
4609f133f899a617eaac,validation,completed,raw_unprotected,False
d53747deaeef9bde3b82,validation,completed,raw_unprotected,False
a3a2335b3f3283b1f7ae,validation,completed,raw_unprotected,False
8e7365ee0e106dbd7b6b,validation,completed,raw_unprotected,False
5a8a4450970feb9c5591,validation,completed,raw_unprotected,False
7021513245762ad198b4,validation,completed,raw_unprotected,False
71c0c9da6f2f990a5dc5,validation,completed,raw_unprotected,False
47bcc6fad12f551e8abf,validation,completed,raw_unprotected,False
f7d0fe5dba7e99b7aafc,validation,completed,raw_unprotected,False
f26c7d05d5c0b5ef5aeb,validation,completed,raw_unprotected,False
88b034f69a1b4a932925,validation,completed,raw_unprotected,False
908c1a267a3bc772e104,validation,completed,raw_unprotected,False
7883f8972fba7640b3ef,validation,completed,raw_unprotected,False
a4bc10e51e7c44f987e7,validation,completed,raw_unprotected,False
5d0927247417f99064ab,validation,completed,raw_unprotected,False
0ce99f0000803b424d60,validation,completed,raw_unprotected,False
8691d279983e54828d28,validation,completed,raw_unprotected,False
4cc699f0154ebe4381ab,validation,completed,raw_unprotected,False
ca561759f01fb42e84f2,validation,completed,raw_unprotected,False
da13c4f656f407e4aa76,validation,completed,raw_unprotected,False
f8d8d270d0ed42af6f78,validation,completed,raw_unprotected,False
bf1890b77ee978a0533b,validation,completed,raw_unprotected,False
eaee0a582f61d8b157d8,validation,completed,raw_unprotected,False
714530dc9c832560e443,validation,completed,raw_unprotected,False
dedb4777198ae9b97014,validation,completed,raw_unprotected,False
8004b45c1bd1363d5a62,validation,completed,raw_unprotected,False
7c1742de3cf425b6c6b2,validation,completed,raw_unprotected,False
b0d3ef9c9e344bcc85fa,validation,completed,raw_unprotected,False
ec24c7a0711ecff8dba3,validation,completed,raw_unprotected,False
2a9c1682cb0f5ce88863,validation,completed,raw_unprotected,False
2774c14ea7d9ef6357fa,validation,completed,raw_unprotected,False
53cccd11723b0296c4e7,validation,completed,raw_unprotected,False
55f120ba0155b01b455f,validation,completed,raw_unprotected,False
ecb8e723ecd4a113aae1,validation,completed,raw_unprotected,False
bcd47d467c37b577584e,validation,completed,raw_unprotected,False
75b9ca012c20e4ddf572,validation,completed,raw_unprotected,False
8c0e0b615a9384d71578,validation,completed,raw_unprotected,False
c60c5b2e0541c5af6410,validation,completed,raw_unprotected,False
61469f9e5983ebedec87,validation,completed,raw_unprotected,False
6632587eeaa5e41bd375,validation,completed,raw_unprotected,False
2f1a76f31e7d0d2f849b,validation,completed,raw_unprotected,False
8b90ca0547f8adc5ee82,validation,completed,raw_unprotected,False
8001d7857afc0dfd936d,validation,completed,raw_unprotected,False
80c000eef032fbdce5cc,validation,completed,raw_unprotected,False
eba8e1a1fcd6068199f2,validation,completed,raw_unprotected,False
7cb07b052c74c1021e85,validation,completed,raw_unprotected,False
0a35d36b70d005dfa1b7,validation,completed,raw_unprotected,False
266ee4b383cf6af7443e,validation,completed,raw_unprotected,False
25f51871a80aada3a297,validation,completed,raw_unprotected,False
1c15914464b85b065a6c,validation,completed,raw_unprotected,False
157d35130df80b1e21e1,validation,completed,raw_unprotected,False
5895ad7f0377289350c8,validation,completed,raw_unprotected,False
7e6df8b8d9d288bd8f9a,validation,completed,raw_unprotected,False
ced0780019678fd74960,validation,completed,raw_unprotected,False
f89a8c4b9b804d001d96,validation,completed,raw_unprotected,False
841db26f2f0d8f4e8ba0,validation,completed,raw_unprotected,False
7f6eb6e343f95ccb5454,validation,completed,raw_unprotected,False
6c7d463e171d944c3227,validation,completed,raw_unprotected,False
78c17506be7d8866fc6c,validation,completed,raw_unprotected,False
410fc273062c9f00d769,validation,completed,raw_unprotected,False
d7afa0e96332624f599b,validation,completed,raw_unprotected,False
e2dd5c71b321592f8483,validation,completed,raw_unprotected,False
8f4c35e333ab8fd14f57,validation,completed,raw_unprotected,False
428b7bcf1b131357888c,validation,completed,raw_unprotected,False
4c65a7000abbb4b892bc,validation,completed,raw_unprotected,False
934997f00ccf47f5021b,validation,completed,raw_unprotected,False
9d1a75c7f26925bb424b,validation,completed,raw_unprotected,False
a59c268c4629b8813a10,validation,completed,raw_unprotected,False
76ed0002cfd72ba3c54c,validation,completed,raw_unprotected,False
7825792d6c2528de0cc3,validation,completed,raw_unprotected,False
a6aee8777d1c409767c9,validation,completed,raw_unprotected,False
9d188a1ef3c30df74559,validation,completed,raw_unprotected,False
12e2c305863d1d5336fe,validation,completed,raw_unprotected,False
096a35eef06bf383d4ed,validation,completed,raw_unprotected,False
552722de245bd5ef7f11,validation,completed,raw_unprotected,False
421a1014c185529c23d8,validation,completed,raw_unprotected,False
0143a59f6bdef521d30c,validation,completed,raw_unprotected,False
938a51a6e19bd8517c3e,validation,completed,raw_unprotected,False
7d2356c2e4eb227d2dd2,validation,completed,raw_unprotected,False
8f4e09fa8afeef1c699b,validation,completed,raw_unprotected,False
ab7fdb3487efe1742f28,validation,completed,raw_unprotected,False
4137d1cd0a597693179e,validation,completed,raw_unprotected,False
77fa0001c60e2f817dbc,validation,completed,raw_unprotected,False
74c6c4867375a7d7d95d,validation,completed,raw_unprotected,False
f84cc78bad40dbc29a2d,validation,completed,raw_unprotected,False
60f37ebcf1c132248055,validation,completed,raw_unprotected,False
9aa3363ff8730934478d,validation,completed,raw_unprotected,False
5805adc9b48cb8b4f9d2,validation,completed,raw_unprotected,False
3c96d5dd0acebc7b4e32,validation,completed,raw_unprotected,False
f4350c0188da76f0ecb0,validation,completed,raw_unprotected,False
2965f4b2d9dda1e0bb4c,validation,completed,raw_unprotected,False
3f86a487f1fd234635f6,validation,completed,raw_unprotected,False
013232deae171214ceb3,validation,completed,raw_unprotected,False
9e66429099fc2f2d7817,validation,completed,raw_unprotected,False
85c68db0ef141625790f,validation,completed,raw_unprotected,False
6f0932cc6675f3ee2542,validation,completed,raw_unprotected,False
b3b39d6ab2f8abea410e,validation,completed,raw_unprotected,False
9a2445259d7561db1c6b,validation,completed,raw_unprotected,False
b11cdf408556b6dc8e16,validation,completed,raw_unprotected,False
691357333f4b04269b52,validation,completed,raw_unprotected,False
ead35c59de19870f2126,validation,completed,raw_unprotected,False
2f6a7a181de5cfaa8cde,validation,completed,raw_unprotected,False
d9e38067125060fb5fbb,validation,completed,raw_unprotected,False
102b404843f3ca85d755,validation,completed,raw_unprotected,False
4bf13660bcc264021545,validation,completed,raw_unprotected,False
371865969277bcb488f9,validation,completed,raw_unprotected,False
c01c074868e062be80cf,validation,completed,raw_unprotected,False
71da84cd5e28dcf927b7,validation,completed,raw_unprotected,False
99ac0ef170cab61c4235,validation,completed,raw_unprotected,False
662cd213b2cc0a6b8a23,validation,completed,raw_unprotected,False
88fbb6fe7f7156acd3d1,validation,completed,raw_unprotected,False
897bee1bf99f151a6176,validation,completed,raw_unprotected,False
db65febf89adc26f3276,validation,completed,raw_unprotected,False
46dce212d8c575b7596f,validation,completed,raw_unprotected,False
488916a7c7d3b9ea7c0d,validation,completed,raw_unprotected,False
7005c86d0920a13f4cd0,validation,completed,raw_unprotected,False
203bb84e13443f7254b6,validation,completed,raw_unprotected,False
02e436eb18826107a8a1,validation,completed,raw_guarded,False
828c5c6d5d8c61cb58e1,validation,completed,raw_guarded,False
d7ab3019b08390a6cfca,validation,completed,raw_guarded,False
e43846f3cc235cde6504,validation,completed,raw_guarded,False
d11f8b621634b39d02a1,validation,completed,raw_guarded,False
6e95618ca6713de474ae,validation,completed,raw_guarded,True
ba895590c5a78614f6a7,validation,completed,raw_guarded,False
53eaf315e45adf6673c7,validation,completed,raw_guarded,False
a746eb4532a8496fa3fc,validation,completed,raw_guarded,False
4dabe82281322dd9ae8d,validation,completed,raw_guarded,True
92bdd2e8a69face6d0b7,validation,completed,raw_guarded,True
e2982b1b4c3f002e6329,validation,completed,raw_guarded,False
7f6a8a463044f8bedd3d,validation,completed,raw_guarded,False
43e629248987f68e519e,validation,completed,raw_guarded,False
a83de54d465f5cb81ccb,validation,completed,raw_guarded,True
bbab8b2708d9ab5a6aee,validation,completed,raw_guarded,False
2b4a29e6a9f1acebd6f1,validation,completed,raw_guarded,False
c188a41b25b300b96a7a,validation,completed,raw_guarded,False
0c2a9a5204a36526421a,validation,completed,raw_guarded,False
aad8247e4605a919c1f5,validation,completed,raw_guarded,False
9420a085cea3ab285dc0,validation,completed,raw_guarded,False
a5473f8af252e2caeb21,validation,completed,raw_guarded,False
8855d674c5b6858c6318,validation,completed,raw_guarded,False
6638a17cc405df12960e,validation,completed,raw_guarded,True
a4f3938550d07e6b6bd4,validation,completed,raw_guarded,False
6fea2ad58175b6cfd403,validation,completed,raw_guarded,False
5e2cd51318771fb8e12a,validation,completed,raw_guarded,False
8249ff20fcd08f77241f,validation,completed,raw_guarded,False
fbe197aea1f068b2a304,validation,completed,raw_guarded,False
6dc3424dfb73edbc468b,validation,completed,raw_guarded,False
06c305d1b62943d60095,validation,completed,raw_guarded,False
19ee154edb10a2b6819a,validation,completed,raw_guarded,False
ae428e5c9107ba6ff91d,validation,completed,raw_guarded,False
fb04bee46065ca73e235,validation,completed,raw_guarded,False
2916179f75a3796da4ba,validation,completed,raw_guarded,False
eb26ebcfb5fae6e59c49,validation,completed,raw_guarded,False
b004fe14fdaeae2c83b0,validation,completed,raw_guarded,False
4507b20bb310dae1f23d,validation,completed,raw_guarded,False
369cae0991b42cd5e6a3,validation,completed,raw_guarded,False
ecff7508e343e495914e,validation,completed,raw_guarded,False
cbfa9e1817c7bcd758eb,validation,completed,raw_guarded,False
1e3fd5ac2f2b0dbcdebe,validation,completed,raw_guarded,False
37bd4ace14c08990a90b,validation,completed,raw_guarded,False
42e6ea0210140bc76b72,validation,completed,raw_guarded,True
a8d22d4f76707691ab89,validation,completed,raw_guarded,False
78077204d4daf49c8b91,validation,completed,raw_guarded,False
5ecc3ce82801dcac57b8,validation,completed,raw_guarded,False
446bbd30f2fe62b994bb,validation,completed,raw_guarded,False
6499c18f61a0d2643d1c,validation,completed,raw_guarded,True
156af913d16fab3692d6,validation,completed,raw_guarded,False
fe7b9a4c29924993cbd4,validation,completed,raw_guarded,False
a654b953ed1796c42099,validation,completed,raw_guarded,False
d5b120fefe220d7d0e79,validation,completed,raw_guarded,False
4a91e288bfc11ebeeb16,validation,completed,raw_guarded,False
1055c747aa857138a7f8,validation,completed,raw_guarded,False
427b39fb5855c16f4469,validation,completed,raw_guarded,False
011a7963fe00fadf077f,validation,completed,raw_guarded,False
5cc569aa9cba72bc67ce,validation,completed,raw_guarded,True
56bce4d83bd926343204,validation,completed,raw_guarded,False
c1ffcf512c2721588049,validation,completed,raw_guarded,False
f6a26c571ae7839a02c6,validation,completed,raw_guarded,False
40aa8845fc346b8c4f88,validation,completed,raw_guarded,False
c087f61be351b24fe5c0,validation,completed,raw_guarded,False
f27411a15810d6a4859d,validation,completed,raw_guarded,False
ebdfb5da540a6984b84c,validation,completed,raw_guarded,False
36840234905ac67d771a,validation,completed,raw_guarded,False
e36d14fb696c4b9ac172,validation,completed,raw_guarded,False
e637eaf17409a0d1ef6e,validation,completed,raw_guarded,False
4609f133f899a617eaac,validation,completed,raw_guarded,False
d53747deaeef9bde3b82,validation,completed,raw_guarded,False
a3a2335b3f3283b1f7ae,validation,completed,raw_guarded,False
8e7365ee0e106dbd7b6b,validation,completed,raw_guarded,False
5a8a4450970feb9c5591,validation,completed,raw_guarded,False
7021513245762ad198b4,validation,completed,raw_guarded,False
71c0c9da6f2f990a5dc5,validation,completed,raw_guarded,False
47bcc6fad12f551e8abf,validation,completed,raw_guarded,False
f7d0fe5dba7e99b7aafc,validation,completed,raw_guarded,False
f26c7d05d5c0b5ef5aeb,validation,completed,raw_guarded,False
88b034f69a1b4a932925,validation,completed,raw_guarded,False
908c1a267a3bc772e104,validation,completed,raw_guarded,False
7883f8972fba7640b3ef,validation,completed,raw_guarded,False
a4bc10e51e7c44f987e7,validation,completed,raw_guarded,False
5d0927247417f99064ab,validation,completed,raw_guarded,False
0ce99f0000803b424d60,validation,completed,raw_guarded,False
8691d279983e54828d28,validation,completed,raw_guarded,False
4cc699f0154ebe4381ab,validation,completed,raw_guarded,False
ca561759f01fb42e84f2,validation,completed,raw_guarded,False
da13c4f656f407e4aa76,validation,completed,raw_guarded,False
f8d8d270d0ed42af6f78,validation,completed,raw_guarded,False
bf1890b77ee978a0533b,validation,completed,raw_guarded,False
eaee0a582f61d8b157d8,validation,completed,raw_guarded,False
714530dc9c832560e443,validation,completed,raw_guarded,False
dedb4777198ae9b97014,validation,completed,raw_guarded,False
8004b45c1bd1363d5a62,validation,completed,raw_guarded,False
7c1742de3cf425b6c6b2,validation,completed,raw_guarded,False
b0d3ef9c9e344bcc85fa,validation,completed,raw_guarded,True
ec24c7a0711ecff8dba3,validation,completed,raw_guarded,False
2a9c1682cb0f5ce88863,validation,completed,raw_guarded,False
2774c14ea7d9ef6357fa,validation,completed,raw_guarded,False
53cccd11723b0296c4e7,validation,completed,raw_guarded,False
55f120ba0155b01b455f,validation,completed,raw_guarded,True
ecb8e723ecd4a113aae1,validation,completed,raw_guarded,False
bcd47d467c37b577584e,validation,completed,raw_guarded,False
75b9ca012c20e4ddf572,validation,completed,raw_guarded,False
8c0e0b615a9384d71578,validation,completed,raw_guarded,False
c60c5b2e0541c5af6410,validation,completed,raw_guarded,False
61469f9e5983ebedec87,validation,completed,raw_guarded,False
6632587eeaa5e41bd375,validation,completed,raw_guarded,False
2f1a76f31e7d0d2f849b,validation,completed,raw_guarded,False
8b90ca0547f8adc5ee82,validation,completed,raw_guarded,False
8001d7857afc0dfd936d,validation,completed,raw_guarded,False
80c000eef032fbdce5cc,validation,completed,raw_guarded,False
eba8e1a1fcd6068199f2,validation,completed,raw_guarded,True
7cb07b052c74c1021e85,validation,completed,raw_guarded,False
0a35d36b70d005dfa1b7,validation,completed,raw_guarded,False
266ee4b383cf6af7443e,validation,completed,raw_guarded,False
25f51871a80aada3a297,validation,completed,raw_guarded,False
1c15914464b85b065a6c,validation,completed,raw_guarded,True
157d35130df80b1e21e1,validation,completed,raw_guarded,False
5895ad7f0377289350c8,validation,completed,raw_guarded,False
7e6df8b8d9d288bd8f9a,validation,completed,raw_guarded,False
ced0780019678fd74960,validation,completed,raw_guarded,False
f89a8c4b9b804d001d96,validation,completed,raw_guarded,False
841db26f2f0d8f4e8ba0,validation,completed,raw_guarded,False
7f6eb6e343f95ccb5454,validation,completed,raw_guarded,False
6c7d463e171d944c3227,validation,completed,raw_guarded,False
78c17506be7d8866fc6c,validation,completed,raw_guarded,False
410fc273062c9f00d769,validation,completed,raw_guarded,False
d7afa0e96332624f599b,validation,completed,raw_guarded,False
e2dd5c71b321592f8483,validation,completed,raw_guarded,False
8f4c35e333ab8fd14f57,validation,completed,raw_guarded,False
428b7bcf1b131357888c,validation,completed,raw_guarded,False
4c65a7000abbb4b892bc,validation,completed,raw_guarded,False
934997f00ccf47f5021b,validation,completed,raw_guarded,False
9d1a75c7f26925bb424b,validation,completed,raw_guarded,False
a59c268c4629b8813a10,validation,completed,raw_guarded,False
76ed0002cfd72ba3c54c,validation,completed,raw_guarded,False
7825792d6c2528de0cc3,validation,completed,raw_guarded,False
a6aee8777d1c409767c9,validation,completed,raw_guarded,False
9d188a1ef3c30df74559,validation,completed,raw_guarded,False
12e2c305863d1d5336fe,validation,completed,raw_guarded,False
096a35eef06bf383d4ed,validation,completed,raw_guarded,False
552722de245bd5ef7f11,validation,completed,raw_guarded,False
421a1014c185529c23d8,validation,completed,raw_guarded,False
0143a59f6bdef521d30c,validation,completed,raw_guarded,False
938a51a6e19bd8517c3e,validation,completed,raw_guarded,False
7d2356c2e4eb227d2dd2,validation,completed,raw_guarded,False
8f4e09fa8afeef1c699b,validation,completed,raw_guarded,False
ab7fdb3487efe1742f28,validation,completed,raw_guarded,False
4137d1cd0a597693179e,validation,completed,raw_guarded,False
77fa0001c60e2f817dbc,validation,completed,raw_guarded,False
74c6c4867375a7d7d95d,validation,completed,raw_guarded,False
f84cc78bad40dbc29a2d,validation,completed,raw_guarded,False
60f37ebcf1c132248055,validation,completed,raw_guarded,False
9aa3363ff8730934478d,validation,completed,raw_guarded,False
5805adc9b48cb8b4f9d2,validation,completed,raw_guarded,True
3c96d5dd0acebc7b4e32,validation,completed,raw_guarded,False
f4350c0188da76f0ecb0,validation,completed,raw_guarded,True
2965f4b2d9dda1e0bb4c,validation,completed,raw_guarded,False
3f86a487f1fd234635f6,validation,completed,raw_guarded,False
013232deae171214ceb3,validation,completed,raw_guarded,False
9e66429099fc2f2d7817,validation,completed,raw_guarded,False
85c68db0ef141625790f,validation,completed,raw_guarded,False
6f0932cc6675f3ee2542,validation,completed,raw_guarded,False
b3b39d6ab2f8abea410e,validation,completed,raw_guarded,False
9a2445259d7561db1c6b,validation,completed,raw_guarded,False
b11cdf408556b6dc8e16,validation,completed,raw_guarded,False
691357333f4b04269b52,validation,completed,raw_guarded,False
ead35c59de19870f2126,validation,completed,raw_guarded,False
2f6a7a181de5cfaa8cde,validation,completed,raw_guarded,False
d9e38067125060fb5fbb,validation,completed,raw_guarded,False
102b404843f3ca85d755,validation,completed,raw_guarded,False
4bf13660bcc264021545,validation,completed,raw_guarded,False
371865969277bcb488f9,validation,completed,raw_guarded,False
c01c074868e062be80cf,validation,completed,raw_guarded,False
71da84cd5e28dcf927b7,validation,completed,raw_guarded,True
99ac0ef170cab61c4235,validation,completed,raw_guarded,False
662cd213b2cc0a6b8a23,validation,completed,raw_guarded,False
88fbb6fe7f7156acd3d1,validation,completed,raw_guarded,False
897bee1bf99f151a6176,validation,completed,raw_guarded,False
db65febf89adc26f3276,validation,completed,raw_guarded,False
46dce212d8c575b7596f,validation,completed,raw_guarded,False
488916a7c7d3b9ea7c0d,validation,completed,raw_guarded,False
7005c86d0920a13f4cd0,validation,completed,raw_guarded,False
203bb84e13443f7254b6,validation,completed,raw_guarded,False
02e436eb18826107a8a1,validation,completed,gap_guarded,False
828c5c6d5d8c61cb58e1,validation,completed,gap_guarded,False
d7ab3019b08390a6cfca,validation,completed,gap_guarded,False
e43846f3cc235cde6504,validation,completed,gap_guarded,False
d11f8b621634b39d02a1,validation,completed,gap_guarded,False
6e95618ca6713de474ae,validation,completed,gap_guarded,True
ba895590c5a78614f6a7,validation,completed,gap_guarded,False
53eaf315e45adf6673c7,validation,completed,gap_guarded,False
a746eb4532a8496fa3fc,validation,completed,gap_guarded,False
4dabe82281322dd9ae8d,validation,completed,gap_guarded,True
92bdd2e8a69face6d0b7,validation,completed,gap_guarded,True
e2982b1b4c3f002e6329,validation,completed,gap_guarded,False
7f6a8a463044f8bedd3d,validation,completed,gap_guarded,False
43e629248987f68e519e,validation,completed,gap_guarded,False
a83de54d465f5cb81ccb,validation,completed,gap_guarded,True
bbab8b2708d9ab5a6aee,validation,completed,gap_guarded,False
2b4a29e6a9f1acebd6f1,validation,completed,gap_guarded,False
c188a41b25b300b96a7a,validation,completed,gap_guarded,False
0c2a9a5204a36526421a,validation,completed,gap_guarded,False
aad8247e4605a919c1f5,validation,completed,gap_guarded,False
9420a085cea3ab285dc0,validation,completed,gap_guarded,False
a5473f8af252e2caeb21,validation,completed,gap_guarded,False
8855d674c5b6858c6318,validation,completed,gap_guarded,False
6638a17cc405df12960e,validation,completed,gap_guarded,True
a4f3938550d07e6b6bd4,validation,completed,gap_guarded,False
6fea2ad58175b6cfd403,validation,completed,gap_guarded,False
5e2cd51318771fb8e12a,validation,completed,gap_guarded,False
8249ff20fcd08f77241f,validation,completed,gap_guarded,False
fbe197aea1f068b2a304,validation,completed,gap_guarded,False
6dc3424dfb73edbc468b,validation,completed,gap_guarded,False
06c305d1b62943d60095,validation,completed,gap_guarded,False
19ee154edb10a2b6819a,validation,completed,gap_guarded,False
ae428e5c9107ba6ff91d,validation,completed,gap_guarded,False
fb04bee46065ca73e235,validation,completed,gap_guarded,False
2916179f75a3796da4ba,validation,completed,gap_guarded,False
eb26ebcfb5fae6e59c49,validation,completed,gap_guarded,False
b004fe14fdaeae2c83b0,validation,completed,gap_guarded,False
4507b20bb310dae1f23d,validation,completed,gap_guarded,False
369cae0991b42cd5e6a3,validation,completed,gap_guarded,False
ecff7508e343e495914e,validation,completed,gap_guarded,False
cbfa9e1817c7bcd758eb,validation,completed,gap_guarded,False
1e3fd5ac2f2b0dbcdebe,validation,completed,gap_guarded,False
37bd4ace14c08990a90b,validation,completed,gap_guarded,False
42e6ea0210140bc76b72,validation,completed,gap_guarded,True
a8d22d4f76707691ab89,validation,completed,gap_guarded,False
78077204d4daf49c8b91,validation,completed,gap_guarded,False
5ecc3ce82801dcac57b8,validation,completed,gap_guarded,False
446bbd30f2fe62b994bb,validation,completed,gap_guarded,False
6499c18f61a0d2643d1c,validation,completed,gap_guarded,True
156af913d16fab3692d6,validation,completed,gap_guarded,False
fe7b9a4c29924993cbd4,validation,completed,gap_guarded,False
a654b953ed1796c42099,validation,completed,gap_guarded,False
d5b120fefe220d7d0e79,validation,completed,gap_guarded,False
4a91e288bfc11ebeeb16,validation,completed,gap_guarded,False
1055c747aa857138a7f8,validation,completed,gap_guarded,False
427b39fb5855c16f4469,validation,completed,gap_guarded,False
011a7963fe00fadf077f,validation,completed,gap_guarded,False
5cc569aa9cba72bc67ce,validation,completed,gap_guarded,True
56bce4d83bd926343204,validation,completed,gap_guarded,False
c1ffcf512c2721588049,validation,completed,gap_guarded,False
f6a26c571ae7839a02c6,validation,completed,gap_guarded,False
40aa8845fc346b8c4f88,validation,completed,gap_guarded,False
c087f61be351b24fe5c0,validation,completed,gap_guarded,False
f27411a15810d6a4859d,validation,completed,gap_guarded,False
ebdfb5da540a6984b84c,validation,completed,gap_guarded,False
36840234905ac67d771a,validation,completed,gap_guarded,False
e36d14fb696c4b9ac172,validation,completed,gap_guarded,False
e637eaf17409a0d1ef6e,validation,completed,gap_guarded,False
4609f133f899a617eaac,validation,completed,gap_guarded,False
d53747deaeef9bde3b82,validation,completed,gap_guarded,False
a3a2335b3f3283b1f7ae,validation,completed,gap_guarded,False
8e7365ee0e106dbd7b6b,validation,completed,gap_guarded,False
5a8a4450970feb9c5591,validation,completed,gap_guarded,False
7021513245762ad198b4,validation,completed,gap_guarded,False
71c0c9da6f2f990a5dc5,validation,completed,gap_guarded,False
47bcc6fad12f551e8abf,validation,completed,gap_guarded,False
f7d0fe5dba7e99b7aafc,validation,completed,gap_guarded,False
f26c7d05d5c0b5ef5aeb,validation,completed,gap_guarded,False
88b034f69a1b4a932925,validation,completed,gap_guarded,False
908c1a267a3bc772e104,validation,completed,gap_guarded,False
7883f8972fba7640b3ef,validation,completed,gap_guarded,False
a4bc10e51e7c44f987e7,validation,completed,gap_guarded,False
5d0927247417f99064ab,validation,completed,gap_guarded,False
0ce99f0000803b424d60,validation,completed,gap_guarded,False
8691d279983e54828d28,validation,completed,gap_guarded,False
4cc699f0154ebe4381ab,validation,completed,gap_guarded,False
ca561759f01fb42e84f2,validation,completed,gap_guarded,False
da13c4f656f407e4aa76,validation,completed,gap_guarded,False
f8d8d270d0ed42af6f78,validation,completed,gap_guarded,False
bf1890b77ee978a0533b,validation,completed,gap_guarded,False
eaee0a582f61d8b157d8,validation,completed,gap_guarded,False
714530dc9c832560e443,validation,completed,gap_guarded,False
dedb4777198ae9b97014,validation,completed,gap_guarded,False
8004b45c1bd1363d5a62,validation,completed,gap_guarded,False
7c1742de3cf425b6c6b2,validation,completed,gap_guarded,False
b0d3ef9c9e344bcc85fa,validation,completed,gap_guarded,True
ec24c7a0711ecff8dba3,validation,completed,gap_guarded,False
2a9c1682cb0f5ce88863,validation,completed,gap_guarded,False
2774c14ea7d9ef6357fa,validation,completed,gap_guarded,False
53cccd11723b0296c4e7,validation,completed,gap_guarded,False
55f120ba0155b01b455f,validation,completed,gap_guarded,True
ecb8e723ecd4a113aae1,validation,completed,gap_guarded,False
bcd47d467c37b577584e,validation,completed,gap_guarded,False
75b9ca012c20e4ddf572,validation,completed,gap_guarded,False
8c0e0b615a9384d71578,validation,completed,gap_guarded,False
c60c5b2e0541c5af6410,validation,completed,gap_guarded,False
61469f9e5983ebedec87,validation,completed,gap_guarded,False
6632587eeaa5e41bd375,validation,completed,gap_guarded,False
2f1a76f31e7d0d2f849b,validation,completed,gap_guarded,False
8b90ca0547f8adc5ee82,validation,completed,gap_guarded,False
8001d7857afc0dfd936d,validation,completed,gap_guarded,False
80c000eef032fbdce5cc,validation,completed,gap_guarded,False
eba8e1a1fcd6068199f2,validation,completed,gap_guarded,True
7cb07b052c74c1021e85,validation,completed,gap_guarded,False
0a35d36b70d005dfa1b7,validation,completed,gap_guarded,False
266ee4b383cf6af7443e,validation,completed,gap_guarded,False
25f51871a80aada3a297,validation,completed,gap_guarded,False
1c15914464b85b065a6c,validation,completed,gap_guarded,True
157d35130df80b1e21e1,validation,completed,gap_guarded,False
5895ad7f0377289350c8,validation,completed,gap_guarded,False
7e6df8b8d9d288bd8f9a,validation,completed,gap_guarded,False
ced0780019678fd74960,validation,completed,gap_guarded,False
f89a8c4b9b804d001d96,validation,completed,gap_guarded,False
841db26f2f0d8f4e8ba0,validation,completed,gap_guarded,False
7f6eb6e343f95ccb5454,validation,completed,gap_guarded,False
6c7d463e171d944c3227,validation,completed,gap_guarded,False
78c17506be7d8866fc6c,validation,completed,gap_guarded,False
410fc273062c9f00d769,validation,completed,gap_guarded,False
d7afa0e96332624f599b,validation,completed,gap_guarded,False
e2dd5c71b321592f8483,validation,completed,gap_guarded,False
8f4c35e333ab8fd14f57,validation,completed,gap_guarded,False
428b7bcf1b131357888c,validation,completed,gap_guarded,False
4c65a7000abbb4b892bc,validation,completed,gap_guarded,False
934997f00ccf47f5021b,validation,completed,gap_guarded,False
9d1a75c7f26925bb424b,validation,completed,gap_guarded,False
a59c268c4629b8813a10,validation,completed,gap_guarded,False
76ed0002cfd72ba3c54c,validation,completed,gap_guarded,False
7825792d6c2528de0cc3,validation,completed,gap_guarded,False
a6aee8777d1c409767c9,validation,completed,gap_guarded,False
9d188a1ef3c30df74559,validation,completed,gap_guarded,False
12e2c305863d1d5336fe,validation,completed,gap_guarded,False
096a35eef06bf383d4ed,validation,completed,gap_guarded,False
552722de245bd5ef7f11,validation,completed,gap_guarded,False
421a1014c185529c23d8,validation,completed,gap_guarded,False
0143a59f6bdef521d30c,validation,completed,gap_guarded,False
938a51a6e19bd8517c3e,validation,completed,gap_guarded,False
7d2356c2e4eb227d2dd2,validation,completed,gap_guarded,False
8f4e09fa8afeef1c699b,validation,completed,gap_guarded,False
ab7fdb3487efe1742f28,validation,completed,gap_guarded,False
4137d1cd0a597693179e,validation,completed,gap_guarded,False
77fa0001c60e2f817dbc,validation,completed,gap_guarded,False
74c6c4867375a7d7d95d,validation,completed,gap_guarded,False
f84cc78bad40dbc29a2d,validation,completed,gap_guarded,False
60f37ebcf1c132248055,validation,completed,gap_guarded,False
9aa3363ff8730934478d,validation,completed,gap_guarded,False
5805adc9b48cb8b4f9d2,validation,completed,gap_guarded,True
3c96d5dd0acebc7b4e32,validation,completed,gap_guarded,False
f4350c0188da76f0ecb0,validation,completed,gap_guarded,True
2965f4b2d9dda1e0bb4c,validation,completed,gap_guarded,False
3f86a487f1fd234635f6,validation,completed,gap_guarded,False
013232deae171214ceb3,validation,completed,gap_guarded,False
9e66429099fc2f2d7817,validation,completed,gap_guarded,False
85c68db0ef141625790f,validation,completed,gap_guarded,False
6f0932cc6675f3ee2542,validation,completed,gap_guarded,False
b3b39d6ab2f8abea410e,validation,completed,gap_guarded,False
9a2445259d7561db1c6b,validation,completed,gap_guarded,False
b11cdf408556b6dc8e16,validation,completed,gap_guarded,False
691357333f4b04269b52,validation,completed,gap_guarded,False
ead35c59de19870f2126,validation,completed,gap_guarded,False
2f6a7a181de5cfaa8cde,validation,completed,gap_guarded,False
d9e38067125060fb5fbb,validation,completed,gap_guarded,False
102b404843f3ca85d755,validation,completed,gap_guarded,False
4bf13660bcc264021545,validation,completed,gap_guarded,False
371865969277bcb488f9,validation,completed,gap_guarded,False
c01c074868e062be80cf,validation,completed,gap_guarded,False
71da84cd5e28dcf927b7,validation,completed,gap_guarded,True
99ac0ef170cab61c4235,validation,completed,gap_guarded,False
662cd213b2cc0a6b8a23,validation,completed,gap_guarded,False
88fbb6fe7f7156acd3d1,validation,completed,gap_guarded,False
897bee1bf99f151a6176,validation,completed,gap_guarded,False
db65febf89adc26f3276,validation,completed,gap_guarded,False
46dce212d8c575b7596f,validation,completed,gap_guarded,False
488916a7c7d3b9ea7c0d,validation,completed,gap_guarded,False
7005c86d0920a13f4cd0,validation,completed,gap_guarded,False
203bb84e13443f7254b6,validation,completed,gap_guarded,False
02e436eb18826107a8a1,validation,completed,phase_guarded,False
828c5c6d5d8c61cb58e1,validation,completed,phase_guarded,False
d7ab3019b08390a6cfca,validation,completed,phase_guarded,False
e43846f3cc235cde6504,validation,completed,phase_guarded,False
d11f8b621634b39d02a1,validation,completed,phase_guarded,False
6e95618ca6713de474ae,validation,completed,phase_guarded,True
ba895590c5a78614f6a7,validation,completed,phase_guarded,False
53eaf315e45adf6673c7,validation,completed,phase_guarded,False
a746eb4532a8496fa3fc,validation,completed,phase_guarded,False
4dabe82281322dd9ae8d,validation,completed,phase_guarded,True
92bdd2e8a69face6d0b7,validation,completed,phase_guarded,True
e2982b1b4c3f002e6329,validation,completed,phase_guarded,False
7f6a8a463044f8bedd3d,validation,completed,phase_guarded,False
43e629248987f68e519e,validation,completed,phase_guarded,False
a83de54d465f5cb81ccb,validation,completed,phase_guarded,True
bbab8b2708d9ab5a6aee,validation,completed,phase_guarded,False
2b4a29e6a9f1acebd6f1,validation,completed,phase_guarded,False
c188a41b25b300b96a7a,validation,completed,phase_guarded,False
0c2a9a5204a36526421a,validation,completed,phase_guarded,False
aad8247e4605a919c1f5,validation,completed,phase_guarded,False
9420a085cea3ab285dc0,validation,completed,phase_guarded,False
a5473f8af252e2caeb21,validation,completed,phase_guarded,False
8855d674c5b6858c6318,validation,completed,phase_guarded,False
6638a17cc405df12960e,validation,completed,phase_guarded,True
a4f3938550d07e6b6bd4,validation,completed,phase_guarded,False
6fea2ad58175b6cfd403,validation,completed,phase_guarded,False
5e2cd51318771fb8e12a,validation,completed,phase_guarded,False
8249ff20fcd08f77241f,validation,completed,phase_guarded,False
fbe197aea1f068b2a304,validation,completed,phase_guarded,False
6dc3424dfb73edbc468b,validation,completed,phase_guarded,False
06c305d1b62943d60095,validation,completed,phase_guarded,False
19ee154edb10a2b6819a,validation,completed,phase_guarded,False
ae428e5c9107ba6ff91d,validation,completed,phase_guarded,False
fb04bee46065ca73e235,validation,completed,phase_guarded,False
2916179f75a3796da4ba,validation,completed,phase_guarded,False
eb26ebcfb5fae6e59c49,validation,completed,phase_guarded,False
b004fe14fdaeae2c83b0,validation,completed,phase_guarded,False
4507b20bb310dae1f23d,validation,completed,phase_guarded,False
369cae0991b42cd5e6a3,validation,completed,phase_guarded,False
ecff7508e343e495914e,validation,completed,phase_guarded,False
cbfa9e1817c7bcd758eb,validation,completed,phase_guarded,False
1e3fd5ac2f2b0dbcdebe,validation,completed,phase_guarded,False
37bd4ace14c08990a90b,validation,completed,phase_guarded,False
42e6ea0210140bc76b72,validation,completed,phase_guarded,True
a8d22d4f76707691ab89,validation,completed,phase_guarded,False
78077204d4daf49c8b91,validation,completed,phase_guarded,False
5ecc3ce82801dcac57b8,validation,completed,phase_guarded,False
446bbd30f2fe62b994bb,validation,completed,phase_guarded,False
6499c18f61a0d2643d1c,validation,completed,phase_guarded,True
156af913d16fab3692d6,validation,completed,phase_guarded,False
fe7b9a4c29924993cbd4,validation,completed,phase_guarded,False
a654b953ed1796c42099,validation,completed,phase_guarded,False
d5b120fefe220d7d0e79,validation,completed,phase_guarded,False
4a91e288bfc11ebeeb16,validation,completed,phase_guarded,False
1055c747aa857138a7f8,validation,completed,phase_guarded,False
427b39fb5855c16f4469,validation,completed,phase_guarded,False
011a7963fe00fadf077f,validation,completed,phase_guarded,False
5cc569aa9cba72bc67ce,validation,completed,phase_guarded,True
56bce4d83bd926343204,validation,completed,phase_guarded,False
c1ffcf512c2721588049,validation,completed,phase_guarded,False
f6a26c571ae7839a02c6,validation,completed,phase_guarded,False
40aa8845fc346b8c4f88,validation,completed,phase_guarded,False
c087f61be351b24fe5c0,validation,completed,phase_guarded,False
f27411a15810d6a4859d,validation,completed,phase_guarded,False
ebdfb5da540a6984b84c,validation,completed,phase_guarded,False
36840234905ac67d771a,validation,completed,phase_guarded,False
e36d14fb696c4b9ac172,validation,completed,phase_guarded,False
e637eaf17409a0d1ef6e,validation,completed,phase_guarded,False
4609f133f899a617eaac,validation,completed,phase_guarded,False
d53747deaeef9bde3b82,validation,completed,phase_guarded,False
a3a2335b3f3283b1f7ae,validation,completed,phase_guarded,False
8e7365ee0e106dbd7b6b,validation,completed,phase_guarded,False
5a8a4450970feb9c5591,validation,completed,phase_guarded,False
7021513245762ad198b4,validation,completed,phase_guarded,False
71c0c9da6f2f990a5dc5,validation,completed,phase_guarded,False
47bcc6fad12f551e8abf,validation,completed,phase_guarded,False
f7d0fe5dba7e99b7aafc,validation,completed,phase_guarded,False
f26c7d05d5c0b5ef5aeb,validation,completed,phase_guarded,False
88b034f69a1b4a932925,validation,completed,phase_guarded,False
908c1a267a3bc772e104,validation,completed,phase_guarded,False
7883f8972fba7640b3ef,validation,completed,phase_guarded,False
a4bc10e51e7c44f987e7,validation,completed,phase_guarded,False
5d0927247417f99064ab,validation,completed,phase_guarded,False
0ce99f0000803b424d60,validation,completed,phase_guarded,False
8691d279983e54828d28,validation,completed,phase_guarded,False
4cc699f0154ebe4381ab,validation,completed,phase_guarded,False
ca561759f01fb42e84f2,validation,completed,phase_guarded,False
da13c4f656f407e4aa76,validation,completed,phase_guarded,False
f8d8d270d0ed42af6f78,validation,completed,phase_guarded,False
bf1890b77ee978a0533b,validation,completed,phase_guarded,False
eaee0a582f61d8b157d8,validation,completed,phase_guarded,False
714530dc9c832560e443,validation,completed,phase_guarded,False
dedb4777198ae9b97014,validation,completed,phase_guarded,False
8004b45c1bd1363d5a62,validation,completed,phase_guarded,False
7c1742de3cf425b6c6b2,validation,completed,phase_guarded,False
b0d3ef9c9e344bcc85fa,validation,completed,phase_guarded,True
ec24c7a0711ecff8dba3,validation,completed,phase_guarded,False
2a9c1682cb0f5ce88863,validation,completed,phase_guarded,False
2774c14ea7d9ef6357fa,validation,completed,phase_guarded,False
53cccd11723b0296c4e7,validation,completed,phase_guarded,False
55f120ba0155b01b455f,validation,completed,phase_guarded,True
ecb8e723ecd4a113aae1,validation,completed,phase_guarded,False
bcd47d467c37b577584e,validation,completed,phase_guarded,False
75b9ca012c20e4ddf572,validation,completed,phase_guarded,False
8c0e0b615a9384d71578,validation,completed,phase_guarded,False
c60c5b2e0541c5af6410,validation,completed,phase_guarded,False
61469f9e5983ebedec87,validation,completed,phase_guarded,False
6632587eeaa5e41bd375,validation,completed,phase_guarded,False
2f1a76f31e7d0d2f849b,validation,completed,phase_guarded,False
8b90ca0547f8adc5ee82,validation,completed,phase_guarded,False
8001d7857afc0dfd936d,validation,completed,phase_guarded,False
80c000eef032fbdce5cc,validation,completed,phase_guarded,False
eba8e1a1fcd6068199f2,validation,completed,phase_guarded,True
7cb07b052c74c1021e85,validation,completed,phase_guarded,False
0a35d36b70d005dfa1b7,validation,completed,phase_guarded,False
266ee4b383cf6af7443e,validation,completed,phase_guarded,False
25f51871a80aada3a297,validation,completed,phase_guarded,False
1c15914464b85b065a6c,validation,completed,phase_guarded,True
157d35130df80b1e21e1,validation,completed,phase_guarded,False
5895ad7f0377289350c8,validation,completed,phase_guarded,False
7e6df8b8d9d288bd8f9a,validation,completed,phase_guarded,False
ced0780019678fd74960,validation,completed,phase_guarded,False
f89a8c4b9b804d001d96,validation,completed,phase_guarded,False
841db26f2f0d8f4e8ba0,validation,completed,phase_guarded,False
7f6eb6e343f95ccb5454,validation,completed,phase_guarded,False
6c7d463e171d944c3227,validation,completed,phase_guarded,False
78c17506be7d8866fc6c,validation,completed,phase_guarded,False
410fc273062c9f00d769,validation,completed,phase_guarded,False
d7afa0e96332624f599b,validation,completed,phase_guarded,False
e2dd5c71b321592f8483,validation,completed,phase_guarded,False
8f4c35e333ab8fd14f57,validation,completed,phase_guarded,False
428b7bcf1b131357888c,validation,completed,phase_guarded,False
4c65a7000abbb4b892bc,validation,completed,phase_guarded,False
934997f00ccf47f5021b,validation,completed,phase_guarded,False
9d1a75c7f26925bb424b,validation,completed,phase_guarded,False
a59c268c4629b8813a10,validation,completed,phase_guarded,False
76ed0002cfd72ba3c54c,validation,completed,phase_guarded,False
7825792d6c2528de0cc3,validation,completed,phase_guarded,False
a6aee8777d1c409767c9,validation,completed,phase_guarded,False
9d188a1ef3c30df74559,validation,completed,phase_guarded,False
12e2c305863d1d5336fe,validation,completed,phase_guarded,False
096a35eef06bf383d4ed,validation,completed,phase_guarded,False
552722de245bd5ef7f11,validation,completed,phase_guarded,False
421a1014c185529c23d8,validation,completed,phase_guarded,False
0143a59f6bdef521d30c,validation,completed,phase_guarded,False
938a51a6e19bd8517c3e,validation,completed,phase_guarded,False
7d2356c2e4eb227d2dd2,validation,completed,phase_guarded,False
8f4e09fa8afeef1c699b,validation,completed,phase_guarded,False
ab7fdb3487efe1742f28,validation,completed,phase_guarded,False
4137d1cd0a597693179e,validation,completed,phase_guarded,False
77fa0001c60e2f817dbc,validation,completed,phase_guarded,False
74c6c4867375a7d7d95d,validation,completed,phase_guarded,False
f84cc78bad40dbc29a2d,validation,completed,phase_guarded,False
60f37ebcf1c132248055,validation,completed,phase_guarded,False
9aa3363ff8730934478d,validation,completed,phase_guarded,False
5805adc9b48cb8b4f9d2,validation,completed,phase_guarded,True
3c96d5dd0acebc7b4e32,validation,completed,phase_guarded,False
f4350c0188da76f0ecb0,validation,completed,phase_guarded,True
2965f4b2d9dda1e0bb4c,validation,completed,phase_guarded,False
3f86a487f1fd234635f6,validation,completed,phase_guarded,False
013232deae171214ceb3,validation,completed,phase_guarded,False
9e66429099fc2f2d7817,validation,completed,phase_guarded,False
85c68db0ef141625790f,validation,completed,phase_guarded,False
6f0932cc6675f3ee2542,validation,completed,phase_guarded,False
b3b39d6ab2f8abea410e,validation,completed,phase_guarded,False
9a2445259d7561db1c6b,validation,completed,phase_guarded,False
b11cdf408556b6dc8e16,validation,completed,phase_guarded,False
691357333f4b04269b52,validation,completed,phase_guarded,False
ead35c59de19870f2126,validation,completed,phase_guarded,False
2f6a7a181de5cfaa8cde,validation,completed,phase_guarded,False
d9e38067125060fb5fbb,validation,completed,phase_guarded,False
102b404843f3ca85d755,validation,completed,phase_guarded,False
4bf13660bcc264021545,validation,completed,phase_guarded,False
371865969277bcb488f9,validation,completed,phase_guarded,False
c01c074868e062be80cf,validation,completed,phase_guarded,False
71da84cd5e28dcf927b7,validation,completed,phase_guarded,True
99ac0ef170cab61c4235,validation,completed,phase_guarded,False
662cd213b2cc0a6b8a23,validation,completed,phase_guarded,False
88fbb6fe7f7156acd3d1,validation,completed,phase_guarded,False
897bee1bf99f151a6176,validation,completed,phase_guarded,False
db65febf89adc26f3276,validation,completed,phase_guarded,False
46dce212d8c575b7596f,validation,completed,phase_guarded,False
488916a7c7d3b9ea7c0d,validation,completed,phase_guarded,False
7005c86d0920a13f4cd0,validation,completed,phase_guarded,False
203bb84e13443f7254b6,validation,completed,phase_guarded,False
02e436eb18826107a8a1,validation,completed,selected,False
828c5c6d5d8c61cb58e1,validation,completed,selected,False
d7ab3019b08390a6cfca,validation,completed,selected,False
e43846f3cc235cde6504,validation,completed,selected,False
d11f8b621634b39d02a1,validation,completed,selected,False
6e95618ca6713de474ae,validation,completed,selected,True
ba895590c5a78614f6a7,validation,completed,selected,False
53eaf315e45adf6673c7,validation,completed,selected,False
a746eb4532a8496fa3fc,validation,completed,selected,False
4dabe82281322dd9ae8d,validation,completed,selected,True
92bdd2e8a69face6d0b7,validation,completed,selected,True
e2982b1b4c3f002e6329,validation,completed,selected,False
7f6a8a463044f8bedd3d,validation,completed,selected,False
43e629248987f68e519e,validation,completed,selected,False
a83de54d465f5cb81ccb,validation,completed,selected,True
bbab8b2708d9ab5a6aee,validation,completed,selected,False
2b4a29e6a9f1acebd6f1,validation,completed,selected,False
c188a41b25b300b96a7a,validation,completed,selected,False
0c2a9a5204a36526421a,validation,completed,selected,False
aad8247e4605a919c1f5,validation,completed,selected,False
9420a085cea3ab285dc0,validation,completed,selected,False
a5473f8af252e2caeb21,validation,completed,selected,False
8855d674c5b6858c6318,validation,completed,selected,False
6638a17cc405df12960e,validation,completed,selected,True
a4f3938550d07e6b6bd4,validation,completed,selected,False
6fea2ad58175b6cfd403,validation,completed,selected,False
5e2cd51318771fb8e12a,validation,completed,selected,False
8249ff20fcd08f77241f,validation,completed,selected,False
fbe197aea1f068b2a304,validation,completed,selected,False
6dc3424dfb73edbc468b,validation,completed,selected,False
06c305d1b62943d60095,validation,completed,selected,False
19ee154edb10a2b6819a,validation,completed,selected,False
ae428e5c9107ba6ff91d,validation,completed,selected,False
fb04bee46065ca73e235,validation,completed,selected,False
2916179f75a3796da4ba,validation,completed,selected,False
eb26ebcfb5fae6e59c49,validation,completed,selected,False
b004fe14fdaeae2c83b0,validation,completed,selected,False
4507b20bb310dae1f23d,validation,completed,selected,False
369cae0991b42cd5e6a3,validation,completed,selected,False
ecff7508e343e495914e,validation,completed,selected,False
cbfa9e1817c7bcd758eb,validation,completed,selected,False
1e3fd5ac2f2b0dbcdebe,validation,completed,selected,False
37bd4ace14c08990a90b,validation,completed,selected,False
42e6ea0210140bc76b72,validation,completed,selected,True
a8d22d4f76707691ab89,validation,completed,selected,False
78077204d4daf49c8b91,validation,completed,selected,False
5ecc3ce82801dcac57b8,validation,completed,selected,False
446bbd30f2fe62b994bb,validation,completed,selected,False
6499c18f61a0d2643d1c,validation,completed,selected,True
156af913d16fab3692d6,validation,completed,selected,False
fe7b9a4c29924993cbd4,validation,completed,selected,False
a654b953ed1796c42099,validation,completed,selected,False
d5b120fefe220d7d0e79,validation,completed,selected,False
4a91e288bfc11ebeeb16,validation,completed,selected,False
1055c747aa857138a7f8,validation,completed,selected,False
427b39fb5855c16f4469,validation,completed,selected,False
011a7963fe00fadf077f,validation,completed,selected,False
5cc569aa9cba72bc67ce,validation,completed,selected,True
56bce4d83bd926343204,validation,completed,selected,False
c1ffcf512c2721588049,validation,completed,selected,False
f6a26c571ae7839a02c6,validation,completed,selected,False
40aa8845fc346b8c4f88,validation,completed,selected,False
c087f61be351b24fe5c0,validation,completed,selected,False
f27411a15810d6a4859d,validation,completed,selected,False
ebdfb5da540a6984b84c,validation,completed,selected,False
36840234905ac67d771a,validation,completed,selected,False
e36d14fb696c4b9ac172,validation,completed,selected,False
e637eaf17409a0d1ef6e,validation,completed,selected,False
4609f133f899a617eaac,validation,completed,selected,False
d53747deaeef9bde3b82,validation,completed,selected,False
a3a2335b3f3283b1f7ae,validation,completed,selected,False
8e7365ee0e106dbd7b6b,validation,completed,selected,False
5a8a4450970feb9c5591,validation,completed,selected,False
7021513245762ad198b4,validation,completed,selected,False
71c0c9da6f2f990a5dc5,validation,completed,selected,False
47bcc6fad12f551e8abf,validation,completed,selected,False
f7d0fe5dba7e99b7aafc,validation,completed,selected,False
f26c7d05d5c0b5ef5aeb,validation,completed,selected,False
88b034f69a1b4a932925,validation,completed,selected,False
908c1a267a3bc772e104,validation,completed,selected,False
7883f8972fba7640b3ef,validation,completed,selected,False
a4bc10e51e7c44f987e7,validation,completed,selected,False
5d0927247417f99064ab,validation,completed,selected,False
0ce99f0000803b424d60,validation,completed,selected,False
8691d279983e54828d28,validation,completed,selected,False
4cc699f0154ebe4381ab,validation,completed,selected,False
ca561759f01fb42e84f2,validation,completed,selected,False
da13c4f656f407e4aa76,validation,completed,selected,False
f8d8d270d0ed42af6f78,validation,completed,selected,False
bf1890b77ee978a0533b,validation,completed,selected,False
eaee0a582f61d8b157d8,validation,completed,selected,False
714530dc9c832560e443,validation,completed,selected,False
dedb4777198ae9b97014,validation,completed,selected,False
8004b45c1bd1363d5a62,validation,completed,selected,False
7c1742de3cf425b6c6b2,validation,completed,selected,False
b0d3ef9c9e344bcc85fa,validation,completed,selected,True
ec24c7a0711ecff8dba3,validation,completed,selected,False
2a9c1682cb0f5ce88863,validation,completed,selected,False
2774c14ea7d9ef6357fa,validation,completed,selected,False
53cccd11723b0296c4e7,validation,completed,selected,False
55f120ba0155b01b455f,validation,completed,selected,True
ecb8e723ecd4a113aae1,validation,completed,selected,False
bcd47d467c37b577584e,validation,completed,selected,False
75b9ca012c20e4ddf572,validation,completed,selected,False
8c0e0b615a9384d71578,validation,completed,selected,False
c60c5b2e0541c5af6410,validation,completed,selected,False
61469f9e5983ebedec87,validation,completed,selected,False
6632587eeaa5e41bd375,validation,completed,selected,False
2f1a76f31e7d0d2f849b,validation,completed,selected,False
8b90ca0547f8adc5ee82,validation,completed,selected,False
8001d7857afc0dfd936d,validation,completed,selected,False
80c000eef032fbdce5cc,validation,completed,selected,False
eba8e1a1fcd6068199f2,validation,completed,selected,True
7cb07b052c74c1021e85,validation,completed,selected,False
0a35d36b70d005dfa1b7,validation,completed,selected,False
266ee4b383cf6af7443e,validation,completed,selected,False
25f51871a80aada3a297,validation,completed,selected,False
1c15914464b85b065a6c,validation,completed,selected,True
157d35130df80b1e21e1,validation,completed,selected,False
5895ad7f0377289350c8,validation,completed,selected,False
7e6df8b8d9d288bd8f9a,validation,completed,selected,False
ced0780019678fd74960,validation,completed,selected,False
f89a8c4b9b804d001d96,validation,completed,selected,False
841db26f2f0d8f4e8ba0,validation,completed,selected,False
7f6eb6e343f95ccb5454,validation,completed,selected,False
6c7d463e171d944c3227,validation,completed,selected,False
78c17506be7d8866fc6c,validation,completed,selected,False
410fc273062c9f00d769,validation,completed,selected,False
d7afa0e96332624f599b,validation,completed,selected,False
e2dd5c71b321592f8483,validation,completed,selected,False
8f4c35e333ab8fd14f57,validation,completed,selected,False
428b7bcf1b131357888c,validation,completed,selected,False
4c65a7000abbb4b892bc,validation,completed,selected,False
934997f00ccf47f5021b,validation,completed,selected,False
9d1a75c7f26925bb424b,validation,completed,selected,False
a59c268c4629b8813a10,validation,completed,selected,False
76ed0002cfd72ba3c54c,validation,completed,selected,False
7825792d6c2528de0cc3,validation,completed,selected,False
a6aee8777d1c409767c9,validation,completed,selected,False
9d188a1ef3c30df74559,validation,completed,selected,False
12e2c305863d1d5336fe,validation,completed,selected,False
096a35eef06bf383d4ed,validation,completed,selected,False
552722de245bd5ef7f11,validation,completed,selected,False
421a1014c185529c23d8,validation,completed,selected,False
0143a59f6bdef521d30c,validation,completed,selected,False
938a51a6e19bd8517c3e,validation,completed,selected,False
7d2356c2e4eb227d2dd2,validation,completed,selected,False
8f4e09fa8afeef1c699b,validation,completed,selected,False
ab7fdb3487efe1742f28,validation,completed,selected,False
4137d1cd0a597693179e,validation,completed,selected,False
77fa0001c60e2f817dbc,validation,completed,selected,False
74c6c4867375a7d7d95d,validation,completed,selected,False
f84cc78bad40dbc29a2d,validation,completed,selected,False
60f37ebcf1c132248055,validation,completed,selected,False
9aa3363ff8730934478d,validation,completed,selected,False
5805adc9b48cb8b4f9d2,validation,completed,selected,True
3c96d5dd0acebc7b4e32,validation,completed,selected,False
f4350c0188da76f0ecb0,validation,completed,selected,True
2965f4b2d9dda1e0bb4c,validation,completed,selected,False
3f86a487f1fd234635f6,validation,completed,selected,False
013232deae171214ceb3,validation,completed,selected,False
9e66429099fc2f2d7817,validation,completed,selected,False
85c68db0ef141625790f,validation,completed,selected,False
6f0932cc6675f3ee2542,validation,completed,selected,False
b3b39d6ab2f8abea410e,validation,completed,selected,False
9a2445259d7561db1c6b,validation,completed,selected,False
b11cdf408556b6dc8e16,validation,completed,selected,False
691357333f4b04269b52,validation,completed,selected,False
ead35c59de19870f2126,validation,completed,selected,False
2f6a7a181de5cfaa8cde,validation,completed,selected,False
d9e38067125060fb5fbb,validation,completed,selected,False
102b404843f3ca85d755,validation,completed,selected,False
4bf13660bcc264021545,validation,completed,selected,False
371865969277bcb488f9,validation,completed,selected,False
c01c074868e062be80cf,validation,completed,selected,False
71da84cd5e28dcf927b7,validation,completed,selected,True
99ac0ef170cab61c4235,validation,completed,selected,False
662cd213b2cc0a6b8a23,validation,completed,selected,False
88fbb6fe7f7156acd3d1,validation,completed,selected,False
897bee1bf99f151a6176,validation,completed,selected,False
db65febf89adc26f3276,validation,completed,selected,False
46dce212d8c575b7596f,validation,completed,selected,False
488916a7c7d3b9ea7c0d,validation,completed,selected,False
7005c86d0920a13f4cd0,validation,completed,selected,False
203bb84e13443f7254b6,validation,completed,selected,False
802b230d0aa13ef09b01,test,completed,raw_unprotected,False
78293129114a408f1e80,test,completed,raw_unprotected,False
8cbfa251ad6482b9468a,test,completed,raw_unprotected,False
764753670487fc80d24c,test,completed,raw_unprotected,False
fb0eae697a9519d0905e,test,completed,raw_unprotected,False
578662795c0c299ba758,test,completed,raw_unprotected,False
f60abb8f931c66b5bf55,test,completed,raw_unprotected,False
240582ac933b31585eaa,test,completed,raw_unprotected,False
bbb5ef61589c83445e6d,test,completed,raw_unprotected,False
98cba2b96f73f2b35fd6,test,completed,raw_unprotected,False
fcd498cc64e4e283fd14,test,completed,raw_unprotected,False
43f41ee9574e59f97f85,test,completed,raw_unprotected,False
3412955d6c5ac4440b55,test,completed,raw_unprotected,False
43b8588baa3f12c6ca6b,test,completed,raw_unprotected,False
effbef4e397b3bf03d9b,test,completed,raw_unprotected,False
4a8255e9c03d9064da6e,test,completed,raw_unprotected,False
604297c540f93a7ea7a1,test,completed,raw_unprotected,False
4c93d5d8a6926d298bc4,test,completed,raw_unprotected,False
6e87305a98324b192f85,test,completed,raw_unprotected,False
1b71d0d68b678324b5ec,test,completed,raw_unprotected,False
72f27f0639e543a56a3e,test,completed,raw_unprotected,False
ca786fef1ace9de4a2dc,test,completed,raw_unprotected,False
070a26f87b8bb0196d5a,test,completed,raw_unprotected,False
926a1c06ffe4fe95a1d6,test,completed,raw_unprotected,False
4c4101c930efb6d446eb,test,completed,raw_unprotected,False
95a66aac498374b464f2,test,completed,raw_unprotected,False
76878d721fb53e76d9fc,test,completed,raw_unprotected,False
193ca7033f67b8f177e8,test,completed,raw_unprotected,False
f0fb91da579f6f1f49ec,test,completed,raw_unprotected,False
404093efb1e18525aae2,test,completed,raw_unprotected,False
767913bddf4c33a0a5f6,test,completed,raw_unprotected,False
1d46a590ac050bf38b25,test,completed,raw_unprotected,False
1b3066545c255d2e7616,test,completed,raw_unprotected,False
1cb5a5cbb8d20b9f85cd,test,completed,raw_unprotected,False
f6323ed237c5935fcaad,test,completed,raw_unprotected,False
ef41dca19f87cb9db634,test,completed,raw_unprotected,False
ea815ab5a7798dc8b3d0,test,completed,raw_unprotected,False
a7a50e39d82263ff1fda,test,completed,raw_unprotected,False
85d6e790a5c68d082c31,test,completed,raw_unprotected,False
d5781eb69b823c502bd1,test,completed,raw_unprotected,False
1c07593c740f2420a217,test,completed,raw_unprotected,False
c963be8f10cffffbc7e5,test,completed,raw_unprotected,False
278eef490e1b8b5a998e,test,completed,raw_unprotected,False
ac8990d5cceaedd7d901,test,completed,raw_unprotected,False
3ffaf599b5242d939e38,test,completed,raw_unprotected,False
1fa79b59f22cb39b8f6d,test,completed,raw_unprotected,False
b4d7bb3408e2d7f8842d,test,completed,raw_unprotected,False
131d05f9047d306b06a7,test,completed,raw_unprotected,False
9a4eb8d586f294700a91,test,completed,raw_unprotected,False
2922b1fbfa9542718f5f,test,completed,raw_unprotected,False
72bfbb8b9ab0048db081,test,completed,raw_unprotected,False
c2d51a431c1ca85e4120,test,completed,raw_unprotected,False
d8b3bf030cac52b6df0e,test,completed,raw_unprotected,False
9568569c28b202e4863d,test,completed,raw_unprotected,False
6085727d6ece27d56f3c,test,completed,raw_unprotected,False
2aab1e24996b676e4523,test,completed,raw_unprotected,False
0ba8d7ab2acbc60af0a2,test,completed,raw_unprotected,False
b253dcf3858f5936bc95,test,completed,raw_unprotected,False
602fe24f74039ecae663,test,completed,raw_unprotected,False
aeeb3f1c51988fdbb2ec,test,completed,raw_unprotected,False
ddde3d9cd9c153bd5bd1,test,completed,raw_unprotected,False
33f71953596408ca76b3,test,completed,raw_unprotected,False
41543b17d99489751f7a,test,completed,raw_unprotected,False
638bccbe4b722eb77d11,test,completed,raw_unprotected,False
8bc32a935d3dbc6a6377,test,completed,raw_unprotected,False
7359fe9944f2bb68e4ec,test,completed,raw_unprotected,False
bebfdab8413eaca10cec,test,completed,raw_unprotected,False
d9155dbc1410d9e916b4,test,completed,raw_unprotected,False
4a1f7fe13bf5c4089572,test,completed,raw_unprotected,False
faf1c95c3394f52f4626,test,completed,raw_unprotected,False
6d5333367928c4ad8e1c,test,completed,raw_unprotected,False
331d9793d708a7aa3637,test,completed,raw_unprotected,False
1b82765c0c2ed1d695a8,test,completed,raw_unprotected,False
e94b6136fa0a7879880f,test,completed,raw_unprotected,False
56fb7c2ebb23d1798c31,test,completed,raw_unprotected,False
ee3b64d5846649b4bab5,test,completed,raw_unprotected,False
a812097fd0b6f8d285dd,test,completed,raw_unprotected,False
5a758f5312120ce6feb9,test,completed,raw_unprotected,False
23c53ba93b2dcd87fb6c,test,completed,raw_unprotected,False
e551d8fe477b80d53719,test,completed,raw_unprotected,False
03e7f5b08e74bd956037,test,completed,raw_unprotected,False
0e0f50334904de2afe94,test,completed,raw_unprotected,False
202f0bfb0a59ec398820,test,completed,raw_unprotected,False
4ace9ed20a16bf707cc6,test,completed,raw_unprotected,False
f3deb55831105a6e4285,test,completed,raw_unprotected,False
4f35a32ecc87443a91a9,test,completed,raw_unprotected,False
5469b6eaedf49a9881c3,test,completed,raw_unprotected,False
a8bca106fc812f8a95bd,test,completed,raw_unprotected,False
21e0c5e038553c7ac0ec,test,completed,raw_unprotected,False
1d730bbf35d21619651d,test,completed,raw_unprotected,False
071b3b8cd6ab5748b4eb,test,completed,raw_unprotected,False
8ff2efab701216506995,test,completed,raw_unprotected,False
293e647e9db79c39ddfd,test,completed,raw_unprotected,False
6a187377a43f61eff20c,test,completed,raw_unprotected,False
03263d39b530bbeb06c0,test,completed,raw_unprotected,False
8685ea7325010b442187,test,completed,raw_unprotected,False
e6b5f5fec3bc532fbff4,test,completed,raw_unprotected,False
c07f11a672e3a61d7fed,test,completed,raw_unprotected,False
87b224a0bf40bdfc3143,test,completed,raw_unprotected,False
a1b9f05c3ed75594b6ed,test,completed,raw_unprotected,False
1231dfd2ab95c560959d,test,completed,raw_unprotected,False
1d12a3644ee42fa22bf5,test,completed,raw_unprotected,False
854c6656bdbe1ea5f307,test,completed,raw_unprotected,False
fc9e64a691df4ee30646,test,completed,raw_unprotected,False
0d2395e2fd89ad36cc56,test,completed,raw_unprotected,False
95bdfe79a0a74518e760,test,completed,raw_unprotected,False
f34c11dc4ac05d740639,test,completed,raw_unprotected,False
9b835bb633719d0ca1d2,test,completed,raw_unprotected,False
4b8e0e083de2f306c108,test,completed,raw_unprotected,False
9c8542ee17a36e4ca58c,test,completed,raw_unprotected,False
91003ef42cf4738a805e,test,completed,raw_unprotected,False
dbc47b7b914266a55982,test,completed,raw_unprotected,False
668cdc478652f2279828,test,completed,raw_unprotected,False
515dc65b92ddc1fcd0a3,test,completed,raw_unprotected,False
1becc7108ca0a195d64a,test,completed,raw_unprotected,False
4f91f011d6c4a66581bf,test,completed,raw_unprotected,False
eb04f2491a820b6eab04,test,completed,raw_unprotected,False
e867a38822028db043d7,test,completed,raw_unprotected,False
ff4cd957e7cfe9b95f0f,test,completed,raw_unprotected,False
59135297414a96cafb48,test,completed,raw_unprotected,False
3832178b31f1168ceece,test,completed,raw_unprotected,False
25f5d1c7a657e344ea5c,test,completed,raw_unprotected,False
ab462574efe9698ce296,test,completed,raw_unprotected,False
4fa524229fac21e09291,test,completed,raw_unprotected,False
e97e6d5130a8ce3c1639,test,completed,raw_unprotected,False
13c9f3d1cb604dd1c804,test,completed,raw_unprotected,False
4008051e5c0764f8b2d2,test,completed,raw_unprotected,False
d078c91b9bd85826bc47,test,completed,raw_unprotected,False
4fd3f97f9b8d33185700,test,completed,raw_unprotected,False
10af1fbcd3118cae9b70,test,completed,raw_unprotected,False
39d340ed617a4771255f,test,completed,raw_unprotected,False
b721ed3f409740b15845,test,completed,raw_unprotected,False
2d55d45f9a0383a8f06a,test,completed,raw_unprotected,False
3d73609d01eeeb300789,test,completed,raw_unprotected,False
1418b8e6a21e1498ee15,test,completed,raw_unprotected,False
18f2e9090491c66ffc3d,test,completed,raw_unprotected,False
b8a460a3ed3364ac5d36,test,completed,raw_unprotected,False
5e9ebb235101bb733c2c,test,completed,raw_unprotected,False
c20ad86a5f2d24f8791a,test,completed,raw_unprotected,False
92395baceacea8151558,test,completed,raw_unprotected,False
799ae9f853bad8571fa4,test,completed,raw_unprotected,False
d9e64853647ef6faa58a,test,completed,raw_unprotected,False
67ca09e28c7a05334d90,test,completed,raw_unprotected,False
4f1e61c084da79b28a0b,test,completed,raw_unprotected,False
c2f26a8e6540db9ed7fd,test,completed,raw_unprotected,False
ef0a3f797b223ac09cbf,test,completed,raw_unprotected,False
97eb897b6cd7fdeee456,test,completed,raw_unprotected,False
195c407213762ac26ccd,test,completed,raw_unprotected,False
7a90843126f11cae9f2b,test,completed,raw_unprotected,False
f6fd3671c36f66b51a43,test,completed,raw_unprotected,False
b6891c7c9f4109835040,test,completed,raw_unprotected,False
45b3d1cbdf6c36ae9568,test,completed,raw_unprotected,False
7886b957e4c074b8f983,test,completed,raw_unprotected,False
59c61c0f20772c2c27ac,test,completed,raw_unprotected,False
c3c783cf0326aa95c952,test,completed,raw_unprotected,False
2351884670ffe452a34c,test,completed,raw_unprotected,False
4f521b5a6a05437b2869,test,completed,raw_unprotected,False
4474b2f519f8133dc4f4,test,completed,raw_unprotected,False
49baf58c32e6bf77ffe7,test,completed,raw_unprotected,False
ce599ad43fb842cfdd60,test,completed,raw_unprotected,False
7d28fc108c3d1fcb0fdc,test,completed,raw_unprotected,False
81927a30bb0c1a6ee01a,test,completed,raw_unprotected,False
b702026c6754db968c8d,test,completed,raw_unprotected,False
64b87b6ec1703d21a020,test,completed,raw_unprotected,False
c7164626a9416c999b38,test,completed,raw_unprotected,False
802b230d0aa13ef09b01,test,completed,raw_guarded,False
78293129114a408f1e80,test,completed,raw_guarded,False
8cbfa251ad6482b9468a,test,completed,raw_guarded,False
764753670487fc80d24c,test,completed,raw_guarded,False
fb0eae697a9519d0905e,test,completed,raw_guarded,False
578662795c0c299ba758,test,completed,raw_guarded,False
f60abb8f931c66b5bf55,test,completed,raw_guarded,False
240582ac933b31585eaa,test,completed,raw_guarded,False
bbb5ef61589c83445e6d,test,completed,raw_guarded,False
98cba2b96f73f2b35fd6,test,completed,raw_guarded,False
fcd498cc64e4e283fd14,test,completed,raw_guarded,False
43f41ee9574e59f97f85,test,completed,raw_guarded,False
3412955d6c5ac4440b55,test,completed,raw_guarded,False
43b8588baa3f12c6ca6b,test,completed,raw_guarded,True
effbef4e397b3bf03d9b,test,completed,raw_guarded,False
4a8255e9c03d9064da6e,test,completed,raw_guarded,False
604297c540f93a7ea7a1,test,completed,raw_guarded,False
4c93d5d8a6926d298bc4,test,completed,raw_guarded,False
6e87305a98324b192f85,test,completed,raw_guarded,False
1b71d0d68b678324b5ec,test,completed,raw_guarded,False
72f27f0639e543a56a3e,test,completed,raw_guarded,False
ca786fef1ace9de4a2dc,test,completed,raw_guarded,False
070a26f87b8bb0196d5a,test,completed,raw_guarded,False
926a1c06ffe4fe95a1d6,test,completed,raw_guarded,False
4c4101c930efb6d446eb,test,completed,raw_guarded,False
95a66aac498374b464f2,test,completed,raw_guarded,False
76878d721fb53e76d9fc,test,completed,raw_guarded,False
193ca7033f67b8f177e8,test,completed,raw_guarded,False
f0fb91da579f6f1f49ec,test,completed,raw_guarded,False
404093efb1e18525aae2,test,completed,raw_guarded,False
767913bddf4c33a0a5f6,test,completed,raw_guarded,False
1d46a590ac050bf38b25,test,completed,raw_guarded,False
1b3066545c255d2e7616,test,completed,raw_guarded,False
1cb5a5cbb8d20b9f85cd,test,completed,raw_guarded,False
f6323ed237c5935fcaad,test,completed,raw_guarded,True
ef41dca19f87cb9db634,test,completed,raw_guarded,False
ea815ab5a7798dc8b3d0,test,completed,raw_guarded,False
a7a50e39d82263ff1fda,test,completed,raw_guarded,False
85d6e790a5c68d082c31,test,completed,raw_guarded,False
d5781eb69b823c502bd1,test,completed,raw_guarded,False
1c07593c740f2420a217,test,completed,raw_guarded,False
c963be8f10cffffbc7e5,test,completed,raw_guarded,False
278eef490e1b8b5a998e,test,completed,raw_guarded,True
ac8990d5cceaedd7d901,test,completed,raw_guarded,True
3ffaf599b5242d939e38,test,completed,raw_guarded,False
1fa79b59f22cb39b8f6d,test,completed,raw_guarded,True
b4d7bb3408e2d7f8842d,test,completed,raw_guarded,False
131d05f9047d306b06a7,test,completed,raw_guarded,False
9a4eb8d586f294700a91,test,completed,raw_guarded,False
2922b1fbfa9542718f5f,test,completed,raw_guarded,True
72bfbb8b9ab0048db081,test,completed,raw_guarded,False
c2d51a431c1ca85e4120,test,completed,raw_guarded,False
d8b3bf030cac52b6df0e,test,completed,raw_guarded,False
9568569c28b202e4863d,test,completed,raw_guarded,False
6085727d6ece27d56f3c,test,completed,raw_guarded,False
2aab1e24996b676e4523,test,completed,raw_guarded,False
0ba8d7ab2acbc60af0a2,test,completed,raw_guarded,False
b253dcf3858f5936bc95,test,completed,raw_guarded,False
602fe24f74039ecae663,test,completed,raw_guarded,False
aeeb3f1c51988fdbb2ec,test,completed,raw_guarded,False
ddde3d9cd9c153bd5bd1,test,completed,raw_guarded,False
33f71953596408ca76b3,test,completed,raw_guarded,False
41543b17d99489751f7a,test,completed,raw_guarded,False
638bccbe4b722eb77d11,test,completed,raw_guarded,False
8bc32a935d3dbc6a6377,test,completed,raw_guarded,False
7359fe9944f2bb68e4ec,test,completed,raw_guarded,False
bebfdab8413eaca10cec,test,completed,raw_guarded,False
d9155dbc1410d9e916b4,test,completed,raw_guarded,False
4a1f7fe13bf5c4089572,test,completed,raw_guarded,False
faf1c95c3394f52f4626,test,completed,raw_guarded,False
6d5333367928c4ad8e1c,test,completed,raw_guarded,False
331d9793d708a7aa3637,test,completed,raw_guarded,False
1b82765c0c2ed1d695a8,test,completed,raw_guarded,False
e94b6136fa0a7879880f,test,completed,raw_guarded,False
56fb7c2ebb23d1798c31,test,completed,raw_guarded,False
ee3b64d5846649b4bab5,test,completed,raw_guarded,False
a812097fd0b6f8d285dd,test,completed,raw_guarded,False
5a758f5312120ce6feb9,test,completed,raw_guarded,False
23c53ba93b2dcd87fb6c,test,completed,raw_guarded,False
e551d8fe477b80d53719,test,completed,raw_guarded,False
03e7f5b08e74bd956037,test,completed,raw_guarded,False
0e0f50334904de2afe94,test,completed,raw_guarded,False
202f0bfb0a59ec398820,test,completed,raw_guarded,False
4ace9ed20a16bf707cc6,test,completed,raw_guarded,False
f3deb55831105a6e4285,test,completed,raw_guarded,False
4f35a32ecc87443a91a9,test,completed,raw_guarded,False
5469b6eaedf49a9881c3,test,completed,raw_guarded,True
a8bca106fc812f8a95bd,test,completed,raw_guarded,False
21e0c5e038553c7ac0ec,test,completed,raw_guarded,True
1d730bbf35d21619651d,test,completed,raw_guarded,True
071b3b8cd6ab5748b4eb,test,completed,raw_guarded,False
8ff2efab701216506995,test,completed,raw_guarded,False
293e647e9db79c39ddfd,test,completed,raw_guarded,False
6a187377a43f61eff20c,test,completed,raw_guarded,False
03263d39b530bbeb06c0,test,completed,raw_guarded,False
8685ea7325010b442187,test,completed,raw_guarded,False
e6b5f5fec3bc532fbff4,test,completed,raw_guarded,False
c07f11a672e3a61d7fed,test,completed,raw_guarded,False
87b224a0bf40bdfc3143,test,completed,raw_guarded,False
a1b9f05c3ed75594b6ed,test,completed,raw_guarded,False
1231dfd2ab95c560959d,test,completed,raw_guarded,False
1d12a3644ee42fa22bf5,test,completed,raw_guarded,False
854c6656bdbe1ea5f307,test,completed,raw_guarded,False
fc9e64a691df4ee30646,test,completed,raw_guarded,False
0d2395e2fd89ad36cc56,test,completed,raw_guarded,False
95bdfe79a0a74518e760,test,completed,raw_guarded,False
f34c11dc4ac05d740639,test,completed,raw_guarded,False
9b835bb633719d0ca1d2,test,completed,raw_guarded,False
4b8e0e083de2f306c108,test,completed,raw_guarded,False
9c8542ee17a36e4ca58c,test,completed,raw_guarded,False
91003ef42cf4738a805e,test,completed,raw_guarded,False
dbc47b7b914266a55982,test,completed,raw_guarded,False
668cdc478652f2279828,test,completed,raw_guarded,False
515dc65b92ddc1fcd0a3,test,completed,raw_guarded,True
1becc7108ca0a195d64a,test,completed,raw_guarded,False
4f91f011d6c4a66581bf,test,completed,raw_guarded,False
eb04f2491a820b6eab04,test,completed,raw_guarded,False
e867a38822028db043d7,test,completed,raw_guarded,False
ff4cd957e7cfe9b95f0f,test,completed,raw_guarded,False
59135297414a96cafb48,test,completed,raw_guarded,False
3832178b31f1168ceece,test,completed,raw_guarded,False
25f5d1c7a657e344ea5c,test,completed,raw_guarded,False
ab462574efe9698ce296,test,completed,raw_guarded,False
4fa524229fac21e09291,test,completed,raw_guarded,False
e97e6d5130a8ce3c1639,test,completed,raw_guarded,False
13c9f3d1cb604dd1c804,test,completed,raw_guarded,False
4008051e5c0764f8b2d2,test,completed,raw_guarded,False
d078c91b9bd85826bc47,test,completed,raw_guarded,False
4fd3f97f9b8d33185700,test,completed,raw_guarded,False
10af1fbcd3118cae9b70,test,completed,raw_guarded,False
39d340ed617a4771255f,test,completed,raw_guarded,False
b721ed3f409740b15845,test,completed,raw_guarded,False
2d55d45f9a0383a8f06a,test,completed,raw_guarded,False
3d73609d01eeeb300789,test,completed,raw_guarded,False
1418b8e6a21e1498ee15,test,completed,raw_guarded,False
18f2e9090491c66ffc3d,test,completed,raw_guarded,True
b8a460a3ed3364ac5d36,test,completed,raw_guarded,False
5e9ebb235101bb733c2c,test,completed,raw_guarded,False
c20ad86a5f2d24f8791a,test,completed,raw_guarded,False
92395baceacea8151558,test,completed,raw_guarded,False
799ae9f853bad8571fa4,test,completed,raw_guarded,False
d9e64853647ef6faa58a,test,completed,raw_guarded,False
67ca09e28c7a05334d90,test,completed,raw_guarded,False
4f1e61c084da79b28a0b,test,completed,raw_guarded,True
c2f26a8e6540db9ed7fd,test,completed,raw_guarded,False
ef0a3f797b223ac09cbf,test,completed,raw_guarded,False
97eb897b6cd7fdeee456,test,completed,raw_guarded,False
195c407213762ac26ccd,test,completed,raw_guarded,False
7a90843126f11cae9f2b,test,completed,raw_guarded,False
f6fd3671c36f66b51a43,test,completed,raw_guarded,False
b6891c7c9f4109835040,test,completed,raw_guarded,False
45b3d1cbdf6c36ae9568,test,completed,raw_guarded,False
7886b957e4c074b8f983,test,completed,raw_guarded,False
59c61c0f20772c2c27ac,test,completed,raw_guarded,False
c3c783cf0326aa95c952,test,completed,raw_guarded,False
2351884670ffe452a34c,test,completed,raw_guarded,False
4f521b5a6a05437b2869,test,completed,raw_guarded,True
4474b2f519f8133dc4f4,test,completed,raw_guarded,True
49baf58c32e6bf77ffe7,test,completed,raw_guarded,False
ce599ad43fb842cfdd60,test,completed,raw_guarded,False
7d28fc108c3d1fcb0fdc,test,completed,raw_guarded,True
81927a30bb0c1a6ee01a,test,completed,raw_guarded,False
b702026c6754db968c8d,test,completed,raw_guarded,False
64b87b6ec1703d21a020,test,completed,raw_guarded,False
c7164626a9416c999b38,test,completed,raw_guarded,False
802b230d0aa13ef09b01,test,completed,gap_guarded,False
78293129114a408f1e80,test,completed,gap_guarded,False
8cbfa251ad6482b9468a,test,completed,gap_guarded,False
764753670487fc80d24c,test,completed,gap_guarded,False
fb0eae697a9519d0905e,test,completed,gap_guarded,False
578662795c0c299ba758,test,completed,gap_guarded,False
f60abb8f931c66b5bf55,test,completed,gap_guarded,True
240582ac933b31585eaa,test,completed,gap_guarded,False
bbb5ef61589c83445e6d,test,completed,gap_guarded,False
98cba2b96f73f2b35fd6,test,completed,gap_guarded,False
fcd498cc64e4e283fd14,test,completed,gap_guarded,False
43f41ee9574e59f97f85,test,completed,gap_guarded,False
3412955d6c5ac4440b55,test,completed,gap_guarded,False
43b8588baa3f12c6ca6b,test,completed,gap_guarded,True
effbef4e397b3bf03d9b,test,completed,gap_guarded,False
4a8255e9c03d9064da6e,test,completed,gap_guarded,False
604297c540f93a7ea7a1,test,completed,gap_guarded,False
4c93d5d8a6926d298bc4,test,completed,gap_guarded,False
6e87305a98324b192f85,test,completed,gap_guarded,False
1b71d0d68b678324b5ec,test,completed,gap_guarded,False
72f27f0639e543a56a3e,test,completed,gap_guarded,False
ca786fef1ace9de4a2dc,test,completed,gap_guarded,False
070a26f87b8bb0196d5a,test,completed,gap_guarded,False
926a1c06ffe4fe95a1d6,test,completed,gap_guarded,False
4c4101c930efb6d446eb,test,completed,gap_guarded,False
95a66aac498374b464f2,test,completed,gap_guarded,False
76878d721fb53e76d9fc,test,completed,gap_guarded,False
193ca7033f67b8f177e8,test,completed,gap_guarded,False
f0fb91da579f6f1f49ec,test,completed,gap_guarded,False
404093efb1e18525aae2,test,completed,gap_guarded,False
767913bddf4c33a0a5f6,test,completed,gap_guarded,False
1d46a590ac050bf38b25,test,completed,gap_guarded,False
1b3066545c255d2e7616,test,completed,gap_guarded,False
1cb5a5cbb8d20b9f85cd,test,completed,gap_guarded,False
f6323ed237c5935fcaad,test,completed,gap_guarded,True
ef41dca19f87cb9db634,test,completed,gap_guarded,False
ea815ab5a7798dc8b3d0,test,completed,gap_guarded,False
a7a50e39d82263ff1fda,test,completed,gap_guarded,False
85d6e790a5c68d082c31,test,completed,gap_guarded,False
d5781eb69b823c502bd1,test,completed,gap_guarded,False
1c07593c740f2420a217,test,completed,gap_guarded,False
c963be8f10cffffbc7e5,test,completed,gap_guarded,False
278eef490e1b8b5a998e,test,completed,gap_guarded,True
ac8990d5cceaedd7d901,test,completed,gap_guarded,True
3ffaf599b5242d939e38,test,completed,gap_guarded,False
1fa79b59f22cb39b8f6d,test,completed,gap_guarded,True
b4d7bb3408e2d7f8842d,test,completed,gap_guarded,False
131d05f9047d306b06a7,test,completed,gap_guarded,False
9a4eb8d586f294700a91,test,completed,gap_guarded,False
2922b1fbfa9542718f5f,test,completed,gap_guarded,True
72bfbb8b9ab0048db081,test,completed,gap_guarded,False
c2d51a431c1ca85e4120,test,completed,gap_guarded,False
d8b3bf030cac52b6df0e,test,completed,gap_guarded,False
9568569c28b202e4863d,test,completed,gap_guarded,False
6085727d6ece27d56f3c,test,completed,gap_guarded,False
2aab1e24996b676e4523,test,completed,gap_guarded,False
0ba8d7ab2acbc60af0a2,test,completed,gap_guarded,False
b253dcf3858f5936bc95,test,completed,gap_guarded,False
602fe24f74039ecae663,test,completed,gap_guarded,False
aeeb3f1c51988fdbb2ec,test,completed,gap_guarded,False
ddde3d9cd9c153bd5bd1,test,completed,gap_guarded,False
33f71953596408ca76b3,test,completed,gap_guarded,False
41543b17d99489751f7a,test,completed,gap_guarded,False
638bccbe4b722eb77d11,test,completed,gap_guarded,False
8bc32a935d3dbc6a6377,test,completed,gap_guarded,False
7359fe9944f2bb68e4ec,test,completed,gap_guarded,False
bebfdab8413eaca10cec,test,completed,gap_guarded,False
d9155dbc1410d9e916b4,test,completed,gap_guarded,False
4a1f7fe13bf5c4089572,test,completed,gap_guarded,False
faf1c95c3394f52f4626,test,completed,gap_guarded,False
6d5333367928c4ad8e1c,test,completed,gap_guarded,False
331d9793d708a7aa3637,test,completed,gap_guarded,False
1b82765c0c2ed1d695a8,test,completed,gap_guarded,False
e94b6136fa0a7879880f,test,completed,gap_guarded,False
56fb7c2ebb23d1798c31,test,completed,gap_guarded,False
ee3b64d5846649b4bab5,test,completed,gap_guarded,False
a812097fd0b6f8d285dd,test,completed,gap_guarded,False
5a758f5312120ce6feb9,test,completed,gap_guarded,False
23c53ba93b2dcd87fb6c,test,completed,gap_guarded,False
e551d8fe477b80d53719,test,completed,gap_guarded,False
03e7f5b08e74bd956037,test,completed,gap_guarded,False
0e0f50334904de2afe94,test,completed,gap_guarded,False
202f0bfb0a59ec398820,test,completed,gap_guarded,False
4ace9ed20a16bf707cc6,test,completed,gap_guarded,False
f3deb55831105a6e4285,test,completed,gap_guarded,False
4f35a32ecc87443a91a9,test,completed,gap_guarded,False
5469b6eaedf49a9881c3,test,completed,gap_guarded,True
a8bca106fc812f8a95bd,test,completed,gap_guarded,False
21e0c5e038553c7ac0ec,test,completed,gap_guarded,True
1d730bbf35d21619651d,test,completed,gap_guarded,True
071b3b8cd6ab5748b4eb,test,completed,gap_guarded,False
8ff2efab701216506995,test,completed,gap_guarded,False
293e647e9db79c39ddfd,test,completed,gap_guarded,False
6a187377a43f61eff20c,test,completed,gap_guarded,False
03263d39b530bbeb06c0,test,completed,gap_guarded,False
8685ea7325010b442187,test,completed,gap_guarded,False
e6b5f5fec3bc532fbff4,test,completed,gap_guarded,False
c07f11a672e3a61d7fed,test,completed,gap_guarded,False
87b224a0bf40bdfc3143,test,completed,gap_guarded,False
a1b9f05c3ed75594b6ed,test,completed,gap_guarded,False
1231dfd2ab95c560959d,test,completed,gap_guarded,False
1d12a3644ee42fa22bf5,test,completed,gap_guarded,False
854c6656bdbe1ea5f307,test,completed,gap_guarded,False
fc9e64a691df4ee30646,test,completed,gap_guarded,False
0d2395e2fd89ad36cc56,test,completed,gap_guarded,False
95bdfe79a0a74518e760,test,completed,gap_guarded,False
f34c11dc4ac05d740639,test,completed,gap_guarded,False
9b835bb633719d0ca1d2,test,completed,gap_guarded,False
4b8e0e083de2f306c108,test,completed,gap_guarded,False
9c8542ee17a36e4ca58c,test,completed,gap_guarded,False
91003ef42cf4738a805e,test,completed,gap_guarded,False
dbc47b7b914266a55982,test,completed,gap_guarded,False
668cdc478652f2279828,test,completed,gap_guarded,False
515dc65b92ddc1fcd0a3,test,completed,gap_guarded,True
1becc7108ca0a195d64a,test,completed,gap_guarded,False
4f91f011d6c4a66581bf,test,completed,gap_guarded,False
eb04f2491a820b6eab04,test,completed,gap_guarded,False
e867a38822028db043d7,test,completed,gap_guarded,False
ff4cd957e7cfe9b95f0f,test,completed,gap_guarded,False
59135297414a96cafb48,test,completed,gap_guarded,False
3832178b31f1168ceece,test,completed,gap_guarded,False
25f5d1c7a657e344ea5c,test,completed,gap_guarded,False
ab462574efe9698ce296,test,completed,gap_guarded,False
4fa524229fac21e09291,test,completed,gap_guarded,False
e97e6d5130a8ce3c1639,test,completed,gap_guarded,False
13c9f3d1cb604dd1c804,test,completed,gap_guarded,False
4008051e5c0764f8b2d2,test,completed,gap_guarded,False
d078c91b9bd85826bc47,test,completed,gap_guarded,False
4fd3f97f9b8d33185700,test,completed,gap_guarded,False
10af1fbcd3118cae9b70,test,completed,gap_guarded,False
39d340ed617a4771255f,test,completed,gap_guarded,False
b721ed3f409740b15845,test,completed,gap_guarded,False
2d55d45f9a0383a8f06a,test,completed,gap_guarded,False
3d73609d01eeeb300789,test,completed,gap_guarded,False
1418b8e6a21e1498ee15,test,completed,gap_guarded,False
18f2e9090491c66ffc3d,test,completed,gap_guarded,True
b8a460a3ed3364ac5d36,test,completed,gap_guarded,False
5e9ebb235101bb733c2c,test,completed,gap_guarded,False
c20ad86a5f2d24f8791a,test,completed,gap_guarded,False
92395baceacea8151558,test,completed,gap_guarded,False
799ae9f853bad8571fa4,test,completed,gap_guarded,False
d9e64853647ef6faa58a,test,completed,gap_guarded,False
67ca09e28c7a05334d90,test,completed,gap_guarded,False
4f1e61c084da79b28a0b,test,completed,gap_guarded,True
c2f26a8e6540db9ed7fd,test,completed,gap_guarded,False
ef0a3f797b223ac09cbf,test,completed,gap_guarded,False
97eb897b6cd7fdeee456,test,completed,gap_guarded,False
195c407213762ac26ccd,test,completed,gap_guarded,False
7a90843126f11cae9f2b,test,completed,gap_guarded,False
f6fd3671c36f66b51a43,test,completed,gap_guarded,False
b6891c7c9f4109835040,test,completed,gap_guarded,False
45b3d1cbdf6c36ae9568,test,completed,gap_guarded,False
7886b957e4c074b8f983,test,completed,gap_guarded,False
59c61c0f20772c2c27ac,test,completed,gap_guarded,False
c3c783cf0326aa95c952,test,completed,gap_guarded,False
2351884670ffe452a34c,test,completed,gap_guarded,False
4f521b5a6a05437b2869,test,completed,gap_guarded,True
4474b2f519f8133dc4f4,test,completed,gap_guarded,True
49baf58c32e6bf77ffe7,test,completed,gap_guarded,False
ce599ad43fb842cfdd60,test,completed,gap_guarded,False
7d28fc108c3d1fcb0fdc,test,completed,gap_guarded,True
81927a30bb0c1a6ee01a,test,completed,gap_guarded,False
b702026c6754db968c8d,test,completed,gap_guarded,False
64b87b6ec1703d21a020,test,completed,gap_guarded,False
c7164626a9416c999b38,test,completed,gap_guarded,False
802b230d0aa13ef09b01,test,completed,phase_guarded,False
78293129114a408f1e80,test,completed,phase_guarded,False
8cbfa251ad6482b9468a,test,completed,phase_guarded,False
764753670487fc80d24c,test,completed,phase_guarded,False
fb0eae697a9519d0905e,test,completed,phase_guarded,False
578662795c0c299ba758,test,completed,phase_guarded,False
f60abb8f931c66b5bf55,test,completed,phase_guarded,False
240582ac933b31585eaa,test,completed,phase_guarded,False
bbb5ef61589c83445e6d,test,completed,phase_guarded,False
98cba2b96f73f2b35fd6,test,completed,phase_guarded,False
fcd498cc64e4e283fd14,test,completed,phase_guarded,False
43f41ee9574e59f97f85,test,completed,phase_guarded,False
3412955d6c5ac4440b55,test,completed,phase_guarded,False
43b8588baa3f12c6ca6b,test,completed,phase_guarded,True
effbef4e397b3bf03d9b,test,completed,phase_guarded,False
4a8255e9c03d9064da6e,test,completed,phase_guarded,False
604297c540f93a7ea7a1,test,completed,phase_guarded,False
4c93d5d8a6926d298bc4,test,completed,phase_guarded,False
6e87305a98324b192f85,test,completed,phase_guarded,False
1b71d0d68b678324b5ec,test,completed,phase_guarded,False
72f27f0639e543a56a3e,test,completed,phase_guarded,False
ca786fef1ace9de4a2dc,test,completed,phase_guarded,False
070a26f87b8bb0196d5a,test,completed,phase_guarded,False
926a1c06ffe4fe95a1d6,test,completed,phase_guarded,False
4c4101c930efb6d446eb,test,completed,phase_guarded,False
95a66aac498374b464f2,test,completed,phase_guarded,False
76878d721fb53e76d9fc,test,completed,phase_guarded,False
193ca7033f67b8f177e8,test,completed,phase_guarded,False
f0fb91da579f6f1f49ec,test,completed,phase_guarded,False
404093efb1e18525aae2,test,completed,phase_guarded,False
767913bddf4c33a0a5f6,test,completed,phase_guarded,False
1d46a590ac050bf38b25,test,completed,phase_guarded,False
1b3066545c255d2e7616,test,completed,phase_guarded,False
1cb5a5cbb8d20b9f85cd,test,completed,phase_guarded,False
f6323ed237c5935fcaad,test,completed,phase_guarded,True
ef41dca19f87cb9db634,test,completed,phase_guarded,False
ea815ab5a7798dc8b3d0,test,completed,phase_guarded,False
a7a50e39d82263ff1fda,test,completed,phase_guarded,False
85d6e790a5c68d082c31,test,completed,phase_guarded,False
d5781eb69b823c502bd1,test,completed,phase_guarded,False
1c07593c740f2420a217,test,completed,phase_guarded,False
c963be8f10cffffbc7e5,test,completed,phase_guarded,False
278eef490e1b8b5a998e,test,completed,phase_guarded,True
ac8990d5cceaedd7d901,test,completed,phase_guarded,True
3ffaf599b5242d939e38,test,completed,phase_guarded,False
1fa79b59f22cb39b8f6d,test,completed,phase_guarded,True
b4d7bb3408e2d7f8842d,test,completed,phase_guarded,False
131d05f9047d306b06a7,test,completed,phase_guarded,False
9a4eb8d586f294700a91,test,completed,phase_guarded,False
2922b1fbfa9542718f5f,test,completed,phase_guarded,True
72bfbb8b9ab0048db081,test,completed,phase_guarded,False
c2d51a431c1ca85e4120,test,completed,phase_guarded,False
d8b3bf030cac52b6df0e,test,completed,phase_guarded,False
9568569c28b202e4863d,test,completed,phase_guarded,False
6085727d6ece27d56f3c,test,completed,phase_guarded,False
2aab1e24996b676e4523,test,completed,phase_guarded,False
0ba8d7ab2acbc60af0a2,test,completed,phase_guarded,False
b253dcf3858f5936bc95,test,completed,phase_guarded,False
602fe24f74039ecae663,test,completed,phase_guarded,False
aeeb3f1c51988fdbb2ec,test,completed,phase_guarded,False
ddde3d9cd9c153bd5bd1,test,completed,phase_guarded,False
33f71953596408ca76b3,test,completed,phase_guarded,False
41543b17d99489751f7a,test,completed,phase_guarded,False
638bccbe4b722eb77d11,test,completed,phase_guarded,False
8bc32a935d3dbc6a6377,test,completed,phase_guarded,False
7359fe9944f2bb68e4ec,test,completed,phase_guarded,False
bebfdab8413eaca10cec,test,completed,phase_guarded,False
d9155dbc1410d9e916b4,test,completed,phase_guarded,False
4a1f7fe13bf5c4089572,test,completed,phase_guarded,False
faf1c95c3394f52f4626,test,completed,phase_guarded,False
6d5333367928c4ad8e1c,test,completed,phase_guarded,False
331d9793d708a7aa3637,test,completed,phase_guarded,False
1b82765c0c2ed1d695a8,test,completed,phase_guarded,False
e94b6136fa0a7879880f,test,completed,phase_guarded,False
56fb7c2ebb23d1798c31,test,completed,phase_guarded,False
ee3b64d5846649b4bab5,test,completed,phase_guarded,False
a812097fd0b6f8d285dd,test,completed,phase_guarded,False
5a758f5312120ce6feb9,test,completed,phase_guarded,False
23c53ba93b2dcd87fb6c,test,completed,phase_guarded,False
e551d8fe477b80d53719,test,completed,phase_guarded,False
03e7f5b08e74bd956037,test,completed,phase_guarded,False
0e0f50334904de2afe94,test,completed,phase_guarded,False
202f0bfb0a59ec398820,test,completed,phase_guarded,False
4ace9ed20a16bf707cc6,test,completed,phase_guarded,False
f3deb55831105a6e4285,test,completed,phase_guarded,False
4f35a32ecc87443a91a9,test,completed,phase_guarded,False
5469b6eaedf49a9881c3,test,completed,phase_guarded,True
a8bca106fc812f8a95bd,test,completed,phase_guarded,False
21e0c5e038553c7ac0ec,test,completed,phase_guarded,True
1d730bbf35d21619651d,test,completed,phase_guarded,True
071b3b8cd6ab5748b4eb,test,completed,phase_guarded,False
8ff2efab701216506995,test,completed,phase_guarded,False
293e647e9db79c39ddfd,test,completed,phase_guarded,False
6a187377a43f61eff20c,test,completed,phase_guarded,False
03263d39b530bbeb06c0,test,completed,phase_guarded,False
8685ea7325010b442187,test,completed,phase_guarded,False
e6b5f5fec3bc532fbff4,test,completed,phase_guarded,False
c07f11a672e3a61d7fed,test,completed,phase_guarded,False
87b224a0bf40bdfc3143,test,completed,phase_guarded,False
a1b9f05c3ed75594b6ed,test,completed,phase_guarded,False
1231dfd2ab95c560959d,test,completed,phase_guarded,False
1d12a3644ee42fa22bf5,test,completed,phase_guarded,False
854c6656bdbe1ea5f307,test,completed,phase_guarded,False
fc9e64a691df4ee30646,test,completed,phase_guarded,False
0d2395e2fd89ad36cc56,test,completed,phase_guarded,False
95bdfe79a0a74518e760,test,completed,phase_guarded,False
f34c11dc4ac05d740639,test,completed,phase_guarded,False
9b835bb633719d0ca1d2,test,completed,phase_guarded,False
4b8e0e083de2f306c108,test,completed,phase_guarded,False
9c8542ee17a36e4ca58c,test,completed,phase_guarded,False
91003ef42cf4738a805e,test,completed,phase_guarded,False
dbc47b7b914266a55982,test,completed,phase_guarded,False
668cdc478652f2279828,test,completed,phase_guarded,False
515dc65b92ddc1fcd0a3,test,completed,phase_guarded,False
1becc7108ca0a195d64a,test,completed,phase_guarded,False
4f91f011d6c4a66581bf,test,completed,phase_guarded,False
eb04f2491a820b6eab04,test,completed,phase_guarded,False
e867a38822028db043d7,test,completed,phase_guarded,False
ff4cd957e7cfe9b95f0f,test,completed,phase_guarded,False
59135297414a96cafb48,test,completed,phase_guarded,False
3832178b31f1168ceece,test,completed,phase_guarded,False
25f5d1c7a657e344ea5c,test,completed,phase_guarded,False
ab462574efe9698ce296,test,completed,phase_guarded,False
4fa524229fac21e09291,test,completed,phase_guarded,False
e97e6d5130a8ce3c1639,test,completed,phase_guarded,False
13c9f3d1cb604dd1c804,test,completed,phase_guarded,False
4008051e5c0764f8b2d2,test,completed,phase_guarded,False
d078c91b9bd85826bc47,test,completed,phase_guarded,False
4fd3f97f9b8d33185700,test,completed,phase_guarded,False
10af1fbcd3118cae9b70,test,completed,phase_guarded,False
39d340ed617a4771255f,test,completed,phase_guarded,False
b721ed3f409740b15845,test,completed,phase_guarded,False
2d55d45f9a0383a8f06a,test,completed,phase_guarded,False
3d73609d01eeeb300789,test,completed,phase_guarded,False
1418b8e6a21e1498ee15,test,completed,phase_guarded,False
18f2e9090491c66ffc3d,test,completed,phase_guarded,True
b8a460a3ed3364ac5d36,test,completed,phase_guarded,False
5e9ebb235101bb733c2c,test,completed,phase_guarded,False
c20ad86a5f2d24f8791a,test,completed,phase_guarded,False
92395baceacea8151558,test,completed,phase_guarded,False
799ae9f853bad8571fa4,test,completed,phase_guarded,False
d9e64853647ef6faa58a,test,completed,phase_guarded,False
67ca09e28c7a05334d90,test,completed,phase_guarded,False
4f1e61c084da79b28a0b,test,completed,phase_guarded,True
c2f26a8e6540db9ed7fd,test,completed,phase_guarded,False
ef0a3f797b223ac09cbf,test,completed,phase_guarded,False
97eb897b6cd7fdeee456,test,completed,phase_guarded,False
195c407213762ac26ccd,test,completed,phase_guarded,False
7a90843126f11cae9f2b,test,completed,phase_guarded,False
f6fd3671c36f66b51a43,test,completed,phase_guarded,False
b6891c7c9f4109835040,test,completed,phase_guarded,False
45b3d1cbdf6c36ae9568,test,completed,phase_guarded,False
7886b957e4c074b8f983,test,completed,phase_guarded,False
59c61c0f20772c2c27ac,test,completed,phase_guarded,False
c3c783cf0326aa95c952,test,completed,phase_guarded,False
2351884670ffe452a34c,test,completed,phase_guarded,False
4f521b5a6a05437b2869,test,completed,phase_guarded,True
4474b2f519f8133dc4f4,test,completed,phase_guarded,True
49baf58c32e6bf77ffe7,test,completed,phase_guarded,False
ce599ad43fb842cfdd60,test,completed,phase_guarded,False
7d28fc108c3d1fcb0fdc,test,completed,phase_guarded,True
81927a30bb0c1a6ee01a,test,completed,phase_guarded,False
b702026c6754db968c8d,test,completed,phase_guarded,False
64b87b6ec1703d21a020,test,completed,phase_guarded,False
c7164626a9416c999b38,test,completed,phase_guarded,False
802b230d0aa13ef09b01,test,completed,selected,False
78293129114a408f1e80,test,completed,selected,False
8cbfa251ad6482b9468a,test,completed,selected,False
764753670487fc80d24c,test,completed,selected,False
fb0eae697a9519d0905e,test,completed,selected,False
578662795c0c299ba758,test,completed,selected,False
f60abb8f931c66b5bf55,test,completed,selected,True
240582ac933b31585eaa,test,completed,selected,False
bbb5ef61589c83445e6d,test,completed,selected,False
98cba2b96f73f2b35fd6,test,completed,selected,False
fcd498cc64e4e283fd14,test,completed,selected,False
43f41ee9574e59f97f85,test,completed,selected,False
3412955d6c5ac4440b55,test,completed,selected,False
43b8588baa3f12c6ca6b,test,completed,selected,True
effbef4e397b3bf03d9b,test,completed,selected,False
4a8255e9c03d9064da6e,test,completed,selected,False
604297c540f93a7ea7a1,test,completed,selected,False
4c93d5d8a6926d298bc4,test,completed,selected,False
6e87305a98324b192f85,test,completed,selected,False
1b71d0d68b678324b5ec,test,completed,selected,False
72f27f0639e543a56a3e,test,completed,selected,False
ca786fef1ace9de4a2dc,test,completed,selected,False
070a26f87b8bb0196d5a,test,completed,selected,False
926a1c06ffe4fe95a1d6,test,completed,selected,False
4c4101c930efb6d446eb,test,completed,selected,False
95a66aac498374b464f2,test,completed,selected,False
76878d721fb53e76d9fc,test,completed,selected,False
193ca7033f67b8f177e8,test,completed,selected,False
f0fb91da579f6f1f49ec,test,completed,selected,False
404093efb1e18525aae2,test,completed,selected,False
767913bddf4c33a0a5f6,test,completed,selected,False
1d46a590ac050bf38b25,test,completed,selected,False
1b3066545c255d2e7616,test,completed,selected,False
1cb5a5cbb8d20b9f85cd,test,completed,selected,False
f6323ed237c5935fcaad,test,completed,selected,True
ef41dca19f87cb9db634,test,completed,selected,False
ea815ab5a7798dc8b3d0,test,completed,selected,False
a7a50e39d82263ff1fda,test,completed,selected,False
85d6e790a5c68d082c31,test,completed,selected,False
d5781eb69b823c502bd1,test,completed,selected,False
1c07593c740f2420a217,test,completed,selected,False
c963be8f10cffffbc7e5,test,completed,selected,False
278eef490e1b8b5a998e,test,completed,selected,True
ac8990d5cceaedd7d901,test,completed,selected,True
3ffaf599b5242d939e38,test,completed,selected,False
1fa79b59f22cb39b8f6d,test,completed,selected,True
b4d7bb3408e2d7f8842d,test,completed,selected,False
131d05f9047d306b06a7,test,completed,selected,False
9a4eb8d586f294700a91,test,completed,selected,False
2922b1fbfa9542718f5f,test,completed,selected,True
72bfbb8b9ab0048db081,test,completed,selected,False
c2d51a431c1ca85e4120,test,completed,selected,False
d8b3bf030cac52b6df0e,test,completed,selected,False
9568569c28b202e4863d,test,completed,selected,False
6085727d6ece27d56f3c,test,completed,selected,False
2aab1e24996b676e4523,test,completed,selected,False
0ba8d7ab2acbc60af0a2,test,completed,selected,False
b253dcf3858f5936bc95,test,completed,selected,False
602fe24f74039ecae663,test,completed,selected,False
aeeb3f1c51988fdbb2ec,test,completed,selected,False
ddde3d9cd9c153bd5bd1,test,completed,selected,False
33f71953596408ca76b3,test,completed,selected,False
41543b17d99489751f7a,test,completed,selected,False
638bccbe4b722eb77d11,test,completed,selected,False
8bc32a935d3dbc6a6377,test,completed,selected,False
7359fe9944f2bb68e4ec,test,completed,selected,False
bebfdab8413eaca10cec,test,completed,selected,False
d9155dbc1410d9e916b4,test,completed,selected,False
4a1f7fe13bf5c4089572,test,completed,selected,False
faf1c95c3394f52f4626,test,completed,selected,False
6d5333367928c4ad8e1c,test,completed,selected,False
331d9793d708a7aa3637,test,completed,selected,False
1b82765c0c2ed1d695a8,test,completed,selected,False
e94b6136fa0a7879880f,test,completed,selected,False
56fb7c2ebb23d1798c31,test,completed,selected,False
ee3b64d5846649b4bab5,test,completed,selected,False
a812097fd0b6f8d285dd,test,completed,selected,False
5a758f5312120ce6feb9,test,completed,selected,False
23c53ba93b2dcd87fb6c,test,completed,selected,False
e551d8fe477b80d53719,test,completed,selected,False
03e7f5b08e74bd956037,test,completed,selected,False
0e0f50334904de2afe94,test,completed,selected,False
202f0bfb0a59ec398820,test,completed,selected,False
4ace9ed20a16bf707cc6,test,completed,selected,False
f3deb55831105a6e4285,test,completed,selected,False
4f35a32ecc87443a91a9,test,completed,selected,False
5469b6eaedf49a9881c3,test,completed,selected,True
a8bca106fc812f8a95bd,test,completed,selected,False
21e0c5e038553c7ac0ec,test,completed,selected,True
1d730bbf35d21619651d,test,completed,selected,True
071b3b8cd6ab5748b4eb,test,completed,selected,False
8ff2efab701216506995,test,completed,selected,False
293e647e9db79c39ddfd,test,completed,selected,False
6a187377a43f61eff20c,test,completed,selected,False
03263d39b530bbeb06c0,test,completed,selected,False
8685ea7325010b442187,test,completed,selected,False
e6b5f5fec3bc532fbff4,test,completed,selected,False
c07f11a672e3a61d7fed,test,completed,selected,False
87b224a0bf40bdfc3143,test,completed,selected,False
a1b9f05c3ed75594b6ed,test,completed,selected,False
1231dfd2ab95c560959d,test,completed,selected,False
1d12a3644ee42fa22bf5,test,completed,selected,False
854c6656bdbe1ea5f307,test,completed,selected,False
fc9e64a691df4ee30646,test,completed,selected,False
0d2395e2fd89ad36cc56,test,completed,selected,False
95bdfe79a0a74518e760,test,completed,selected,False
f34c11dc4ac05d740639,test,completed,selected,False
9b835bb633719d0ca1d2,test,completed,selected,False
4b8e0e083de2f306c108,test,completed,selected,False
9c8542ee17a36e4ca58c,test,completed,selected,False
91003ef42cf4738a805e,test,completed,selected,False
dbc47b7b914266a55982,test,completed,selected,False
668cdc478652f2279828,test,completed,selected,False
515dc65b92ddc1fcd0a3,test,completed,selected,True
1becc7108ca0a195d64a,test,completed,selected,False
4f91f011d6c4a66581bf,test,completed,selected,False
eb04f2491a820b6eab04,test,completed,selected,False
e867a38822028db043d7,test,completed,selected,False
ff4cd957e7cfe9b95f0f,test,completed,selected,False
59135297414a96cafb48,test,completed,selected,False
3832178b31f1168ceece,test,completed,selected,False
25f5d1c7a657e344ea5c,test,completed,selected,False
ab462574efe9698ce296,test,completed,selected,False
4fa524229fac21e09291,test,completed,selected,False
e97e6d5130a8ce3c1639,test,completed,selected,False
13c9f3d1cb604dd1c804,test,completed,selected,False
4008051e5c0764f8b2d2,test,completed,selected,False
d078c91b9bd85826bc47,test,completed,selected,False
4fd3f97f9b8d33185700,test,completed,selected,False
10af1fbcd3118cae9b70,test,completed,selected,False
39d340ed617a4771255f,test,completed,selected,False
b721ed3f409740b15845,test,completed,selected,False
2d55d45f9a0383a8f06a,test,completed,selected,False
3d73609d01eeeb300789,test,completed,selected,False
1418b8e6a21e1498ee15,test,completed,selected,False
18f2e9090491c66ffc3d,test,completed,selected,True
b8a460a3ed3364ac5d36,test,completed,selected,False
5e9ebb235101bb733c2c,test,completed,selected,False
c20ad86a5f2d24f8791a,test,completed,selected,False
92395baceacea8151558,test,completed,selected,False
799ae9f853bad8571fa4,test,completed,selected,False
d9e64853647ef6faa58a,test,completed,selected,False
67ca09e28c7a05334d90,test,completed,selected,False
4f1e61c084da79b28a0b,test,completed,selected,True
c2f26a8e6540db9ed7fd,test,completed,selected,False
ef0a3f797b223ac09cbf,test,completed,selected,False
97eb897b6cd7fdeee456,test,completed,selected,False
195c407213762ac26ccd,test,completed,selected,False
7a90843126f11cae9f2b,test,completed,selected,False
f6fd3671c36f66b51a43,test,completed,selected,False
b6891c7c9f4109835040,test,completed,selected,False
45b3d1cbdf6c36ae9568,test,completed,selected,False
7886b957e4c074b8f983,test,completed,selected,False
59c61c0f20772c2c27ac,test,completed,selected,False
c3c783cf0326aa95c952,test,completed,selected,False
2351884670ffe452a34c,test,completed,selected,False
4f521b5a6a05437b2869,test,completed,selected,True
4474b2f519f8133dc4f4,test,completed,selected,True
49baf58c32e6bf77ffe7,test,completed,selected,False
ce599ad43fb842cfdd60,test,completed,selected,False
7d28fc108c3d1fcb0fdc,test,completed,selected,True
81927a30bb0c1a6ee01a,test,completed,selected,False
b702026c6754db968c8d,test,completed,selected,False
64b87b6ec1703d21a020,test,completed,selected,False
c7164626a9416c999b38,test,completed,selected,False
f6adb18289bfa8d6e03d,validation,completed,raw_unprotected,False
907edd6bb2a530b4371e,validation,completed,raw_unprotected,False
0f2389aeacbed3fd27d0,validation,completed,raw_unprotected,False
c7f662c7c936793211ac,validation,completed,raw_unprotected,False
7f13d3d324bd319b21a9,validation,completed,raw_unprotected,False
0262aad6c4f544577e9c,validation,completed,raw_unprotected,False
29630c13e9d79659d087,validation,completed,raw_unprotected,False
c70ea23d535b980e7fa1,validation,completed,raw_unprotected,False
89e49c9c38aeafb547bb,validation,completed,raw_unprotected,False
d8813bb6461346f138c5,validation,completed,raw_unprotected,False
8b63ee00a3ba96590b65,validation,completed,raw_unprotected,False
802f16589942a04dafa8,validation,completed,raw_unprotected,False
da9391e19520cc1fad36,validation,completed,raw_unprotected,False
536f130ec00fab4f3d2c,validation,completed,raw_unprotected,False
a66d78e43ba3b6529ffb,validation,completed,raw_unprotected,False
e9cd4c7d0abe2a473fda,validation,completed,raw_unprotected,False
0babdb761f4b2d9d3bc5,validation,completed,raw_unprotected,False
64e74184f90135c6bfea,validation,completed,raw_unprotected,False
8fe8f81adbe918ae385b,validation,completed,raw_unprotected,False
994126d735567722e3a8,validation,completed,raw_unprotected,False
a44fc31948d2e2d835b2,validation,completed,raw_unprotected,False
aaae3316802bb0e985ef,validation,completed,raw_unprotected,False
a1e24698a454e9130e15,validation,completed,raw_unprotected,False
0129d2eb11ab1b2e5856,validation,completed,raw_unprotected,False
babbe8dd2e16a36567ca,validation,completed,raw_unprotected,False
5bb885b9f74a9308eb4a,validation,completed,raw_unprotected,False
505d1e50e241db2a59c7,validation,completed,raw_unprotected,False
9997feeaa1ef73777596,validation,completed,raw_unprotected,False
534259c723397a8caf3f,validation,completed,raw_unprotected,False
2b04327a29d757ea64cf,validation,completed,raw_unprotected,False
720a8ee888328650177a,validation,completed,raw_unprotected,False
26e4b7dc239e7071279b,validation,completed,raw_unprotected,False
6758e51e89153b262410,validation,completed,raw_unprotected,False
f8991abd09b1fdfa3d69,validation,completed,raw_unprotected,False
a22d1e56ab82e3536b9b,validation,completed,raw_unprotected,False
e4808c5e6d9542c893dd,validation,completed,raw_unprotected,False
f5b2a587d288d71c5e35,validation,completed,raw_unprotected,False
5a046bf1c8071a5dec8a,validation,completed,raw_unprotected,False
37908ee4b8dcf169a152,validation,completed,raw_unprotected,False
18fa3ca71ca5da5cc439,validation,completed,raw_unprotected,False
d233bd9fae0d5d00f47c,validation,completed,raw_unprotected,False
ab5977be44b14be347b6,validation,completed,raw_unprotected,False
7aa89aebb773006f362f,validation,completed,raw_unprotected,False
68b5295850302db92b11,validation,completed,raw_unprotected,False
b0f5eac61b4eba1ed5c2,validation,completed,raw_unprotected,False
f3f7d49ebe0da7b3a471,validation,completed,raw_unprotected,False
1b9b48a958775a189740,validation,completed,raw_unprotected,False
5895b9ac714fca1adb1c,validation,completed,raw_unprotected,False
562f9ee692a8e126bf12,validation,completed,raw_unprotected,False
0b15a9c04e42b69c6ba3,validation,completed,raw_unprotected,False
d83b60969a5a3c40323b,validation,completed,raw_unprotected,False
463d1eb4e139c3b3c264,validation,completed,raw_unprotected,False
417dd6b94cefe83b7bdb,validation,completed,raw_unprotected,False
5b64920cf37dcbe74188,validation,completed,raw_unprotected,False
084a5c4626af3b9e5379,validation,completed,raw_unprotected,False
e84d8fa03e2bfee8b364,validation,completed,raw_unprotected,False
1a2b520b9e2f31384aad,validation,completed,raw_unprotected,False
78875319963f571e29f7,validation,completed,raw_unprotected,False
bb8506f99b2be1c022d1,validation,completed,raw_unprotected,False
101efa49ea5447688a9f,validation,completed,raw_unprotected,False
fbe827fae248388c101e,validation,completed,raw_unprotected,False
dc302d2a4c9c5a46aa84,validation,completed,raw_unprotected,False
01d6d1b1cb0923deb95f,validation,completed,raw_unprotected,False
51d3603665fd6a50409f,validation,completed,raw_unprotected,False
675c849b3b4d974c69e3,validation,completed,raw_unprotected,False
125ca3ce17dc586a1a6f,validation,completed,raw_unprotected,False
db385d1d038a0b0601e3,validation,completed,raw_unprotected,False
952a1c1164aa8d9bc146,validation,completed,raw_unprotected,False
69b50bb6c7a28ec79f43,validation,completed,raw_unprotected,False
acc2675bc2e53bc15596,validation,completed,raw_unprotected,False
170594c27b51c79617de,validation,completed,raw_unprotected,False
fc8e3383bca30f208e32,validation,completed,raw_unprotected,False
70247ca4971383985eba,validation,completed,raw_unprotected,False
449a4952bf07217c2266,validation,completed,raw_unprotected,False
b36b147167e1f97740ac,validation,completed,raw_unprotected,False
f3ac93c3bfe3f065ca1f,validation,completed,raw_unprotected,False
3e4cbd81ff54f6131b40,validation,completed,raw_unprotected,False
34c615699b7038137359,validation,completed,raw_unprotected,False
6214fa46753dbe3df9cf,validation,completed,raw_unprotected,False
a44fa6544f0b73b2802f,validation,completed,raw_unprotected,False
12563bd5b74ba5868e1d,validation,completed,raw_unprotected,False
6889f99e5695e9096fdf,validation,completed,raw_unprotected,False
fa6b8bff60de3f74039e,validation,completed,raw_unprotected,False
d26a988d0054e14e5711,validation,completed,raw_unprotected,False
21384e0165116f6fec67,validation,completed,raw_unprotected,False
b41516f4a304ab2cb584,validation,completed,raw_unprotected,False
8b4d9bfa869f177db55e,validation,completed,raw_unprotected,False
9d98c99112e4c1134cc2,validation,completed,raw_unprotected,False
92df0f443a75288aa9f7,validation,completed,raw_unprotected,False
d4d317fa3c724e936427,validation,completed,raw_unprotected,False
c25a3c262ea76ec2c848,validation,completed,raw_unprotected,False
77cd564623d2055db495,validation,completed,raw_unprotected,False
975da2bbb7f4527f8325,validation,completed,raw_unprotected,False
1be653b60406058ee0a7,validation,completed,raw_unprotected,False
b28266e3d5f0ca09722e,validation,completed,raw_unprotected,False
081a28258a26dc8cfa55,validation,completed,raw_unprotected,False
8c811f8f7606a0d8110c,validation,completed,raw_unprotected,False
b9e7ef3b1e752deaec87,validation,completed,raw_unprotected,False
4372faa2c77824901e8a,validation,completed,raw_unprotected,False
63c9950b1d03537f209b,validation,completed,raw_unprotected,False
810fc57fe3eb8c410acd,validation,completed,raw_unprotected,False
21ff6e55a6fbb0f8c5c4,validation,completed,raw_unprotected,False
45e421b54794adc86039,validation,completed,raw_unprotected,False
2d70e381b38e98e165b3,validation,completed,raw_unprotected,False
2c5a5f1434e0308a8091,validation,completed,raw_unprotected,False
3794ba4de120e6bd11bd,validation,completed,raw_unprotected,False
cdc5b28ac4e97f689816,validation,completed,raw_unprotected,False
7e0d27c03970817ba86d,validation,completed,raw_unprotected,False
545c55d9062d021945fb,validation,completed,raw_unprotected,False
70b770af61a500c4a4e2,validation,completed,raw_unprotected,False
3a8ce03dd4b74ac7730f,validation,completed,raw_unprotected,False
9b13a5dcf668764b5cde,validation,completed,raw_unprotected,False
ee9697233777cad4bef4,validation,completed,raw_unprotected,False
689af78311670a23bae5,validation,completed,raw_unprotected,False
01f53a023ff59e1ead20,validation,completed,raw_unprotected,False
0de65e5b9e8b799366f8,validation,completed,raw_unprotected,False
ae5adf50941b40d1759a,validation,completed,raw_unprotected,False
aca66e376f074b282ab9,validation,completed,raw_unprotected,False
c641b6c9dc1bf06b8aa8,validation,completed,raw_unprotected,False
a62e07788c373be33195,validation,completed,raw_unprotected,False
ac19f75758fbe34fdeb1,validation,completed,raw_unprotected,False
485d3230ef05ba0757ef,validation,completed,raw_unprotected,False
df62a9049d6337f94a13,validation,completed,raw_unprotected,False
360c7a68b84cf108cb0e,validation,completed,raw_unprotected,False
4fd434e96d8e6e1500a0,validation,completed,raw_unprotected,False
5471cf1957bc6b2d7382,validation,completed,raw_unprotected,False
a827bf340c22367404b0,validation,completed,raw_unprotected,False
8c07d8923b39000ae6aa,validation,completed,raw_unprotected,False
7891f61a263eba8b1ae9,validation,completed,raw_unprotected,False
7aae96eadd5a33d22aee,validation,completed,raw_unprotected,False
8bd83749b5952e5ef4fa,validation,completed,raw_unprotected,False
e44a901c02880db8eceb,validation,completed,raw_unprotected,False
fafcd26397789f0e8daa,validation,completed,raw_unprotected,False
c60e4240dcbda6ae0b95,validation,completed,raw_unprotected,False
f566eb1d47ceca025df2,validation,completed,raw_unprotected,False
74bc752c29d1e6102fe0,validation,completed,raw_unprotected,False
a57514a0f97e35e46807,validation,completed,raw_unprotected,False
d834311cd00e481f549e,validation,completed,raw_unprotected,False
cf65f2d0a6c75669b332,validation,completed,raw_unprotected,False
952462d502f590eab602,validation,completed,raw_unprotected,False
7ba3be776069bbcb52ce,validation,completed,raw_unprotected,False
9dc91441973ecfab88dd,validation,completed,raw_unprotected,False
55d722d83e64ffe1a34c,validation,completed,raw_unprotected,False
7648830bcc335c2c3a0d,validation,completed,raw_unprotected,False
a5b68e0859a37fa02563,validation,completed,raw_unprotected,False
7c2b19459ed87e3d1b68,validation,completed,raw_unprotected,False
19e1e05ed73e4cf39502,validation,completed,raw_unprotected,False
e611e8e7700ee544c835,validation,completed,raw_unprotected,False
a18792c97d6ab2f0282e,validation,completed,raw_unprotected,False
1885f10f34a790973cd1,validation,completed,raw_unprotected,False
51e4dc168e148934494a,validation,completed,raw_unprotected,False
2182aa3c1aa556bbcae1,validation,completed,raw_unprotected,False
445e3b4c425d42dfddd3,validation,completed,raw_unprotected,False
eb5074e9f2626b4d716a,validation,completed,raw_unprotected,False
9b7894b0342456ec1bc2,validation,completed,raw_unprotected,False
63e4354d15a8398b10f4,validation,completed,raw_unprotected,False
b6b0e5a857dcc1edaab5,validation,completed,raw_unprotected,False
f06a70a0fe6cc5a5d6f6,validation,completed,raw_unprotected,False
4875a75c344482978f36,validation,completed,raw_unprotected,False
adbd93952208303ff0ae,validation,completed,raw_unprotected,False
903046d8521d5e46f345,validation,completed,raw_unprotected,False
730da3d027a9ed07b05d,validation,completed,raw_unprotected,False
fcf28b1af17c9802ede9,validation,completed,raw_unprotected,False
4dfafbe5f76d143f8487,validation,completed,raw_unprotected,False
e477432be3307a7465d3,validation,completed,raw_unprotected,False
2eb9a4a0ad0960ceacbb,validation,completed,raw_unprotected,False
696263361cba3205c18b,validation,completed,raw_unprotected,False
c2ece8ac966945a0e2f1,validation,completed,raw_unprotected,False
b3f8b13576d7d5ff6f8b,validation,completed,raw_unprotected,False
38ab47e5f27c1f99ffaf,validation,completed,raw_unprotected,False
a9e8954120225656d76b,validation,completed,raw_unprotected,False
ab666fc66de12fb8baa7,validation,completed,raw_unprotected,False
f6adb18289bfa8d6e03d,validation,completed,raw_guarded,False
907edd6bb2a530b4371e,validation,completed,raw_guarded,False
0f2389aeacbed3fd27d0,validation,completed,raw_guarded,False
c7f662c7c936793211ac,validation,completed,raw_guarded,False
7f13d3d324bd319b21a9,validation,completed,raw_guarded,True
0262aad6c4f544577e9c,validation,completed,raw_guarded,False
29630c13e9d79659d087,validation,completed,raw_guarded,False
c70ea23d535b980e7fa1,validation,completed,raw_guarded,False
89e49c9c38aeafb547bb,validation,completed,raw_guarded,False
d8813bb6461346f138c5,validation,completed,raw_guarded,False
8b63ee00a3ba96590b65,validation,completed,raw_guarded,False
802f16589942a04dafa8,validation,completed,raw_guarded,False
da9391e19520cc1fad36,validation,completed,raw_guarded,False
536f130ec00fab4f3d2c,validation,completed,raw_guarded,False
a66d78e43ba3b6529ffb,validation,completed,raw_guarded,False
e9cd4c7d0abe2a473fda,validation,completed,raw_guarded,False
0babdb761f4b2d9d3bc5,validation,completed,raw_guarded,False
64e74184f90135c6bfea,validation,completed,raw_guarded,False
8fe8f81adbe918ae385b,validation,completed,raw_guarded,False
994126d735567722e3a8,validation,completed,raw_guarded,False
a44fc31948d2e2d835b2,validation,completed,raw_guarded,False
aaae3316802bb0e985ef,validation,completed,raw_guarded,False
a1e24698a454e9130e15,validation,completed,raw_guarded,False
0129d2eb11ab1b2e5856,validation,completed,raw_guarded,False
babbe8dd2e16a36567ca,validation,completed,raw_guarded,False
5bb885b9f74a9308eb4a,validation,completed,raw_guarded,False
505d1e50e241db2a59c7,validation,completed,raw_guarded,False
9997feeaa1ef73777596,validation,completed,raw_guarded,False
534259c723397a8caf3f,validation,completed,raw_guarded,True
2b04327a29d757ea64cf,validation,completed,raw_guarded,False
720a8ee888328650177a,validation,completed,raw_guarded,False
26e4b7dc239e7071279b,validation,completed,raw_guarded,False
6758e51e89153b262410,validation,completed,raw_guarded,False
f8991abd09b1fdfa3d69,validation,completed,raw_guarded,False
a22d1e56ab82e3536b9b,validation,completed,raw_guarded,False
e4808c5e6d9542c893dd,validation,completed,raw_guarded,False
f5b2a587d288d71c5e35,validation,completed,raw_guarded,False
5a046bf1c8071a5dec8a,validation,completed,raw_guarded,False
37908ee4b8dcf169a152,validation,completed,raw_guarded,False
18fa3ca71ca5da5cc439,validation,completed,raw_guarded,False
d233bd9fae0d5d00f47c,validation,completed,raw_guarded,False
ab5977be44b14be347b6,validation,completed,raw_guarded,False
7aa89aebb773006f362f,validation,completed,raw_guarded,False
68b5295850302db92b11,validation,completed,raw_guarded,True
b0f5eac61b4eba1ed5c2,validation,completed,raw_guarded,False
f3f7d49ebe0da7b3a471,validation,completed,raw_guarded,False
1b9b48a958775a189740,validation,completed,raw_guarded,False
5895b9ac714fca1adb1c,validation,completed,raw_guarded,False
562f9ee692a8e126bf12,validation,completed,raw_guarded,False
0b15a9c04e42b69c6ba3,validation,completed,raw_guarded,False
d83b60969a5a3c40323b,validation,completed,raw_guarded,False
463d1eb4e139c3b3c264,validation,completed,raw_guarded,False
417dd6b94cefe83b7bdb,validation,completed,raw_guarded,False
5b64920cf37dcbe74188,validation,completed,raw_guarded,False
084a5c4626af3b9e5379,validation,completed,raw_guarded,False
e84d8fa03e2bfee8b364,validation,completed,raw_guarded,False
1a2b520b9e2f31384aad,validation,completed,raw_guarded,False
78875319963f571e29f7,validation,completed,raw_guarded,False
bb8506f99b2be1c022d1,validation,completed,raw_guarded,False
101efa49ea5447688a9f,validation,completed,raw_guarded,False
fbe827fae248388c101e,validation,completed,raw_guarded,False
dc302d2a4c9c5a46aa84,validation,completed,raw_guarded,False
01d6d1b1cb0923deb95f,validation,completed,raw_guarded,True
51d3603665fd6a50409f,validation,completed,raw_guarded,False
675c849b3b4d974c69e3,validation,completed,raw_guarded,False
125ca3ce17dc586a1a6f,validation,completed,raw_guarded,False
db385d1d038a0b0601e3,validation,completed,raw_guarded,False
952a1c1164aa8d9bc146,validation,completed,raw_guarded,False
69b50bb6c7a28ec79f43,validation,completed,raw_guarded,False
acc2675bc2e53bc15596,validation,completed,raw_guarded,False
170594c27b51c79617de,validation,completed,raw_guarded,True
fc8e3383bca30f208e32,validation,completed,raw_guarded,False
70247ca4971383985eba,validation,completed,raw_guarded,False
449a4952bf07217c2266,validation,completed,raw_guarded,False
b36b147167e1f97740ac,validation,completed,raw_guarded,False
f3ac93c3bfe3f065ca1f,validation,completed,raw_guarded,False
3e4cbd81ff54f6131b40,validation,completed,raw_guarded,False
34c615699b7038137359,validation,completed,raw_guarded,False
6214fa46753dbe3df9cf,validation,completed,raw_guarded,False
a44fa6544f0b73b2802f,validation,completed,raw_guarded,True
12563bd5b74ba5868e1d,validation,completed,raw_guarded,False
6889f99e5695e9096fdf,validation,completed,raw_guarded,False
fa6b8bff60de3f74039e,validation,completed,raw_guarded,False
d26a988d0054e14e5711,validation,completed,raw_guarded,False
21384e0165116f6fec67,validation,completed,raw_guarded,True
b41516f4a304ab2cb584,validation,completed,raw_guarded,False
8b4d9bfa869f177db55e,validation,completed,raw_guarded,False
9d98c99112e4c1134cc2,validation,completed,raw_guarded,True
92df0f443a75288aa9f7,validation,completed,raw_guarded,False
d4d317fa3c724e936427,validation,completed,raw_guarded,False
c25a3c262ea76ec2c848,validation,completed,raw_guarded,False
77cd564623d2055db495,validation,completed,raw_guarded,False
975da2bbb7f4527f8325,validation,completed,raw_guarded,False
1be653b60406058ee0a7,validation,completed,raw_guarded,False
b28266e3d5f0ca09722e,validation,completed,raw_guarded,False
081a28258a26dc8cfa55,validation,completed,raw_guarded,False
8c811f8f7606a0d8110c,validation,completed,raw_guarded,False
b9e7ef3b1e752deaec87,validation,completed,raw_guarded,False
4372faa2c77824901e8a,validation,completed,raw_guarded,False
63c9950b1d03537f209b,validation,completed,raw_guarded,True
810fc57fe3eb8c410acd,validation,completed,raw_guarded,False
21ff6e55a6fbb0f8c5c4,validation,completed,raw_guarded,False
45e421b54794adc86039,validation,completed,raw_guarded,False
2d70e381b38e98e165b3,validation,completed,raw_guarded,False
2c5a5f1434e0308a8091,validation,completed,raw_guarded,False
3794ba4de120e6bd11bd,validation,completed,raw_guarded,False
cdc5b28ac4e97f689816,validation,completed,raw_guarded,False
7e0d27c03970817ba86d,validation,completed,raw_guarded,False
545c55d9062d021945fb,validation,completed,raw_guarded,False
70b770af61a500c4a4e2,validation,completed,raw_guarded,False
3a8ce03dd4b74ac7730f,validation,completed,raw_guarded,False
9b13a5dcf668764b5cde,validation,completed,raw_guarded,False
ee9697233777cad4bef4,validation,completed,raw_guarded,False
689af78311670a23bae5,validation,completed,raw_guarded,False
01f53a023ff59e1ead20,validation,completed,raw_guarded,False
0de65e5b9e8b799366f8,validation,completed,raw_guarded,False
ae5adf50941b40d1759a,validation,completed,raw_guarded,False
aca66e376f074b282ab9,validation,completed,raw_guarded,False
c641b6c9dc1bf06b8aa8,validation,completed,raw_guarded,False
a62e07788c373be33195,validation,completed,raw_guarded,False
ac19f75758fbe34fdeb1,validation,completed,raw_guarded,False
485d3230ef05ba0757ef,validation,completed,raw_guarded,False
df62a9049d6337f94a13,validation,completed,raw_guarded,False
360c7a68b84cf108cb0e,validation,completed,raw_guarded,False
4fd434e96d8e6e1500a0,validation,completed,raw_guarded,False
5471cf1957bc6b2d7382,validation,completed,raw_guarded,False
a827bf340c22367404b0,validation,completed,raw_guarded,False
8c07d8923b39000ae6aa,validation,completed,raw_guarded,False
7891f61a263eba8b1ae9,validation,completed,raw_guarded,False
7aae96eadd5a33d22aee,validation,completed,raw_guarded,False
8bd83749b5952e5ef4fa,validation,completed,raw_guarded,False
e44a901c02880db8eceb,validation,completed,raw_guarded,False
fafcd26397789f0e8daa,validation,completed,raw_guarded,True
c60e4240dcbda6ae0b95,validation,completed,raw_guarded,True
f566eb1d47ceca025df2,validation,completed,raw_guarded,False
74bc752c29d1e6102fe0,validation,completed,raw_guarded,False
a57514a0f97e35e46807,validation,completed,raw_guarded,False
d834311cd00e481f549e,validation,completed,raw_guarded,False
cf65f2d0a6c75669b332,validation,completed,raw_guarded,True
952462d502f590eab602,validation,completed,raw_guarded,False
7ba3be776069bbcb52ce,validation,completed,raw_guarded,False
9dc91441973ecfab88dd,validation,completed,raw_guarded,False
55d722d83e64ffe1a34c,validation,completed,raw_guarded,False
7648830bcc335c2c3a0d,validation,completed,raw_guarded,False
a5b68e0859a37fa02563,validation,completed,raw_guarded,False
7c2b19459ed87e3d1b68,validation,completed,raw_guarded,False
19e1e05ed73e4cf39502,validation,completed,raw_guarded,False
e611e8e7700ee544c835,validation,completed,raw_guarded,False
a18792c97d6ab2f0282e,validation,completed,raw_guarded,False
1885f10f34a790973cd1,validation,completed,raw_guarded,False
51e4dc168e148934494a,validation,completed,raw_guarded,False
2182aa3c1aa556bbcae1,validation,completed,raw_guarded,False
445e3b4c425d42dfddd3,validation,completed,raw_guarded,False
eb5074e9f2626b4d716a,validation,completed,raw_guarded,False
9b7894b0342456ec1bc2,validation,completed,raw_guarded,False
63e4354d15a8398b10f4,validation,completed,raw_guarded,False
b6b0e5a857dcc1edaab5,validation,completed,raw_guarded,False
f06a70a0fe6cc5a5d6f6,validation,completed,raw_guarded,False
4875a75c344482978f36,validation,completed,raw_guarded,True
adbd93952208303ff0ae,validation,completed,raw_guarded,True
903046d8521d5e46f345,validation,completed,raw_guarded,False
730da3d027a9ed07b05d,validation,completed,raw_guarded,False
fcf28b1af17c9802ede9,validation,completed,raw_guarded,False
4dfafbe5f76d143f8487,validation,completed,raw_guarded,True
e477432be3307a7465d3,validation,completed,raw_guarded,False
2eb9a4a0ad0960ceacbb,validation,completed,raw_guarded,False
696263361cba3205c18b,validation,completed,raw_guarded,False
c2ece8ac966945a0e2f1,validation,completed,raw_guarded,False
b3f8b13576d7d5ff6f8b,validation,completed,raw_guarded,False
38ab47e5f27c1f99ffaf,validation,completed,raw_guarded,True
a9e8954120225656d76b,validation,completed,raw_guarded,False
ab666fc66de12fb8baa7,validation,completed,raw_guarded,True
f6adb18289bfa8d6e03d,validation,completed,gap_guarded,False
907edd6bb2a530b4371e,validation,completed,gap_guarded,False
0f2389aeacbed3fd27d0,validation,completed,gap_guarded,False
c7f662c7c936793211ac,validation,completed,gap_guarded,False
7f13d3d324bd319b21a9,validation,completed,gap_guarded,True
0262aad6c4f544577e9c,validation,completed,gap_guarded,False
29630c13e9d79659d087,validation,completed,gap_guarded,False
c70ea23d535b980e7fa1,validation,completed,gap_guarded,False
89e49c9c38aeafb547bb,validation,completed,gap_guarded,False
d8813bb6461346f138c5,validation,completed,gap_guarded,False
8b63ee00a3ba96590b65,validation,completed,gap_guarded,False
802f16589942a04dafa8,validation,completed,gap_guarded,False
da9391e19520cc1fad36,validation,completed,gap_guarded,False
536f130ec00fab4f3d2c,validation,completed,gap_guarded,False
a66d78e43ba3b6529ffb,validation,completed,gap_guarded,False
e9cd4c7d0abe2a473fda,validation,completed,gap_guarded,False
0babdb761f4b2d9d3bc5,validation,completed,gap_guarded,False
64e74184f90135c6bfea,validation,completed,gap_guarded,False
8fe8f81adbe918ae385b,validation,completed,gap_guarded,False
994126d735567722e3a8,validation,completed,gap_guarded,False
a44fc31948d2e2d835b2,validation,completed,gap_guarded,False
aaae3316802bb0e985ef,validation,completed,gap_guarded,False
a1e24698a454e9130e15,validation,completed,gap_guarded,False
0129d2eb11ab1b2e5856,validation,completed,gap_guarded,False
babbe8dd2e16a36567ca,validation,completed,gap_guarded,False
5bb885b9f74a9308eb4a,validation,completed,gap_guarded,False
505d1e50e241db2a59c7,validation,completed,gap_guarded,False
9997feeaa1ef73777596,validation,completed,gap_guarded,False
534259c723397a8caf3f,validation,completed,gap_guarded,True
2b04327a29d757ea64cf,validation,completed,gap_guarded,False
720a8ee888328650177a,validation,completed,gap_guarded,False
26e4b7dc239e7071279b,validation,completed,gap_guarded,False
6758e51e89153b262410,validation,completed,gap_guarded,False
f8991abd09b1fdfa3d69,validation,completed,gap_guarded,False
a22d1e56ab82e3536b9b,validation,completed,gap_guarded,False
e4808c5e6d9542c893dd,validation,completed,gap_guarded,False
f5b2a587d288d71c5e35,validation,completed,gap_guarded,False
5a046bf1c8071a5dec8a,validation,completed,gap_guarded,False
37908ee4b8dcf169a152,validation,completed,gap_guarded,False
18fa3ca71ca5da5cc439,validation,completed,gap_guarded,False
d233bd9fae0d5d00f47c,validation,completed,gap_guarded,False
ab5977be44b14be347b6,validation,completed,gap_guarded,False
7aa89aebb773006f362f,validation,completed,gap_guarded,False
68b5295850302db92b11,validation,completed,gap_guarded,True
b0f5eac61b4eba1ed5c2,validation,completed,gap_guarded,False
f3f7d49ebe0da7b3a471,validation,completed,gap_guarded,False
1b9b48a958775a189740,validation,completed,gap_guarded,False
5895b9ac714fca1adb1c,validation,completed,gap_guarded,False
562f9ee692a8e126bf12,validation,completed,gap_guarded,False
0b15a9c04e42b69c6ba3,validation,completed,gap_guarded,False
d83b60969a5a3c40323b,validation,completed,gap_guarded,False
463d1eb4e139c3b3c264,validation,completed,gap_guarded,False
417dd6b94cefe83b7bdb,validation,completed,gap_guarded,False
5b64920cf37dcbe74188,validation,completed,gap_guarded,False
084a5c4626af3b9e5379,validation,completed,gap_guarded,False
e84d8fa03e2bfee8b364,validation,completed,gap_guarded,False
1a2b520b9e2f31384aad,validation,completed,gap_guarded,False
78875319963f571e29f7,validation,completed,gap_guarded,False
bb8506f99b2be1c022d1,validation,completed,gap_guarded,False
101efa49ea5447688a9f,validation,completed,gap_guarded,False
fbe827fae248388c101e,validation,completed,gap_guarded,False
dc302d2a4c9c5a46aa84,validation,completed,gap_guarded,False
01d6d1b1cb0923deb95f,validation,completed,gap_guarded,True
51d3603665fd6a50409f,validation,completed,gap_guarded,False
675c849b3b4d974c69e3,validation,completed,gap_guarded,False
125ca3ce17dc586a1a6f,validation,completed,gap_guarded,False
db385d1d038a0b0601e3,validation,completed,gap_guarded,False
952a1c1164aa8d9bc146,validation,completed,gap_guarded,False
69b50bb6c7a28ec79f43,validation,completed,gap_guarded,False
acc2675bc2e53bc15596,validation,completed,gap_guarded,False
170594c27b51c79617de,validation,completed,gap_guarded,True
fc8e3383bca30f208e32,validation,completed,gap_guarded,False
70247ca4971383985eba,validation,completed,gap_guarded,False
449a4952bf07217c2266,validation,completed,gap_guarded,False
b36b147167e1f97740ac,validation,completed,gap_guarded,False
f3ac93c3bfe3f065ca1f,validation,completed,gap_guarded,False
3e4cbd81ff54f6131b40,validation,completed,gap_guarded,False
34c615699b7038137359,validation,completed,gap_guarded,False
6214fa46753dbe3df9cf,validation,completed,gap_guarded,False
a44fa6544f0b73b2802f,validation,completed,gap_guarded,True
12563bd5b74ba5868e1d,validation,completed,gap_guarded,False
6889f99e5695e9096fdf,validation,completed,gap_guarded,False
fa6b8bff60de3f74039e,validation,completed,gap_guarded,False
d26a988d0054e14e5711,validation,completed,gap_guarded,False
21384e0165116f6fec67,validation,completed,gap_guarded,True
b41516f4a304ab2cb584,validation,completed,gap_guarded,False
8b4d9bfa869f177db55e,validation,completed,gap_guarded,False
9d98c99112e4c1134cc2,validation,completed,gap_guarded,True
92df0f443a75288aa9f7,validation,completed,gap_guarded,False
d4d317fa3c724e936427,validation,completed,gap_guarded,False
c25a3c262ea76ec2c848,validation,completed,gap_guarded,False
77cd564623d2055db495,validation,completed,gap_guarded,False
975da2bbb7f4527f8325,validation,completed,gap_guarded,False
1be653b60406058ee0a7,validation,completed,gap_guarded,False
b28266e3d5f0ca09722e,validation,completed,gap_guarded,False
081a28258a26dc8cfa55,validation,completed,gap_guarded,False
8c811f8f7606a0d8110c,validation,completed,gap_guarded,False
b9e7ef3b1e752deaec87,validation,completed,gap_guarded,False
4372faa2c77824901e8a,validation,completed,gap_guarded,False
63c9950b1d03537f209b,validation,completed,gap_guarded,True
810fc57fe3eb8c410acd,validation,completed,gap_guarded,False
21ff6e55a6fbb0f8c5c4,validation,completed,gap_guarded,False
45e421b54794adc86039,validation,completed,gap_guarded,False
2d70e381b38e98e165b3,validation,completed,gap_guarded,False
2c5a5f1434e0308a8091,validation,completed,gap_guarded,False
3794ba4de120e6bd11bd,validation,completed,gap_guarded,False
cdc5b28ac4e97f689816,validation,completed,gap_guarded,False
7e0d27c03970817ba86d,validation,completed,gap_guarded,False
545c55d9062d021945fb,validation,completed,gap_guarded,False
70b770af61a500c4a4e2,validation,completed,gap_guarded,False
3a8ce03dd4b74ac7730f,validation,completed,gap_guarded,False
9b13a5dcf668764b5cde,validation,completed,gap_guarded,False
ee9697233777cad4bef4,validation,completed,gap_guarded,False
689af78311670a23bae5,validation,completed,gap_guarded,False
01f53a023ff59e1ead20,validation,completed,gap_guarded,False
0de65e5b9e8b799366f8,validation,completed,gap_guarded,False
ae5adf50941b40d1759a,validation,completed,gap_guarded,False
aca66e376f074b282ab9,validation,completed,gap_guarded,False
c641b6c9dc1bf06b8aa8,validation,completed,gap_guarded,False
a62e07788c373be33195,validation,completed,gap_guarded,False
ac19f75758fbe34fdeb1,validation,completed,gap_guarded,False
485d3230ef05ba0757ef,validation,completed,gap_guarded,False
df62a9049d6337f94a13,validation,completed,gap_guarded,False
360c7a68b84cf108cb0e,validation,completed,gap_guarded,False
4fd434e96d8e6e1500a0,validation,completed,gap_guarded,False
5471cf1957bc6b2d7382,validation,completed,gap_guarded,False
a827bf340c22367404b0,validation,completed,gap_guarded,False
8c07d8923b39000ae6aa,validation,completed,gap_guarded,False
7891f61a263eba8b1ae9,validation,completed,gap_guarded,False
7aae96eadd5a33d22aee,validation,completed,gap_guarded,False
8bd83749b5952e5ef4fa,validation,completed,gap_guarded,False
e44a901c02880db8eceb,validation,completed,gap_guarded,False
fafcd26397789f0e8daa,validation,completed,gap_guarded,True
c60e4240dcbda6ae0b95,validation,completed,gap_guarded,True
f566eb1d47ceca025df2,validation,completed,gap_guarded,False
74bc752c29d1e6102fe0,validation,completed,gap_guarded,False
a57514a0f97e35e46807,validation,completed,gap_guarded,False
d834311cd00e481f549e,validation,completed,gap_guarded,False
cf65f2d0a6c75669b332,validation,completed,gap_guarded,True
952462d502f590eab602,validation,completed,gap_guarded,False
7ba3be776069bbcb52ce,validation,completed,gap_guarded,False
9dc91441973ecfab88dd,validation,completed,gap_guarded,False
55d722d83e64ffe1a34c,validation,completed,gap_guarded,False
7648830bcc335c2c3a0d,validation,completed,gap_guarded,False
a5b68e0859a37fa02563,validation,completed,gap_guarded,False
7c2b19459ed87e3d1b68,validation,completed,gap_guarded,False
19e1e05ed73e4cf39502,validation,completed,gap_guarded,False
e611e8e7700ee544c835,validation,completed,gap_guarded,False
a18792c97d6ab2f0282e,validation,completed,gap_guarded,False
1885f10f34a790973cd1,validation,completed,gap_guarded,False
51e4dc168e148934494a,validation,completed,gap_guarded,False
2182aa3c1aa556bbcae1,validation,completed,gap_guarded,False
445e3b4c425d42dfddd3,validation,completed,gap_guarded,False
eb5074e9f2626b4d716a,validation,completed,gap_guarded,False
9b7894b0342456ec1bc2,validation,completed,gap_guarded,False
63e4354d15a8398b10f4,validation,completed,gap_guarded,False
b6b0e5a857dcc1edaab5,validation,completed,gap_guarded,False
f06a70a0fe6cc5a5d6f6,validation,completed,gap_guarded,False
4875a75c344482978f36,validation,completed,gap_guarded,True
adbd93952208303ff0ae,validation,completed,gap_guarded,True
903046d8521d5e46f345,validation,completed,gap_guarded,False
730da3d027a9ed07b05d,validation,completed,gap_guarded,False
fcf28b1af17c9802ede9,validation,completed,gap_guarded,False
4dfafbe5f76d143f8487,validation,completed,gap_guarded,True
e477432be3307a7465d3,validation,completed,gap_guarded,False
2eb9a4a0ad0960ceacbb,validation,completed,gap_guarded,False
696263361cba3205c18b,validation,completed,gap_guarded,False
c2ece8ac966945a0e2f1,validation,completed,gap_guarded,False
b3f8b13576d7d5ff6f8b,validation,completed,gap_guarded,False
38ab47e5f27c1f99ffaf,validation,completed,gap_guarded,True
a9e8954120225656d76b,validation,completed,gap_guarded,False
ab666fc66de12fb8baa7,validation,completed,gap_guarded,True
f6adb18289bfa8d6e03d,validation,completed,phase_guarded,False
907edd6bb2a530b4371e,validation,completed,phase_guarded,False
0f2389aeacbed3fd27d0,validation,completed,phase_guarded,False
c7f662c7c936793211ac,validation,completed,phase_guarded,False
7f13d3d324bd319b21a9,validation,completed,phase_guarded,True
0262aad6c4f544577e9c,validation,completed,phase_guarded,False
29630c13e9d79659d087,validation,completed,phase_guarded,False
c70ea23d535b980e7fa1,validation,completed,phase_guarded,False
89e49c9c38aeafb547bb,validation,completed,phase_guarded,False
d8813bb6461346f138c5,validation,completed,phase_guarded,False
8b63ee00a3ba96590b65,validation,completed,phase_guarded,False
802f16589942a04dafa8,validation,completed,phase_guarded,False
da9391e19520cc1fad36,validation,completed,phase_guarded,False
536f130ec00fab4f3d2c,validation,completed,phase_guarded,False
a66d78e43ba3b6529ffb,validation,completed,phase_guarded,False
e9cd4c7d0abe2a473fda,validation,completed,phase_guarded,False
0babdb761f4b2d9d3bc5,validation,completed,phase_guarded,True
64e74184f90135c6bfea,validation,completed,phase_guarded,False
8fe8f81adbe918ae385b,validation,completed,phase_guarded,False
994126d735567722e3a8,validation,completed,phase_guarded,False
a44fc31948d2e2d835b2,validation,completed,phase_guarded,False
aaae3316802bb0e985ef,validation,completed,phase_guarded,False
a1e24698a454e9130e15,validation,completed,phase_guarded,False
0129d2eb11ab1b2e5856,validation,completed,phase_guarded,False
babbe8dd2e16a36567ca,validation,completed,phase_guarded,False
5bb885b9f74a9308eb4a,validation,completed,phase_guarded,False
505d1e50e241db2a59c7,validation,completed,phase_guarded,False
9997feeaa1ef73777596,validation,completed,phase_guarded,False
534259c723397a8caf3f,validation,completed,phase_guarded,True
2b04327a29d757ea64cf,validation,completed,phase_guarded,False
720a8ee888328650177a,validation,completed,phase_guarded,False
26e4b7dc239e7071279b,validation,completed,phase_guarded,False
6758e51e89153b262410,validation,completed,phase_guarded,False
f8991abd09b1fdfa3d69,validation,completed,phase_guarded,False
a22d1e56ab82e3536b9b,validation,completed,phase_guarded,False
e4808c5e6d9542c893dd,validation,completed,phase_guarded,False
f5b2a587d288d71c5e35,validation,completed,phase_guarded,False
5a046bf1c8071a5dec8a,validation,completed,phase_guarded,False
37908ee4b8dcf169a152,validation,completed,phase_guarded,False
18fa3ca71ca5da5cc439,validation,completed,phase_guarded,False
d233bd9fae0d5d00f47c,validation,completed,phase_guarded,False
ab5977be44b14be347b6,validation,completed,phase_guarded,False
7aa89aebb773006f362f,validation,completed,phase_guarded,False
68b5295850302db92b11,validation,completed,phase_guarded,True
b0f5eac61b4eba1ed5c2,validation,completed,phase_guarded,False
f3f7d49ebe0da7b3a471,validation,completed,phase_guarded,False
1b9b48a958775a189740,validation,completed,phase_guarded,False
5895b9ac714fca1adb1c,validation,completed,phase_guarded,False
562f9ee692a8e126bf12,validation,completed,phase_guarded,False
0b15a9c04e42b69c6ba3,validation,completed,phase_guarded,False
d83b60969a5a3c40323b,validation,completed,phase_guarded,False
463d1eb4e139c3b3c264,validation,completed,phase_guarded,False
417dd6b94cefe83b7bdb,validation,completed,phase_guarded,False
5b64920cf37dcbe74188,validation,completed,phase_guarded,False
084a5c4626af3b9e5379,validation,completed,phase_guarded,False
e84d8fa03e2bfee8b364,validation,completed,phase_guarded,False
1a2b520b9e2f31384aad,validation,completed,phase_guarded,False
78875319963f571e29f7,validation,completed,phase_guarded,False
bb8506f99b2be1c022d1,validation,completed,phase_guarded,False
101efa49ea5447688a9f,validation,completed,phase_guarded,False
fbe827fae248388c101e,validation,completed,phase_guarded,False
dc302d2a4c9c5a46aa84,validation,completed,phase_guarded,False
01d6d1b1cb0923deb95f,validation,completed,phase_guarded,True
51d3603665fd6a50409f,validation,completed,phase_guarded,False
675c849b3b4d974c69e3,validation,completed,phase_guarded,False
125ca3ce17dc586a1a6f,validation,completed,phase_guarded,False
db385d1d038a0b0601e3,validation,completed,phase_guarded,False
952a1c1164aa8d9bc146,validation,completed,phase_guarded,False
69b50bb6c7a28ec79f43,validation,completed,phase_guarded,False
acc2675bc2e53bc15596,validation,completed,phase_guarded,False
170594c27b51c79617de,validation,completed,phase_guarded,True
fc8e3383bca30f208e32,validation,completed,phase_guarded,False
70247ca4971383985eba,validation,completed,phase_guarded,False
449a4952bf07217c2266,validation,completed,phase_guarded,False
b36b147167e1f97740ac,validation,completed,phase_guarded,False
f3ac93c3bfe3f065ca1f,validation,completed,phase_guarded,False
3e4cbd81ff54f6131b40,validation,completed,phase_guarded,False
34c615699b7038137359,validation,completed,phase_guarded,False
6214fa46753dbe3df9cf,validation,completed,phase_guarded,False
a44fa6544f0b73b2802f,validation,completed,phase_guarded,True
12563bd5b74ba5868e1d,validation,completed,phase_guarded,False
6889f99e5695e9096fdf,validation,completed,phase_guarded,False
fa6b8bff60de3f74039e,validation,completed,phase_guarded,False
d26a988d0054e14e5711,validation,completed,phase_guarded,False
21384e0165116f6fec67,validation,completed,phase_guarded,True
b41516f4a304ab2cb584,validation,completed,phase_guarded,False
8b4d9bfa869f177db55e,validation,completed,phase_guarded,False
9d98c99112e4c1134cc2,validation,completed,phase_guarded,True
92df0f443a75288aa9f7,validation,completed,phase_guarded,False
d4d317fa3c724e936427,validation,completed,phase_guarded,False
c25a3c262ea76ec2c848,validation,completed,phase_guarded,False
77cd564623d2055db495,validation,completed,phase_guarded,False
975da2bbb7f4527f8325,validation,completed,phase_guarded,False
1be653b60406058ee0a7,validation,completed,phase_guarded,False
b28266e3d5f0ca09722e,validation,completed,phase_guarded,False
081a28258a26dc8cfa55,validation,completed,phase_guarded,False
8c811f8f7606a0d8110c,validation,completed,phase_guarded,False
b9e7ef3b1e752deaec87,validation,completed,phase_guarded,False
4372faa2c77824901e8a,validation,completed,phase_guarded,False
63c9950b1d03537f209b,validation,completed,phase_guarded,True
810fc57fe3eb8c410acd,validation,completed,phase_guarded,False
21ff6e55a6fbb0f8c5c4,validation,completed,phase_guarded,False
45e421b54794adc86039,validation,completed,phase_guarded,False
2d70e381b38e98e165b3,validation,completed,phase_guarded,False
2c5a5f1434e0308a8091,validation,completed,phase_guarded,False
3794ba4de120e6bd11bd,validation,completed,phase_guarded,False
cdc5b28ac4e97f689816,validation,completed,phase_guarded,False
7e0d27c03970817ba86d,validation,completed,phase_guarded,False
545c55d9062d021945fb,validation,completed,phase_guarded,False
70b770af61a500c4a4e2,validation,completed,phase_guarded,False
3a8ce03dd4b74ac7730f,validation,completed,phase_guarded,False
9b13a5dcf668764b5cde,validation,completed,phase_guarded,False
ee9697233777cad4bef4,validation,completed,phase_guarded,False
689af78311670a23bae5,validation,completed,phase_guarded,False
01f53a023ff59e1ead20,validation,completed,phase_guarded,False
0de65e5b9e8b799366f8,validation,completed,phase_guarded,False
ae5adf50941b40d1759a,validation,completed,phase_guarded,False
aca66e376f074b282ab9,validation,completed,phase_guarded,False
c641b6c9dc1bf06b8aa8,validation,completed,phase_guarded,False
a62e07788c373be33195,validation,completed,phase_guarded,False
ac19f75758fbe34fdeb1,validation,completed,phase_guarded,False
485d3230ef05ba0757ef,validation,completed,phase_guarded,False
df62a9049d6337f94a13,validation,completed,phase_guarded,False
360c7a68b84cf108cb0e,validation,completed,phase_guarded,False
4fd434e96d8e6e1500a0,validation,completed,phase_guarded,False
5471cf1957bc6b2d7382,validation,completed,phase_guarded,False
a827bf340c22367404b0,validation,completed,phase_guarded,False
8c07d8923b39000ae6aa,validation,completed,phase_guarded,False
7891f61a263eba8b1ae9,validation,completed,phase_guarded,False
7aae96eadd5a33d22aee,validation,completed,phase_guarded,False
8bd83749b5952e5ef4fa,validation,completed,phase_guarded,False
e44a901c02880db8eceb,validation,completed,phase_guarded,False
fafcd26397789f0e8daa,validation,completed,phase_guarded,True
c60e4240dcbda6ae0b95,validation,completed,phase_guarded,True
f566eb1d47ceca025df2,validation,completed,phase_guarded,False
74bc752c29d1e6102fe0,validation,completed,phase_guarded,False
a57514a0f97e35e46807,validation,completed,phase_guarded,False
d834311cd00e481f549e,validation,completed,phase_guarded,False
cf65f2d0a6c75669b332,validation,completed,phase_guarded,True
952462d502f590eab602,validation,completed,phase_guarded,False
7ba3be776069bbcb52ce,validation,completed,phase_guarded,False
9dc91441973ecfab88dd,validation,completed,phase_guarded,False
55d722d83e64ffe1a34c,validation,completed,phase_guarded,False
7648830bcc335c2c3a0d,validation,completed,phase_guarded,False
a5b68e0859a37fa02563,validation,completed,phase_guarded,False
7c2b19459ed87e3d1b68,validation,completed,phase_guarded,False
19e1e05ed73e4cf39502,validation,completed,phase_guarded,False
e611e8e7700ee544c835,validation,completed,phase_guarded,False
a18792c97d6ab2f0282e,validation,completed,phase_guarded,False
1885f10f34a790973cd1,validation,completed,phase_guarded,False
51e4dc168e148934494a,validation,completed,phase_guarded,False
2182aa3c1aa556bbcae1,validation,completed,phase_guarded,False
445e3b4c425d42dfddd3,validation,completed,phase_guarded,False
eb5074e9f2626b4d716a,validation,completed,phase_guarded,False
9b7894b0342456ec1bc2,validation,completed,phase_guarded,False
63e4354d15a8398b10f4,validation,completed,phase_guarded,False
b6b0e5a857dcc1edaab5,validation,completed,phase_guarded,False
f06a70a0fe6cc5a5d6f6,validation,completed,phase_guarded,False
4875a75c344482978f36,validation,completed,phase_guarded,True
adbd93952208303ff0ae,validation,completed,phase_guarded,True
903046d8521d5e46f345,validation,completed,phase_guarded,False
730da3d027a9ed07b05d,validation,completed,phase_guarded,False
fcf28b1af17c9802ede9,validation,completed,phase_guarded,False
4dfafbe5f76d143f8487,validation,completed,phase_guarded,True
e477432be3307a7465d3,validation,completed,phase_guarded,False
2eb9a4a0ad0960ceacbb,validation,completed,phase_guarded,False
696263361cba3205c18b,validation,completed,phase_guarded,False
c2ece8ac966945a0e2f1,validation,completed,phase_guarded,False
b3f8b13576d7d5ff6f8b,validation,completed,phase_guarded,False
38ab47e5f27c1f99ffaf,validation,completed,phase_guarded,True
a9e8954120225656d76b,validation,completed,phase_guarded,False
ab666fc66de12fb8baa7,validation,completed,phase_guarded,True
f6adb18289bfa8d6e03d,validation,completed,selected,False
907edd6bb2a530b4371e,validation,completed,selected,False
0f2389aeacbed3fd27d0,validation,completed,selected,False
c7f662c7c936793211ac,validation,completed,selected,False
7f13d3d324bd319b21a9,validation,completed,selected,True
0262aad6c4f544577e9c,validation,completed,selected,False
29630c13e9d79659d087,validation,completed,selected,False
c70ea23d535b980e7fa1,validation,completed,selected,False
89e49c9c38aeafb547bb,validation,completed,selected,False
d8813bb6461346f138c5,validation,completed,selected,False
8b63ee00a3ba96590b65,validation,completed,selected,False
802f16589942a04dafa8,validation,completed,selected,False
da9391e19520cc1fad36,validation,completed,selected,False
536f130ec00fab4f3d2c,validation,completed,selected,False
a66d78e43ba3b6529ffb,validation,completed,selected,False
e9cd4c7d0abe2a473fda,validation,completed,selected,False
0babdb761f4b2d9d3bc5,validation,completed,selected,False
64e74184f90135c6bfea,validation,completed,selected,False
8fe8f81adbe918ae385b,validation,completed,selected,False
994126d735567722e3a8,validation,completed,selected,False
a44fc31948d2e2d835b2,validation,completed,selected,False
aaae3316802bb0e985ef,validation,completed,selected,False
a1e24698a454e9130e15,validation,completed,selected,False
0129d2eb11ab1b2e5856,validation,completed,selected,False
babbe8dd2e16a36567ca,validation,completed,selected,False
5bb885b9f74a9308eb4a,validation,completed,selected,False
505d1e50e241db2a59c7,validation,completed,selected,False
9997feeaa1ef73777596,validation,completed,selected,False
534259c723397a8caf3f,validation,completed,selected,True
2b04327a29d757ea64cf,validation,completed,selected,False
720a8ee888328650177a,validation,completed,selected,False
26e4b7dc239e7071279b,validation,completed,selected,False
6758e51e89153b262410,validation,completed,selected,False
f8991abd09b1fdfa3d69,validation,completed,selected,False
a22d1e56ab82e3536b9b,validation,completed,selected,False
e4808c5e6d9542c893dd,validation,completed,selected,False
f5b2a587d288d71c5e35,validation,completed,selected,False
5a046bf1c8071a5dec8a,validation,completed,selected,False
37908ee4b8dcf169a152,validation,completed,selected,False
18fa3ca71ca5da5cc439,validation,completed,selected,False
d233bd9fae0d5d00f47c,validation,completed,selected,False
ab5977be44b14be347b6,validation,completed,selected,False
7aa89aebb773006f362f,validation,completed,selected,False
68b5295850302db92b11,validation,completed,selected,True
b0f5eac61b4eba1ed5c2,validation,completed,selected,False
f3f7d49ebe0da7b3a471,validation,completed,selected,False
1b9b48a958775a189740,validation,completed,selected,False
5895b9ac714fca1adb1c,validation,completed,selected,False
562f9ee692a8e126bf12,validation,completed,selected,False
0b15a9c04e42b69c6ba3,validation,completed,selected,False
d83b60969a5a3c40323b,validation,completed,selected,False
463d1eb4e139c3b3c264,validation,completed,selected,False
417dd6b94cefe83b7bdb,validation,completed,selected,False
5b64920cf37dcbe74188,validation,completed,selected,False
084a5c4626af3b9e5379,validation,completed,selected,False
e84d8fa03e2bfee8b364,validation,completed,selected,False
1a2b520b9e2f31384aad,validation,completed,selected,False
78875319963f571e29f7,validation,completed,selected,False
bb8506f99b2be1c022d1,validation,completed,selected,False
101efa49ea5447688a9f,validation,completed,selected,False
fbe827fae248388c101e,validation,completed,selected,False
dc302d2a4c9c5a46aa84,validation,completed,selected,False
01d6d1b1cb0923deb95f,validation,completed,selected,True
51d3603665fd6a50409f,validation,completed,selected,False
675c849b3b4d974c69e3,validation,completed,selected,False
125ca3ce17dc586a1a6f,validation,completed,selected,False
db385d1d038a0b0601e3,validation,completed,selected,False
952a1c1164aa8d9bc146,validation,completed,selected,False
69b50bb6c7a28ec79f43,validation,completed,selected,False
acc2675bc2e53bc15596,validation,completed,selected,False
170594c27b51c79617de,validation,completed,selected,True
fc8e3383bca30f208e32,validation,completed,selected,False
70247ca4971383985eba,validation,completed,selected,False
449a4952bf07217c2266,validation,completed,selected,False
b36b147167e1f97740ac,validation,completed,selected,False
f3ac93c3bfe3f065ca1f,validation,completed,selected,False
3e4cbd81ff54f6131b40,validation,completed,selected,False
34c615699b7038137359,validation,completed,selected,False
6214fa46753dbe3df9cf,validation,completed,selected,False
a44fa6544f0b73b2802f,validation,completed,selected,True
12563bd5b74ba5868e1d,validation,completed,selected,False
6889f99e5695e9096fdf,validation,completed,selected,False
fa6b8bff60de3f74039e,validation,completed,selected,False
d26a988d0054e14e5711,validation,completed,selected,False
21384e0165116f6fec67,validation,completed,selected,True
b41516f4a304ab2cb584,validation,completed,selected,False
8b4d9bfa869f177db55e,validation,completed,selected,False
9d98c99112e4c1134cc2,validation,completed,selected,True
92df0f443a75288aa9f7,validation,completed,selected,False
d4d317fa3c724e936427,validation,completed,selected,False
c25a3c262ea76ec2c848,validation,completed,selected,False
77cd564623d2055db495,validation,completed,selected,False
975da2bbb7f4527f8325,validation,completed,selected,False
1be653b60406058ee0a7,validation,completed,selected,False
b28266e3d5f0ca09722e,validation,completed,selected,False
081a28258a26dc8cfa55,validation,completed,selected,False
8c811f8f7606a0d8110c,validation,completed,selected,False
b9e7ef3b1e752deaec87,validation,completed,selected,False
4372faa2c77824901e8a,validation,completed,selected,False
63c9950b1d03537f209b,validation,completed,selected,True
810fc57fe3eb8c410acd,validation,completed,selected,False
21ff6e55a6fbb0f8c5c4,validation,completed,selected,False
45e421b54794adc86039,validation,completed,selected,False
2d70e381b38e98e165b3,validation,completed,selected,False
2c5a5f1434e0308a8091,validation,completed,selected,False
3794ba4de120e6bd11bd,validation,completed,selected,False
cdc5b28ac4e97f689816,validation,completed,selected,False
7e0d27c03970817ba86d,validation,completed,selected,False
545c55d9062d021945fb,validation,completed,selected,False
70b770af61a500c4a4e2,validation,completed,selected,False
3a8ce03dd4b74ac7730f,validation,completed,selected,False
9b13a5dcf668764b5cde,validation,completed,selected,False
ee9697233777cad4bef4,validation,completed,selected,False
689af78311670a23bae5,validation,completed,selected,False
01f53a023ff59e1ead20,validation,completed,selected,False
0de65e5b9e8b799366f8,validation,completed,selected,False
ae5adf50941b40d1759a,validation,completed,selected,False
aca66e376f074b282ab9,validation,completed,selected,False
c641b6c9dc1bf06b8aa8,validation,completed,selected,False
a62e07788c373be33195,validation,completed,selected,False
ac19f75758fbe34fdeb1,validation,completed,selected,False
485d3230ef05ba0757ef,validation,completed,selected,False
df62a9049d6337f94a13,validation,completed,selected,False
360c7a68b84cf108cb0e,validation,completed,selected,False
4fd434e96d8e6e1500a0,validation,completed,selected,False
5471cf1957bc6b2d7382,validation,completed,selected,False
a827bf340c22367404b0,validation,completed,selected,False
8c07d8923b39000ae6aa,validation,completed,selected,False
7891f61a263eba8b1ae9,validation,completed,selected,False
7aae96eadd5a33d22aee,validation,completed,selected,False
8bd83749b5952e5ef4fa,validation,completed,selected,False
e44a901c02880db8eceb,validation,completed,selected,False
fafcd26397789f0e8daa,validation,completed,selected,True
c60e4240dcbda6ae0b95,validation,completed,selected,True
f566eb1d47ceca025df2,validation,completed,selected,False
74bc752c29d1e6102fe0,validation,completed,selected,False
a57514a0f97e35e46807,validation,completed,selected,False
d834311cd00e481f549e,validation,completed,selected,False
cf65f2d0a6c75669b332,validation,completed,selected,True
952462d502f590eab602,validation,completed,selected,False
7ba3be776069bbcb52ce,validation,completed,selected,False
9dc91441973ecfab88dd,validation,completed,selected,False
55d722d83e64ffe1a34c,validation,completed,selected,False
7648830bcc335c2c3a0d,validation,completed,selected,False
a5b68e0859a37fa02563,validation,completed,selected,False
7c2b19459ed87e3d1b68,validation,completed,selected,False
19e1e05ed73e4cf39502,validation,completed,selected,False
e611e8e7700ee544c835,validation,completed,selected,False
a18792c97d6ab2f0282e,validation,completed,selected,False
1885f10f34a790973cd1,validation,completed,selected,False
51e4dc168e148934494a,validation,completed,selected,False
2182aa3c1aa556bbcae1,validation,completed,selected,False
445e3b4c425d42dfddd3,validation,completed,selected,False
eb5074e9f2626b4d716a,validation,completed,selected,False
9b7894b0342456ec1bc2,validation,completed,selected,False
63e4354d15a8398b10f4,validation,completed,selected,False
b6b0e5a857dcc1edaab5,validation,completed,selected,False
f06a70a0fe6cc5a5d6f6,validation,completed,selected,False
4875a75c344482978f36,validation,completed,selected,True
adbd93952208303ff0ae,validation,completed,selected,True
903046d8521d5e46f345,validation,completed,selected,False
730da3d027a9ed07b05d,validation,completed,selected,False
fcf28b1af17c9802ede9,validation,completed,selected,False
4dfafbe5f76d143f8487,validation,completed,selected,True
e477432be3307a7465d3,validation,completed,selected,False
2eb9a4a0ad0960ceacbb,validation,completed,selected,False
696263361cba3205c18b,validation,completed,selected,False
c2ece8ac966945a0e2f1,validation,completed,selected,False
b3f8b13576d7d5ff6f8b,validation,completed,selected,False
38ab47e5f27c1f99ffaf,validation,completed,selected,True
a9e8954120225656d76b,validation,completed,selected,False
ab666fc66de12fb8baa7,validation,completed,selected,True
d2b619d0c27a2215d97d,test,completed,raw_unprotected,False
2f19a3b3f53f74c8f06d,test,completed,raw_unprotected,False
57fe37f23a7a563e92b5,test,completed,raw_unprotected,False
d88729a1562ff7919ee6,test,completed,raw_unprotected,False
962437a2fbc3b6042db7,test,completed,raw_unprotected,False
f87bd15cfe0b9c9d8415,test,completed,raw_unprotected,False
7f2459acd6f57454c4de,test,completed,raw_unprotected,False
957c27960f457cd8dabf,test,completed,raw_unprotected,False
c26e0c529372ea2ee611,test,completed,raw_unprotected,False
49bba6db5bee77022ef6,test,completed,raw_unprotected,False
9fd0ed5ba993979a6cfd,test,completed,raw_unprotected,False
bf41f45050aa7ffc0a41,test,completed,raw_unprotected,False
ab2a98cd53feb4a9b68e,test,completed,raw_unprotected,False
1ac24eafd0da43e258bc,test,completed,raw_unprotected,False
b975a3224ef6639f0a72,test,completed,raw_unprotected,False
05a15453e1d30c4d06e3,test,completed,raw_unprotected,False
d279bdf911278448128d,test,completed,raw_unprotected,False
d57fb09251db630e1c42,test,completed,raw_unprotected,False
e75722edfe57cace8431,test,completed,raw_unprotected,False
2d9bec1b3d81c5674e0f,test,completed,raw_unprotected,False
5e954f010a07d7b406c0,test,completed,raw_unprotected,False
40b3ead632c8b379236a,test,completed,raw_unprotected,False
4d02baea5f92507f22f0,test,completed,raw_unprotected,False
0840e6892b63ab3fb73d,test,completed,raw_unprotected,False
2c40e43ca8186da9e870,test,completed,raw_unprotected,False
18de11410d8e0e935400,test,completed,raw_unprotected,False
ef55cca9a61c5f46bf0d,test,completed,raw_unprotected,False
d952f73daa3cfa643d4f,test,completed,raw_unprotected,False
8a557519f593fe021263,test,completed,raw_unprotected,False
740db52c219cdb88368f,test,completed,raw_unprotected,False
2f2bc1534b1e3fdd9d52,test,completed,raw_unprotected,False
54e352c9fcb29c063a3c,test,completed,raw_unprotected,False
bd0e4ec69375e5934138,test,completed,raw_unprotected,False
58c585360a59e28b17a2,test,completed,raw_unprotected,False
532038a18961d4c7362a,test,completed,raw_unprotected,False
a0e35412fee239717c15,test,completed,raw_unprotected,False
2cd489492c0fd76d31d5,test,completed,raw_unprotected,False
aacb8f147338006805aa,test,completed,raw_unprotected,False
ec299949f47acf4481eb,test,completed,raw_unprotected,False
e4a8d590a7f0cdfa810c,test,completed,raw_unprotected,False
833989e1b27359f5fcd1,test,completed,raw_unprotected,False
2bee269ffc1783adc8f9,test,completed,raw_unprotected,False
4785068d163fb47d5d68,test,completed,raw_unprotected,False
650a13d664b0452243c7,test,completed,raw_unprotected,False
ac3d00b3184df4597929,test,completed,raw_unprotected,False
42920a47f36ad70bcb75,test,completed,raw_unprotected,False
5e3b5c759e17de0ad882,test,completed,raw_unprotected,False
e1a33ee9593555a25d87,test,completed,raw_unprotected,False
580873c249e099e5a59d,test,completed,raw_unprotected,False
1d410fde2606e936250d,test,completed,raw_unprotected,False
c5fc910a4b3dc7a8e887,test,completed,raw_unprotected,False
1baaf4761c3110190e59,test,completed,raw_unprotected,False
d76b13048dbb9a77aa6b,test,completed,raw_unprotected,False
7722400135e192d2237e,test,completed,raw_unprotected,False
90be7b4b27b44060dd5a,test,completed,raw_unprotected,False
e36c6ea665925d836c4d,test,completed,raw_unprotected,False
2e80bf402dc99d688266,test,completed,raw_unprotected,False
6c1fd2970a42686b16eb,test,completed,raw_unprotected,False
3f935a8c1167fd8b76ad,test,completed,raw_unprotected,False
a2c652763ef774058ba3,test,completed,raw_unprotected,False
b9439a1f559670b1388c,test,completed,raw_unprotected,False
a9a54e71945c604de534,test,completed,raw_unprotected,False
c4632c3473f819c1f87d,test,completed,raw_unprotected,False
c5b66d69b61732890b5c,test,completed,raw_unprotected,False
8329b66a4539428ea9b3,test,completed,raw_unprotected,False
218e61e220edeca369b5,test,completed,raw_unprotected,False
1474db5f8ce14385a655,test,completed,raw_unprotected,False
33eda84ec14b5650f80e,test,completed,raw_unprotected,False
604bb15b5002672e3f7d,test,completed,raw_unprotected,False
68ff755423902f997896,test,completed,raw_unprotected,False
4f5a52943b1f7d6602bf,test,completed,raw_unprotected,False
d2ba0a012398f74e2ef8,test,completed,raw_unprotected,False
8118f93504fee43ffb59,test,completed,raw_unprotected,False
7c2c2e80ce34715881e0,test,completed,raw_unprotected,False
08a8c253614d8e1856bc,test,completed,raw_unprotected,False
b6400998ff2f9a32c1ef,test,completed,raw_unprotected,False
5fd1ca55139b41c1e244,test,completed,raw_unprotected,False
afa2c9a9ad3f4ee15acb,test,completed,raw_unprotected,False
a519e6a3e58123065aa1,test,completed,raw_unprotected,False
afc0f73a332d719d5768,test,completed,raw_unprotected,False
7c970a876df0df3afab0,test,completed,raw_unprotected,False
fca308e1b18180a4be5e,test,completed,raw_unprotected,False
6d4645dd96df7115b9f0,test,completed,raw_unprotected,False
d42f7b4333ccfa17c357,test,completed,raw_unprotected,False
354ec906babadc913892,test,completed,raw_unprotected,False
2baebc025e8f2813cb3c,test,completed,raw_unprotected,False
2d5eab22f00871a10ce5,test,completed,raw_unprotected,False
aaabe774eb25a3cf9023,test,completed,raw_unprotected,False
968d1f274739646fe63d,test,completed,raw_unprotected,False
7b39c9c986e0dae854af,test,completed,raw_unprotected,False
c7d576fa29fcf2a16239,test,completed,raw_unprotected,False
6009535644195faa752e,test,completed,raw_unprotected,False
c93f52a49371ab7a15d6,test,completed,raw_unprotected,False
f28b782168f83aaac890,test,completed,raw_unprotected,False
c3d20b3083d52492281a,test,completed,raw_unprotected,False
723f122c590418312dc5,test,completed,raw_unprotected,False
0cafbb9b551f03b7704e,test,completed,raw_unprotected,False
5d11ab5955e64a56e4c0,test,completed,raw_unprotected,False
8f6c49f29adefdd09de7,test,completed,raw_unprotected,False
c5ad844a71bcab4b579b,test,completed,raw_unprotected,False
ea962e2a6ec5427b3180,test,completed,raw_unprotected,False
6f54f17396c3b58da22a,test,completed,raw_unprotected,False
8a2687b9578a93f52b6a,test,completed,raw_unprotected,False
2c30c0c0f98d9b0bfd36,test,completed,raw_unprotected,False
e9287cf9f639d0cb745c,test,completed,raw_unprotected,False
4c42e43dc99dab69afca,test,completed,raw_unprotected,False
ad7e6f6a84d54fe4416e,test,completed,raw_unprotected,False
ee67c692bd49fcbd2f9e,test,completed,raw_unprotected,False
3b3c6867e8b5a8aa8b3f,test,completed,raw_unprotected,False
1b750f8c6190dfd1d423,test,completed,raw_unprotected,False
51e4ac2b53d02ee262c9,test,completed,raw_unprotected,False
f1e6f363916627d7a3c3,test,completed,raw_unprotected,False
cae6353f8ec36c6e31d8,test,completed,raw_unprotected,False
34208ebb2733b1b0284c,test,completed,raw_unprotected,False
b2c92099d6dd8787ed9d,test,completed,raw_unprotected,False
5b62cb6062cfc089a043,test,completed,raw_unprotected,False
b132fd519f7548da10fb,test,completed,raw_unprotected,False
830f9c6f1adcdb7fd3bb,test,completed,raw_unprotected,False
a9eced970ea76a980401,test,completed,raw_unprotected,False
35f8c935184e3a44fd5a,test,completed,raw_unprotected,False
2c85b09b93f1ce1cb955,test,completed,raw_unprotected,False
71e792b4ecd29675ab98,test,completed,raw_unprotected,False
340989de55d989058a09,test,completed,raw_unprotected,False
9ec397dcd02c321971fb,test,completed,raw_unprotected,False
501a01e44826e057d8af,test,completed,raw_unprotected,False
6382d03d85cb6f9225c4,test,completed,raw_unprotected,False
b2ccf2c9e3caa262b15a,test,completed,raw_unprotected,False
705a622305ff67e6155a,test,completed,raw_unprotected,False
63722e4aea1193f8f1fa,test,completed,raw_unprotected,False
12bc66546fcc2c53ca8b,test,completed,raw_unprotected,False
4ff22cd563e8a3f3f164,test,completed,raw_unprotected,False
28352dba4220964b25a2,test,completed,raw_unprotected,False
610d59865d54893d48f9,test,completed,raw_unprotected,False
b4a42d71ec83ee25b4b7,test,completed,raw_unprotected,False
fec5c7e4b8d03bd75f20,test,completed,raw_unprotected,False
feef453df50f97a51897,test,completed,raw_unprotected,False
2032a6c746698b4b468e,test,completed,raw_unprotected,False
bddb39bc76da40c2cf87,test,completed,raw_unprotected,False
455e2ab8a8bc54172c45,test,completed,raw_unprotected,False
1fae7308faab0dbdcad4,test,completed,raw_unprotected,False
5b9785bdcd71c032c33a,test,completed,raw_unprotected,False
b4dece67784847d3ea35,test,completed,raw_unprotected,False
68805788b02bec707bfc,test,completed,raw_unprotected,False
e637be32b794d445868a,test,completed,raw_unprotected,False
6fc52f00013553e78493,test,completed,raw_unprotected,False
ddc8490279786d6d2b57,test,completed,raw_unprotected,False
eb7752594dac3931dcd4,test,completed,raw_unprotected,False
74205f39581c79fd4131,test,completed,raw_unprotected,False
67ce71772bbefef05382,test,completed,raw_unprotected,False
8552a20a99b365709b3b,test,completed,raw_unprotected,False
c51e8610494eb5b4571b,test,completed,raw_unprotected,False
d466cbb55485d03d267a,test,completed,raw_unprotected,False
5bc503adf526d90ee225,test,completed,raw_unprotected,False
5681c74abcfb12fbff1e,test,completed,raw_unprotected,False
1f9d7e9fa9948a870e3c,test,completed,raw_unprotected,False
566de29f17b444f9d704,test,completed,raw_unprotected,False
71fc3e6de1ca86140467,test,completed,raw_unprotected,False
de67f9c12ff7ec828783,test,completed,raw_unprotected,False
b9ab82f96bfd3819173d,test,completed,raw_unprotected,False
9f7bd7f0d493611437a4,test,completed,raw_unprotected,False
84bc5c4dcce0f17b5e3c,test,completed,raw_unprotected,False
cdd3276ec2cd2a249a1d,test,completed,raw_unprotected,False
1e2f62523499ed927d17,test,completed,raw_unprotected,False
ff99b48a0985236f66d0,test,completed,raw_unprotected,False
1baa5276e694134773d7,test,completed,raw_unprotected,False
a36a20bc925c09068cc0,test,completed,raw_unprotected,False
9de61bbf05b5748e5c19,test,completed,raw_unprotected,False
94b638552e294aaab06b,test,completed,raw_unprotected,False
f3863b34f28fd21d5564,test,completed,raw_unprotected,False
6faf94a5f7c1e562ed54,test,completed,raw_unprotected,False
7a4930f9612953444bf0,test,completed,raw_unprotected,False
e55c214c6d6fd1dfe550,test,completed,raw_unprotected,False
107cb9a6202faba4b5d2,test,completed,raw_unprotected,False
ce41827e64af29c9d639,test,completed,raw_unprotected,False
a6dfa4938807feb52cf1,test,completed,raw_unprotected,False
1d1bb726944540c80d59,test,completed,raw_unprotected,False
319311bec39c3ba0f0c3,test,completed,raw_unprotected,False
05fe4d20cb4c3735022c,test,completed,raw_unprotected,False
1f2e187818d5383eec5b,test,completed,raw_unprotected,False
5231263bc46fa2fb32a4,test,completed,raw_unprotected,False
92d5bc3dc4acacfd21ea,test,completed,raw_unprotected,False
0f41500385df440ddaff,test,completed,raw_unprotected,False
b40ffe65c6be5f20ce63,test,completed,raw_unprotected,False
d9c8e6365c07341aacd1,test,completed,raw_unprotected,False
b25c707ca691d6becb3f,test,completed,raw_unprotected,False
e441cea6e33ad005e714,test,completed,raw_unprotected,False
d2b619d0c27a2215d97d,test,completed,raw_guarded,False
2f19a3b3f53f74c8f06d,test,completed,raw_guarded,False
57fe37f23a7a563e92b5,test,completed,raw_guarded,False
d88729a1562ff7919ee6,test,completed,raw_guarded,False
962437a2fbc3b6042db7,test,completed,raw_guarded,False
f87bd15cfe0b9c9d8415,test,completed,raw_guarded,False
7f2459acd6f57454c4de,test,completed,raw_guarded,False
957c27960f457cd8dabf,test,completed,raw_guarded,False
c26e0c529372ea2ee611,test,completed,raw_guarded,False
49bba6db5bee77022ef6,test,completed,raw_guarded,False
9fd0ed5ba993979a6cfd,test,completed,raw_guarded,False
bf41f45050aa7ffc0a41,test,completed,raw_guarded,False
ab2a98cd53feb4a9b68e,test,completed,raw_guarded,False
1ac24eafd0da43e258bc,test,completed,raw_guarded,False
b975a3224ef6639f0a72,test,completed,raw_guarded,False
05a15453e1d30c4d06e3,test,completed,raw_guarded,False
d279bdf911278448128d,test,completed,raw_guarded,False
d57fb09251db630e1c42,test,completed,raw_guarded,False
e75722edfe57cace8431,test,completed,raw_guarded,False
2d9bec1b3d81c5674e0f,test,completed,raw_guarded,False
5e954f010a07d7b406c0,test,completed,raw_guarded,False
40b3ead632c8b379236a,test,completed,raw_guarded,False
4d02baea5f92507f22f0,test,completed,raw_guarded,False
0840e6892b63ab3fb73d,test,completed,raw_guarded,False
2c40e43ca8186da9e870,test,completed,raw_guarded,False
18de11410d8e0e935400,test,completed,raw_guarded,False
ef55cca9a61c5f46bf0d,test,completed,raw_guarded,False
d952f73daa3cfa643d4f,test,completed,raw_guarded,False
8a557519f593fe021263,test,completed,raw_guarded,False
740db52c219cdb88368f,test,completed,raw_guarded,False
2f2bc1534b1e3fdd9d52,test,completed,raw_guarded,False
54e352c9fcb29c063a3c,test,completed,raw_guarded,False
bd0e4ec69375e5934138,test,completed,raw_guarded,False
58c585360a59e28b17a2,test,completed,raw_guarded,False
532038a18961d4c7362a,test,completed,raw_guarded,False
a0e35412fee239717c15,test,completed,raw_guarded,False
2cd489492c0fd76d31d5,test,completed,raw_guarded,False
aacb8f147338006805aa,test,completed,raw_guarded,False
ec299949f47acf4481eb,test,completed,raw_guarded,False
e4a8d590a7f0cdfa810c,test,completed,raw_guarded,False
833989e1b27359f5fcd1,test,completed,raw_guarded,False
2bee269ffc1783adc8f9,test,completed,raw_guarded,False
4785068d163fb47d5d68,test,completed,raw_guarded,False
650a13d664b0452243c7,test,completed,raw_guarded,False
ac3d00b3184df4597929,test,completed,raw_guarded,False
42920a47f36ad70bcb75,test,completed,raw_guarded,True
5e3b5c759e17de0ad882,test,completed,raw_guarded,True
e1a33ee9593555a25d87,test,completed,raw_guarded,False
580873c249e099e5a59d,test,completed,raw_guarded,True
1d410fde2606e936250d,test,completed,raw_guarded,False
c5fc910a4b3dc7a8e887,test,completed,raw_guarded,False
1baaf4761c3110190e59,test,completed,raw_guarded,False
d76b13048dbb9a77aa6b,test,completed,raw_guarded,False
7722400135e192d2237e,test,completed,raw_guarded,False
90be7b4b27b44060dd5a,test,completed,raw_guarded,False
e36c6ea665925d836c4d,test,completed,raw_guarded,False
2e80bf402dc99d688266,test,completed,raw_guarded,False
6c1fd2970a42686b16eb,test,completed,raw_guarded,False
3f935a8c1167fd8b76ad,test,completed,raw_guarded,False
a2c652763ef774058ba3,test,completed,raw_guarded,False
b9439a1f559670b1388c,test,completed,raw_guarded,False
a9a54e71945c604de534,test,completed,raw_guarded,False
c4632c3473f819c1f87d,test,completed,raw_guarded,False
c5b66d69b61732890b5c,test,completed,raw_guarded,False
8329b66a4539428ea9b3,test,completed,raw_guarded,False
218e61e220edeca369b5,test,completed,raw_guarded,False
1474db5f8ce14385a655,test,completed,raw_guarded,False
33eda84ec14b5650f80e,test,completed,raw_guarded,False
604bb15b5002672e3f7d,test,completed,raw_guarded,False
68ff755423902f997896,test,completed,raw_guarded,False
4f5a52943b1f7d6602bf,test,completed,raw_guarded,False
d2ba0a012398f74e2ef8,test,completed,raw_guarded,True
8118f93504fee43ffb59,test,completed,raw_guarded,False
7c2c2e80ce34715881e0,test,completed,raw_guarded,False
08a8c253614d8e1856bc,test,completed,raw_guarded,False
b6400998ff2f9a32c1ef,test,completed,raw_guarded,False
5fd1ca55139b41c1e244,test,completed,raw_guarded,False
afa2c9a9ad3f4ee15acb,test,completed,raw_guarded,False
a519e6a3e58123065aa1,test,completed,raw_guarded,False
afc0f73a332d719d5768,test,completed,raw_guarded,False
7c970a876df0df3afab0,test,completed,raw_guarded,False
fca308e1b18180a4be5e,test,completed,raw_guarded,False
6d4645dd96df7115b9f0,test,completed,raw_guarded,False
d42f7b4333ccfa17c357,test,completed,raw_guarded,False
354ec906babadc913892,test,completed,raw_guarded,False
2baebc025e8f2813cb3c,test,completed,raw_guarded,False
2d5eab22f00871a10ce5,test,completed,raw_guarded,False
aaabe774eb25a3cf9023,test,completed,raw_guarded,False
968d1f274739646fe63d,test,completed,raw_guarded,False
7b39c9c986e0dae854af,test,completed,raw_guarded,False
c7d576fa29fcf2a16239,test,completed,raw_guarded,False
6009535644195faa752e,test,completed,raw_guarded,False
c93f52a49371ab7a15d6,test,completed,raw_guarded,False
f28b782168f83aaac890,test,completed,raw_guarded,False
c3d20b3083d52492281a,test,completed,raw_guarded,False
723f122c590418312dc5,test,completed,raw_guarded,False
0cafbb9b551f03b7704e,test,completed,raw_guarded,False
5d11ab5955e64a56e4c0,test,completed,raw_guarded,False
8f6c49f29adefdd09de7,test,completed,raw_guarded,False
c5ad844a71bcab4b579b,test,completed,raw_guarded,False
ea962e2a6ec5427b3180,test,completed,raw_guarded,False
6f54f17396c3b58da22a,test,completed,raw_guarded,False
8a2687b9578a93f52b6a,test,completed,raw_guarded,False
2c30c0c0f98d9b0bfd36,test,completed,raw_guarded,False
e9287cf9f639d0cb745c,test,completed,raw_guarded,False
4c42e43dc99dab69afca,test,completed,raw_guarded,False
ad7e6f6a84d54fe4416e,test,completed,raw_guarded,False
ee67c692bd49fcbd2f9e,test,completed,raw_guarded,False
3b3c6867e8b5a8aa8b3f,test,completed,raw_guarded,False
1b750f8c6190dfd1d423,test,completed,raw_guarded,False
51e4ac2b53d02ee262c9,test,completed,raw_guarded,False
f1e6f363916627d7a3c3,test,completed,raw_guarded,False
cae6353f8ec36c6e31d8,test,completed,raw_guarded,False
34208ebb2733b1b0284c,test,completed,raw_guarded,False
b2c92099d6dd8787ed9d,test,completed,raw_guarded,False
5b62cb6062cfc089a043,test,completed,raw_guarded,False
b132fd519f7548da10fb,test,completed,raw_guarded,False
830f9c6f1adcdb7fd3bb,test,completed,raw_guarded,False
a9eced970ea76a980401,test,completed,raw_guarded,False
35f8c935184e3a44fd5a,test,completed,raw_guarded,False
2c85b09b93f1ce1cb955,test,completed,raw_guarded,False
71e792b4ecd29675ab98,test,completed,raw_guarded,False
340989de55d989058a09,test,completed,raw_guarded,False
9ec397dcd02c321971fb,test,completed,raw_guarded,False
501a01e44826e057d8af,test,completed,raw_guarded,False
6382d03d85cb6f9225c4,test,completed,raw_guarded,False
b2ccf2c9e3caa262b15a,test,completed,raw_guarded,False
705a622305ff67e6155a,test,completed,raw_guarded,False
63722e4aea1193f8f1fa,test,completed,raw_guarded,False
12bc66546fcc2c53ca8b,test,completed,raw_guarded,False
4ff22cd563e8a3f3f164,test,completed,raw_guarded,False
28352dba4220964b25a2,test,completed,raw_guarded,False
610d59865d54893d48f9,test,completed,raw_guarded,False
b4a42d71ec83ee25b4b7,test,completed,raw_guarded,False
fec5c7e4b8d03bd75f20,test,completed,raw_guarded,False
feef453df50f97a51897,test,completed,raw_guarded,False
2032a6c746698b4b468e,test,completed,raw_guarded,False
bddb39bc76da40c2cf87,test,completed,raw_guarded,False
455e2ab8a8bc54172c45,test,completed,raw_guarded,False
1fae7308faab0dbdcad4,test,completed,raw_guarded,False
5b9785bdcd71c032c33a,test,completed,raw_guarded,False
b4dece67784847d3ea35,test,completed,raw_guarded,False
68805788b02bec707bfc,test,completed,raw_guarded,False
e637be32b794d445868a,test,completed,raw_guarded,False
6fc52f00013553e78493,test,completed,raw_guarded,False
ddc8490279786d6d2b57,test,completed,raw_guarded,False
eb7752594dac3931dcd4,test,completed,raw_guarded,False
74205f39581c79fd4131,test,completed,raw_guarded,False
67ce71772bbefef05382,test,completed,raw_guarded,False
8552a20a99b365709b3b,test,completed,raw_guarded,False
c51e8610494eb5b4571b,test,completed,raw_guarded,False
d466cbb55485d03d267a,test,completed,raw_guarded,False
5bc503adf526d90ee225,test,completed,raw_guarded,False
5681c74abcfb12fbff1e,test,completed,raw_guarded,True
1f9d7e9fa9948a870e3c,test,completed,raw_guarded,True
566de29f17b444f9d704,test,completed,raw_guarded,True
71fc3e6de1ca86140467,test,completed,raw_guarded,False
de67f9c12ff7ec828783,test,completed,raw_guarded,False
b9ab82f96bfd3819173d,test,completed,raw_guarded,True
9f7bd7f0d493611437a4,test,completed,raw_guarded,False
84bc5c4dcce0f17b5e3c,test,completed,raw_guarded,False
cdd3276ec2cd2a249a1d,test,completed,raw_guarded,True
1e2f62523499ed927d17,test,completed,raw_guarded,False
ff99b48a0985236f66d0,test,completed,raw_guarded,False
1baa5276e694134773d7,test,completed,raw_guarded,True
a36a20bc925c09068cc0,test,completed,raw_guarded,False
9de61bbf05b5748e5c19,test,completed,raw_guarded,False
94b638552e294aaab06b,test,completed,raw_guarded,False
f3863b34f28fd21d5564,test,completed,raw_guarded,False
6faf94a5f7c1e562ed54,test,completed,raw_guarded,False
7a4930f9612953444bf0,test,completed,raw_guarded,False
e55c214c6d6fd1dfe550,test,completed,raw_guarded,False
107cb9a6202faba4b5d2,test,completed,raw_guarded,False
ce41827e64af29c9d639,test,completed,raw_guarded,False
a6dfa4938807feb52cf1,test,completed,raw_guarded,False
1d1bb726944540c80d59,test,completed,raw_guarded,False
319311bec39c3ba0f0c3,test,completed,raw_guarded,False
05fe4d20cb4c3735022c,test,completed,raw_guarded,False
1f2e187818d5383eec5b,test,completed,raw_guarded,False
5231263bc46fa2fb32a4,test,completed,raw_guarded,False
92d5bc3dc4acacfd21ea,test,completed,raw_guarded,False
0f41500385df440ddaff,test,completed,raw_guarded,False
b40ffe65c6be5f20ce63,test,completed,raw_guarded,False
d9c8e6365c07341aacd1,test,completed,raw_guarded,False
b25c707ca691d6becb3f,test,completed,raw_guarded,False
e441cea6e33ad005e714,test,completed,raw_guarded,False
d2b619d0c27a2215d97d,test,completed,gap_guarded,False
2f19a3b3f53f74c8f06d,test,completed,gap_guarded,False
57fe37f23a7a563e92b5,test,completed,gap_guarded,False
d88729a1562ff7919ee6,test,completed,gap_guarded,False
962437a2fbc3b6042db7,test,completed,gap_guarded,False
f87bd15cfe0b9c9d8415,test,completed,gap_guarded,False
7f2459acd6f57454c4de,test,completed,gap_guarded,False
957c27960f457cd8dabf,test,completed,gap_guarded,False
c26e0c529372ea2ee611,test,completed,gap_guarded,False
49bba6db5bee77022ef6,test,completed,gap_guarded,False
9fd0ed5ba993979a6cfd,test,completed,gap_guarded,False
bf41f45050aa7ffc0a41,test,completed,gap_guarded,False
ab2a98cd53feb4a9b68e,test,completed,gap_guarded,False
1ac24eafd0da43e258bc,test,completed,gap_guarded,False
b975a3224ef6639f0a72,test,completed,gap_guarded,False
05a15453e1d30c4d06e3,test,completed,gap_guarded,False
d279bdf911278448128d,test,completed,gap_guarded,False
d57fb09251db630e1c42,test,completed,gap_guarded,False
e75722edfe57cace8431,test,completed,gap_guarded,False
2d9bec1b3d81c5674e0f,test,completed,gap_guarded,False
5e954f010a07d7b406c0,test,completed,gap_guarded,False
40b3ead632c8b379236a,test,completed,gap_guarded,False
4d02baea5f92507f22f0,test,completed,gap_guarded,False
0840e6892b63ab3fb73d,test,completed,gap_guarded,False
2c40e43ca8186da9e870,test,completed,gap_guarded,False
18de11410d8e0e935400,test,completed,gap_guarded,False
ef55cca9a61c5f46bf0d,test,completed,gap_guarded,False
d952f73daa3cfa643d4f,test,completed,gap_guarded,False
8a557519f593fe021263,test,completed,gap_guarded,False
740db52c219cdb88368f,test,completed,gap_guarded,False
2f2bc1534b1e3fdd9d52,test,completed,gap_guarded,False
54e352c9fcb29c063a3c,test,completed,gap_guarded,False
bd0e4ec69375e5934138,test,completed,gap_guarded,False
58c585360a59e28b17a2,test,completed,gap_guarded,False
532038a18961d4c7362a,test,completed,gap_guarded,False
a0e35412fee239717c15,test,completed,gap_guarded,False
2cd489492c0fd76d31d5,test,completed,gap_guarded,False
aacb8f147338006805aa,test,completed,gap_guarded,False
ec299949f47acf4481eb,test,completed,gap_guarded,False
e4a8d590a7f0cdfa810c,test,completed,gap_guarded,False
833989e1b27359f5fcd1,test,completed,gap_guarded,False
2bee269ffc1783adc8f9,test,completed,gap_guarded,False
4785068d163fb47d5d68,test,completed,gap_guarded,False
650a13d664b0452243c7,test,completed,gap_guarded,False
ac3d00b3184df4597929,test,completed,gap_guarded,False
42920a47f36ad70bcb75,test,completed,gap_guarded,True
5e3b5c759e17de0ad882,test,completed,gap_guarded,True
e1a33ee9593555a25d87,test,completed,gap_guarded,False
580873c249e099e5a59d,test,completed,gap_guarded,True
1d410fde2606e936250d,test,completed,gap_guarded,False
c5fc910a4b3dc7a8e887,test,completed,gap_guarded,False
1baaf4761c3110190e59,test,completed,gap_guarded,False
d76b13048dbb9a77aa6b,test,completed,gap_guarded,False
7722400135e192d2237e,test,completed,gap_guarded,False
90be7b4b27b44060dd5a,test,completed,gap_guarded,False
e36c6ea665925d836c4d,test,completed,gap_guarded,False
2e80bf402dc99d688266,test,completed,gap_guarded,False
6c1fd2970a42686b16eb,test,completed,gap_guarded,False
3f935a8c1167fd8b76ad,test,completed,gap_guarded,False
a2c652763ef774058ba3,test,completed,gap_guarded,False
b9439a1f559670b1388c,test,completed,gap_guarded,False
a9a54e71945c604de534,test,completed,gap_guarded,False
c4632c3473f819c1f87d,test,completed,gap_guarded,False
c5b66d69b61732890b5c,test,completed,gap_guarded,False
8329b66a4539428ea9b3,test,completed,gap_guarded,False
218e61e220edeca369b5,test,completed,gap_guarded,False
1474db5f8ce14385a655,test,completed,gap_guarded,False
33eda84ec14b5650f80e,test,completed,gap_guarded,False
604bb15b5002672e3f7d,test,completed,gap_guarded,False
68ff755423902f997896,test,completed,gap_guarded,False
4f5a52943b1f7d6602bf,test,completed,gap_guarded,False
d2ba0a012398f74e2ef8,test,completed,gap_guarded,True
8118f93504fee43ffb59,test,completed,gap_guarded,False
7c2c2e80ce34715881e0,test,completed,gap_guarded,False
08a8c253614d8e1856bc,test,completed,gap_guarded,False
b6400998ff2f9a32c1ef,test,completed,gap_guarded,False
5fd1ca55139b41c1e244,test,completed,gap_guarded,False
afa2c9a9ad3f4ee15acb,test,completed,gap_guarded,False
a519e6a3e58123065aa1,test,completed,gap_guarded,False
afc0f73a332d719d5768,test,completed,gap_guarded,False
7c970a876df0df3afab0,test,completed,gap_guarded,False
fca308e1b18180a4be5e,test,completed,gap_guarded,False
6d4645dd96df7115b9f0,test,completed,gap_guarded,False
d42f7b4333ccfa17c357,test,completed,gap_guarded,False
354ec906babadc913892,test,completed,gap_guarded,False
2baebc025e8f2813cb3c,test,completed,gap_guarded,False
2d5eab22f00871a10ce5,test,completed,gap_guarded,False
aaabe774eb25a3cf9023,test,completed,gap_guarded,False
968d1f274739646fe63d,test,completed,gap_guarded,False
7b39c9c986e0dae854af,test,completed,gap_guarded,False
c7d576fa29fcf2a16239,test,completed,gap_guarded,False
6009535644195faa752e,test,completed,gap_guarded,False
c93f52a49371ab7a15d6,test,completed,gap_guarded,False
f28b782168f83aaac890,test,completed,gap_guarded,False
c3d20b3083d52492281a,test,completed,gap_guarded,False
723f122c590418312dc5,test,completed,gap_guarded,False
0cafbb9b551f03b7704e,test,completed,gap_guarded,False
5d11ab5955e64a56e4c0,test,completed,gap_guarded,False
8f6c49f29adefdd09de7,test,completed,gap_guarded,False
c5ad844a71bcab4b579b,test,completed,gap_guarded,False
ea962e2a6ec5427b3180,test,completed,gap_guarded,False
6f54f17396c3b58da22a,test,completed,gap_guarded,False
8a2687b9578a93f52b6a,test,completed,gap_guarded,False
2c30c0c0f98d9b0bfd36,test,completed,gap_guarded,False
e9287cf9f639d0cb745c,test,completed,gap_guarded,False
4c42e43dc99dab69afca,test,completed,gap_guarded,False
ad7e6f6a84d54fe4416e,test,completed,gap_guarded,False
ee67c692bd49fcbd2f9e,test,completed,gap_guarded,False
3b3c6867e8b5a8aa8b3f,test,completed,gap_guarded,False
1b750f8c6190dfd1d423,test,completed,gap_guarded,False
51e4ac2b53d02ee262c9,test,completed,gap_guarded,False
f1e6f363916627d7a3c3,test,completed,gap_guarded,False
cae6353f8ec36c6e31d8,test,completed,gap_guarded,False
34208ebb2733b1b0284c,test,completed,gap_guarded,False
b2c92099d6dd8787ed9d,test,completed,gap_guarded,False
5b62cb6062cfc089a043,test,completed,gap_guarded,False
b132fd519f7548da10fb,test,completed,gap_guarded,False
830f9c6f1adcdb7fd3bb,test,completed,gap_guarded,False
a9eced970ea76a980401,test,completed,gap_guarded,False
35f8c935184e3a44fd5a,test,completed,gap_guarded,False
2c85b09b93f1ce1cb955,test,completed,gap_guarded,False
71e792b4ecd29675ab98,test,completed,gap_guarded,False
340989de55d989058a09,test,completed,gap_guarded,False
9ec397dcd02c321971fb,test,completed,gap_guarded,False
501a01e44826e057d8af,test,completed,gap_guarded,False
6382d03d85cb6f9225c4,test,completed,gap_guarded,False
b2ccf2c9e3caa262b15a,test,completed,gap_guarded,False
705a622305ff67e6155a,test,completed,gap_guarded,False
63722e4aea1193f8f1fa,test,completed,gap_guarded,False
12bc66546fcc2c53ca8b,test,completed,gap_guarded,False
4ff22cd563e8a3f3f164,test,completed,gap_guarded,False
28352dba4220964b25a2,test,completed,gap_guarded,False
610d59865d54893d48f9,test,completed,gap_guarded,False
b4a42d71ec83ee25b4b7,test,completed,gap_guarded,False
fec5c7e4b8d03bd75f20,test,completed,gap_guarded,False
feef453df50f97a51897,test,completed,gap_guarded,False
2032a6c746698b4b468e,test,completed,gap_guarded,False
bddb39bc76da40c2cf87,test,completed,gap_guarded,False
455e2ab8a8bc54172c45,test,completed,gap_guarded,False
1fae7308faab0dbdcad4,test,completed,gap_guarded,False
5b9785bdcd71c032c33a,test,completed,gap_guarded,False
b4dece67784847d3ea35,test,completed,gap_guarded,False
68805788b02bec707bfc,test,completed,gap_guarded,False
e637be32b794d445868a,test,completed,gap_guarded,False
6fc52f00013553e78493,test,completed,gap_guarded,False
ddc8490279786d6d2b57,test,completed,gap_guarded,False
eb7752594dac3931dcd4,test,completed,gap_guarded,False
74205f39581c79fd4131,test,completed,gap_guarded,False
67ce71772bbefef05382,test,completed,gap_guarded,False
8552a20a99b365709b3b,test,completed,gap_guarded,False
c51e8610494eb5b4571b,test,completed,gap_guarded,False
d466cbb55485d03d267a,test,completed,gap_guarded,False
5bc503adf526d90ee225,test,completed,gap_guarded,False
5681c74abcfb12fbff1e,test,completed,gap_guarded,True
1f9d7e9fa9948a870e3c,test,completed,gap_guarded,True
566de29f17b444f9d704,test,completed,gap_guarded,True
71fc3e6de1ca86140467,test,completed,gap_guarded,False
de67f9c12ff7ec828783,test,completed,gap_guarded,False
b9ab82f96bfd3819173d,test,completed,gap_guarded,True
9f7bd7f0d493611437a4,test,completed,gap_guarded,False
84bc5c4dcce0f17b5e3c,test,completed,gap_guarded,False
cdd3276ec2cd2a249a1d,test,completed,gap_guarded,True
1e2f62523499ed927d17,test,completed,gap_guarded,False
ff99b48a0985236f66d0,test,completed,gap_guarded,False
1baa5276e694134773d7,test,completed,gap_guarded,True
a36a20bc925c09068cc0,test,completed,gap_guarded,False
9de61bbf05b5748e5c19,test,completed,gap_guarded,False
94b638552e294aaab06b,test,completed,gap_guarded,False
f3863b34f28fd21d5564,test,completed,gap_guarded,False
6faf94a5f7c1e562ed54,test,completed,gap_guarded,False
7a4930f9612953444bf0,test,completed,gap_guarded,False
e55c214c6d6fd1dfe550,test,completed,gap_guarded,False
107cb9a6202faba4b5d2,test,completed,gap_guarded,False
ce41827e64af29c9d639,test,completed,gap_guarded,False
a6dfa4938807feb52cf1,test,completed,gap_guarded,False
1d1bb726944540c80d59,test,completed,gap_guarded,False
319311bec39c3ba0f0c3,test,completed,gap_guarded,False
05fe4d20cb4c3735022c,test,completed,gap_guarded,False
1f2e187818d5383eec5b,test,completed,gap_guarded,False
5231263bc46fa2fb32a4,test,completed,gap_guarded,False
92d5bc3dc4acacfd21ea,test,completed,gap_guarded,False
0f41500385df440ddaff,test,completed,gap_guarded,False
b40ffe65c6be5f20ce63,test,completed,gap_guarded,False
d9c8e6365c07341aacd1,test,completed,gap_guarded,False
b25c707ca691d6becb3f,test,completed,gap_guarded,False
e441cea6e33ad005e714,test,completed,gap_guarded,False
d2b619d0c27a2215d97d,test,completed,phase_guarded,False
2f19a3b3f53f74c8f06d,test,completed,phase_guarded,False
57fe37f23a7a563e92b5,test,completed,phase_guarded,False
d88729a1562ff7919ee6,test,completed,phase_guarded,False
962437a2fbc3b6042db7,test,completed,phase_guarded,False
f87bd15cfe0b9c9d8415,test,completed,phase_guarded,False
7f2459acd6f57454c4de,test,completed,phase_guarded,False
957c27960f457cd8dabf,test,completed,phase_guarded,False
c26e0c529372ea2ee611,test,completed,phase_guarded,False
49bba6db5bee77022ef6,test,completed,phase_guarded,False
9fd0ed5ba993979a6cfd,test,completed,phase_guarded,False
bf41f45050aa7ffc0a41,test,completed,phase_guarded,False
ab2a98cd53feb4a9b68e,test,completed,phase_guarded,False
1ac24eafd0da43e258bc,test,completed,phase_guarded,False
b975a3224ef6639f0a72,test,completed,phase_guarded,False
05a15453e1d30c4d06e3,test,completed,phase_guarded,False
d279bdf911278448128d,test,completed,phase_guarded,False
d57fb09251db630e1c42,test,completed,phase_guarded,False
e75722edfe57cace8431,test,completed,phase_guarded,False
2d9bec1b3d81c5674e0f,test,completed,phase_guarded,False
5e954f010a07d7b406c0,test,completed,phase_guarded,False
40b3ead632c8b379236a,test,completed,phase_guarded,False
4d02baea5f92507f22f0,test,completed,phase_guarded,False
0840e6892b63ab3fb73d,test,completed,phase_guarded,False
2c40e43ca8186da9e870,test,completed,phase_guarded,False
18de11410d8e0e935400,test,completed,phase_guarded,False
ef55cca9a61c5f46bf0d,test,completed,phase_guarded,False
d952f73daa3cfa643d4f,test,completed,phase_guarded,False
8a557519f593fe021263,test,completed,phase_guarded,False
740db52c219cdb88368f,test,completed,phase_guarded,False
2f2bc1534b1e3fdd9d52,test,completed,phase_guarded,False
54e352c9fcb29c063a3c,test,completed,phase_guarded,False
bd0e4ec69375e5934138,test,completed,phase_guarded,False
58c585360a59e28b17a2,test,completed,phase_guarded,False
532038a18961d4c7362a,test,completed,phase_guarded,False
a0e35412fee239717c15,test,completed,phase_guarded,False
2cd489492c0fd76d31d5,test,completed,phase_guarded,False
aacb8f147338006805aa,test,completed,phase_guarded,False
ec299949f47acf4481eb,test,completed,phase_guarded,False
e4a8d590a7f0cdfa810c,test,completed,phase_guarded,False
833989e1b27359f5fcd1,test,completed,phase_guarded,False
2bee269ffc1783adc8f9,test,completed,phase_guarded,False
4785068d163fb47d5d68,test,completed,phase_guarded,False
650a13d664b0452243c7,test,completed,phase_guarded,False
ac3d00b3184df4597929,test,completed,phase_guarded,False
42920a47f36ad70bcb75,test,completed,phase_guarded,True
5e3b5c759e17de0ad882,test,completed,phase_guarded,True
e1a33ee9593555a25d87,test,completed,phase_guarded,False
580873c249e099e5a59d,test,completed,phase_guarded,True
1d410fde2606e936250d,test,completed,phase_guarded,False
c5fc910a4b3dc7a8e887,test,completed,phase_guarded,False
1baaf4761c3110190e59,test,completed,phase_guarded,False
d76b13048dbb9a77aa6b,test,completed,phase_guarded,False
7722400135e192d2237e,test,completed,phase_guarded,False
90be7b4b27b44060dd5a,test,completed,phase_guarded,True
e36c6ea665925d836c4d,test,completed,phase_guarded,False
2e80bf402dc99d688266,test,completed,phase_guarded,False
6c1fd2970a42686b16eb,test,completed,phase_guarded,False
3f935a8c1167fd8b76ad,test,completed,phase_guarded,False
a2c652763ef774058ba3,test,completed,phase_guarded,False
b9439a1f559670b1388c,test,completed,phase_guarded,False
a9a54e71945c604de534,test,completed,phase_guarded,False
c4632c3473f819c1f87d,test,completed,phase_guarded,False
c5b66d69b61732890b5c,test,completed,phase_guarded,False
8329b66a4539428ea9b3,test,completed,phase_guarded,False
218e61e220edeca369b5,test,completed,phase_guarded,False
1474db5f8ce14385a655,test,completed,phase_guarded,False
33eda84ec14b5650f80e,test,completed,phase_guarded,False
604bb15b5002672e3f7d,test,completed,phase_guarded,False
68ff755423902f997896,test,completed,phase_guarded,False
4f5a52943b1f7d6602bf,test,completed,phase_guarded,False
d2ba0a012398f74e2ef8,test,completed,phase_guarded,True
8118f93504fee43ffb59,test,completed,phase_guarded,False
7c2c2e80ce34715881e0,test,completed,phase_guarded,False
08a8c253614d8e1856bc,test,completed,phase_guarded,False
b6400998ff2f9a32c1ef,test,completed,phase_guarded,False
5fd1ca55139b41c1e244,test,completed,phase_guarded,False
afa2c9a9ad3f4ee15acb,test,completed,phase_guarded,False
a519e6a3e58123065aa1,test,completed,phase_guarded,False
afc0f73a332d719d5768,test,completed,phase_guarded,False
7c970a876df0df3afab0,test,completed,phase_guarded,False
fca308e1b18180a4be5e,test,completed,phase_guarded,False
6d4645dd96df7115b9f0,test,completed,phase_guarded,False
d42f7b4333ccfa17c357,test,completed,phase_guarded,False
354ec906babadc913892,test,completed,phase_guarded,False
2baebc025e8f2813cb3c,test,completed,phase_guarded,False
2d5eab22f00871a10ce5,test,completed,phase_guarded,False
aaabe774eb25a3cf9023,test,completed,phase_guarded,False
968d1f274739646fe63d,test,completed,phase_guarded,False
7b39c9c986e0dae854af,test,completed,phase_guarded,False
c7d576fa29fcf2a16239,test,completed,phase_guarded,False
6009535644195faa752e,test,completed,phase_guarded,False
c93f52a49371ab7a15d6,test,completed,phase_guarded,False
f28b782168f83aaac890,test,completed,phase_guarded,False
c3d20b3083d52492281a,test,completed,phase_guarded,False
723f122c590418312dc5,test,completed,phase_guarded,False
0cafbb9b551f03b7704e,test,completed,phase_guarded,False
5d11ab5955e64a56e4c0,test,completed,phase_guarded,False
8f6c49f29adefdd09de7,test,completed,phase_guarded,False
c5ad844a71bcab4b579b,test,completed,phase_guarded,False
ea962e2a6ec5427b3180,test,completed,phase_guarded,False
6f54f17396c3b58da22a,test,completed,phase_guarded,False
8a2687b9578a93f52b6a,test,completed,phase_guarded,False
2c30c0c0f98d9b0bfd36,test,completed,phase_guarded,False
e9287cf9f639d0cb745c,test,completed,phase_guarded,False
4c42e43dc99dab69afca,test,completed,phase_guarded,False
ad7e6f6a84d54fe4416e,test,completed,phase_guarded,False
ee67c692bd49fcbd2f9e,test,completed,phase_guarded,False
3b3c6867e8b5a8aa8b3f,test,completed,phase_guarded,False
1b750f8c6190dfd1d423,test,completed,phase_guarded,False
51e4ac2b53d02ee262c9,test,completed,phase_guarded,False
f1e6f363916627d7a3c3,test,completed,phase_guarded,False
cae6353f8ec36c6e31d8,test,completed,phase_guarded,False
34208ebb2733b1b0284c,test,completed,phase_guarded,False
b2c92099d6dd8787ed9d,test,completed,phase_guarded,False
5b62cb6062cfc089a043,test,completed,phase_guarded,False
b132fd519f7548da10fb,test,completed,phase_guarded,False
830f9c6f1adcdb7fd3bb,test,completed,phase_guarded,False
a9eced970ea76a980401,test,completed,phase_guarded,False
35f8c935184e3a44fd5a,test,completed,phase_guarded,False
2c85b09b93f1ce1cb955,test,completed,phase_guarded,False
71e792b4ecd29675ab98,test,completed,phase_guarded,False
340989de55d989058a09,test,completed,phase_guarded,False
9ec397dcd02c321971fb,test,completed,phase_guarded,False
501a01e44826e057d8af,test,completed,phase_guarded,False
6382d03d85cb6f9225c4,test,completed,phase_guarded,False
b2ccf2c9e3caa262b15a,test,completed,phase_guarded,False
705a622305ff67e6155a,test,completed,phase_guarded,False
63722e4aea1193f8f1fa,test,completed,phase_guarded,False
12bc66546fcc2c53ca8b,test,completed,phase_guarded,False
4ff22cd563e8a3f3f164,test,completed,phase_guarded,False
28352dba4220964b25a2,test,completed,phase_guarded,False
610d59865d54893d48f9,test,completed,phase_guarded,False
b4a42d71ec83ee25b4b7,test,completed,phase_guarded,False
fec5c7e4b8d03bd75f20,test,completed,phase_guarded,False
feef453df50f97a51897,test,completed,phase_guarded,False
2032a6c746698b4b468e,test,completed,phase_guarded,False
bddb39bc76da40c2cf87,test,completed,phase_guarded,False
455e2ab8a8bc54172c45,test,completed,phase_guarded,False
1fae7308faab0dbdcad4,test,completed,phase_guarded,False
5b9785bdcd71c032c33a,test,completed,phase_guarded,False
b4dece67784847d3ea35,test,completed,phase_guarded,False
68805788b02bec707bfc,test,completed,phase_guarded,False
e637be32b794d445868a,test,completed,phase_guarded,False
6fc52f00013553e78493,test,completed,phase_guarded,False
ddc8490279786d6d2b57,test,completed,phase_guarded,False
eb7752594dac3931dcd4,test,completed,phase_guarded,False
74205f39581c79fd4131,test,completed,phase_guarded,False
67ce71772bbefef05382,test,completed,phase_guarded,False
8552a20a99b365709b3b,test,completed,phase_guarded,False
c51e8610494eb5b4571b,test,completed,phase_guarded,False
d466cbb55485d03d267a,test,completed,phase_guarded,False
5bc503adf526d90ee225,test,completed,phase_guarded,False
5681c74abcfb12fbff1e,test,completed,phase_guarded,True
1f9d7e9fa9948a870e3c,test,completed,phase_guarded,True
566de29f17b444f9d704,test,completed,phase_guarded,True
71fc3e6de1ca86140467,test,completed,phase_guarded,False
de67f9c12ff7ec828783,test,completed,phase_guarded,False
b9ab82f96bfd3819173d,test,completed,phase_guarded,True
9f7bd7f0d493611437a4,test,completed,phase_guarded,False
84bc5c4dcce0f17b5e3c,test,completed,phase_guarded,False
cdd3276ec2cd2a249a1d,test,completed,phase_guarded,True
1e2f62523499ed927d17,test,completed,phase_guarded,False
ff99b48a0985236f66d0,test,completed,phase_guarded,False
1baa5276e694134773d7,test,completed,phase_guarded,True
a36a20bc925c09068cc0,test,completed,phase_guarded,False
9de61bbf05b5748e5c19,test,completed,phase_guarded,False
94b638552e294aaab06b,test,completed,phase_guarded,False
f3863b34f28fd21d5564,test,completed,phase_guarded,False
6faf94a5f7c1e562ed54,test,completed,phase_guarded,False
7a4930f9612953444bf0,test,completed,phase_guarded,False
e55c214c6d6fd1dfe550,test,completed,phase_guarded,False
107cb9a6202faba4b5d2,test,completed,phase_guarded,False
ce41827e64af29c9d639,test,completed,phase_guarded,False
a6dfa4938807feb52cf1,test,completed,phase_guarded,False
1d1bb726944540c80d59,test,completed,phase_guarded,False
319311bec39c3ba0f0c3,test,completed,phase_guarded,False
05fe4d20cb4c3735022c,test,completed,phase_guarded,False
1f2e187818d5383eec5b,test,completed,phase_guarded,False
5231263bc46fa2fb32a4,test,completed,phase_guarded,False
92d5bc3dc4acacfd21ea,test,completed,phase_guarded,False
0f41500385df440ddaff,test,completed,phase_guarded,False
b40ffe65c6be5f20ce63,test,completed,phase_guarded,False
d9c8e6365c07341aacd1,test,completed,phase_guarded,False
b25c707ca691d6becb3f,test,completed,phase_guarded,False
e441cea6e33ad005e714,test,completed,phase_guarded,False
d2b619d0c27a2215d97d,test,completed,selected,False
2f19a3b3f53f74c8f06d,test,completed,selected,False
57fe37f23a7a563e92b5,test,completed,selected,False
d88729a1562ff7919ee6,test,completed,selected,False
962437a2fbc3b6042db7,test,completed,selected,False
f87bd15cfe0b9c9d8415,test,completed,selected,False
7f2459acd6f57454c4de,test,completed,selected,False
957c27960f457cd8dabf,test,completed,selected,False
c26e0c529372ea2ee611,test,completed,selected,False
49bba6db5bee77022ef6,test,completed,selected,False
9fd0ed5ba993979a6cfd,test,completed,selected,False
bf41f45050aa7ffc0a41,test,completed,selected,False
ab2a98cd53feb4a9b68e,test,completed,selected,False
1ac24eafd0da43e258bc,test,completed,selected,False
b975a3224ef6639f0a72,test,completed,selected,False
05a15453e1d30c4d06e3,test,completed,selected,False
d279bdf911278448128d,test,completed,selected,False
d57fb09251db630e1c42,test,completed,selected,False
e75722edfe57cace8431,test,completed,selected,False
2d9bec1b3d81c5674e0f,test,completed,selected,False
5e954f010a07d7b406c0,test,completed,selected,False
40b3ead632c8b379236a,test,completed,selected,False
4d02baea5f92507f22f0,test,completed,selected,False
0840e6892b63ab3fb73d,test,completed,selected,False
2c40e43ca8186da9e870,test,completed,selected,False
18de11410d8e0e935400,test,completed,selected,False
ef55cca9a61c5f46bf0d,test,completed,selected,False
d952f73daa3cfa643d4f,test,completed,selected,False
8a557519f593fe021263,test,completed,selected,False
740db52c219cdb88368f,test,completed,selected,False
2f2bc1534b1e3fdd9d52,test,completed,selected,False
54e352c9fcb29c063a3c,test,completed,selected,False
bd0e4ec69375e5934138,test,completed,selected,False
58c585360a59e28b17a2,test,completed,selected,False
532038a18961d4c7362a,test,completed,selected,False
a0e35412fee239717c15,test,completed,selected,False
2cd489492c0fd76d31d5,test,completed,selected,False
aacb8f147338006805aa,test,completed,selected,False
ec299949f47acf4481eb,test,completed,selected,False
e4a8d590a7f0cdfa810c,test,completed,selected,False
833989e1b27359f5fcd1,test,completed,selected,False
2bee269ffc1783adc8f9,test,completed,selected,False
4785068d163fb47d5d68,test,completed,selected,False
650a13d664b0452243c7,test,completed,selected,False
ac3d00b3184df4597929,test,completed,selected,False
42920a47f36ad70bcb75,test,completed,selected,True
5e3b5c759e17de0ad882,test,completed,selected,True
e1a33ee9593555a25d87,test,completed,selected,False
580873c249e099e5a59d,test,completed,selected,True
1d410fde2606e936250d,test,completed,selected,False
c5fc910a4b3dc7a8e887,test,completed,selected,False
1baaf4761c3110190e59,test,completed,selected,False
d76b13048dbb9a77aa6b,test,completed,selected,False
7722400135e192d2237e,test,completed,selected,False
90be7b4b27b44060dd5a,test,completed,selected,False
e36c6ea665925d836c4d,test,completed,selected,False
2e80bf402dc99d688266,test,completed,selected,False
6c1fd2970a42686b16eb,test,completed,selected,False
3f935a8c1167fd8b76ad,test,completed,selected,False
a2c652763ef774058ba3,test,completed,selected,False
b9439a1f559670b1388c,test,completed,selected,False
a9a54e71945c604de534,test,completed,selected,False
c4632c3473f819c1f87d,test,completed,selected,False
c5b66d69b61732890b5c,test,completed,selected,False
8329b66a4539428ea9b3,test,completed,selected,False
218e61e220edeca369b5,test,completed,selected,False
1474db5f8ce14385a655,test,completed,selected,False
33eda84ec14b5650f80e,test,completed,selected,False
604bb15b5002672e3f7d,test,completed,selected,False
68ff755423902f997896,test,completed,selected,False
4f5a52943b1f7d6602bf,test,completed,selected,False
d2ba0a012398f74e2ef8,test,completed,selected,True
8118f93504fee43ffb59,test,completed,selected,False
7c2c2e80ce34715881e0,test,completed,selected,False
08a8c253614d8e1856bc,test,completed,selected,False
b6400998ff2f9a32c1ef,test,completed,selected,False
5fd1ca55139b41c1e244,test,completed,selected,False
afa2c9a9ad3f4ee15acb,test,completed,selected,False
a519e6a3e58123065aa1,test,completed,selected,False
afc0f73a332d719d5768,test,completed,selected,False
7c970a876df0df3afab0,test,completed,selected,False
fca308e1b18180a4be5e,test,completed,selected,False
6d4645dd96df7115b9f0,test,completed,selected,False
d42f7b4333ccfa17c357,test,completed,selected,False
354ec906babadc913892,test,completed,selected,False
2baebc025e8f2813cb3c,test,completed,selected,False
2d5eab22f00871a10ce5,test,completed,selected,False
aaabe774eb25a3cf9023,test,completed,selected,False
968d1f274739646fe63d,test,completed,selected,False
7b39c9c986e0dae854af,test,completed,selected,False
c7d576fa29fcf2a16239,test,completed,selected,False
6009535644195faa752e,test,completed,selected,False
c93f52a49371ab7a15d6,test,completed,selected,False
f28b782168f83aaac890,test,completed,selected,False
c3d20b3083d52492281a,test,completed,selected,False
723f122c590418312dc5,test,completed,selected,False
0cafbb9b551f03b7704e,test,completed,selected,False
5d11ab5955e64a56e4c0,test,completed,selected,False
8f6c49f29adefdd09de7,test,completed,selected,False
c5ad844a71bcab4b579b,test,completed,selected,False
ea962e2a6ec5427b3180,test,completed,selected,False
6f54f17396c3b58da22a,test,completed,selected,False
8a2687b9578a93f52b6a,test,completed,selected,False
2c30c0c0f98d9b0bfd36,test,completed,selected,False
e9287cf9f639d0cb745c,test,completed,selected,False
4c42e43dc99dab69afca,test,completed,selected,False
ad7e6f6a84d54fe4416e,test,completed,selected,False
ee67c692bd49fcbd2f9e,test,completed,selected,False
3b3c6867e8b5a8aa8b3f,test,completed,selected,False
1b750f8c6190dfd1d423,test,completed,selected,False
51e4ac2b53d02ee262c9,test,completed,selected,False
f1e6f363916627d7a3c3,test,completed,selected,False
cae6353f8ec36c6e31d8,test,completed,selected,False
34208ebb2733b1b0284c,test,completed,selected,False
b2c92099d6dd8787ed9d,test,completed,selected,False
5b62cb6062cfc089a043,test,completed,selected,False
b132fd519f7548da10fb,test,completed,selected,False
830f9c6f1adcdb7fd3bb,test,completed,selected,False
a9eced970ea76a980401,test,completed,selected,False
35f8c935184e3a44fd5a,test,completed,selected,False
2c85b09b93f1ce1cb955,test,completed,selected,False
71e792b4ecd29675ab98,test,completed,selected,False
340989de55d989058a09,test,completed,selected,False
9ec397dcd02c321971fb,test,completed,selected,False
501a01e44826e057d8af,test,completed,selected,False
6382d03d85cb6f9225c4,test,completed,selected,False
b2ccf2c9e3caa262b15a,test,completed,selected,False
705a622305ff67e6155a,test,completed,selected,False
63722e4aea1193f8f1fa,test,completed,selected,False
12bc66546fcc2c53ca8b,test,completed,selected,False
4ff22cd563e8a3f3f164,test,completed,selected,False
28352dba4220964b25a2,test,completed,selected,False
610d59865d54893d48f9,test,completed,selected,False
b4a42d71ec83ee25b4b7,test,completed,selected,False
fec5c7e4b8d03bd75f20,test,completed,selected,False
feef453df50f97a51897,test,completed,selected,False
2032a6c746698b4b468e,test,completed,selected,False
bddb39bc76da40c2cf87,test,completed,selected,False
455e2ab8a8bc54172c45,test,completed,selected,False
1fae7308faab0dbdcad4,test,completed,selected,False
5b9785bdcd71c032c33a,test,completed,selected,False
b4dece67784847d3ea35,test,completed,selected,False
68805788b02bec707bfc,test,completed,selected,False
e637be32b794d445868a,test,completed,selected,False
6fc52f00013553e78493,test,completed,selected,False
ddc8490279786d6d2b57,test,completed,selected,False
eb7752594dac3931dcd4,test,completed,selected,False
74205f39581c79fd4131,test,completed,selected,False
67ce71772bbefef05382,test,completed,selected,False
8552a20a99b365709b3b,test,completed,selected,False
c51e8610494eb5b4571b,test,completed,selected,False
d466cbb55485d03d267a,test,completed,selected,False
5bc503adf526d90ee225,test,completed,selected,False
5681c74abcfb12fbff1e,test,completed,selected,True
1f9d7e9fa9948a870e3c,test,completed,selected,True
566de29f17b444f9d704,test,completed,selected,True
71fc3e6de1ca86140467,test,completed,selected,False
de67f9c12ff7ec828783,test,completed,selected,False
b9ab82f96bfd3819173d,test,completed,selected,True
9f7bd7f0d493611437a4,test,completed,selected,False
84bc5c4dcce0f17b5e3c,test,completed,selected,False
cdd3276ec2cd2a249a1d,test,completed,selected,True
1e2f62523499ed927d17,test,completed,selected,False
ff99b48a0985236f66d0,test,completed,selected,False
1baa5276e694134773d7,test,completed,selected,True
a36a20bc925c09068cc0,test,completed,selected,False
9de61bbf05b5748e5c19,test,completed,selected,False
94b638552e294aaab06b,test,completed,selected,False
f3863b34f28fd21d5564,test,completed,selected,False
6faf94a5f7c1e562ed54,test,completed,selected,False
7a4930f9612953444bf0,test,completed,selected,False
e55c214c6d6fd1dfe550,test,completed,selected,False
107cb9a6202faba4b5d2,test,completed,selected,False
ce41827e64af29c9d639,test,completed,selected,False
a6dfa4938807feb52cf1,test,completed,selected,False
1d1bb726944540c80d59,test,completed,selected,False
319311bec39c3ba0f0c3,test,completed,selected,False
05fe4d20cb4c3735022c,test,completed,selected,False
1f2e187818d5383eec5b,test,completed,selected,False
5231263bc46fa2fb32a4,test,completed,selected,False
92d5bc3dc4acacfd21ea,test,completed,selected,False
0f41500385df440ddaff,test,completed,selected,False
b40ffe65c6be5f20ce63,test,completed,selected,False
d9c8e6365c07341aacd1,test,completed,selected,False
b25c707ca691d6becb3f,test,completed,selected,False
e441cea6e33ad005e714,test,completed,selected,False
5c1b8b824ae9ba600302,validation,completed,raw_unprotected,False
4ae0acea358c42a9056d,validation,completed,raw_unprotected,False
30aeaa2ab47dd38f022d,validation,completed,raw_unprotected,False
cd2775c4c9da5fe4ac7a,validation,completed,raw_unprotected,False
b57b1ad6880144b4bd2e,validation,completed,raw_unprotected,False
7b20ea76dee4d042e5fb,validation,completed,raw_unprotected,False
3ae8dc6e0ee7b31b4f01,validation,completed,raw_unprotected,False
5b2ae0ee956e1a5fda37,validation,completed,raw_unprotected,False
6e8849d9d215e5f82cf7,validation,completed,raw_unprotected,False
f64a8e37d8d957dc6a73,validation,completed,raw_unprotected,False
5cfb845d8a17bf219f8a,validation,completed,raw_unprotected,False
b4b2965cd7982ab737f6,validation,completed,raw_unprotected,False
93faa265c2341a90946a,validation,completed,raw_unprotected,False
2c9cbcfd353c44724211,validation,completed,raw_unprotected,False
1372b7d79b8afe36e26f,validation,completed,raw_unprotected,False
1fef6b02978ca981980c,validation,completed,raw_unprotected,False
a240cca82d2b6dda5c71,validation,completed,raw_unprotected,False
99e8dc828afc96b9142b,validation,completed,raw_unprotected,False
4421d6595c8141559c7a,validation,completed,raw_unprotected,False
c34839395305cc964813,validation,completed,raw_unprotected,False
e64b0d1e00a22f07ac51,validation,completed,raw_unprotected,False
154e113213a736a9704e,validation,completed,raw_unprotected,False
1a66a543e25029a9ef8e,validation,completed,raw_unprotected,False
91c9d0f14458a0dc6978,validation,completed,raw_unprotected,False
8e1355573c0bd704e983,validation,completed,raw_unprotected,False
0f93315623764f80da6b,validation,completed,raw_unprotected,False
619093e00139e5c419d2,validation,completed,raw_unprotected,False
c87eb7ee7bf59cf80c4c,validation,completed,raw_unprotected,False
0319d65c34229c36f0bf,validation,completed,raw_unprotected,False
b16dcb6a07b685c62b3b,validation,completed,raw_unprotected,False
4123b8dc6fbf691d4933,validation,completed,raw_unprotected,False
cc4734ffcbc48a705922,validation,completed,raw_unprotected,False
758bca66fb261a8c91e5,validation,completed,raw_unprotected,False
dc4d0a096f2707f91d88,validation,completed,raw_unprotected,False
7021b8ddc96215707d01,validation,completed,raw_unprotected,False
c6621d2f3102fc9484e6,validation,completed,raw_unprotected,False
5a583d7fa4fb934158ef,validation,completed,raw_unprotected,False
9b75b13ae7f1579ca095,validation,completed,raw_unprotected,False
e0548241b953d3483ae6,validation,completed,raw_unprotected,False
72c28d4770343afe06fe,validation,completed,raw_unprotected,False
3b5506515ffdc1ff09c7,validation,completed,raw_unprotected,False
c9c8a569d066bd8d878a,validation,completed,raw_unprotected,False
befb405f4b9f85c51c21,validation,completed,raw_unprotected,False
2a7b9750e8e4b19ab803,validation,completed,raw_unprotected,False
a90a2016b472b1dabddd,validation,completed,raw_unprotected,False
e5e1969aad7cff8cf52c,validation,completed,raw_unprotected,False
39d881fe7569244ac75f,validation,completed,raw_unprotected,False
3c94c766449ddded5501,validation,completed,raw_unprotected,False
84130991ae05cf6ad740,validation,completed,raw_unprotected,False
0e01d3c51b4c700effcf,validation,completed,raw_unprotected,False
86958fb820f4702cf181,validation,completed,raw_unprotected,False
6b4c60dc5a51602c2e80,validation,completed,raw_unprotected,False
43369da54366df0b2730,validation,completed,raw_unprotected,False
53f500e24cd939767ca3,validation,completed,raw_unprotected,False
54e7e362a3557c5054f4,validation,completed,raw_unprotected,False
430c4da370be773a13d0,validation,completed,raw_unprotected,False
3347283468bfe7b6b5aa,validation,completed,raw_unprotected,False
c379056fbbaef9593145,validation,completed,raw_unprotected,False
4e35128e75788694b640,validation,completed,raw_unprotected,False
5f59c0cb9126980c09da,validation,completed,raw_unprotected,False
f081bea0c5746b773e4d,validation,completed,raw_unprotected,False
886ebf732c333742d70d,validation,completed,raw_unprotected,False
b5fbe4424988819d7536,validation,completed,raw_unprotected,False
95729c925a873f8917ea,validation,completed,raw_unprotected,False
1801d05be037af25ea58,validation,completed,raw_unprotected,False
a8356a1823424c5c241c,validation,completed,raw_unprotected,False
fdd08e41e9bb0d3c5a99,validation,completed,raw_unprotected,False
5c1b8b824ae9ba600302,validation,completed,raw_guarded,True
4ae0acea358c42a9056d,validation,completed,raw_guarded,True
30aeaa2ab47dd38f022d,validation,completed,raw_guarded,True
cd2775c4c9da5fe4ac7a,validation,completed,raw_guarded,True
b57b1ad6880144b4bd2e,validation,completed,raw_guarded,True
7b20ea76dee4d042e5fb,validation,completed,raw_guarded,True
3ae8dc6e0ee7b31b4f01,validation,completed,raw_guarded,True
5b2ae0ee956e1a5fda37,validation,completed,raw_guarded,True
6e8849d9d215e5f82cf7,validation,completed,raw_guarded,True
f64a8e37d8d957dc6a73,validation,completed,raw_guarded,True
5cfb845d8a17bf219f8a,validation,completed,raw_guarded,True
b4b2965cd7982ab737f6,validation,completed,raw_guarded,True
93faa265c2341a90946a,validation,completed,raw_guarded,True
2c9cbcfd353c44724211,validation,completed,raw_guarded,False
1372b7d79b8afe36e26f,validation,completed,raw_guarded,False
1fef6b02978ca981980c,validation,completed,raw_guarded,True
a240cca82d2b6dda5c71,validation,completed,raw_guarded,True
99e8dc828afc96b9142b,validation,completed,raw_guarded,False
4421d6595c8141559c7a,validation,completed,raw_guarded,True
c34839395305cc964813,validation,completed,raw_guarded,True
e64b0d1e00a22f07ac51,validation,completed,raw_guarded,True
154e113213a736a9704e,validation,completed,raw_guarded,True
1a66a543e25029a9ef8e,validation,completed,raw_guarded,True
91c9d0f14458a0dc6978,validation,completed,raw_guarded,True
8e1355573c0bd704e983,validation,completed,raw_guarded,True
0f93315623764f80da6b,validation,completed,raw_guarded,True
619093e00139e5c419d2,validation,completed,raw_guarded,True
c87eb7ee7bf59cf80c4c,validation,completed,raw_guarded,True
0319d65c34229c36f0bf,validation,completed,raw_guarded,True
b16dcb6a07b685c62b3b,validation,completed,raw_guarded,True
4123b8dc6fbf691d4933,validation,completed,raw_guarded,True
cc4734ffcbc48a705922,validation,completed,raw_guarded,True
758bca66fb261a8c91e5,validation,completed,raw_guarded,True
dc4d0a096f2707f91d88,validation,completed,raw_guarded,False
7021b8ddc96215707d01,validation,completed,raw_guarded,True
c6621d2f3102fc9484e6,validation,completed,raw_guarded,False
5a583d7fa4fb934158ef,validation,completed,raw_guarded,True
9b75b13ae7f1579ca095,validation,completed,raw_guarded,True
e0548241b953d3483ae6,validation,completed,raw_guarded,True
72c28d4770343afe06fe,validation,completed,raw_guarded,True
3b5506515ffdc1ff09c7,validation,completed,raw_guarded,True
c9c8a569d066bd8d878a,validation,completed,raw_guarded,True
befb405f4b9f85c51c21,validation,completed,raw_guarded,False
2a7b9750e8e4b19ab803,validation,completed,raw_guarded,True
a90a2016b472b1dabddd,validation,completed,raw_guarded,True
e5e1969aad7cff8cf52c,validation,completed,raw_guarded,True
39d881fe7569244ac75f,validation,completed,raw_guarded,True
3c94c766449ddded5501,validation,completed,raw_guarded,True
84130991ae05cf6ad740,validation,completed,raw_guarded,True
0e01d3c51b4c700effcf,validation,completed,raw_guarded,True
86958fb820f4702cf181,validation,completed,raw_guarded,True
6b4c60dc5a51602c2e80,validation,completed,raw_guarded,False
43369da54366df0b2730,validation,completed,raw_guarded,False
53f500e24cd939767ca3,validation,completed,raw_guarded,True
54e7e362a3557c5054f4,validation,completed,raw_guarded,True
430c4da370be773a13d0,validation,completed,raw_guarded,True
3347283468bfe7b6b5aa,validation,completed,raw_guarded,True
c379056fbbaef9593145,validation,completed,raw_guarded,True
4e35128e75788694b640,validation,completed,raw_guarded,True
5f59c0cb9126980c09da,validation,completed,raw_guarded,True
f081bea0c5746b773e4d,validation,completed,raw_guarded,True
886ebf732c333742d70d,validation,completed,raw_guarded,True
b5fbe4424988819d7536,validation,completed,raw_guarded,True
95729c925a873f8917ea,validation,completed,raw_guarded,True
1801d05be037af25ea58,validation,completed,raw_guarded,True
a8356a1823424c5c241c,validation,completed,raw_guarded,True
fdd08e41e9bb0d3c5a99,validation,completed,raw_guarded,True
5c1b8b824ae9ba600302,validation,completed,gap_guarded,True
4ae0acea358c42a9056d,validation,completed,gap_guarded,True
30aeaa2ab47dd38f022d,validation,completed,gap_guarded,True
cd2775c4c9da5fe4ac7a,validation,completed,gap_guarded,True
b57b1ad6880144b4bd2e,validation,completed,gap_guarded,True
7b20ea76dee4d042e5fb,validation,completed,gap_guarded,True
3ae8dc6e0ee7b31b4f01,validation,completed,gap_guarded,True
5b2ae0ee956e1a5fda37,validation,completed,gap_guarded,True
6e8849d9d215e5f82cf7,validation,completed,gap_guarded,True
f64a8e37d8d957dc6a73,validation,completed,gap_guarded,True
5cfb845d8a17bf219f8a,validation,completed,gap_guarded,True
b4b2965cd7982ab737f6,validation,completed,gap_guarded,True
93faa265c2341a90946a,validation,completed,gap_guarded,True
2c9cbcfd353c44724211,validation,completed,gap_guarded,False
1372b7d79b8afe36e26f,validation,completed,gap_guarded,False
1fef6b02978ca981980c,validation,completed,gap_guarded,True
a240cca82d2b6dda5c71,validation,completed,gap_guarded,True
99e8dc828afc96b9142b,validation,completed,gap_guarded,False
4421d6595c8141559c7a,validation,completed,gap_guarded,True
c34839395305cc964813,validation,completed,gap_guarded,True
e64b0d1e00a22f07ac51,validation,completed,gap_guarded,True
154e113213a736a9704e,validation,completed,gap_guarded,True
1a66a543e25029a9ef8e,validation,completed,gap_guarded,True
91c9d0f14458a0dc6978,validation,completed,gap_guarded,True
8e1355573c0bd704e983,validation,completed,gap_guarded,True
0f93315623764f80da6b,validation,completed,gap_guarded,True
619093e00139e5c419d2,validation,completed,gap_guarded,True
c87eb7ee7bf59cf80c4c,validation,completed,gap_guarded,True
0319d65c34229c36f0bf,validation,completed,gap_guarded,True
b16dcb6a07b685c62b3b,validation,completed,gap_guarded,True
4123b8dc6fbf691d4933,validation,completed,gap_guarded,True
cc4734ffcbc48a705922,validation,completed,gap_guarded,True
758bca66fb261a8c91e5,validation,completed,gap_guarded,True
dc4d0a096f2707f91d88,validation,completed,gap_guarded,False
7021b8ddc96215707d01,validation,completed,gap_guarded,True
c6621d2f3102fc9484e6,validation,completed,gap_guarded,False
5a583d7fa4fb934158ef,validation,completed,gap_guarded,True
9b75b13ae7f1579ca095,validation,completed,gap_guarded,True
e0548241b953d3483ae6,validation,completed,gap_guarded,True
72c28d4770343afe06fe,validation,completed,gap_guarded,True
3b5506515ffdc1ff09c7,validation,completed,gap_guarded,True
c9c8a569d066bd8d878a,validation,completed,gap_guarded,True
befb405f4b9f85c51c21,validation,completed,gap_guarded,False
2a7b9750e8e4b19ab803,validation,completed,gap_guarded,True
a90a2016b472b1dabddd,validation,completed,gap_guarded,True
e5e1969aad7cff8cf52c,validation,completed,gap_guarded,True
39d881fe7569244ac75f,validation,completed,gap_guarded,True
3c94c766449ddded5501,validation,completed,gap_guarded,True
84130991ae05cf6ad740,validation,completed,gap_guarded,True
0e01d3c51b4c700effcf,validation,completed,gap_guarded,True
86958fb820f4702cf181,validation,completed,gap_guarded,True
6b4c60dc5a51602c2e80,validation,completed,gap_guarded,False
43369da54366df0b2730,validation,completed,gap_guarded,False
53f500e24cd939767ca3,validation,completed,gap_guarded,True
54e7e362a3557c5054f4,validation,completed,gap_guarded,True
430c4da370be773a13d0,validation,completed,gap_guarded,True
3347283468bfe7b6b5aa,validation,completed,gap_guarded,True
c379056fbbaef9593145,validation,completed,gap_guarded,True
4e35128e75788694b640,validation,completed,gap_guarded,True
5f59c0cb9126980c09da,validation,completed,gap_guarded,True
f081bea0c5746b773e4d,validation,completed,gap_guarded,True
886ebf732c333742d70d,validation,completed,gap_guarded,True
b5fbe4424988819d7536,validation,completed,gap_guarded,True
95729c925a873f8917ea,validation,completed,gap_guarded,True
1801d05be037af25ea58,validation,completed,gap_guarded,True
a8356a1823424c5c241c,validation,completed,gap_guarded,True
fdd08e41e9bb0d3c5a99,validation,completed,gap_guarded,True
5c1b8b824ae9ba600302,validation,completed,phase_guarded,True
4ae0acea358c42a9056d,validation,completed,phase_guarded,True
30aeaa2ab47dd38f022d,validation,completed,phase_guarded,True
cd2775c4c9da5fe4ac7a,validation,completed,phase_guarded,True
b57b1ad6880144b4bd2e,validation,completed,phase_guarded,True
7b20ea76dee4d042e5fb,validation,completed,phase_guarded,True
3ae8dc6e0ee7b31b4f01,validation,completed,phase_guarded,True
5b2ae0ee956e1a5fda37,validation,completed,phase_guarded,True
6e8849d9d215e5f82cf7,validation,completed,phase_guarded,True
f64a8e37d8d957dc6a73,validation,completed,phase_guarded,True
5cfb845d8a17bf219f8a,validation,completed,phase_guarded,True
b4b2965cd7982ab737f6,validation,completed,phase_guarded,True
93faa265c2341a90946a,validation,completed,phase_guarded,True
2c9cbcfd353c44724211,validation,completed,phase_guarded,False
1372b7d79b8afe36e26f,validation,completed,phase_guarded,False
1fef6b02978ca981980c,validation,completed,phase_guarded,True
a240cca82d2b6dda5c71,validation,completed,phase_guarded,True
99e8dc828afc96b9142b,validation,completed,phase_guarded,False
4421d6595c8141559c7a,validation,completed,phase_guarded,True
c34839395305cc964813,validation,completed,phase_guarded,True
e64b0d1e00a22f07ac51,validation,completed,phase_guarded,True
154e113213a736a9704e,validation,completed,phase_guarded,True
1a66a543e25029a9ef8e,validation,completed,phase_guarded,True
91c9d0f14458a0dc6978,validation,completed,phase_guarded,True
8e1355573c0bd704e983,validation,completed,phase_guarded,True
0f93315623764f80da6b,validation,completed,phase_guarded,True
619093e00139e5c419d2,validation,completed,phase_guarded,True
c87eb7ee7bf59cf80c4c,validation,completed,phase_guarded,True
0319d65c34229c36f0bf,validation,completed,phase_guarded,True
b16dcb6a07b685c62b3b,validation,completed,phase_guarded,True
4123b8dc6fbf691d4933,validation,completed,phase_guarded,True
cc4734ffcbc48a705922,validation,completed,phase_guarded,True
758bca66fb261a8c91e5,validation,completed,phase_guarded,True
dc4d0a096f2707f91d88,validation,completed,phase_guarded,False
7021b8ddc96215707d01,validation,completed,phase_guarded,True
c6621d2f3102fc9484e6,validation,completed,phase_guarded,False
5a583d7fa4fb934158ef,validation,completed,phase_guarded,True
9b75b13ae7f1579ca095,validation,completed,phase_guarded,True
e0548241b953d3483ae6,validation,completed,phase_guarded,True
72c28d4770343afe06fe,validation,completed,phase_guarded,True
3b5506515ffdc1ff09c7,validation,completed,phase_guarded,True
c9c8a569d066bd8d878a,validation,completed,phase_guarded,True
befb405f4b9f85c51c21,validation,completed,phase_guarded,False
2a7b9750e8e4b19ab803,validation,completed,phase_guarded,True
a90a2016b472b1dabddd,validation,completed,phase_guarded,True
e5e1969aad7cff8cf52c,validation,completed,phase_guarded,True
39d881fe7569244ac75f,validation,completed,phase_guarded,True
3c94c766449ddded5501,validation,completed,phase_guarded,True
84130991ae05cf6ad740,validation,completed,phase_guarded,True
0e01d3c51b4c700effcf,validation,completed,phase_guarded,True
86958fb820f4702cf181,validation,completed,phase_guarded,True
6b4c60dc5a51602c2e80,validation,completed,phase_guarded,False
43369da54366df0b2730,validation,completed,phase_guarded,False
53f500e24cd939767ca3,validation,completed,phase_guarded,True
54e7e362a3557c5054f4,validation,completed,phase_guarded,True
430c4da370be773a13d0,validation,completed,phase_guarded,True
3347283468bfe7b6b5aa,validation,completed,phase_guarded,True
c379056fbbaef9593145,validation,completed,phase_guarded,True
4e35128e75788694b640,validation,completed,phase_guarded,True
5f59c0cb9126980c09da,validation,completed,phase_guarded,True
f081bea0c5746b773e4d,validation,completed,phase_guarded,True
886ebf732c333742d70d,validation,completed,phase_guarded,True
b5fbe4424988819d7536,validation,completed,phase_guarded,True
95729c925a873f8917ea,validation,completed,phase_guarded,True
1801d05be037af25ea58,validation,completed,phase_guarded,True
a8356a1823424c5c241c,validation,completed,phase_guarded,True
fdd08e41e9bb0d3c5a99,validation,completed,phase_guarded,True
5c1b8b824ae9ba600302,validation,completed,selected,True
4ae0acea358c42a9056d,validation,completed,selected,True
30aeaa2ab47dd38f022d,validation,completed,selected,True
cd2775c4c9da5fe4ac7a,validation,completed,selected,True
b57b1ad6880144b4bd2e,validation,completed,selected,True
7b20ea76dee4d042e5fb,validation,completed,selected,True
3ae8dc6e0ee7b31b4f01,validation,completed,selected,True
5b2ae0ee956e1a5fda37,validation,completed,selected,True
6e8849d9d215e5f82cf7,validation,completed,selected,True
f64a8e37d8d957dc6a73,validation,completed,selected,True
5cfb845d8a17bf219f8a,validation,completed,selected,True
b4b2965cd7982ab737f6,validation,completed,selected,True
93faa265c2341a90946a,validation,completed,selected,True
2c9cbcfd353c44724211,validation,completed,selected,False
1372b7d79b8afe36e26f,validation,completed,selected,False
1fef6b02978ca981980c,validation,completed,selected,True
a240cca82d2b6dda5c71,validation,completed,selected,True
99e8dc828afc96b9142b,validation,completed,selected,False
4421d6595c8141559c7a,validation,completed,selected,True
c34839395305cc964813,validation,completed,selected,True
e64b0d1e00a22f07ac51,validation,completed,selected,True
154e113213a736a9704e,validation,completed,selected,True
1a66a543e25029a9ef8e,validation,completed,selected,True
91c9d0f14458a0dc6978,validation,completed,selected,True
8e1355573c0bd704e983,validation,completed,selected,True
0f93315623764f80da6b,validation,completed,selected,True
619093e00139e5c419d2,validation,completed,selected,True
c87eb7ee7bf59cf80c4c,validation,completed,selected,True
0319d65c34229c36f0bf,validation,completed,selected,True
b16dcb6a07b685c62b3b,validation,completed,selected,True
4123b8dc6fbf691d4933,validation,completed,selected,True
cc4734ffcbc48a705922,validation,completed,selected,True
758bca66fb261a8c91e5,validation,completed,selected,True
dc4d0a096f2707f91d88,validation,completed,selected,False
7021b8ddc96215707d01,validation,completed,selected,True
c6621d2f3102fc9484e6,validation,completed,selected,False
5a583d7fa4fb934158ef,validation,completed,selected,True
9b75b13ae7f1579ca095,validation,completed,selected,True
e0548241b953d3483ae6,validation,completed,selected,True
72c28d4770343afe06fe,validation,completed,selected,True
3b5506515ffdc1ff09c7,validation,completed,selected,True
c9c8a569d066bd8d878a,validation,completed,selected,True
befb405f4b9f85c51c21,validation,completed,selected,False
2a7b9750e8e4b19ab803,validation,completed,selected,True
a90a2016b472b1dabddd,validation,completed,selected,True
e5e1969aad7cff8cf52c,validation,completed,selected,True
39d881fe7569244ac75f,validation,completed,selected,True
3c94c766449ddded5501,validation,completed,selected,True
84130991ae05cf6ad740,validation,completed,selected,True
0e01d3c51b4c700effcf,validation,completed,selected,True
86958fb820f4702cf181,validation,completed,selected,True
6b4c60dc5a51602c2e80,validation,completed,selected,False
43369da54366df0b2730,validation,completed,selected,False
53f500e24cd939767ca3,validation,completed,selected,True
54e7e362a3557c5054f4,validation,completed,selected,True
430c4da370be773a13d0,validation,completed,selected,True
3347283468bfe7b6b5aa,validation,completed,selected,True
c379056fbbaef9593145,validation,completed,selected,True
4e35128e75788694b640,validation,completed,selected,True
5f59c0cb9126980c09da,validation,completed,selected,True
f081bea0c5746b773e4d,validation,completed,selected,True
886ebf732c333742d70d,validation,completed,selected,True
b5fbe4424988819d7536,validation,completed,selected,True
95729c925a873f8917ea,validation,completed,selected,True
1801d05be037af25ea58,validation,completed,selected,True
a8356a1823424c5c241c,validation,completed,selected,True
fdd08e41e9bb0d3c5a99,validation,completed,selected,True
4776e888a023544db6b1,test,completed,raw_unprotected,False
a46bebf8e9f512a996be,test,completed,raw_unprotected,False
40bed85ae6557f5ba21f,test,completed,raw_unprotected,False
7d84b8e9ad53989df68f,test,completed,raw_unprotected,False
1e0940a534cad3bba3b4,test,completed,raw_unprotected,False
eb2122dc052db2a66cfe,test,completed,raw_unprotected,False
809096580291310a732e,test,completed,raw_unprotected,False
63b30f73d6172de799a4,test,completed,raw_unprotected,False
bc614ddbcbec41849901,test,completed,raw_unprotected,False
006b0b385c96ff685425,test,completed,raw_unprotected,False
7882adf4c667faf00510,test,completed,raw_unprotected,False
b2418d76b2e497ab1265,test,completed,raw_unprotected,False
92b1f654577f3aa99299,test,completed,raw_unprotected,False
f61f9f8a880f150b5798,test,completed,raw_unprotected,False
5ec5594c255a8b231fdc,test,completed,raw_unprotected,False
58403f0dadfb1e9cb730,test,completed,raw_unprotected,False
aaa43e2924c2482876aa,test,completed,raw_unprotected,False
e9a40d2245015d4bd955,test,completed,raw_unprotected,False
0df71fbae975a7245e3c,test,completed,raw_unprotected,False
62a12c0d42f4848accee,test,completed,raw_unprotected,False
e0983b66510d97641c65,test,completed,raw_unprotected,False
632cd5631d4050089994,test,completed,raw_unprotected,False
78aaddc26c439d002045,test,completed,raw_unprotected,False
aac924067e4e78a61ef9,test,completed,raw_unprotected,False
c6b7b39162b16aa2dcca,test,completed,raw_unprotected,False
e4930977c9167712fad0,test,completed,raw_unprotected,False
99845544c876fcd9dead,test,completed,raw_unprotected,False
6d363ed96e0cd1115d3a,test,completed,raw_unprotected,False
f8910a63916df3c7b17a,test,completed,raw_unprotected,False
ba3ef0efb0b34bf9dde5,test,completed,raw_unprotected,False
a4e7fa9affbe3a00cbb6,test,completed,raw_unprotected,False
6f67e1c869c0b85c8399,test,completed,raw_unprotected,False
2e8d813244edb1e527a8,test,completed,raw_unprotected,False
fd188e5f4704b1e0841c,test,completed,raw_unprotected,False
e6a3bb9b32221304d052,test,completed,raw_unprotected,False
bb6409c12eab7fb9d361,test,completed,raw_unprotected,False
8d9d4087f403c8ba52a7,test,completed,raw_unprotected,False
4c63e11d9a1c54354fd2,test,completed,raw_unprotected,False
376a9d19ee18a166f98d,test,completed,raw_unprotected,False
7455e49bd8d88154cf5c,test,completed,raw_unprotected,False
fde3ef72dc00df83c6f0,test,completed,raw_unprotected,False
ab96c5ed8e6752b4b9c8,test,completed,raw_unprotected,False
9cc763c6e0cf24ae7283,test,completed,raw_unprotected,False
6125beb06b3dce20d11b,test,completed,raw_unprotected,False
f7432a6dfb361851db0b,test,completed,raw_unprotected,False
9185851b019744437e34,test,completed,raw_unprotected,False
aab66d1bfd81d3b46c08,test,completed,raw_unprotected,False
59310817ce51b1b0812b,test,completed,raw_unprotected,False
4785b70cae7a26a3d5dc,test,completed,raw_unprotected,False
c35654decfe2bee7c65b,test,completed,raw_unprotected,False
74b907b268ccb7821a99,test,completed,raw_unprotected,False
f67e09a546b2486d7d97,test,completed,raw_unprotected,False
94a1d213657002a7b66f,test,completed,raw_unprotected,False
fa546080280c7c695670,test,completed,raw_unprotected,False
d392252946e7fd3e1e2c,test,completed,raw_unprotected,False
a90137dd4dd5ab726b9e,test,completed,raw_unprotected,False
921e4c621638d9799d22,test,completed,raw_unprotected,False
94b7fea22f793547d5c9,test,completed,raw_unprotected,False
d214eb6be3669f6bd966,test,completed,raw_unprotected,False
f2417c37f10643b16263,test,completed,raw_unprotected,False
ab351a037579888cc0bf,test,completed,raw_unprotected,False
29de9414f464e665a9af,test,completed,raw_unprotected,False
6c7f0c9909ba2c2e2009,test,completed,raw_unprotected,False
edbffb937320b857e268,test,completed,raw_unprotected,False
fb69f94208b10546808a,test,completed,raw_unprotected,False
47a3e79635c9b86cd0a6,test,completed,raw_unprotected,False
b58aca40c4be64525f50,test,completed,raw_unprotected,False
fcf8f7301331d5969810,test,completed,raw_unprotected,False
78e42d6f2efdb2d2b12f,test,completed,raw_unprotected,False
052e8cbcfa393534872c,test,completed,raw_unprotected,False
12c2bb31a649383137b5,test,completed,raw_unprotected,False
74f92b58edc8282f1821,test,completed,raw_unprotected,False
1a519042fce6b0129604,test,completed,raw_unprotected,False
4776e888a023544db6b1,test,completed,raw_guarded,True
a46bebf8e9f512a996be,test,completed,raw_guarded,True
40bed85ae6557f5ba21f,test,completed,raw_guarded,True
7d84b8e9ad53989df68f,test,completed,raw_guarded,True
1e0940a534cad3bba3b4,test,completed,raw_guarded,True
eb2122dc052db2a66cfe,test,completed,raw_guarded,True
809096580291310a732e,test,completed,raw_guarded,True
63b30f73d6172de799a4,test,completed,raw_guarded,True
bc614ddbcbec41849901,test,completed,raw_guarded,True
006b0b385c96ff685425,test,completed,raw_guarded,True
7882adf4c667faf00510,test,completed,raw_guarded,True
b2418d76b2e497ab1265,test,completed,raw_guarded,True
92b1f654577f3aa99299,test,completed,raw_guarded,True
f61f9f8a880f150b5798,test,completed,raw_guarded,True
5ec5594c255a8b231fdc,test,completed,raw_guarded,True
58403f0dadfb1e9cb730,test,completed,raw_guarded,True
aaa43e2924c2482876aa,test,completed,raw_guarded,False
e9a40d2245015d4bd955,test,completed,raw_guarded,True
0df71fbae975a7245e3c,test,completed,raw_guarded,True
62a12c0d42f4848accee,test,completed,raw_guarded,True
e0983b66510d97641c65,test,completed,raw_guarded,True
632cd5631d4050089994,test,completed,raw_guarded,False
78aaddc26c439d002045,test,completed,raw_guarded,True
aac924067e4e78a61ef9,test,completed,raw_guarded,True
c6b7b39162b16aa2dcca,test,completed,raw_guarded,True
e4930977c9167712fad0,test,completed,raw_guarded,False
99845544c876fcd9dead,test,completed,raw_guarded,True
6d363ed96e0cd1115d3a,test,completed,raw_guarded,True
f8910a63916df3c7b17a,test,completed,raw_guarded,False
ba3ef0efb0b34bf9dde5,test,completed,raw_guarded,True
a4e7fa9affbe3a00cbb6,test,completed,raw_guarded,False
6f67e1c869c0b85c8399,test,completed,raw_guarded,False
2e8d813244edb1e527a8,test,completed,raw_guarded,True
fd188e5f4704b1e0841c,test,completed,raw_guarded,True
e6a3bb9b32221304d052,test,completed,raw_guarded,False
bb6409c12eab7fb9d361,test,completed,raw_guarded,True
8d9d4087f403c8ba52a7,test,completed,raw_guarded,True
4c63e11d9a1c54354fd2,test,completed,raw_guarded,True
376a9d19ee18a166f98d,test,completed,raw_guarded,True
7455e49bd8d88154cf5c,test,completed,raw_guarded,True
fde3ef72dc00df83c6f0,test,completed,raw_guarded,True
ab96c5ed8e6752b4b9c8,test,completed,raw_guarded,True
9cc763c6e0cf24ae7283,test,completed,raw_guarded,True
6125beb06b3dce20d11b,test,completed,raw_guarded,True
f7432a6dfb361851db0b,test,completed,raw_guarded,True
9185851b019744437e34,test,completed,raw_guarded,True
aab66d1bfd81d3b46c08,test,completed,raw_guarded,False
59310817ce51b1b0812b,test,completed,raw_guarded,True
4785b70cae7a26a3d5dc,test,completed,raw_guarded,True
c35654decfe2bee7c65b,test,completed,raw_guarded,True
74b907b268ccb7821a99,test,completed,raw_guarded,True
f67e09a546b2486d7d97,test,completed,raw_guarded,True
94a1d213657002a7b66f,test,completed,raw_guarded,True
fa546080280c7c695670,test,completed,raw_guarded,True
d392252946e7fd3e1e2c,test,completed,raw_guarded,False
a90137dd4dd5ab726b9e,test,completed,raw_guarded,True
921e4c621638d9799d22,test,completed,raw_guarded,True
94b7fea22f793547d5c9,test,completed,raw_guarded,False
d214eb6be3669f6bd966,test,completed,raw_guarded,True
f2417c37f10643b16263,test,completed,raw_guarded,True
ab351a037579888cc0bf,test,completed,raw_guarded,True
29de9414f464e665a9af,test,completed,raw_guarded,True
6c7f0c9909ba2c2e2009,test,completed,raw_guarded,True
edbffb937320b857e268,test,completed,raw_guarded,True
fb69f94208b10546808a,test,completed,raw_guarded,True
47a3e79635c9b86cd0a6,test,completed,raw_guarded,True
b58aca40c4be64525f50,test,completed,raw_guarded,False
fcf8f7301331d5969810,test,completed,raw_guarded,True
78e42d6f2efdb2d2b12f,test,completed,raw_guarded,True
052e8cbcfa393534872c,test,completed,raw_guarded,True
12c2bb31a649383137b5,test,completed,raw_guarded,True
74f92b58edc8282f1821,test,completed,raw_guarded,True
1a519042fce6b0129604,test,completed,raw_guarded,True
4776e888a023544db6b1,test,completed,gap_guarded,True
a46bebf8e9f512a996be,test,completed,gap_guarded,True
40bed85ae6557f5ba21f,test,completed,gap_guarded,True
7d84b8e9ad53989df68f,test,completed,gap_guarded,True
1e0940a534cad3bba3b4,test,completed,gap_guarded,True
eb2122dc052db2a66cfe,test,completed,gap_guarded,True
809096580291310a732e,test,completed,gap_guarded,True
63b30f73d6172de799a4,test,completed,gap_guarded,True
bc614ddbcbec41849901,test,completed,gap_guarded,True
006b0b385c96ff685425,test,completed,gap_guarded,True
7882adf4c667faf00510,test,completed,gap_guarded,True
b2418d76b2e497ab1265,test,completed,gap_guarded,True
92b1f654577f3aa99299,test,completed,gap_guarded,True
f61f9f8a880f150b5798,test,completed,gap_guarded,True
5ec5594c255a8b231fdc,test,completed,gap_guarded,True
58403f0dadfb1e9cb730,test,completed,gap_guarded,True
aaa43e2924c2482876aa,test,completed,gap_guarded,False
e9a40d2245015d4bd955,test,completed,gap_guarded,True
0df71fbae975a7245e3c,test,completed,gap_guarded,True
62a12c0d42f4848accee,test,completed,gap_guarded,True
e0983b66510d97641c65,test,completed,gap_guarded,True
632cd5631d4050089994,test,completed,gap_guarded,False
78aaddc26c439d002045,test,completed,gap_guarded,True
aac924067e4e78a61ef9,test,completed,gap_guarded,True
c6b7b39162b16aa2dcca,test,completed,gap_guarded,True
e4930977c9167712fad0,test,completed,gap_guarded,False
99845544c876fcd9dead,test,completed,gap_guarded,True
6d363ed96e0cd1115d3a,test,completed,gap_guarded,True
f8910a63916df3c7b17a,test,completed,gap_guarded,False
ba3ef0efb0b34bf9dde5,test,completed,gap_guarded,True
a4e7fa9affbe3a00cbb6,test,completed,gap_guarded,False
6f67e1c869c0b85c8399,test,completed,gap_guarded,False
2e8d813244edb1e527a8,test,completed,gap_guarded,True
fd188e5f4704b1e0841c,test,completed,gap_guarded,True
e6a3bb9b32221304d052,test,completed,gap_guarded,False
bb6409c12eab7fb9d361,test,completed,gap_guarded,True
8d9d4087f403c8ba52a7,test,completed,gap_guarded,True
4c63e11d9a1c54354fd2,test,completed,gap_guarded,True
376a9d19ee18a166f98d,test,completed,gap_guarded,True
7455e49bd8d88154cf5c,test,completed,gap_guarded,True
fde3ef72dc00df83c6f0,test,completed,gap_guarded,True
ab96c5ed8e6752b4b9c8,test,completed,gap_guarded,True
9cc763c6e0cf24ae7283,test,completed,gap_guarded,True
6125beb06b3dce20d11b,test,completed,gap_guarded,True
f7432a6dfb361851db0b,test,completed,gap_guarded,True
9185851b019744437e34,test,completed,gap_guarded,True
aab66d1bfd81d3b46c08,test,completed,gap_guarded,False
59310817ce51b1b0812b,test,completed,gap_guarded,True
4785b70cae7a26a3d5dc,test,completed,gap_guarded,True
c35654decfe2bee7c65b,test,completed,gap_guarded,True
74b907b268ccb7821a99,test,completed,gap_guarded,True
f67e09a546b2486d7d97,test,completed,gap_guarded,True
94a1d213657002a7b66f,test,completed,gap_guarded,True
fa546080280c7c695670,test,completed,gap_guarded,True
d392252946e7fd3e1e2c,test,completed,gap_guarded,False
a90137dd4dd5ab726b9e,test,completed,gap_guarded,True
921e4c621638d9799d22,test,completed,gap_guarded,True
94b7fea22f793547d5c9,test,completed,gap_guarded,False
d214eb6be3669f6bd966,test,completed,gap_guarded,True
f2417c37f10643b16263,test,completed,gap_guarded,True
ab351a037579888cc0bf,test,completed,gap_guarded,True
29de9414f464e665a9af,test,completed,gap_guarded,True
6c7f0c9909ba2c2e2009,test,completed,gap_guarded,True
edbffb937320b857e268,test,completed,gap_guarded,True
fb69f94208b10546808a,test,completed,gap_guarded,True
47a3e79635c9b86cd0a6,test,completed,gap_guarded,True
b58aca40c4be64525f50,test,completed,gap_guarded,False
fcf8f7301331d5969810,test,completed,gap_guarded,True
78e42d6f2efdb2d2b12f,test,completed,gap_guarded,True
052e8cbcfa393534872c,test,completed,gap_guarded,True
12c2bb31a649383137b5,test,completed,gap_guarded,True
74f92b58edc8282f1821,test,completed,gap_guarded,True
1a519042fce6b0129604,test,completed,gap_guarded,True
4776e888a023544db6b1,test,completed,phase_guarded,True
a46bebf8e9f512a996be,test,completed,phase_guarded,True
40bed85ae6557f5ba21f,test,completed,phase_guarded,True
7d84b8e9ad53989df68f,test,completed,phase_guarded,True
1e0940a534cad3bba3b4,test,completed,phase_guarded,True
eb2122dc052db2a66cfe,test,completed,phase_guarded,True
809096580291310a732e,test,completed,phase_guarded,True
63b30f73d6172de799a4,test,completed,phase_guarded,True
bc614ddbcbec41849901,test,completed,phase_guarded,True
006b0b385c96ff685425,test,completed,phase_guarded,True
7882adf4c667faf00510,test,completed,phase_guarded,True
b2418d76b2e497ab1265,test,completed,phase_guarded,True
92b1f654577f3aa99299,test,completed,phase_guarded,True
f61f9f8a880f150b5798,test,completed,phase_guarded,True
5ec5594c255a8b231fdc,test,completed,phase_guarded,True
58403f0dadfb1e9cb730,test,completed,phase_guarded,True
aaa43e2924c2482876aa,test,completed,phase_guarded,False
e9a40d2245015d4bd955,test,completed,phase_guarded,True
0df71fbae975a7245e3c,test,completed,phase_guarded,True
62a12c0d42f4848accee,test,completed,phase_guarded,True
e0983b66510d97641c65,test,completed,phase_guarded,True
632cd5631d4050089994,test,completed,phase_guarded,False
78aaddc26c439d002045,test,completed,phase_guarded,True
aac924067e4e78a61ef9,test,completed,phase_guarded,True
c6b7b39162b16aa2dcca,test,completed,phase_guarded,True
e4930977c9167712fad0,test,completed,phase_guarded,False
99845544c876fcd9dead,test,completed,phase_guarded,True
6d363ed96e0cd1115d3a,test,completed,phase_guarded,True
f8910a63916df3c7b17a,test,completed,phase_guarded,False
ba3ef0efb0b34bf9dde5,test,completed,phase_guarded,True
a4e7fa9affbe3a00cbb6,test,completed,phase_guarded,False
6f67e1c869c0b85c8399,test,completed,phase_guarded,False
2e8d813244edb1e527a8,test,completed,phase_guarded,True
fd188e5f4704b1e0841c,test,completed,phase_guarded,True
e6a3bb9b32221304d052,test,completed,phase_guarded,False
bb6409c12eab7fb9d361,test,completed,phase_guarded,True
8d9d4087f403c8ba52a7,test,completed,phase_guarded,True
4c63e11d9a1c54354fd2,test,completed,phase_guarded,True
376a9d19ee18a166f98d,test,completed,phase_guarded,True
7455e49bd8d88154cf5c,test,completed,phase_guarded,True
fde3ef72dc00df83c6f0,test,completed,phase_guarded,True
ab96c5ed8e6752b4b9c8,test,completed,phase_guarded,True
9cc763c6e0cf24ae7283,test,completed,phase_guarded,True
6125beb06b3dce20d11b,test,completed,phase_guarded,True
f7432a6dfb361851db0b,test,completed,phase_guarded,True
9185851b019744437e34,test,completed,phase_guarded,True
aab66d1bfd81d3b46c08,test,completed,phase_guarded,False
59310817ce51b1b0812b,test,completed,phase_guarded,True
4785b70cae7a26a3d5dc,test,completed,phase_guarded,True
c35654decfe2bee7c65b,test,completed,phase_guarded,True
74b907b268ccb7821a99,test,completed,phase_guarded,True
f67e09a546b2486d7d97,test,completed,phase_guarded,True
94a1d213657002a7b66f,test,completed,phase_guarded,True
fa546080280c7c695670,test,completed,phase_guarded,True
d392252946e7fd3e1e2c,test,completed,phase_guarded,False
a90137dd4dd5ab726b9e,test,completed,phase_guarded,True
921e4c621638d9799d22,test,completed,phase_guarded,True
94b7fea22f793547d5c9,test,completed,phase_guarded,False
d214eb6be3669f6bd966,test,completed,phase_guarded,True
f2417c37f10643b16263,test,completed,phase_guarded,True
ab351a037579888cc0bf,test,completed,phase_guarded,True
29de9414f464e665a9af,test,completed,phase_guarded,True
6c7f0c9909ba2c2e2009,test,completed,phase_guarded,True
edbffb937320b857e268,test,completed,phase_guarded,True
fb69f94208b10546808a,test,completed,phase_guarded,True
47a3e79635c9b86cd0a6,test,completed,phase_guarded,True
b58aca40c4be64525f50,test,completed,phase_guarded,False
fcf8f7301331d5969810,test,completed,phase_guarded,True
78e42d6f2efdb2d2b12f,test,completed,phase_guarded,True
052e8cbcfa393534872c,test,completed,phase_guarded,True
12c2bb31a649383137b5,test,completed,phase_guarded,True
74f92b58edc8282f1821,test,completed,phase_guarded,True
1a519042fce6b0129604,test,completed,phase_guarded,True
4776e888a023544db6b1,test,completed,selected,True
a46bebf8e9f512a996be,test,completed,selected,True
40bed85ae6557f5ba21f,test,completed,selected,True
7d84b8e9ad53989df68f,test,completed,selected,True
1e0940a534cad3bba3b4,test,completed,selected,True
eb2122dc052db2a66cfe,test,completed,selected,True
809096580291310a732e,test,completed,selected,True
63b30f73d6172de799a4,test,completed,selected,True
bc614ddbcbec41849901,test,completed,selected,True
006b0b385c96ff685425,test,completed,selected,True
7882adf4c667faf00510,test,completed,selected,True
b2418d76b2e497ab1265,test,completed,selected,True
92b1f654577f3aa99299,test,completed,selected,True
f61f9f8a880f150b5798,test,completed,selected,True
5ec5594c255a8b231fdc,test,completed,selected,True
58403f0dadfb1e9cb730,test,completed,selected,True
aaa43e2924c2482876aa,test,completed,selected,False
e9a40d2245015d4bd955,test,completed,selected,True
0df71fbae975a7245e3c,test,completed,selected,True
62a12c0d42f4848accee,test,completed,selected,True
e0983b66510d97641c65,test,completed,selected,True
632cd5631d4050089994,test,completed,selected,False
78aaddc26c439d002045,test,completed,selected,True
aac924067e4e78a61ef9,test,completed,selected,True
c6b7b39162b16aa2dcca,test,completed,selected,True
e4930977c9167712fad0,test,completed,selected,False
99845544c876fcd9dead,test,completed,selected,True
6d363ed96e0cd1115d3a,test,completed,selected,True
f8910a63916df3c7b17a,test,completed,selected,False
ba3ef0efb0b34bf9dde5,test,completed,selected,True
a4e7fa9affbe3a00cbb6,test,completed,selected,False
6f67e1c869c0b85c8399,test,completed,selected,False
2e8d813244edb1e527a8,test,completed,selected,True
fd188e5f4704b1e0841c,test,completed,selected,True
e6a3bb9b32221304d052,test,completed,selected,False
bb6409c12eab7fb9d361,test,completed,selected,True
8d9d4087f403c8ba52a7,test,completed,selected,True
4c63e11d9a1c54354fd2,test,completed,selected,True
376a9d19ee18a166f98d,test,completed,selected,True
7455e49bd8d88154cf5c,test,completed,selected,True
fde3ef72dc00df83c6f0,test,completed,selected,True
ab96c5ed8e6752b4b9c8,test,completed,selected,True
9cc763c6e0cf24ae7283,test,completed,selected,True
6125beb06b3dce20d11b,test,completed,selected,True
f7432a6dfb361851db0b,test,completed,selected,True
9185851b019744437e34,test,completed,selected,True
aab66d1bfd81d3b46c08,test,completed,selected,False
59310817ce51b1b0812b,test,completed,selected,True
4785b70cae7a26a3d5dc,test,completed,selected,True
c35654decfe2bee7c65b,test,completed,selected,True
74b907b268ccb7821a99,test,completed,selected,True
f67e09a546b2486d7d97,test,completed,selected,True
94a1d213657002a7b66f,test,completed,selected,True
fa546080280c7c695670,test,completed,selected,True
d392252946e7fd3e1e2c,test,completed,selected,False
a90137dd4dd5ab726b9e,test,completed,selected,True
921e4c621638d9799d22,test,completed,selected,True
94b7fea22f793547d5c9,test,completed,selected,False
d214eb6be3669f6bd966,test,completed,selected,True
f2417c37f10643b16263,test,completed,selected,True
ab351a037579888cc0bf,test,completed,selected,True
29de9414f464e665a9af,test,completed,selected,True
6c7f0c9909ba2c2e2009,test,completed,selected,True
edbffb937320b857e268,test,completed,selected,True
fb69f94208b10546808a,test,completed,selected,True
47a3e79635c9b86cd0a6,test,completed,selected,True
b58aca40c4be64525f50,test,completed,selected,False
fcf8f7301331d5969810,test,completed,selected,True
78e42d6f2efdb2d2b12f,test,completed,selected,True
052e8cbcfa393534872c,test,completed,selected,True
12c2bb31a649383137b5,test,completed,selected,True
74f92b58edc8282f1821,test,completed,selected,True
1a519042fce6b0129604,test,completed,selected,True
