sample_id,group_id,chamber_route,outer_fold,model,candidate_id,selected_by_inner,y_true,y_pred
005be3f7ea5942661e21,CMP-training-134.csv,4-5-6,0,RandomForest,c02,True,79.16385,87.21954654180956
00eee764fdb0d06f18d7,CMP-training-134.csv,4-5-6,0,RandomForest,c02,True,85.06125,89.52189758964936
076e4f66aa13145fed64,CMP-training-134.csv,4-5-6,0,RandomForest,c02,True,83.39745,78.35890260316847
0f850735ed3b5bba8afa,CMP-training-134.csv,4-5-6,0,RandomForest,c02,True,77.9223,82.12508817283967
121a2470ccf72c444a1f,CMP-training-134.csv,4-5-6,0,RandomForest,c02,True,83.4975,83.86615755969362
1252bc43010f2e1806a7,CMP-training-134.csv,4-5-6,0,RandomForest,c02,True,91.728,90.70792870380639
1514938f41dfe7fec825,CMP-training-049.csv,4-5-6,0,RandomForest,c02,True,62.11335,64.65789599056674
1874d1b13981c7f9feb1,CMP-training-134.csv,4-5-6,0,RandomForest,c02,True,78.38415,87.85313745613261
1c16072ec062d40d8c56,CMP-training-134.csv,4-5-6,0,RandomForest,c02,True,85.35075,88.31637866613985
22189d6a8ad3d0ba715b,CMP-training-134.csv,4-5-6,0,RandomForest,c02,True,80.83995,82.42589421694815
27daee9bdd773d7df726,CMP-training-134.csv,4-5-6,0,RandomForest,c02,True,80.24985,87.18061688336289
2d56497f1c2ec3edd991,CMP-training-134.csv,4-5-6,0,RandomForest,c02,True,81.31305,86.85600592463008
30490a7ec04bad6f5ad3,CMP-training-134.csv,4-5-6,0,RandomForest,c02,True,88.3809,88.36970438147286
35eb30a15ace25f87b3f,CMP-training-134.csv,4-5-6,0,RandomForest,c02,True,95.3367,89.26468096437348
36b0fadc86654ba50842,CMP-training-134.csv,4-5-6,0,RandomForest,c02,True,81.1914,78.55969207337594
3759837a0075061df68a,CMP-training-134.csv,4-5-6,0,RandomForest,c02,True,79.2369,86.86047460297982
37a0692e686e1528d545,CMP-training-134.csv,4-5-6,0,RandomForest,c02,True,90.6483,82.38344551991132
39b4183241e2880cca1c,CMP-training-134.csv,4-5-6,0,RandomForest,c02,True,85.2402,88.54539038777338
3dad972df935afe3e6a3,CMP-training-134.csv,4-5-6,0,RandomForest,c02,True,81.88305,89.02670871755699
3f027319c845be8081b3,CMP-training-134.csv,4-5-6,0,RandomForest,c02,True,82.7115,84.4252091250256
4124575b045ec2a0f695,CMP-training-134.csv,4-5-6,0,RandomForest,c02,True,83.40015,83.53301954633834
486d154cdc4b42e2fe92,CMP-training-134.csv,4-5-6,0,RandomForest,c02,True,85.0494,85.76527180974992
48b24502c35a34a9d270,CMP-training-134.csv,4-5-6,0,RandomForest,c02,True,74.42295,82.7958800192515
50a2668b82a7cde4d0a6,CMP-training-134.csv,4-5-6,0,RandomForest,c02,True,92.80575,90.9156417667592
515f1018b9ad1771055b,CMP-training-134.csv,4-5-6,0,RandomForest,c02,True,89.19915,87.67382531783028
53b35b947fc65cfb0b47,CMP-training-169.csv,4-5-6,0,RandomForest,c02,True,89.20785,86.73856135001343
547f843cc7abfc16a90f,CMP-training-134.csv,4-5-6,0,RandomForest,c02,True,73.97295,86.99316373438457
56c227384c84739d4d59,CMP-training-134.csv,4-5-6,0,RandomForest,c02,True,95.6199,89.85721907095272
577ed4c0d1b92e193b14,CMP-training-134.csv,4-5-6,0,RandomForest,c02,True,88.74105,88.08926492557143
58ffb03108305a9609fa,CMP-training-134.csv,4-5-6,0,RandomForest,c02,True,85.1418,86.08154915630217
5c6db2df849803923098,CMP-training-134.csv,4-5-6,0,RandomForest,c02,True,81.6159,87.74030636664877
5d197a42dd6d96de3cc2,CMP-training-134.csv,4-5-6,0,RandomForest,c02,True,85.10775,89.64892457252759
60a208f6741aea739ce5,CMP-training-134.csv,4-5-6,0,RandomForest,c02,True,86.13675,87.28169209718172
64c126df8c07338aa957,CMP-training-134.csv,4-5-6,0,RandomForest,c02,True,77.8443,85.3739990846211
66aff2bcd479119af1f7,CMP-training-134.csv,4-5-6,0,RandomForest,c02,True,80.27625,82.98804498105947
6d7272fdec18658ca6b3,CMP-training-134.csv,4-5-6,0,RandomForest,c02,True,78.0558,87.7068932832067
6dcf1d216a685c054c7d,CMP-training-134.csv,4-5-6,0,RandomForest,c02,True,83.2875,87.16555007939317
6fb8b0c5da652bc8b8c7,CMP-training-134.csv,4-5-6,0,RandomForest,c02,True,84.1677,88.60164434676031
7580d1a9f9836344443c,CMP-training-134.csv,4-5-6,0,RandomForest,c02,True,80.78445,84.58785367980116
75eb3a3862995b23b818,CMP-training-134.csv,4-5-6,0,RandomForest,c02,True,81.72885,86.44005149184414
77ea41007be7b6b45d11,CMP-training-130.csv,4-5-6,0,RandomForest,c02,True,88.47255,88.28931919417755
7ce8c69a06539826cedc,CMP-training-134.csv,4-5-6,0,RandomForest,c02,True,84.47055,91.06193719116357
825503730c841b9dc967,CMP-training-169.csv,4-5-6,0,RandomForest,c02,True,92.01885,88.51851218476989
84778f43d7bec784f7c6,CMP-training-134.csv,4-5-6,0,RandomForest,c02,True,77.82405,86.94345004029137
86a9bb5edc4b27ce024f,CMP-training-134.csv,4-5-6,0,RandomForest,c02,True,81.3786,90.31721219044468
87ec0a059c3493cc9d98,CMP-training-134.csv,4-5-6,0,RandomForest,c02,True,91.1934,90.87976249081754
8adcca24d44cbba76de1,CMP-training-134.csv,4-5-6,0,RandomForest,c02,True,86.5368,88.8581960250913
90790fce1d048e5472c9,CMP-training-134.csv,4-5-6,0,RandomForest,c02,True,96.936,92.07989069786252
913bbd47449825014002,CMP-training-134.csv,4-5-6,0,RandomForest,c02,True,76.1958,85.48791085567305
9184cf2256d412945e81,CMP-training-130.csv,4-5-6,0,RandomForest,c02,True,96.29445,92.5006318905477
9a870213ae04a554cff1,CMP-training-134.csv,4-5-6,0,RandomForest,c02,True,75.6351,86.60578390907429
9e679115c465cbbb98f9,CMP-training-049.csv,4-5-6,0,RandomForest,c02,True,57.73245,64.75855864614923
a31689b13316de1a985b,CMP-training-049.csv,4-5-6,0,RandomForest,c02,True,57.1299,63.59556526353966
ad3757c58e1757a40875,CMP-training-134.csv,4-5-6,0,RandomForest,c02,True,86.75505,87.2271663887786
af277ea20b09bf976158,CMP-training-134.csv,4-5-6,0,RandomForest,c02,True,79.54995,82.99077941242238
b29013fc42352f7ce947,CMP-training-134.csv,4-5-6,0,RandomForest,c02,True,85.5468,90.49589870869889
b9f96528f2aef5b45fee,CMP-training-134.csv,4-5-6,0,RandomForest,c02,True,87.50175,84.23331262512541
bb0df09181734b422698,CMP-training-134.csv,4-5-6,0,RandomForest,c02,True,86.37765,87.04661010731782
bc12d024ab88925b79a3,CMP-training-134.csv,4-5-6,0,RandomForest,c02,True,80.5515,83.87179328417086
be1c009f94fc2f719790,CMP-training-169.csv,4-5-6,0,RandomForest,c02,True,91.86555,91.4892890044566
c145ab08636103b5a86d,CMP-training-134.csv,4-5-6,0,RandomForest,c02,True,85.2495,87.88599392383503
c149af98f8893fcf94dc,CMP-training-134.csv,4-5-6,0,RandomForest,c02,True,82.5711,86.21343899279232
c2689d966936e2f28cb0,CMP-training-134.csv,4-5-6,0,RandomForest,c02,True,72.7095,79.20542354715231
c3f7f3e32efd1767bcd0,CMP-training-134.csv,4-5-6,0,RandomForest,c02,True,86.5365,86.29106504892118
c4d4be3c8894db3ca4c6,CMP-training-134.csv,4-5-6,0,RandomForest,c02,True,80.0799,86.36728792362791
ca58e87316d91528d53b,CMP-training-134.csv,4-5-6,0,RandomForest,c02,True,88.69005,88.44119675974676
d1a09d39b04c662561c7,CMP-training-134.csv,4-5-6,0,RandomForest,c02,True,82.9389,85.42779375804471
d1cde0857cd77b7cc2cd,CMP-training-134.csv,4-5-6,0,RandomForest,c02,True,77.5875,86.20313258230787
d3a372c400c8ee905193,CMP-training-059.csv,4-5-6,0,RandomForest,c02,True,70.40355,71.8699784526034
d47652d2327635a998ff,CMP-training-134.csv,4-5-6,0,RandomForest,c02,True,79.00635,86.4016200755655
d57cab637c16f39bac00,CMP-training-130.csv,4-5-6,0,RandomForest,c02,True,95.96235,88.82316901739532
d6604001e893d50465c9,CMP-training-134.csv,4-5-6,0,RandomForest,c02,True,80.59335,86.41704881743206
da6cbc0cc8fb2f1d4fcf,CMP-training-134.csv,4-5-6,0,RandomForest,c02,True,84.19215,87.5156548552416
dd673076ab114319d60b,CMP-training-134.csv,4-5-6,0,RandomForest,c02,True,74.0673,86.7542240686046
dd8272943ec2aa21642d,CMP-training-134.csv,4-5-6,0,RandomForest,c02,True,79.54875,87.33379880758513
df98047b395404f88535,CMP-training-063.csv,4-5-6,0,RandomForest,c02,True,61.46865,67.16028101627451
e1f9b37e1b61072eaea5,CMP-training-134.csv,4-5-6,0,RandomForest,c02,True,86.8125,84.71339417209569
e2276616b4ec3ca17f72,CMP-training-134.csv,4-5-6,0,RandomForest,c02,True,85.3674,84.46471878690177
e2f9c7b0c706aba9f934,CMP-training-134.csv,4-5-6,0,RandomForest,c02,True,81.3783,87.98651030302965
e312be6a300868461ca6,CMP-training-134.csv,4-5-6,0,RandomForest,c02,True,88.4625,90.79857315705644
e5108f96e569df0628dc,CMP-training-134.csv,4-5-6,0,RandomForest,c02,True,81.4959,84.12417707619682
e537a6d52d6d38a79649,CMP-training-134.csv,4-5-6,0,RandomForest,c02,True,74.91045,85.9189643469948
ec01351df04d9063c6e9,CMP-training-134.csv,4-5-6,0,RandomForest,c02,True,77.5551,85.61299184837382
ecdd438135f75f141d9b,CMP-training-134.csv,4-5-6,0,RandomForest,c02,True,85.31625,88.58190579063643
edd393c5efd083f6a532,CMP-training-134.csv,4-5-6,0,RandomForest,c02,True,81.7032,88.0342826192513
efc48f8cbbaabcf554c6,CMP-training-134.csv,4-5-6,0,RandomForest,c02,True,86.14785,84.3377373600129
f06ea0af156a76a9fc46,CMP-training-134.csv,4-5-6,0,RandomForest,c02,True,82.73565,82.73509115872294
f5822879b857e610242b,CMP-training-134.csv,4-5-6,0,RandomForest,c02,True,84.8172,90.46457167703034
f5dc6cfd19b7c570b88e,CMP-training-134.csv,4-5-6,0,RandomForest,c02,True,75.3861,87.05689221410233
f6f96256e43737dc7d76,CMP-training-134.csv,4-5-6,0,RandomForest,c02,True,94.85685,91.95838499587977
f7ad18590ddb3ed17bca,CMP-training-134.csv,4-5-6,0,RandomForest,c02,True,86.2197,90.1833489918379
f87598c47cd1d953e88b,CMP-training-134.csv,4-5-6,0,RandomForest,c02,True,87.85875,90.35118945555168
fb4846caac2397f192a5,CMP-training-134.csv,4-5-6,0,RandomForest,c02,True,88.63455,87.6227292400936
fb8433566ba1966a8b5d,CMP-training-134.csv,4-5-6,0,RandomForest,c02,True,82.5168,86.62823514654032
ff84ddffe40ac9f70081,CMP-training-130.csv,4-5-6,0,RandomForest,c02,True,91.4808,91.7751940914822
ffbabd9cb1ea7da52864,CMP-training-134.csv,4-5-6,0,RandomForest,c02,True,84.9201,87.19026768293573
fff5f95cfad8221dc1e8,CMP-training-134.csv,4-5-6,0,RandomForest,c02,True,86.1993,88.46090294778364
005be3f7ea5942661e21,CMP-training-134.csv,4-5-6,0,XGBoost,c06,False,79.16385,87.30427551269531
00eee764fdb0d06f18d7,CMP-training-134.csv,4-5-6,0,XGBoost,c06,False,85.06125,91.02987670898438
076e4f66aa13145fed64,CMP-training-134.csv,4-5-6,0,XGBoost,c06,False,83.39745,80.94570922851562
0f850735ed3b5bba8afa,CMP-training-134.csv,4-5-6,0,XGBoost,c06,False,77.9223,82.43953704833984
121a2470ccf72c444a1f,CMP-training-134.csv,4-5-6,0,XGBoost,c06,False,83.4975,83.13055419921875
1252bc43010f2e1806a7,CMP-training-134.csv,4-5-6,0,XGBoost,c06,False,91.728,89.28775787353516
1514938f41dfe7fec825,CMP-training-049.csv,4-5-6,0,XGBoost,c06,False,62.11335,65.4083023071289
1874d1b13981c7f9feb1,CMP-training-134.csv,4-5-6,0,XGBoost,c06,False,78.38415,88.48287200927734
1c16072ec062d40d8c56,CMP-training-134.csv,4-5-6,0,XGBoost,c06,False,85.35075,88.5365982055664
22189d6a8ad3d0ba715b,CMP-training-134.csv,4-5-6,0,XGBoost,c06,False,80.83995,83.20296478271484
27daee9bdd773d7df726,CMP-training-134.csv,4-5-6,0,XGBoost,c06,False,80.24985,85.31172180175781
2d56497f1c2ec3edd991,CMP-training-134.csv,4-5-6,0,XGBoost,c06,False,81.31305,86.34033966064453
30490a7ec04bad6f5ad3,CMP-training-134.csv,4-5-6,0,XGBoost,c06,False,88.3809,88.10069274902344
35eb30a15ace25f87b3f,CMP-training-134.csv,4-5-6,0,XGBoost,c06,False,95.3367,88.98982238769531
36b0fadc86654ba50842,CMP-training-134.csv,4-5-6,0,XGBoost,c06,False,81.1914,76.89540100097656
3759837a0075061df68a,CMP-training-134.csv,4-5-6,0,XGBoost,c06,False,79.2369,86.14246368408203
37a0692e686e1528d545,CMP-training-134.csv,4-5-6,0,XGBoost,c06,False,90.6483,85.34690856933594
39b4183241e2880cca1c,CMP-training-134.csv,4-5-6,0,XGBoost,c06,False,85.2402,88.39555358886719
3dad972df935afe3e6a3,CMP-training-134.csv,4-5-6,0,XGBoost,c06,False,81.88305,90.53202056884766
3f027319c845be8081b3,CMP-training-134.csv,4-5-6,0,XGBoost,c06,False,82.7115,85.62726593017578
4124575b045ec2a0f695,CMP-training-134.csv,4-5-6,0,XGBoost,c06,False,83.40015,83.48651885986328
486d154cdc4b42e2fe92,CMP-training-134.csv,4-5-6,0,XGBoost,c06,False,85.0494,85.97953033447266
48b24502c35a34a9d270,CMP-training-134.csv,4-5-6,0,XGBoost,c06,False,74.42295,80.82714080810547
50a2668b82a7cde4d0a6,CMP-training-134.csv,4-5-6,0,XGBoost,c06,False,92.80575,90.69583892822266
515f1018b9ad1771055b,CMP-training-134.csv,4-5-6,0,XGBoost,c06,False,89.19915,85.98661804199219
53b35b947fc65cfb0b47,CMP-training-169.csv,4-5-6,0,XGBoost,c06,False,89.20785,85.54560089111328
547f843cc7abfc16a90f,CMP-training-134.csv,4-5-6,0,XGBoost,c06,False,73.97295,85.1015625
56c227384c84739d4d59,CMP-training-134.csv,4-5-6,0,XGBoost,c06,False,95.6199,89.68476867675781
577ed4c0d1b92e193b14,CMP-training-134.csv,4-5-6,0,XGBoost,c06,False,88.74105,90.51700592041016
58ffb03108305a9609fa,CMP-training-134.csv,4-5-6,0,XGBoost,c06,False,85.1418,83.39379119873047
5c6db2df849803923098,CMP-training-134.csv,4-5-6,0,XGBoost,c06,False,81.6159,88.0881118774414
5d197a42dd6d96de3cc2,CMP-training-134.csv,4-5-6,0,XGBoost,c06,False,85.10775,90.05500030517578
60a208f6741aea739ce5,CMP-training-134.csv,4-5-6,0,XGBoost,c06,False,86.13675,86.80459594726562
64c126df8c07338aa957,CMP-training-134.csv,4-5-6,0,XGBoost,c06,False,77.8443,83.16502380371094
66aff2bcd479119af1f7,CMP-training-134.csv,4-5-6,0,XGBoost,c06,False,80.27625,84.17509460449219
6d7272fdec18658ca6b3,CMP-training-134.csv,4-5-6,0,XGBoost,c06,False,78.0558,85.8328857421875
6dcf1d216a685c054c7d,CMP-training-134.csv,4-5-6,0,XGBoost,c06,False,83.2875,85.8626480102539
6fb8b0c5da652bc8b8c7,CMP-training-134.csv,4-5-6,0,XGBoost,c06,False,84.1677,89.86477661132812
7580d1a9f9836344443c,CMP-training-134.csv,4-5-6,0,XGBoost,c06,False,80.78445,85.041748046875
75eb3a3862995b23b818,CMP-training-134.csv,4-5-6,0,XGBoost,c06,False,81.72885,85.95258331298828
77ea41007be7b6b45d11,CMP-training-130.csv,4-5-6,0,XGBoost,c06,False,88.47255,88.78679656982422
7ce8c69a06539826cedc,CMP-training-134.csv,4-5-6,0,XGBoost,c06,False,84.47055,90.41908264160156
825503730c841b9dc967,CMP-training-169.csv,4-5-6,0,XGBoost,c06,False,92.01885,89.5875473022461
84778f43d7bec784f7c6,CMP-training-134.csv,4-5-6,0,XGBoost,c06,False,77.82405,85.30765533447266
86a9bb5edc4b27ce024f,CMP-training-134.csv,4-5-6,0,XGBoost,c06,False,81.3786,90.06149291992188
87ec0a059c3493cc9d98,CMP-training-134.csv,4-5-6,0,XGBoost,c06,False,91.1934,90.0308837890625
8adcca24d44cbba76de1,CMP-training-134.csv,4-5-6,0,XGBoost,c06,False,86.5368,89.29903411865234
90790fce1d048e5472c9,CMP-training-134.csv,4-5-6,0,XGBoost,c06,False,96.936,91.28619384765625
913bbd47449825014002,CMP-training-134.csv,4-5-6,0,XGBoost,c06,False,76.1958,84.2237548828125
9184cf2256d412945e81,CMP-training-130.csv,4-5-6,0,XGBoost,c06,False,96.29445,95.1854019165039
9a870213ae04a554cff1,CMP-training-134.csv,4-5-6,0,XGBoost,c06,False,75.6351,84.26432037353516
9e679115c465cbbb98f9,CMP-training-049.csv,4-5-6,0,XGBoost,c06,False,57.73245,64.5722885131836
a31689b13316de1a985b,CMP-training-049.csv,4-5-6,0,XGBoost,c06,False,57.1299,63.62479782104492
ad3757c58e1757a40875,CMP-training-134.csv,4-5-6,0,XGBoost,c06,False,86.75505,84.22189331054688
af277ea20b09bf976158,CMP-training-134.csv,4-5-6,0,XGBoost,c06,False,79.54995,85.54774475097656
b29013fc42352f7ce947,CMP-training-134.csv,4-5-6,0,XGBoost,c06,False,85.5468,91.42543029785156
b9f96528f2aef5b45fee,CMP-training-134.csv,4-5-6,0,XGBoost,c06,False,87.50175,86.03302001953125
bb0df09181734b422698,CMP-training-134.csv,4-5-6,0,XGBoost,c06,False,86.37765,86.24474334716797
bc12d024ab88925b79a3,CMP-training-134.csv,4-5-6,0,XGBoost,c06,False,80.5515,83.38777160644531
be1c009f94fc2f719790,CMP-training-169.csv,4-5-6,0,XGBoost,c06,False,91.86555,92.4355239868164
c145ab08636103b5a86d,CMP-training-134.csv,4-5-6,0,XGBoost,c06,False,85.2495,86.48333740234375
c149af98f8893fcf94dc,CMP-training-134.csv,4-5-6,0,XGBoost,c06,False,82.5711,84.87644958496094
c2689d966936e2f28cb0,CMP-training-134.csv,4-5-6,0,XGBoost,c06,False,72.7095,80.28243255615234
c3f7f3e32efd1767bcd0,CMP-training-134.csv,4-5-6,0,XGBoost,c06,False,86.5365,87.85231018066406
c4d4be3c8894db3ca4c6,CMP-training-134.csv,4-5-6,0,XGBoost,c06,False,80.0799,84.28390502929688
ca58e87316d91528d53b,CMP-training-134.csv,4-5-6,0,XGBoost,c06,False,88.69005,90.07154846191406
d1a09d39b04c662561c7,CMP-training-134.csv,4-5-6,0,XGBoost,c06,False,82.9389,84.91983032226562
d1cde0857cd77b7cc2cd,CMP-training-134.csv,4-5-6,0,XGBoost,c06,False,77.5875,83.80616760253906
d3a372c400c8ee905193,CMP-training-059.csv,4-5-6,0,XGBoost,c06,False,70.40355,72.212890625
d47652d2327635a998ff,CMP-training-134.csv,4-5-6,0,XGBoost,c06,False,79.00635,84.63343811035156
d57cab637c16f39bac00,CMP-training-130.csv,4-5-6,0,XGBoost,c06,False,95.96235,89.84007263183594
d6604001e893d50465c9,CMP-training-134.csv,4-5-6,0,XGBoost,c06,False,80.59335,85.57745361328125
da6cbc0cc8fb2f1d4fcf,CMP-training-134.csv,4-5-6,0,XGBoost,c06,False,84.19215,88.38067626953125
dd673076ab114319d60b,CMP-training-134.csv,4-5-6,0,XGBoost,c06,False,74.0673,84.22223663330078
dd8272943ec2aa21642d,CMP-training-134.csv,4-5-6,0,XGBoost,c06,False,79.54875,85.4759292602539
df98047b395404f88535,CMP-training-063.csv,4-5-6,0,XGBoost,c06,False,61.46865,68.65117645263672
e1f9b37e1b61072eaea5,CMP-training-134.csv,4-5-6,0,XGBoost,c06,False,86.8125,85.50418853759766
e2276616b4ec3ca17f72,CMP-training-134.csv,4-5-6,0,XGBoost,c06,False,85.3674,83.28482818603516
e2f9c7b0c706aba9f934,CMP-training-134.csv,4-5-6,0,XGBoost,c06,False,81.3783,89.34026336669922
e312be6a300868461ca6,CMP-training-134.csv,4-5-6,0,XGBoost,c06,False,88.4625,88.22090148925781
e5108f96e569df0628dc,CMP-training-134.csv,4-5-6,0,XGBoost,c06,False,81.4959,83.69282531738281
e537a6d52d6d38a79649,CMP-training-134.csv,4-5-6,0,XGBoost,c06,False,74.91045,83.67941284179688
ec01351df04d9063c6e9,CMP-training-134.csv,4-5-6,0,XGBoost,c06,False,77.5551,86.86019134521484
ecdd438135f75f141d9b,CMP-training-134.csv,4-5-6,0,XGBoost,c06,False,85.31625,88.77751159667969
edd393c5efd083f6a532,CMP-training-134.csv,4-5-6,0,XGBoost,c06,False,81.7032,88.60809326171875
efc48f8cbbaabcf554c6,CMP-training-134.csv,4-5-6,0,XGBoost,c06,False,86.14785,84.4770736694336
f06ea0af156a76a9fc46,CMP-training-134.csv,4-5-6,0,XGBoost,c06,False,82.73565,82.41693115234375
f5822879b857e610242b,CMP-training-134.csv,4-5-6,0,XGBoost,c06,False,84.8172,88.57942962646484
f5dc6cfd19b7c570b88e,CMP-training-134.csv,4-5-6,0,XGBoost,c06,False,75.3861,83.84793853759766
f6f96256e43737dc7d76,CMP-training-134.csv,4-5-6,0,XGBoost,c06,False,94.85685,92.2264633178711
f7ad18590ddb3ed17bca,CMP-training-134.csv,4-5-6,0,XGBoost,c06,False,86.2197,90.79305267333984
f87598c47cd1d953e88b,CMP-training-134.csv,4-5-6,0,XGBoost,c06,False,87.85875,89.07125091552734
fb4846caac2397f192a5,CMP-training-134.csv,4-5-6,0,XGBoost,c06,False,88.63455,87.11846923828125
fb8433566ba1966a8b5d,CMP-training-134.csv,4-5-6,0,XGBoost,c06,False,82.5168,84.9493408203125
ff84ddffe40ac9f70081,CMP-training-130.csv,4-5-6,0,XGBoost,c06,False,91.4808,90.41527557373047
ffbabd9cb1ea7da52864,CMP-training-134.csv,4-5-6,0,XGBoost,c06,False,84.9201,87.8061294555664
fff5f95cfad8221dc1e8,CMP-training-134.csv,4-5-6,0,XGBoost,c06,False,86.1993,87.39848327636719
005be3f7ea5942661e21,CMP-training-134.csv,4-5-6,0,LightGBM,c15,False,79.16385,86.7358031003308
00eee764fdb0d06f18d7,CMP-training-134.csv,4-5-6,0,LightGBM,c15,False,85.06125,90.60947215488548
076e4f66aa13145fed64,CMP-training-134.csv,4-5-6,0,LightGBM,c15,False,83.39745,78.43172678586072
0f850735ed3b5bba8afa,CMP-training-134.csv,4-5-6,0,LightGBM,c15,False,77.9223,82.59678456682353
121a2470ccf72c444a1f,CMP-training-134.csv,4-5-6,0,LightGBM,c15,False,83.4975,82.72209936036795
1252bc43010f2e1806a7,CMP-training-134.csv,4-5-6,0,LightGBM,c15,False,91.728,88.84574846287629
1514938f41dfe7fec825,CMP-training-049.csv,4-5-6,0,LightGBM,c15,False,62.11335,62.876401884544045
1874d1b13981c7f9feb1,CMP-training-134.csv,4-5-6,0,LightGBM,c15,False,78.38415,87.8165390758343
1c16072ec062d40d8c56,CMP-training-134.csv,4-5-6,0,LightGBM,c15,False,85.35075,88.11044782317639
22189d6a8ad3d0ba715b,CMP-training-134.csv,4-5-6,0,LightGBM,c15,False,80.83995,82.05107381447105
27daee9bdd773d7df726,CMP-training-134.csv,4-5-6,0,LightGBM,c15,False,80.24985,85.66791248427063
2d56497f1c2ec3edd991,CMP-training-134.csv,4-5-6,0,LightGBM,c15,False,81.31305,86.18143186363928
30490a7ec04bad6f5ad3,CMP-training-134.csv,4-5-6,0,LightGBM,c15,False,88.3809,88.62038010190814
35eb30a15ace25f87b3f,CMP-training-134.csv,4-5-6,0,LightGBM,c15,False,95.3367,89.46173135175687
36b0fadc86654ba50842,CMP-training-134.csv,4-5-6,0,LightGBM,c15,False,81.1914,77.39340809694441
3759837a0075061df68a,CMP-training-134.csv,4-5-6,0,LightGBM,c15,False,79.2369,85.90121825691526
37a0692e686e1528d545,CMP-training-134.csv,4-5-6,0,LightGBM,c15,False,90.6483,84.23602092430954
39b4183241e2880cca1c,CMP-training-134.csv,4-5-6,0,LightGBM,c15,False,85.2402,88.77911608134326
3dad972df935afe3e6a3,CMP-training-134.csv,4-5-6,0,LightGBM,c15,False,81.88305,90.66717210821444
3f027319c845be8081b3,CMP-training-134.csv,4-5-6,0,LightGBM,c15,False,82.7115,85.63561558225145
4124575b045ec2a0f695,CMP-training-134.csv,4-5-6,0,LightGBM,c15,False,83.40015,84.66150815832385
486d154cdc4b42e2fe92,CMP-training-134.csv,4-5-6,0,LightGBM,c15,False,85.0494,85.48302340318314
48b24502c35a34a9d270,CMP-training-134.csv,4-5-6,0,LightGBM,c15,False,74.42295,78.18147426322416
50a2668b82a7cde4d0a6,CMP-training-134.csv,4-5-6,0,LightGBM,c15,False,92.80575,92.20373319501103
515f1018b9ad1771055b,CMP-training-134.csv,4-5-6,0,LightGBM,c15,False,89.19915,87.23667126680259
53b35b947fc65cfb0b47,CMP-training-169.csv,4-5-6,0,LightGBM,c15,False,89.20785,86.07995833718394
547f843cc7abfc16a90f,CMP-training-134.csv,4-5-6,0,LightGBM,c15,False,73.97295,85.34303399034137
56c227384c84739d4d59,CMP-training-134.csv,4-5-6,0,LightGBM,c15,False,95.6199,90.09883290009165
577ed4c0d1b92e193b14,CMP-training-134.csv,4-5-6,0,LightGBM,c15,False,88.74105,91.16758292656918
58ffb03108305a9609fa,CMP-training-134.csv,4-5-6,0,LightGBM,c15,False,85.1418,83.65866840531093
5c6db2df849803923098,CMP-training-134.csv,4-5-6,0,LightGBM,c15,False,81.6159,88.60589074432697
5d197a42dd6d96de3cc2,CMP-training-134.csv,4-5-6,0,LightGBM,c15,False,85.10775,90.58770084950768
60a208f6741aea739ce5,CMP-training-134.csv,4-5-6,0,LightGBM,c15,False,86.13675,87.15102022366817
64c126df8c07338aa957,CMP-training-134.csv,4-5-6,0,LightGBM,c15,False,77.8443,83.87950847119178
66aff2bcd479119af1f7,CMP-training-134.csv,4-5-6,0,LightGBM,c15,False,80.27625,83.73624725323984
6d7272fdec18658ca6b3,CMP-training-134.csv,4-5-6,0,LightGBM,c15,False,78.0558,85.69669971915884
6dcf1d216a685c054c7d,CMP-training-134.csv,4-5-6,0,LightGBM,c15,False,83.2875,86.43405620229439
6fb8b0c5da652bc8b8c7,CMP-training-134.csv,4-5-6,0,LightGBM,c15,False,84.1677,89.48651737624206
7580d1a9f9836344443c,CMP-training-134.csv,4-5-6,0,LightGBM,c15,False,80.78445,85.12923709411484
75eb3a3862995b23b818,CMP-training-134.csv,4-5-6,0,LightGBM,c15,False,81.72885,85.26212617181774
77ea41007be7b6b45d11,CMP-training-130.csv,4-5-6,0,LightGBM,c15,False,88.47255,88.8333169166998
7ce8c69a06539826cedc,CMP-training-134.csv,4-5-6,0,LightGBM,c15,False,84.47055,90.44608445795548
825503730c841b9dc967,CMP-training-169.csv,4-5-6,0,LightGBM,c15,False,92.01885,89.41489784354158
84778f43d7bec784f7c6,CMP-training-134.csv,4-5-6,0,LightGBM,c15,False,77.82405,85.0297211151297
86a9bb5edc4b27ce024f,CMP-training-134.csv,4-5-6,0,LightGBM,c15,False,81.3786,90.84228762928228
87ec0a059c3493cc9d98,CMP-training-134.csv,4-5-6,0,LightGBM,c15,False,91.1934,90.35444221177053
8adcca24d44cbba76de1,CMP-training-134.csv,4-5-6,0,LightGBM,c15,False,86.5368,89.27476639435267
90790fce1d048e5472c9,CMP-training-134.csv,4-5-6,0,LightGBM,c15,False,96.936,91.99247225940606
913bbd47449825014002,CMP-training-134.csv,4-5-6,0,LightGBM,c15,False,76.1958,85.99093750928303
9184cf2256d412945e81,CMP-training-130.csv,4-5-6,0,LightGBM,c15,False,96.29445,94.33807103801479
9a870213ae04a554cff1,CMP-training-134.csv,4-5-6,0,LightGBM,c15,False,75.6351,84.48740887961485
9e679115c465cbbb98f9,CMP-training-049.csv,4-5-6,0,LightGBM,c15,False,57.73245,64.03745053705973
a31689b13316de1a985b,CMP-training-049.csv,4-5-6,0,LightGBM,c15,False,57.1299,61.57292263542873
ad3757c58e1757a40875,CMP-training-134.csv,4-5-6,0,LightGBM,c15,False,86.75505,85.67136707150064
af277ea20b09bf976158,CMP-training-134.csv,4-5-6,0,LightGBM,c15,False,79.54995,84.30784778803631
b29013fc42352f7ce947,CMP-training-134.csv,4-5-6,0,LightGBM,c15,False,85.5468,91.05261442000347
b9f96528f2aef5b45fee,CMP-training-134.csv,4-5-6,0,LightGBM,c15,False,87.50175,86.3292198946414
bb0df09181734b422698,CMP-training-134.csv,4-5-6,0,LightGBM,c15,False,86.37765,85.6837275304706
bc12d024ab88925b79a3,CMP-training-134.csv,4-5-6,0,LightGBM,c15,False,80.5515,82.01353559887623
be1c009f94fc2f719790,CMP-training-169.csv,4-5-6,0,LightGBM,c15,False,91.86555,93.04229478194988
c145ab08636103b5a86d,CMP-training-134.csv,4-5-6,0,LightGBM,c15,False,85.2495,86.26878408404896
c149af98f8893fcf94dc,CMP-training-134.csv,4-5-6,0,LightGBM,c15,False,82.5711,84.3843502385585
c2689d966936e2f28cb0,CMP-training-134.csv,4-5-6,0,LightGBM,c15,False,72.7095,79.51722391771739
c3f7f3e32efd1767bcd0,CMP-training-134.csv,4-5-6,0,LightGBM,c15,False,86.5365,87.86958930768476
c4d4be3c8894db3ca4c6,CMP-training-134.csv,4-5-6,0,LightGBM,c15,False,80.0799,84.68007112327366
ca58e87316d91528d53b,CMP-training-134.csv,4-5-6,0,LightGBM,c15,False,88.69005,89.07613461350304
d1a09d39b04c662561c7,CMP-training-134.csv,4-5-6,0,LightGBM,c15,False,82.9389,83.63305448099901
d1cde0857cd77b7cc2cd,CMP-training-134.csv,4-5-6,0,LightGBM,c15,False,77.5875,84.97787900843214
d3a372c400c8ee905193,CMP-training-059.csv,4-5-6,0,LightGBM,c15,False,70.40355,72.01602308178829
d47652d2327635a998ff,CMP-training-134.csv,4-5-6,0,LightGBM,c15,False,79.00635,84.88895929771964
d57cab637c16f39bac00,CMP-training-130.csv,4-5-6,0,LightGBM,c15,False,95.96235,90.33760444855098
d6604001e893d50465c9,CMP-training-134.csv,4-5-6,0,LightGBM,c15,False,80.59335,87.4444959450489
da6cbc0cc8fb2f1d4fcf,CMP-training-134.csv,4-5-6,0,LightGBM,c15,False,84.19215,87.97942206275344
dd673076ab114319d60b,CMP-training-134.csv,4-5-6,0,LightGBM,c15,False,74.0673,85.32365959722266
dd8272943ec2aa21642d,CMP-training-134.csv,4-5-6,0,LightGBM,c15,False,79.54875,84.12906829467568
df98047b395404f88535,CMP-training-063.csv,4-5-6,0,LightGBM,c15,False,61.46865,67.5873162477529
e1f9b37e1b61072eaea5,CMP-training-134.csv,4-5-6,0,LightGBM,c15,False,86.8125,85.75132488435663
e2276616b4ec3ca17f72,CMP-training-134.csv,4-5-6,0,LightGBM,c15,False,85.3674,82.50411848755886
e2f9c7b0c706aba9f934,CMP-training-134.csv,4-5-6,0,LightGBM,c15,False,81.3783,89.31327606155936
e312be6a300868461ca6,CMP-training-134.csv,4-5-6,0,LightGBM,c15,False,88.4625,87.942772841304
e5108f96e569df0628dc,CMP-training-134.csv,4-5-6,0,LightGBM,c15,False,81.4959,82.58703509227244
e537a6d52d6d38a79649,CMP-training-134.csv,4-5-6,0,LightGBM,c15,False,74.91045,83.31545445617908
ec01351df04d9063c6e9,CMP-training-134.csv,4-5-6,0,LightGBM,c15,False,77.5551,86.1952284175172
ecdd438135f75f141d9b,CMP-training-134.csv,4-5-6,0,LightGBM,c15,False,85.31625,89.45893423922584
edd393c5efd083f6a532,CMP-training-134.csv,4-5-6,0,LightGBM,c15,False,81.7032,89.45144573072615
efc48f8cbbaabcf554c6,CMP-training-134.csv,4-5-6,0,LightGBM,c15,False,86.14785,83.95941602620009
f06ea0af156a76a9fc46,CMP-training-134.csv,4-5-6,0,LightGBM,c15,False,82.73565,81.5531324446385
f5822879b857e610242b,CMP-training-134.csv,4-5-6,0,LightGBM,c15,False,84.8172,88.29416443862533
f5dc6cfd19b7c570b88e,CMP-training-134.csv,4-5-6,0,LightGBM,c15,False,75.3861,83.33370097871688
f6f96256e43737dc7d76,CMP-training-134.csv,4-5-6,0,LightGBM,c15,False,94.85685,94.64159137517491
f7ad18590ddb3ed17bca,CMP-training-134.csv,4-5-6,0,LightGBM,c15,False,86.2197,89.1539396049592
f87598c47cd1d953e88b,CMP-training-134.csv,4-5-6,0,LightGBM,c15,False,87.85875,89.77894084449855
fb4846caac2397f192a5,CMP-training-134.csv,4-5-6,0,LightGBM,c15,False,88.63455,87.35941570894136
fb8433566ba1966a8b5d,CMP-training-134.csv,4-5-6,0,LightGBM,c15,False,82.5168,85.23159878615692
ff84ddffe40ac9f70081,CMP-training-130.csv,4-5-6,0,LightGBM,c15,False,91.4808,90.91029528097147
ffbabd9cb1ea7da52864,CMP-training-134.csv,4-5-6,0,LightGBM,c15,False,84.9201,87.51679453718444
fff5f95cfad8221dc1e8,CMP-training-134.csv,4-5-6,0,LightGBM,c15,False,86.1993,87.87043133488434
005be3f7ea5942661e21,CMP-training-134.csv,4-5-6,0,CatBoost,c09,False,79.16385,86.72226941965616
00eee764fdb0d06f18d7,CMP-training-134.csv,4-5-6,0,CatBoost,c09,False,85.06125,89.74684708339427
076e4f66aa13145fed64,CMP-training-134.csv,4-5-6,0,CatBoost,c09,False,83.39745,85.19791729890783
0f850735ed3b5bba8afa,CMP-training-134.csv,4-5-6,0,CatBoost,c09,False,77.9223,82.22228193189291
121a2470ccf72c444a1f,CMP-training-134.csv,4-5-6,0,CatBoost,c09,False,83.4975,84.76718172720179
1252bc43010f2e1806a7,CMP-training-134.csv,4-5-6,0,CatBoost,c09,False,91.728,90.39201378424693
1514938f41dfe7fec825,CMP-training-049.csv,4-5-6,0,CatBoost,c09,False,62.11335,64.35820776770615
1874d1b13981c7f9feb1,CMP-training-134.csv,4-5-6,0,CatBoost,c09,False,78.38415,87.51063034941258
1c16072ec062d40d8c56,CMP-training-134.csv,4-5-6,0,CatBoost,c09,False,85.35075,88.58902323807297
22189d6a8ad3d0ba715b,CMP-training-134.csv,4-5-6,0,CatBoost,c09,False,80.83995,85.07843442871531
27daee9bdd773d7df726,CMP-training-134.csv,4-5-6,0,CatBoost,c09,False,80.24985,86.32576380635554
2d56497f1c2ec3edd991,CMP-training-134.csv,4-5-6,0,CatBoost,c09,False,81.31305,85.58645455213929
30490a7ec04bad6f5ad3,CMP-training-134.csv,4-5-6,0,CatBoost,c09,False,88.3809,88.29973141998416
35eb30a15ace25f87b3f,CMP-training-134.csv,4-5-6,0,CatBoost,c09,False,95.3367,88.92760653166742
36b0fadc86654ba50842,CMP-training-134.csv,4-5-6,0,CatBoost,c09,False,81.1914,80.21610839623114
3759837a0075061df68a,CMP-training-134.csv,4-5-6,0,CatBoost,c09,False,79.2369,85.81244460602055
37a0692e686e1528d545,CMP-training-134.csv,4-5-6,0,CatBoost,c09,False,90.6483,85.40085978937978
39b4183241e2880cca1c,CMP-training-134.csv,4-5-6,0,CatBoost,c09,False,85.2402,86.99830106740295
3dad972df935afe3e6a3,CMP-training-134.csv,4-5-6,0,CatBoost,c09,False,81.88305,90.16320169516155
3f027319c845be8081b3,CMP-training-134.csv,4-5-6,0,CatBoost,c09,False,82.7115,87.52163790454308
4124575b045ec2a0f695,CMP-training-134.csv,4-5-6,0,CatBoost,c09,False,83.40015,83.63281874043912
486d154cdc4b42e2fe92,CMP-training-134.csv,4-5-6,0,CatBoost,c09,False,85.0494,84.9418794282986
48b24502c35a34a9d270,CMP-training-134.csv,4-5-6,0,CatBoost,c09,False,74.42295,80.18278608167634
50a2668b82a7cde4d0a6,CMP-training-134.csv,4-5-6,0,CatBoost,c09,False,92.80575,90.94654100211974
515f1018b9ad1771055b,CMP-training-134.csv,4-5-6,0,CatBoost,c09,False,89.19915,85.33203257662299
53b35b947fc65cfb0b47,CMP-training-169.csv,4-5-6,0,CatBoost,c09,False,89.20785,86.0611558095256
547f843cc7abfc16a90f,CMP-training-134.csv,4-5-6,0,CatBoost,c09,False,73.97295,85.13711614417474
56c227384c84739d4d59,CMP-training-134.csv,4-5-6,0,CatBoost,c09,False,95.6199,87.08240854102009
577ed4c0d1b92e193b14,CMP-training-134.csv,4-5-6,0,CatBoost,c09,False,88.74105,88.5864228428203
58ffb03108305a9609fa,CMP-training-134.csv,4-5-6,0,CatBoost,c09,False,85.1418,85.74305304579117
5c6db2df849803923098,CMP-training-134.csv,4-5-6,0,CatBoost,c09,False,81.6159,87.1459521659842
5d197a42dd6d96de3cc2,CMP-training-134.csv,4-5-6,0,CatBoost,c09,False,85.10775,89.72139092336319
60a208f6741aea739ce5,CMP-training-134.csv,4-5-6,0,CatBoost,c09,False,86.13675,86.0130794858389
64c126df8c07338aa957,CMP-training-134.csv,4-5-6,0,CatBoost,c09,False,77.8443,82.87814022542122
66aff2bcd479119af1f7,CMP-training-134.csv,4-5-6,0,CatBoost,c09,False,80.27625,84.02173964802263
6d7272fdec18658ca6b3,CMP-training-134.csv,4-5-6,0,CatBoost,c09,False,78.0558,86.12860399394863
6dcf1d216a685c054c7d,CMP-training-134.csv,4-5-6,0,CatBoost,c09,False,83.2875,85.4549112887188
6fb8b0c5da652bc8b8c7,CMP-training-134.csv,4-5-6,0,CatBoost,c09,False,84.1677,89.13761018451926
7580d1a9f9836344443c,CMP-training-134.csv,4-5-6,0,CatBoost,c09,False,80.78445,87.20176361133407
75eb3a3862995b23b818,CMP-training-134.csv,4-5-6,0,CatBoost,c09,False,81.72885,85.55434423415049
77ea41007be7b6b45d11,CMP-training-130.csv,4-5-6,0,CatBoost,c09,False,88.47255,86.13952506698344
7ce8c69a06539826cedc,CMP-training-134.csv,4-5-6,0,CatBoost,c09,False,84.47055,90.48129696096812
825503730c841b9dc967,CMP-training-169.csv,4-5-6,0,CatBoost,c09,False,92.01885,87.68673492675934
84778f43d7bec784f7c6,CMP-training-134.csv,4-5-6,0,CatBoost,c09,False,77.82405,86.6843443246161
86a9bb5edc4b27ce024f,CMP-training-134.csv,4-5-6,0,CatBoost,c09,False,81.3786,89.18449906568321
87ec0a059c3493cc9d98,CMP-training-134.csv,4-5-6,0,CatBoost,c09,False,91.1934,90.27153636739024
8adcca24d44cbba76de1,CMP-training-134.csv,4-5-6,0,CatBoost,c09,False,86.5368,89.18024427324119
90790fce1d048e5472c9,CMP-training-134.csv,4-5-6,0,CatBoost,c09,False,96.936,91.1408281632526
913bbd47449825014002,CMP-training-134.csv,4-5-6,0,CatBoost,c09,False,76.1958,84.81093450568854
9184cf2256d412945e81,CMP-training-130.csv,4-5-6,0,CatBoost,c09,False,96.29445,92.30275980462797
9a870213ae04a554cff1,CMP-training-134.csv,4-5-6,0,CatBoost,c09,False,75.6351,84.11414969453627
9e679115c465cbbb98f9,CMP-training-049.csv,4-5-6,0,CatBoost,c09,False,57.73245,64.50173811806702
a31689b13316de1a985b,CMP-training-049.csv,4-5-6,0,CatBoost,c09,False,57.1299,63.042784589378044
ad3757c58e1757a40875,CMP-training-134.csv,4-5-6,0,CatBoost,c09,False,86.75505,85.26137647735703
af277ea20b09bf976158,CMP-training-134.csv,4-5-6,0,CatBoost,c09,False,79.54995,85.48689311743124
b29013fc42352f7ce947,CMP-training-134.csv,4-5-6,0,CatBoost,c09,False,85.5468,91.19800906040922
b9f96528f2aef5b45fee,CMP-training-134.csv,4-5-6,0,CatBoost,c09,False,87.50175,86.60319919455563
bb0df09181734b422698,CMP-training-134.csv,4-5-6,0,CatBoost,c09,False,86.37765,85.62776619332904
bc12d024ab88925b79a3,CMP-training-134.csv,4-5-6,0,CatBoost,c09,False,80.5515,85.8293491286586
be1c009f94fc2f719790,CMP-training-169.csv,4-5-6,0,CatBoost,c09,False,91.86555,92.10057753269902
c145ab08636103b5a86d,CMP-training-134.csv,4-5-6,0,CatBoost,c09,False,85.2495,87.99476740163377
c149af98f8893fcf94dc,CMP-training-134.csv,4-5-6,0,CatBoost,c09,False,82.5711,85.9040562302747
c2689d966936e2f28cb0,CMP-training-134.csv,4-5-6,0,CatBoost,c09,False,72.7095,84.05778078476771
c3f7f3e32efd1767bcd0,CMP-training-134.csv,4-5-6,0,CatBoost,c09,False,86.5365,88.44948458757933
c4d4be3c8894db3ca4c6,CMP-training-134.csv,4-5-6,0,CatBoost,c09,False,80.0799,84.71461798562783
ca58e87316d91528d53b,CMP-training-134.csv,4-5-6,0,CatBoost,c09,False,88.69005,88.89534364984107
d1a09d39b04c662561c7,CMP-training-134.csv,4-5-6,0,CatBoost,c09,False,82.9389,86.28467156074782
d1cde0857cd77b7cc2cd,CMP-training-134.csv,4-5-6,0,CatBoost,c09,False,77.5875,83.18887827272256
d3a372c400c8ee905193,CMP-training-059.csv,4-5-6,0,CatBoost,c09,False,70.40355,68.49325979229583
d47652d2327635a998ff,CMP-training-134.csv,4-5-6,0,CatBoost,c09,False,79.00635,84.89008004652169
d57cab637c16f39bac00,CMP-training-130.csv,4-5-6,0,CatBoost,c09,False,95.96235,88.70712685187297
d6604001e893d50465c9,CMP-training-134.csv,4-5-6,0,CatBoost,c09,False,80.59335,85.48994591644065
da6cbc0cc8fb2f1d4fcf,CMP-training-134.csv,4-5-6,0,CatBoost,c09,False,84.19215,88.17339566235412
dd673076ab114319d60b,CMP-training-134.csv,4-5-6,0,CatBoost,c09,False,74.0673,84.26915368217813
dd8272943ec2aa21642d,CMP-training-134.csv,4-5-6,0,CatBoost,c09,False,79.54875,83.94099174488244
df98047b395404f88535,CMP-training-063.csv,4-5-6,0,CatBoost,c09,False,61.46865,65.81852591867928
e1f9b37e1b61072eaea5,CMP-training-134.csv,4-5-6,0,CatBoost,c09,False,86.8125,86.61491738052864
e2276616b4ec3ca17f72,CMP-training-134.csv,4-5-6,0,CatBoost,c09,False,85.3674,86.13786255851485
e2f9c7b0c706aba9f934,CMP-training-134.csv,4-5-6,0,CatBoost,c09,False,81.3783,88.80422513493086
e312be6a300868461ca6,CMP-training-134.csv,4-5-6,0,CatBoost,c09,False,88.4625,87.34598520157665
e5108f96e569df0628dc,CMP-training-134.csv,4-5-6,0,CatBoost,c09,False,81.4959,84.4006698615969
e537a6d52d6d38a79649,CMP-training-134.csv,4-5-6,0,CatBoost,c09,False,74.91045,83.91362969885071
ec01351df04d9063c6e9,CMP-training-134.csv,4-5-6,0,CatBoost,c09,False,77.5551,88.55706579953943
ecdd438135f75f141d9b,CMP-training-134.csv,4-5-6,0,CatBoost,c09,False,85.31625,88.55495880807942
edd393c5efd083f6a532,CMP-training-134.csv,4-5-6,0,CatBoost,c09,False,81.7032,87.17757522644499
efc48f8cbbaabcf554c6,CMP-training-134.csv,4-5-6,0,CatBoost,c09,False,86.14785,85.23452587873541
f06ea0af156a76a9fc46,CMP-training-134.csv,4-5-6,0,CatBoost,c09,False,82.73565,84.04182646226911
f5822879b857e610242b,CMP-training-134.csv,4-5-6,0,CatBoost,c09,False,84.8172,87.91154676305175
f5dc6cfd19b7c570b88e,CMP-training-134.csv,4-5-6,0,CatBoost,c09,False,75.3861,85.397241076298
f6f96256e43737dc7d76,CMP-training-134.csv,4-5-6,0,CatBoost,c09,False,94.85685,91.0849775319597
f7ad18590ddb3ed17bca,CMP-training-134.csv,4-5-6,0,CatBoost,c09,False,86.2197,91.60052806781145
f87598c47cd1d953e88b,CMP-training-134.csv,4-5-6,0,CatBoost,c09,False,87.85875,89.1513466185854
fb4846caac2397f192a5,CMP-training-134.csv,4-5-6,0,CatBoost,c09,False,88.63455,86.30475788633737
fb8433566ba1966a8b5d,CMP-training-134.csv,4-5-6,0,CatBoost,c09,False,82.5168,86.86781394661442
ff84ddffe40ac9f70081,CMP-training-130.csv,4-5-6,0,CatBoost,c09,False,91.4808,88.21439281470299
ffbabd9cb1ea7da52864,CMP-training-134.csv,4-5-6,0,CatBoost,c09,False,84.9201,87.35516568231222
fff5f95cfad8221dc1e8,CMP-training-134.csv,4-5-6,0,CatBoost,c09,False,86.1993,86.6024886156294
005be3f7ea5942661e21,CMP-training-134.csv,4-5-6,0,Physics+CatBoost,c17,False,79.16385,87.71673064551022
00eee764fdb0d06f18d7,CMP-training-134.csv,4-5-6,0,Physics+CatBoost,c17,False,85.06125,90.93190657579069
076e4f66aa13145fed64,CMP-training-134.csv,4-5-6,0,Physics+CatBoost,c17,False,83.39745,90.9230841671104
0f850735ed3b5bba8afa,CMP-training-134.csv,4-5-6,0,Physics+CatBoost,c17,False,77.9223,84.81832837618344
121a2470ccf72c444a1f,CMP-training-134.csv,4-5-6,0,Physics+CatBoost,c17,False,83.4975,84.71628567334677
1252bc43010f2e1806a7,CMP-training-134.csv,4-5-6,0,Physics+CatBoost,c17,False,91.728,91.22932509666249
1514938f41dfe7fec825,CMP-training-049.csv,4-5-6,0,Physics+CatBoost,c17,False,62.11335,67.94120755580695
1874d1b13981c7f9feb1,CMP-training-134.csv,4-5-6,0,Physics+CatBoost,c17,False,78.38415,89.49764090446702
1c16072ec062d40d8c56,CMP-training-134.csv,4-5-6,0,Physics+CatBoost,c17,False,85.35075,89.15189265109332
22189d6a8ad3d0ba715b,CMP-training-134.csv,4-5-6,0,Physics+CatBoost,c17,False,80.83995,86.93007945605312
27daee9bdd773d7df726,CMP-training-134.csv,4-5-6,0,Physics+CatBoost,c17,False,80.24985,87.45143271325081
2d56497f1c2ec3edd991,CMP-training-134.csv,4-5-6,0,Physics+CatBoost,c17,False,81.31305,86.59569097958263
30490a7ec04bad6f5ad3,CMP-training-134.csv,4-5-6,0,Physics+CatBoost,c17,False,88.3809,88.968112247427
35eb30a15ace25f87b3f,CMP-training-134.csv,4-5-6,0,Physics+CatBoost,c17,False,95.3367,92.24182311209582
36b0fadc86654ba50842,CMP-training-134.csv,4-5-6,0,Physics+CatBoost,c17,False,81.1914,85.27709694085463
3759837a0075061df68a,CMP-training-134.csv,4-5-6,0,Physics+CatBoost,c17,False,79.2369,87.69017570577377
37a0692e686e1528d545,CMP-training-134.csv,4-5-6,0,Physics+CatBoost,c17,False,90.6483,88.93108166267301
39b4183241e2880cca1c,CMP-training-134.csv,4-5-6,0,Physics+CatBoost,c17,False,85.2402,87.39318769516385
3dad972df935afe3e6a3,CMP-training-134.csv,4-5-6,0,Physics+CatBoost,c17,False,81.88305,89.88835129303446
3f027319c845be8081b3,CMP-training-134.csv,4-5-6,0,Physics+CatBoost,c17,False,82.7115,89.80154330102705
4124575b045ec2a0f695,CMP-training-134.csv,4-5-6,0,Physics+CatBoost,c17,False,83.40015,86.52758085427861
486d154cdc4b42e2fe92,CMP-training-134.csv,4-5-6,0,Physics+CatBoost,c17,False,85.0494,86.81788421385741
48b24502c35a34a9d270,CMP-training-134.csv,4-5-6,0,Physics+CatBoost,c17,False,74.42295,84.35831211357643
50a2668b82a7cde4d0a6,CMP-training-134.csv,4-5-6,0,Physics+CatBoost,c17,False,92.80575,92.28180189875711
515f1018b9ad1771055b,CMP-training-134.csv,4-5-6,0,Physics+CatBoost,c17,False,89.19915,89.61271196971649
53b35b947fc65cfb0b47,CMP-training-169.csv,4-5-6,0,Physics+CatBoost,c17,False,89.20785,86.73930238042675
547f843cc7abfc16a90f,CMP-training-134.csv,4-5-6,0,Physics+CatBoost,c17,False,73.97295,88.29674873613271
56c227384c84739d4d59,CMP-training-134.csv,4-5-6,0,Physics+CatBoost,c17,False,95.6199,82.30199956313437
577ed4c0d1b92e193b14,CMP-training-134.csv,4-5-6,0,Physics+CatBoost,c17,False,88.74105,91.72822298877739
58ffb03108305a9609fa,CMP-training-134.csv,4-5-6,0,Physics+CatBoost,c17,False,85.1418,95.20447345662338
5c6db2df849803923098,CMP-training-134.csv,4-5-6,0,Physics+CatBoost,c17,False,81.6159,89.10892501915451
5d197a42dd6d96de3cc2,CMP-training-134.csv,4-5-6,0,Physics+CatBoost,c17,False,85.10775,91.86517337774488
60a208f6741aea739ce5,CMP-training-134.csv,4-5-6,0,Physics+CatBoost,c17,False,86.13675,87.88254436210856
64c126df8c07338aa957,CMP-training-134.csv,4-5-6,0,Physics+CatBoost,c17,False,77.8443,85.85228739639295
66aff2bcd479119af1f7,CMP-training-134.csv,4-5-6,0,Physics+CatBoost,c17,False,80.27625,85.54636752848083
6d7272fdec18658ca6b3,CMP-training-134.csv,4-5-6,0,Physics+CatBoost,c17,False,78.0558,86.10912664806142
6dcf1d216a685c054c7d,CMP-training-134.csv,4-5-6,0,Physics+CatBoost,c17,False,83.2875,88.45878672240629
6fb8b0c5da652bc8b8c7,CMP-training-134.csv,4-5-6,0,Physics+CatBoost,c17,False,84.1677,90.62123172333119
7580d1a9f9836344443c,CMP-training-134.csv,4-5-6,0,Physics+CatBoost,c17,False,80.78445,89.02078850163369
75eb3a3862995b23b818,CMP-training-134.csv,4-5-6,0,Physics+CatBoost,c17,False,81.72885,88.33315015253373
77ea41007be7b6b45d11,CMP-training-130.csv,4-5-6,0,Physics+CatBoost,c17,False,88.47255,82.23154910284559
7ce8c69a06539826cedc,CMP-training-134.csv,4-5-6,0,Physics+CatBoost,c17,False,84.47055,93.33169434001924
825503730c841b9dc967,CMP-training-169.csv,4-5-6,0,Physics+CatBoost,c17,False,92.01885,86.4913997461659
84778f43d7bec784f7c6,CMP-training-134.csv,4-5-6,0,Physics+CatBoost,c17,False,77.82405,86.07721745513655
86a9bb5edc4b27ce024f,CMP-training-134.csv,4-5-6,0,Physics+CatBoost,c17,False,81.3786,96.08415183722414
87ec0a059c3493cc9d98,CMP-training-134.csv,4-5-6,0,Physics+CatBoost,c17,False,91.1934,92.98157129495804
8adcca24d44cbba76de1,CMP-training-134.csv,4-5-6,0,Physics+CatBoost,c17,False,86.5368,91.03885966515575
90790fce1d048e5472c9,CMP-training-134.csv,4-5-6,0,Physics+CatBoost,c17,False,96.936,84.1299100445577
913bbd47449825014002,CMP-training-134.csv,4-5-6,0,Physics+CatBoost,c17,False,76.1958,87.87333725848563
9184cf2256d412945e81,CMP-training-130.csv,4-5-6,0,Physics+CatBoost,c17,False,96.29445,93.12880630770397
9a870213ae04a554cff1,CMP-training-134.csv,4-5-6,0,Physics+CatBoost,c17,False,75.6351,87.59915944530462
9e679115c465cbbb98f9,CMP-training-049.csv,4-5-6,0,Physics+CatBoost,c17,False,57.73245,68.37224951491655
a31689b13316de1a985b,CMP-training-049.csv,4-5-6,0,Physics+CatBoost,c17,False,57.1299,66.18950608323905
ad3757c58e1757a40875,CMP-training-134.csv,4-5-6,0,Physics+CatBoost,c17,False,86.75505,87.08105026284613
af277ea20b09bf976158,CMP-training-134.csv,4-5-6,0,Physics+CatBoost,c17,False,79.54995,89.53821911550922
b29013fc42352f7ce947,CMP-training-134.csv,4-5-6,0,Physics+CatBoost,c17,False,85.5468,92.5131301916065
b9f96528f2aef5b45fee,CMP-training-134.csv,4-5-6,0,Physics+CatBoost,c17,False,87.50175,89.13291277611647
bb0df09181734b422698,CMP-training-134.csv,4-5-6,0,Physics+CatBoost,c17,False,86.37765,87.1527058989671
bc12d024ab88925b79a3,CMP-training-134.csv,4-5-6,0,Physics+CatBoost,c17,False,80.5515,88.62983570753627
be1c009f94fc2f719790,CMP-training-169.csv,4-5-6,0,Physics+CatBoost,c17,False,91.86555,91.21351102604834
c145ab08636103b5a86d,CMP-training-134.csv,4-5-6,0,Physics+CatBoost,c17,False,85.2495,89.47849255832625
c149af98f8893fcf94dc,CMP-training-134.csv,4-5-6,0,Physics+CatBoost,c17,False,82.5711,87.02162217052049
c2689d966936e2f28cb0,CMP-training-134.csv,4-5-6,0,Physics+CatBoost,c17,False,72.7095,86.6466805391308
c3f7f3e32efd1767bcd0,CMP-training-134.csv,4-5-6,0,Physics+CatBoost,c17,False,86.5365,89.9476293253398
c4d4be3c8894db3ca4c6,CMP-training-134.csv,4-5-6,0,Physics+CatBoost,c17,False,80.0799,86.64197571856683
ca58e87316d91528d53b,CMP-training-134.csv,4-5-6,0,Physics+CatBoost,c17,False,88.69005,90.94769247921015
d1a09d39b04c662561c7,CMP-training-134.csv,4-5-6,0,Physics+CatBoost,c17,False,82.9389,90.74105742377886
d1cde0857cd77b7cc2cd,CMP-training-134.csv,4-5-6,0,Physics+CatBoost,c17,False,77.5875,84.11957850724755
d3a372c400c8ee905193,CMP-training-059.csv,4-5-6,0,Physics+CatBoost,c17,False,70.40355,69.20176966377214
d47652d2327635a998ff,CMP-training-134.csv,4-5-6,0,Physics+CatBoost,c17,False,79.00635,86.07014834561959
d57cab637c16f39bac00,CMP-training-130.csv,4-5-6,0,Physics+CatBoost,c17,False,95.96235,87.79244189442004
d6604001e893d50465c9,CMP-training-134.csv,4-5-6,0,Physics+CatBoost,c17,False,80.59335,86.82197692033046
da6cbc0cc8fb2f1d4fcf,CMP-training-134.csv,4-5-6,0,Physics+CatBoost,c17,False,84.19215,90.36088808340403
dd673076ab114319d60b,CMP-training-134.csv,4-5-6,0,Physics+CatBoost,c17,False,74.0673,86.12634644954733
dd8272943ec2aa21642d,CMP-training-134.csv,4-5-6,0,Physics+CatBoost,c17,False,79.54875,86.59103755181415
df98047b395404f88535,CMP-training-063.csv,4-5-6,0,Physics+CatBoost,c17,False,61.46865,66.08027122557007
e1f9b37e1b61072eaea5,CMP-training-134.csv,4-5-6,0,Physics+CatBoost,c17,False,86.8125,91.04150847529286
e2276616b4ec3ca17f72,CMP-training-134.csv,4-5-6,0,Physics+CatBoost,c17,False,85.3674,91.55304257675535
e2f9c7b0c706aba9f934,CMP-training-134.csv,4-5-6,0,Physics+CatBoost,c17,False,81.3783,90.06348681420005
e312be6a300868461ca6,CMP-training-134.csv,4-5-6,0,Physics+CatBoost,c17,False,88.4625,92.92385647484596
e5108f96e569df0628dc,CMP-training-134.csv,4-5-6,0,Physics+CatBoost,c17,False,81.4959,86.33069514522445
e537a6d52d6d38a79649,CMP-training-134.csv,4-5-6,0,Physics+CatBoost,c17,False,74.91045,83.42371384325904
ec01351df04d9063c6e9,CMP-training-134.csv,4-5-6,0,Physics+CatBoost,c17,False,77.5551,90.4231952398808
ecdd438135f75f141d9b,CMP-training-134.csv,4-5-6,0,Physics+CatBoost,c17,False,85.31625,89.78317372731956
edd393c5efd083f6a532,CMP-training-134.csv,4-5-6,0,Physics+CatBoost,c17,False,81.7032,88.6360573144649
efc48f8cbbaabcf554c6,CMP-training-134.csv,4-5-6,0,Physics+CatBoost,c17,False,86.14785,87.69710768995706
f06ea0af156a76a9fc46,CMP-training-134.csv,4-5-6,0,Physics+CatBoost,c17,False,82.73565,86.55598457802492
f5822879b857e610242b,CMP-training-134.csv,4-5-6,0,Physics+CatBoost,c17,False,84.8172,91.05482699109281
f5dc6cfd19b7c570b88e,CMP-training-134.csv,4-5-6,0,Physics+CatBoost,c17,False,75.3861,87.14549899234493
f6f96256e43737dc7d76,CMP-training-134.csv,4-5-6,0,Physics+CatBoost,c17,False,94.85685,85.79906615101781
f7ad18590ddb3ed17bca,CMP-training-134.csv,4-5-6,0,Physics+CatBoost,c17,False,86.2197,93.3253619682818
f87598c47cd1d953e88b,CMP-training-134.csv,4-5-6,0,Physics+CatBoost,c17,False,87.85875,91.05623414174978
fb4846caac2397f192a5,CMP-training-134.csv,4-5-6,0,Physics+CatBoost,c17,False,88.63455,89.16702867134072
fb8433566ba1966a8b5d,CMP-training-134.csv,4-5-6,0,Physics+CatBoost,c17,False,82.5168,88.80343135954959
ff84ddffe40ac9f70081,CMP-training-130.csv,4-5-6,0,Physics+CatBoost,c17,False,91.4808,84.67102753147805
ffbabd9cb1ea7da52864,CMP-training-134.csv,4-5-6,0,Physics+CatBoost,c17,False,84.9201,88.21657237979761
fff5f95cfad8221dc1e8,CMP-training-134.csv,4-5-6,0,Physics+CatBoost,c17,False,86.1993,90.48435049616266
005be3f7ea5942661e21,CMP-training-134.csv,4-5-6,0,Physics+LightGBM,c22,False,79.16385,86.49019473493087
00eee764fdb0d06f18d7,CMP-training-134.csv,4-5-6,0,Physics+LightGBM,c22,False,85.06125,89.83658031534029
076e4f66aa13145fed64,CMP-training-134.csv,4-5-6,0,Physics+LightGBM,c22,False,83.39745,87.90991578887692
0f850735ed3b5bba8afa,CMP-training-134.csv,4-5-6,0,Physics+LightGBM,c22,False,77.9223,83.90123819339937
121a2470ccf72c444a1f,CMP-training-134.csv,4-5-6,0,Physics+LightGBM,c22,False,83.4975,86.4460867944429
1252bc43010f2e1806a7,CMP-training-134.csv,4-5-6,0,Physics+LightGBM,c22,False,91.728,88.59104013094095
1514938f41dfe7fec825,CMP-training-049.csv,4-5-6,0,Physics+LightGBM,c22,False,62.11335,68.09766044976958
1874d1b13981c7f9feb1,CMP-training-134.csv,4-5-6,0,Physics+LightGBM,c22,False,78.38415,87.35886757970954
1c16072ec062d40d8c56,CMP-training-134.csv,4-5-6,0,Physics+LightGBM,c22,False,85.35075,87.95520230921824
22189d6a8ad3d0ba715b,CMP-training-134.csv,4-5-6,0,Physics+LightGBM,c22,False,80.83995,86.43282857697933
27daee9bdd773d7df726,CMP-training-134.csv,4-5-6,0,Physics+LightGBM,c22,False,80.24985,85.79652796721759
2d56497f1c2ec3edd991,CMP-training-134.csv,4-5-6,0,Physics+LightGBM,c22,False,81.31305,85.55800431781005
30490a7ec04bad6f5ad3,CMP-training-134.csv,4-5-6,0,Physics+LightGBM,c22,False,88.3809,88.55364214487955
35eb30a15ace25f87b3f,CMP-training-134.csv,4-5-6,0,Physics+LightGBM,c22,False,95.3367,91.99954573400859
36b0fadc86654ba50842,CMP-training-134.csv,4-5-6,0,Physics+LightGBM,c22,False,81.1914,84.94922574874748
3759837a0075061df68a,CMP-training-134.csv,4-5-6,0,Physics+LightGBM,c22,False,79.2369,86.72129106214955
37a0692e686e1528d545,CMP-training-134.csv,4-5-6,0,Physics+LightGBM,c22,False,90.6483,86.46489415892331
39b4183241e2880cca1c,CMP-training-134.csv,4-5-6,0,Physics+LightGBM,c22,False,85.2402,86.51349983673175
3dad972df935afe3e6a3,CMP-training-134.csv,4-5-6,0,Physics+LightGBM,c22,False,81.88305,89.15710360098642
3f027319c845be8081b3,CMP-training-134.csv,4-5-6,0,Physics+LightGBM,c22,False,82.7115,87.47072638797094
4124575b045ec2a0f695,CMP-training-134.csv,4-5-6,0,Physics+LightGBM,c22,False,83.40015,84.03262743640195
486d154cdc4b42e2fe92,CMP-training-134.csv,4-5-6,0,Physics+LightGBM,c22,False,85.0494,87.73810236677511
48b24502c35a34a9d270,CMP-training-134.csv,4-5-6,0,Physics+LightGBM,c22,False,74.42295,82.54193290876536
50a2668b82a7cde4d0a6,CMP-training-134.csv,4-5-6,0,Physics+LightGBM,c22,False,92.80575,91.78837575002767
515f1018b9ad1771055b,CMP-training-134.csv,4-5-6,0,Physics+LightGBM,c22,False,89.19915,89.4241407878039
53b35b947fc65cfb0b47,CMP-training-169.csv,4-5-6,0,Physics+LightGBM,c22,False,89.20785,88.1764144014634
547f843cc7abfc16a90f,CMP-training-134.csv,4-5-6,0,Physics+LightGBM,c22,False,73.97295,87.73958415094265
56c227384c84739d4d59,CMP-training-134.csv,4-5-6,0,Physics+LightGBM,c22,False,95.6199,77.23859283553068
577ed4c0d1b92e193b14,CMP-training-134.csv,4-5-6,0,Physics+LightGBM,c22,False,88.74105,89.92092623045876
58ffb03108305a9609fa,CMP-training-134.csv,4-5-6,0,Physics+LightGBM,c22,False,85.1418,93.86511653721006
5c6db2df849803923098,CMP-training-134.csv,4-5-6,0,Physics+LightGBM,c22,False,81.6159,87.18446976191511
5d197a42dd6d96de3cc2,CMP-training-134.csv,4-5-6,0,Physics+LightGBM,c22,False,85.10775,89.73494617593636
60a208f6741aea739ce5,CMP-training-134.csv,4-5-6,0,Physics+LightGBM,c22,False,86.13675,87.02975347004025
64c126df8c07338aa957,CMP-training-134.csv,4-5-6,0,Physics+LightGBM,c22,False,77.8443,85.21861081711864
66aff2bcd479119af1f7,CMP-training-134.csv,4-5-6,0,Physics+LightGBM,c22,False,80.27625,83.88694889322016
6d7272fdec18658ca6b3,CMP-training-134.csv,4-5-6,0,Physics+LightGBM,c22,False,78.0558,86.37262452168031
6dcf1d216a685c054c7d,CMP-training-134.csv,4-5-6,0,Physics+LightGBM,c22,False,83.2875,87.56116448881632
6fb8b0c5da652bc8b8c7,CMP-training-134.csv,4-5-6,0,Physics+LightGBM,c22,False,84.1677,88.1724315129416
7580d1a9f9836344443c,CMP-training-134.csv,4-5-6,0,Physics+LightGBM,c22,False,80.78445,87.98748734700116
75eb3a3862995b23b818,CMP-training-134.csv,4-5-6,0,Physics+LightGBM,c22,False,81.72885,86.32107517150224
77ea41007be7b6b45d11,CMP-training-130.csv,4-5-6,0,Physics+LightGBM,c22,False,88.47255,81.32960507194838
7ce8c69a06539826cedc,CMP-training-134.csv,4-5-6,0,Physics+LightGBM,c22,False,84.47055,90.74166500112737
825503730c841b9dc967,CMP-training-169.csv,4-5-6,0,Physics+LightGBM,c22,False,92.01885,86.48151788996456
84778f43d7bec784f7c6,CMP-training-134.csv,4-5-6,0,Physics+LightGBM,c22,False,77.82405,86.91027592404447
86a9bb5edc4b27ce024f,CMP-training-134.csv,4-5-6,0,Physics+LightGBM,c22,False,81.3786,92.73750537489433
87ec0a059c3493cc9d98,CMP-training-134.csv,4-5-6,0,Physics+LightGBM,c22,False,91.1934,91.55587302242955
8adcca24d44cbba76de1,CMP-training-134.csv,4-5-6,0,Physics+LightGBM,c22,False,86.5368,89.41652601065682
90790fce1d048e5472c9,CMP-training-134.csv,4-5-6,0,Physics+LightGBM,c22,False,96.936,85.39565664264424
913bbd47449825014002,CMP-training-134.csv,4-5-6,0,Physics+LightGBM,c22,False,76.1958,86.05065784784293
9184cf2256d412945e81,CMP-training-130.csv,4-5-6,0,Physics+LightGBM,c22,False,96.29445,88.43616772226498
9a870213ae04a554cff1,CMP-training-134.csv,4-5-6,0,Physics+LightGBM,c22,False,75.6351,88.1892871581812
9e679115c465cbbb98f9,CMP-training-049.csv,4-5-6,0,Physics+LightGBM,c22,False,57.73245,67.67412773238023
a31689b13316de1a985b,CMP-training-049.csv,4-5-6,0,Physics+LightGBM,c22,False,57.1299,67.06140356246675
ad3757c58e1757a40875,CMP-training-134.csv,4-5-6,0,Physics+LightGBM,c22,False,86.75505,85.92097093310336
af277ea20b09bf976158,CMP-training-134.csv,4-5-6,0,Physics+LightGBM,c22,False,79.54995,86.74787496376415
b29013fc42352f7ce947,CMP-training-134.csv,4-5-6,0,Physics+LightGBM,c22,False,85.5468,90.0688571501876
b9f96528f2aef5b45fee,CMP-training-134.csv,4-5-6,0,Physics+LightGBM,c22,False,87.50175,87.67140117942662
bb0df09181734b422698,CMP-training-134.csv,4-5-6,0,Physics+LightGBM,c22,False,86.37765,86.64105552889406
bc12d024ab88925b79a3,CMP-training-134.csv,4-5-6,0,Physics+LightGBM,c22,False,80.5515,89.18393547885593
be1c009f94fc2f719790,CMP-training-169.csv,4-5-6,0,Physics+LightGBM,c22,False,91.86555,90.7760785280278
c145ab08636103b5a86d,CMP-training-134.csv,4-5-6,0,Physics+LightGBM,c22,False,85.2495,88.63454243318245
c149af98f8893fcf94dc,CMP-training-134.csv,4-5-6,0,Physics+LightGBM,c22,False,82.5711,85.02365553185815
c2689d966936e2f28cb0,CMP-training-134.csv,4-5-6,0,Physics+LightGBM,c22,False,72.7095,85.83324470943847
c3f7f3e32efd1767bcd0,CMP-training-134.csv,4-5-6,0,Physics+LightGBM,c22,False,86.5365,87.71733118425577
c4d4be3c8894db3ca4c6,CMP-training-134.csv,4-5-6,0,Physics+LightGBM,c22,False,80.0799,84.68875575971936
ca58e87316d91528d53b,CMP-training-134.csv,4-5-6,0,Physics+LightGBM,c22,False,88.69005,89.35703240033952
d1a09d39b04c662561c7,CMP-training-134.csv,4-5-6,0,Physics+LightGBM,c22,False,82.9389,88.22383189778598
d1cde0857cd77b7cc2cd,CMP-training-134.csv,4-5-6,0,Physics+LightGBM,c22,False,77.5875,83.6303844587269
d3a372c400c8ee905193,CMP-training-059.csv,4-5-6,0,Physics+LightGBM,c22,False,70.40355,69.65907518767555
d47652d2327635a998ff,CMP-training-134.csv,4-5-6,0,Physics+LightGBM,c22,False,79.00635,85.00193711508214
d57cab637c16f39bac00,CMP-training-130.csv,4-5-6,0,Physics+LightGBM,c22,False,95.96235,83.0052090186595
d6604001e893d50465c9,CMP-training-134.csv,4-5-6,0,Physics+LightGBM,c22,False,80.59335,84.0762399247411
da6cbc0cc8fb2f1d4fcf,CMP-training-134.csv,4-5-6,0,Physics+LightGBM,c22,False,84.19215,88.23065864845148
dd673076ab114319d60b,CMP-training-134.csv,4-5-6,0,Physics+LightGBM,c22,False,74.0673,86.48921814547215
dd8272943ec2aa21642d,CMP-training-134.csv,4-5-6,0,Physics+LightGBM,c22,False,79.54875,85.69155599111899
df98047b395404f88535,CMP-training-063.csv,4-5-6,0,Physics+LightGBM,c22,False,61.46865,66.05846455070139
e1f9b37e1b61072eaea5,CMP-training-134.csv,4-5-6,0,Physics+LightGBM,c22,False,86.8125,88.73970427153208
e2276616b4ec3ca17f72,CMP-training-134.csv,4-5-6,0,Physics+LightGBM,c22,False,85.3674,92.47391596502975
e2f9c7b0c706aba9f934,CMP-training-134.csv,4-5-6,0,Physics+LightGBM,c22,False,81.3783,89.02164023937631
e312be6a300868461ca6,CMP-training-134.csv,4-5-6,0,Physics+LightGBM,c22,False,88.4625,90.11530026790938
e5108f96e569df0628dc,CMP-training-134.csv,4-5-6,0,Physics+LightGBM,c22,False,81.4959,85.02199144358435
e537a6d52d6d38a79649,CMP-training-134.csv,4-5-6,0,Physics+LightGBM,c22,False,74.91045,82.734119425428
ec01351df04d9063c6e9,CMP-training-134.csv,4-5-6,0,Physics+LightGBM,c22,False,77.5551,88.52226073272344
ecdd438135f75f141d9b,CMP-training-134.csv,4-5-6,0,Physics+LightGBM,c22,False,85.31625,88.41266473458815
edd393c5efd083f6a532,CMP-training-134.csv,4-5-6,0,Physics+LightGBM,c22,False,81.7032,86.11147270555279
efc48f8cbbaabcf554c6,CMP-training-134.csv,4-5-6,0,Physics+LightGBM,c22,False,86.14785,86.47580912396768
f06ea0af156a76a9fc46,CMP-training-134.csv,4-5-6,0,Physics+LightGBM,c22,False,82.73565,84.3380125316147
f5822879b857e610242b,CMP-training-134.csv,4-5-6,0,Physics+LightGBM,c22,False,84.8172,89.22255117035218
f5dc6cfd19b7c570b88e,CMP-training-134.csv,4-5-6,0,Physics+LightGBM,c22,False,75.3861,86.35934227374624
f6f96256e43737dc7d76,CMP-training-134.csv,4-5-6,0,Physics+LightGBM,c22,False,94.85685,86.84077241356151
f7ad18590ddb3ed17bca,CMP-training-134.csv,4-5-6,0,Physics+LightGBM,c22,False,86.2197,91.24725510230643
f87598c47cd1d953e88b,CMP-training-134.csv,4-5-6,0,Physics+LightGBM,c22,False,87.85875,89.49140949035119
fb4846caac2397f192a5,CMP-training-134.csv,4-5-6,0,Physics+LightGBM,c22,False,88.63455,87.59246724333501
fb8433566ba1966a8b5d,CMP-training-134.csv,4-5-6,0,Physics+LightGBM,c22,False,82.5168,88.83928065561116
ff84ddffe40ac9f70081,CMP-training-130.csv,4-5-6,0,Physics+LightGBM,c22,False,91.4808,84.03373870195443
ffbabd9cb1ea7da52864,CMP-training-134.csv,4-5-6,0,Physics+LightGBM,c22,False,84.9201,87.837992177611
fff5f95cfad8221dc1e8,CMP-training-134.csv,4-5-6,0,Physics+LightGBM,c22,False,86.1993,88.71370810792125
005be3f7ea5942661e21,CMP-training-134.csv,4-5-6,0,StageMean,c00,False,79.16385,83.08858316326531
00eee764fdb0d06f18d7,CMP-training-134.csv,4-5-6,0,StageMean,c00,False,85.06125,83.08858316326531
076e4f66aa13145fed64,CMP-training-134.csv,4-5-6,0,StageMean,c00,False,83.39745,83.08858316326531
0f850735ed3b5bba8afa,CMP-training-134.csv,4-5-6,0,StageMean,c00,False,77.9223,83.08858316326531
121a2470ccf72c444a1f,CMP-training-134.csv,4-5-6,0,StageMean,c00,False,83.4975,83.08858316326531
1252bc43010f2e1806a7,CMP-training-134.csv,4-5-6,0,StageMean,c00,False,91.728,83.08858316326531
1514938f41dfe7fec825,CMP-training-049.csv,4-5-6,0,StageMean,c00,False,62.11335,83.08858316326531
1874d1b13981c7f9feb1,CMP-training-134.csv,4-5-6,0,StageMean,c00,False,78.38415,83.08858316326531
1c16072ec062d40d8c56,CMP-training-134.csv,4-5-6,0,StageMean,c00,False,85.35075,83.08858316326531
22189d6a8ad3d0ba715b,CMP-training-134.csv,4-5-6,0,StageMean,c00,False,80.83995,83.08858316326531
27daee9bdd773d7df726,CMP-training-134.csv,4-5-6,0,StageMean,c00,False,80.24985,83.08858316326531
2d56497f1c2ec3edd991,CMP-training-134.csv,4-5-6,0,StageMean,c00,False,81.31305,83.08858316326531
30490a7ec04bad6f5ad3,CMP-training-134.csv,4-5-6,0,StageMean,c00,False,88.3809,83.08858316326531
35eb30a15ace25f87b3f,CMP-training-134.csv,4-5-6,0,StageMean,c00,False,95.3367,83.08858316326531
36b0fadc86654ba50842,CMP-training-134.csv,4-5-6,0,StageMean,c00,False,81.1914,83.08858316326531
3759837a0075061df68a,CMP-training-134.csv,4-5-6,0,StageMean,c00,False,79.2369,83.08858316326531
37a0692e686e1528d545,CMP-training-134.csv,4-5-6,0,StageMean,c00,False,90.6483,83.08858316326531
39b4183241e2880cca1c,CMP-training-134.csv,4-5-6,0,StageMean,c00,False,85.2402,83.08858316326531
3dad972df935afe3e6a3,CMP-training-134.csv,4-5-6,0,StageMean,c00,False,81.88305,83.08858316326531
3f027319c845be8081b3,CMP-training-134.csv,4-5-6,0,StageMean,c00,False,82.7115,83.08858316326531
4124575b045ec2a0f695,CMP-training-134.csv,4-5-6,0,StageMean,c00,False,83.40015,83.08858316326531
486d154cdc4b42e2fe92,CMP-training-134.csv,4-5-6,0,StageMean,c00,False,85.0494,83.08858316326531
48b24502c35a34a9d270,CMP-training-134.csv,4-5-6,0,StageMean,c00,False,74.42295,83.08858316326531
50a2668b82a7cde4d0a6,CMP-training-134.csv,4-5-6,0,StageMean,c00,False,92.80575,83.08858316326531
515f1018b9ad1771055b,CMP-training-134.csv,4-5-6,0,StageMean,c00,False,89.19915,83.08858316326531
53b35b947fc65cfb0b47,CMP-training-169.csv,4-5-6,0,StageMean,c00,False,89.20785,83.08858316326531
547f843cc7abfc16a90f,CMP-training-134.csv,4-5-6,0,StageMean,c00,False,73.97295,83.08858316326531
56c227384c84739d4d59,CMP-training-134.csv,4-5-6,0,StageMean,c00,False,95.6199,83.08858316326531
577ed4c0d1b92e193b14,CMP-training-134.csv,4-5-6,0,StageMean,c00,False,88.74105,83.08858316326531
58ffb03108305a9609fa,CMP-training-134.csv,4-5-6,0,StageMean,c00,False,85.1418,83.08858316326531
5c6db2df849803923098,CMP-training-134.csv,4-5-6,0,StageMean,c00,False,81.6159,83.08858316326531
5d197a42dd6d96de3cc2,CMP-training-134.csv,4-5-6,0,StageMean,c00,False,85.10775,83.08858316326531
60a208f6741aea739ce5,CMP-training-134.csv,4-5-6,0,StageMean,c00,False,86.13675,83.08858316326531
64c126df8c07338aa957,CMP-training-134.csv,4-5-6,0,StageMean,c00,False,77.8443,83.08858316326531
66aff2bcd479119af1f7,CMP-training-134.csv,4-5-6,0,StageMean,c00,False,80.27625,83.08858316326531
6d7272fdec18658ca6b3,CMP-training-134.csv,4-5-6,0,StageMean,c00,False,78.0558,83.08858316326531
6dcf1d216a685c054c7d,CMP-training-134.csv,4-5-6,0,StageMean,c00,False,83.2875,83.08858316326531
6fb8b0c5da652bc8b8c7,CMP-training-134.csv,4-5-6,0,StageMean,c00,False,84.1677,83.08858316326531
7580d1a9f9836344443c,CMP-training-134.csv,4-5-6,0,StageMean,c00,False,80.78445,83.08858316326531
75eb3a3862995b23b818,CMP-training-134.csv,4-5-6,0,StageMean,c00,False,81.72885,83.08858316326531
77ea41007be7b6b45d11,CMP-training-130.csv,4-5-6,0,StageMean,c00,False,88.47255,83.08858316326531
7ce8c69a06539826cedc,CMP-training-134.csv,4-5-6,0,StageMean,c00,False,84.47055,83.08858316326531
825503730c841b9dc967,CMP-training-169.csv,4-5-6,0,StageMean,c00,False,92.01885,83.08858316326531
84778f43d7bec784f7c6,CMP-training-134.csv,4-5-6,0,StageMean,c00,False,77.82405,83.08858316326531
86a9bb5edc4b27ce024f,CMP-training-134.csv,4-5-6,0,StageMean,c00,False,81.3786,83.08858316326531
87ec0a059c3493cc9d98,CMP-training-134.csv,4-5-6,0,StageMean,c00,False,91.1934,83.08858316326531
8adcca24d44cbba76de1,CMP-training-134.csv,4-5-6,0,StageMean,c00,False,86.5368,83.08858316326531
90790fce1d048e5472c9,CMP-training-134.csv,4-5-6,0,StageMean,c00,False,96.936,83.08858316326531
913bbd47449825014002,CMP-training-134.csv,4-5-6,0,StageMean,c00,False,76.1958,83.08858316326531
9184cf2256d412945e81,CMP-training-130.csv,4-5-6,0,StageMean,c00,False,96.29445,83.08858316326531
9a870213ae04a554cff1,CMP-training-134.csv,4-5-6,0,StageMean,c00,False,75.6351,83.08858316326531
9e679115c465cbbb98f9,CMP-training-049.csv,4-5-6,0,StageMean,c00,False,57.73245,83.08858316326531
a31689b13316de1a985b,CMP-training-049.csv,4-5-6,0,StageMean,c00,False,57.1299,83.08858316326531
ad3757c58e1757a40875,CMP-training-134.csv,4-5-6,0,StageMean,c00,False,86.75505,83.08858316326531
af277ea20b09bf976158,CMP-training-134.csv,4-5-6,0,StageMean,c00,False,79.54995,83.08858316326531
b29013fc42352f7ce947,CMP-training-134.csv,4-5-6,0,StageMean,c00,False,85.5468,83.08858316326531
b9f96528f2aef5b45fee,CMP-training-134.csv,4-5-6,0,StageMean,c00,False,87.50175,83.08858316326531
bb0df09181734b422698,CMP-training-134.csv,4-5-6,0,StageMean,c00,False,86.37765,83.08858316326531
bc12d024ab88925b79a3,CMP-training-134.csv,4-5-6,0,StageMean,c00,False,80.5515,83.08858316326531
be1c009f94fc2f719790,CMP-training-169.csv,4-5-6,0,StageMean,c00,False,91.86555,83.08858316326531
c145ab08636103b5a86d,CMP-training-134.csv,4-5-6,0,StageMean,c00,False,85.2495,83.08858316326531
c149af98f8893fcf94dc,CMP-training-134.csv,4-5-6,0,StageMean,c00,False,82.5711,83.08858316326531
c2689d966936e2f28cb0,CMP-training-134.csv,4-5-6,0,StageMean,c00,False,72.7095,83.08858316326531
c3f7f3e32efd1767bcd0,CMP-training-134.csv,4-5-6,0,StageMean,c00,False,86.5365,83.08858316326531
c4d4be3c8894db3ca4c6,CMP-training-134.csv,4-5-6,0,StageMean,c00,False,80.0799,83.08858316326531
ca58e87316d91528d53b,CMP-training-134.csv,4-5-6,0,StageMean,c00,False,88.69005,83.08858316326531
d1a09d39b04c662561c7,CMP-training-134.csv,4-5-6,0,StageMean,c00,False,82.9389,83.08858316326531
d1cde0857cd77b7cc2cd,CMP-training-134.csv,4-5-6,0,StageMean,c00,False,77.5875,83.08858316326531
d3a372c400c8ee905193,CMP-training-059.csv,4-5-6,0,StageMean,c00,False,70.40355,83.08858316326531
d47652d2327635a998ff,CMP-training-134.csv,4-5-6,0,StageMean,c00,False,79.00635,83.08858316326531
d57cab637c16f39bac00,CMP-training-130.csv,4-5-6,0,StageMean,c00,False,95.96235,83.08858316326531
d6604001e893d50465c9,CMP-training-134.csv,4-5-6,0,StageMean,c00,False,80.59335,83.08858316326531
da6cbc0cc8fb2f1d4fcf,CMP-training-134.csv,4-5-6,0,StageMean,c00,False,84.19215,83.08858316326531
dd673076ab114319d60b,CMP-training-134.csv,4-5-6,0,StageMean,c00,False,74.0673,83.08858316326531
dd8272943ec2aa21642d,CMP-training-134.csv,4-5-6,0,StageMean,c00,False,79.54875,83.08858316326531
df98047b395404f88535,CMP-training-063.csv,4-5-6,0,StageMean,c00,False,61.46865,83.08858316326531
e1f9b37e1b61072eaea5,CMP-training-134.csv,4-5-6,0,StageMean,c00,False,86.8125,83.08858316326531
e2276616b4ec3ca17f72,CMP-training-134.csv,4-5-6,0,StageMean,c00,False,85.3674,83.08858316326531
e2f9c7b0c706aba9f934,CMP-training-134.csv,4-5-6,0,StageMean,c00,False,81.3783,83.08858316326531
e312be6a300868461ca6,CMP-training-134.csv,4-5-6,0,StageMean,c00,False,88.4625,83.08858316326531
e5108f96e569df0628dc,CMP-training-134.csv,4-5-6,0,StageMean,c00,False,81.4959,83.08858316326531
e537a6d52d6d38a79649,CMP-training-134.csv,4-5-6,0,StageMean,c00,False,74.91045,83.08858316326531
ec01351df04d9063c6e9,CMP-training-134.csv,4-5-6,0,StageMean,c00,False,77.5551,83.08858316326531
ecdd438135f75f141d9b,CMP-training-134.csv,4-5-6,0,StageMean,c00,False,85.31625,83.08858316326531
edd393c5efd083f6a532,CMP-training-134.csv,4-5-6,0,StageMean,c00,False,81.7032,83.08858316326531
efc48f8cbbaabcf554c6,CMP-training-134.csv,4-5-6,0,StageMean,c00,False,86.14785,83.08858316326531
f06ea0af156a76a9fc46,CMP-training-134.csv,4-5-6,0,StageMean,c00,False,82.73565,83.08858316326531
f5822879b857e610242b,CMP-training-134.csv,4-5-6,0,StageMean,c00,False,84.8172,83.08858316326531
f5dc6cfd19b7c570b88e,CMP-training-134.csv,4-5-6,0,StageMean,c00,False,75.3861,83.08858316326531
f6f96256e43737dc7d76,CMP-training-134.csv,4-5-6,0,StageMean,c00,False,94.85685,83.08858316326531
f7ad18590ddb3ed17bca,CMP-training-134.csv,4-5-6,0,StageMean,c00,False,86.2197,83.08858316326531
f87598c47cd1d953e88b,CMP-training-134.csv,4-5-6,0,StageMean,c00,False,87.85875,83.08858316326531
fb4846caac2397f192a5,CMP-training-134.csv,4-5-6,0,StageMean,c00,False,88.63455,83.08858316326531
fb8433566ba1966a8b5d,CMP-training-134.csv,4-5-6,0,StageMean,c00,False,82.5168,83.08858316326531
ff84ddffe40ac9f70081,CMP-training-130.csv,4-5-6,0,StageMean,c00,False,91.4808,83.08858316326531
ffbabd9cb1ea7da52864,CMP-training-134.csv,4-5-6,0,StageMean,c00,False,84.9201,83.08858316326531
fff5f95cfad8221dc1e8,CMP-training-134.csv,4-5-6,0,StageMean,c00,False,86.1993,83.08858316326531
005be3f7ea5942661e21,CMP-training-134.csv,4-5-6,0,PrestonInspired,c01,False,79.16385,89.36206032006386
00eee764fdb0d06f18d7,CMP-training-134.csv,4-5-6,0,PrestonInspired,c01,False,85.06125,90.30709116920062
076e4f66aa13145fed64,CMP-training-134.csv,4-5-6,0,PrestonInspired,c01,False,83.39745,91.28405162830242
0f850735ed3b5bba8afa,CMP-training-134.csv,4-5-6,0,PrestonInspired,c01,False,77.9223,89.070180877713
121a2470ccf72c444a1f,CMP-training-134.csv,4-5-6,0,PrestonInspired,c01,False,83.4975,90.51499782939263
1252bc43010f2e1806a7,CMP-training-134.csv,4-5-6,0,PrestonInspired,c01,False,91.728,89.67332329410057
1514938f41dfe7fec825,CMP-training-049.csv,4-5-6,0,PrestonInspired,c01,False,62.11335,74.54530808734494
1874d1b13981c7f9feb1,CMP-training-134.csv,4-5-6,0,PrestonInspired,c01,False,78.38415,89.87112136959678
1c16072ec062d40d8c56,CMP-training-134.csv,4-5-6,0,PrestonInspired,c01,False,85.35075,90.02846773933199
22189d6a8ad3d0ba715b,CMP-training-134.csv,4-5-6,0,PrestonInspired,c01,False,80.83995,89.6964706639553
27daee9bdd773d7df726,CMP-training-134.csv,4-5-6,0,PrestonInspired,c01,False,80.24985,89.47229744255901
2d56497f1c2ec3edd991,CMP-training-134.csv,4-5-6,0,PrestonInspired,c01,False,81.31305,89.46878492359552
30490a7ec04bad6f5ad3,CMP-training-134.csv,4-5-6,0,PrestonInspired,c01,False,88.3809,90.61386655721037
35eb30a15ace25f87b3f,CMP-training-134.csv,4-5-6,0,PrestonInspired,c01,False,95.3367,92.17249370417119
36b0fadc86654ba50842,CMP-training-134.csv,4-5-6,0,PrestonInspired,c01,False,81.1914,89.14737341077775
3759837a0075061df68a,CMP-training-134.csv,4-5-6,0,PrestonInspired,c01,False,79.2369,89.85523920403912
37a0692e686e1528d545,CMP-training-134.csv,4-5-6,0,PrestonInspired,c01,False,90.6483,90.565967864464
39b4183241e2880cca1c,CMP-training-134.csv,4-5-6,0,PrestonInspired,c01,False,85.2402,89.18290725265199
3dad972df935afe3e6a3,CMP-training-134.csv,4-5-6,0,PrestonInspired,c01,False,81.88305,89.78682607950948
3f027319c845be8081b3,CMP-training-134.csv,4-5-6,0,PrestonInspired,c01,False,82.7115,89.4549848755751
4124575b045ec2a0f695,CMP-training-134.csv,4-5-6,0,PrestonInspired,c01,False,83.40015,88.96869429326946
486d154cdc4b42e2fe92,CMP-training-134.csv,4-5-6,0,PrestonInspired,c01,False,85.0494,90.3072599469236
48b24502c35a34a9d270,CMP-training-134.csv,4-5-6,0,PrestonInspired,c01,False,74.42295,89.48696425757963
50a2668b82a7cde4d0a6,CMP-training-134.csv,4-5-6,0,PrestonInspired,c01,False,92.80575,90.31735075350697
515f1018b9ad1771055b,CMP-training-134.csv,4-5-6,0,PrestonInspired,c01,False,89.19915,91.30873435582399
53b35b947fc65cfb0b47,CMP-training-169.csv,4-5-6,0,PrestonInspired,c01,False,89.20785,90.84995031814131
547f843cc7abfc16a90f,CMP-training-134.csv,4-5-6,0,PrestonInspired,c01,False,73.97295,90.45413778468347
56c227384c84739d4d59,CMP-training-134.csv,4-5-6,0,PrestonInspired,c01,False,95.6199,88.36175568084013
577ed4c0d1b92e193b14,CMP-training-134.csv,4-5-6,0,PrestonInspired,c01,False,88.74105,90.87716489511715
58ffb03108305a9609fa,CMP-training-134.csv,4-5-6,0,PrestonInspired,c01,False,85.1418,94.0995843038364
5c6db2df849803923098,CMP-training-134.csv,4-5-6,0,PrestonInspired,c01,False,81.6159,89.72313598716788
5d197a42dd6d96de3cc2,CMP-training-134.csv,4-5-6,0,PrestonInspired,c01,False,85.10775,90.79491017371075
60a208f6741aea739ce5,CMP-training-134.csv,4-5-6,0,PrestonInspired,c01,False,86.13675,88.99746944662509
64c126df8c07338aa957,CMP-training-134.csv,4-5-6,0,PrestonInspired,c01,False,77.8443,89.78615814985797
66aff2bcd479119af1f7,CMP-training-134.csv,4-5-6,0,PrestonInspired,c01,False,80.27625,89.00994054360937
6d7272fdec18658ca6b3,CMP-training-134.csv,4-5-6,0,PrestonInspired,c01,False,78.0558,89.33951025219005
6dcf1d216a685c054c7d,CMP-training-134.csv,4-5-6,0,PrestonInspired,c01,False,83.2875,90.06535409536147
6fb8b0c5da652bc8b8c7,CMP-training-134.csv,4-5-6,0,PrestonInspired,c01,False,84.1677,89.40461757930454
7580d1a9f9836344443c,CMP-training-134.csv,4-5-6,0,PrestonInspired,c01,False,80.78445,89.96689590941962
75eb3a3862995b23b818,CMP-training-134.csv,4-5-6,0,PrestonInspired,c01,False,81.72885,89.89464714772248
77ea41007be7b6b45d11,CMP-training-130.csv,4-5-6,0,PrestonInspired,c01,False,88.47255,87.72739630294346
7ce8c69a06539826cedc,CMP-training-134.csv,4-5-6,0,PrestonInspired,c01,False,84.47055,90.91699323108662
825503730c841b9dc967,CMP-training-169.csv,4-5-6,0,PrestonInspired,c01,False,92.01885,85.52467582198773
84778f43d7bec784f7c6,CMP-training-134.csv,4-5-6,0,PrestonInspired,c01,False,77.82405,90.51340753994526
86a9bb5edc4b27ce024f,CMP-training-134.csv,4-5-6,0,PrestonInspired,c01,False,81.3786,90.96905933056699
87ec0a059c3493cc9d98,CMP-training-134.csv,4-5-6,0,PrestonInspired,c01,False,91.1934,90.85428206902459
8adcca24d44cbba76de1,CMP-training-134.csv,4-5-6,0,PrestonInspired,c01,False,86.5368,88.92579766604602
90790fce1d048e5472c9,CMP-training-134.csv,4-5-6,0,PrestonInspired,c01,False,96.936,92.44043281238622
913bbd47449825014002,CMP-training-134.csv,4-5-6,0,PrestonInspired,c01,False,76.1958,87.59253334682329
9184cf2256d412945e81,CMP-training-130.csv,4-5-6,0,PrestonInspired,c01,False,96.29445,92.55432663285464
9a870213ae04a554cff1,CMP-training-134.csv,4-5-6,0,PrestonInspired,c01,False,75.6351,91.11702200100493
9e679115c465cbbb98f9,CMP-training-049.csv,4-5-6,0,PrestonInspired,c01,False,57.73245,74.49697928442144
a31689b13316de1a985b,CMP-training-049.csv,4-5-6,0,PrestonInspired,c01,False,57.1299,73.85611772930582
ad3757c58e1757a40875,CMP-training-134.csv,4-5-6,0,PrestonInspired,c01,False,86.75505,91.1820643030991
af277ea20b09bf976158,CMP-training-134.csv,4-5-6,0,PrestonInspired,c01,False,79.54995,91.17112140224621
b29013fc42352f7ce947,CMP-training-134.csv,4-5-6,0,PrestonInspired,c01,False,85.5468,90.2222160812744
b9f96528f2aef5b45fee,CMP-training-134.csv,4-5-6,0,PrestonInspired,c01,False,87.50175,90.12518922317528
bb0df09181734b422698,CMP-training-134.csv,4-5-6,0,PrestonInspired,c01,False,86.37765,88.20220525124122
bc12d024ab88925b79a3,CMP-training-134.csv,4-5-6,0,PrestonInspired,c01,False,80.5515,90.47330599242906
be1c009f94fc2f719790,CMP-training-169.csv,4-5-6,0,PrestonInspired,c01,False,91.86555,90.7013060784473
c145ab08636103b5a86d,CMP-training-134.csv,4-5-6,0,PrestonInspired,c01,False,85.2495,90.98846195995276
c149af98f8893fcf94dc,CMP-training-134.csv,4-5-6,0,PrestonInspired,c01,False,82.5711,89.47527382142853
c2689d966936e2f28cb0,CMP-training-134.csv,4-5-6,0,PrestonInspired,c01,False,72.7095,90.30978848250537
c3f7f3e32efd1767bcd0,CMP-training-134.csv,4-5-6,0,PrestonInspired,c01,False,86.5365,89.81187212577717
c4d4be3c8894db3ca4c6,CMP-training-134.csv,4-5-6,0,PrestonInspired,c01,False,80.0799,89.01197625378747
ca58e87316d91528d53b,CMP-training-134.csv,4-5-6,0,PrestonInspired,c01,False,88.69005,90.30423961924572
d1a09d39b04c662561c7,CMP-training-134.csv,4-5-6,0,PrestonInspired,c01,False,82.9389,91.58853015051001
d1cde0857cd77b7cc2cd,CMP-training-134.csv,4-5-6,0,PrestonInspired,c01,False,77.5875,89.62408263717533
d3a372c400c8ee905193,CMP-training-059.csv,4-5-6,0,PrestonInspired,c01,False,70.40355,74.00501718161689
d47652d2327635a998ff,CMP-training-134.csv,4-5-6,0,PrestonInspired,c01,False,79.00635,89.11972586330842
d57cab637c16f39bac00,CMP-training-130.csv,4-5-6,0,PrestonInspired,c01,False,95.96235,90.2766849030283
d6604001e893d50465c9,CMP-training-134.csv,4-5-6,0,PrestonInspired,c01,False,80.59335,89.02341994525582
da6cbc0cc8fb2f1d4fcf,CMP-training-134.csv,4-5-6,0,PrestonInspired,c01,False,84.19215,90.04196872692778
dd673076ab114319d60b,CMP-training-134.csv,4-5-6,0,PrestonInspired,c01,False,74.0673,89.36560042716609
dd8272943ec2aa21642d,CMP-training-134.csv,4-5-6,0,PrestonInspired,c01,False,79.54875,90.06367443368421
df98047b395404f88535,CMP-training-063.csv,4-5-6,0,PrestonInspired,c01,False,61.46865,72.91706910502292
e1f9b37e1b61072eaea5,CMP-training-134.csv,4-5-6,0,PrestonInspired,c01,False,86.8125,90.88953008195095
e2276616b4ec3ca17f72,CMP-training-134.csv,4-5-6,0,PrestonInspired,c01,False,85.3674,94.76999747680283
e2f9c7b0c706aba9f934,CMP-training-134.csv,4-5-6,0,PrestonInspired,c01,False,81.3783,88.87303557342076
e312be6a300868461ca6,CMP-training-134.csv,4-5-6,0,PrestonInspired,c01,False,88.4625,89.94626261389764
e5108f96e569df0628dc,CMP-training-134.csv,4-5-6,0,PrestonInspired,c01,False,81.4959,89.01296187921031
e537a6d52d6d38a79649,CMP-training-134.csv,4-5-6,0,PrestonInspired,c01,False,74.91045,84.89611380435615
ec01351df04d9063c6e9,CMP-training-134.csv,4-5-6,0,PrestonInspired,c01,False,77.5551,90.91484743409312
ecdd438135f75f141d9b,CMP-training-134.csv,4-5-6,0,PrestonInspired,c01,False,85.31625,89.39677067460448
edd393c5efd083f6a532,CMP-training-134.csv,4-5-6,0,PrestonInspired,c01,False,81.7032,88.8687871543664
efc48f8cbbaabcf554c6,CMP-training-134.csv,4-5-6,0,PrestonInspired,c01,False,86.14785,90.98879973381327
f06ea0af156a76a9fc46,CMP-training-134.csv,4-5-6,0,PrestonInspired,c01,False,82.73565,89.10932183489086
f5822879b857e610242b,CMP-training-134.csv,4-5-6,0,PrestonInspired,c01,False,84.8172,91.54407184208112
f5dc6cfd19b7c570b88e,CMP-training-134.csv,4-5-6,0,PrestonInspired,c01,False,75.3861,89.72613192151238
f6f96256e43737dc7d76,CMP-training-134.csv,4-5-6,0,PrestonInspired,c01,False,94.85685,93.62295956085092
f7ad18590ddb3ed17bca,CMP-training-134.csv,4-5-6,0,PrestonInspired,c01,False,86.2197,91.89031619123433
f87598c47cd1d953e88b,CMP-training-134.csv,4-5-6,0,PrestonInspired,c01,False,87.85875,89.30515653776573
fb4846caac2397f192a5,CMP-training-134.csv,4-5-6,0,PrestonInspired,c01,False,88.63455,89.5037688502051
fb8433566ba1966a8b5d,CMP-training-134.csv,4-5-6,0,PrestonInspired,c01,False,82.5168,91.33960656979914
ff84ddffe40ac9f70081,CMP-training-130.csv,4-5-6,0,PrestonInspired,c01,False,91.4808,90.1032334453812
ffbabd9cb1ea7da52864,CMP-training-134.csv,4-5-6,0,PrestonInspired,c01,False,84.9201,89.22564310625282
fff5f95cfad8221dc1e8,CMP-training-134.csv,4-5-6,0,PrestonInspired,c01,False,86.1993,89.19184136442688
0503fa7532d16231373b,CMP-training-101.csv,4-5-6,1,XGBoost,c06,True,86.1816,89.86383819580078
05e352c7aee30e0a91c1,CMP-training-053.csv,4-5-6,1,XGBoost,c06,True,67.31955,66.3327407836914
0a3371b2f2911c0f1d13,CMP-training-101.csv,4-5-6,1,XGBoost,c06,True,90.53775,81.25273895263672
0afebc737ab594f1c7b5,CMP-training-101.csv,4-5-6,1,XGBoost,c06,True,90.2769,87.22174072265625
0c1bfc8a83d5f95171f8,CMP-training-171.csv,4-5-6,1,XGBoost,c06,True,83.82225,85.65087127685547
0da647c8d6f4bd982136,CMP-training-101.csv,4-5-6,1,XGBoost,c06,True,84.015,81.07527160644531
11f30c2bc548fa0d4998,CMP-training-101.csv,4-5-6,1,XGBoost,c06,True,85.33245,82.04855346679688
12b597cb0c726a3151e4,CMP-training-101.csv,4-5-6,1,XGBoost,c06,True,95.58105,85.84317016601562
132c1b81271bab7101a3,CMP-training-101.csv,4-5-6,1,XGBoost,c06,True,95.3712,86.84595489501953
167866d90097edd8fc00,CMP-training-053.csv,4-5-6,1,XGBoost,c06,True,76.2096,81.00428009033203
16f26f32a5d7b9b539a2,CMP-training-101.csv,4-5-6,1,XGBoost,c06,True,90.4701,91.07537841796875
186e18e542d83a07c02c,CMP-training-101.csv,4-5-6,1,XGBoost,c06,True,86.8794,84.90495300292969
1947351cf641e50cfd08,CMP-training-101.csv,4-5-6,1,XGBoost,c06,True,87.32445,88.72453308105469
1db3dbf17108dc540eec,CMP-training-101.csv,4-5-6,1,XGBoost,c06,True,99.8547,93.10769653320312
1dca7527b4e57c0f235c,CMP-training-053.csv,4-5-6,1,XGBoost,c06,True,64.6767,68.27210235595703
222edc660ee4209ca385,CMP-training-047.csv,4-5-6,1,XGBoost,c06,True,64.54035,63.44139862060547
22a4b8985d7779eb27d1,CMP-training-058.csv,4-5-6,1,XGBoost,c06,True,66.38145,66.07783508300781
22f89a616e569223c39e,CMP-training-047.csv,4-5-6,1,XGBoost,c06,True,62.2413,62.93445587158203
253cddb18ef60ff680ab,CMP-training-101.csv,4-5-6,1,XGBoost,c06,True,87.4689,79.06816864013672
2656d3add865fd1c3323,CMP-training-166.csv,4-5-6,1,XGBoost,c06,True,83.67975,82.483642578125
26c63f3c5839c506aaf9,CMP-training-101.csv,4-5-6,1,XGBoost,c06,True,84.15975,79.05471801757812
2752a6a639957b0175db,CMP-training-166.csv,4-5-6,1,XGBoost,c06,True,86.92215,82.8655776977539
28441326f94ba0a5b14f,CMP-training-171.csv,4-5-6,1,XGBoost,c06,True,85.39035,87.72908020019531
2a2939c71a2c18a9260d,CMP-training-101.csv,4-5-6,1,XGBoost,c06,True,86.3877,85.0599365234375
2cb7373298abc6fa4dc6,CMP-training-047.csv,4-5-6,1,XGBoost,c06,True,65.418,67.70478057861328
2d66d854edf651b287ea,CMP-training-101.csv,4-5-6,1,XGBoost,c06,True,87.1047,81.8636474609375
2ec6700e2224a3e08867,CMP-training-101.csv,4-5-6,1,XGBoost,c06,True,83.29515,85.57010650634766
2ed601f8363344287667,CMP-training-058.csv,4-5-6,1,XGBoost,c06,True,67.14225,67.33119201660156
35552005e2e5bb9437a8,CMP-training-101.csv,4-5-6,1,XGBoost,c06,True,87.43395,89.75499725341797
3607962da81ca103a891,CMP-training-101.csv,4-5-6,1,XGBoost,c06,True,86.95065,83.35364532470703
39aa390ac4260261ad21,CMP-training-101.csv,4-5-6,1,XGBoost,c06,True,86.2803,85.09888458251953
3b9799fb6f7d990eb3a0,CMP-training-101.csv,4-5-6,1,XGBoost,c06,True,86.9031,80.90919494628906
3e98716b0d5d53f8b96e,CMP-training-058.csv,4-5-6,1,XGBoost,c06,True,64.8096,63.226688385009766
3f03001701f4dae6e3fe,CMP-training-101.csv,4-5-6,1,XGBoost,c06,True,92.82675,82.62103271484375
4219fb79ba1ee16c1c01,CMP-training-166.csv,4-5-6,1,XGBoost,c06,True,84.90285,82.43204498291016
465d4c727adcab8e31eb,CMP-training-101.csv,4-5-6,1,XGBoost,c06,True,86.7111,90.08332824707031
475314340343ca883cb9,CMP-training-101.csv,4-5-6,1,XGBoost,c06,True,94.0935,88.57508850097656
47a86e77d08d8d666237,CMP-training-101.csv,4-5-6,1,XGBoost,c06,True,89.23815,82.76908111572266
4c73534d684a3116a73c,CMP-training-171.csv,4-5-6,1,XGBoost,c06,True,79.9269,86.1099624633789
52c1daa786a22df7c179,CMP-training-101.csv,4-5-6,1,XGBoost,c06,True,84.8715,85.27738189697266
54533ac338be7d35ddf3,CMP-training-118.csv,4-5-6,1,XGBoost,c06,True,89.8167,93.22493743896484
58571e66aaaa10636710,CMP-training-101.csv,4-5-6,1,XGBoost,c06,True,94.31475,90.42867279052734
599487cc2ca6f8f86413,CMP-training-101.csv,4-5-6,1,XGBoost,c06,True,86.75685,85.23387145996094
5c20268fdb686e60e15a,CMP-training-101.csv,4-5-6,1,XGBoost,c06,True,87.87435,84.80709838867188
69f3a61f65c9cc132300,CMP-training-101.csv,4-5-6,1,XGBoost,c06,True,85.78935,81.4789047241211
6c04bd525b4373e2a9b0,CMP-training-101.csv,4-5-6,1,XGBoost,c06,True,86.42175,83.43637084960938
6ec38443bb3f9efbdea9,CMP-training-101.csv,4-5-6,1,XGBoost,c06,True,91.99545,89.23393249511719
706895e70a25b52a0444,CMP-training-101.csv,4-5-6,1,XGBoost,c06,True,83.6727,79.59750366210938
7376584a67fae2bf8c16,CMP-training-118.csv,4-5-6,1,XGBoost,c06,True,88.0542,91.87371063232422
73c0ed135fd00f62694b,CMP-training-118.csv,4-5-6,1,XGBoost,c06,True,88.03935,90.38036346435547
7a684c9c55a0788225dd,CMP-training-101.csv,4-5-6,1,XGBoost,c06,True,88.96125,85.30216217041016
7af7fdb40878f9474300,CMP-training-101.csv,4-5-6,1,XGBoost,c06,True,79.3944,84.47509002685547
7dfdfeb7f36e1e44e92b,CMP-training-053.csv,4-5-6,1,XGBoost,c06,True,64.75125,65.17774200439453
7f49ac0391e66ff66e06,CMP-training-101.csv,4-5-6,1,XGBoost,c06,True,91.45425,86.4111099243164
8146113cc7cd6c341483,CMP-training-101.csv,4-5-6,1,XGBoost,c06,True,82.2303,79.01142883300781
84401df588888d7bc7e7,CMP-training-056.csv,4-5-6,1,XGBoost,c06,True,66.56505,69.49394989013672
84574d21cf8977b52c68,CMP-training-101.csv,4-5-6,1,XGBoost,c06,True,82.59735,87.80919647216797
8d7a8913b04ebbfa3dfa,CMP-training-118.csv,4-5-6,1,XGBoost,c06,True,84.954,88.71781921386719
8da0440b12cf38c26e8e,CMP-training-053.csv,4-5-6,1,XGBoost,c06,True,64.8564,68.55840301513672
927fc0f9d244a350705c,CMP-training-101.csv,4-5-6,1,XGBoost,c06,True,91.0362,87.57780456542969
93f643ef03918000025c,CMP-training-101.csv,4-5-6,1,XGBoost,c06,True,87.00465,84.06620025634766
970a6f390bebb316abca,CMP-training-101.csv,4-5-6,1,XGBoost,c06,True,76.45845,71.25269317626953
9ca3aa93b392bca202ef,CMP-training-171.csv,4-5-6,1,XGBoost,c06,True,86.8347,88.52759552001953
9f01c980fa1958b2f806,CMP-training-101.csv,4-5-6,1,XGBoost,c06,True,86.8221,84.8758316040039
9f901e12f57b2b0c8c22,CMP-training-101.csv,4-5-6,1,XGBoost,c06,True,85.5699,84.5408935546875
a49905eef7dd8229f1fe,CMP-training-101.csv,4-5-6,1,XGBoost,c06,True,77.8269,70.77782440185547
a5fd1e4cc339eda1fe2d,CMP-training-171.csv,4-5-6,1,XGBoost,c06,True,87.74865,87.65325927734375
a6cffe78de3e02bb1ce0,CMP-training-101.csv,4-5-6,1,XGBoost,c06,True,87.10995,86.557861328125
a7f4ab1cfebeb0d1b779,CMP-training-101.csv,4-5-6,1,XGBoost,c06,True,87.44205,84.78449249267578
af193fd79a005e307209,CMP-training-101.csv,4-5-6,1,XGBoost,c06,True,93.2031,90.99996948242188
b4157959af56aa9ac6a9,CMP-training-101.csv,4-5-6,1,XGBoost,c06,True,85.9797,87.30284118652344
b4d279d0a302676bfbdc,CMP-training-053.csv,4-5-6,1,XGBoost,c06,True,65.6472,71.36792755126953
b65b121d6925df5f5233,CMP-training-101.csv,4-5-6,1,XGBoost,c06,True,90.99915,87.19464111328125
be1a6cd030718a795d9a,CMP-training-101.csv,4-5-6,1,XGBoost,c06,True,80.5098,79.48934936523438
becdf9651be28618e8e3,CMP-training-101.csv,4-5-6,1,XGBoost,c06,True,85.6881,88.959228515625
c4bc2de7cbe95466f059,CMP-training-058.csv,4-5-6,1,XGBoost,c06,True,68.92695,64.08770751953125
c538d6e68f5c2e9ce02b,CMP-training-101.csv,4-5-6,1,XGBoost,c06,True,83.46315,86.986083984375
c665bec6d4dedb4949dc,CMP-training-101.csv,4-5-6,1,XGBoost,c06,True,86.3625,83.98957061767578
c715a0b4ae7af068cb3d,CMP-training-101.csv,4-5-6,1,XGBoost,c06,True,84.91215,88.02398681640625
cb3faea45eb5a7a905fe,CMP-training-101.csv,4-5-6,1,XGBoost,c06,True,86.41125,86.43793487548828
cf8054ad4e397ee2b106,CMP-training-101.csv,4-5-6,1,XGBoost,c06,True,83.95515,87.73539733886719
cfa09bcca98a3fc939a3,CMP-training-101.csv,4-5-6,1,XGBoost,c06,True,80.9778,80.48936462402344
d2e847dae1a8c81ba82a,CMP-training-101.csv,4-5-6,1,XGBoost,c06,True,81.8391,84.41901397705078
d7362cca5559460d595e,CMP-training-101.csv,4-5-6,1,XGBoost,c06,True,87.9141,87.32007598876953
dc27cf1564433362baeb,CMP-training-171.csv,4-5-6,1,XGBoost,c06,True,86.3628,89.91104888916016
e0f86edd1308ffb68e05,CMP-training-171.csv,4-5-6,1,XGBoost,c06,True,85.98645,84.71826171875
e3e44935e8d22fa2ab7b,CMP-training-101.csv,4-5-6,1,XGBoost,c06,True,88.93695,84.22303771972656
e53befd14cc461cb0766,CMP-training-101.csv,4-5-6,1,XGBoost,c06,True,90.4239,87.43766784667969
e54036210e8cf9aec66b,CMP-training-171.csv,4-5-6,1,XGBoost,c06,True,88.69725,90.85962677001953
e5e6d346655ab5ed8999,CMP-training-101.csv,4-5-6,1,XGBoost,c06,True,89.7015,91.79081726074219
e6aa46452be5290f2ee7,CMP-training-053.csv,4-5-6,1,XGBoost,c06,True,65.9526,68.06498718261719
e81b53ce8f9871fa6fee,CMP-training-171.csv,4-5-6,1,XGBoost,c06,True,87.85815,87.39198303222656
ecd33beacec4f14b5aae,CMP-training-053.csv,4-5-6,1,XGBoost,c06,True,67.70235,70.18896484375
f3708373f1592353fed9,CMP-training-058.csv,4-5-6,1,XGBoost,c06,True,71.55435,68.28102111816406
f7e81e4ae628b203d4b9,CMP-training-101.csv,4-5-6,1,XGBoost,c06,True,87.0783,85.41119384765625
fa3a141acf64cb6098e8,CMP-training-101.csv,4-5-6,1,XGBoost,c06,True,86.92755,90.4794921875
fdc6b2b433b5592ca012,CMP-training-101.csv,4-5-6,1,XGBoost,c06,True,92.5014,90.67369079589844
0503fa7532d16231373b,CMP-training-101.csv,4-5-6,1,CatBoost,c09,False,86.1816,87.7498839670337
05e352c7aee30e0a91c1,CMP-training-053.csv,4-5-6,1,CatBoost,c09,False,67.31955,65.59054107315666
0a3371b2f2911c0f1d13,CMP-training-101.csv,4-5-6,1,CatBoost,c09,False,90.53775,81.30650449084649
0afebc737ab594f1c7b5,CMP-training-101.csv,4-5-6,1,CatBoost,c09,False,90.2769,89.03805842204812
0c1bfc8a83d5f95171f8,CMP-training-171.csv,4-5-6,1,CatBoost,c09,False,83.82225,86.29644237152614
0da647c8d6f4bd982136,CMP-training-101.csv,4-5-6,1,CatBoost,c09,False,84.015,82.6468858146505
11f30c2bc548fa0d4998,CMP-training-101.csv,4-5-6,1,CatBoost,c09,False,85.33245,82.27810945602882
12b597cb0c726a3151e4,CMP-training-101.csv,4-5-6,1,CatBoost,c09,False,95.58105,85.42905190240603
132c1b81271bab7101a3,CMP-training-101.csv,4-5-6,1,CatBoost,c09,False,95.3712,86.36160239485406
167866d90097edd8fc00,CMP-training-053.csv,4-5-6,1,CatBoost,c09,False,76.2096,77.15476569878209
16f26f32a5d7b9b539a2,CMP-training-101.csv,4-5-6,1,CatBoost,c09,False,90.4701,89.47638112695788
186e18e542d83a07c02c,CMP-training-101.csv,4-5-6,1,CatBoost,c09,False,86.8794,84.81382564062525
1947351cf641e50cfd08,CMP-training-101.csv,4-5-6,1,CatBoost,c09,False,87.32445,88.81448217195089
1db3dbf17108dc540eec,CMP-training-101.csv,4-5-6,1,CatBoost,c09,False,99.8547,92.60561609630524
1dca7527b4e57c0f235c,CMP-training-053.csv,4-5-6,1,CatBoost,c09,False,64.6767,64.36078347978382
222edc660ee4209ca385,CMP-training-047.csv,4-5-6,1,CatBoost,c09,False,64.54035,63.37958638516683
22a4b8985d7779eb27d1,CMP-training-058.csv,4-5-6,1,CatBoost,c09,False,66.38145,64.11690202819499
22f89a616e569223c39e,CMP-training-047.csv,4-5-6,1,CatBoost,c09,False,62.2413,64.13419164025255
253cddb18ef60ff680ab,CMP-training-101.csv,4-5-6,1,CatBoost,c09,False,87.4689,79.68117643069036
2656d3add865fd1c3323,CMP-training-166.csv,4-5-6,1,CatBoost,c09,False,83.67975,83.70084709425747
26c63f3c5839c506aaf9,CMP-training-101.csv,4-5-6,1,CatBoost,c09,False,84.15975,80.97446313420237
2752a6a639957b0175db,CMP-training-166.csv,4-5-6,1,CatBoost,c09,False,86.92215,82.29612931789923
28441326f94ba0a5b14f,CMP-training-171.csv,4-5-6,1,CatBoost,c09,False,85.39035,88.79344546653653
2a2939c71a2c18a9260d,CMP-training-101.csv,4-5-6,1,CatBoost,c09,False,86.3877,85.90874244227955
2cb7373298abc6fa4dc6,CMP-training-047.csv,4-5-6,1,CatBoost,c09,False,65.418,65.33366357782282
2d66d854edf651b287ea,CMP-training-101.csv,4-5-6,1,CatBoost,c09,False,87.1047,83.07472621170986
2ec6700e2224a3e08867,CMP-training-101.csv,4-5-6,1,CatBoost,c09,False,83.29515,85.79104402578795
2ed601f8363344287667,CMP-training-058.csv,4-5-6,1,CatBoost,c09,False,67.14225,63.45671038409982
35552005e2e5bb9437a8,CMP-training-101.csv,4-5-6,1,CatBoost,c09,False,87.43395,90.33431762994852
3607962da81ca103a891,CMP-training-101.csv,4-5-6,1,CatBoost,c09,False,86.95065,82.69928329713613
39aa390ac4260261ad21,CMP-training-101.csv,4-5-6,1,CatBoost,c09,False,86.2803,83.87981928581439
3b9799fb6f7d990eb3a0,CMP-training-101.csv,4-5-6,1,CatBoost,c09,False,86.9031,81.74617687927204
3e98716b0d5d53f8b96e,CMP-training-058.csv,4-5-6,1,CatBoost,c09,False,64.8096,60.286623118880826
3f03001701f4dae6e3fe,CMP-training-101.csv,4-5-6,1,CatBoost,c09,False,92.82675,82.8982673144429
4219fb79ba1ee16c1c01,CMP-training-166.csv,4-5-6,1,CatBoost,c09,False,84.90285,84.09535101995557
465d4c727adcab8e31eb,CMP-training-101.csv,4-5-6,1,CatBoost,c09,False,86.7111,89.31253315039861
475314340343ca883cb9,CMP-training-101.csv,4-5-6,1,CatBoost,c09,False,94.0935,88.42251794885449
47a86e77d08d8d666237,CMP-training-101.csv,4-5-6,1,CatBoost,c09,False,89.23815,82.99904629681045
4c73534d684a3116a73c,CMP-training-171.csv,4-5-6,1,CatBoost,c09,False,79.9269,86.53608370705355
52c1daa786a22df7c179,CMP-training-101.csv,4-5-6,1,CatBoost,c09,False,84.8715,86.94701759217031
54533ac338be7d35ddf3,CMP-training-118.csv,4-5-6,1,CatBoost,c09,False,89.8167,89.98643219110912
58571e66aaaa10636710,CMP-training-101.csv,4-5-6,1,CatBoost,c09,False,94.31475,88.8950537614392
599487cc2ca6f8f86413,CMP-training-101.csv,4-5-6,1,CatBoost,c09,False,86.75685,85.58254904080745
5c20268fdb686e60e15a,CMP-training-101.csv,4-5-6,1,CatBoost,c09,False,87.87435,85.15720004024209
69f3a61f65c9cc132300,CMP-training-101.csv,4-5-6,1,CatBoost,c09,False,85.78935,82.78677147589016
6c04bd525b4373e2a9b0,CMP-training-101.csv,4-5-6,1,CatBoost,c09,False,86.42175,83.74575229893448
6ec38443bb3f9efbdea9,CMP-training-101.csv,4-5-6,1,CatBoost,c09,False,91.99545,88.05885645714883
706895e70a25b52a0444,CMP-training-101.csv,4-5-6,1,CatBoost,c09,False,83.6727,81.48542749747487
7376584a67fae2bf8c16,CMP-training-118.csv,4-5-6,1,CatBoost,c09,False,88.0542,90.89970568762001
73c0ed135fd00f62694b,CMP-training-118.csv,4-5-6,1,CatBoost,c09,False,88.03935,90.68588334827753
7a684c9c55a0788225dd,CMP-training-101.csv,4-5-6,1,CatBoost,c09,False,88.96125,85.31999125103057
7af7fdb40878f9474300,CMP-training-101.csv,4-5-6,1,CatBoost,c09,False,79.3944,83.81492892609103
7dfdfeb7f36e1e44e92b,CMP-training-053.csv,4-5-6,1,CatBoost,c09,False,64.75125,62.51831302246853
7f49ac0391e66ff66e06,CMP-training-101.csv,4-5-6,1,CatBoost,c09,False,91.45425,86.8444331345226
8146113cc7cd6c341483,CMP-training-101.csv,4-5-6,1,CatBoost,c09,False,82.2303,80.28102885247422
84401df588888d7bc7e7,CMP-training-056.csv,4-5-6,1,CatBoost,c09,False,66.56505,67.08957330334258
84574d21cf8977b52c68,CMP-training-101.csv,4-5-6,1,CatBoost,c09,False,82.59735,87.43236009020504
8d7a8913b04ebbfa3dfa,CMP-training-118.csv,4-5-6,1,CatBoost,c09,False,84.954,88.16640123898834
8da0440b12cf38c26e8e,CMP-training-053.csv,4-5-6,1,CatBoost,c09,False,64.8564,63.478588513188
927fc0f9d244a350705c,CMP-training-101.csv,4-5-6,1,CatBoost,c09,False,91.0362,85.94815849776506
93f643ef03918000025c,CMP-training-101.csv,4-5-6,1,CatBoost,c09,False,87.00465,84.86122040491598
970a6f390bebb316abca,CMP-training-101.csv,4-5-6,1,CatBoost,c09,False,76.45845,74.78448629376634
9ca3aa93b392bca202ef,CMP-training-171.csv,4-5-6,1,CatBoost,c09,False,86.8347,88.2195065897985
9f01c980fa1958b2f806,CMP-training-101.csv,4-5-6,1,CatBoost,c09,False,86.8221,86.00459097147396
9f901e12f57b2b0c8c22,CMP-training-101.csv,4-5-6,1,CatBoost,c09,False,85.5699,85.60795714311715
a49905eef7dd8229f1fe,CMP-training-101.csv,4-5-6,1,CatBoost,c09,False,77.8269,72.82504850339326
a5fd1e4cc339eda1fe2d,CMP-training-171.csv,4-5-6,1,CatBoost,c09,False,87.74865,87.4717554355141
a6cffe78de3e02bb1ce0,CMP-training-101.csv,4-5-6,1,CatBoost,c09,False,87.10995,87.55161996003959
a7f4ab1cfebeb0d1b779,CMP-training-101.csv,4-5-6,1,CatBoost,c09,False,87.44205,84.00292875005262
af193fd79a005e307209,CMP-training-101.csv,4-5-6,1,CatBoost,c09,False,93.2031,90.5355338853142
b4157959af56aa9ac6a9,CMP-training-101.csv,4-5-6,1,CatBoost,c09,False,85.9797,87.91334678903567
b4d279d0a302676bfbdc,CMP-training-053.csv,4-5-6,1,CatBoost,c09,False,65.6472,67.68389342281887
b65b121d6925df5f5233,CMP-training-101.csv,4-5-6,1,CatBoost,c09,False,90.99915,87.00830096612242
be1a6cd030718a795d9a,CMP-training-101.csv,4-5-6,1,CatBoost,c09,False,80.5098,81.09176069617465
becdf9651be28618e8e3,CMP-training-101.csv,4-5-6,1,CatBoost,c09,False,85.6881,88.90862779925591
c4bc2de7cbe95466f059,CMP-training-058.csv,4-5-6,1,CatBoost,c09,False,68.92695,63.76662228269127
c538d6e68f5c2e9ce02b,CMP-training-101.csv,4-5-6,1,CatBoost,c09,False,83.46315,87.71753938730568
c665bec6d4dedb4949dc,CMP-training-101.csv,4-5-6,1,CatBoost,c09,False,86.3625,84.1589694099199
c715a0b4ae7af068cb3d,CMP-training-101.csv,4-5-6,1,CatBoost,c09,False,84.91215,88.17440494371546
cb3faea45eb5a7a905fe,CMP-training-101.csv,4-5-6,1,CatBoost,c09,False,86.41125,86.3360260867014
cf8054ad4e397ee2b106,CMP-training-101.csv,4-5-6,1,CatBoost,c09,False,83.95515,87.8868552106435
cfa09bcca98a3fc939a3,CMP-training-101.csv,4-5-6,1,CatBoost,c09,False,80.9778,82.1744135564534
d2e847dae1a8c81ba82a,CMP-training-101.csv,4-5-6,1,CatBoost,c09,False,81.8391,84.55292241263152
d7362cca5559460d595e,CMP-training-101.csv,4-5-6,1,CatBoost,c09,False,87.9141,87.742561710946
dc27cf1564433362baeb,CMP-training-171.csv,4-5-6,1,CatBoost,c09,False,86.3628,87.02996258615323
e0f86edd1308ffb68e05,CMP-training-171.csv,4-5-6,1,CatBoost,c09,False,85.98645,85.60119380647019
e3e44935e8d22fa2ab7b,CMP-training-101.csv,4-5-6,1,CatBoost,c09,False,88.93695,85.35503742800307
e53befd14cc461cb0766,CMP-training-101.csv,4-5-6,1,CatBoost,c09,False,90.4239,86.07331449470274
e54036210e8cf9aec66b,CMP-training-171.csv,4-5-6,1,CatBoost,c09,False,88.69725,89.66761628983387
e5e6d346655ab5ed8999,CMP-training-101.csv,4-5-6,1,CatBoost,c09,False,89.7015,90.40958569263137
e6aa46452be5290f2ee7,CMP-training-053.csv,4-5-6,1,CatBoost,c09,False,65.9526,64.30228208286432
e81b53ce8f9871fa6fee,CMP-training-171.csv,4-5-6,1,CatBoost,c09,False,87.85815,87.94977022210568
ecd33beacec4f14b5aae,CMP-training-053.csv,4-5-6,1,CatBoost,c09,False,67.70235,69.5100852603467
f3708373f1592353fed9,CMP-training-058.csv,4-5-6,1,CatBoost,c09,False,71.55435,68.53859564502218
f7e81e4ae628b203d4b9,CMP-training-101.csv,4-5-6,1,CatBoost,c09,False,87.0783,85.31215589777874
fa3a141acf64cb6098e8,CMP-training-101.csv,4-5-6,1,CatBoost,c09,False,86.92755,88.35800851347108
fdc6b2b433b5592ca012,CMP-training-101.csv,4-5-6,1,CatBoost,c09,False,92.5014,89.13337122477482
0503fa7532d16231373b,CMP-training-101.csv,4-5-6,1,LightGBM,c13,False,86.1816,90.15685726478449
05e352c7aee30e0a91c1,CMP-training-053.csv,4-5-6,1,LightGBM,c13,False,67.31955,66.80102586203782
0a3371b2f2911c0f1d13,CMP-training-101.csv,4-5-6,1,LightGBM,c13,False,90.53775,82.93873916728049
0afebc737ab594f1c7b5,CMP-training-101.csv,4-5-6,1,LightGBM,c13,False,90.2769,86.82522247646531
0c1bfc8a83d5f95171f8,CMP-training-171.csv,4-5-6,1,LightGBM,c13,False,83.82225,85.73814647997237
0da647c8d6f4bd982136,CMP-training-101.csv,4-5-6,1,LightGBM,c13,False,84.015,81.27005292288146
11f30c2bc548fa0d4998,CMP-training-101.csv,4-5-6,1,LightGBM,c13,False,85.33245,82.24058526682435
12b597cb0c726a3151e4,CMP-training-101.csv,4-5-6,1,LightGBM,c13,False,95.58105,84.66104652552677
132c1b81271bab7101a3,CMP-training-101.csv,4-5-6,1,LightGBM,c13,False,95.3712,87.03150192099122
167866d90097edd8fc00,CMP-training-053.csv,4-5-6,1,LightGBM,c13,False,76.2096,80.38508915481927
16f26f32a5d7b9b539a2,CMP-training-101.csv,4-5-6,1,LightGBM,c13,False,90.4701,90.35153202309898
186e18e542d83a07c02c,CMP-training-101.csv,4-5-6,1,LightGBM,c13,False,86.8794,84.19855240281268
1947351cf641e50cfd08,CMP-training-101.csv,4-5-6,1,LightGBM,c13,False,87.32445,85.96884773069908
1db3dbf17108dc540eec,CMP-training-101.csv,4-5-6,1,LightGBM,c13,False,99.8547,93.70215354576823
1dca7527b4e57c0f235c,CMP-training-053.csv,4-5-6,1,LightGBM,c13,False,64.6767,65.11832382905129
222edc660ee4209ca385,CMP-training-047.csv,4-5-6,1,LightGBM,c13,False,64.54035,61.89972997720754
22a4b8985d7779eb27d1,CMP-training-058.csv,4-5-6,1,LightGBM,c13,False,66.38145,63.64088644549766
22f89a616e569223c39e,CMP-training-047.csv,4-5-6,1,LightGBM,c13,False,62.2413,62.86039899422477
253cddb18ef60ff680ab,CMP-training-101.csv,4-5-6,1,LightGBM,c13,False,87.4689,79.93329510480798
2656d3add865fd1c3323,CMP-training-166.csv,4-5-6,1,LightGBM,c13,False,83.67975,83.85806582063083
26c63f3c5839c506aaf9,CMP-training-101.csv,4-5-6,1,LightGBM,c13,False,84.15975,81.0181295434065
2752a6a639957b0175db,CMP-training-166.csv,4-5-6,1,LightGBM,c13,False,86.92215,82.7015412777259
28441326f94ba0a5b14f,CMP-training-171.csv,4-5-6,1,LightGBM,c13,False,85.39035,88.82297428913866
2a2939c71a2c18a9260d,CMP-training-101.csv,4-5-6,1,LightGBM,c13,False,86.3877,85.17481146383815
2cb7373298abc6fa4dc6,CMP-training-047.csv,4-5-6,1,LightGBM,c13,False,65.418,65.33057804470705
2d66d854edf651b287ea,CMP-training-101.csv,4-5-6,1,LightGBM,c13,False,87.1047,82.93553457663008
2ec6700e2224a3e08867,CMP-training-101.csv,4-5-6,1,LightGBM,c13,False,83.29515,85.12396830237171
2ed601f8363344287667,CMP-training-058.csv,4-5-6,1,LightGBM,c13,False,67.14225,64.86912265027868
35552005e2e5bb9437a8,CMP-training-101.csv,4-5-6,1,LightGBM,c13,False,87.43395,89.74707141736266
3607962da81ca103a891,CMP-training-101.csv,4-5-6,1,LightGBM,c13,False,86.95065,82.24845050140901
39aa390ac4260261ad21,CMP-training-101.csv,4-5-6,1,LightGBM,c13,False,86.2803,85.76915588183137
3b9799fb6f7d990eb3a0,CMP-training-101.csv,4-5-6,1,LightGBM,c13,False,86.9031,80.88943122822258
3e98716b0d5d53f8b96e,CMP-training-058.csv,4-5-6,1,LightGBM,c13,False,64.8096,63.25999626511527
3f03001701f4dae6e3fe,CMP-training-101.csv,4-5-6,1,LightGBM,c13,False,92.82675,82.05018578364975
4219fb79ba1ee16c1c01,CMP-training-166.csv,4-5-6,1,LightGBM,c13,False,84.90285,82.42149954248634
465d4c727adcab8e31eb,CMP-training-101.csv,4-5-6,1,LightGBM,c13,False,86.7111,91.0300557965841
475314340343ca883cb9,CMP-training-101.csv,4-5-6,1,LightGBM,c13,False,94.0935,89.35252864594847
47a86e77d08d8d666237,CMP-training-101.csv,4-5-6,1,LightGBM,c13,False,89.23815,82.1716818369841
4c73534d684a3116a73c,CMP-training-171.csv,4-5-6,1,LightGBM,c13,False,79.9269,87.05582003271938
52c1daa786a22df7c179,CMP-training-101.csv,4-5-6,1,LightGBM,c13,False,84.8715,85.09447619954557
54533ac338be7d35ddf3,CMP-training-118.csv,4-5-6,1,LightGBM,c13,False,89.8167,91.80604672797097
58571e66aaaa10636710,CMP-training-101.csv,4-5-6,1,LightGBM,c13,False,94.31475,90.8794801057727
599487cc2ca6f8f86413,CMP-training-101.csv,4-5-6,1,LightGBM,c13,False,86.75685,84.95742206594798
5c20268fdb686e60e15a,CMP-training-101.csv,4-5-6,1,LightGBM,c13,False,87.87435,84.59993003401188
69f3a61f65c9cc132300,CMP-training-101.csv,4-5-6,1,LightGBM,c13,False,85.78935,81.75479519474392
6c04bd525b4373e2a9b0,CMP-training-101.csv,4-5-6,1,LightGBM,c13,False,86.42175,81.96366757301537
6ec38443bb3f9efbdea9,CMP-training-101.csv,4-5-6,1,LightGBM,c13,False,91.99545,88.24424393923445
706895e70a25b52a0444,CMP-training-101.csv,4-5-6,1,LightGBM,c13,False,83.6727,80.71753172705716
7376584a67fae2bf8c16,CMP-training-118.csv,4-5-6,1,LightGBM,c13,False,88.0542,89.90001533560402
73c0ed135fd00f62694b,CMP-training-118.csv,4-5-6,1,LightGBM,c13,False,88.03935,87.9940938338949
7a684c9c55a0788225dd,CMP-training-101.csv,4-5-6,1,LightGBM,c13,False,88.96125,87.17283850973104
7af7fdb40878f9474300,CMP-training-101.csv,4-5-6,1,LightGBM,c13,False,79.3944,84.64412092849635
7dfdfeb7f36e1e44e92b,CMP-training-053.csv,4-5-6,1,LightGBM,c13,False,64.75125,63.8396605554086
7f49ac0391e66ff66e06,CMP-training-101.csv,4-5-6,1,LightGBM,c13,False,91.45425,85.55496105362595
8146113cc7cd6c341483,CMP-training-101.csv,4-5-6,1,LightGBM,c13,False,82.2303,81.020563603249
84401df588888d7bc7e7,CMP-training-056.csv,4-5-6,1,LightGBM,c13,False,66.56505,67.95442566147621
84574d21cf8977b52c68,CMP-training-101.csv,4-5-6,1,LightGBM,c13,False,82.59735,87.5559360298512
8d7a8913b04ebbfa3dfa,CMP-training-118.csv,4-5-6,1,LightGBM,c13,False,84.954,89.0348008416141
8da0440b12cf38c26e8e,CMP-training-053.csv,4-5-6,1,LightGBM,c13,False,64.8564,66.529692827155
927fc0f9d244a350705c,CMP-training-101.csv,4-5-6,1,LightGBM,c13,False,91.0362,88.10168935077779
93f643ef03918000025c,CMP-training-101.csv,4-5-6,1,LightGBM,c13,False,87.00465,85.22749504598217
970a6f390bebb316abca,CMP-training-101.csv,4-5-6,1,LightGBM,c13,False,76.45845,72.2217998695832
9ca3aa93b392bca202ef,CMP-training-171.csv,4-5-6,1,LightGBM,c13,False,86.8347,87.77868357557347
9f01c980fa1958b2f806,CMP-training-101.csv,4-5-6,1,LightGBM,c13,False,86.8221,84.44133230328629
9f901e12f57b2b0c8c22,CMP-training-101.csv,4-5-6,1,LightGBM,c13,False,85.5699,84.67530455191155
a49905eef7dd8229f1fe,CMP-training-101.csv,4-5-6,1,LightGBM,c13,False,77.8269,72.47173797574867
a5fd1e4cc339eda1fe2d,CMP-training-171.csv,4-5-6,1,LightGBM,c13,False,87.74865,88.42942303684241
a6cffe78de3e02bb1ce0,CMP-training-101.csv,4-5-6,1,LightGBM,c13,False,87.10995,88.02882781040122
a7f4ab1cfebeb0d1b779,CMP-training-101.csv,4-5-6,1,LightGBM,c13,False,87.44205,83.0858406232961
af193fd79a005e307209,CMP-training-101.csv,4-5-6,1,LightGBM,c13,False,93.2031,90.63046494214225
b4157959af56aa9ac6a9,CMP-training-101.csv,4-5-6,1,LightGBM,c13,False,85.9797,86.6513642299397
b4d279d0a302676bfbdc,CMP-training-053.csv,4-5-6,1,LightGBM,c13,False,65.6472,68.54413619026036
b65b121d6925df5f5233,CMP-training-101.csv,4-5-6,1,LightGBM,c13,False,90.99915,86.47318595895547
be1a6cd030718a795d9a,CMP-training-101.csv,4-5-6,1,LightGBM,c13,False,80.5098,80.08303475719282
becdf9651be28618e8e3,CMP-training-101.csv,4-5-6,1,LightGBM,c13,False,85.6881,88.93708097412822
c4bc2de7cbe95466f059,CMP-training-058.csv,4-5-6,1,LightGBM,c13,False,68.92695,64.54934880263059
c538d6e68f5c2e9ce02b,CMP-training-101.csv,4-5-6,1,LightGBM,c13,False,83.46315,88.88938858650258
c665bec6d4dedb4949dc,CMP-training-101.csv,4-5-6,1,LightGBM,c13,False,86.3625,84.04606239942852
c715a0b4ae7af068cb3d,CMP-training-101.csv,4-5-6,1,LightGBM,c13,False,84.91215,86.81254111038845
cb3faea45eb5a7a905fe,CMP-training-101.csv,4-5-6,1,LightGBM,c13,False,86.41125,85.85209186781677
cf8054ad4e397ee2b106,CMP-training-101.csv,4-5-6,1,LightGBM,c13,False,83.95515,87.3684059115762
cfa09bcca98a3fc939a3,CMP-training-101.csv,4-5-6,1,LightGBM,c13,False,80.9778,81.58311557802102
d2e847dae1a8c81ba82a,CMP-training-101.csv,4-5-6,1,LightGBM,c13,False,81.8391,84.0767538518772
d7362cca5559460d595e,CMP-training-101.csv,4-5-6,1,LightGBM,c13,False,87.9141,88.83259306739518
dc27cf1564433362baeb,CMP-training-171.csv,4-5-6,1,LightGBM,c13,False,86.3628,89.18227423142669
e0f86edd1308ffb68e05,CMP-training-171.csv,4-5-6,1,LightGBM,c13,False,85.98645,84.92838307939343
e3e44935e8d22fa2ab7b,CMP-training-101.csv,4-5-6,1,LightGBM,c13,False,88.93695,84.15274746267696
e53befd14cc461cb0766,CMP-training-101.csv,4-5-6,1,LightGBM,c13,False,90.4239,87.05857114374284
e54036210e8cf9aec66b,CMP-training-171.csv,4-5-6,1,LightGBM,c13,False,88.69725,90.15957303117766
e5e6d346655ab5ed8999,CMP-training-101.csv,4-5-6,1,LightGBM,c13,False,89.7015,91.99386638952764
e6aa46452be5290f2ee7,CMP-training-053.csv,4-5-6,1,LightGBM,c13,False,65.9526,67.893908857403
e81b53ce8f9871fa6fee,CMP-training-171.csv,4-5-6,1,LightGBM,c13,False,87.85815,86.98102918118731
ecd33beacec4f14b5aae,CMP-training-053.csv,4-5-6,1,LightGBM,c13,False,67.70235,67.8486574180874
f3708373f1592353fed9,CMP-training-058.csv,4-5-6,1,LightGBM,c13,False,71.55435,67.7519164119555
f7e81e4ae628b203d4b9,CMP-training-101.csv,4-5-6,1,LightGBM,c13,False,87.0783,86.92987221450704
fa3a141acf64cb6098e8,CMP-training-101.csv,4-5-6,1,LightGBM,c13,False,86.92755,90.64820888739142
fdc6b2b433b5592ca012,CMP-training-101.csv,4-5-6,1,LightGBM,c13,False,92.5014,89.58808234122534
0503fa7532d16231373b,CMP-training-101.csv,4-5-6,1,RandomForest,c04,False,86.1816,90.7721487432021
05e352c7aee30e0a91c1,CMP-training-053.csv,4-5-6,1,RandomForest,c04,False,67.31955,69.61850156740394
0a3371b2f2911c0f1d13,CMP-training-101.csv,4-5-6,1,RandomForest,c04,False,90.53775,84.72060778560243
0afebc737ab594f1c7b5,CMP-training-101.csv,4-5-6,1,RandomForest,c04,False,90.2769,83.84620541114352
0c1bfc8a83d5f95171f8,CMP-training-171.csv,4-5-6,1,RandomForest,c04,False,83.82225,85.70928832969891
0da647c8d6f4bd982136,CMP-training-101.csv,4-5-6,1,RandomForest,c04,False,84.015,82.01905561359732
11f30c2bc548fa0d4998,CMP-training-101.csv,4-5-6,1,RandomForest,c04,False,85.33245,83.48009396686386
12b597cb0c726a3151e4,CMP-training-101.csv,4-5-6,1,RandomForest,c04,False,95.58105,84.19929856544235
132c1b81271bab7101a3,CMP-training-101.csv,4-5-6,1,RandomForest,c04,False,95.3712,87.59564522509133
167866d90097edd8fc00,CMP-training-053.csv,4-5-6,1,RandomForest,c04,False,76.2096,81.26813992911254
16f26f32a5d7b9b539a2,CMP-training-101.csv,4-5-6,1,RandomForest,c04,False,90.4701,91.5718950506291
186e18e542d83a07c02c,CMP-training-101.csv,4-5-6,1,RandomForest,c04,False,86.8794,85.47496840540445
1947351cf641e50cfd08,CMP-training-101.csv,4-5-6,1,RandomForest,c04,False,87.32445,83.47493001599703
1db3dbf17108dc540eec,CMP-training-101.csv,4-5-6,1,RandomForest,c04,False,99.8547,93.01918132447236
1dca7527b4e57c0f235c,CMP-training-053.csv,4-5-6,1,RandomForest,c04,False,64.6767,69.93749368246071
222edc660ee4209ca385,CMP-training-047.csv,4-5-6,1,RandomForest,c04,False,64.54035,63.18648588927215
22a4b8985d7779eb27d1,CMP-training-058.csv,4-5-6,1,RandomForest,c04,False,66.38145,68.90614928246752
22f89a616e569223c39e,CMP-training-047.csv,4-5-6,1,RandomForest,c04,False,62.2413,64.19408905776514
253cddb18ef60ff680ab,CMP-training-101.csv,4-5-6,1,RandomForest,c04,False,87.4689,80.67852616794661
2656d3add865fd1c3323,CMP-training-166.csv,4-5-6,1,RandomForest,c04,False,83.67975,84.08669659977002
26c63f3c5839c506aaf9,CMP-training-101.csv,4-5-6,1,RandomForest,c04,False,84.15975,81.01473855890205
2752a6a639957b0175db,CMP-training-166.csv,4-5-6,1,RandomForest,c04,False,86.92215,85.39345435457254
28441326f94ba0a5b14f,CMP-training-171.csv,4-5-6,1,RandomForest,c04,False,85.39035,87.66207117459622
2a2939c71a2c18a9260d,CMP-training-101.csv,4-5-6,1,RandomForest,c04,False,86.3877,86.29937384757955
2cb7373298abc6fa4dc6,CMP-training-047.csv,4-5-6,1,RandomForest,c04,False,65.418,68.8903475450825
2d66d854edf651b287ea,CMP-training-101.csv,4-5-6,1,RandomForest,c04,False,87.1047,83.1803759891333
2ec6700e2224a3e08867,CMP-training-101.csv,4-5-6,1,RandomForest,c04,False,83.29515,86.12953135901986
2ed601f8363344287667,CMP-training-058.csv,4-5-6,1,RandomForest,c04,False,67.14225,68.74328597808442
35552005e2e5bb9437a8,CMP-training-101.csv,4-5-6,1,RandomForest,c04,False,87.43395,88.92205924570479
3607962da81ca103a891,CMP-training-101.csv,4-5-6,1,RandomForest,c04,False,86.95065,85.11874859996257
39aa390ac4260261ad21,CMP-training-101.csv,4-5-6,1,RandomForest,c04,False,86.2803,85.10553451858424
3b9799fb6f7d990eb3a0,CMP-training-101.csv,4-5-6,1,RandomForest,c04,False,86.9031,82.44767681544758
3e98716b0d5d53f8b96e,CMP-training-058.csv,4-5-6,1,RandomForest,c04,False,64.8096,64.160012927895
3f03001701f4dae6e3fe,CMP-training-101.csv,4-5-6,1,RandomForest,c04,False,92.82675,82.45858959338844
4219fb79ba1ee16c1c01,CMP-training-166.csv,4-5-6,1,RandomForest,c04,False,84.90285,79.00738224641506
465d4c727adcab8e31eb,CMP-training-101.csv,4-5-6,1,RandomForest,c04,False,86.7111,90.42101068547075
475314340343ca883cb9,CMP-training-101.csv,4-5-6,1,RandomForest,c04,False,94.0935,91.05382125950355
47a86e77d08d8d666237,CMP-training-101.csv,4-5-6,1,RandomForest,c04,False,89.23815,83.49748068601188
4c73534d684a3116a73c,CMP-training-171.csv,4-5-6,1,RandomForest,c04,False,79.9269,87.67445923931272
52c1daa786a22df7c179,CMP-training-101.csv,4-5-6,1,RandomForest,c04,False,84.8715,87.47374785310782
54533ac338be7d35ddf3,CMP-training-118.csv,4-5-6,1,RandomForest,c04,False,89.8167,91.02066268601189
58571e66aaaa10636710,CMP-training-101.csv,4-5-6,1,RandomForest,c04,False,94.31475,91.59246846239175
599487cc2ca6f8f86413,CMP-training-101.csv,4-5-6,1,RandomForest,c04,False,86.75685,86.508907020529
5c20268fdb686e60e15a,CMP-training-101.csv,4-5-6,1,RandomForest,c04,False,87.87435,86.05690139463272
69f3a61f65c9cc132300,CMP-training-101.csv,4-5-6,1,RandomForest,c04,False,85.78935,82.74951599579329
6c04bd525b4373e2a9b0,CMP-training-101.csv,4-5-6,1,RandomForest,c04,False,86.42175,84.2482657524247
6ec38443bb3f9efbdea9,CMP-training-101.csv,4-5-6,1,RandomForest,c04,False,91.99545,90.56004778713475
706895e70a25b52a0444,CMP-training-101.csv,4-5-6,1,RandomForest,c04,False,83.6727,81.4105043486149
7376584a67fae2bf8c16,CMP-training-118.csv,4-5-6,1,RandomForest,c04,False,88.0542,91.8797593769278
73c0ed135fd00f62694b,CMP-training-118.csv,4-5-6,1,RandomForest,c04,False,88.03935,92.00152243814253
7a684c9c55a0788225dd,CMP-training-101.csv,4-5-6,1,RandomForest,c04,False,88.96125,86.33463648747343
7af7fdb40878f9474300,CMP-training-101.csv,4-5-6,1,RandomForest,c04,False,79.3944,85.18704053967129
7dfdfeb7f36e1e44e92b,CMP-training-053.csv,4-5-6,1,RandomForest,c04,False,64.75125,69.07572541703871
7f49ac0391e66ff66e06,CMP-training-101.csv,4-5-6,1,RandomForest,c04,False,91.45425,88.73523103530843
8146113cc7cd6c341483,CMP-training-101.csv,4-5-6,1,RandomForest,c04,False,82.2303,81.03521959574542
84401df588888d7bc7e7,CMP-training-056.csv,4-5-6,1,RandomForest,c04,False,66.56505,69.52250970924649
84574d21cf8977b52c68,CMP-training-101.csv,4-5-6,1,RandomForest,c04,False,82.59735,87.84459521262848
8d7a8913b04ebbfa3dfa,CMP-training-118.csv,4-5-6,1,RandomForest,c04,False,84.954,90.12700794952441
8da0440b12cf38c26e8e,CMP-training-053.csv,4-5-6,1,RandomForest,c04,False,64.8564,69.43805457525028
927fc0f9d244a350705c,CMP-training-101.csv,4-5-6,1,RandomForest,c04,False,91.0362,88.83783823423971
93f643ef03918000025c,CMP-training-101.csv,4-5-6,1,RandomForest,c04,False,87.00465,85.56170637459415
970a6f390bebb316abca,CMP-training-101.csv,4-5-6,1,RandomForest,c04,False,76.45845,71.90874835900297
9ca3aa93b392bca202ef,CMP-training-171.csv,4-5-6,1,RandomForest,c04,False,86.8347,89.64179694858525
9f01c980fa1958b2f806,CMP-training-101.csv,4-5-6,1,RandomForest,c04,False,86.8221,85.26927367023472
9f901e12f57b2b0c8c22,CMP-training-101.csv,4-5-6,1,RandomForest,c04,False,85.5699,85.49603143827788
a49905eef7dd8229f1fe,CMP-training-101.csv,4-5-6,1,RandomForest,c04,False,77.8269,71.4595926559456
a5fd1e4cc339eda1fe2d,CMP-training-171.csv,4-5-6,1,RandomForest,c04,False,87.74865,89.21932624391232
a6cffe78de3e02bb1ce0,CMP-training-101.csv,4-5-6,1,RandomForest,c04,False,87.10995,88.60482515743367
a7f4ab1cfebeb0d1b779,CMP-training-101.csv,4-5-6,1,RandomForest,c04,False,87.44205,86.40048180025698
af193fd79a005e307209,CMP-training-101.csv,4-5-6,1,RandomForest,c04,False,93.2031,91.9838056945346
b4157959af56aa9ac6a9,CMP-training-101.csv,4-5-6,1,RandomForest,c04,False,85.9797,87.90592077015697
b4d279d0a302676bfbdc,CMP-training-053.csv,4-5-6,1,RandomForest,c04,False,65.6472,71.22218972581842
b65b121d6925df5f5233,CMP-training-101.csv,4-5-6,1,RandomForest,c04,False,90.99915,86.95621973521136
be1a6cd030718a795d9a,CMP-training-101.csv,4-5-6,1,RandomForest,c04,False,80.5098,75.07904137512533
becdf9651be28618e8e3,CMP-training-101.csv,4-5-6,1,RandomForest,c04,False,85.6881,89.72079426405881
c4bc2de7cbe95466f059,CMP-training-058.csv,4-5-6,1,RandomForest,c04,False,68.92695,63.3686262618948
c538d6e68f5c2e9ce02b,CMP-training-101.csv,4-5-6,1,RandomForest,c04,False,83.46315,87.49092359165311
c665bec6d4dedb4949dc,CMP-training-101.csv,4-5-6,1,RandomForest,c04,False,86.3625,86.47493001430601
c715a0b4ae7af068cb3d,CMP-training-101.csv,4-5-6,1,RandomForest,c04,False,84.91215,89.41449285690615
cb3faea45eb5a7a905fe,CMP-training-101.csv,4-5-6,1,RandomForest,c04,False,86.41125,87.57399743543694
cf8054ad4e397ee2b106,CMP-training-101.csv,4-5-6,1,RandomForest,c04,False,83.95515,89.24342592771553
cfa09bcca98a3fc939a3,CMP-training-101.csv,4-5-6,1,RandomForest,c04,False,80.9778,82.09017361542882
d2e847dae1a8c81ba82a,CMP-training-101.csv,4-5-6,1,RandomForest,c04,False,81.8391,85.38098276085641
d7362cca5559460d595e,CMP-training-101.csv,4-5-6,1,RandomForest,c04,False,87.9141,87.9752968921677
dc27cf1564433362baeb,CMP-training-171.csv,4-5-6,1,RandomForest,c04,False,86.3628,89.3933589993314
e0f86edd1308ffb68e05,CMP-training-171.csv,4-5-6,1,RandomForest,c04,False,85.98645,84.71717038873105
e3e44935e8d22fa2ab7b,CMP-training-101.csv,4-5-6,1,RandomForest,c04,False,88.93695,85.0538583483496
e53befd14cc461cb0766,CMP-training-101.csv,4-5-6,1,RandomForest,c04,False,90.4239,89.53390908960046
e54036210e8cf9aec66b,CMP-training-171.csv,4-5-6,1,RandomForest,c04,False,88.69725,89.64019946142919
e5e6d346655ab5ed8999,CMP-training-101.csv,4-5-6,1,RandomForest,c04,False,89.7015,91.61579062378249
e6aa46452be5290f2ee7,CMP-training-053.csv,4-5-6,1,RandomForest,c04,False,65.9526,68.61519478527462
e81b53ce8f9871fa6fee,CMP-training-171.csv,4-5-6,1,RandomForest,c04,False,87.85815,87.12765800218271
ecd33beacec4f14b5aae,CMP-training-053.csv,4-5-6,1,RandomForest,c04,False,67.70235,70.61636126122833
f3708373f1592353fed9,CMP-training-058.csv,4-5-6,1,RandomForest,c04,False,71.55435,69.79389427864587
f7e81e4ae628b203d4b9,CMP-training-101.csv,4-5-6,1,RandomForest,c04,False,87.0783,85.33337272443187
fa3a141acf64cb6098e8,CMP-training-101.csv,4-5-6,1,RandomForest,c04,False,86.92755,90.84005231065812
fdc6b2b433b5592ca012,CMP-training-101.csv,4-5-6,1,RandomForest,c04,False,92.5014,91.02635909577924
0503fa7532d16231373b,CMP-training-101.csv,4-5-6,1,StageMean,c00,False,86.1816,82.95798405612246
05e352c7aee30e0a91c1,CMP-training-053.csv,4-5-6,1,StageMean,c00,False,67.31955,82.95798405612246
0a3371b2f2911c0f1d13,CMP-training-101.csv,4-5-6,1,StageMean,c00,False,90.53775,82.95798405612246
0afebc737ab594f1c7b5,CMP-training-101.csv,4-5-6,1,StageMean,c00,False,90.2769,82.95798405612246
0c1bfc8a83d5f95171f8,CMP-training-171.csv,4-5-6,1,StageMean,c00,False,83.82225,82.95798405612246
0da647c8d6f4bd982136,CMP-training-101.csv,4-5-6,1,StageMean,c00,False,84.015,82.95798405612246
11f30c2bc548fa0d4998,CMP-training-101.csv,4-5-6,1,StageMean,c00,False,85.33245,82.95798405612246
12b597cb0c726a3151e4,CMP-training-101.csv,4-5-6,1,StageMean,c00,False,95.58105,82.95798405612246
132c1b81271bab7101a3,CMP-training-101.csv,4-5-6,1,StageMean,c00,False,95.3712,82.95798405612246
167866d90097edd8fc00,CMP-training-053.csv,4-5-6,1,StageMean,c00,False,76.2096,82.95798405612246
16f26f32a5d7b9b539a2,CMP-training-101.csv,4-5-6,1,StageMean,c00,False,90.4701,82.95798405612246
186e18e542d83a07c02c,CMP-training-101.csv,4-5-6,1,StageMean,c00,False,86.8794,82.95798405612246
1947351cf641e50cfd08,CMP-training-101.csv,4-5-6,1,StageMean,c00,False,87.32445,82.95798405612246
1db3dbf17108dc540eec,CMP-training-101.csv,4-5-6,1,StageMean,c00,False,99.8547,82.95798405612246
1dca7527b4e57c0f235c,CMP-training-053.csv,4-5-6,1,StageMean,c00,False,64.6767,82.95798405612246
222edc660ee4209ca385,CMP-training-047.csv,4-5-6,1,StageMean,c00,False,64.54035,82.95798405612246
22a4b8985d7779eb27d1,CMP-training-058.csv,4-5-6,1,StageMean,c00,False,66.38145,82.95798405612246
22f89a616e569223c39e,CMP-training-047.csv,4-5-6,1,StageMean,c00,False,62.2413,82.95798405612246
253cddb18ef60ff680ab,CMP-training-101.csv,4-5-6,1,StageMean,c00,False,87.4689,82.95798405612246
2656d3add865fd1c3323,CMP-training-166.csv,4-5-6,1,StageMean,c00,False,83.67975,82.95798405612246
26c63f3c5839c506aaf9,CMP-training-101.csv,4-5-6,1,StageMean,c00,False,84.15975,82.95798405612246
2752a6a639957b0175db,CMP-training-166.csv,4-5-6,1,StageMean,c00,False,86.92215,82.95798405612246
28441326f94ba0a5b14f,CMP-training-171.csv,4-5-6,1,StageMean,c00,False,85.39035,82.95798405612246
2a2939c71a2c18a9260d,CMP-training-101.csv,4-5-6,1,StageMean,c00,False,86.3877,82.95798405612246
2cb7373298abc6fa4dc6,CMP-training-047.csv,4-5-6,1,StageMean,c00,False,65.418,82.95798405612246
2d66d854edf651b287ea,CMP-training-101.csv,4-5-6,1,StageMean,c00,False,87.1047,82.95798405612246
2ec6700e2224a3e08867,CMP-training-101.csv,4-5-6,1,StageMean,c00,False,83.29515,82.95798405612246
2ed601f8363344287667,CMP-training-058.csv,4-5-6,1,StageMean,c00,False,67.14225,82.95798405612246
35552005e2e5bb9437a8,CMP-training-101.csv,4-5-6,1,StageMean,c00,False,87.43395,82.95798405612246
3607962da81ca103a891,CMP-training-101.csv,4-5-6,1,StageMean,c00,False,86.95065,82.95798405612246
39aa390ac4260261ad21,CMP-training-101.csv,4-5-6,1,StageMean,c00,False,86.2803,82.95798405612246
3b9799fb6f7d990eb3a0,CMP-training-101.csv,4-5-6,1,StageMean,c00,False,86.9031,82.95798405612246
3e98716b0d5d53f8b96e,CMP-training-058.csv,4-5-6,1,StageMean,c00,False,64.8096,82.95798405612246
3f03001701f4dae6e3fe,CMP-training-101.csv,4-5-6,1,StageMean,c00,False,92.82675,82.95798405612246
4219fb79ba1ee16c1c01,CMP-training-166.csv,4-5-6,1,StageMean,c00,False,84.90285,82.95798405612246
465d4c727adcab8e31eb,CMP-training-101.csv,4-5-6,1,StageMean,c00,False,86.7111,82.95798405612246
475314340343ca883cb9,CMP-training-101.csv,4-5-6,1,StageMean,c00,False,94.0935,82.95798405612246
47a86e77d08d8d666237,CMP-training-101.csv,4-5-6,1,StageMean,c00,False,89.23815,82.95798405612246
4c73534d684a3116a73c,CMP-training-171.csv,4-5-6,1,StageMean,c00,False,79.9269,82.95798405612246
52c1daa786a22df7c179,CMP-training-101.csv,4-5-6,1,StageMean,c00,False,84.8715,82.95798405612246
54533ac338be7d35ddf3,CMP-training-118.csv,4-5-6,1,StageMean,c00,False,89.8167,82.95798405612246
58571e66aaaa10636710,CMP-training-101.csv,4-5-6,1,StageMean,c00,False,94.31475,82.95798405612246
599487cc2ca6f8f86413,CMP-training-101.csv,4-5-6,1,StageMean,c00,False,86.75685,82.95798405612246
5c20268fdb686e60e15a,CMP-training-101.csv,4-5-6,1,StageMean,c00,False,87.87435,82.95798405612246
69f3a61f65c9cc132300,CMP-training-101.csv,4-5-6,1,StageMean,c00,False,85.78935,82.95798405612246
6c04bd525b4373e2a9b0,CMP-training-101.csv,4-5-6,1,StageMean,c00,False,86.42175,82.95798405612246
6ec38443bb3f9efbdea9,CMP-training-101.csv,4-5-6,1,StageMean,c00,False,91.99545,82.95798405612246
706895e70a25b52a0444,CMP-training-101.csv,4-5-6,1,StageMean,c00,False,83.6727,82.95798405612246
7376584a67fae2bf8c16,CMP-training-118.csv,4-5-6,1,StageMean,c00,False,88.0542,82.95798405612246
73c0ed135fd00f62694b,CMP-training-118.csv,4-5-6,1,StageMean,c00,False,88.03935,82.95798405612246
7a684c9c55a0788225dd,CMP-training-101.csv,4-5-6,1,StageMean,c00,False,88.96125,82.95798405612246
7af7fdb40878f9474300,CMP-training-101.csv,4-5-6,1,StageMean,c00,False,79.3944,82.95798405612246
7dfdfeb7f36e1e44e92b,CMP-training-053.csv,4-5-6,1,StageMean,c00,False,64.75125,82.95798405612246
7f49ac0391e66ff66e06,CMP-training-101.csv,4-5-6,1,StageMean,c00,False,91.45425,82.95798405612246
8146113cc7cd6c341483,CMP-training-101.csv,4-5-6,1,StageMean,c00,False,82.2303,82.95798405612246
84401df588888d7bc7e7,CMP-training-056.csv,4-5-6,1,StageMean,c00,False,66.56505,82.95798405612246
84574d21cf8977b52c68,CMP-training-101.csv,4-5-6,1,StageMean,c00,False,82.59735,82.95798405612246
8d7a8913b04ebbfa3dfa,CMP-training-118.csv,4-5-6,1,StageMean,c00,False,84.954,82.95798405612246
8da0440b12cf38c26e8e,CMP-training-053.csv,4-5-6,1,StageMean,c00,False,64.8564,82.95798405612246
927fc0f9d244a350705c,CMP-training-101.csv,4-5-6,1,StageMean,c00,False,91.0362,82.95798405612246
93f643ef03918000025c,CMP-training-101.csv,4-5-6,1,StageMean,c00,False,87.00465,82.95798405612246
970a6f390bebb316abca,CMP-training-101.csv,4-5-6,1,StageMean,c00,False,76.45845,82.95798405612246
9ca3aa93b392bca202ef,CMP-training-171.csv,4-5-6,1,StageMean,c00,False,86.8347,82.95798405612246
9f01c980fa1958b2f806,CMP-training-101.csv,4-5-6,1,StageMean,c00,False,86.8221,82.95798405612246
9f901e12f57b2b0c8c22,CMP-training-101.csv,4-5-6,1,StageMean,c00,False,85.5699,82.95798405612246
a49905eef7dd8229f1fe,CMP-training-101.csv,4-5-6,1,StageMean,c00,False,77.8269,82.95798405612246
a5fd1e4cc339eda1fe2d,CMP-training-171.csv,4-5-6,1,StageMean,c00,False,87.74865,82.95798405612246
a6cffe78de3e02bb1ce0,CMP-training-101.csv,4-5-6,1,StageMean,c00,False,87.10995,82.95798405612246
a7f4ab1cfebeb0d1b779,CMP-training-101.csv,4-5-6,1,StageMean,c00,False,87.44205,82.95798405612246
af193fd79a005e307209,CMP-training-101.csv,4-5-6,1,StageMean,c00,False,93.2031,82.95798405612246
b4157959af56aa9ac6a9,CMP-training-101.csv,4-5-6,1,StageMean,c00,False,85.9797,82.95798405612246
b4d279d0a302676bfbdc,CMP-training-053.csv,4-5-6,1,StageMean,c00,False,65.6472,82.95798405612246
b65b121d6925df5f5233,CMP-training-101.csv,4-5-6,1,StageMean,c00,False,90.99915,82.95798405612246
be1a6cd030718a795d9a,CMP-training-101.csv,4-5-6,1,StageMean,c00,False,80.5098,82.95798405612246
becdf9651be28618e8e3,CMP-training-101.csv,4-5-6,1,StageMean,c00,False,85.6881,82.95798405612246
c4bc2de7cbe95466f059,CMP-training-058.csv,4-5-6,1,StageMean,c00,False,68.92695,82.95798405612246
c538d6e68f5c2e9ce02b,CMP-training-101.csv,4-5-6,1,StageMean,c00,False,83.46315,82.95798405612246
c665bec6d4dedb4949dc,CMP-training-101.csv,4-5-6,1,StageMean,c00,False,86.3625,82.95798405612246
c715a0b4ae7af068cb3d,CMP-training-101.csv,4-5-6,1,StageMean,c00,False,84.91215,82.95798405612246
cb3faea45eb5a7a905fe,CMP-training-101.csv,4-5-6,1,StageMean,c00,False,86.41125,82.95798405612246
cf8054ad4e397ee2b106,CMP-training-101.csv,4-5-6,1,StageMean,c00,False,83.95515,82.95798405612246
cfa09bcca98a3fc939a3,CMP-training-101.csv,4-5-6,1,StageMean,c00,False,80.9778,82.95798405612246
d2e847dae1a8c81ba82a,CMP-training-101.csv,4-5-6,1,StageMean,c00,False,81.8391,82.95798405612246
d7362cca5559460d595e,CMP-training-101.csv,4-5-6,1,StageMean,c00,False,87.9141,82.95798405612246
dc27cf1564433362baeb,CMP-training-171.csv,4-5-6,1,StageMean,c00,False,86.3628,82.95798405612246
e0f86edd1308ffb68e05,CMP-training-171.csv,4-5-6,1,StageMean,c00,False,85.98645,82.95798405612246
e3e44935e8d22fa2ab7b,CMP-training-101.csv,4-5-6,1,StageMean,c00,False,88.93695,82.95798405612246
e53befd14cc461cb0766,CMP-training-101.csv,4-5-6,1,StageMean,c00,False,90.4239,82.95798405612246
e54036210e8cf9aec66b,CMP-training-171.csv,4-5-6,1,StageMean,c00,False,88.69725,82.95798405612246
e5e6d346655ab5ed8999,CMP-training-101.csv,4-5-6,1,StageMean,c00,False,89.7015,82.95798405612246
e6aa46452be5290f2ee7,CMP-training-053.csv,4-5-6,1,StageMean,c00,False,65.9526,82.95798405612246
e81b53ce8f9871fa6fee,CMP-training-171.csv,4-5-6,1,StageMean,c00,False,87.85815,82.95798405612246
ecd33beacec4f14b5aae,CMP-training-053.csv,4-5-6,1,StageMean,c00,False,67.70235,82.95798405612246
f3708373f1592353fed9,CMP-training-058.csv,4-5-6,1,StageMean,c00,False,71.55435,82.95798405612246
f7e81e4ae628b203d4b9,CMP-training-101.csv,4-5-6,1,StageMean,c00,False,87.0783,82.95798405612246
fa3a141acf64cb6098e8,CMP-training-101.csv,4-5-6,1,StageMean,c00,False,86.92755,82.95798405612246
fdc6b2b433b5592ca012,CMP-training-101.csv,4-5-6,1,StageMean,c00,False,92.5014,82.95798405612246
0503fa7532d16231373b,CMP-training-101.csv,4-5-6,1,Physics+LightGBM,c21,False,86.1816,87.03288163445171
05e352c7aee30e0a91c1,CMP-training-053.csv,4-5-6,1,Physics+LightGBM,c21,False,67.31955,62.35838643463406
0a3371b2f2911c0f1d13,CMP-training-101.csv,4-5-6,1,Physics+LightGBM,c21,False,90.53775,79.44148401890158
0afebc737ab594f1c7b5,CMP-training-101.csv,4-5-6,1,Physics+LightGBM,c21,False,90.2769,84.8588619736718
0c1bfc8a83d5f95171f8,CMP-training-171.csv,4-5-6,1,Physics+LightGBM,c21,False,83.82225,84.12494657151383
0da647c8d6f4bd982136,CMP-training-101.csv,4-5-6,1,Physics+LightGBM,c21,False,84.015,82.41899270426536
11f30c2bc548fa0d4998,CMP-training-101.csv,4-5-6,1,Physics+LightGBM,c21,False,85.33245,83.80510170913324
12b597cb0c726a3151e4,CMP-training-101.csv,4-5-6,1,Physics+LightGBM,c21,False,95.58105,82.3101699661657
132c1b81271bab7101a3,CMP-training-101.csv,4-5-6,1,Physics+LightGBM,c21,False,95.3712,86.91078561340228
167866d90097edd8fc00,CMP-training-053.csv,4-5-6,1,Physics+LightGBM,c21,False,76.2096,71.380674880464
16f26f32a5d7b9b539a2,CMP-training-101.csv,4-5-6,1,Physics+LightGBM,c21,False,90.4701,85.64661807083516
186e18e542d83a07c02c,CMP-training-101.csv,4-5-6,1,Physics+LightGBM,c21,False,86.8794,86.66950951195332
1947351cf641e50cfd08,CMP-training-101.csv,4-5-6,1,Physics+LightGBM,c21,False,87.32445,86.00149314697566
1db3dbf17108dc540eec,CMP-training-101.csv,4-5-6,1,Physics+LightGBM,c21,False,99.8547,90.33932809407887
1dca7527b4e57c0f235c,CMP-training-053.csv,4-5-6,1,Physics+LightGBM,c21,False,64.6767,63.42299844688085
222edc660ee4209ca385,CMP-training-047.csv,4-5-6,1,Physics+LightGBM,c21,False,64.54035,63.34197428902621
22a4b8985d7779eb27d1,CMP-training-058.csv,4-5-6,1,Physics+LightGBM,c21,False,66.38145,60.23724296740059
22f89a616e569223c39e,CMP-training-047.csv,4-5-6,1,Physics+LightGBM,c21,False,62.2413,63.30695129993342
253cddb18ef60ff680ab,CMP-training-101.csv,4-5-6,1,Physics+LightGBM,c21,False,87.4689,81.64735110036791
2656d3add865fd1c3323,CMP-training-166.csv,4-5-6,1,Physics+LightGBM,c21,False,83.67975,81.30437014454262
26c63f3c5839c506aaf9,CMP-training-101.csv,4-5-6,1,Physics+LightGBM,c21,False,84.15975,76.27285784802613
2752a6a639957b0175db,CMP-training-166.csv,4-5-6,1,Physics+LightGBM,c21,False,86.92215,78.19675644345558
28441326f94ba0a5b14f,CMP-training-171.csv,4-5-6,1,Physics+LightGBM,c21,False,85.39035,89.19652920250014
2a2939c71a2c18a9260d,CMP-training-101.csv,4-5-6,1,Physics+LightGBM,c21,False,86.3877,86.0801517840843
2cb7373298abc6fa4dc6,CMP-training-047.csv,4-5-6,1,Physics+LightGBM,c21,False,65.418,62.7742703028656
2d66d854edf651b287ea,CMP-training-101.csv,4-5-6,1,Physics+LightGBM,c21,False,87.1047,85.43186929633158
2ec6700e2224a3e08867,CMP-training-101.csv,4-5-6,1,Physics+LightGBM,c21,False,83.29515,85.62236101290524
2ed601f8363344287667,CMP-training-058.csv,4-5-6,1,Physics+LightGBM,c21,False,67.14225,63.26693032542401
35552005e2e5bb9437a8,CMP-training-101.csv,4-5-6,1,Physics+LightGBM,c21,False,87.43395,87.50026249878255
3607962da81ca103a891,CMP-training-101.csv,4-5-6,1,Physics+LightGBM,c21,False,86.95065,81.71291059184962
39aa390ac4260261ad21,CMP-training-101.csv,4-5-6,1,Physics+LightGBM,c21,False,86.2803,84.67916172320497
3b9799fb6f7d990eb3a0,CMP-training-101.csv,4-5-6,1,Physics+LightGBM,c21,False,86.9031,81.43819544908904
3e98716b0d5d53f8b96e,CMP-training-058.csv,4-5-6,1,Physics+LightGBM,c21,False,64.8096,61.54643473991433
3f03001701f4dae6e3fe,CMP-training-101.csv,4-5-6,1,Physics+LightGBM,c21,False,92.82675,83.57292640583772
4219fb79ba1ee16c1c01,CMP-training-166.csv,4-5-6,1,Physics+LightGBM,c21,False,84.90285,81.99519032494676
465d4c727adcab8e31eb,CMP-training-101.csv,4-5-6,1,Physics+LightGBM,c21,False,86.7111,87.47961401263461
475314340343ca883cb9,CMP-training-101.csv,4-5-6,1,Physics+LightGBM,c21,False,94.0935,82.52200626312748
47a86e77d08d8d666237,CMP-training-101.csv,4-5-6,1,Physics+LightGBM,c21,False,89.23815,84.40216748058126
4c73534d684a3116a73c,CMP-training-171.csv,4-5-6,1,Physics+LightGBM,c21,False,79.9269,87.34904221488164
52c1daa786a22df7c179,CMP-training-101.csv,4-5-6,1,Physics+LightGBM,c21,False,84.8715,86.9507792322266
54533ac338be7d35ddf3,CMP-training-118.csv,4-5-6,1,Physics+LightGBM,c21,False,89.8167,85.56099028281413
58571e66aaaa10636710,CMP-training-101.csv,4-5-6,1,Physics+LightGBM,c21,False,94.31475,85.65036332682756
599487cc2ca6f8f86413,CMP-training-101.csv,4-5-6,1,Physics+LightGBM,c21,False,86.75685,80.17002742324178
5c20268fdb686e60e15a,CMP-training-101.csv,4-5-6,1,Physics+LightGBM,c21,False,87.87435,85.38120637026987
69f3a61f65c9cc132300,CMP-training-101.csv,4-5-6,1,Physics+LightGBM,c21,False,85.78935,83.38298775605223
6c04bd525b4373e2a9b0,CMP-training-101.csv,4-5-6,1,Physics+LightGBM,c21,False,86.42175,83.98959655157034
6ec38443bb3f9efbdea9,CMP-training-101.csv,4-5-6,1,Physics+LightGBM,c21,False,91.99545,87.24079079410933
706895e70a25b52a0444,CMP-training-101.csv,4-5-6,1,Physics+LightGBM,c21,False,83.6727,76.24477573191056
7376584a67fae2bf8c16,CMP-training-118.csv,4-5-6,1,Physics+LightGBM,c21,False,88.0542,85.61509273997902
73c0ed135fd00f62694b,CMP-training-118.csv,4-5-6,1,Physics+LightGBM,c21,False,88.03935,83.30877390606122
7a684c9c55a0788225dd,CMP-training-101.csv,4-5-6,1,Physics+LightGBM,c21,False,88.96125,81.08895789835266
7af7fdb40878f9474300,CMP-training-101.csv,4-5-6,1,Physics+LightGBM,c21,False,79.3944,86.1056583507679
7dfdfeb7f36e1e44e92b,CMP-training-053.csv,4-5-6,1,Physics+LightGBM,c21,False,64.75125,60.70360122544563
7f49ac0391e66ff66e06,CMP-training-101.csv,4-5-6,1,Physics+LightGBM,c21,False,91.45425,79.9420423546979
8146113cc7cd6c341483,CMP-training-101.csv,4-5-6,1,Physics+LightGBM,c21,False,82.2303,72.91994418535175
84401df588888d7bc7e7,CMP-training-056.csv,4-5-6,1,Physics+LightGBM,c21,False,66.56505,69.55503154664349
84574d21cf8977b52c68,CMP-training-101.csv,4-5-6,1,Physics+LightGBM,c21,False,82.59735,88.55114309188211
8d7a8913b04ebbfa3dfa,CMP-training-118.csv,4-5-6,1,Physics+LightGBM,c21,False,84.954,81.50766706299383
8da0440b12cf38c26e8e,CMP-training-053.csv,4-5-6,1,Physics+LightGBM,c21,False,64.8564,64.79776551181723
927fc0f9d244a350705c,CMP-training-101.csv,4-5-6,1,Physics+LightGBM,c21,False,91.0362,80.35265562326856
93f643ef03918000025c,CMP-training-101.csv,4-5-6,1,Physics+LightGBM,c21,False,87.00465,82.30505898244935
970a6f390bebb316abca,CMP-training-101.csv,4-5-6,1,Physics+LightGBM,c21,False,76.45845,69.95885364342439
9ca3aa93b392bca202ef,CMP-training-171.csv,4-5-6,1,Physics+LightGBM,c21,False,86.8347,92.55602001024445
9f01c980fa1958b2f806,CMP-training-101.csv,4-5-6,1,Physics+LightGBM,c21,False,86.8221,83.29705853156693
9f901e12f57b2b0c8c22,CMP-training-101.csv,4-5-6,1,Physics+LightGBM,c21,False,85.5699,86.710115946583
a49905eef7dd8229f1fe,CMP-training-101.csv,4-5-6,1,Physics+LightGBM,c21,False,77.8269,73.0755864405852
a5fd1e4cc339eda1fe2d,CMP-training-171.csv,4-5-6,1,Physics+LightGBM,c21,False,87.74865,89.37226128777391
a6cffe78de3e02bb1ce0,CMP-training-101.csv,4-5-6,1,Physics+LightGBM,c21,False,87.10995,85.42969943897545
a7f4ab1cfebeb0d1b779,CMP-training-101.csv,4-5-6,1,Physics+LightGBM,c21,False,87.44205,80.39225353840686
af193fd79a005e307209,CMP-training-101.csv,4-5-6,1,Physics+LightGBM,c21,False,93.2031,84.19560558786677
b4157959af56aa9ac6a9,CMP-training-101.csv,4-5-6,1,Physics+LightGBM,c21,False,85.9797,88.16491170018438
b4d279d0a302676bfbdc,CMP-training-053.csv,4-5-6,1,Physics+LightGBM,c21,False,65.6472,63.699140956889295
b65b121d6925df5f5233,CMP-training-101.csv,4-5-6,1,Physics+LightGBM,c21,False,90.99915,86.95458112479777
be1a6cd030718a795d9a,CMP-training-101.csv,4-5-6,1,Physics+LightGBM,c21,False,80.5098,84.22809942960902
becdf9651be28618e8e3,CMP-training-101.csv,4-5-6,1,Physics+LightGBM,c21,False,85.6881,84.60918681051612
c4bc2de7cbe95466f059,CMP-training-058.csv,4-5-6,1,Physics+LightGBM,c21,False,68.92695,63.48701736968601
c538d6e68f5c2e9ce02b,CMP-training-101.csv,4-5-6,1,Physics+LightGBM,c21,False,83.46315,85.01681638662102
c665bec6d4dedb4949dc,CMP-training-101.csv,4-5-6,1,Physics+LightGBM,c21,False,86.3625,83.16577463019334
c715a0b4ae7af068cb3d,CMP-training-101.csv,4-5-6,1,Physics+LightGBM,c21,False,84.91215,88.18479369825828
cb3faea45eb5a7a905fe,CMP-training-101.csv,4-5-6,1,Physics+LightGBM,c21,False,86.41125,86.2332703513916
cf8054ad4e397ee2b106,CMP-training-101.csv,4-5-6,1,Physics+LightGBM,c21,False,83.95515,85.98731179844484
cfa09bcca98a3fc939a3,CMP-training-101.csv,4-5-6,1,Physics+LightGBM,c21,False,80.9778,81.29099448449429
d2e847dae1a8c81ba82a,CMP-training-101.csv,4-5-6,1,Physics+LightGBM,c21,False,81.8391,86.40436670160639
d7362cca5559460d595e,CMP-training-101.csv,4-5-6,1,Physics+LightGBM,c21,False,87.9141,86.23061340400191
dc27cf1564433362baeb,CMP-training-171.csv,4-5-6,1,Physics+LightGBM,c21,False,86.3628,91.3610172249262
e0f86edd1308ffb68e05,CMP-training-171.csv,4-5-6,1,Physics+LightGBM,c21,False,85.98645,85.46982590060247
e3e44935e8d22fa2ab7b,CMP-training-101.csv,4-5-6,1,Physics+LightGBM,c21,False,88.93695,83.18817393137904
e53befd14cc461cb0766,CMP-training-101.csv,4-5-6,1,Physics+LightGBM,c21,False,90.4239,80.78609550987619
e54036210e8cf9aec66b,CMP-training-171.csv,4-5-6,1,Physics+LightGBM,c21,False,88.69725,91.46510620923918
e5e6d346655ab5ed8999,CMP-training-101.csv,4-5-6,1,Physics+LightGBM,c21,False,89.7015,89.15252459682046
e6aa46452be5290f2ee7,CMP-training-053.csv,4-5-6,1,Physics+LightGBM,c21,False,65.9526,64.28234569924797
e81b53ce8f9871fa6fee,CMP-training-171.csv,4-5-6,1,Physics+LightGBM,c21,False,87.85815,90.93111580140075
ecd33beacec4f14b5aae,CMP-training-053.csv,4-5-6,1,Physics+LightGBM,c21,False,67.70235,63.40821390746187
f3708373f1592353fed9,CMP-training-058.csv,4-5-6,1,Physics+LightGBM,c21,False,71.55435,65.98627142226786
f7e81e4ae628b203d4b9,CMP-training-101.csv,4-5-6,1,Physics+LightGBM,c21,False,87.0783,84.67346932571445
fa3a141acf64cb6098e8,CMP-training-101.csv,4-5-6,1,Physics+LightGBM,c21,False,86.92755,84.8390817605959
fdc6b2b433b5592ca012,CMP-training-101.csv,4-5-6,1,Physics+LightGBM,c21,False,92.5014,85.34860655716173
0503fa7532d16231373b,CMP-training-101.csv,4-5-6,1,Physics+CatBoost,c17,False,86.1816,84.1918133768409
05e352c7aee30e0a91c1,CMP-training-053.csv,4-5-6,1,Physics+CatBoost,c17,False,67.31955,65.9346365429161
0a3371b2f2911c0f1d13,CMP-training-101.csv,4-5-6,1,Physics+CatBoost,c17,False,90.53775,78.71458809407741
0afebc737ab594f1c7b5,CMP-training-101.csv,4-5-6,1,Physics+CatBoost,c17,False,90.2769,85.30894982350152
0c1bfc8a83d5f95171f8,CMP-training-171.csv,4-5-6,1,Physics+CatBoost,c17,False,83.82225,86.74270145887988
0da647c8d6f4bd982136,CMP-training-101.csv,4-5-6,1,Physics+CatBoost,c17,False,84.015,80.87402462519005
11f30c2bc548fa0d4998,CMP-training-101.csv,4-5-6,1,Physics+CatBoost,c17,False,85.33245,82.30773728376204
12b597cb0c726a3151e4,CMP-training-101.csv,4-5-6,1,Physics+CatBoost,c17,False,95.58105,82.17581672425057
132c1b81271bab7101a3,CMP-training-101.csv,4-5-6,1,Physics+CatBoost,c17,False,95.3712,84.48080791020674
167866d90097edd8fc00,CMP-training-053.csv,4-5-6,1,Physics+CatBoost,c17,False,76.2096,74.51053768482419
16f26f32a5d7b9b539a2,CMP-training-101.csv,4-5-6,1,Physics+CatBoost,c17,False,90.4701,85.9077254747458
186e18e542d83a07c02c,CMP-training-101.csv,4-5-6,1,Physics+CatBoost,c17,False,86.8794,83.78003549601154
1947351cf641e50cfd08,CMP-training-101.csv,4-5-6,1,Physics+CatBoost,c17,False,87.32445,85.47336263315236
1db3dbf17108dc540eec,CMP-training-101.csv,4-5-6,1,Physics+CatBoost,c17,False,99.8547,86.73200041871644
1dca7527b4e57c0f235c,CMP-training-053.csv,4-5-6,1,Physics+CatBoost,c17,False,64.6767,64.5292258467966
222edc660ee4209ca385,CMP-training-047.csv,4-5-6,1,Physics+CatBoost,c17,False,64.54035,64.52046723716904
22a4b8985d7779eb27d1,CMP-training-058.csv,4-5-6,1,Physics+CatBoost,c17,False,66.38145,61.7585593781825
22f89a616e569223c39e,CMP-training-047.csv,4-5-6,1,Physics+CatBoost,c17,False,62.2413,60.51812506852397
253cddb18ef60ff680ab,CMP-training-101.csv,4-5-6,1,Physics+CatBoost,c17,False,87.4689,78.83224853859409
2656d3add865fd1c3323,CMP-training-166.csv,4-5-6,1,Physics+CatBoost,c17,False,83.67975,80.82040645251826
26c63f3c5839c506aaf9,CMP-training-101.csv,4-5-6,1,Physics+CatBoost,c17,False,84.15975,79.27272242432828
2752a6a639957b0175db,CMP-training-166.csv,4-5-6,1,Physics+CatBoost,c17,False,86.92215,80.06506058488843
28441326f94ba0a5b14f,CMP-training-171.csv,4-5-6,1,Physics+CatBoost,c17,False,85.39035,90.21189858164537
2a2939c71a2c18a9260d,CMP-training-101.csv,4-5-6,1,Physics+CatBoost,c17,False,86.3877,83.73100874926051
2cb7373298abc6fa4dc6,CMP-training-047.csv,4-5-6,1,Physics+CatBoost,c17,False,65.418,63.810497129694795
2d66d854edf651b287ea,CMP-training-101.csv,4-5-6,1,Physics+CatBoost,c17,False,87.1047,81.40592687335749
2ec6700e2224a3e08867,CMP-training-101.csv,4-5-6,1,Physics+CatBoost,c17,False,83.29515,84.71104761473607
2ed601f8363344287667,CMP-training-058.csv,4-5-6,1,Physics+CatBoost,c17,False,67.14225,62.629730260591295
35552005e2e5bb9437a8,CMP-training-101.csv,4-5-6,1,Physics+CatBoost,c17,False,87.43395,87.37250538389267
3607962da81ca103a891,CMP-training-101.csv,4-5-6,1,Physics+CatBoost,c17,False,86.95065,81.05630554982204
39aa390ac4260261ad21,CMP-training-101.csv,4-5-6,1,Physics+CatBoost,c17,False,86.2803,83.10173140478572
3b9799fb6f7d990eb3a0,CMP-training-101.csv,4-5-6,1,Physics+CatBoost,c17,False,86.9031,80.19431521770821
3e98716b0d5d53f8b96e,CMP-training-058.csv,4-5-6,1,Physics+CatBoost,c17,False,64.8096,62.189350833635615
3f03001701f4dae6e3fe,CMP-training-101.csv,4-5-6,1,Physics+CatBoost,c17,False,92.82675,81.71191652697416
4219fb79ba1ee16c1c01,CMP-training-166.csv,4-5-6,1,Physics+CatBoost,c17,False,84.90285,82.54209230547188
465d4c727adcab8e31eb,CMP-training-101.csv,4-5-6,1,Physics+CatBoost,c17,False,86.7111,85.8748859352228
475314340343ca883cb9,CMP-training-101.csv,4-5-6,1,Physics+CatBoost,c17,False,94.0935,82.34712286684255
47a86e77d08d8d666237,CMP-training-101.csv,4-5-6,1,Physics+CatBoost,c17,False,89.23815,83.07563970854756
4c73534d684a3116a73c,CMP-training-171.csv,4-5-6,1,Physics+CatBoost,c17,False,79.9269,86.30634429275148
52c1daa786a22df7c179,CMP-training-101.csv,4-5-6,1,Physics+CatBoost,c17,False,84.8715,85.86340454395527
54533ac338be7d35ddf3,CMP-training-118.csv,4-5-6,1,Physics+CatBoost,c17,False,89.8167,83.10301364475717
58571e66aaaa10636710,CMP-training-101.csv,4-5-6,1,Physics+CatBoost,c17,False,94.31475,83.41059853719607
599487cc2ca6f8f86413,CMP-training-101.csv,4-5-6,1,Physics+CatBoost,c17,False,86.75685,79.07599271914353
5c20268fdb686e60e15a,CMP-training-101.csv,4-5-6,1,Physics+CatBoost,c17,False,87.87435,83.76680063682232
69f3a61f65c9cc132300,CMP-training-101.csv,4-5-6,1,Physics+CatBoost,c17,False,85.78935,81.53068338613505
6c04bd525b4373e2a9b0,CMP-training-101.csv,4-5-6,1,Physics+CatBoost,c17,False,86.42175,82.6357327282411
6ec38443bb3f9efbdea9,CMP-training-101.csv,4-5-6,1,Physics+CatBoost,c17,False,91.99545,85.79711415624605
706895e70a25b52a0444,CMP-training-101.csv,4-5-6,1,Physics+CatBoost,c17,False,83.6727,79.82635705510987
7376584a67fae2bf8c16,CMP-training-118.csv,4-5-6,1,Physics+CatBoost,c17,False,88.0542,83.39038934717206
73c0ed135fd00f62694b,CMP-training-118.csv,4-5-6,1,Physics+CatBoost,c17,False,88.03935,81.0565224684437
7a684c9c55a0788225dd,CMP-training-101.csv,4-5-6,1,Physics+CatBoost,c17,False,88.96125,79.79470011035322
7af7fdb40878f9474300,CMP-training-101.csv,4-5-6,1,Physics+CatBoost,c17,False,79.3944,83.09853411107883
7dfdfeb7f36e1e44e92b,CMP-training-053.csv,4-5-6,1,Physics+CatBoost,c17,False,64.75125,63.23004779240396
7f49ac0391e66ff66e06,CMP-training-101.csv,4-5-6,1,Physics+CatBoost,c17,False,91.45425,80.06313346033147
8146113cc7cd6c341483,CMP-training-101.csv,4-5-6,1,Physics+CatBoost,c17,False,82.2303,75.45374465417204
84401df588888d7bc7e7,CMP-training-056.csv,4-5-6,1,Physics+CatBoost,c17,False,66.56505,69.46142495070076
84574d21cf8977b52c68,CMP-training-101.csv,4-5-6,1,Physics+CatBoost,c17,False,82.59735,85.85601621470201
8d7a8913b04ebbfa3dfa,CMP-training-118.csv,4-5-6,1,Physics+CatBoost,c17,False,84.954,81.00303700846854
8da0440b12cf38c26e8e,CMP-training-053.csv,4-5-6,1,Physics+CatBoost,c17,False,64.8564,65.1970963868033
927fc0f9d244a350705c,CMP-training-101.csv,4-5-6,1,Physics+CatBoost,c17,False,91.0362,78.92808240766036
93f643ef03918000025c,CMP-training-101.csv,4-5-6,1,Physics+CatBoost,c17,False,87.00465,81.84615492280581
970a6f390bebb316abca,CMP-training-101.csv,4-5-6,1,Physics+CatBoost,c17,False,76.45845,73.50049046983804
9ca3aa93b392bca202ef,CMP-training-171.csv,4-5-6,1,Physics+CatBoost,c17,False,86.8347,89.72438198229786
9f01c980fa1958b2f806,CMP-training-101.csv,4-5-6,1,Physics+CatBoost,c17,False,86.8221,83.64378147006089
9f901e12f57b2b0c8c22,CMP-training-101.csv,4-5-6,1,Physics+CatBoost,c17,False,85.5699,83.76429491936571
a49905eef7dd8229f1fe,CMP-training-101.csv,4-5-6,1,Physics+CatBoost,c17,False,77.8269,74.07821351286559
a5fd1e4cc339eda1fe2d,CMP-training-171.csv,4-5-6,1,Physics+CatBoost,c17,False,87.74865,89.55731251413624
a6cffe78de3e02bb1ce0,CMP-training-101.csv,4-5-6,1,Physics+CatBoost,c17,False,87.10995,85.16014976756523
a7f4ab1cfebeb0d1b779,CMP-training-101.csv,4-5-6,1,Physics+CatBoost,c17,False,87.44205,81.46411544042031
af193fd79a005e307209,CMP-training-101.csv,4-5-6,1,Physics+CatBoost,c17,False,93.2031,84.01851487882718
b4157959af56aa9ac6a9,CMP-training-101.csv,4-5-6,1,Physics+CatBoost,c17,False,85.9797,84.28729391299665
b4d279d0a302676bfbdc,CMP-training-053.csv,4-5-6,1,Physics+CatBoost,c17,False,65.6472,66.0201310396699
b65b121d6925df5f5233,CMP-training-101.csv,4-5-6,1,Physics+CatBoost,c17,False,90.99915,84.68859962452862
be1a6cd030718a795d9a,CMP-training-101.csv,4-5-6,1,Physics+CatBoost,c17,False,80.5098,79.54004009591186
becdf9651be28618e8e3,CMP-training-101.csv,4-5-6,1,Physics+CatBoost,c17,False,85.6881,84.55677099653414
c4bc2de7cbe95466f059,CMP-training-058.csv,4-5-6,1,Physics+CatBoost,c17,False,68.92695,64.93871133981558
c538d6e68f5c2e9ce02b,CMP-training-101.csv,4-5-6,1,Physics+CatBoost,c17,False,83.46315,84.8709898912878
c665bec6d4dedb4949dc,CMP-training-101.csv,4-5-6,1,Physics+CatBoost,c17,False,86.3625,82.05746040111754
c715a0b4ae7af068cb3d,CMP-training-101.csv,4-5-6,1,Physics+CatBoost,c17,False,84.91215,85.36331840329672
cb3faea45eb5a7a905fe,CMP-training-101.csv,4-5-6,1,Physics+CatBoost,c17,False,86.41125,84.80897956111558
cf8054ad4e397ee2b106,CMP-training-101.csv,4-5-6,1,Physics+CatBoost,c17,False,83.95515,84.2158741292361
cfa09bcca98a3fc939a3,CMP-training-101.csv,4-5-6,1,Physics+CatBoost,c17,False,80.9778,80.12253124129592
d2e847dae1a8c81ba82a,CMP-training-101.csv,4-5-6,1,Physics+CatBoost,c17,False,81.8391,83.80929076358397
d7362cca5559460d595e,CMP-training-101.csv,4-5-6,1,Physics+CatBoost,c17,False,87.9141,86.90785858726457
dc27cf1564433362baeb,CMP-training-171.csv,4-5-6,1,Physics+CatBoost,c17,False,86.3628,90.61514827201904
e0f86edd1308ffb68e05,CMP-training-171.csv,4-5-6,1,Physics+CatBoost,c17,False,85.98645,86.85707016583174
e3e44935e8d22fa2ab7b,CMP-training-101.csv,4-5-6,1,Physics+CatBoost,c17,False,88.93695,82.36485232702695
e53befd14cc461cb0766,CMP-training-101.csv,4-5-6,1,Physics+CatBoost,c17,False,90.4239,77.89651064256805
e54036210e8cf9aec66b,CMP-training-171.csv,4-5-6,1,Physics+CatBoost,c17,False,88.69725,90.44196609425644
e5e6d346655ab5ed8999,CMP-training-101.csv,4-5-6,1,Physics+CatBoost,c17,False,89.7015,87.77657529129779
e6aa46452be5290f2ee7,CMP-training-053.csv,4-5-6,1,Physics+CatBoost,c17,False,65.9526,65.19330865352005
e81b53ce8f9871fa6fee,CMP-training-171.csv,4-5-6,1,Physics+CatBoost,c17,False,87.85815,89.86984444318993
ecd33beacec4f14b5aae,CMP-training-053.csv,4-5-6,1,Physics+CatBoost,c17,False,67.70235,68.08689693919918
f3708373f1592353fed9,CMP-training-058.csv,4-5-6,1,Physics+CatBoost,c17,False,71.55435,68.35542361439873
f7e81e4ae628b203d4b9,CMP-training-101.csv,4-5-6,1,Physics+CatBoost,c17,False,87.0783,83.81414126994322
fa3a141acf64cb6098e8,CMP-training-101.csv,4-5-6,1,Physics+CatBoost,c17,False,86.92755,84.7428775677535
fdc6b2b433b5592ca012,CMP-training-101.csv,4-5-6,1,Physics+CatBoost,c17,False,92.5014,85.31870477615198
0503fa7532d16231373b,CMP-training-101.csv,4-5-6,1,PrestonInspired,c01,False,86.1816,76.95689975246114
05e352c7aee30e0a91c1,CMP-training-053.csv,4-5-6,1,PrestonInspired,c01,False,67.31955,72.18149808206277
0a3371b2f2911c0f1d13,CMP-training-101.csv,4-5-6,1,PrestonInspired,c01,False,90.53775,79.54249738111554
0afebc737ab594f1c7b5,CMP-training-101.csv,4-5-6,1,PrestonInspired,c01,False,90.2769,80.07470893796994
0c1bfc8a83d5f95171f8,CMP-training-171.csv,4-5-6,1,PrestonInspired,c01,False,83.82225,85.15102269345671
0da647c8d6f4bd982136,CMP-training-101.csv,4-5-6,1,PrestonInspired,c01,False,84.015,79.76641737504146
11f30c2bc548fa0d4998,CMP-training-101.csv,4-5-6,1,PrestonInspired,c01,False,85.33245,79.23404058652883
12b597cb0c726a3151e4,CMP-training-101.csv,4-5-6,1,PrestonInspired,c01,False,95.58105,78.90608084518445
132c1b81271bab7101a3,CMP-training-101.csv,4-5-6,1,PrestonInspired,c01,False,95.3712,78.79912657041118
167866d90097edd8fc00,CMP-training-053.csv,4-5-6,1,PrestonInspired,c01,False,76.2096,71.30745367722093
16f26f32a5d7b9b539a2,CMP-training-101.csv,4-5-6,1,PrestonInspired,c01,False,90.4701,78.45320040804562
186e18e542d83a07c02c,CMP-training-101.csv,4-5-6,1,PrestonInspired,c01,False,86.8794,79.25015367783219
1947351cf641e50cfd08,CMP-training-101.csv,4-5-6,1,PrestonInspired,c01,False,87.32445,78.52620378495085
1db3dbf17108dc540eec,CMP-training-101.csv,4-5-6,1,PrestonInspired,c01,False,99.8547,78.92342628882518
1dca7527b4e57c0f235c,CMP-training-053.csv,4-5-6,1,PrestonInspired,c01,False,64.6767,71.89676792682046
222edc660ee4209ca385,CMP-training-047.csv,4-5-6,1,PrestonInspired,c01,False,64.54035,71.85234686583586
22a4b8985d7779eb27d1,CMP-training-058.csv,4-5-6,1,PrestonInspired,c01,False,66.38145,70.38096540191808
22f89a616e569223c39e,CMP-training-047.csv,4-5-6,1,PrestonInspired,c01,False,62.2413,71.53725225501704
253cddb18ef60ff680ab,CMP-training-101.csv,4-5-6,1,PrestonInspired,c01,False,87.4689,78.44240938021241
2656d3add865fd1c3323,CMP-training-166.csv,4-5-6,1,PrestonInspired,c01,False,83.67975,83.70719497079509
26c63f3c5839c506aaf9,CMP-training-101.csv,4-5-6,1,PrestonInspired,c01,False,84.15975,78.44457377407295
2752a6a639957b0175db,CMP-training-166.csv,4-5-6,1,PrestonInspired,c01,False,86.92215,85.50066169414463
28441326f94ba0a5b14f,CMP-training-171.csv,4-5-6,1,PrestonInspired,c01,False,85.39035,85.60184627283887
2a2939c71a2c18a9260d,CMP-training-101.csv,4-5-6,1,PrestonInspired,c01,False,86.3877,79.36033947987902
2cb7373298abc6fa4dc6,CMP-training-047.csv,4-5-6,1,PrestonInspired,c01,False,65.418,70.8286751913506
2d66d854edf651b287ea,CMP-training-101.csv,4-5-6,1,PrestonInspired,c01,False,87.1047,78.61402258509959
2ec6700e2224a3e08867,CMP-training-101.csv,4-5-6,1,PrestonInspired,c01,False,83.29515,79.71126353444063
2ed601f8363344287667,CMP-training-058.csv,4-5-6,1,PrestonInspired,c01,False,67.14225,70.39562777398315
35552005e2e5bb9437a8,CMP-training-101.csv,4-5-6,1,PrestonInspired,c01,False,87.43395,79.98617284313045
3607962da81ca103a891,CMP-training-101.csv,4-5-6,1,PrestonInspired,c01,False,86.95065,78.90611535815857
39aa390ac4260261ad21,CMP-training-101.csv,4-5-6,1,PrestonInspired,c01,False,86.2803,78.21477960951087
3b9799fb6f7d990eb3a0,CMP-training-101.csv,4-5-6,1,PrestonInspired,c01,False,86.9031,77.99737712786305
3e98716b0d5d53f8b96e,CMP-training-058.csv,4-5-6,1,PrestonInspired,c01,False,64.8096,71.1216619965412
3f03001701f4dae6e3fe,CMP-training-101.csv,4-5-6,1,PrestonInspired,c01,False,92.82675,77.51506280076269
4219fb79ba1ee16c1c01,CMP-training-166.csv,4-5-6,1,PrestonInspired,c01,False,84.90285,86.19594169363039
465d4c727adcab8e31eb,CMP-training-101.csv,4-5-6,1,PrestonInspired,c01,False,86.7111,80.01005737027934
475314340343ca883cb9,CMP-training-101.csv,4-5-6,1,PrestonInspired,c01,False,94.0935,77.46069688960041
47a86e77d08d8d666237,CMP-training-101.csv,4-5-6,1,PrestonInspired,c01,False,89.23815,78.89777782069436
4c73534d684a3116a73c,CMP-training-171.csv,4-5-6,1,PrestonInspired,c01,False,79.9269,83.62723466595669
52c1daa786a22df7c179,CMP-training-101.csv,4-5-6,1,PrestonInspired,c01,False,84.8715,79.78756229228395
54533ac338be7d35ddf3,CMP-training-118.csv,4-5-6,1,PrestonInspired,c01,False,89.8167,79.16067230600926
58571e66aaaa10636710,CMP-training-101.csv,4-5-6,1,PrestonInspired,c01,False,94.31475,79.05226624842389
599487cc2ca6f8f86413,CMP-training-101.csv,4-5-6,1,PrestonInspired,c01,False,86.75685,78.6634169142287
5c20268fdb686e60e15a,CMP-training-101.csv,4-5-6,1,PrestonInspired,c01,False,87.87435,78.87540689106322
69f3a61f65c9cc132300,CMP-training-101.csv,4-5-6,1,PrestonInspired,c01,False,85.78935,78.2670376421787
6c04bd525b4373e2a9b0,CMP-training-101.csv,4-5-6,1,PrestonInspired,c01,False,86.42175,79.52795196383008
6ec38443bb3f9efbdea9,CMP-training-101.csv,4-5-6,1,PrestonInspired,c01,False,91.99545,79.40210343876515
706895e70a25b52a0444,CMP-training-101.csv,4-5-6,1,PrestonInspired,c01,False,83.6727,79.89991527405375
7376584a67fae2bf8c16,CMP-training-118.csv,4-5-6,1,PrestonInspired,c01,False,88.0542,77.65739667734216
73c0ed135fd00f62694b,CMP-training-118.csv,4-5-6,1,PrestonInspired,c01,False,88.03935,76.7928745061441
7a684c9c55a0788225dd,CMP-training-101.csv,4-5-6,1,PrestonInspired,c01,False,88.96125,78.76049474799018
7af7fdb40878f9474300,CMP-training-101.csv,4-5-6,1,PrestonInspired,c01,False,79.3944,78.89628847878518
7dfdfeb7f36e1e44e92b,CMP-training-053.csv,4-5-6,1,PrestonInspired,c01,False,64.75125,70.48563398947532
7f49ac0391e66ff66e06,CMP-training-101.csv,4-5-6,1,PrestonInspired,c01,False,91.45425,77.4205523847035
8146113cc7cd6c341483,CMP-training-101.csv,4-5-6,1,PrestonInspired,c01,False,82.2303,77.47730095625305
84401df588888d7bc7e7,CMP-training-056.csv,4-5-6,1,PrestonInspired,c01,False,66.56505,74.79953579320342
84574d21cf8977b52c68,CMP-training-101.csv,4-5-6,1,PrestonInspired,c01,False,82.59735,79.06215392288767
8d7a8913b04ebbfa3dfa,CMP-training-118.csv,4-5-6,1,PrestonInspired,c01,False,84.954,77.0636122958494
8da0440b12cf38c26e8e,CMP-training-053.csv,4-5-6,1,PrestonInspired,c01,False,64.8564,70.58293134445809
927fc0f9d244a350705c,CMP-training-101.csv,4-5-6,1,PrestonInspired,c01,False,91.0362,77.42641989117591
93f643ef03918000025c,CMP-training-101.csv,4-5-6,1,PrestonInspired,c01,False,87.00465,78.74989820308348
970a6f390bebb316abca,CMP-training-101.csv,4-5-6,1,PrestonInspired,c01,False,76.45845,77.94413419069834
9ca3aa93b392bca202ef,CMP-training-171.csv,4-5-6,1,PrestonInspired,c01,False,86.8347,85.44128991525119
9f01c980fa1958b2f806,CMP-training-101.csv,4-5-6,1,PrestonInspired,c01,False,86.8221,79.44210013730142
9f901e12f57b2b0c8c22,CMP-training-101.csv,4-5-6,1,PrestonInspired,c01,False,85.5699,78.54985383509184
a49905eef7dd8229f1fe,CMP-training-101.csv,4-5-6,1,PrestonInspired,c01,False,77.8269,77.41995438440256
a5fd1e4cc339eda1fe2d,CMP-training-171.csv,4-5-6,1,PrestonInspired,c01,False,87.74865,85.12395871597715
a6cffe78de3e02bb1ce0,CMP-training-101.csv,4-5-6,1,PrestonInspired,c01,False,87.10995,80.0441412415665
a7f4ab1cfebeb0d1b779,CMP-training-101.csv,4-5-6,1,PrestonInspired,c01,False,87.44205,78.16314654149289
af193fd79a005e307209,CMP-training-101.csv,4-5-6,1,PrestonInspired,c01,False,93.2031,77.80598843882996
b4157959af56aa9ac6a9,CMP-training-101.csv,4-5-6,1,PrestonInspired,c01,False,85.9797,78.66765080917087
b4d279d0a302676bfbdc,CMP-training-053.csv,4-5-6,1,PrestonInspired,c01,False,65.6472,70.94678793849354
b65b121d6925df5f5233,CMP-training-101.csv,4-5-6,1,PrestonInspired,c01,False,90.99915,79.05567591941596
be1a6cd030718a795d9a,CMP-training-101.csv,4-5-6,1,PrestonInspired,c01,False,80.5098,78.45046876913021
becdf9651be28618e8e3,CMP-training-101.csv,4-5-6,1,PrestonInspired,c01,False,85.6881,79.56004519631517
c4bc2de7cbe95466f059,CMP-training-058.csv,4-5-6,1,PrestonInspired,c01,False,68.92695,72.275621300234
c538d6e68f5c2e9ce02b,CMP-training-101.csv,4-5-6,1,PrestonInspired,c01,False,83.46315,79.11080317540332
c665bec6d4dedb4949dc,CMP-training-101.csv,4-5-6,1,PrestonInspired,c01,False,86.3625,77.8231225931025
c715a0b4ae7af068cb3d,CMP-training-101.csv,4-5-6,1,PrestonInspired,c01,False,84.91215,78.56455954143284
cb3faea45eb5a7a905fe,CMP-training-101.csv,4-5-6,1,PrestonInspired,c01,False,86.41125,79.14748683023
cf8054ad4e397ee2b106,CMP-training-101.csv,4-5-6,1,PrestonInspired,c01,False,83.95515,78.77157399394613
cfa09bcca98a3fc939a3,CMP-training-101.csv,4-5-6,1,PrestonInspired,c01,False,80.9778,79.89294338138279
d2e847dae1a8c81ba82a,CMP-training-101.csv,4-5-6,1,PrestonInspired,c01,False,81.8391,79.65282430443658
d7362cca5559460d595e,CMP-training-101.csv,4-5-6,1,PrestonInspired,c01,False,87.9141,79.96347914638353
dc27cf1564433362baeb,CMP-training-171.csv,4-5-6,1,PrestonInspired,c01,False,86.3628,85.21506025509458
e0f86edd1308ffb68e05,CMP-training-171.csv,4-5-6,1,PrestonInspired,c01,False,85.98645,84.3890223416832
e3e44935e8d22fa2ab7b,CMP-training-101.csv,4-5-6,1,PrestonInspired,c01,False,88.93695,77.92802077146247
e53befd14cc461cb0766,CMP-training-101.csv,4-5-6,1,PrestonInspired,c01,False,90.4239,76.4621119540163
e54036210e8cf9aec66b,CMP-training-171.csv,4-5-6,1,PrestonInspired,c01,False,88.69725,85.14369201411722
e5e6d346655ab5ed8999,CMP-training-101.csv,4-5-6,1,PrestonInspired,c01,False,89.7015,79.0671806178158
e6aa46452be5290f2ee7,CMP-training-053.csv,4-5-6,1,PrestonInspired,c01,False,65.9526,70.75440216866032
e81b53ce8f9871fa6fee,CMP-training-171.csv,4-5-6,1,PrestonInspired,c01,False,87.85815,85.05576141115485
ecd33beacec4f14b5aae,CMP-training-053.csv,4-5-6,1,PrestonInspired,c01,False,67.70235,71.03666711898097
f3708373f1592353fed9,CMP-training-058.csv,4-5-6,1,PrestonInspired,c01,False,71.55435,70.40367903672939
f7e81e4ae628b203d4b9,CMP-training-101.csv,4-5-6,1,PrestonInspired,c01,False,87.0783,78.12800150662925
fa3a141acf64cb6098e8,CMP-training-101.csv,4-5-6,1,PrestonInspired,c01,False,86.92755,78.01753991131015
fdc6b2b433b5592ca012,CMP-training-101.csv,4-5-6,1,PrestonInspired,c01,False,92.5014,79.58129363954403
0163f0fd20a1ef5705a4,CMP-training-099.csv,4-5-6,2,CatBoost,c09,True,79.6245,82.11718723013817
01cd0ec5cb81133b593a,CMP-training-099.csv,4-5-6,2,CatBoost,c09,True,83.7336,81.93255880608791
028d82052136b5b18507,CMP-training-137.csv,4-5-6,2,CatBoost,c09,True,96.3981,90.6762448112212
05092525d7c56ae0b8ab,CMP-training-137.csv,4-5-6,2,CatBoost,c09,True,78.72615,82.98620252611124
0513b8d1d574543d7756,CMP-training-137.csv,4-5-6,2,CatBoost,c09,True,89.44185,88.38438797729464
078377d96c941cb42c23,CMP-training-137.csv,4-5-6,2,CatBoost,c09,True,81.51435,83.7869739419491
07895596b128a1cf0a17,CMP-training-137.csv,4-5-6,2,CatBoost,c09,True,96.1875,89.81390906153237
08bde4d49afce0041d4d,CMP-training-145.csv,4-5-6,2,CatBoost,c09,True,91.52745,89.98389423091052
098457ac915fdac0698d,CMP-training-137.csv,4-5-6,2,CatBoost,c09,True,91.19205,84.10004999840466
0ddb92a656a580960ff7,CMP-training-137.csv,4-5-6,2,CatBoost,c09,True,93.7632,89.11179207013498
11b03262e0ce339a2f9c,CMP-training-167.csv,4-5-6,2,CatBoost,c09,True,84.7362,82.81950518388172
18773e79b3440d864afb,CMP-training-137.csv,4-5-6,2,CatBoost,c09,True,94.9788,87.78120531409763
1d5589f63a63df3c5bc6,CMP-training-145.csv,4-5-6,2,CatBoost,c09,True,91.3698,86.57445712734231
1d8510a7bfaba96c4afc,CMP-training-137.csv,4-5-6,2,CatBoost,c09,True,85.3224,85.61286139702557
1e504d568421566a9d23,CMP-training-115.csv,4-5-6,2,CatBoost,c09,True,85.3947,87.21521009124389
21875bdd674560402390,CMP-training-167.csv,4-5-6,2,CatBoost,c09,True,88.42305,88.30011540483318
223bd25a1986bddd3baa,CMP-training-137.csv,4-5-6,2,CatBoost,c09,True,94.0245,86.59387878707624
23c437e468750a7cb1f8,CMP-training-145.csv,4-5-6,2,CatBoost,c09,True,88.90305,86.71831504565459
2611d5a613d3f7ba6826,CMP-training-137.csv,4-5-6,2,CatBoost,c09,True,90.47505,92.73118008568252
26343912e7f2fac4c0bd,CMP-training-145.csv,4-5-6,2,CatBoost,c09,True,99.87045,88.16706060680082
2858bdf489e7089d434d,CMP-training-137.csv,4-5-6,2,CatBoost,c09,True,82.02915,86.28583971500832
2dc2915674aa13a91648,CMP-training-137.csv,4-5-6,2,CatBoost,c09,True,87.04485,87.6492063546065
2fdd70803e22d44657ed,CMP-training-051.csv,4-5-6,2,CatBoost,c09,True,63.59325,61.03641307797991
30036149fa0b55fefc28,CMP-training-115.csv,4-5-6,2,CatBoost,c09,True,78.0339,85.1293814178406
331d90f1bd532665407b,CMP-training-045.csv,4-5-6,2,CatBoost,c09,True,61.07565,64.61516060266902
347d606da7347bd8c1ae,CMP-training-137.csv,4-5-6,2,CatBoost,c09,True,85.60095,84.66062093537415
3b711f24fac27afc42d7,CMP-training-137.csv,4-5-6,2,CatBoost,c09,True,82.58805,88.36036754567544
460ef578c3fc411d7122,CMP-training-137.csv,4-5-6,2,CatBoost,c09,True,91.0695,86.05639967624926
46168fb53356caf30cb9,CMP-training-137.csv,4-5-6,2,CatBoost,c09,True,87.783,86.54303372565597
49501a1730dbfb7a5b50,CMP-training-099.csv,4-5-6,2,CatBoost,c09,True,81.99945,83.53829234301378
4dade8e79f2ea291720c,CMP-training-137.csv,4-5-6,2,CatBoost,c09,True,93.09795,91.9201118932219
4e65ba4a8d05c996da91,CMP-training-137.csv,4-5-6,2,CatBoost,c09,True,85.10175,85.81523734825389
5c626aa0121919e98c2a,CMP-training-115.csv,4-5-6,2,CatBoost,c09,True,91.1082,88.14807585808595
5e869e08c2aed018bf72,CMP-training-137.csv,4-5-6,2,CatBoost,c09,True,91.5012,86.54380590295301
5ea29512d772df31c40c,CMP-training-167.csv,4-5-6,2,CatBoost,c09,True,88.4877,86.43298571052418
5ee493bc6ce1cd5e991c,CMP-training-137.csv,4-5-6,2,CatBoost,c09,True,91.11525,90.52905397174528
6250e2a91e721eeed9a6,CMP-training-137.csv,4-5-6,2,CatBoost,c09,True,89.53875,87.87620101238652
62b0e0cdc41b50cf50ff,CMP-training-137.csv,4-5-6,2,CatBoost,c09,True,84.65415,86.09728879359528
731f8c977b3089045b6f,CMP-training-137.csv,4-5-6,2,CatBoost,c09,True,78.1785,84.71866755277948
735ffb7543b67724b0a8,CMP-training-137.csv,4-5-6,2,CatBoost,c09,True,86.7084,87.72023214048188
774e1ca42b6fc96b8d76,CMP-training-137.csv,4-5-6,2,CatBoost,c09,True,85.81695,87.47417316561501
7989764f3fb7e87d5498,CMP-training-145.csv,4-5-6,2,CatBoost,c09,True,90.11925,85.93684943553276
7c49fddb57ce0ec15d3a,CMP-training-137.csv,4-5-6,2,CatBoost,c09,True,87.6009,85.74718038112367
823849dffd8d91c6458b,CMP-training-145.csv,4-5-6,2,CatBoost,c09,True,101.4648,93.28533219709328
837014f8d2e37cb3a110,CMP-training-115.csv,4-5-6,2,CatBoost,c09,True,80.3274,87.41784728009931
838e584cba38914ec012,CMP-training-137.csv,4-5-6,2,CatBoost,c09,True,83.09295,83.53253173564487
83dc70480d0d5d74be38,CMP-training-145.csv,4-5-6,2,CatBoost,c09,True,96.76815,91.23771457414439
84e651f3f9f793bb9540,CMP-training-137.csv,4-5-6,2,CatBoost,c09,True,85.6653,84.18572639175336
874cdd888642c9f1abcc,CMP-training-137.csv,4-5-6,2,CatBoost,c09,True,85.91745,87.36089596703484
874dbf401fbfe9e05cba,CMP-training-137.csv,4-5-6,2,CatBoost,c09,True,89.1201,87.52522494710782
888afe7ee36bd18b0f1b,CMP-training-137.csv,4-5-6,2,CatBoost,c09,True,93.0291,86.06567624164748
89f3f6adcb64bc94ef7b,CMP-training-045.csv,4-5-6,2,CatBoost,c09,True,62.51955,66.35173827220844
8be290efa757cc10440a,CMP-training-137.csv,4-5-6,2,CatBoost,c09,True,92.46015,86.7180637038475
8d2e1d7d7905e48a77f4,CMP-training-137.csv,4-5-6,2,CatBoost,c09,True,88.63005,89.4992129064431
8d55a1a10f2a0574f939,CMP-training-137.csv,4-5-6,2,CatBoost,c09,True,88.5099,86.33552753301842
8d6bc01f9a16c70de383,CMP-training-137.csv,4-5-6,2,CatBoost,c09,True,86.72175,85.62275988125424
90acf4be46a7c5741ee9,CMP-training-137.csv,4-5-6,2,CatBoost,c09,True,87.45645,88.00559893278589
9594f3c772005f40709a,CMP-training-137.csv,4-5-6,2,CatBoost,c09,True,93.6186,86.43024115763215
9a67fb55fe2f2cbe2de3,CMP-training-145.csv,4-5-6,2,CatBoost,c09,True,86.9931,86.63441235300601
9bc569fa98a2d66e87d4,CMP-training-137.csv,4-5-6,2,CatBoost,c09,True,81.65685,83.93687837471794
a19f8e591d0fcaf460ca,CMP-training-137.csv,4-5-6,2,CatBoost,c09,True,93.4476,92.78169587161248
a1e639c3c21a87ba4a9e,CMP-training-137.csv,4-5-6,2,CatBoost,c09,True,93.70605,91.10755454669187
a7a01ce18ea621a452b8,CMP-training-137.csv,4-5-6,2,CatBoost,c09,True,81.8019,83.97079307302343
add74ef8af8ba4be0ffa,CMP-training-137.csv,4-5-6,2,CatBoost,c09,True,87.9402,85.55271731141401
b0a2625855348c9c9a94,CMP-training-115.csv,4-5-6,2,CatBoost,c09,True,81.57225,86.88009452381765
b22d678c4539e99ed400,CMP-training-137.csv,4-5-6,2,CatBoost,c09,True,89.40465,88.9521932123268
b2901af056a605c93184,CMP-training-137.csv,4-5-6,2,CatBoost,c09,True,97.47975,91.7071244351316
bb814f766b71f619172f,CMP-training-137.csv,4-5-6,2,CatBoost,c09,True,90.8298,90.98893169435581
bd39de29bc5acfa17d5d,CMP-training-137.csv,4-5-6,2,CatBoost,c09,True,82.425,85.62911677362217
befa6681e3164acbb8ef,CMP-training-137.csv,4-5-6,2,CatBoost,c09,True,87.6795,86.88481382968129
c13cb0ed0c4a4afc371e,CMP-training-167.csv,4-5-6,2,CatBoost,c09,True,93.90945,86.81132018600675
c2a1cb40fea667d45ee3,CMP-training-137.csv,4-5-6,2,CatBoost,c09,True,84.2172,85.83848828567557
c391e5631ef446a4192c,CMP-training-137.csv,4-5-6,2,CatBoost,c09,True,82.33515,83.36964898335276
c483d6782c156b008465,CMP-training-045.csv,4-5-6,2,CatBoost,c09,True,59.8005,64.7031455427544
c77913dab42e7d89ddb1,CMP-training-137.csv,4-5-6,2,CatBoost,c09,True,88.58115,87.33460588365317
c853fe5742e3d477840f,CMP-training-137.csv,4-5-6,2,CatBoost,c09,True,81.7002,85.10764291685942
c856e3177eba65cc7156,CMP-training-137.csv,4-5-6,2,CatBoost,c09,True,87.42225,87.17917793889742
c888575a871bd015fa50,CMP-training-137.csv,4-5-6,2,CatBoost,c09,True,86.0289,87.41930679852497
c9573ee2f5ea8e84be7b,CMP-training-115.csv,4-5-6,2,CatBoost,c09,True,79.85055,87.08305551805543
c9d7ae1986a7d957978f,CMP-training-051.csv,4-5-6,2,CatBoost,c09,True,77.68605,78.53852873301832
cd9069c65e9d0547cb8d,CMP-training-115.csv,4-5-6,2,CatBoost,c09,True,81.46425,86.57572006029503
cef1541d2a149dd8f062,CMP-training-137.csv,4-5-6,2,CatBoost,c09,True,90.0669,87.4698345156937
d0ab5fb13cba93b6d0bd,CMP-training-137.csv,4-5-6,2,CatBoost,c09,True,82.82955,85.47438356894006
d0bf51f9d6a2e2ebce88,CMP-training-137.csv,4-5-6,2,CatBoost,c09,True,85.8987,85.57206060048748
d210392121160a1b6f01,CMP-training-145.csv,4-5-6,2,CatBoost,c09,True,91.2012,86.49114914896069
d740aad30f00509f4e70,CMP-training-137.csv,4-5-6,2,CatBoost,c09,True,90.63855,86.06830705033717
d7b29c96ee42964cf957,CMP-training-167.csv,4-5-6,2,CatBoost,c09,True,89.8257,87.35368772358947
d7fd0e159706761b22cd,CMP-training-137.csv,4-5-6,2,CatBoost,c09,True,82.95795,85.32168804660334
d94a9017ec585d437b83,CMP-training-051.csv,4-5-6,2,CatBoost,c09,True,65.5896,61.71968651136157
da119b0997220e516e38,CMP-training-051.csv,4-5-6,2,CatBoost,c09,True,81.44055,74.48345537985871
dacfa0b0564820049e19,CMP-training-145.csv,4-5-6,2,CatBoost,c09,True,91.12125,89.03011810321124
dd9d08bbda62f26ddb7c,CMP-training-145.csv,4-5-6,2,CatBoost,c09,True,96.01515,90.41087777203767
e439b5f970028bc79a26,CMP-training-137.csv,4-5-6,2,CatBoost,c09,True,81.67665,83.74171933174607
e683785aed2f544f3912,CMP-training-167.csv,4-5-6,2,CatBoost,c09,True,94.9866,88.60181843422893
ef2cb84afc838328033e,CMP-training-044.csv,4-5-6,2,CatBoost,c09,True,60.9621,67.12004183020875
f7643efbd65e14d9e129,CMP-training-137.csv,4-5-6,2,CatBoost,c09,True,85.03935,85.06402130437205
fd575998196eabac929e,CMP-training-137.csv,4-5-6,2,CatBoost,c09,True,89.004,89.5629593534403
0163f0fd20a1ef5705a4,CMP-training-099.csv,4-5-6,2,XGBoost,c07,False,79.6245,81.85086822509766
01cd0ec5cb81133b593a,CMP-training-099.csv,4-5-6,2,XGBoost,c07,False,83.7336,83.1500473022461
028d82052136b5b18507,CMP-training-137.csv,4-5-6,2,XGBoost,c07,False,96.3981,92.96240997314453
05092525d7c56ae0b8ab,CMP-training-137.csv,4-5-6,2,XGBoost,c07,False,78.72615,81.14220428466797
0513b8d1d574543d7756,CMP-training-137.csv,4-5-6,2,XGBoost,c07,False,89.44185,88.8321762084961
078377d96c941cb42c23,CMP-training-137.csv,4-5-6,2,XGBoost,c07,False,81.51435,82.59412384033203
07895596b128a1cf0a17,CMP-training-137.csv,4-5-6,2,XGBoost,c07,False,96.1875,89.82723999023438
08bde4d49afce0041d4d,CMP-training-145.csv,4-5-6,2,XGBoost,c07,False,91.52745,91.50782775878906
098457ac915fdac0698d,CMP-training-137.csv,4-5-6,2,XGBoost,c07,False,91.19205,84.52964782714844
0ddb92a656a580960ff7,CMP-training-137.csv,4-5-6,2,XGBoost,c07,False,93.7632,87.13162231445312
11b03262e0ce339a2f9c,CMP-training-167.csv,4-5-6,2,XGBoost,c07,False,84.7362,81.87709045410156
18773e79b3440d864afb,CMP-training-137.csv,4-5-6,2,XGBoost,c07,False,94.9788,85.78106689453125
1d5589f63a63df3c5bc6,CMP-training-145.csv,4-5-6,2,XGBoost,c07,False,91.3698,84.8180160522461
1d8510a7bfaba96c4afc,CMP-training-137.csv,4-5-6,2,XGBoost,c07,False,85.3224,83.6053237915039
1e504d568421566a9d23,CMP-training-115.csv,4-5-6,2,XGBoost,c07,False,85.3947,86.5733413696289
21875bdd674560402390,CMP-training-167.csv,4-5-6,2,XGBoost,c07,False,88.42305,88.79653930664062
223bd25a1986bddd3baa,CMP-training-137.csv,4-5-6,2,XGBoost,c07,False,94.0245,86.30323028564453
23c437e468750a7cb1f8,CMP-training-145.csv,4-5-6,2,XGBoost,c07,False,88.90305,85.87696838378906
2611d5a613d3f7ba6826,CMP-training-137.csv,4-5-6,2,XGBoost,c07,False,90.47505,92.16610717773438
26343912e7f2fac4c0bd,CMP-training-145.csv,4-5-6,2,XGBoost,c07,False,99.87045,86.17965698242188
2858bdf489e7089d434d,CMP-training-137.csv,4-5-6,2,XGBoost,c07,False,82.02915,86.3936538696289
2dc2915674aa13a91648,CMP-training-137.csv,4-5-6,2,XGBoost,c07,False,87.04485,85.9861831665039
2fdd70803e22d44657ed,CMP-training-051.csv,4-5-6,2,XGBoost,c07,False,63.59325,60.22547912597656
30036149fa0b55fefc28,CMP-training-115.csv,4-5-6,2,XGBoost,c07,False,78.0339,84.72614288330078
331d90f1bd532665407b,CMP-training-045.csv,4-5-6,2,XGBoost,c07,False,61.07565,64.49618530273438
347d606da7347bd8c1ae,CMP-training-137.csv,4-5-6,2,XGBoost,c07,False,85.60095,84.63308715820312
3b711f24fac27afc42d7,CMP-training-137.csv,4-5-6,2,XGBoost,c07,False,82.58805,88.05885314941406
460ef578c3fc411d7122,CMP-training-137.csv,4-5-6,2,XGBoost,c07,False,91.0695,84.32921600341797
46168fb53356caf30cb9,CMP-training-137.csv,4-5-6,2,XGBoost,c07,False,87.783,86.09503173828125
49501a1730dbfb7a5b50,CMP-training-099.csv,4-5-6,2,XGBoost,c07,False,81.99945,83.03324890136719
4dade8e79f2ea291720c,CMP-training-137.csv,4-5-6,2,XGBoost,c07,False,93.09795,91.3387451171875
4e65ba4a8d05c996da91,CMP-training-137.csv,4-5-6,2,XGBoost,c07,False,85.10175,85.64710998535156
5c626aa0121919e98c2a,CMP-training-115.csv,4-5-6,2,XGBoost,c07,False,91.1082,87.6238021850586
5e869e08c2aed018bf72,CMP-training-137.csv,4-5-6,2,XGBoost,c07,False,91.5012,85.60205078125
5ea29512d772df31c40c,CMP-training-167.csv,4-5-6,2,XGBoost,c07,False,88.4877,86.68443298339844
5ee493bc6ce1cd5e991c,CMP-training-137.csv,4-5-6,2,XGBoost,c07,False,91.11525,92.45272827148438
6250e2a91e721eeed9a6,CMP-training-137.csv,4-5-6,2,XGBoost,c07,False,89.53875,89.01671600341797
62b0e0cdc41b50cf50ff,CMP-training-137.csv,4-5-6,2,XGBoost,c07,False,84.65415,83.70832061767578
731f8c977b3089045b6f,CMP-training-137.csv,4-5-6,2,XGBoost,c07,False,78.1785,81.84732055664062
735ffb7543b67724b0a8,CMP-training-137.csv,4-5-6,2,XGBoost,c07,False,86.7084,86.27334594726562
774e1ca42b6fc96b8d76,CMP-training-137.csv,4-5-6,2,XGBoost,c07,False,85.81695,85.72746276855469
7989764f3fb7e87d5498,CMP-training-145.csv,4-5-6,2,XGBoost,c07,False,90.11925,86.60964965820312
7c49fddb57ce0ec15d3a,CMP-training-137.csv,4-5-6,2,XGBoost,c07,False,87.6009,85.37342834472656
823849dffd8d91c6458b,CMP-training-145.csv,4-5-6,2,XGBoost,c07,False,101.4648,93.06778717041016
837014f8d2e37cb3a110,CMP-training-115.csv,4-5-6,2,XGBoost,c07,False,80.3274,85.402587890625
838e584cba38914ec012,CMP-training-137.csv,4-5-6,2,XGBoost,c07,False,83.09295,81.69820404052734
83dc70480d0d5d74be38,CMP-training-145.csv,4-5-6,2,XGBoost,c07,False,96.76815,93.07452392578125
84e651f3f9f793bb9540,CMP-training-137.csv,4-5-6,2,XGBoost,c07,False,85.6653,82.27279663085938
874cdd888642c9f1abcc,CMP-training-137.csv,4-5-6,2,XGBoost,c07,False,85.91745,89.4648208618164
874dbf401fbfe9e05cba,CMP-training-137.csv,4-5-6,2,XGBoost,c07,False,89.1201,87.92958068847656
888afe7ee36bd18b0f1b,CMP-training-137.csv,4-5-6,2,XGBoost,c07,False,93.0291,86.33763122558594
89f3f6adcb64bc94ef7b,CMP-training-045.csv,4-5-6,2,XGBoost,c07,False,62.51955,62.993080139160156
8be290efa757cc10440a,CMP-training-137.csv,4-5-6,2,XGBoost,c07,False,92.46015,85.6219482421875
8d2e1d7d7905e48a77f4,CMP-training-137.csv,4-5-6,2,XGBoost,c07,False,88.63005,87.21248626708984
8d55a1a10f2a0574f939,CMP-training-137.csv,4-5-6,2,XGBoost,c07,False,88.5099,84.627197265625
8d6bc01f9a16c70de383,CMP-training-137.csv,4-5-6,2,XGBoost,c07,False,86.72175,84.76168060302734
90acf4be46a7c5741ee9,CMP-training-137.csv,4-5-6,2,XGBoost,c07,False,87.45645,87.33842468261719
9594f3c772005f40709a,CMP-training-137.csv,4-5-6,2,XGBoost,c07,False,93.6186,84.92562103271484
9a67fb55fe2f2cbe2de3,CMP-training-145.csv,4-5-6,2,XGBoost,c07,False,86.9931,86.87459564208984
9bc569fa98a2d66e87d4,CMP-training-137.csv,4-5-6,2,XGBoost,c07,False,81.65685,82.74410247802734
a19f8e591d0fcaf460ca,CMP-training-137.csv,4-5-6,2,XGBoost,c07,False,93.4476,93.89010620117188
a1e639c3c21a87ba4a9e,CMP-training-137.csv,4-5-6,2,XGBoost,c07,False,93.70605,91.48552703857422
a7a01ce18ea621a452b8,CMP-training-137.csv,4-5-6,2,XGBoost,c07,False,81.8019,82.282958984375
add74ef8af8ba4be0ffa,CMP-training-137.csv,4-5-6,2,XGBoost,c07,False,87.9402,85.70105743408203
b0a2625855348c9c9a94,CMP-training-115.csv,4-5-6,2,XGBoost,c07,False,81.57225,87.51363372802734
b22d678c4539e99ed400,CMP-training-137.csv,4-5-6,2,XGBoost,c07,False,89.40465,89.83329010009766
b2901af056a605c93184,CMP-training-137.csv,4-5-6,2,XGBoost,c07,False,97.47975,90.09906005859375
bb814f766b71f619172f,CMP-training-137.csv,4-5-6,2,XGBoost,c07,False,90.8298,89.57047271728516
bd39de29bc5acfa17d5d,CMP-training-137.csv,4-5-6,2,XGBoost,c07,False,82.425,82.98806762695312
befa6681e3164acbb8ef,CMP-training-137.csv,4-5-6,2,XGBoost,c07,False,87.6795,85.27447509765625
c13cb0ed0c4a4afc371e,CMP-training-167.csv,4-5-6,2,XGBoost,c07,False,93.90945,89.58274841308594
c2a1cb40fea667d45ee3,CMP-training-137.csv,4-5-6,2,XGBoost,c07,False,84.2172,85.47785949707031
c391e5631ef446a4192c,CMP-training-137.csv,4-5-6,2,XGBoost,c07,False,82.33515,81.31224822998047
c483d6782c156b008465,CMP-training-045.csv,4-5-6,2,XGBoost,c07,False,59.8005,61.830352783203125
c77913dab42e7d89ddb1,CMP-training-137.csv,4-5-6,2,XGBoost,c07,False,88.58115,87.9465560913086
c853fe5742e3d477840f,CMP-training-137.csv,4-5-6,2,XGBoost,c07,False,81.7002,82.0989761352539
c856e3177eba65cc7156,CMP-training-137.csv,4-5-6,2,XGBoost,c07,False,87.42225,85.9084701538086
c888575a871bd015fa50,CMP-training-137.csv,4-5-6,2,XGBoost,c07,False,86.0289,87.99000549316406
c9573ee2f5ea8e84be7b,CMP-training-115.csv,4-5-6,2,XGBoost,c07,False,79.85055,84.8980941772461
c9d7ae1986a7d957978f,CMP-training-051.csv,4-5-6,2,XGBoost,c07,False,77.68605,83.11981201171875
cd9069c65e9d0547cb8d,CMP-training-115.csv,4-5-6,2,XGBoost,c07,False,81.46425,86.49635314941406
cef1541d2a149dd8f062,CMP-training-137.csv,4-5-6,2,XGBoost,c07,False,90.0669,85.62602996826172
d0ab5fb13cba93b6d0bd,CMP-training-137.csv,4-5-6,2,XGBoost,c07,False,82.82955,83.75692749023438
d0bf51f9d6a2e2ebce88,CMP-training-137.csv,4-5-6,2,XGBoost,c07,False,85.8987,84.65787506103516
d210392121160a1b6f01,CMP-training-145.csv,4-5-6,2,XGBoost,c07,False,91.2012,84.43817901611328
d740aad30f00509f4e70,CMP-training-137.csv,4-5-6,2,XGBoost,c07,False,90.63855,84.3246841430664
d7b29c96ee42964cf957,CMP-training-167.csv,4-5-6,2,XGBoost,c07,False,89.8257,86.7805404663086
d7fd0e159706761b22cd,CMP-training-137.csv,4-5-6,2,XGBoost,c07,False,82.95795,85.71160888671875
d94a9017ec585d437b83,CMP-training-051.csv,4-5-6,2,XGBoost,c07,False,65.5896,60.561195373535156
da119b0997220e516e38,CMP-training-051.csv,4-5-6,2,XGBoost,c07,False,81.44055,74.47797393798828
dacfa0b0564820049e19,CMP-training-145.csv,4-5-6,2,XGBoost,c07,False,91.12125,89.83428192138672
dd9d08bbda62f26ddb7c,CMP-training-145.csv,4-5-6,2,XGBoost,c07,False,96.01515,93.21698760986328
e439b5f970028bc79a26,CMP-training-137.csv,4-5-6,2,XGBoost,c07,False,81.67665,81.79484558105469
e683785aed2f544f3912,CMP-training-167.csv,4-5-6,2,XGBoost,c07,False,94.9866,87.75804138183594
ef2cb84afc838328033e,CMP-training-044.csv,4-5-6,2,XGBoost,c07,False,60.9621,65.06340789794922
f7643efbd65e14d9e129,CMP-training-137.csv,4-5-6,2,XGBoost,c07,False,85.03935,83.6463394165039
fd575998196eabac929e,CMP-training-137.csv,4-5-6,2,XGBoost,c07,False,89.004,88.32693481445312
0163f0fd20a1ef5705a4,CMP-training-099.csv,4-5-6,2,RandomForest,c04,False,79.6245,81.8794097896374
01cd0ec5cb81133b593a,CMP-training-099.csv,4-5-6,2,RandomForest,c04,False,83.7336,82.22324160603719
028d82052136b5b18507,CMP-training-137.csv,4-5-6,2,RandomForest,c04,False,96.3981,92.10428661258797
05092525d7c56ae0b8ab,CMP-training-137.csv,4-5-6,2,RandomForest,c04,False,78.72615,82.2294218506494
0513b8d1d574543d7756,CMP-training-137.csv,4-5-6,2,RandomForest,c04,False,89.44185,87.4459470756223
078377d96c941cb42c23,CMP-training-137.csv,4-5-6,2,RandomForest,c04,False,81.51435,82.55480946607823
07895596b128a1cf0a17,CMP-training-137.csv,4-5-6,2,RandomForest,c04,False,96.1875,88.6571616281453
08bde4d49afce0041d4d,CMP-training-145.csv,4-5-6,2,RandomForest,c04,False,91.52745,90.32032135247567
098457ac915fdac0698d,CMP-training-137.csv,4-5-6,2,RandomForest,c04,False,91.19205,85.49133006148543
0ddb92a656a580960ff7,CMP-training-137.csv,4-5-6,2,RandomForest,c04,False,93.7632,89.64343680066287
11b03262e0ce339a2f9c,CMP-training-167.csv,4-5-6,2,RandomForest,c04,False,84.7362,84.64712585051407
18773e79b3440d864afb,CMP-training-137.csv,4-5-6,2,RandomForest,c04,False,94.9788,86.51127521019338
1d5589f63a63df3c5bc6,CMP-training-145.csv,4-5-6,2,RandomForest,c04,False,91.3698,85.81870002732686
1d8510a7bfaba96c4afc,CMP-training-137.csv,4-5-6,2,RandomForest,c04,False,85.3224,83.63767175148024
1e504d568421566a9d23,CMP-training-115.csv,4-5-6,2,RandomForest,c04,False,85.3947,85.77616724774441
21875bdd674560402390,CMP-training-167.csv,4-5-6,2,RandomForest,c04,False,88.42305,88.79429453662219
223bd25a1986bddd3baa,CMP-training-137.csv,4-5-6,2,RandomForest,c04,False,94.0245,86.4262185109864
23c437e468750a7cb1f8,CMP-training-145.csv,4-5-6,2,RandomForest,c04,False,88.90305,85.5625986876301
2611d5a613d3f7ba6826,CMP-training-137.csv,4-5-6,2,RandomForest,c04,False,90.47505,92.3118492300122
26343912e7f2fac4c0bd,CMP-training-145.csv,4-5-6,2,RandomForest,c04,False,99.87045,86.8588562565039
2858bdf489e7089d434d,CMP-training-137.csv,4-5-6,2,RandomForest,c04,False,82.02915,86.52679152228762
2dc2915674aa13a91648,CMP-training-137.csv,4-5-6,2,RandomForest,c04,False,87.04485,85.27028331808035
2fdd70803e22d44657ed,CMP-training-051.csv,4-5-6,2,RandomForest,c04,False,63.59325,59.99335827921821
30036149fa0b55fefc28,CMP-training-115.csv,4-5-6,2,RandomForest,c04,False,78.0339,84.71566638289573
331d90f1bd532665407b,CMP-training-045.csv,4-5-6,2,RandomForest,c04,False,61.07565,63.46927534114583
347d606da7347bd8c1ae,CMP-training-137.csv,4-5-6,2,RandomForest,c04,False,85.60095,85.1683915979099
3b711f24fac27afc42d7,CMP-training-137.csv,4-5-6,2,RandomForest,c04,False,82.58805,88.15826749925596
460ef578c3fc411d7122,CMP-training-137.csv,4-5-6,2,RandomForest,c04,False,91.0695,85.55183116435647
46168fb53356caf30cb9,CMP-training-137.csv,4-5-6,2,RandomForest,c04,False,87.783,86.39302878165584
49501a1730dbfb7a5b50,CMP-training-099.csv,4-5-6,2,RandomForest,c04,False,81.99945,83.02161173941425
4dade8e79f2ea291720c,CMP-training-137.csv,4-5-6,2,RandomForest,c04,False,93.09795,92.25213923762176
4e65ba4a8d05c996da91,CMP-training-137.csv,4-5-6,2,RandomForest,c04,False,85.10175,85.04988380867829
5c626aa0121919e98c2a,CMP-training-115.csv,4-5-6,2,RandomForest,c04,False,91.1082,88.41557842857664
5e869e08c2aed018bf72,CMP-training-137.csv,4-5-6,2,RandomForest,c04,False,91.5012,86.01649828953599
5ea29512d772df31c40c,CMP-training-167.csv,4-5-6,2,RandomForest,c04,False,88.4877,86.34241722832112
5ee493bc6ce1cd5e991c,CMP-training-137.csv,4-5-6,2,RandomForest,c04,False,91.11525,91.95571751944668
6250e2a91e721eeed9a6,CMP-training-137.csv,4-5-6,2,RandomForest,c04,False,89.53875,88.20659317281675
62b0e0cdc41b50cf50ff,CMP-training-137.csv,4-5-6,2,RandomForest,c04,False,84.65415,85.29043603253517
731f8c977b3089045b6f,CMP-training-137.csv,4-5-6,2,RandomForest,c04,False,78.1785,82.9378907644699
735ffb7543b67724b0a8,CMP-training-137.csv,4-5-6,2,RandomForest,c04,False,86.7084,86.42037546256088
774e1ca42b6fc96b8d76,CMP-training-137.csv,4-5-6,2,RandomForest,c04,False,85.81695,85.3177525064597
7989764f3fb7e87d5498,CMP-training-145.csv,4-5-6,2,RandomForest,c04,False,90.11925,86.2190664122128
7c49fddb57ce0ec15d3a,CMP-training-137.csv,4-5-6,2,RandomForest,c04,False,87.6009,84.89287830988808
823849dffd8d91c6458b,CMP-training-145.csv,4-5-6,2,RandomForest,c04,False,101.4648,91.23275712351199
837014f8d2e37cb3a110,CMP-training-115.csv,4-5-6,2,RandomForest,c04,False,80.3274,87.07210462012982
838e584cba38914ec012,CMP-training-137.csv,4-5-6,2,RandomForest,c04,False,83.09295,82.6026017774283
83dc70480d0d5d74be38,CMP-training-145.csv,4-5-6,2,RandomForest,c04,False,96.76815,91.56425817092807
84e651f3f9f793bb9540,CMP-training-137.csv,4-5-6,2,RandomForest,c04,False,85.6653,82.13919778176772
874cdd888642c9f1abcc,CMP-training-137.csv,4-5-6,2,RandomForest,c04,False,85.91745,88.22481349462255
874dbf401fbfe9e05cba,CMP-training-137.csv,4-5-6,2,RandomForest,c04,False,89.1201,89.31834393714875
888afe7ee36bd18b0f1b,CMP-training-137.csv,4-5-6,2,RandomForest,c04,False,93.0291,86.84703738575485
89f3f6adcb64bc94ef7b,CMP-training-045.csv,4-5-6,2,RandomForest,c04,False,62.51955,63.676373232142865
8be290efa757cc10440a,CMP-training-137.csv,4-5-6,2,RandomForest,c04,False,92.46015,86.2525855380089
8d2e1d7d7905e48a77f4,CMP-training-137.csv,4-5-6,2,RandomForest,c04,False,88.63005,87.84053981814539
8d55a1a10f2a0574f939,CMP-training-137.csv,4-5-6,2,RandomForest,c04,False,88.5099,85.73313333254768
8d6bc01f9a16c70de383,CMP-training-137.csv,4-5-6,2,RandomForest,c04,False,86.72175,85.55292337263258
90acf4be46a7c5741ee9,CMP-training-137.csv,4-5-6,2,RandomForest,c04,False,87.45645,86.94118887666761
9594f3c772005f40709a,CMP-training-137.csv,4-5-6,2,RandomForest,c04,False,93.6186,85.2569265902093
9a67fb55fe2f2cbe2de3,CMP-training-145.csv,4-5-6,2,RandomForest,c04,False,86.9931,87.38148071286527
9bc569fa98a2d66e87d4,CMP-training-137.csv,4-5-6,2,RandomForest,c04,False,81.65685,82.38227116879733
a19f8e591d0fcaf460ca,CMP-training-137.csv,4-5-6,2,RandomForest,c04,False,93.4476,92.89102311935204
a1e639c3c21a87ba4a9e,CMP-training-137.csv,4-5-6,2,RandomForest,c04,False,93.70605,91.3546391603761
a7a01ce18ea621a452b8,CMP-training-137.csv,4-5-6,2,RandomForest,c04,False,81.8019,82.86869856511458
add74ef8af8ba4be0ffa,CMP-training-137.csv,4-5-6,2,RandomForest,c04,False,87.9402,84.97873938524758
b0a2625855348c9c9a94,CMP-training-115.csv,4-5-6,2,RandomForest,c04,False,81.57225,86.57872013247432
b22d678c4539e99ed400,CMP-training-137.csv,4-5-6,2,RandomForest,c04,False,89.40465,89.77939302732683
b2901af056a605c93184,CMP-training-137.csv,4-5-6,2,RandomForest,c04,False,97.47975,89.04770220417343
bb814f766b71f619172f,CMP-training-137.csv,4-5-6,2,RandomForest,c04,False,90.8298,89.5302639407806
bd39de29bc5acfa17d5d,CMP-training-137.csv,4-5-6,2,RandomForest,c04,False,82.425,83.91845122960635
befa6681e3164acbb8ef,CMP-training-137.csv,4-5-6,2,RandomForest,c04,False,87.6795,86.00580605074094
c13cb0ed0c4a4afc371e,CMP-training-167.csv,4-5-6,2,RandomForest,c04,False,93.90945,88.05756706686284
c2a1cb40fea667d45ee3,CMP-training-137.csv,4-5-6,2,RandomForest,c04,False,84.2172,86.12635764965502
c391e5631ef446a4192c,CMP-training-137.csv,4-5-6,2,RandomForest,c04,False,82.33515,82.48160974994278
c483d6782c156b008465,CMP-training-045.csv,4-5-6,2,RandomForest,c04,False,59.8005,62.850758763936575
c77913dab42e7d89ddb1,CMP-training-137.csv,4-5-6,2,RandomForest,c04,False,88.58115,87.48191350767463
c853fe5742e3d477840f,CMP-training-137.csv,4-5-6,2,RandomForest,c04,False,81.7002,83.28468363564564
c856e3177eba65cc7156,CMP-training-137.csv,4-5-6,2,RandomForest,c04,False,87.42225,87.32105461313424
c888575a871bd015fa50,CMP-training-137.csv,4-5-6,2,RandomForest,c04,False,86.0289,87.96286689871327
c9573ee2f5ea8e84be7b,CMP-training-115.csv,4-5-6,2,RandomForest,c04,False,79.85055,83.92217598082382
c9d7ae1986a7d957978f,CMP-training-051.csv,4-5-6,2,RandomForest,c04,False,77.68605,84.22123168547078
cd9069c65e9d0547cb8d,CMP-training-115.csv,4-5-6,2,RandomForest,c04,False,81.46425,86.24527424262718
cef1541d2a149dd8f062,CMP-training-137.csv,4-5-6,2,RandomForest,c04,False,90.0669,86.78593461786389
d0ab5fb13cba93b6d0bd,CMP-training-137.csv,4-5-6,2,RandomForest,c04,False,82.82955,83.88859610426812
d0bf51f9d6a2e2ebce88,CMP-training-137.csv,4-5-6,2,RandomForest,c04,False,85.8987,84.9354083730046
d210392121160a1b6f01,CMP-training-145.csv,4-5-6,2,RandomForest,c04,False,91.2012,84.61595191212693
d740aad30f00509f4e70,CMP-training-137.csv,4-5-6,2,RandomForest,c04,False,90.63855,85.7794971625744
d7b29c96ee42964cf957,CMP-training-167.csv,4-5-6,2,RandomForest,c04,False,89.8257,86.49622987811149
d7fd0e159706761b22cd,CMP-training-137.csv,4-5-6,2,RandomForest,c04,False,82.95795,85.63087903300864
d94a9017ec585d437b83,CMP-training-051.csv,4-5-6,2,RandomForest,c04,False,65.5896,60.225710140253
da119b0997220e516e38,CMP-training-051.csv,4-5-6,2,RandomForest,c04,False,81.44055,77.83334586799924
dacfa0b0564820049e19,CMP-training-145.csv,4-5-6,2,RandomForest,c04,False,91.12125,88.73807337598082
dd9d08bbda62f26ddb7c,CMP-training-145.csv,4-5-6,2,RandomForest,c04,False,96.01515,90.61334347969994
e439b5f970028bc79a26,CMP-training-137.csv,4-5-6,2,RandomForest,c04,False,81.67665,82.58373678599528
e683785aed2f544f3912,CMP-training-167.csv,4-5-6,2,RandomForest,c04,False,94.9866,87.80870081168312
ef2cb84afc838328033e,CMP-training-044.csv,4-5-6,2,RandomForest,c04,False,60.9621,64.1675635164731
f7643efbd65e14d9e129,CMP-training-137.csv,4-5-6,2,RandomForest,c04,False,85.03935,84.24142111498917
fd575998196eabac929e,CMP-training-137.csv,4-5-6,2,RandomForest,c04,False,89.004,87.92162881986762
0163f0fd20a1ef5705a4,CMP-training-099.csv,4-5-6,2,LightGBM,c15,False,79.6245,80.79050128658267
01cd0ec5cb81133b593a,CMP-training-099.csv,4-5-6,2,LightGBM,c15,False,83.7336,82.32427470154529
028d82052136b5b18507,CMP-training-137.csv,4-5-6,2,LightGBM,c15,False,96.3981,93.21381671799787
05092525d7c56ae0b8ab,CMP-training-137.csv,4-5-6,2,LightGBM,c15,False,78.72615,83.22874397828005
0513b8d1d574543d7756,CMP-training-137.csv,4-5-6,2,LightGBM,c15,False,89.44185,89.09829618340417
078377d96c941cb42c23,CMP-training-137.csv,4-5-6,2,LightGBM,c15,False,81.51435,82.83770951358235
07895596b128a1cf0a17,CMP-training-137.csv,4-5-6,2,LightGBM,c15,False,96.1875,89.59073513249128
08bde4d49afce0041d4d,CMP-training-145.csv,4-5-6,2,LightGBM,c15,False,91.52745,91.38744129201707
098457ac915fdac0698d,CMP-training-137.csv,4-5-6,2,LightGBM,c15,False,91.19205,84.2746979235084
0ddb92a656a580960ff7,CMP-training-137.csv,4-5-6,2,LightGBM,c15,False,93.7632,88.24167468525549
11b03262e0ce339a2f9c,CMP-training-167.csv,4-5-6,2,LightGBM,c15,False,84.7362,83.58166165811691
18773e79b3440d864afb,CMP-training-137.csv,4-5-6,2,LightGBM,c15,False,94.9788,86.67576771043815
1d5589f63a63df3c5bc6,CMP-training-145.csv,4-5-6,2,LightGBM,c15,False,91.3698,85.86549679271643
1d8510a7bfaba96c4afc,CMP-training-137.csv,4-5-6,2,LightGBM,c15,False,85.3224,82.75565729772198
1e504d568421566a9d23,CMP-training-115.csv,4-5-6,2,LightGBM,c15,False,85.3947,87.07293658506842
21875bdd674560402390,CMP-training-167.csv,4-5-6,2,LightGBM,c15,False,88.42305,88.94735167242882
223bd25a1986bddd3baa,CMP-training-137.csv,4-5-6,2,LightGBM,c15,False,94.0245,86.5982555266003
23c437e468750a7cb1f8,CMP-training-145.csv,4-5-6,2,LightGBM,c15,False,88.90305,85.45380220891383
2611d5a613d3f7ba6826,CMP-training-137.csv,4-5-6,2,LightGBM,c15,False,90.47505,92.46546874501882
26343912e7f2fac4c0bd,CMP-training-145.csv,4-5-6,2,LightGBM,c15,False,99.87045,86.7510133781625
2858bdf489e7089d434d,CMP-training-137.csv,4-5-6,2,LightGBM,c15,False,82.02915,86.89475979869798
2dc2915674aa13a91648,CMP-training-137.csv,4-5-6,2,LightGBM,c15,False,87.04485,86.88929903518044
2fdd70803e22d44657ed,CMP-training-051.csv,4-5-6,2,LightGBM,c15,False,63.59325,60.69220010798735
30036149fa0b55fefc28,CMP-training-115.csv,4-5-6,2,LightGBM,c15,False,78.0339,85.15148765995
331d90f1bd532665407b,CMP-training-045.csv,4-5-6,2,LightGBM,c15,False,61.07565,62.88210119221731
347d606da7347bd8c1ae,CMP-training-137.csv,4-5-6,2,LightGBM,c15,False,85.60095,83.8687743894741
3b711f24fac27afc42d7,CMP-training-137.csv,4-5-6,2,LightGBM,c15,False,82.58805,87.84964137623179
460ef578c3fc411d7122,CMP-training-137.csv,4-5-6,2,LightGBM,c15,False,91.0695,85.7043583477582
46168fb53356caf30cb9,CMP-training-137.csv,4-5-6,2,LightGBM,c15,False,87.783,85.44614018336749
49501a1730dbfb7a5b50,CMP-training-099.csv,4-5-6,2,LightGBM,c15,False,81.99945,83.14473036715705
4dade8e79f2ea291720c,CMP-training-137.csv,4-5-6,2,LightGBM,c15,False,93.09795,92.37279256861436
4e65ba4a8d05c996da91,CMP-training-137.csv,4-5-6,2,LightGBM,c15,False,85.10175,86.5587794847731
5c626aa0121919e98c2a,CMP-training-115.csv,4-5-6,2,LightGBM,c15,False,91.1082,88.61677645835053
5e869e08c2aed018bf72,CMP-training-137.csv,4-5-6,2,LightGBM,c15,False,91.5012,86.20175267982063
5ea29512d772df31c40c,CMP-training-167.csv,4-5-6,2,LightGBM,c15,False,88.4877,86.50418240025932
5ee493bc6ce1cd5e991c,CMP-training-137.csv,4-5-6,2,LightGBM,c15,False,91.11525,92.99680101927137
6250e2a91e721eeed9a6,CMP-training-137.csv,4-5-6,2,LightGBM,c15,False,89.53875,89.84217821748695
62b0e0cdc41b50cf50ff,CMP-training-137.csv,4-5-6,2,LightGBM,c15,False,84.65415,82.82774006956056
731f8c977b3089045b6f,CMP-training-137.csv,4-5-6,2,LightGBM,c15,False,78.1785,83.38783542713841
735ffb7543b67724b0a8,CMP-training-137.csv,4-5-6,2,LightGBM,c15,False,86.7084,87.81050368438957
774e1ca42b6fc96b8d76,CMP-training-137.csv,4-5-6,2,LightGBM,c15,False,85.81695,85.01632373548641
7989764f3fb7e87d5498,CMP-training-145.csv,4-5-6,2,LightGBM,c15,False,90.11925,86.3168445749396
7c49fddb57ce0ec15d3a,CMP-training-137.csv,4-5-6,2,LightGBM,c15,False,87.6009,85.72795462139676
823849dffd8d91c6458b,CMP-training-145.csv,4-5-6,2,LightGBM,c15,False,101.4648,94.14829693751692
837014f8d2e37cb3a110,CMP-training-115.csv,4-5-6,2,LightGBM,c15,False,80.3274,87.40144169145957
838e584cba38914ec012,CMP-training-137.csv,4-5-6,2,LightGBM,c15,False,83.09295,82.7132343555724
83dc70480d0d5d74be38,CMP-training-145.csv,4-5-6,2,LightGBM,c15,False,96.76815,92.95009522861406
84e651f3f9f793bb9540,CMP-training-137.csv,4-5-6,2,LightGBM,c15,False,85.6653,82.03485620097119
874cdd888642c9f1abcc,CMP-training-137.csv,4-5-6,2,LightGBM,c15,False,85.91745,89.26035548592775
874dbf401fbfe9e05cba,CMP-training-137.csv,4-5-6,2,LightGBM,c15,False,89.1201,88.17648391584721
888afe7ee36bd18b0f1b,CMP-training-137.csv,4-5-6,2,LightGBM,c15,False,93.0291,86.28623366320194
89f3f6adcb64bc94ef7b,CMP-training-045.csv,4-5-6,2,LightGBM,c15,False,62.51955,63.18763753200886
8be290efa757cc10440a,CMP-training-137.csv,4-5-6,2,LightGBM,c15,False,92.46015,86.13301440087136
8d2e1d7d7905e48a77f4,CMP-training-137.csv,4-5-6,2,LightGBM,c15,False,88.63005,87.78441550061494
8d55a1a10f2a0574f939,CMP-training-137.csv,4-5-6,2,LightGBM,c15,False,88.5099,87.00463141804899
8d6bc01f9a16c70de383,CMP-training-137.csv,4-5-6,2,LightGBM,c15,False,86.72175,86.26344571344266
90acf4be46a7c5741ee9,CMP-training-137.csv,4-5-6,2,LightGBM,c15,False,87.45645,87.77634633799296
9594f3c772005f40709a,CMP-training-137.csv,4-5-6,2,LightGBM,c15,False,93.6186,85.29966816528704
9a67fb55fe2f2cbe2de3,CMP-training-145.csv,4-5-6,2,LightGBM,c15,False,86.9931,87.82091645490624
9bc569fa98a2d66e87d4,CMP-training-137.csv,4-5-6,2,LightGBM,c15,False,81.65685,82.71788060281935
a19f8e591d0fcaf460ca,CMP-training-137.csv,4-5-6,2,LightGBM,c15,False,93.4476,94.35007392111737
a1e639c3c21a87ba4a9e,CMP-training-137.csv,4-5-6,2,LightGBM,c15,False,93.70605,93.26122314478455
a7a01ce18ea621a452b8,CMP-training-137.csv,4-5-6,2,LightGBM,c15,False,81.8019,82.66420602633953
add74ef8af8ba4be0ffa,CMP-training-137.csv,4-5-6,2,LightGBM,c15,False,87.9402,85.30879202573658
b0a2625855348c9c9a94,CMP-training-115.csv,4-5-6,2,LightGBM,c15,False,81.57225,88.86311952204946
b22d678c4539e99ed400,CMP-training-137.csv,4-5-6,2,LightGBM,c15,False,89.40465,90.46549754971065
b2901af056a605c93184,CMP-training-137.csv,4-5-6,2,LightGBM,c15,False,97.47975,91.36976026385162
bb814f766b71f619172f,CMP-training-137.csv,4-5-6,2,LightGBM,c15,False,90.8298,90.76648722172541
bd39de29bc5acfa17d5d,CMP-training-137.csv,4-5-6,2,LightGBM,c15,False,82.425,84.04441572306412
befa6681e3164acbb8ef,CMP-training-137.csv,4-5-6,2,LightGBM,c15,False,87.6795,84.98577049531679
c13cb0ed0c4a4afc371e,CMP-training-167.csv,4-5-6,2,LightGBM,c15,False,93.90945,89.90855136531803
c2a1cb40fea667d45ee3,CMP-training-137.csv,4-5-6,2,LightGBM,c15,False,84.2172,85.66833124616582
c391e5631ef446a4192c,CMP-training-137.csv,4-5-6,2,LightGBM,c15,False,82.33515,83.18369330896451
c483d6782c156b008465,CMP-training-045.csv,4-5-6,2,LightGBM,c15,False,59.8005,61.695071118601284
c77913dab42e7d89ddb1,CMP-training-137.csv,4-5-6,2,LightGBM,c15,False,88.58115,89.61433981677884
c853fe5742e3d477840f,CMP-training-137.csv,4-5-6,2,LightGBM,c15,False,81.7002,83.17674313418901
c856e3177eba65cc7156,CMP-training-137.csv,4-5-6,2,LightGBM,c15,False,87.42225,86.31168406912467
c888575a871bd015fa50,CMP-training-137.csv,4-5-6,2,LightGBM,c15,False,86.0289,87.63430328677968
c9573ee2f5ea8e84be7b,CMP-training-115.csv,4-5-6,2,LightGBM,c15,False,79.85055,86.86866260503687
c9d7ae1986a7d957978f,CMP-training-051.csv,4-5-6,2,LightGBM,c15,False,77.68605,80.39492480764338
cd9069c65e9d0547cb8d,CMP-training-115.csv,4-5-6,2,LightGBM,c15,False,81.46425,87.1828320952342
cef1541d2a149dd8f062,CMP-training-137.csv,4-5-6,2,LightGBM,c15,False,90.0669,86.65280543323767
d0ab5fb13cba93b6d0bd,CMP-training-137.csv,4-5-6,2,LightGBM,c15,False,82.82955,84.99918695818924
d0bf51f9d6a2e2ebce88,CMP-training-137.csv,4-5-6,2,LightGBM,c15,False,85.8987,85.73982030652273
d210392121160a1b6f01,CMP-training-145.csv,4-5-6,2,LightGBM,c15,False,91.2012,82.65109912815512
d740aad30f00509f4e70,CMP-training-137.csv,4-5-6,2,LightGBM,c15,False,90.63855,83.9319513038019
d7b29c96ee42964cf957,CMP-training-167.csv,4-5-6,2,LightGBM,c15,False,89.8257,86.49144900266334
d7fd0e159706761b22cd,CMP-training-137.csv,4-5-6,2,LightGBM,c15,False,82.95795,85.88791688529474
d94a9017ec585d437b83,CMP-training-051.csv,4-5-6,2,LightGBM,c15,False,65.5896,62.06104798991679
da119b0997220e516e38,CMP-training-051.csv,4-5-6,2,LightGBM,c15,False,81.44055,75.97180238844714
dacfa0b0564820049e19,CMP-training-145.csv,4-5-6,2,LightGBM,c15,False,91.12125,88.79389965393736
dd9d08bbda62f26ddb7c,CMP-training-145.csv,4-5-6,2,LightGBM,c15,False,96.01515,90.99522836920863
e439b5f970028bc79a26,CMP-training-137.csv,4-5-6,2,LightGBM,c15,False,81.67665,82.34169636811498
e683785aed2f544f3912,CMP-training-167.csv,4-5-6,2,LightGBM,c15,False,94.9866,88.04453152968773
ef2cb84afc838328033e,CMP-training-044.csv,4-5-6,2,LightGBM,c15,False,60.9621,64.15963373974431
f7643efbd65e14d9e129,CMP-training-137.csv,4-5-6,2,LightGBM,c15,False,85.03935,85.32336583917053
fd575998196eabac929e,CMP-training-137.csv,4-5-6,2,LightGBM,c15,False,89.004,89.44752089776225
0163f0fd20a1ef5705a4,CMP-training-099.csv,4-5-6,2,StageMean,c00,False,79.6245,82.28404936224489
01cd0ec5cb81133b593a,CMP-training-099.csv,4-5-6,2,StageMean,c00,False,83.7336,82.28404936224489
028d82052136b5b18507,CMP-training-137.csv,4-5-6,2,StageMean,c00,False,96.3981,82.28404936224489
05092525d7c56ae0b8ab,CMP-training-137.csv,4-5-6,2,StageMean,c00,False,78.72615,82.28404936224489
0513b8d1d574543d7756,CMP-training-137.csv,4-5-6,2,StageMean,c00,False,89.44185,82.28404936224489
078377d96c941cb42c23,CMP-training-137.csv,4-5-6,2,StageMean,c00,False,81.51435,82.28404936224489
07895596b128a1cf0a17,CMP-training-137.csv,4-5-6,2,StageMean,c00,False,96.1875,82.28404936224489
08bde4d49afce0041d4d,CMP-training-145.csv,4-5-6,2,StageMean,c00,False,91.52745,82.28404936224489
098457ac915fdac0698d,CMP-training-137.csv,4-5-6,2,StageMean,c00,False,91.19205,82.28404936224489
0ddb92a656a580960ff7,CMP-training-137.csv,4-5-6,2,StageMean,c00,False,93.7632,82.28404936224489
11b03262e0ce339a2f9c,CMP-training-167.csv,4-5-6,2,StageMean,c00,False,84.7362,82.28404936224489
18773e79b3440d864afb,CMP-training-137.csv,4-5-6,2,StageMean,c00,False,94.9788,82.28404936224489
1d5589f63a63df3c5bc6,CMP-training-145.csv,4-5-6,2,StageMean,c00,False,91.3698,82.28404936224489
1d8510a7bfaba96c4afc,CMP-training-137.csv,4-5-6,2,StageMean,c00,False,85.3224,82.28404936224489
1e504d568421566a9d23,CMP-training-115.csv,4-5-6,2,StageMean,c00,False,85.3947,82.28404936224489
21875bdd674560402390,CMP-training-167.csv,4-5-6,2,StageMean,c00,False,88.42305,82.28404936224489
223bd25a1986bddd3baa,CMP-training-137.csv,4-5-6,2,StageMean,c00,False,94.0245,82.28404936224489
23c437e468750a7cb1f8,CMP-training-145.csv,4-5-6,2,StageMean,c00,False,88.90305,82.28404936224489
2611d5a613d3f7ba6826,CMP-training-137.csv,4-5-6,2,StageMean,c00,False,90.47505,82.28404936224489
26343912e7f2fac4c0bd,CMP-training-145.csv,4-5-6,2,StageMean,c00,False,99.87045,82.28404936224489
2858bdf489e7089d434d,CMP-training-137.csv,4-5-6,2,StageMean,c00,False,82.02915,82.28404936224489
2dc2915674aa13a91648,CMP-training-137.csv,4-5-6,2,StageMean,c00,False,87.04485,82.28404936224489
2fdd70803e22d44657ed,CMP-training-051.csv,4-5-6,2,StageMean,c00,False,63.59325,82.28404936224489
30036149fa0b55fefc28,CMP-training-115.csv,4-5-6,2,StageMean,c00,False,78.0339,82.28404936224489
331d90f1bd532665407b,CMP-training-045.csv,4-5-6,2,StageMean,c00,False,61.07565,82.28404936224489
347d606da7347bd8c1ae,CMP-training-137.csv,4-5-6,2,StageMean,c00,False,85.60095,82.28404936224489
3b711f24fac27afc42d7,CMP-training-137.csv,4-5-6,2,StageMean,c00,False,82.58805,82.28404936224489
460ef578c3fc411d7122,CMP-training-137.csv,4-5-6,2,StageMean,c00,False,91.0695,82.28404936224489
46168fb53356caf30cb9,CMP-training-137.csv,4-5-6,2,StageMean,c00,False,87.783,82.28404936224489
49501a1730dbfb7a5b50,CMP-training-099.csv,4-5-6,2,StageMean,c00,False,81.99945,82.28404936224489
4dade8e79f2ea291720c,CMP-training-137.csv,4-5-6,2,StageMean,c00,False,93.09795,82.28404936224489
4e65ba4a8d05c996da91,CMP-training-137.csv,4-5-6,2,StageMean,c00,False,85.10175,82.28404936224489
5c626aa0121919e98c2a,CMP-training-115.csv,4-5-6,2,StageMean,c00,False,91.1082,82.28404936224489
5e869e08c2aed018bf72,CMP-training-137.csv,4-5-6,2,StageMean,c00,False,91.5012,82.28404936224489
5ea29512d772df31c40c,CMP-training-167.csv,4-5-6,2,StageMean,c00,False,88.4877,82.28404936224489
5ee493bc6ce1cd5e991c,CMP-training-137.csv,4-5-6,2,StageMean,c00,False,91.11525,82.28404936224489
6250e2a91e721eeed9a6,CMP-training-137.csv,4-5-6,2,StageMean,c00,False,89.53875,82.28404936224489
62b0e0cdc41b50cf50ff,CMP-training-137.csv,4-5-6,2,StageMean,c00,False,84.65415,82.28404936224489
731f8c977b3089045b6f,CMP-training-137.csv,4-5-6,2,StageMean,c00,False,78.1785,82.28404936224489
735ffb7543b67724b0a8,CMP-training-137.csv,4-5-6,2,StageMean,c00,False,86.7084,82.28404936224489
774e1ca42b6fc96b8d76,CMP-training-137.csv,4-5-6,2,StageMean,c00,False,85.81695,82.28404936224489
7989764f3fb7e87d5498,CMP-training-145.csv,4-5-6,2,StageMean,c00,False,90.11925,82.28404936224489
7c49fddb57ce0ec15d3a,CMP-training-137.csv,4-5-6,2,StageMean,c00,False,87.6009,82.28404936224489
823849dffd8d91c6458b,CMP-training-145.csv,4-5-6,2,StageMean,c00,False,101.4648,82.28404936224489
837014f8d2e37cb3a110,CMP-training-115.csv,4-5-6,2,StageMean,c00,False,80.3274,82.28404936224489
838e584cba38914ec012,CMP-training-137.csv,4-5-6,2,StageMean,c00,False,83.09295,82.28404936224489
83dc70480d0d5d74be38,CMP-training-145.csv,4-5-6,2,StageMean,c00,False,96.76815,82.28404936224489
84e651f3f9f793bb9540,CMP-training-137.csv,4-5-6,2,StageMean,c00,False,85.6653,82.28404936224489
874cdd888642c9f1abcc,CMP-training-137.csv,4-5-6,2,StageMean,c00,False,85.91745,82.28404936224489
874dbf401fbfe9e05cba,CMP-training-137.csv,4-5-6,2,StageMean,c00,False,89.1201,82.28404936224489
888afe7ee36bd18b0f1b,CMP-training-137.csv,4-5-6,2,StageMean,c00,False,93.0291,82.28404936224489
89f3f6adcb64bc94ef7b,CMP-training-045.csv,4-5-6,2,StageMean,c00,False,62.51955,82.28404936224489
8be290efa757cc10440a,CMP-training-137.csv,4-5-6,2,StageMean,c00,False,92.46015,82.28404936224489
8d2e1d7d7905e48a77f4,CMP-training-137.csv,4-5-6,2,StageMean,c00,False,88.63005,82.28404936224489
8d55a1a10f2a0574f939,CMP-training-137.csv,4-5-6,2,StageMean,c00,False,88.5099,82.28404936224489
8d6bc01f9a16c70de383,CMP-training-137.csv,4-5-6,2,StageMean,c00,False,86.72175,82.28404936224489
90acf4be46a7c5741ee9,CMP-training-137.csv,4-5-6,2,StageMean,c00,False,87.45645,82.28404936224489
9594f3c772005f40709a,CMP-training-137.csv,4-5-6,2,StageMean,c00,False,93.6186,82.28404936224489
9a67fb55fe2f2cbe2de3,CMP-training-145.csv,4-5-6,2,StageMean,c00,False,86.9931,82.28404936224489
9bc569fa98a2d66e87d4,CMP-training-137.csv,4-5-6,2,StageMean,c00,False,81.65685,82.28404936224489
a19f8e591d0fcaf460ca,CMP-training-137.csv,4-5-6,2,StageMean,c00,False,93.4476,82.28404936224489
a1e639c3c21a87ba4a9e,CMP-training-137.csv,4-5-6,2,StageMean,c00,False,93.70605,82.28404936224489
a7a01ce18ea621a452b8,CMP-training-137.csv,4-5-6,2,StageMean,c00,False,81.8019,82.28404936224489
add74ef8af8ba4be0ffa,CMP-training-137.csv,4-5-6,2,StageMean,c00,False,87.9402,82.28404936224489
b0a2625855348c9c9a94,CMP-training-115.csv,4-5-6,2,StageMean,c00,False,81.57225,82.28404936224489
b22d678c4539e99ed400,CMP-training-137.csv,4-5-6,2,StageMean,c00,False,89.40465,82.28404936224489
b2901af056a605c93184,CMP-training-137.csv,4-5-6,2,StageMean,c00,False,97.47975,82.28404936224489
bb814f766b71f619172f,CMP-training-137.csv,4-5-6,2,StageMean,c00,False,90.8298,82.28404936224489
bd39de29bc5acfa17d5d,CMP-training-137.csv,4-5-6,2,StageMean,c00,False,82.425,82.28404936224489
befa6681e3164acbb8ef,CMP-training-137.csv,4-5-6,2,StageMean,c00,False,87.6795,82.28404936224489
c13cb0ed0c4a4afc371e,CMP-training-167.csv,4-5-6,2,StageMean,c00,False,93.90945,82.28404936224489
c2a1cb40fea667d45ee3,CMP-training-137.csv,4-5-6,2,StageMean,c00,False,84.2172,82.28404936224489
c391e5631ef446a4192c,CMP-training-137.csv,4-5-6,2,StageMean,c00,False,82.33515,82.28404936224489
c483d6782c156b008465,CMP-training-045.csv,4-5-6,2,StageMean,c00,False,59.8005,82.28404936224489
c77913dab42e7d89ddb1,CMP-training-137.csv,4-5-6,2,StageMean,c00,False,88.58115,82.28404936224489
c853fe5742e3d477840f,CMP-training-137.csv,4-5-6,2,StageMean,c00,False,81.7002,82.28404936224489
c856e3177eba65cc7156,CMP-training-137.csv,4-5-6,2,StageMean,c00,False,87.42225,82.28404936224489
c888575a871bd015fa50,CMP-training-137.csv,4-5-6,2,StageMean,c00,False,86.0289,82.28404936224489
c9573ee2f5ea8e84be7b,CMP-training-115.csv,4-5-6,2,StageMean,c00,False,79.85055,82.28404936224489
c9d7ae1986a7d957978f,CMP-training-051.csv,4-5-6,2,StageMean,c00,False,77.68605,82.28404936224489
cd9069c65e9d0547cb8d,CMP-training-115.csv,4-5-6,2,StageMean,c00,False,81.46425,82.28404936224489
cef1541d2a149dd8f062,CMP-training-137.csv,4-5-6,2,StageMean,c00,False,90.0669,82.28404936224489
d0ab5fb13cba93b6d0bd,CMP-training-137.csv,4-5-6,2,StageMean,c00,False,82.82955,82.28404936224489
d0bf51f9d6a2e2ebce88,CMP-training-137.csv,4-5-6,2,StageMean,c00,False,85.8987,82.28404936224489
d210392121160a1b6f01,CMP-training-145.csv,4-5-6,2,StageMean,c00,False,91.2012,82.28404936224489
d740aad30f00509f4e70,CMP-training-137.csv,4-5-6,2,StageMean,c00,False,90.63855,82.28404936224489
d7b29c96ee42964cf957,CMP-training-167.csv,4-5-6,2,StageMean,c00,False,89.8257,82.28404936224489
d7fd0e159706761b22cd,CMP-training-137.csv,4-5-6,2,StageMean,c00,False,82.95795,82.28404936224489
d94a9017ec585d437b83,CMP-training-051.csv,4-5-6,2,StageMean,c00,False,65.5896,82.28404936224489
da119b0997220e516e38,CMP-training-051.csv,4-5-6,2,StageMean,c00,False,81.44055,82.28404936224489
dacfa0b0564820049e19,CMP-training-145.csv,4-5-6,2,StageMean,c00,False,91.12125,82.28404936224489
dd9d08bbda62f26ddb7c,CMP-training-145.csv,4-5-6,2,StageMean,c00,False,96.01515,82.28404936224489
e439b5f970028bc79a26,CMP-training-137.csv,4-5-6,2,StageMean,c00,False,81.67665,82.28404936224489
e683785aed2f544f3912,CMP-training-167.csv,4-5-6,2,StageMean,c00,False,94.9866,82.28404936224489
ef2cb84afc838328033e,CMP-training-044.csv,4-5-6,2,StageMean,c00,False,60.9621,82.28404936224489
f7643efbd65e14d9e129,CMP-training-137.csv,4-5-6,2,StageMean,c00,False,85.03935,82.28404936224489
fd575998196eabac929e,CMP-training-137.csv,4-5-6,2,StageMean,c00,False,89.004,82.28404936224489
0163f0fd20a1ef5705a4,CMP-training-099.csv,4-5-6,2,Physics+CatBoost,c19,False,79.6245,84.32297450049629
01cd0ec5cb81133b593a,CMP-training-099.csv,4-5-6,2,Physics+CatBoost,c19,False,83.7336,85.29457172613157
028d82052136b5b18507,CMP-training-137.csv,4-5-6,2,Physics+CatBoost,c19,False,96.3981,87.14401500476703
05092525d7c56ae0b8ab,CMP-training-137.csv,4-5-6,2,Physics+CatBoost,c19,False,78.72615,83.6092288961935
0513b8d1d574543d7756,CMP-training-137.csv,4-5-6,2,Physics+CatBoost,c19,False,89.44185,86.34056881608998
078377d96c941cb42c23,CMP-training-137.csv,4-5-6,2,Physics+CatBoost,c19,False,81.51435,83.646506105416
07895596b128a1cf0a17,CMP-training-137.csv,4-5-6,2,Physics+CatBoost,c19,False,96.1875,85.27266171510543
08bde4d49afce0041d4d,CMP-training-145.csv,4-5-6,2,Physics+CatBoost,c19,False,91.52745,82.29930705767329
098457ac915fdac0698d,CMP-training-137.csv,4-5-6,2,Physics+CatBoost,c19,False,91.19205,81.8042617567988
0ddb92a656a580960ff7,CMP-training-137.csv,4-5-6,2,Physics+CatBoost,c19,False,93.7632,82.49864300726323
11b03262e0ce339a2f9c,CMP-training-167.csv,4-5-6,2,Physics+CatBoost,c19,False,84.7362,77.6368056683566
18773e79b3440d864afb,CMP-training-137.csv,4-5-6,2,Physics+CatBoost,c19,False,94.9788,87.26255758572843
1d5589f63a63df3c5bc6,CMP-training-145.csv,4-5-6,2,Physics+CatBoost,c19,False,91.3698,82.0931830551058
1d8510a7bfaba96c4afc,CMP-training-137.csv,4-5-6,2,Physics+CatBoost,c19,False,85.3224,84.17376962916735
1e504d568421566a9d23,CMP-training-115.csv,4-5-6,2,Physics+CatBoost,c19,False,85.3947,89.94674547608884
21875bdd674560402390,CMP-training-167.csv,4-5-6,2,Physics+CatBoost,c19,False,88.42305,82.02412909267119
223bd25a1986bddd3baa,CMP-training-137.csv,4-5-6,2,Physics+CatBoost,c19,False,94.0245,83.71303327145242
23c437e468750a7cb1f8,CMP-training-145.csv,4-5-6,2,Physics+CatBoost,c19,False,88.90305,81.82262685865219
2611d5a613d3f7ba6826,CMP-training-137.csv,4-5-6,2,Physics+CatBoost,c19,False,90.47505,89.42472408924961
26343912e7f2fac4c0bd,CMP-training-145.csv,4-5-6,2,Physics+CatBoost,c19,False,99.87045,82.92435188960187
2858bdf489e7089d434d,CMP-training-137.csv,4-5-6,2,Physics+CatBoost,c19,False,82.02915,87.24236019596451
2dc2915674aa13a91648,CMP-training-137.csv,4-5-6,2,Physics+CatBoost,c19,False,87.04485,87.54278972675377
2fdd70803e22d44657ed,CMP-training-051.csv,4-5-6,2,Physics+CatBoost,c19,False,63.59325,66.13884095140895
30036149fa0b55fefc28,CMP-training-115.csv,4-5-6,2,Physics+CatBoost,c19,False,78.0339,88.9073811854585
331d90f1bd532665407b,CMP-training-045.csv,4-5-6,2,Physics+CatBoost,c19,False,61.07565,70.06694044073708
347d606da7347bd8c1ae,CMP-training-137.csv,4-5-6,2,Physics+CatBoost,c19,False,85.60095,81.05915599264414
3b711f24fac27afc42d7,CMP-training-137.csv,4-5-6,2,Physics+CatBoost,c19,False,82.58805,84.04874961670077
460ef578c3fc411d7122,CMP-training-137.csv,4-5-6,2,Physics+CatBoost,c19,False,91.0695,83.17700872871146
46168fb53356caf30cb9,CMP-training-137.csv,4-5-6,2,Physics+CatBoost,c19,False,87.783,84.04742094755369
49501a1730dbfb7a5b50,CMP-training-099.csv,4-5-6,2,Physics+CatBoost,c19,False,81.99945,87.18691846484596
4dade8e79f2ea291720c,CMP-training-137.csv,4-5-6,2,Physics+CatBoost,c19,False,93.09795,87.13585532751404
4e65ba4a8d05c996da91,CMP-training-137.csv,4-5-6,2,Physics+CatBoost,c19,False,85.10175,83.90005830041646
5c626aa0121919e98c2a,CMP-training-115.csv,4-5-6,2,Physics+CatBoost,c19,False,91.1082,89.26024632818866
5e869e08c2aed018bf72,CMP-training-137.csv,4-5-6,2,Physics+CatBoost,c19,False,91.5012,84.7088505494912
5ea29512d772df31c40c,CMP-training-167.csv,4-5-6,2,Physics+CatBoost,c19,False,88.4877,82.9324905297967
5ee493bc6ce1cd5e991c,CMP-training-137.csv,4-5-6,2,Physics+CatBoost,c19,False,91.11525,86.59263372918736
6250e2a91e721eeed9a6,CMP-training-137.csv,4-5-6,2,Physics+CatBoost,c19,False,89.53875,82.61427194594503
62b0e0cdc41b50cf50ff,CMP-training-137.csv,4-5-6,2,Physics+CatBoost,c19,False,84.65415,84.0394805539351
731f8c977b3089045b6f,CMP-training-137.csv,4-5-6,2,Physics+CatBoost,c19,False,78.1785,84.23800457995259
735ffb7543b67724b0a8,CMP-training-137.csv,4-5-6,2,Physics+CatBoost,c19,False,86.7084,87.00359759046177
774e1ca42b6fc96b8d76,CMP-training-137.csv,4-5-6,2,Physics+CatBoost,c19,False,85.81695,89.3623073481509
7989764f3fb7e87d5498,CMP-training-145.csv,4-5-6,2,Physics+CatBoost,c19,False,90.11925,81.47008662932612
7c49fddb57ce0ec15d3a,CMP-training-137.csv,4-5-6,2,Physics+CatBoost,c19,False,87.6009,83.50846758923119
823849dffd8d91c6458b,CMP-training-145.csv,4-5-6,2,Physics+CatBoost,c19,False,101.4648,85.02357334668376
837014f8d2e37cb3a110,CMP-training-115.csv,4-5-6,2,Physics+CatBoost,c19,False,80.3274,90.37886503714772
838e584cba38914ec012,CMP-training-137.csv,4-5-6,2,Physics+CatBoost,c19,False,83.09295,83.77109529973572
83dc70480d0d5d74be38,CMP-training-145.csv,4-5-6,2,Physics+CatBoost,c19,False,96.76815,84.16625489759214
84e651f3f9f793bb9540,CMP-training-137.csv,4-5-6,2,Physics+CatBoost,c19,False,85.6653,88.46476167159116
874cdd888642c9f1abcc,CMP-training-137.csv,4-5-6,2,Physics+CatBoost,c19,False,85.91745,84.97376603802337
874dbf401fbfe9e05cba,CMP-training-137.csv,4-5-6,2,Physics+CatBoost,c19,False,89.1201,83.59687113368626
888afe7ee36bd18b0f1b,CMP-training-137.csv,4-5-6,2,Physics+CatBoost,c19,False,93.0291,86.0233673820988
89f3f6adcb64bc94ef7b,CMP-training-045.csv,4-5-6,2,Physics+CatBoost,c19,False,62.51955,68.28518180117828
8be290efa757cc10440a,CMP-training-137.csv,4-5-6,2,Physics+CatBoost,c19,False,92.46015,84.44085307019964
8d2e1d7d7905e48a77f4,CMP-training-137.csv,4-5-6,2,Physics+CatBoost,c19,False,88.63005,89.07814898155817
8d55a1a10f2a0574f939,CMP-training-137.csv,4-5-6,2,Physics+CatBoost,c19,False,88.5099,88.9140905856443
8d6bc01f9a16c70de383,CMP-training-137.csv,4-5-6,2,Physics+CatBoost,c19,False,86.72175,86.56977194931414
90acf4be46a7c5741ee9,CMP-training-137.csv,4-5-6,2,Physics+CatBoost,c19,False,87.45645,84.98678078400943
9594f3c772005f40709a,CMP-training-137.csv,4-5-6,2,Physics+CatBoost,c19,False,93.6186,85.43536176802525
9a67fb55fe2f2cbe2de3,CMP-training-145.csv,4-5-6,2,Physics+CatBoost,c19,False,86.9931,80.6322086298697
9bc569fa98a2d66e87d4,CMP-training-137.csv,4-5-6,2,Physics+CatBoost,c19,False,81.65685,83.78260948566539
a19f8e591d0fcaf460ca,CMP-training-137.csv,4-5-6,2,Physics+CatBoost,c19,False,93.4476,88.78007494546107
a1e639c3c21a87ba4a9e,CMP-training-137.csv,4-5-6,2,Physics+CatBoost,c19,False,93.70605,87.1679758094061
a7a01ce18ea621a452b8,CMP-training-137.csv,4-5-6,2,Physics+CatBoost,c19,False,81.8019,82.66735535423712
add74ef8af8ba4be0ffa,CMP-training-137.csv,4-5-6,2,Physics+CatBoost,c19,False,87.9402,83.43839939350764
b0a2625855348c9c9a94,CMP-training-115.csv,4-5-6,2,Physics+CatBoost,c19,False,81.57225,91.0409176272381
b22d678c4539e99ed400,CMP-training-137.csv,4-5-6,2,Physics+CatBoost,c19,False,89.40465,86.81780687887944
b2901af056a605c93184,CMP-training-137.csv,4-5-6,2,Physics+CatBoost,c19,False,97.47975,87.0641397407675
bb814f766b71f619172f,CMP-training-137.csv,4-5-6,2,Physics+CatBoost,c19,False,90.8298,86.8532751817299
bd39de29bc5acfa17d5d,CMP-training-137.csv,4-5-6,2,Physics+CatBoost,c19,False,82.425,86.22150386469556
befa6681e3164acbb8ef,CMP-training-137.csv,4-5-6,2,Physics+CatBoost,c19,False,87.6795,83.30709021919331
c13cb0ed0c4a4afc371e,CMP-training-167.csv,4-5-6,2,Physics+CatBoost,c19,False,93.90945,80.38510069442248
c2a1cb40fea667d45ee3,CMP-training-137.csv,4-5-6,2,Physics+CatBoost,c19,False,84.2172,85.22141396819735
c391e5631ef446a4192c,CMP-training-137.csv,4-5-6,2,Physics+CatBoost,c19,False,82.33515,81.81412045183319
c483d6782c156b008465,CMP-training-045.csv,4-5-6,2,Physics+CatBoost,c19,False,59.8005,67.85437127510373
c77913dab42e7d89ddb1,CMP-training-137.csv,4-5-6,2,Physics+CatBoost,c19,False,88.58115,83.74741433859953
c853fe5742e3d477840f,CMP-training-137.csv,4-5-6,2,Physics+CatBoost,c19,False,81.7002,87.11113083151264
c856e3177eba65cc7156,CMP-training-137.csv,4-5-6,2,Physics+CatBoost,c19,False,87.42225,84.2015310567789
c888575a871bd015fa50,CMP-training-137.csv,4-5-6,2,Physics+CatBoost,c19,False,86.0289,86.35893271236071
c9573ee2f5ea8e84be7b,CMP-training-115.csv,4-5-6,2,Physics+CatBoost,c19,False,79.85055,89.46596990442612
c9d7ae1986a7d957978f,CMP-training-051.csv,4-5-6,2,Physics+CatBoost,c19,False,77.68605,75.22711451591441
cd9069c65e9d0547cb8d,CMP-training-115.csv,4-5-6,2,Physics+CatBoost,c19,False,81.46425,86.64920364840427
cef1541d2a149dd8f062,CMP-training-137.csv,4-5-6,2,Physics+CatBoost,c19,False,90.0669,84.1421802838192
d0ab5fb13cba93b6d0bd,CMP-training-137.csv,4-5-6,2,Physics+CatBoost,c19,False,82.82955,83.21050127164396
d0bf51f9d6a2e2ebce88,CMP-training-137.csv,4-5-6,2,Physics+CatBoost,c19,False,85.8987,86.74533698184855
d210392121160a1b6f01,CMP-training-145.csv,4-5-6,2,Physics+CatBoost,c19,False,91.2012,81.0577665802031
d740aad30f00509f4e70,CMP-training-137.csv,4-5-6,2,Physics+CatBoost,c19,False,90.63855,84.46954056608624
d7b29c96ee42964cf957,CMP-training-167.csv,4-5-6,2,Physics+CatBoost,c19,False,89.8257,81.37820342258517
d7fd0e159706761b22cd,CMP-training-137.csv,4-5-6,2,Physics+CatBoost,c19,False,82.95795,89.45554239245138
d94a9017ec585d437b83,CMP-training-051.csv,4-5-6,2,Physics+CatBoost,c19,False,65.5896,66.36457610987944
da119b0997220e516e38,CMP-training-051.csv,4-5-6,2,Physics+CatBoost,c19,False,81.44055,73.07766635138198
dacfa0b0564820049e19,CMP-training-145.csv,4-5-6,2,Physics+CatBoost,c19,False,91.12125,82.80570655297967
dd9d08bbda62f26ddb7c,CMP-training-145.csv,4-5-6,2,Physics+CatBoost,c19,False,96.01515,85.24272693342736
e439b5f970028bc79a26,CMP-training-137.csv,4-5-6,2,Physics+CatBoost,c19,False,81.67665,83.09812085618735
e683785aed2f544f3912,CMP-training-167.csv,4-5-6,2,Physics+CatBoost,c19,False,94.9866,82.54716621744889
ef2cb84afc838328033e,CMP-training-044.csv,4-5-6,2,Physics+CatBoost,c19,False,60.9621,72.5576747377436
f7643efbd65e14d9e129,CMP-training-137.csv,4-5-6,2,Physics+CatBoost,c19,False,85.03935,87.56295645626292
fd575998196eabac929e,CMP-training-137.csv,4-5-6,2,Physics+CatBoost,c19,False,89.004,87.65351353420115
0163f0fd20a1ef5705a4,CMP-training-099.csv,4-5-6,2,Physics+LightGBM,c21,False,79.6245,84.17192922536053
01cd0ec5cb81133b593a,CMP-training-099.csv,4-5-6,2,Physics+LightGBM,c21,False,83.7336,86.24906635206753
028d82052136b5b18507,CMP-training-137.csv,4-5-6,2,Physics+LightGBM,c21,False,96.3981,85.08537629982125
05092525d7c56ae0b8ab,CMP-training-137.csv,4-5-6,2,Physics+LightGBM,c21,False,78.72615,80.71968273055411
0513b8d1d574543d7756,CMP-training-137.csv,4-5-6,2,Physics+LightGBM,c21,False,89.44185,83.05385117387725
078377d96c941cb42c23,CMP-training-137.csv,4-5-6,2,Physics+LightGBM,c21,False,81.51435,83.17219957866871
07895596b128a1cf0a17,CMP-training-137.csv,4-5-6,2,Physics+LightGBM,c21,False,96.1875,82.01152916220958
08bde4d49afce0041d4d,CMP-training-145.csv,4-5-6,2,Physics+LightGBM,c21,False,91.52745,77.85714661202404
098457ac915fdac0698d,CMP-training-137.csv,4-5-6,2,Physics+LightGBM,c21,False,91.19205,82.77283124949604
0ddb92a656a580960ff7,CMP-training-137.csv,4-5-6,2,Physics+LightGBM,c21,False,93.7632,80.56329500104268
11b03262e0ce339a2f9c,CMP-training-167.csv,4-5-6,2,Physics+LightGBM,c21,False,84.7362,79.66353660782647
18773e79b3440d864afb,CMP-training-137.csv,4-5-6,2,Physics+LightGBM,c21,False,94.9788,86.24741422132645
1d5589f63a63df3c5bc6,CMP-training-145.csv,4-5-6,2,Physics+LightGBM,c21,False,91.3698,81.13497811093396
1d8510a7bfaba96c4afc,CMP-training-137.csv,4-5-6,2,Physics+LightGBM,c21,False,85.3224,80.55741812742104
1e504d568421566a9d23,CMP-training-115.csv,4-5-6,2,Physics+LightGBM,c21,False,85.3947,90.35504324131291
21875bdd674560402390,CMP-training-167.csv,4-5-6,2,Physics+LightGBM,c21,False,88.42305,81.35802073030793
223bd25a1986bddd3baa,CMP-training-137.csv,4-5-6,2,Physics+LightGBM,c21,False,94.0245,79.73630067165311
23c437e468750a7cb1f8,CMP-training-145.csv,4-5-6,2,Physics+LightGBM,c21,False,88.90305,80.68568571049622
2611d5a613d3f7ba6826,CMP-training-137.csv,4-5-6,2,Physics+LightGBM,c21,False,90.47505,91.59805036549595
26343912e7f2fac4c0bd,CMP-training-145.csv,4-5-6,2,Physics+LightGBM,c21,False,99.87045,79.86427539672432
2858bdf489e7089d434d,CMP-training-137.csv,4-5-6,2,Physics+LightGBM,c21,False,82.02915,86.02344719555444
2dc2915674aa13a91648,CMP-training-137.csv,4-5-6,2,Physics+LightGBM,c21,False,87.04485,87.81155836395112
2fdd70803e22d44657ed,CMP-training-051.csv,4-5-6,2,Physics+LightGBM,c21,False,63.59325,66.86304591864557
30036149fa0b55fefc28,CMP-training-115.csv,4-5-6,2,Physics+LightGBM,c21,False,78.0339,87.64907563478114
331d90f1bd532665407b,CMP-training-045.csv,4-5-6,2,Physics+LightGBM,c21,False,61.07565,67.53434881111987
347d606da7347bd8c1ae,CMP-training-137.csv,4-5-6,2,Physics+LightGBM,c21,False,85.60095,79.94315127347816
3b711f24fac27afc42d7,CMP-training-137.csv,4-5-6,2,Physics+LightGBM,c21,False,82.58805,81.51468525857996
460ef578c3fc411d7122,CMP-training-137.csv,4-5-6,2,Physics+LightGBM,c21,False,91.0695,82.20637612330708
46168fb53356caf30cb9,CMP-training-137.csv,4-5-6,2,Physics+LightGBM,c21,False,87.783,82.05813307405681
49501a1730dbfb7a5b50,CMP-training-099.csv,4-5-6,2,Physics+LightGBM,c21,False,81.99945,86.7906607530728
4dade8e79f2ea291720c,CMP-training-137.csv,4-5-6,2,Physics+LightGBM,c21,False,93.09795,83.36262411116763
4e65ba4a8d05c996da91,CMP-training-137.csv,4-5-6,2,Physics+LightGBM,c21,False,85.10175,82.22380985644216
5c626aa0121919e98c2a,CMP-training-115.csv,4-5-6,2,Physics+LightGBM,c21,False,91.1082,90.85535036815286
5e869e08c2aed018bf72,CMP-training-137.csv,4-5-6,2,Physics+LightGBM,c21,False,91.5012,83.83800092420768
5ea29512d772df31c40c,CMP-training-167.csv,4-5-6,2,Physics+LightGBM,c21,False,88.4877,80.27294976755758
5ee493bc6ce1cd5e991c,CMP-training-137.csv,4-5-6,2,Physics+LightGBM,c21,False,91.11525,88.66640553628463
6250e2a91e721eeed9a6,CMP-training-137.csv,4-5-6,2,Physics+LightGBM,c21,False,89.53875,82.32165170205711
62b0e0cdc41b50cf50ff,CMP-training-137.csv,4-5-6,2,Physics+LightGBM,c21,False,84.65415,80.15296642541728
731f8c977b3089045b6f,CMP-training-137.csv,4-5-6,2,Physics+LightGBM,c21,False,78.1785,80.79068023826676
735ffb7543b67724b0a8,CMP-training-137.csv,4-5-6,2,Physics+LightGBM,c21,False,86.7084,86.12735823519351
774e1ca42b6fc96b8d76,CMP-training-137.csv,4-5-6,2,Physics+LightGBM,c21,False,85.81695,87.69318842587256
7989764f3fb7e87d5498,CMP-training-145.csv,4-5-6,2,Physics+LightGBM,c21,False,90.11925,80.11859756407894
7c49fddb57ce0ec15d3a,CMP-training-137.csv,4-5-6,2,Physics+LightGBM,c21,False,87.6009,80.16409587087051
823849dffd8d91c6458b,CMP-training-145.csv,4-5-6,2,Physics+LightGBM,c21,False,101.4648,86.77934221375646
837014f8d2e37cb3a110,CMP-training-115.csv,4-5-6,2,Physics+LightGBM,c21,False,80.3274,86.87235570186215
838e584cba38914ec012,CMP-training-137.csv,4-5-6,2,Physics+LightGBM,c21,False,83.09295,83.48456200704597
83dc70480d0d5d74be38,CMP-training-145.csv,4-5-6,2,Physics+LightGBM,c21,False,96.76815,85.01665322847929
84e651f3f9f793bb9540,CMP-training-137.csv,4-5-6,2,Physics+LightGBM,c21,False,85.6653,91.3865236357325
874cdd888642c9f1abcc,CMP-training-137.csv,4-5-6,2,Physics+LightGBM,c21,False,85.91745,82.29424842221033
874dbf401fbfe9e05cba,CMP-training-137.csv,4-5-6,2,Physics+LightGBM,c21,False,89.1201,83.41778177222342
888afe7ee36bd18b0f1b,CMP-training-137.csv,4-5-6,2,Physics+LightGBM,c21,False,93.0291,80.93166820471573
89f3f6adcb64bc94ef7b,CMP-training-045.csv,4-5-6,2,Physics+LightGBM,c21,False,62.51955,64.87737722959564
8be290efa757cc10440a,CMP-training-137.csv,4-5-6,2,Physics+LightGBM,c21,False,92.46015,85.0399787823725
8d2e1d7d7905e48a77f4,CMP-training-137.csv,4-5-6,2,Physics+LightGBM,c21,False,88.63005,86.16109869386051
8d55a1a10f2a0574f939,CMP-training-137.csv,4-5-6,2,Physics+LightGBM,c21,False,88.5099,88.7537052354293
8d6bc01f9a16c70de383,CMP-training-137.csv,4-5-6,2,Physics+LightGBM,c21,False,86.72175,87.21613437179721
90acf4be46a7c5741ee9,CMP-training-137.csv,4-5-6,2,Physics+LightGBM,c21,False,87.45645,88.42452956902916
9594f3c772005f40709a,CMP-training-137.csv,4-5-6,2,Physics+LightGBM,c21,False,93.6186,83.57498988436753
9a67fb55fe2f2cbe2de3,CMP-training-145.csv,4-5-6,2,Physics+LightGBM,c21,False,86.9931,78.02137626602617
9bc569fa98a2d66e87d4,CMP-training-137.csv,4-5-6,2,Physics+LightGBM,c21,False,81.65685,80.93859002981272
a19f8e591d0fcaf460ca,CMP-training-137.csv,4-5-6,2,Physics+LightGBM,c21,False,93.4476,87.84359586147295
a1e639c3c21a87ba4a9e,CMP-training-137.csv,4-5-6,2,Physics+LightGBM,c21,False,93.70605,86.39472122325688
a7a01ce18ea621a452b8,CMP-training-137.csv,4-5-6,2,Physics+LightGBM,c21,False,81.8019,81.30245566596321
add74ef8af8ba4be0ffa,CMP-training-137.csv,4-5-6,2,Physics+LightGBM,c21,False,87.9402,84.50303190445845
b0a2625855348c9c9a94,CMP-training-115.csv,4-5-6,2,Physics+LightGBM,c21,False,81.57225,91.20020082863971
b22d678c4539e99ed400,CMP-training-137.csv,4-5-6,2,Physics+LightGBM,c21,False,89.40465,86.09410752122227
b2901af056a605c93184,CMP-training-137.csv,4-5-6,2,Physics+LightGBM,c21,False,97.47975,87.1908278499264
bb814f766b71f619172f,CMP-training-137.csv,4-5-6,2,Physics+LightGBM,c21,False,90.8298,85.31446585698968
bd39de29bc5acfa17d5d,CMP-training-137.csv,4-5-6,2,Physics+LightGBM,c21,False,82.425,84.52872541357786
befa6681e3164acbb8ef,CMP-training-137.csv,4-5-6,2,Physics+LightGBM,c21,False,87.6795,83.45502173670434
c13cb0ed0c4a4afc371e,CMP-training-167.csv,4-5-6,2,Physics+LightGBM,c21,False,93.90945,83.2033057949795
c2a1cb40fea667d45ee3,CMP-training-137.csv,4-5-6,2,Physics+LightGBM,c21,False,84.2172,87.00937421196764
c391e5631ef446a4192c,CMP-training-137.csv,4-5-6,2,Physics+LightGBM,c21,False,82.33515,77.52021254657936
c483d6782c156b008465,CMP-training-045.csv,4-5-6,2,Physics+LightGBM,c21,False,59.8005,67.94281431572948
c77913dab42e7d89ddb1,CMP-training-137.csv,4-5-6,2,Physics+LightGBM,c21,False,88.58115,82.6530870031865
c853fe5742e3d477840f,CMP-training-137.csv,4-5-6,2,Physics+LightGBM,c21,False,81.7002,86.82738357419736
c856e3177eba65cc7156,CMP-training-137.csv,4-5-6,2,Physics+LightGBM,c21,False,87.42225,79.47017174487269
c888575a871bd015fa50,CMP-training-137.csv,4-5-6,2,Physics+LightGBM,c21,False,86.0289,84.3214951387204
c9573ee2f5ea8e84be7b,CMP-training-115.csv,4-5-6,2,Physics+LightGBM,c21,False,79.85055,90.17373897696339
c9d7ae1986a7d957978f,CMP-training-051.csv,4-5-6,2,Physics+LightGBM,c21,False,77.68605,73.1641040252808
cd9069c65e9d0547cb8d,CMP-training-115.csv,4-5-6,2,Physics+LightGBM,c21,False,81.46425,83.63037393187788
cef1541d2a149dd8f062,CMP-training-137.csv,4-5-6,2,Physics+LightGBM,c21,False,90.0669,82.53218222664833
d0ab5fb13cba93b6d0bd,CMP-training-137.csv,4-5-6,2,Physics+LightGBM,c21,False,82.82955,81.29396922889461
d0bf51f9d6a2e2ebce88,CMP-training-137.csv,4-5-6,2,Physics+LightGBM,c21,False,85.8987,83.64763831490767
d210392121160a1b6f01,CMP-training-145.csv,4-5-6,2,Physics+LightGBM,c21,False,91.2012,80.354426641691
d740aad30f00509f4e70,CMP-training-137.csv,4-5-6,2,Physics+LightGBM,c21,False,90.63855,83.73963724432147
d7b29c96ee42964cf957,CMP-training-167.csv,4-5-6,2,Physics+LightGBM,c21,False,89.8257,81.7923545596909
d7fd0e159706761b22cd,CMP-training-137.csv,4-5-6,2,Physics+LightGBM,c21,False,82.95795,87.92262564255346
d94a9017ec585d437b83,CMP-training-051.csv,4-5-6,2,Physics+LightGBM,c21,False,65.5896,68.13414504789085
da119b0997220e516e38,CMP-training-051.csv,4-5-6,2,Physics+LightGBM,c21,False,81.44055,74.38978535091199
dacfa0b0564820049e19,CMP-training-145.csv,4-5-6,2,Physics+LightGBM,c21,False,91.12125,81.65367353488648
dd9d08bbda62f26ddb7c,CMP-training-145.csv,4-5-6,2,Physics+LightGBM,c21,False,96.01515,85.14880302794366
e439b5f970028bc79a26,CMP-training-137.csv,4-5-6,2,Physics+LightGBM,c21,False,81.67665,82.01669615078411
e683785aed2f544f3912,CMP-training-167.csv,4-5-6,2,Physics+LightGBM,c21,False,94.9866,82.84577527766939
ef2cb84afc838328033e,CMP-training-044.csv,4-5-6,2,Physics+LightGBM,c21,False,60.9621,69.62929292451412
f7643efbd65e14d9e129,CMP-training-137.csv,4-5-6,2,Physics+LightGBM,c21,False,85.03935,86.91987162760122
fd575998196eabac929e,CMP-training-137.csv,4-5-6,2,Physics+LightGBM,c21,False,89.004,89.92095166942225
0163f0fd20a1ef5705a4,CMP-training-099.csv,4-5-6,2,PrestonInspired,c01,False,79.6245,82.3772895549501
01cd0ec5cb81133b593a,CMP-training-099.csv,4-5-6,2,PrestonInspired,c01,False,83.7336,82.2375473887078
028d82052136b5b18507,CMP-training-137.csv,4-5-6,2,PrestonInspired,c01,False,96.3981,91.39917759420213
05092525d7c56ae0b8ab,CMP-training-137.csv,4-5-6,2,PrestonInspired,c01,False,78.72615,91.9363191134583
0513b8d1d574543d7756,CMP-training-137.csv,4-5-6,2,PrestonInspired,c01,False,89.44185,93.32850698950129
078377d96c941cb42c23,CMP-training-137.csv,4-5-6,2,PrestonInspired,c01,False,81.51435,92.30202266381907
07895596b128a1cf0a17,CMP-training-137.csv,4-5-6,2,PrestonInspired,c01,False,96.1875,91.81298297804334
08bde4d49afce0041d4d,CMP-training-145.csv,4-5-6,2,PrestonInspired,c01,False,91.52745,89.10198936998165
098457ac915fdac0698d,CMP-training-137.csv,4-5-6,2,PrestonInspired,c01,False,91.19205,90.01493889018154
0ddb92a656a580960ff7,CMP-training-137.csv,4-5-6,2,PrestonInspired,c01,False,93.7632,89.32160171239961
11b03262e0ce339a2f9c,CMP-training-167.csv,4-5-6,2,PrestonInspired,c01,False,84.7362,86.06014904210606
18773e79b3440d864afb,CMP-training-137.csv,4-5-6,2,PrestonInspired,c01,False,94.9788,95.39413875828627
1d5589f63a63df3c5bc6,CMP-training-145.csv,4-5-6,2,PrestonInspired,c01,False,91.3698,91.44563986987083
1d8510a7bfaba96c4afc,CMP-training-137.csv,4-5-6,2,PrestonInspired,c01,False,85.3224,90.48871505636691
1e504d568421566a9d23,CMP-training-115.csv,4-5-6,2,PrestonInspired,c01,False,85.3947,77.8446599872584
21875bdd674560402390,CMP-training-167.csv,4-5-6,2,PrestonInspired,c01,False,88.42305,88.45708791981657
223bd25a1986bddd3baa,CMP-training-137.csv,4-5-6,2,PrestonInspired,c01,False,94.0245,90.79383724576478
23c437e468750a7cb1f8,CMP-training-145.csv,4-5-6,2,PrestonInspired,c01,False,88.90305,90.17565572779296
2611d5a613d3f7ba6826,CMP-training-137.csv,4-5-6,2,PrestonInspired,c01,False,90.47505,95.16026746196515
26343912e7f2fac4c0bd,CMP-training-145.csv,4-5-6,2,PrestonInspired,c01,False,99.87045,92.33366111386229
2858bdf489e7089d434d,CMP-training-137.csv,4-5-6,2,PrestonInspired,c01,False,82.02915,94.9816333676499
2dc2915674aa13a91648,CMP-training-137.csv,4-5-6,2,PrestonInspired,c01,False,87.04485,96.18549059659101
2fdd70803e22d44657ed,CMP-training-051.csv,4-5-6,2,PrestonInspired,c01,False,63.59325,72.73269439248095
30036149fa0b55fefc28,CMP-training-115.csv,4-5-6,2,PrestonInspired,c01,False,78.0339,78.58355564890407
331d90f1bd532665407b,CMP-training-045.csv,4-5-6,2,PrestonInspired,c01,False,61.07565,76.0933373008032
347d606da7347bd8c1ae,CMP-training-137.csv,4-5-6,2,PrestonInspired,c01,False,85.60095,91.87418549870708
3b711f24fac27afc42d7,CMP-training-137.csv,4-5-6,2,PrestonInspired,c01,False,82.58805,90.7768329635171
460ef578c3fc411d7122,CMP-training-137.csv,4-5-6,2,PrestonInspired,c01,False,91.0695,92.23899142655257
46168fb53356caf30cb9,CMP-training-137.csv,4-5-6,2,PrestonInspired,c01,False,87.783,92.49582934397446
49501a1730dbfb7a5b50,CMP-training-099.csv,4-5-6,2,PrestonInspired,c01,False,81.99945,82.13583696450968
4dade8e79f2ea291720c,CMP-training-137.csv,4-5-6,2,PrestonInspired,c01,False,93.09795,91.83079736661489
4e65ba4a8d05c996da91,CMP-training-137.csv,4-5-6,2,PrestonInspired,c01,False,85.10175,91.56311134269689
5c626aa0121919e98c2a,CMP-training-115.csv,4-5-6,2,PrestonInspired,c01,False,91.1082,78.35393734339533
5e869e08c2aed018bf72,CMP-training-137.csv,4-5-6,2,PrestonInspired,c01,False,91.5012,92.10883292578674
5ea29512d772df31c40c,CMP-training-167.csv,4-5-6,2,PrestonInspired,c01,False,88.4877,86.1451166266157
5ee493bc6ce1cd5e991c,CMP-training-137.csv,4-5-6,2,PrestonInspired,c01,False,91.11525,92.1303191093157
6250e2a91e721eeed9a6,CMP-training-137.csv,4-5-6,2,PrestonInspired,c01,False,89.53875,90.83511018620135
62b0e0cdc41b50cf50ff,CMP-training-137.csv,4-5-6,2,PrestonInspired,c01,False,84.65415,92.67243195897899
731f8c977b3089045b6f,CMP-training-137.csv,4-5-6,2,PrestonInspired,c01,False,78.1785,91.12823174189134
735ffb7543b67724b0a8,CMP-training-137.csv,4-5-6,2,PrestonInspired,c01,False,86.7084,95.11684093486471
774e1ca42b6fc96b8d76,CMP-training-137.csv,4-5-6,2,PrestonInspired,c01,False,85.81695,95.21266739004186
7989764f3fb7e87d5498,CMP-training-145.csv,4-5-6,2,PrestonInspired,c01,False,90.11925,91.42160971976979
7c49fddb57ce0ec15d3a,CMP-training-137.csv,4-5-6,2,PrestonInspired,c01,False,87.6009,93.2633850639526
823849dffd8d91c6458b,CMP-training-145.csv,4-5-6,2,PrestonInspired,c01,False,101.4648,91.49780093837998
837014f8d2e37cb3a110,CMP-training-115.csv,4-5-6,2,PrestonInspired,c01,False,80.3274,79.44772092462297
838e584cba38914ec012,CMP-training-137.csv,4-5-6,2,PrestonInspired,c01,False,83.09295,94.07023367069854
83dc70480d0d5d74be38,CMP-training-145.csv,4-5-6,2,PrestonInspired,c01,False,96.76815,89.41922347053128
84e651f3f9f793bb9540,CMP-training-137.csv,4-5-6,2,PrestonInspired,c01,False,85.6653,97.3279537274201
874cdd888642c9f1abcc,CMP-training-137.csv,4-5-6,2,PrestonInspired,c01,False,85.91745,92.21261672270307
874dbf401fbfe9e05cba,CMP-training-137.csv,4-5-6,2,PrestonInspired,c01,False,89.1201,92.85443155463042
888afe7ee36bd18b0f1b,CMP-training-137.csv,4-5-6,2,PrestonInspired,c01,False,93.0291,95.41948357921213
89f3f6adcb64bc94ef7b,CMP-training-045.csv,4-5-6,2,PrestonInspired,c01,False,62.51955,75.53837131188243
8be290efa757cc10440a,CMP-training-137.csv,4-5-6,2,PrestonInspired,c01,False,92.46015,91.76443123490075
8d2e1d7d7905e48a77f4,CMP-training-137.csv,4-5-6,2,PrestonInspired,c01,False,88.63005,95.11977102612579
8d55a1a10f2a0574f939,CMP-training-137.csv,4-5-6,2,PrestonInspired,c01,False,88.5099,96.9032428089159
8d6bc01f9a16c70de383,CMP-training-137.csv,4-5-6,2,PrestonInspired,c01,False,86.72175,96.33020879596462
90acf4be46a7c5741ee9,CMP-training-137.csv,4-5-6,2,PrestonInspired,c01,False,87.45645,93.13268883195357
9594f3c772005f40709a,CMP-training-137.csv,4-5-6,2,PrestonInspired,c01,False,93.6186,94.05753566333227
9a67fb55fe2f2cbe2de3,CMP-training-145.csv,4-5-6,2,PrestonInspired,c01,False,86.9931,90.96689671386882
9bc569fa98a2d66e87d4,CMP-training-137.csv,4-5-6,2,PrestonInspired,c01,False,81.65685,92.85896671221263
a19f8e591d0fcaf460ca,CMP-training-137.csv,4-5-6,2,PrestonInspired,c01,False,93.4476,92.67381711937477
a1e639c3c21a87ba4a9e,CMP-training-137.csv,4-5-6,2,PrestonInspired,c01,False,93.70605,94.14557539673227
a7a01ce18ea621a452b8,CMP-training-137.csv,4-5-6,2,PrestonInspired,c01,False,81.8019,92.47342197568845
add74ef8af8ba4be0ffa,CMP-training-137.csv,4-5-6,2,PrestonInspired,c01,False,87.9402,92.33367132241982
b0a2625855348c9c9a94,CMP-training-115.csv,4-5-6,2,PrestonInspired,c01,False,81.57225,78.0597767549092
b22d678c4539e99ed400,CMP-training-137.csv,4-5-6,2,PrestonInspired,c01,False,89.40465,91.13569744142079
b2901af056a605c93184,CMP-training-137.csv,4-5-6,2,PrestonInspired,c01,False,97.47975,94.95620957538186
bb814f766b71f619172f,CMP-training-137.csv,4-5-6,2,PrestonInspired,c01,False,90.8298,93.17865926973856
bd39de29bc5acfa17d5d,CMP-training-137.csv,4-5-6,2,PrestonInspired,c01,False,82.425,95.29125201124536
befa6681e3164acbb8ef,CMP-training-137.csv,4-5-6,2,PrestonInspired,c01,False,87.6795,91.5017549738028
c13cb0ed0c4a4afc371e,CMP-training-167.csv,4-5-6,2,PrestonInspired,c01,False,93.90945,84.69603276217747
c2a1cb40fea667d45ee3,CMP-training-137.csv,4-5-6,2,PrestonInspired,c01,False,84.2172,92.3113870599742
c391e5631ef446a4192c,CMP-training-137.csv,4-5-6,2,PrestonInspired,c01,False,82.33515,92.11086122667503
c483d6782c156b008465,CMP-training-045.csv,4-5-6,2,PrestonInspired,c01,False,59.8005,74.94768342135576
c77913dab42e7d89ddb1,CMP-training-137.csv,4-5-6,2,PrestonInspired,c01,False,88.58115,91.87104306133682
c853fe5742e3d477840f,CMP-training-137.csv,4-5-6,2,PrestonInspired,c01,False,81.7002,94.3202175664806
c856e3177eba65cc7156,CMP-training-137.csv,4-5-6,2,PrestonInspired,c01,False,87.42225,91.64370636636313
c888575a871bd015fa50,CMP-training-137.csv,4-5-6,2,PrestonInspired,c01,False,86.0289,95.09886292544597
c9573ee2f5ea8e84be7b,CMP-training-115.csv,4-5-6,2,PrestonInspired,c01,False,79.85055,80.0766195376907
c9d7ae1986a7d957978f,CMP-training-051.csv,4-5-6,2,PrestonInspired,c01,False,77.68605,74.20551263213568
cd9069c65e9d0547cb8d,CMP-training-115.csv,4-5-6,2,PrestonInspired,c01,False,81.46425,79.73416860442504
cef1541d2a149dd8f062,CMP-training-137.csv,4-5-6,2,PrestonInspired,c01,False,90.0669,93.36026198340316
d0ab5fb13cba93b6d0bd,CMP-training-137.csv,4-5-6,2,PrestonInspired,c01,False,82.82955,92.24812636476982
d0bf51f9d6a2e2ebce88,CMP-training-137.csv,4-5-6,2,PrestonInspired,c01,False,85.8987,94.52724801554866
d210392121160a1b6f01,CMP-training-145.csv,4-5-6,2,PrestonInspired,c01,False,91.2012,90.33737469943036
d740aad30f00509f4e70,CMP-training-137.csv,4-5-6,2,PrestonInspired,c01,False,90.63855,93.25638263402601
d7b29c96ee42964cf957,CMP-training-167.csv,4-5-6,2,PrestonInspired,c01,False,89.8257,86.27816746811928
d7fd0e159706761b22cd,CMP-training-137.csv,4-5-6,2,PrestonInspired,c01,False,82.95795,95.04991161328024
d94a9017ec585d437b83,CMP-training-051.csv,4-5-6,2,PrestonInspired,c01,False,65.5896,72.89878375575705
da119b0997220e516e38,CMP-training-051.csv,4-5-6,2,PrestonInspired,c01,False,81.44055,74.47123068084151
dacfa0b0564820049e19,CMP-training-145.csv,4-5-6,2,PrestonInspired,c01,False,91.12125,90.23885957959077
dd9d08bbda62f26ddb7c,CMP-training-145.csv,4-5-6,2,PrestonInspired,c01,False,96.01515,93.23503235106618
e439b5f970028bc79a26,CMP-training-137.csv,4-5-6,2,PrestonInspired,c01,False,81.67665,92.53787409159756
e683785aed2f544f3912,CMP-training-167.csv,4-5-6,2,PrestonInspired,c01,False,94.9866,85.32760607665183
ef2cb84afc838328033e,CMP-training-044.csv,4-5-6,2,PrestonInspired,c01,False,60.9621,76.12335425499953
f7643efbd65e14d9e129,CMP-training-137.csv,4-5-6,2,PrestonInspired,c01,False,85.03935,95.35947391235712
fd575998196eabac929e,CMP-training-137.csv,4-5-6,2,PrestonInspired,c01,False,89.004,94.85419644362342
01b7380184cf03c0bb58,CMP-training-087.csv,4-5-6,3,CatBoost,c09,True,89.037,86.89902004197184
04afdd1c439211c8389d,CMP-training-014.csv,4-5-6,3,CatBoost,c09,True,81.83385,72.18961694084159
0a2c26346b639a082c05,CMP-training-014.csv,4-5-6,3,CatBoost,c09,True,85.6827,73.58671167658494
0ac91e18581eb68c3b6e,CMP-training-087.csv,4-5-6,3,CatBoost,c09,True,87.4209,84.24896525957917
0b75c7c84f6e9d9a304a,CMP-training-087.csv,4-6,3,CatBoost,c09,True,86.31195,86.11690286593705
0d1331cbc24b3d76d48c,CMP-training-087.csv,4-5-6,3,CatBoost,c09,True,83.4507,82.6377563323912
0d912928e6272614a0c1,CMP-training-014.csv,4-5-6,3,CatBoost,c09,True,54.3072,67.95907242321414
0e9036b3ff0c9055aa30,CMP-training-071.csv,4-5-6,3,CatBoost,c09,True,66.4755,73.30361977167188
10e76beac988bc515e7c,CMP-training-087.csv,4-5-6,3,CatBoost,c09,True,74.44095,76.63508796102317
140fdf8f0a72735e6a9e,CMP-training-087.csv,4-5-6,3,CatBoost,c09,True,89.28975,83.36254497601989
1cc84c2531253c75b30f,CMP-training-087.csv,4-5-6,3,CatBoost,c09,True,84.82605,83.29816418958227
1cda59e55f763233455e,CMP-training-014.csv,4-5-6,3,CatBoost,c09,True,70.93395,70.95412150910268
1e2c3ea7007af687e32c,CMP-training-087.csv,4-5-6,3,CatBoost,c09,True,83.6733,81.60803235930912
1f1fdf0663be8a35c472,CMP-training-087.csv,4-5-6,3,CatBoost,c09,True,85.82955,83.76724206639847
224ba936b0adcd0d0089,CMP-training-087.csv,4-5-6,3,CatBoost,c09,True,88.53165,81.01894440461626
229b0f025b780a5c74bd,CMP-training-087.csv,4-5-6,3,CatBoost,c09,True,87.27075,85.64235780931185
22a7e66b953a4a37b7ff,CMP-training-087.csv,4-5-6,3,CatBoost,c09,True,85.4862,85.04948058709245
28b351aaa3c696b0d7d9,CMP-training-014.csv,4-5-6,3,CatBoost,c09,True,82.51935,74.92517112180519
2d9caeef18825482c0b3,CMP-training-014.csv,4-5-6,3,CatBoost,c09,True,69.39165,69.04834693273327
31016af190891e229488,CMP-training-067.csv,4-5-6,3,CatBoost,c09,True,68.93775,72.54592350756931
31a27cc61f0ac68b284a,CMP-training-087.csv,4-5-6,3,CatBoost,c09,True,96.5514,90.58518541243062
31c68c2da2f809e1093b,CMP-training-087.csv,4-5-6,3,CatBoost,c09,True,86.9703,85.01016265087758
34f310178e075d99205a,CMP-training-087.csv,4-5-6,3,CatBoost,c09,True,85.10355,84.32287020710817
3726147fdb3581d7a621,CMP-training-014.csv,4-5-6,3,CatBoost,c09,True,68.8011,66.94310443559755
3841eeb50e1c679c03fa,CMP-training-014.csv,4-5-6,3,CatBoost,c09,True,78.6462,75.30991881015589
3f053a969d997439815a,CMP-training-087.csv,4-5-6,3,CatBoost,c09,True,85.67175,84.6699522371364
4181984f5129bb85acc8,CMP-training-087.csv,4-5-6,3,CatBoost,c09,True,85.69455,86.37452895446741
481536a8677e2cee6651,CMP-training-087.csv,4-5-6,3,CatBoost,c09,True,73.40715,75.27821893582532
55f9f8d9c9c022bfebe4,CMP-training-014.csv,4-5-6,3,CatBoost,c09,True,59.48385,66.31404390155775
57aa3e4509af876c48b5,CMP-training-087.csv,4-5-6,3,CatBoost,c09,True,92.02575,89.02041997774226
5c871ee84ce9e11a614a,CMP-training-018.csv,4-5-6,3,CatBoost,c09,True,87.85365,76.14548699586737
5fbcfd19bb7d3e1a25ac,CMP-training-087.csv,4-5-6,3,CatBoost,c09,True,86.59425,82.96423684462815
60c3f4448743be082754,CMP-training-087.csv,4-5-6,3,CatBoost,c09,True,91.7526,85.98720038855018
62e38bba327a1002cd87,CMP-training-087.csv,4-5-6,3,CatBoost,c09,True,78.7572,83.75614007540734
62fb834dea27588c190a,CMP-training-087.csv,4-5-6,3,CatBoost,c09,True,84.01875,83.30919180567686
681c1c9c22d0c70fbcd5,CMP-training-087.csv,4-5-6,3,CatBoost,c09,True,87.0621,82.07725630577521
68580354e5144ef1dd46,CMP-training-014.csv,4-5-6,3,CatBoost,c09,True,59.8281,64.77639548517521
6979b8f025ae78e6fa07,CMP-training-087.csv,4-5-6,3,CatBoost,c09,True,84.54945,82.23464147961948
699940e90312cc265fe4,CMP-training-087.csv,4-5-6,3,CatBoost,c09,True,91.42335,86.23506602243292
6a24ee08890aaccbab59,CMP-training-014.csv,4-5-6,3,CatBoost,c09,True,59.27085,68.01920777426383
6e9fa8dca971de910b49,CMP-training-087.csv,4-5-6,3,CatBoost,c09,True,86.1207,81.6257856456701
6f93acfdf2128dc62734,CMP-training-087.csv,4-5-6,3,CatBoost,c09,True,83.07855,82.746012495296
6fd61f57b65db9909f4e,CMP-training-087.csv,4-5-6,3,CatBoost,c09,True,83.71605,80.03580190582288
6ffeebeec6872f40e615,CMP-training-087.csv,4-5-6,3,CatBoost,c09,True,80.29665,81.9453717757803
71c47cdd099130d81726,CMP-training-087.csv,4-5-6,3,CatBoost,c09,True,87.5745,85.01718978945709
749b3a238fe49f369fe6,CMP-training-087.csv,4-5-6,3,CatBoost,c09,True,81.06,81.8147251683086
7540e22cad3ceb061079,CMP-training-014.csv,4-5-6,3,CatBoost,c09,True,60.7173,65.56083853051706
78f0c2e5cda9415ecec3,CMP-training-087.csv,4,3,CatBoost,c09,True,73.1484,76.34470639054483
7936d91f10be14d89df3,CMP-training-029.csv,4-5-6,3,CatBoost,c09,True,71.3148,73.55116673909093
7ecd59b97bf6a9ca99f7,CMP-training-029.csv,4-5-6,3,CatBoost,c09,True,72.45435,73.41061333909569
80f1b955eb93b1dd3566,CMP-training-087.csv,4-5-6,3,CatBoost,c09,True,80.4021,85.88168753595022
812c6b527d794408bcdb,CMP-training-014.csv,4-5-6,3,CatBoost,c09,True,63.99765,68.01335486663147
81bbf59aff29dd99a51d,CMP-training-014.csv,4-5-6,3,CatBoost,c09,True,57.58005,66.03182722767745
8548af404911eb2ffa46,CMP-training-087.csv,4-5-6,3,CatBoost,c09,True,80.18385,79.94109440271562
85614a746352d5cd2a3e,CMP-training-014.csv,4-5-6,3,CatBoost,c09,True,74.18535,70.09651555180933
861f156ee6accea60cc5,CMP-training-182.csv,4-5-6,3,CatBoost,c09,True,85.26705,83.92347467909069
88d21a3ba36bc8b4514f,CMP-training-071.csv,4-5-6,3,CatBoost,c09,True,65.007,71.59756978529752
88e8675a59d4e5713eb7,CMP-training-087.csv,4-5-6,3,CatBoost,c09,True,80.6004,81.4372878927006
8ce28604617f8aabe03c,CMP-training-087.csv,4-5-6,3,CatBoost,c09,True,83.0055,82.59783770143589
953bc9f0e622d1e7df80,CMP-training-087.csv,4-5-6,3,CatBoost,c09,True,85.0308,79.99308200123846
982b6fc015c386d3c93d,CMP-training-087.csv,4-5-6,3,CatBoost,c09,True,87.69855,83.88951770221195
9ff293ca42a9fac00c5a,CMP-training-029.csv,4-5-6,3,CatBoost,c09,True,70.425,72.92363460742854
a47109d0499cbbfd1dbc,CMP-training-087.csv,4-5-6,3,CatBoost,c09,True,90.76995,82.92507875556623
a6ea3a5b7e17f4452ed0,CMP-training-029.csv,4-5-6,3,CatBoost,c09,True,73.42725,72.68884286456638
a8b83ac625d7b0994c82,CMP-training-087.csv,4-5-6,3,CatBoost,c09,True,81.7974,84.42141154230067
ac0b0c81d467e908f262,CMP-training-067.csv,4-5-6,3,CatBoost,c09,True,68.1342,76.74109187365623
ad1002f388a918ae688b,CMP-training-014.csv,4-5-6,3,CatBoost,c09,True,83.1564,78.03833842679893
ad62c398bab074e2b1e3,CMP-training-087.csv,4-5-6,3,CatBoost,c09,True,88.10025,84.60674554718915
af8fdb6b7cc73316503f,CMP-training-087.csv,4-5-6,3,CatBoost,c09,True,95.1084,87.66838806879765
b138af2c252c3f59740c,CMP-training-014.csv,4-5-6,3,CatBoost,c09,True,59.78145,68.38923989142278
b59d7181861c3ee9dcc5,CMP-training-087.csv,4-5-6,3,CatBoost,c09,True,88.94625,86.9765857504133
b83fd1ebc6cb05ea1ba2,CMP-training-182.csv,4-5-6,3,CatBoost,c09,True,86.64645,86.21099855291106
b98acf54ba03d672ee2e,CMP-training-087.csv,4-5-6,3,CatBoost,c09,True,85.57245,79.15377014366808
ba91575922f48e08501f,CMP-training-087.csv,4-5-6,3,CatBoost,c09,True,88.00155,87.1623014951728
bb263cad2fa0119d77a5,CMP-training-014.csv,4-5-6,3,CatBoost,c09,True,60.10935,65.39375670557024
be0398524841bd482a1e,CMP-training-087.csv,4-5-6,3,CatBoost,c09,True,87.1053,84.05273489371592
c104c86ea600e91c57d8,CMP-training-087.csv,4-5-6,3,CatBoost,c09,True,91.79565,83.09144462990761
c4427fec6c51c99552d1,CMP-training-014.csv,4-5-6,3,CatBoost,c09,True,69.28185,67.0357642070556
c59ddde0eb6a3fdb215a,CMP-training-087.csv,4-5-6,3,CatBoost,c09,True,85.0212,86.20136431312048
ce5e77b0b38275d9a5d0,CMP-training-087.csv,4-5-6,3,CatBoost,c09,True,91.6953,88.26154228020093
d31a8f1f04ad276b4bd9,CMP-training-087.csv,4-5-6,3,CatBoost,c09,True,87.56835,79.53508682834723
d4f5c7dae132fc849ba7,CMP-training-014.csv,4-5-6,3,CatBoost,c09,True,79.52355,75.56496942241215
df02440332f0633707f1,CMP-training-071.csv,4-5-6,3,CatBoost,c09,True,64.90125,71.84792136029309
e0015240e4f54175ce77,CMP-training-182.csv,4-5-6,3,CatBoost,c09,True,81.77625,86.26038850308015
e1a0fcc49052aeb97a42,CMP-training-014.csv,4-5-6,3,CatBoost,c09,True,56.50905,65.33083782288907
e1bb389e545c22e6a350,CMP-training-087.csv,4-5-6,3,CatBoost,c09,True,83.87505,86.25945653007757
e5785980221b076655cc,CMP-training-087.csv,4-5-6,3,CatBoost,c09,True,95.66055,90.59486078232607
e723b0615d516d626705,CMP-training-087.csv,4-5-6,3,CatBoost,c09,True,88.3725,87.64487954644922
ea21ab8875312c50a43e,CMP-training-087.csv,4-5-6,3,CatBoost,c09,True,86.83545,81.03900736174108
ec3da436480713bcbb47,CMP-training-087.csv,4-5-6,3,CatBoost,c09,True,87.9891,81.32858191056317
f0e7a965ef05b9e828cd,CMP-training-087.csv,4-5-6,3,CatBoost,c09,True,72.50955,77.72065368064219
f350d4e7a2df45ab2248,CMP-training-087.csv,4-5-6,3,CatBoost,c09,True,89.1222,90.05402090640533
f3eb594a997b078698b3,CMP-training-014.csv,4-5-6,3,CatBoost,c09,True,60.3726,66.50445469743457
f62a490263a5fd11818c,CMP-training-087.csv,4-5-6,3,CatBoost,c09,True,89.59815,92.38114949600994
f655dc637452f9c5a852,CMP-training-029.csv,4-5-6,3,CatBoost,c09,True,72.3054,72.81215474217856
fa2d9e502e8654b0657e,CMP-training-087.csv,4-5-6,3,CatBoost,c09,True,80.9979,85.51391494845585
fc44618a9cc329c1a3f4,CMP-training-087.csv,4-5-6,3,CatBoost,c09,True,87.26715,82.38057736772025
01b7380184cf03c0bb58,CMP-training-087.csv,4-5-6,3,LightGBM,c13,False,89.037,88.00663114338376
04afdd1c439211c8389d,CMP-training-014.csv,4-5-6,3,LightGBM,c13,False,81.83385,69.13921261458358
0a2c26346b639a082c05,CMP-training-014.csv,4-5-6,3,LightGBM,c13,False,85.6827,74.78577449180636
0ac91e18581eb68c3b6e,CMP-training-087.csv,4-5-6,3,LightGBM,c13,False,87.4209,84.56720085437111
0b75c7c84f6e9d9a304a,CMP-training-087.csv,4-6,3,LightGBM,c13,False,86.31195,87.96513013549466
0d1331cbc24b3d76d48c,CMP-training-087.csv,4-5-6,3,LightGBM,c13,False,83.4507,82.65382392863167
0d912928e6272614a0c1,CMP-training-014.csv,4-5-6,3,LightGBM,c13,False,54.3072,64.71405622528195
0e9036b3ff0c9055aa30,CMP-training-071.csv,4-5-6,3,LightGBM,c13,False,66.4755,72.73121279755904
10e76beac988bc515e7c,CMP-training-087.csv,4-5-6,3,LightGBM,c13,False,74.44095,76.42410050632354
140fdf8f0a72735e6a9e,CMP-training-087.csv,4-5-6,3,LightGBM,c13,False,89.28975,82.63780793076657
1cc84c2531253c75b30f,CMP-training-087.csv,4-5-6,3,LightGBM,c13,False,84.82605,83.48495139944716
1cda59e55f763233455e,CMP-training-014.csv,4-5-6,3,LightGBM,c13,False,70.93395,65.49952762940424
1e2c3ea7007af687e32c,CMP-training-087.csv,4-5-6,3,LightGBM,c13,False,83.6733,84.09437199834912
1f1fdf0663be8a35c472,CMP-training-087.csv,4-5-6,3,LightGBM,c13,False,85.82955,82.21863180762091
224ba936b0adcd0d0089,CMP-training-087.csv,4-5-6,3,LightGBM,c13,False,88.53165,82.19872150705967
229b0f025b780a5c74bd,CMP-training-087.csv,4-5-6,3,LightGBM,c13,False,87.27075,86.00550639947288
22a7e66b953a4a37b7ff,CMP-training-087.csv,4-5-6,3,LightGBM,c13,False,85.4862,84.89636465219391
28b351aaa3c696b0d7d9,CMP-training-014.csv,4-5-6,3,LightGBM,c13,False,82.51935,77.56839560995472
2d9caeef18825482c0b3,CMP-training-014.csv,4-5-6,3,LightGBM,c13,False,69.39165,65.73806692429324
31016af190891e229488,CMP-training-067.csv,4-5-6,3,LightGBM,c13,False,68.93775,69.43470686746524
31a27cc61f0ac68b284a,CMP-training-087.csv,4-5-6,3,LightGBM,c13,False,96.5514,91.54151400247952
31c68c2da2f809e1093b,CMP-training-087.csv,4-5-6,3,LightGBM,c13,False,86.9703,85.60545991059539
34f310178e075d99205a,CMP-training-087.csv,4-5-6,3,LightGBM,c13,False,85.10355,84.36156737102337
3726147fdb3581d7a621,CMP-training-014.csv,4-5-6,3,LightGBM,c13,False,68.8011,65.70885623071132
3841eeb50e1c679c03fa,CMP-training-014.csv,4-5-6,3,LightGBM,c13,False,78.6462,77.18921651174837
3f053a969d997439815a,CMP-training-087.csv,4-5-6,3,LightGBM,c13,False,85.67175,83.73253621206669
4181984f5129bb85acc8,CMP-training-087.csv,4-5-6,3,LightGBM,c13,False,85.69455,86.9595177971482
481536a8677e2cee6651,CMP-training-087.csv,4-5-6,3,LightGBM,c13,False,73.40715,73.8661841320296
55f9f8d9c9c022bfebe4,CMP-training-014.csv,4-5-6,3,LightGBM,c13,False,59.48385,66.09125754038378
57aa3e4509af876c48b5,CMP-training-087.csv,4-5-6,3,LightGBM,c13,False,92.02575,89.58327795188256
5c871ee84ce9e11a614a,CMP-training-018.csv,4-5-6,3,LightGBM,c13,False,87.85365,80.37875046312448
5fbcfd19bb7d3e1a25ac,CMP-training-087.csv,4-5-6,3,LightGBM,c13,False,86.59425,83.34009266909767
60c3f4448743be082754,CMP-training-087.csv,4-5-6,3,LightGBM,c13,False,91.7526,87.28905782019993
62e38bba327a1002cd87,CMP-training-087.csv,4-5-6,3,LightGBM,c13,False,78.7572,82.59342021074028
62fb834dea27588c190a,CMP-training-087.csv,4-5-6,3,LightGBM,c13,False,84.01875,85.30048652109274
681c1c9c22d0c70fbcd5,CMP-training-087.csv,4-5-6,3,LightGBM,c13,False,87.0621,82.29892783893403
68580354e5144ef1dd46,CMP-training-014.csv,4-5-6,3,LightGBM,c13,False,59.8281,64.17561400218077
6979b8f025ae78e6fa07,CMP-training-087.csv,4-5-6,3,LightGBM,c13,False,84.54945,82.23585799770282
699940e90312cc265fe4,CMP-training-087.csv,4-5-6,3,LightGBM,c13,False,91.42335,85.63364386251006
6a24ee08890aaccbab59,CMP-training-014.csv,4-5-6,3,LightGBM,c13,False,59.27085,64.7695773683837
6e9fa8dca971de910b49,CMP-training-087.csv,4-5-6,3,LightGBM,c13,False,86.1207,81.59255102778297
6f93acfdf2128dc62734,CMP-training-087.csv,4-5-6,3,LightGBM,c13,False,83.07855,83.43057761415959
6fd61f57b65db9909f4e,CMP-training-087.csv,4-5-6,3,LightGBM,c13,False,83.71605,81.29200557732962
6ffeebeec6872f40e615,CMP-training-087.csv,4-5-6,3,LightGBM,c13,False,80.29665,81.84448840903345
71c47cdd099130d81726,CMP-training-087.csv,4-5-6,3,LightGBM,c13,False,87.5745,85.55164571197355
749b3a238fe49f369fe6,CMP-training-087.csv,4-5-6,3,LightGBM,c13,False,81.06,82.87308001356723
7540e22cad3ceb061079,CMP-training-014.csv,4-5-6,3,LightGBM,c13,False,60.7173,64.74088351317799
78f0c2e5cda9415ecec3,CMP-training-087.csv,4,3,LightGBM,c13,False,73.1484,76.09746741810469
7936d91f10be14d89df3,CMP-training-029.csv,4-5-6,3,LightGBM,c13,False,71.3148,71.50516633832001
7ecd59b97bf6a9ca99f7,CMP-training-029.csv,4-5-6,3,LightGBM,c13,False,72.45435,68.64873492771152
80f1b955eb93b1dd3566,CMP-training-087.csv,4-5-6,3,LightGBM,c13,False,80.4021,86.29934628269707
812c6b527d794408bcdb,CMP-training-014.csv,4-5-6,3,LightGBM,c13,False,63.99765,64.247587713991
81bbf59aff29dd99a51d,CMP-training-014.csv,4-5-6,3,LightGBM,c13,False,57.58005,64.40700740657482
8548af404911eb2ffa46,CMP-training-087.csv,4-5-6,3,LightGBM,c13,False,80.18385,81.02434400958366
85614a746352d5cd2a3e,CMP-training-014.csv,4-5-6,3,LightGBM,c13,False,74.18535,68.8180337645445
861f156ee6accea60cc5,CMP-training-182.csv,4-5-6,3,LightGBM,c13,False,85.26705,84.1880663007309
88d21a3ba36bc8b4514f,CMP-training-071.csv,4-5-6,3,LightGBM,c13,False,65.007,68.61022162852188
88e8675a59d4e5713eb7,CMP-training-087.csv,4-5-6,3,LightGBM,c13,False,80.6004,83.99556367922517
8ce28604617f8aabe03c,CMP-training-087.csv,4-5-6,3,LightGBM,c13,False,83.0055,82.56177945500312
953bc9f0e622d1e7df80,CMP-training-087.csv,4-5-6,3,LightGBM,c13,False,85.0308,80.82839163655373
982b6fc015c386d3c93d,CMP-training-087.csv,4-5-6,3,LightGBM,c13,False,87.69855,83.25177832270138
9ff293ca42a9fac00c5a,CMP-training-029.csv,4-5-6,3,LightGBM,c13,False,70.425,69.50685335423918
a47109d0499cbbfd1dbc,CMP-training-087.csv,4-5-6,3,LightGBM,c13,False,90.76995,83.20714259300225
a6ea3a5b7e17f4452ed0,CMP-training-029.csv,4-5-6,3,LightGBM,c13,False,73.42725,73.10525306967898
a8b83ac625d7b0994c82,CMP-training-087.csv,4-5-6,3,LightGBM,c13,False,81.7974,84.52948913461861
ac0b0c81d467e908f262,CMP-training-067.csv,4-5-6,3,LightGBM,c13,False,68.1342,76.4895879903409
ad1002f388a918ae688b,CMP-training-014.csv,4-5-6,3,LightGBM,c13,False,83.1564,81.07255157175031
ad62c398bab074e2b1e3,CMP-training-087.csv,4-5-6,3,LightGBM,c13,False,88.10025,83.95791453289239
af8fdb6b7cc73316503f,CMP-training-087.csv,4-5-6,3,LightGBM,c13,False,95.1084,86.2127794266249
b138af2c252c3f59740c,CMP-training-014.csv,4-5-6,3,LightGBM,c13,False,59.78145,64.44850092902425
b59d7181861c3ee9dcc5,CMP-training-087.csv,4-5-6,3,LightGBM,c13,False,88.94625,86.64438914538525
b83fd1ebc6cb05ea1ba2,CMP-training-182.csv,4-5-6,3,LightGBM,c13,False,86.64645,85.41975631232184
b98acf54ba03d672ee2e,CMP-training-087.csv,4-5-6,3,LightGBM,c13,False,85.57245,81.59089705881394
ba91575922f48e08501f,CMP-training-087.csv,4-5-6,3,LightGBM,c13,False,88.00155,88.5087906746129
bb263cad2fa0119d77a5,CMP-training-014.csv,4-5-6,3,LightGBM,c13,False,60.10935,64.9085764042061
be0398524841bd482a1e,CMP-training-087.csv,4-5-6,3,LightGBM,c13,False,87.1053,83.882182115475
c104c86ea600e91c57d8,CMP-training-087.csv,4-5-6,3,LightGBM,c13,False,91.79565,83.43484460344177
c4427fec6c51c99552d1,CMP-training-014.csv,4-5-6,3,LightGBM,c13,False,69.28185,63.990802768784306
c59ddde0eb6a3fdb215a,CMP-training-087.csv,4-5-6,3,LightGBM,c13,False,85.0212,90.0254385459532
ce5e77b0b38275d9a5d0,CMP-training-087.csv,4-5-6,3,LightGBM,c13,False,91.6953,88.77478738103163
d31a8f1f04ad276b4bd9,CMP-training-087.csv,4-5-6,3,LightGBM,c13,False,87.56835,81.0971113994104
d4f5c7dae132fc849ba7,CMP-training-014.csv,4-5-6,3,LightGBM,c13,False,79.52355,77.43459743782397
df02440332f0633707f1,CMP-training-071.csv,4-5-6,3,LightGBM,c13,False,64.90125,67.6339604879335
e0015240e4f54175ce77,CMP-training-182.csv,4-5-6,3,LightGBM,c13,False,81.77625,87.54708972177559
e1a0fcc49052aeb97a42,CMP-training-014.csv,4-5-6,3,LightGBM,c13,False,56.50905,64.0782461266077
e1bb389e545c22e6a350,CMP-training-087.csv,4-5-6,3,LightGBM,c13,False,83.87505,85.66640933546336
e5785980221b076655cc,CMP-training-087.csv,4-5-6,3,LightGBM,c13,False,95.66055,91.1860014905194
e723b0615d516d626705,CMP-training-087.csv,4-5-6,3,LightGBM,c13,False,88.3725,89.23372215918982
ea21ab8875312c50a43e,CMP-training-087.csv,4-5-6,3,LightGBM,c13,False,86.83545,81.52501465835792
ec3da436480713bcbb47,CMP-training-087.csv,4-5-6,3,LightGBM,c13,False,87.9891,83.17846276946855
f0e7a965ef05b9e828cd,CMP-training-087.csv,4-5-6,3,LightGBM,c13,False,72.50955,77.97675744111527
f350d4e7a2df45ab2248,CMP-training-087.csv,4-5-6,3,LightGBM,c13,False,89.1222,90.20684741563343
f3eb594a997b078698b3,CMP-training-014.csv,4-5-6,3,LightGBM,c13,False,60.3726,65.40905916249281
f62a490263a5fd11818c,CMP-training-087.csv,4-5-6,3,LightGBM,c13,False,89.59815,93.01730201360543
f655dc637452f9c5a852,CMP-training-029.csv,4-5-6,3,LightGBM,c13,False,72.3054,69.7389333117495
fa2d9e502e8654b0657e,CMP-training-087.csv,4-5-6,3,LightGBM,c13,False,80.9979,83.25770089020905
fc44618a9cc329c1a3f4,CMP-training-087.csv,4-5-6,3,LightGBM,c13,False,87.26715,81.53452909587264
01b7380184cf03c0bb58,CMP-training-087.csv,4-5-6,3,XGBoost,c07,False,89.037,88.26325225830078
04afdd1c439211c8389d,CMP-training-014.csv,4-5-6,3,XGBoost,c07,False,81.83385,70.50210571289062
0a2c26346b639a082c05,CMP-training-014.csv,4-5-6,3,XGBoost,c07,False,85.6827,77.15750885009766
0ac91e18581eb68c3b6e,CMP-training-087.csv,4-5-6,3,XGBoost,c07,False,87.4209,85.66492462158203
0b75c7c84f6e9d9a304a,CMP-training-087.csv,4-6,3,XGBoost,c07,False,86.31195,88.52811431884766
0d1331cbc24b3d76d48c,CMP-training-087.csv,4-5-6,3,XGBoost,c07,False,83.4507,84.01963806152344
0d912928e6272614a0c1,CMP-training-014.csv,4-5-6,3,XGBoost,c07,False,54.3072,64.07882690429688
0e9036b3ff0c9055aa30,CMP-training-071.csv,4-5-6,3,XGBoost,c07,False,66.4755,72.22183990478516
10e76beac988bc515e7c,CMP-training-087.csv,4-5-6,3,XGBoost,c07,False,74.44095,78.05054473876953
140fdf8f0a72735e6a9e,CMP-training-087.csv,4-5-6,3,XGBoost,c07,False,89.28975,84.26853942871094
1cc84c2531253c75b30f,CMP-training-087.csv,4-5-6,3,XGBoost,c07,False,84.82605,85.5145034790039
1cda59e55f763233455e,CMP-training-014.csv,4-5-6,3,XGBoost,c07,False,70.93395,70.0184326171875
1e2c3ea7007af687e32c,CMP-training-087.csv,4-5-6,3,XGBoost,c07,False,83.6733,83.26416015625
1f1fdf0663be8a35c472,CMP-training-087.csv,4-5-6,3,XGBoost,c07,False,85.82955,82.23076629638672
224ba936b0adcd0d0089,CMP-training-087.csv,4-5-6,3,XGBoost,c07,False,88.53165,81.25181579589844
229b0f025b780a5c74bd,CMP-training-087.csv,4-5-6,3,XGBoost,c07,False,87.27075,86.72589111328125
22a7e66b953a4a37b7ff,CMP-training-087.csv,4-5-6,3,XGBoost,c07,False,85.4862,86.10821533203125
28b351aaa3c696b0d7d9,CMP-training-014.csv,4-5-6,3,XGBoost,c07,False,82.51935,76.20867156982422
2d9caeef18825482c0b3,CMP-training-014.csv,4-5-6,3,XGBoost,c07,False,69.39165,66.71111297607422
31016af190891e229488,CMP-training-067.csv,4-5-6,3,XGBoost,c07,False,68.93775,69.09476470947266
31a27cc61f0ac68b284a,CMP-training-087.csv,4-5-6,3,XGBoost,c07,False,96.5514,90.27037048339844
31c68c2da2f809e1093b,CMP-training-087.csv,4-5-6,3,XGBoost,c07,False,86.9703,86.02671813964844
34f310178e075d99205a,CMP-training-087.csv,4-5-6,3,XGBoost,c07,False,85.10355,85.37060546875
3726147fdb3581d7a621,CMP-training-014.csv,4-5-6,3,XGBoost,c07,False,68.8011,67.6898422241211
3841eeb50e1c679c03fa,CMP-training-014.csv,4-5-6,3,XGBoost,c07,False,78.6462,76.84563446044922
3f053a969d997439815a,CMP-training-087.csv,4-5-6,3,XGBoost,c07,False,85.67175,83.7315902709961
4181984f5129bb85acc8,CMP-training-087.csv,4-5-6,3,XGBoost,c07,False,85.69455,88.33472442626953
481536a8677e2cee6651,CMP-training-087.csv,4-5-6,3,XGBoost,c07,False,73.40715,76.90371704101562
55f9f8d9c9c022bfebe4,CMP-training-014.csv,4-5-6,3,XGBoost,c07,False,59.48385,64.64824676513672
57aa3e4509af876c48b5,CMP-training-087.csv,4-5-6,3,XGBoost,c07,False,92.02575,89.67395782470703
5c871ee84ce9e11a614a,CMP-training-018.csv,4-5-6,3,XGBoost,c07,False,87.85365,79.61184692382812
5fbcfd19bb7d3e1a25ac,CMP-training-087.csv,4-5-6,3,XGBoost,c07,False,86.59425,84.5405502319336
60c3f4448743be082754,CMP-training-087.csv,4-5-6,3,XGBoost,c07,False,91.7526,87.87942504882812
62e38bba327a1002cd87,CMP-training-087.csv,4-5-6,3,XGBoost,c07,False,78.7572,80.29080963134766
62fb834dea27588c190a,CMP-training-087.csv,4-5-6,3,XGBoost,c07,False,84.01875,84.45269775390625
681c1c9c22d0c70fbcd5,CMP-training-087.csv,4-5-6,3,XGBoost,c07,False,87.0621,82.46954345703125
68580354e5144ef1dd46,CMP-training-014.csv,4-5-6,3,XGBoost,c07,False,59.8281,62.580291748046875
6979b8f025ae78e6fa07,CMP-training-087.csv,4-5-6,3,XGBoost,c07,False,84.54945,84.11272430419922
699940e90312cc265fe4,CMP-training-087.csv,4-5-6,3,XGBoost,c07,False,91.42335,86.96031188964844
6a24ee08890aaccbab59,CMP-training-014.csv,4-5-6,3,XGBoost,c07,False,59.27085,63.970787048339844
6e9fa8dca971de910b49,CMP-training-087.csv,4-5-6,3,XGBoost,c07,False,86.1207,82.61375427246094
6f93acfdf2128dc62734,CMP-training-087.csv,4-5-6,3,XGBoost,c07,False,83.07855,83.24089813232422
6fd61f57b65db9909f4e,CMP-training-087.csv,4-5-6,3,XGBoost,c07,False,83.71605,80.12467956542969
6ffeebeec6872f40e615,CMP-training-087.csv,4-5-6,3,XGBoost,c07,False,80.29665,81.1198959350586
71c47cdd099130d81726,CMP-training-087.csv,4-5-6,3,XGBoost,c07,False,87.5745,86.88521575927734
749b3a238fe49f369fe6,CMP-training-087.csv,4-5-6,3,XGBoost,c07,False,81.06,84.7759017944336
7540e22cad3ceb061079,CMP-training-014.csv,4-5-6,3,XGBoost,c07,False,60.7173,64.88104248046875
78f0c2e5cda9415ecec3,CMP-training-087.csv,4,3,XGBoost,c07,False,73.1484,76.4830322265625
7936d91f10be14d89df3,CMP-training-029.csv,4-5-6,3,XGBoost,c07,False,71.3148,72.87879943847656
7ecd59b97bf6a9ca99f7,CMP-training-029.csv,4-5-6,3,XGBoost,c07,False,72.45435,69.83235931396484
80f1b955eb93b1dd3566,CMP-training-087.csv,4-5-6,3,XGBoost,c07,False,80.4021,85.89315032958984
812c6b527d794408bcdb,CMP-training-014.csv,4-5-6,3,XGBoost,c07,False,63.99765,64.63274383544922
81bbf59aff29dd99a51d,CMP-training-014.csv,4-5-6,3,XGBoost,c07,False,57.58005,64.31571960449219
8548af404911eb2ffa46,CMP-training-087.csv,4-5-6,3,XGBoost,c07,False,80.18385,80.48363494873047
85614a746352d5cd2a3e,CMP-training-014.csv,4-5-6,3,XGBoost,c07,False,74.18535,70.4773178100586
861f156ee6accea60cc5,CMP-training-182.csv,4-5-6,3,XGBoost,c07,False,85.26705,84.68716430664062
88d21a3ba36bc8b4514f,CMP-training-071.csv,4-5-6,3,XGBoost,c07,False,65.007,67.46244049072266
88e8675a59d4e5713eb7,CMP-training-087.csv,4-5-6,3,XGBoost,c07,False,80.6004,84.24615478515625
8ce28604617f8aabe03c,CMP-training-087.csv,4-5-6,3,XGBoost,c07,False,83.0055,83.06926727294922
953bc9f0e622d1e7df80,CMP-training-087.csv,4-5-6,3,XGBoost,c07,False,85.0308,80.66098022460938
982b6fc015c386d3c93d,CMP-training-087.csv,4-5-6,3,XGBoost,c07,False,87.69855,84.35054779052734
9ff293ca42a9fac00c5a,CMP-training-029.csv,4-5-6,3,XGBoost,c07,False,70.425,69.57638549804688
a47109d0499cbbfd1dbc,CMP-training-087.csv,4-5-6,3,XGBoost,c07,False,90.76995,83.73497009277344
a6ea3a5b7e17f4452ed0,CMP-training-029.csv,4-5-6,3,XGBoost,c07,False,73.42725,73.78952026367188
a8b83ac625d7b0994c82,CMP-training-087.csv,4-5-6,3,XGBoost,c07,False,81.7974,85.48161315917969
ac0b0c81d467e908f262,CMP-training-067.csv,4-5-6,3,XGBoost,c07,False,68.1342,79.26227569580078
ad1002f388a918ae688b,CMP-training-014.csv,4-5-6,3,XGBoost,c07,False,83.1564,83.13179779052734
ad62c398bab074e2b1e3,CMP-training-087.csv,4-5-6,3,XGBoost,c07,False,88.10025,86.05719757080078
af8fdb6b7cc73316503f,CMP-training-087.csv,4-5-6,3,XGBoost,c07,False,95.1084,88.41399383544922
b138af2c252c3f59740c,CMP-training-014.csv,4-5-6,3,XGBoost,c07,False,59.78145,66.01943969726562
b59d7181861c3ee9dcc5,CMP-training-087.csv,4-5-6,3,XGBoost,c07,False,88.94625,87.72161102294922
b83fd1ebc6cb05ea1ba2,CMP-training-182.csv,4-5-6,3,XGBoost,c07,False,86.64645,86.60576629638672
b98acf54ba03d672ee2e,CMP-training-087.csv,4-5-6,3,XGBoost,c07,False,85.57245,80.25719451904297
ba91575922f48e08501f,CMP-training-087.csv,4-5-6,3,XGBoost,c07,False,88.00155,88.31124114990234
bb263cad2fa0119d77a5,CMP-training-014.csv,4-5-6,3,XGBoost,c07,False,60.10935,63.53524398803711
be0398524841bd482a1e,CMP-training-087.csv,4-5-6,3,XGBoost,c07,False,87.1053,85.22157287597656
c104c86ea600e91c57d8,CMP-training-087.csv,4-5-6,3,XGBoost,c07,False,91.79565,83.31289672851562
c4427fec6c51c99552d1,CMP-training-014.csv,4-5-6,3,XGBoost,c07,False,69.28185,65.20220947265625
c59ddde0eb6a3fdb215a,CMP-training-087.csv,4-5-6,3,XGBoost,c07,False,85.0212,87.59234619140625
ce5e77b0b38275d9a5d0,CMP-training-087.csv,4-5-6,3,XGBoost,c07,False,91.6953,89.95524597167969
d31a8f1f04ad276b4bd9,CMP-training-087.csv,4-5-6,3,XGBoost,c07,False,87.56835,81.61956787109375
d4f5c7dae132fc849ba7,CMP-training-014.csv,4-5-6,3,XGBoost,c07,False,79.52355,79.01161193847656
df02440332f0633707f1,CMP-training-071.csv,4-5-6,3,XGBoost,c07,False,64.90125,68.32499694824219
e0015240e4f54175ce77,CMP-training-182.csv,4-5-6,3,XGBoost,c07,False,81.77625,85.27052307128906
e1a0fcc49052aeb97a42,CMP-training-014.csv,4-5-6,3,XGBoost,c07,False,56.50905,64.36772155761719
e1bb389e545c22e6a350,CMP-training-087.csv,4-5-6,3,XGBoost,c07,False,83.87505,84.9754638671875
e5785980221b076655cc,CMP-training-087.csv,4-5-6,3,XGBoost,c07,False,95.66055,91.59949493408203
e723b0615d516d626705,CMP-training-087.csv,4-5-6,3,XGBoost,c07,False,88.3725,90.2275619506836
ea21ab8875312c50a43e,CMP-training-087.csv,4-5-6,3,XGBoost,c07,False,86.83545,80.42146301269531
ec3da436480713bcbb47,CMP-training-087.csv,4-5-6,3,XGBoost,c07,False,87.9891,81.5342788696289
f0e7a965ef05b9e828cd,CMP-training-087.csv,4-5-6,3,XGBoost,c07,False,72.50955,82.18158721923828
f350d4e7a2df45ab2248,CMP-training-087.csv,4-5-6,3,XGBoost,c07,False,89.1222,91.07971954345703
f3eb594a997b078698b3,CMP-training-014.csv,4-5-6,3,XGBoost,c07,False,60.3726,63.63581466674805
f62a490263a5fd11818c,CMP-training-087.csv,4-5-6,3,XGBoost,c07,False,89.59815,93.15123748779297
f655dc637452f9c5a852,CMP-training-029.csv,4-5-6,3,XGBoost,c07,False,72.3054,68.12320709228516
fa2d9e502e8654b0657e,CMP-training-087.csv,4-5-6,3,XGBoost,c07,False,80.9979,86.38883209228516
fc44618a9cc329c1a3f4,CMP-training-087.csv,4-5-6,3,XGBoost,c07,False,87.26715,83.21702575683594
01b7380184cf03c0bb58,CMP-training-087.csv,4-5-6,3,RandomForest,c04,False,89.037,88.17134551870268
04afdd1c439211c8389d,CMP-training-014.csv,4-5-6,3,RandomForest,c04,False,81.83385,68.83945774085286
0a2c26346b639a082c05,CMP-training-014.csv,4-5-6,3,RandomForest,c04,False,85.6827,75.98250847687991
0ac91e18581eb68c3b6e,CMP-training-087.csv,4-5-6,3,RandomForest,c04,False,87.4209,85.20091341159625
0b75c7c84f6e9d9a304a,CMP-training-087.csv,4-6,3,RandomForest,c04,False,86.31195,88.65672620464694
0d1331cbc24b3d76d48c,CMP-training-087.csv,4-5-6,3,RandomForest,c04,False,83.4507,84.54807863396495
0d912928e6272614a0c1,CMP-training-014.csv,4-5-6,3,RandomForest,c04,False,54.3072,65.05472640401788
0e9036b3ff0c9055aa30,CMP-training-071.csv,4-5-6,3,RandomForest,c04,False,66.4755,71.26375800551274
10e76beac988bc515e7c,CMP-training-087.csv,4-5-6,3,RandomForest,c04,False,74.44095,74.22750161525974
140fdf8f0a72735e6a9e,CMP-training-087.csv,4-5-6,3,RandomForest,c04,False,89.28975,84.66292594900149
1cc84c2531253c75b30f,CMP-training-087.csv,4-5-6,3,RandomForest,c04,False,84.82605,85.50967121542
1cda59e55f763233455e,CMP-training-014.csv,4-5-6,3,RandomForest,c04,False,70.93395,70.29196495554706
1e2c3ea7007af687e32c,CMP-training-087.csv,4-5-6,3,RandomForest,c04,False,83.6733,81.68540725933701
1f1fdf0663be8a35c472,CMP-training-087.csv,4-5-6,3,RandomForest,c04,False,85.82955,83.3973282819264
224ba936b0adcd0d0089,CMP-training-087.csv,4-5-6,3,RandomForest,c04,False,88.53165,82.54465766619317
229b0f025b780a5c74bd,CMP-training-087.csv,4-5-6,3,RandomForest,c04,False,87.27075,85.55638069372552
22a7e66b953a4a37b7ff,CMP-training-087.csv,4-5-6,3,RandomForest,c04,False,85.4862,85.63416482396511
28b351aaa3c696b0d7d9,CMP-training-014.csv,4-5-6,3,RandomForest,c04,False,82.51935,75.8537126545928
2d9caeef18825482c0b3,CMP-training-014.csv,4-5-6,3,RandomForest,c04,False,69.39165,66.78644431733633
31016af190891e229488,CMP-training-067.csv,4-5-6,3,RandomForest,c04,False,68.93775,70.93525113859053
31a27cc61f0ac68b284a,CMP-training-087.csv,4-5-6,3,RandomForest,c04,False,96.5514,89.10435556691917
31c68c2da2f809e1093b,CMP-training-087.csv,4-5-6,3,RandomForest,c04,False,86.9703,85.98217271681445
34f310178e075d99205a,CMP-training-087.csv,4-5-6,3,RandomForest,c04,False,85.10355,84.55825480766627
3726147fdb3581d7a621,CMP-training-014.csv,4-5-6,3,RandomForest,c04,False,68.8011,66.60904348858175
3841eeb50e1c679c03fa,CMP-training-014.csv,4-5-6,3,RandomForest,c04,False,78.6462,75.78468460447102
3f053a969d997439815a,CMP-training-087.csv,4-5-6,3,RandomForest,c04,False,85.67175,84.87396463966411
4181984f5129bb85acc8,CMP-training-087.csv,4-5-6,3,RandomForest,c04,False,85.69455,87.82974337823894
481536a8677e2cee6651,CMP-training-087.csv,4-5-6,3,RandomForest,c04,False,73.40715,73.33576890327382
55f9f8d9c9c022bfebe4,CMP-training-014.csv,4-5-6,3,RandomForest,c04,False,59.48385,64.30674250033303
57aa3e4509af876c48b5,CMP-training-087.csv,4-5-6,3,RandomForest,c04,False,92.02575,89.98022586013204
5c871ee84ce9e11a614a,CMP-training-018.csv,4-5-6,3,RandomForest,c04,False,87.85365,79.61815604878193
5fbcfd19bb7d3e1a25ac,CMP-training-087.csv,4-5-6,3,RandomForest,c04,False,86.59425,85.39640531094685
60c3f4448743be082754,CMP-training-087.csv,4-5-6,3,RandomForest,c04,False,91.7526,87.81929754082378
62e38bba327a1002cd87,CMP-training-087.csv,4-5-6,3,RandomForest,c04,False,78.7572,81.09351170549238
62fb834dea27588c190a,CMP-training-087.csv,4-5-6,3,RandomForest,c04,False,84.01875,84.88455282576017
681c1c9c22d0c70fbcd5,CMP-training-087.csv,4-5-6,3,RandomForest,c04,False,87.0621,83.32765030347255
68580354e5144ef1dd46,CMP-training-014.csv,4-5-6,3,RandomForest,c04,False,59.8281,63.63145982010438
6979b8f025ae78e6fa07,CMP-training-087.csv,4-5-6,3,RandomForest,c04,False,84.54945,84.95775313122553
699940e90312cc265fe4,CMP-training-087.csv,4-5-6,3,RandomForest,c04,False,91.42335,88.00739721340632
6a24ee08890aaccbab59,CMP-training-014.csv,4-5-6,3,RandomForest,c04,False,59.27085,65.32007431090526
6e9fa8dca971de910b49,CMP-training-087.csv,4-5-6,3,RandomForest,c04,False,86.1207,82.85739488700622
6f93acfdf2128dc62734,CMP-training-087.csv,4-5-6,3,RandomForest,c04,False,83.07855,83.28973784300595
6fd61f57b65db9909f4e,CMP-training-087.csv,4-5-6,3,RandomForest,c04,False,83.71605,81.90386022216587
6ffeebeec6872f40e615,CMP-training-087.csv,4-5-6,3,RandomForest,c04,False,80.29665,80.88432128267047
71c47cdd099130d81726,CMP-training-087.csv,4-5-6,3,RandomForest,c04,False,87.5745,86.44348451838434
749b3a238fe49f369fe6,CMP-training-087.csv,4-5-6,3,RandomForest,c04,False,81.06,84.28127690637393
7540e22cad3ceb061079,CMP-training-014.csv,4-5-6,3,RandomForest,c04,False,60.7173,65.1853522705914
78f0c2e5cda9415ecec3,CMP-training-087.csv,4,3,RandomForest,c04,False,73.1484,73.07093354048295
7936d91f10be14d89df3,CMP-training-029.csv,4-5-6,3,RandomForest,c04,False,71.3148,73.75497338504462
7ecd59b97bf6a9ca99f7,CMP-training-029.csv,4-5-6,3,RandomForest,c04,False,72.45435,71.01269717945078
80f1b955eb93b1dd3566,CMP-training-087.csv,4-5-6,3,RandomForest,c04,False,80.4021,88.1978058896858
812c6b527d794408bcdb,CMP-training-014.csv,4-5-6,3,RandomForest,c04,False,63.99765,64.43701545340859
81bbf59aff29dd99a51d,CMP-training-014.csv,4-5-6,3,RandomForest,c04,False,57.58005,65.82540911721613
8548af404911eb2ffa46,CMP-training-087.csv,4-5-6,3,RandomForest,c04,False,80.18385,80.71094622933579
85614a746352d5cd2a3e,CMP-training-014.csv,4-5-6,3,RandomForest,c04,False,74.18535,68.79189922930196
861f156ee6accea60cc5,CMP-training-182.csv,4-5-6,3,RandomForest,c04,False,85.26705,84.3746195665116
88d21a3ba36bc8b4514f,CMP-training-071.csv,4-5-6,3,RandomForest,c04,False,65.007,70.132772156622
88e8675a59d4e5713eb7,CMP-training-087.csv,4-5-6,3,RandomForest,c04,False,80.6004,83.92378502266222
8ce28604617f8aabe03c,CMP-training-087.csv,4-5-6,3,RandomForest,c04,False,83.0055,82.53851036079544
953bc9f0e622d1e7df80,CMP-training-087.csv,4-5-6,3,RandomForest,c04,False,85.0308,81.88270462557495
982b6fc015c386d3c93d,CMP-training-087.csv,4-5-6,3,RandomForest,c04,False,87.69855,85.0036577271478
9ff293ca42a9fac00c5a,CMP-training-029.csv,4-5-6,3,RandomForest,c04,False,70.425,70.6126723148336
a47109d0499cbbfd1dbc,CMP-training-087.csv,4-5-6,3,RandomForest,c04,False,90.76995,83.6977909378721
a6ea3a5b7e17f4452ed0,CMP-training-029.csv,4-5-6,3,RandomForest,c04,False,73.42725,73.75248965053436
a8b83ac625d7b0994c82,CMP-training-087.csv,4-5-6,3,RandomForest,c04,False,81.7974,85.83367455339103
ac0b0c81d467e908f262,CMP-training-067.csv,4-5-6,3,RandomForest,c04,False,68.1342,79.26029773836578
ad1002f388a918ae688b,CMP-training-014.csv,4-5-6,3,RandomForest,c04,False,83.1564,82.38356454298561
ad62c398bab074e2b1e3,CMP-training-087.csv,4-5-6,3,RandomForest,c04,False,88.10025,85.89254660715324
af8fdb6b7cc73316503f,CMP-training-087.csv,4-5-6,3,RandomForest,c04,False,95.1084,88.85530823173872
b138af2c252c3f59740c,CMP-training-014.csv,4-5-6,3,RandomForest,c04,False,59.78145,64.38630768171672
b59d7181861c3ee9dcc5,CMP-training-087.csv,4-5-6,3,RandomForest,c04,False,88.94625,88.00610706060606
b83fd1ebc6cb05ea1ba2,CMP-training-182.csv,4-5-6,3,RandomForest,c04,False,86.64645,87.14574177809693
b98acf54ba03d672ee2e,CMP-training-087.csv,4-5-6,3,RandomForest,c04,False,85.57245,80.92634636184391
ba91575922f48e08501f,CMP-training-087.csv,4-5-6,3,RandomForest,c04,False,88.00155,88.4717190025105
bb263cad2fa0119d77a5,CMP-training-014.csv,4-5-6,3,RandomForest,c04,False,60.10935,65.39190042809273
be0398524841bd482a1e,CMP-training-087.csv,4-5-6,3,RandomForest,c04,False,87.1053,85.30248401873904
c104c86ea600e91c57d8,CMP-training-087.csv,4-5-6,3,RandomForest,c04,False,91.79565,83.55523215050053
c4427fec6c51c99552d1,CMP-training-014.csv,4-5-6,3,RandomForest,c04,False,69.28185,66.63085388737306
c59ddde0eb6a3fdb215a,CMP-training-087.csv,4-5-6,3,RandomForest,c04,False,85.0212,87.61662054488221
ce5e77b0b38275d9a5d0,CMP-training-087.csv,4-5-6,3,RandomForest,c04,False,91.6953,90.79592165218115
d31a8f1f04ad276b4bd9,CMP-training-087.csv,4-5-6,3,RandomForest,c04,False,87.56835,81.51974687437047
d4f5c7dae132fc849ba7,CMP-training-014.csv,4-5-6,3,RandomForest,c04,False,79.52355,76.4326761714353
df02440332f0633707f1,CMP-training-071.csv,4-5-6,3,RandomForest,c04,False,64.90125,70.10097282369455
e0015240e4f54175ce77,CMP-training-182.csv,4-5-6,3,RandomForest,c04,False,81.77625,87.67521602661662
e1a0fcc49052aeb97a42,CMP-training-014.csv,4-5-6,3,RandomForest,c04,False,56.50905,65.58737714122859
e1bb389e545c22e6a350,CMP-training-087.csv,4-5-6,3,RandomForest,c04,False,83.87505,85.0684312204098
e5785980221b076655cc,CMP-training-087.csv,4-5-6,3,RandomForest,c04,False,95.66055,91.68646173138839
e723b0615d516d626705,CMP-training-087.csv,4-5-6,3,RandomForest,c04,False,88.3725,89.14083730981778
ea21ab8875312c50a43e,CMP-training-087.csv,4-5-6,3,RandomForest,c04,False,86.83545,80.73805998714828
ec3da436480713bcbb47,CMP-training-087.csv,4-5-6,3,RandomForest,c04,False,87.9891,82.0768872322131
f0e7a965ef05b9e828cd,CMP-training-087.csv,4-5-6,3,RandomForest,c04,False,72.50955,80.18240104741876
f350d4e7a2df45ab2248,CMP-training-087.csv,4-5-6,3,RandomForest,c04,False,89.1222,91.1518644443551
f3eb594a997b078698b3,CMP-training-014.csv,4-5-6,3,RandomForest,c04,False,60.3726,65.07048430623806
f62a490263a5fd11818c,CMP-training-087.csv,4-5-6,3,RandomForest,c04,False,89.59815,92.76489964008388
f655dc637452f9c5a852,CMP-training-029.csv,4-5-6,3,RandomForest,c04,False,72.3054,70.48820567417478
fa2d9e502e8654b0657e,CMP-training-087.csv,4-5-6,3,RandomForest,c04,False,80.9979,85.94645625625677
fc44618a9cc329c1a3f4,CMP-training-087.csv,4-5-6,3,RandomForest,c04,False,87.26715,83.68835178700202
01b7380184cf03c0bb58,CMP-training-087.csv,4-5-6,3,Physics+LightGBM,c24,False,89.037,89.9284613041851
04afdd1c439211c8389d,CMP-training-014.csv,4-5-6,3,Physics+LightGBM,c24,False,81.83385,67.2965457614001
0a2c26346b639a082c05,CMP-training-014.csv,4-5-6,3,Physics+LightGBM,c24,False,85.6827,69.64378864864723
0ac91e18581eb68c3b6e,CMP-training-087.csv,4-5-6,3,Physics+LightGBM,c24,False,87.4209,88.93692159064865
0b75c7c84f6e9d9a304a,CMP-training-087.csv,4-6,3,Physics+LightGBM,c24,False,86.31195,87.75573527293204
0d1331cbc24b3d76d48c,CMP-training-087.csv,4-5-6,3,Physics+LightGBM,c24,False,83.4507,81.16841710955109
0d912928e6272614a0c1,CMP-training-014.csv,4-5-6,3,Physics+LightGBM,c24,False,54.3072,64.7689643745933
0e9036b3ff0c9055aa30,CMP-training-071.csv,4-5-6,3,Physics+LightGBM,c24,False,66.4755,68.94231577967585
10e76beac988bc515e7c,CMP-training-087.csv,4-5-6,3,Physics+LightGBM,c24,False,74.44095,75.47953872360641
140fdf8f0a72735e6a9e,CMP-training-087.csv,4-5-6,3,Physics+LightGBM,c24,False,89.28975,84.87184146192178
1cc84c2531253c75b30f,CMP-training-087.csv,4-5-6,3,Physics+LightGBM,c24,False,84.82605,86.65919971770671
1cda59e55f763233455e,CMP-training-014.csv,4-5-6,3,Physics+LightGBM,c24,False,70.93395,64.43620436244002
1e2c3ea7007af687e32c,CMP-training-087.csv,4-5-6,3,Physics+LightGBM,c24,False,83.6733,81.0712401814932
1f1fdf0663be8a35c472,CMP-training-087.csv,4-5-6,3,Physics+LightGBM,c24,False,85.82955,87.26247225691752
224ba936b0adcd0d0089,CMP-training-087.csv,4-5-6,3,Physics+LightGBM,c24,False,88.53165,81.90573377626515
229b0f025b780a5c74bd,CMP-training-087.csv,4-5-6,3,Physics+LightGBM,c24,False,87.27075,87.57339122067877
22a7e66b953a4a37b7ff,CMP-training-087.csv,4-5-6,3,Physics+LightGBM,c24,False,85.4862,90.42819099647164
28b351aaa3c696b0d7d9,CMP-training-014.csv,4-5-6,3,Physics+LightGBM,c24,False,82.51935,68.44890803247795
2d9caeef18825482c0b3,CMP-training-014.csv,4-5-6,3,Physics+LightGBM,c24,False,69.39165,65.79087307594537
31016af190891e229488,CMP-training-067.csv,4-5-6,3,Physics+LightGBM,c24,False,68.93775,69.85750140898664
31a27cc61f0ac68b284a,CMP-training-087.csv,4-5-6,3,Physics+LightGBM,c24,False,96.5514,91.8538665792213
31c68c2da2f809e1093b,CMP-training-087.csv,4-5-6,3,Physics+LightGBM,c24,False,86.9703,87.51820778454906
34f310178e075d99205a,CMP-training-087.csv,4-5-6,3,Physics+LightGBM,c24,False,85.10355,86.37275286534474
3726147fdb3581d7a621,CMP-training-014.csv,4-5-6,3,Physics+LightGBM,c24,False,68.8011,64.24731587645138
3841eeb50e1c679c03fa,CMP-training-014.csv,4-5-6,3,Physics+LightGBM,c24,False,78.6462,68.12522881595108
3f053a969d997439815a,CMP-training-087.csv,4-5-6,3,Physics+LightGBM,c24,False,85.67175,81.88088517678706
4181984f5129bb85acc8,CMP-training-087.csv,4-5-6,3,Physics+LightGBM,c24,False,85.69455,87.96214064628245
481536a8677e2cee6651,CMP-training-087.csv,4-5-6,3,Physics+LightGBM,c24,False,73.40715,73.17860893443687
55f9f8d9c9c022bfebe4,CMP-training-014.csv,4-5-6,3,Physics+LightGBM,c24,False,59.48385,67.50783388175064
57aa3e4509af876c48b5,CMP-training-087.csv,4-5-6,3,Physics+LightGBM,c24,False,92.02575,90.98186555936304
5c871ee84ce9e11a614a,CMP-training-018.csv,4-5-6,3,Physics+LightGBM,c24,False,87.85365,71.29329515138758
5fbcfd19bb7d3e1a25ac,CMP-training-087.csv,4-5-6,3,Physics+LightGBM,c24,False,86.59425,86.87682115400014
60c3f4448743be082754,CMP-training-087.csv,4-5-6,3,Physics+LightGBM,c24,False,91.7526,87.85366067153133
62e38bba327a1002cd87,CMP-training-087.csv,4-5-6,3,Physics+LightGBM,c24,False,78.7572,81.34821282442674
62fb834dea27588c190a,CMP-training-087.csv,4-5-6,3,Physics+LightGBM,c24,False,84.01875,84.8212401997865
681c1c9c22d0c70fbcd5,CMP-training-087.csv,4-5-6,3,Physics+LightGBM,c24,False,87.0621,84.3697790069028
68580354e5144ef1dd46,CMP-training-014.csv,4-5-6,3,Physics+LightGBM,c24,False,59.8281,63.95828201984813
6979b8f025ae78e6fa07,CMP-training-087.csv,4-5-6,3,Physics+LightGBM,c24,False,84.54945,86.3158705123808
699940e90312cc265fe4,CMP-training-087.csv,4-5-6,3,Physics+LightGBM,c24,False,91.42335,86.08131515130252
6a24ee08890aaccbab59,CMP-training-014.csv,4-5-6,3,Physics+LightGBM,c24,False,59.27085,62.33181269320837
6e9fa8dca971de910b49,CMP-training-087.csv,4-5-6,3,Physics+LightGBM,c24,False,86.1207,81.69322502920359
6f93acfdf2128dc62734,CMP-training-087.csv,4-5-6,3,Physics+LightGBM,c24,False,83.07855,81.76778599572731
6fd61f57b65db9909f4e,CMP-training-087.csv,4-5-6,3,Physics+LightGBM,c24,False,83.71605,81.49310878207467
6ffeebeec6872f40e615,CMP-training-087.csv,4-5-6,3,Physics+LightGBM,c24,False,80.29665,79.32268058458136
71c47cdd099130d81726,CMP-training-087.csv,4-5-6,3,Physics+LightGBM,c24,False,87.5745,88.2777164681033
749b3a238fe49f369fe6,CMP-training-087.csv,4-5-6,3,Physics+LightGBM,c24,False,81.06,80.58136742321
7540e22cad3ceb061079,CMP-training-014.csv,4-5-6,3,Physics+LightGBM,c24,False,60.7173,60.55356148689055
78f0c2e5cda9415ecec3,CMP-training-087.csv,4,3,Physics+LightGBM,c24,False,73.1484,70.36393006210199
7936d91f10be14d89df3,CMP-training-029.csv,4-5-6,3,Physics+LightGBM,c24,False,71.3148,64.38433195804242
7ecd59b97bf6a9ca99f7,CMP-training-029.csv,4-5-6,3,Physics+LightGBM,c24,False,72.45435,67.11046365955077
80f1b955eb93b1dd3566,CMP-training-087.csv,4-5-6,3,Physics+LightGBM,c24,False,80.4021,82.0598669048669
812c6b527d794408bcdb,CMP-training-014.csv,4-5-6,3,Physics+LightGBM,c24,False,63.99765,64.53450236726623
81bbf59aff29dd99a51d,CMP-training-014.csv,4-5-6,3,Physics+LightGBM,c24,False,57.58005,59.03579263263571
8548af404911eb2ffa46,CMP-training-087.csv,4-5-6,3,Physics+LightGBM,c24,False,80.18385,80.10693919472342
85614a746352d5cd2a3e,CMP-training-014.csv,4-5-6,3,Physics+LightGBM,c24,False,74.18535,64.04343354407025
861f156ee6accea60cc5,CMP-training-182.csv,4-5-6,3,Physics+LightGBM,c24,False,85.26705,89.03688070024542
88d21a3ba36bc8b4514f,CMP-training-071.csv,4-5-6,3,Physics+LightGBM,c24,False,65.007,76.88339364360097
88e8675a59d4e5713eb7,CMP-training-087.csv,4-5-6,3,Physics+LightGBM,c24,False,80.6004,83.95910483718202
8ce28604617f8aabe03c,CMP-training-087.csv,4-5-6,3,Physics+LightGBM,c24,False,83.0055,83.21742885634556
953bc9f0e622d1e7df80,CMP-training-087.csv,4-5-6,3,Physics+LightGBM,c24,False,85.0308,81.2428777092741
982b6fc015c386d3c93d,CMP-training-087.csv,4-5-6,3,Physics+LightGBM,c24,False,87.69855,87.40575344293912
9ff293ca42a9fac00c5a,CMP-training-029.csv,4-5-6,3,Physics+LightGBM,c24,False,70.425,62.580884280955594
a47109d0499cbbfd1dbc,CMP-training-087.csv,4-5-6,3,Physics+LightGBM,c24,False,90.76995,79.91706199176733
a6ea3a5b7e17f4452ed0,CMP-training-029.csv,4-5-6,3,Physics+LightGBM,c24,False,73.42725,64.0464965606034
a8b83ac625d7b0994c82,CMP-training-087.csv,4-5-6,3,Physics+LightGBM,c24,False,81.7974,82.75460529752671
ac0b0c81d467e908f262,CMP-training-067.csv,4-5-6,3,Physics+LightGBM,c24,False,68.1342,74.41853776772136
ad1002f388a918ae688b,CMP-training-014.csv,4-5-6,3,Physics+LightGBM,c24,False,83.1564,70.77412904534012
ad62c398bab074e2b1e3,CMP-training-087.csv,4-5-6,3,Physics+LightGBM,c24,False,88.10025,87.31513373558255
af8fdb6b7cc73316503f,CMP-training-087.csv,4-5-6,3,Physics+LightGBM,c24,False,95.1084,91.5438094527157
b138af2c252c3f59740c,CMP-training-014.csv,4-5-6,3,Physics+LightGBM,c24,False,59.78145,65.65334026537028
b59d7181861c3ee9dcc5,CMP-training-087.csv,4-5-6,3,Physics+LightGBM,c24,False,88.94625,89.14798166427389
b83fd1ebc6cb05ea1ba2,CMP-training-182.csv,4-5-6,3,Physics+LightGBM,c24,False,86.64645,91.08642426306194
b98acf54ba03d672ee2e,CMP-training-087.csv,4-5-6,3,Physics+LightGBM,c24,False,85.57245,79.08028896655392
ba91575922f48e08501f,CMP-training-087.csv,4-5-6,3,Physics+LightGBM,c24,False,88.00155,87.56219806975297
bb263cad2fa0119d77a5,CMP-training-014.csv,4-5-6,3,Physics+LightGBM,c24,False,60.10935,59.97702529505729
be0398524841bd482a1e,CMP-training-087.csv,4-5-6,3,Physics+LightGBM,c24,False,87.1053,85.29322187548456
c104c86ea600e91c57d8,CMP-training-087.csv,4-5-6,3,Physics+LightGBM,c24,False,91.79565,76.48666291744648
c4427fec6c51c99552d1,CMP-training-014.csv,4-5-6,3,Physics+LightGBM,c24,False,69.28185,64.0517112883865
c59ddde0eb6a3fdb215a,CMP-training-087.csv,4-5-6,3,Physics+LightGBM,c24,False,85.0212,84.99168044562856
ce5e77b0b38275d9a5d0,CMP-training-087.csv,4-5-6,3,Physics+LightGBM,c24,False,91.6953,91.68197441927875
d31a8f1f04ad276b4bd9,CMP-training-087.csv,4-5-6,3,Physics+LightGBM,c24,False,87.56835,81.54212786969876
d4f5c7dae132fc849ba7,CMP-training-014.csv,4-5-6,3,Physics+LightGBM,c24,False,79.52355,68.57233895404336
df02440332f0633707f1,CMP-training-071.csv,4-5-6,3,Physics+LightGBM,c24,False,64.90125,76.99615452082716
e0015240e4f54175ce77,CMP-training-182.csv,4-5-6,3,Physics+LightGBM,c24,False,81.77625,94.38576811288084
e1a0fcc49052aeb97a42,CMP-training-014.csv,4-5-6,3,Physics+LightGBM,c24,False,56.50905,60.939399791105245
e1bb389e545c22e6a350,CMP-training-087.csv,4-5-6,3,Physics+LightGBM,c24,False,83.87505,85.48655530869074
e5785980221b076655cc,CMP-training-087.csv,4-5-6,3,Physics+LightGBM,c24,False,95.66055,92.49096740340956
e723b0615d516d626705,CMP-training-087.csv,4-5-6,3,Physics+LightGBM,c24,False,88.3725,90.55639576524753
ea21ab8875312c50a43e,CMP-training-087.csv,4-5-6,3,Physics+LightGBM,c24,False,86.83545,77.3216272333164
ec3da436480713bcbb47,CMP-training-087.csv,4-5-6,3,Physics+LightGBM,c24,False,87.9891,82.39425883133846
f0e7a965ef05b9e828cd,CMP-training-087.csv,4-5-6,3,Physics+LightGBM,c24,False,72.50955,72.69185702894539
f350d4e7a2df45ab2248,CMP-training-087.csv,4-5-6,3,Physics+LightGBM,c24,False,89.1222,90.25230077341567
f3eb594a997b078698b3,CMP-training-014.csv,4-5-6,3,Physics+LightGBM,c24,False,60.3726,60.97951404243952
f62a490263a5fd11818c,CMP-training-087.csv,4-5-6,3,Physics+LightGBM,c24,False,89.59815,93.0775426744284
f655dc637452f9c5a852,CMP-training-029.csv,4-5-6,3,Physics+LightGBM,c24,False,72.3054,62.037459903798556
fa2d9e502e8654b0657e,CMP-training-087.csv,4-5-6,3,Physics+LightGBM,c24,False,80.9979,82.44696194963309
fc44618a9cc329c1a3f4,CMP-training-087.csv,4-5-6,3,Physics+LightGBM,c24,False,87.26715,83.79043606474323
01b7380184cf03c0bb58,CMP-training-087.csv,4-5-6,3,StageMean,c00,False,89.037,83.81549158163264
04afdd1c439211c8389d,CMP-training-014.csv,4-5-6,3,StageMean,c00,False,81.83385,83.81549158163264
0a2c26346b639a082c05,CMP-training-014.csv,4-5-6,3,StageMean,c00,False,85.6827,83.81549158163264
0ac91e18581eb68c3b6e,CMP-training-087.csv,4-5-6,3,StageMean,c00,False,87.4209,83.81549158163264
0b75c7c84f6e9d9a304a,CMP-training-087.csv,4-6,3,StageMean,c00,False,86.31195,83.81549158163264
0d1331cbc24b3d76d48c,CMP-training-087.csv,4-5-6,3,StageMean,c00,False,83.4507,83.81549158163264
0d912928e6272614a0c1,CMP-training-014.csv,4-5-6,3,StageMean,c00,False,54.3072,83.81549158163264
0e9036b3ff0c9055aa30,CMP-training-071.csv,4-5-6,3,StageMean,c00,False,66.4755,83.81549158163264
10e76beac988bc515e7c,CMP-training-087.csv,4-5-6,3,StageMean,c00,False,74.44095,83.81549158163264
140fdf8f0a72735e6a9e,CMP-training-087.csv,4-5-6,3,StageMean,c00,False,89.28975,83.81549158163264
1cc84c2531253c75b30f,CMP-training-087.csv,4-5-6,3,StageMean,c00,False,84.82605,83.81549158163264
1cda59e55f763233455e,CMP-training-014.csv,4-5-6,3,StageMean,c00,False,70.93395,83.81549158163264
1e2c3ea7007af687e32c,CMP-training-087.csv,4-5-6,3,StageMean,c00,False,83.6733,83.81549158163264
1f1fdf0663be8a35c472,CMP-training-087.csv,4-5-6,3,StageMean,c00,False,85.82955,83.81549158163264
224ba936b0adcd0d0089,CMP-training-087.csv,4-5-6,3,StageMean,c00,False,88.53165,83.81549158163264
229b0f025b780a5c74bd,CMP-training-087.csv,4-5-6,3,StageMean,c00,False,87.27075,83.81549158163264
22a7e66b953a4a37b7ff,CMP-training-087.csv,4-5-6,3,StageMean,c00,False,85.4862,83.81549158163264
28b351aaa3c696b0d7d9,CMP-training-014.csv,4-5-6,3,StageMean,c00,False,82.51935,83.81549158163264
2d9caeef18825482c0b3,CMP-training-014.csv,4-5-6,3,StageMean,c00,False,69.39165,83.81549158163264
31016af190891e229488,CMP-training-067.csv,4-5-6,3,StageMean,c00,False,68.93775,83.81549158163264
31a27cc61f0ac68b284a,CMP-training-087.csv,4-5-6,3,StageMean,c00,False,96.5514,83.81549158163264
31c68c2da2f809e1093b,CMP-training-087.csv,4-5-6,3,StageMean,c00,False,86.9703,83.81549158163264
34f310178e075d99205a,CMP-training-087.csv,4-5-6,3,StageMean,c00,False,85.10355,83.81549158163264
3726147fdb3581d7a621,CMP-training-014.csv,4-5-6,3,StageMean,c00,False,68.8011,83.81549158163264
3841eeb50e1c679c03fa,CMP-training-014.csv,4-5-6,3,StageMean,c00,False,78.6462,83.81549158163264
3f053a969d997439815a,CMP-training-087.csv,4-5-6,3,StageMean,c00,False,85.67175,83.81549158163264
4181984f5129bb85acc8,CMP-training-087.csv,4-5-6,3,StageMean,c00,False,85.69455,83.81549158163264
481536a8677e2cee6651,CMP-training-087.csv,4-5-6,3,StageMean,c00,False,73.40715,83.81549158163264
55f9f8d9c9c022bfebe4,CMP-training-014.csv,4-5-6,3,StageMean,c00,False,59.48385,83.81549158163264
57aa3e4509af876c48b5,CMP-training-087.csv,4-5-6,3,StageMean,c00,False,92.02575,83.81549158163264
5c871ee84ce9e11a614a,CMP-training-018.csv,4-5-6,3,StageMean,c00,False,87.85365,83.81549158163264
5fbcfd19bb7d3e1a25ac,CMP-training-087.csv,4-5-6,3,StageMean,c00,False,86.59425,83.81549158163264
60c3f4448743be082754,CMP-training-087.csv,4-5-6,3,StageMean,c00,False,91.7526,83.81549158163264
62e38bba327a1002cd87,CMP-training-087.csv,4-5-6,3,StageMean,c00,False,78.7572,83.81549158163264
62fb834dea27588c190a,CMP-training-087.csv,4-5-6,3,StageMean,c00,False,84.01875,83.81549158163264
681c1c9c22d0c70fbcd5,CMP-training-087.csv,4-5-6,3,StageMean,c00,False,87.0621,83.81549158163264
68580354e5144ef1dd46,CMP-training-014.csv,4-5-6,3,StageMean,c00,False,59.8281,83.81549158163264
6979b8f025ae78e6fa07,CMP-training-087.csv,4-5-6,3,StageMean,c00,False,84.54945,83.81549158163264
699940e90312cc265fe4,CMP-training-087.csv,4-5-6,3,StageMean,c00,False,91.42335,83.81549158163264
6a24ee08890aaccbab59,CMP-training-014.csv,4-5-6,3,StageMean,c00,False,59.27085,83.81549158163264
6e9fa8dca971de910b49,CMP-training-087.csv,4-5-6,3,StageMean,c00,False,86.1207,83.81549158163264
6f93acfdf2128dc62734,CMP-training-087.csv,4-5-6,3,StageMean,c00,False,83.07855,83.81549158163264
6fd61f57b65db9909f4e,CMP-training-087.csv,4-5-6,3,StageMean,c00,False,83.71605,83.81549158163264
6ffeebeec6872f40e615,CMP-training-087.csv,4-5-6,3,StageMean,c00,False,80.29665,83.81549158163264
71c47cdd099130d81726,CMP-training-087.csv,4-5-6,3,StageMean,c00,False,87.5745,83.81549158163264
749b3a238fe49f369fe6,CMP-training-087.csv,4-5-6,3,StageMean,c00,False,81.06,83.81549158163264
7540e22cad3ceb061079,CMP-training-014.csv,4-5-6,3,StageMean,c00,False,60.7173,83.81549158163264
78f0c2e5cda9415ecec3,CMP-training-087.csv,4,3,StageMean,c00,False,73.1484,83.81549158163264
7936d91f10be14d89df3,CMP-training-029.csv,4-5-6,3,StageMean,c00,False,71.3148,83.81549158163264
7ecd59b97bf6a9ca99f7,CMP-training-029.csv,4-5-6,3,StageMean,c00,False,72.45435,83.81549158163264
80f1b955eb93b1dd3566,CMP-training-087.csv,4-5-6,3,StageMean,c00,False,80.4021,83.81549158163264
812c6b527d794408bcdb,CMP-training-014.csv,4-5-6,3,StageMean,c00,False,63.99765,83.81549158163264
81bbf59aff29dd99a51d,CMP-training-014.csv,4-5-6,3,StageMean,c00,False,57.58005,83.81549158163264
8548af404911eb2ffa46,CMP-training-087.csv,4-5-6,3,StageMean,c00,False,80.18385,83.81549158163264
85614a746352d5cd2a3e,CMP-training-014.csv,4-5-6,3,StageMean,c00,False,74.18535,83.81549158163264
861f156ee6accea60cc5,CMP-training-182.csv,4-5-6,3,StageMean,c00,False,85.26705,83.81549158163264
88d21a3ba36bc8b4514f,CMP-training-071.csv,4-5-6,3,StageMean,c00,False,65.007,83.81549158163264
88e8675a59d4e5713eb7,CMP-training-087.csv,4-5-6,3,StageMean,c00,False,80.6004,83.81549158163264
8ce28604617f8aabe03c,CMP-training-087.csv,4-5-6,3,StageMean,c00,False,83.0055,83.81549158163264
953bc9f0e622d1e7df80,CMP-training-087.csv,4-5-6,3,StageMean,c00,False,85.0308,83.81549158163264
982b6fc015c386d3c93d,CMP-training-087.csv,4-5-6,3,StageMean,c00,False,87.69855,83.81549158163264
9ff293ca42a9fac00c5a,CMP-training-029.csv,4-5-6,3,StageMean,c00,False,70.425,83.81549158163264
a47109d0499cbbfd1dbc,CMP-training-087.csv,4-5-6,3,StageMean,c00,False,90.76995,83.81549158163264
a6ea3a5b7e17f4452ed0,CMP-training-029.csv,4-5-6,3,StageMean,c00,False,73.42725,83.81549158163264
a8b83ac625d7b0994c82,CMP-training-087.csv,4-5-6,3,StageMean,c00,False,81.7974,83.81549158163264
ac0b0c81d467e908f262,CMP-training-067.csv,4-5-6,3,StageMean,c00,False,68.1342,83.81549158163264
ad1002f388a918ae688b,CMP-training-014.csv,4-5-6,3,StageMean,c00,False,83.1564,83.81549158163264
ad62c398bab074e2b1e3,CMP-training-087.csv,4-5-6,3,StageMean,c00,False,88.10025,83.81549158163264
af8fdb6b7cc73316503f,CMP-training-087.csv,4-5-6,3,StageMean,c00,False,95.1084,83.81549158163264
b138af2c252c3f59740c,CMP-training-014.csv,4-5-6,3,StageMean,c00,False,59.78145,83.81549158163264
b59d7181861c3ee9dcc5,CMP-training-087.csv,4-5-6,3,StageMean,c00,False,88.94625,83.81549158163264
b83fd1ebc6cb05ea1ba2,CMP-training-182.csv,4-5-6,3,StageMean,c00,False,86.64645,83.81549158163264
b98acf54ba03d672ee2e,CMP-training-087.csv,4-5-6,3,StageMean,c00,False,85.57245,83.81549158163264
ba91575922f48e08501f,CMP-training-087.csv,4-5-6,3,StageMean,c00,False,88.00155,83.81549158163264
bb263cad2fa0119d77a5,CMP-training-014.csv,4-5-6,3,StageMean,c00,False,60.10935,83.81549158163264
be0398524841bd482a1e,CMP-training-087.csv,4-5-6,3,StageMean,c00,False,87.1053,83.81549158163264
c104c86ea600e91c57d8,CMP-training-087.csv,4-5-6,3,StageMean,c00,False,91.79565,83.81549158163264
c4427fec6c51c99552d1,CMP-training-014.csv,4-5-6,3,StageMean,c00,False,69.28185,83.81549158163264
c59ddde0eb6a3fdb215a,CMP-training-087.csv,4-5-6,3,StageMean,c00,False,85.0212,83.81549158163264
ce5e77b0b38275d9a5d0,CMP-training-087.csv,4-5-6,3,StageMean,c00,False,91.6953,83.81549158163264
d31a8f1f04ad276b4bd9,CMP-training-087.csv,4-5-6,3,StageMean,c00,False,87.56835,83.81549158163264
d4f5c7dae132fc849ba7,CMP-training-014.csv,4-5-6,3,StageMean,c00,False,79.52355,83.81549158163264
df02440332f0633707f1,CMP-training-071.csv,4-5-6,3,StageMean,c00,False,64.90125,83.81549158163264
e0015240e4f54175ce77,CMP-training-182.csv,4-5-6,3,StageMean,c00,False,81.77625,83.81549158163264
e1a0fcc49052aeb97a42,CMP-training-014.csv,4-5-6,3,StageMean,c00,False,56.50905,83.81549158163264
e1bb389e545c22e6a350,CMP-training-087.csv,4-5-6,3,StageMean,c00,False,83.87505,83.81549158163264
e5785980221b076655cc,CMP-training-087.csv,4-5-6,3,StageMean,c00,False,95.66055,83.81549158163264
e723b0615d516d626705,CMP-training-087.csv,4-5-6,3,StageMean,c00,False,88.3725,83.81549158163264
ea21ab8875312c50a43e,CMP-training-087.csv,4-5-6,3,StageMean,c00,False,86.83545,83.81549158163264
ec3da436480713bcbb47,CMP-training-087.csv,4-5-6,3,StageMean,c00,False,87.9891,83.81549158163264
f0e7a965ef05b9e828cd,CMP-training-087.csv,4-5-6,3,StageMean,c00,False,72.50955,83.81549158163264
f350d4e7a2df45ab2248,CMP-training-087.csv,4-5-6,3,StageMean,c00,False,89.1222,83.81549158163264
f3eb594a997b078698b3,CMP-training-014.csv,4-5-6,3,StageMean,c00,False,60.3726,83.81549158163264
f62a490263a5fd11818c,CMP-training-087.csv,4-5-6,3,StageMean,c00,False,89.59815,83.81549158163264
f655dc637452f9c5a852,CMP-training-029.csv,4-5-6,3,StageMean,c00,False,72.3054,83.81549158163264
fa2d9e502e8654b0657e,CMP-training-087.csv,4-5-6,3,StageMean,c00,False,80.9979,83.81549158163264
fc44618a9cc329c1a3f4,CMP-training-087.csv,4-5-6,3,StageMean,c00,False,87.26715,83.81549158163264
01b7380184cf03c0bb58,CMP-training-087.csv,4-5-6,3,PrestonInspired,c01,False,89.037,79.74349580034934
04afdd1c439211c8389d,CMP-training-014.csv,4-5-6,3,PrestonInspired,c01,False,81.83385,70.74758706498592
0a2c26346b639a082c05,CMP-training-014.csv,4-5-6,3,PrestonInspired,c01,False,85.6827,74.12183475705999
0ac91e18581eb68c3b6e,CMP-training-087.csv,4-5-6,3,PrestonInspired,c01,False,87.4209,79.94036265879951
0b75c7c84f6e9d9a304a,CMP-training-087.csv,4-6,3,PrestonInspired,c01,False,86.31195,79.72533131998553
0d1331cbc24b3d76d48c,CMP-training-087.csv,4-5-6,3,PrestonInspired,c01,False,83.4507,79.52958122642012
0d912928e6272614a0c1,CMP-training-014.csv,4-5-6,3,PrestonInspired,c01,False,54.3072,68.75629133331402
0e9036b3ff0c9055aa30,CMP-training-071.csv,4-5-6,3,PrestonInspired,c01,False,66.4755,72.11640677948076
10e76beac988bc515e7c,CMP-training-087.csv,4-5-6,3,PrestonInspired,c01,False,74.44095,77.25633599254172
140fdf8f0a72735e6a9e,CMP-training-087.csv,4-5-6,3,PrestonInspired,c01,False,89.28975,77.61797240323084
1cc84c2531253c75b30f,CMP-training-087.csv,4-5-6,3,PrestonInspired,c01,False,84.82605,78.43781267334727
1cda59e55f763233455e,CMP-training-014.csv,4-5-6,3,PrestonInspired,c01,False,70.93395,71.86986739920559
1e2c3ea7007af687e32c,CMP-training-087.csv,4-5-6,3,PrestonInspired,c01,False,83.6733,78.71136004150674
1f1fdf0663be8a35c472,CMP-training-087.csv,4-5-6,3,PrestonInspired,c01,False,85.82955,80.5619229145812
224ba936b0adcd0d0089,CMP-training-087.csv,4-5-6,3,PrestonInspired,c01,False,88.53165,78.83977738001572
229b0f025b780a5c74bd,CMP-training-087.csv,4-5-6,3,PrestonInspired,c01,False,87.27075,77.17690312061848
22a7e66b953a4a37b7ff,CMP-training-087.csv,4-5-6,3,PrestonInspired,c01,False,85.4862,82.30769291439445
28b351aaa3c696b0d7d9,CMP-training-014.csv,4-5-6,3,PrestonInspired,c01,False,82.51935,73.72764870359582
2d9caeef18825482c0b3,CMP-training-014.csv,4-5-6,3,PrestonInspired,c01,False,69.39165,71.35818793675425
31016af190891e229488,CMP-training-067.csv,4-5-6,3,PrestonInspired,c01,False,68.93775,72.35079641128067
31a27cc61f0ac68b284a,CMP-training-087.csv,4-5-6,3,PrestonInspired,c01,False,96.5514,82.29288864564273
31c68c2da2f809e1093b,CMP-training-087.csv,4-5-6,3,PrestonInspired,c01,False,86.9703,78.36237826480053
34f310178e075d99205a,CMP-training-087.csv,4-5-6,3,PrestonInspired,c01,False,85.10355,77.78102044187044
3726147fdb3581d7a621,CMP-training-014.csv,4-5-6,3,PrestonInspired,c01,False,68.8011,71.6009003849024
3841eeb50e1c679c03fa,CMP-training-014.csv,4-5-6,3,PrestonInspired,c01,False,78.6462,70.2281878912869
3f053a969d997439815a,CMP-training-087.csv,4-5-6,3,PrestonInspired,c01,False,85.67175,77.83544820652807
4181984f5129bb85acc8,CMP-training-087.csv,4-5-6,3,PrestonInspired,c01,False,85.69455,80.39374098087765
481536a8677e2cee6651,CMP-training-087.csv,4-5-6,3,PrestonInspired,c01,False,73.40715,77.32274964400696
55f9f8d9c9c022bfebe4,CMP-training-014.csv,4-5-6,3,PrestonInspired,c01,False,59.48385,70.25034175311356
57aa3e4509af876c48b5,CMP-training-087.csv,4-5-6,3,PrestonInspired,c01,False,92.02575,78.6080070596019
5c871ee84ce9e11a614a,CMP-training-018.csv,4-5-6,3,PrestonInspired,c01,False,87.85365,72.92238624035419
5fbcfd19bb7d3e1a25ac,CMP-training-087.csv,4-5-6,3,PrestonInspired,c01,False,86.59425,78.46236008146003
60c3f4448743be082754,CMP-training-087.csv,4-5-6,3,PrestonInspired,c01,False,91.7526,78.03295606037615
62e38bba327a1002cd87,CMP-training-087.csv,4-5-6,3,PrestonInspired,c01,False,78.7572,79.57310830936052
62fb834dea27588c190a,CMP-training-087.csv,4-5-6,3,PrestonInspired,c01,False,84.01875,78.12217523906082
681c1c9c22d0c70fbcd5,CMP-training-087.csv,4-5-6,3,PrestonInspired,c01,False,87.0621,78.93590570419778
68580354e5144ef1dd46,CMP-training-014.csv,4-5-6,3,PrestonInspired,c01,False,59.8281,67.74974542639929
6979b8f025ae78e6fa07,CMP-training-087.csv,4-5-6,3,PrestonInspired,c01,False,84.54945,77.60217872366067
699940e90312cc265fe4,CMP-training-087.csv,4-5-6,3,PrestonInspired,c01,False,91.42335,78.42333920457334
6a24ee08890aaccbab59,CMP-training-014.csv,4-5-6,3,PrestonInspired,c01,False,59.27085,65.34390547636582
6e9fa8dca971de910b49,CMP-training-087.csv,4-5-6,3,PrestonInspired,c01,False,86.1207,78.44758245577421
6f93acfdf2128dc62734,CMP-training-087.csv,4-5-6,3,PrestonInspired,c01,False,83.07855,76.94384785379917
6fd61f57b65db9909f4e,CMP-training-087.csv,4-5-6,3,PrestonInspired,c01,False,83.71605,80.31972829019365
6ffeebeec6872f40e615,CMP-training-087.csv,4-5-6,3,PrestonInspired,c01,False,80.29665,77.74437713707582
71c47cdd099130d81726,CMP-training-087.csv,4-5-6,3,PrestonInspired,c01,False,87.5745,78.04903387944326
749b3a238fe49f369fe6,CMP-training-087.csv,4-5-6,3,PrestonInspired,c01,False,81.06,80.1599118516402
7540e22cad3ceb061079,CMP-training-014.csv,4-5-6,3,PrestonInspired,c01,False,60.7173,66.5402959342859
78f0c2e5cda9415ecec3,CMP-training-087.csv,4,3,PrestonInspired,c01,False,73.1484,74.76639130431711
7936d91f10be14d89df3,CMP-training-029.csv,4-5-6,3,PrestonInspired,c01,False,71.3148,72.23250984648875
7ecd59b97bf6a9ca99f7,CMP-training-029.csv,4-5-6,3,PrestonInspired,c01,False,72.45435,75.86012149059567
80f1b955eb93b1dd3566,CMP-training-087.csv,4-5-6,3,PrestonInspired,c01,False,80.4021,73.31197669820051
812c6b527d794408bcdb,CMP-training-014.csv,4-5-6,3,PrestonInspired,c01,False,63.99765,72.73187801017967
81bbf59aff29dd99a51d,CMP-training-014.csv,4-5-6,3,PrestonInspired,c01,False,57.58005,65.97411914538496
8548af404911eb2ffa46,CMP-training-087.csv,4-5-6,3,PrestonInspired,c01,False,80.18385,77.91422735786027
85614a746352d5cd2a3e,CMP-training-014.csv,4-5-6,3,PrestonInspired,c01,False,74.18535,70.51223429561327
861f156ee6accea60cc5,CMP-training-182.csv,4-5-6,3,PrestonInspired,c01,False,85.26705,87.68511816678831
88d21a3ba36bc8b4514f,CMP-training-071.csv,4-5-6,3,PrestonInspired,c01,False,65.007,77.31970714214553
88e8675a59d4e5713eb7,CMP-training-087.csv,4-5-6,3,PrestonInspired,c01,False,80.6004,82.17210016266627
8ce28604617f8aabe03c,CMP-training-087.csv,4-5-6,3,PrestonInspired,c01,False,83.0055,78.26887283663456
953bc9f0e622d1e7df80,CMP-training-087.csv,4-5-6,3,PrestonInspired,c01,False,85.0308,78.27942330224181
982b6fc015c386d3c93d,CMP-training-087.csv,4-5-6,3,PrestonInspired,c01,False,87.69855,79.42485690528558
9ff293ca42a9fac00c5a,CMP-training-029.csv,4-5-6,3,PrestonInspired,c01,False,70.425,72.11979442642404
a47109d0499cbbfd1dbc,CMP-training-087.csv,4-5-6,3,PrestonInspired,c01,False,90.76995,77.19035417895873
a6ea3a5b7e17f4452ed0,CMP-training-029.csv,4-5-6,3,PrestonInspired,c01,False,73.42725,72.3019276267914
a8b83ac625d7b0994c82,CMP-training-087.csv,4-5-6,3,PrestonInspired,c01,False,81.7974,81.96812690718889
ac0b0c81d467e908f262,CMP-training-067.csv,4-5-6,3,PrestonInspired,c01,False,68.1342,71.03309297462464
ad1002f388a918ae688b,CMP-training-014.csv,4-5-6,3,PrestonInspired,c01,False,83.1564,72.19119702820426
ad62c398bab074e2b1e3,CMP-training-087.csv,4-5-6,3,PrestonInspired,c01,False,88.10025,78.35040420134442
af8fdb6b7cc73316503f,CMP-training-087.csv,4-5-6,3,PrestonInspired,c01,False,95.1084,79.98392244636467
b138af2c252c3f59740c,CMP-training-014.csv,4-5-6,3,PrestonInspired,c01,False,59.78145,73.8300824910223
b59d7181861c3ee9dcc5,CMP-training-087.csv,4-5-6,3,PrestonInspired,c01,False,88.94625,79.39076418502628
b83fd1ebc6cb05ea1ba2,CMP-training-182.csv,4-5-6,3,PrestonInspired,c01,False,86.64645,88.27096403366981
b98acf54ba03d672ee2e,CMP-training-087.csv,4-5-6,3,PrestonInspired,c01,False,85.57245,78.93743258705794
ba91575922f48e08501f,CMP-training-087.csv,4-5-6,3,PrestonInspired,c01,False,88.00155,80.43093689076505
bb263cad2fa0119d77a5,CMP-training-014.csv,4-5-6,3,PrestonInspired,c01,False,60.10935,65.81702551332619
be0398524841bd482a1e,CMP-training-087.csv,4-5-6,3,PrestonInspired,c01,False,87.1053,78.01674978774969
c104c86ea600e91c57d8,CMP-training-087.csv,4-5-6,3,PrestonInspired,c01,False,91.79565,72.43345660816446
c4427fec6c51c99552d1,CMP-training-014.csv,4-5-6,3,PrestonInspired,c01,False,69.28185,71.51651300343326
c59ddde0eb6a3fdb215a,CMP-training-087.csv,4-5-6,3,PrestonInspired,c01,False,85.0212,81.21680832327003
ce5e77b0b38275d9a5d0,CMP-training-087.csv,4-5-6,3,PrestonInspired,c01,False,91.6953,80.27409411533509
d31a8f1f04ad276b4bd9,CMP-training-087.csv,4-5-6,3,PrestonInspired,c01,False,87.56835,78.66746046805508
d4f5c7dae132fc849ba7,CMP-training-014.csv,4-5-6,3,PrestonInspired,c01,False,79.52355,70.96580217922708
df02440332f0633707f1,CMP-training-071.csv,4-5-6,3,PrestonInspired,c01,False,64.90125,78.62426178241206
e0015240e4f54175ce77,CMP-training-182.csv,4-5-6,3,PrestonInspired,c01,False,81.77625,90.53432518285962
e1a0fcc49052aeb97a42,CMP-training-014.csv,4-5-6,3,PrestonInspired,c01,False,56.50905,65.00861324125508
e1bb389e545c22e6a350,CMP-training-087.csv,4-5-6,3,PrestonInspired,c01,False,83.87505,80.04108966079465
e5785980221b076655cc,CMP-training-087.csv,4-5-6,3,PrestonInspired,c01,False,95.66055,80.40299563436326
e723b0615d516d626705,CMP-training-087.csv,4-5-6,3,PrestonInspired,c01,False,88.3725,79.23078914257951
ea21ab8875312c50a43e,CMP-training-087.csv,4-5-6,3,PrestonInspired,c01,False,86.83545,78.842406100505
ec3da436480713bcbb47,CMP-training-087.csv,4-5-6,3,PrestonInspired,c01,False,87.9891,78.89571445627621
f0e7a965ef05b9e828cd,CMP-training-087.csv,4-5-6,3,PrestonInspired,c01,False,72.50955,75.09484032110416
f350d4e7a2df45ab2248,CMP-training-087.csv,4-5-6,3,PrestonInspired,c01,False,89.1222,79.9205845749284
f3eb594a997b078698b3,CMP-training-014.csv,4-5-6,3,PrestonInspired,c01,False,60.3726,65.82561101648194
f62a490263a5fd11818c,CMP-training-087.csv,4-5-6,3,PrestonInspired,c01,False,89.59815,82.16393209278903
f655dc637452f9c5a852,CMP-training-029.csv,4-5-6,3,PrestonInspired,c01,False,72.3054,70.30784896581581
fa2d9e502e8654b0657e,CMP-training-087.csv,4-5-6,3,PrestonInspired,c01,False,80.9979,80.76853919520167
fc44618a9cc329c1a3f4,CMP-training-087.csv,4-5-6,3,PrestonInspired,c01,False,87.26715,77.21179918436835
01b7380184cf03c0bb58,CMP-training-087.csv,4-5-6,3,Physics+CatBoost,c20,False,89.037,85.92533641409055
04afdd1c439211c8389d,CMP-training-014.csv,4-5-6,3,Physics+CatBoost,c20,False,81.83385,65.97235912535356
0a2c26346b639a082c05,CMP-training-014.csv,4-5-6,3,Physics+CatBoost,c20,False,85.6827,68.3555086763368
0ac91e18581eb68c3b6e,CMP-training-087.csv,4-5-6,3,Physics+CatBoost,c20,False,87.4209,83.99145305848161
0b75c7c84f6e9d9a304a,CMP-training-087.csv,4-6,3,Physics+CatBoost,c20,False,86.31195,85.20803436063827
0d1331cbc24b3d76d48c,CMP-training-087.csv,4-5-6,3,Physics+CatBoost,c20,False,83.4507,81.66117503987802
0d912928e6272614a0c1,CMP-training-014.csv,4-5-6,3,Physics+CatBoost,c20,False,54.3072,65.26660018755629
0e9036b3ff0c9055aa30,CMP-training-071.csv,4-5-6,3,Physics+CatBoost,c20,False,66.4755,72.3099652502541
10e76beac988bc515e7c,CMP-training-087.csv,4-5-6,3,Physics+CatBoost,c20,False,74.44095,75.61383538974653
140fdf8f0a72735e6a9e,CMP-training-087.csv,4-5-6,3,Physics+CatBoost,c20,False,89.28975,80.9111200999016
1cc84c2531253c75b30f,CMP-training-087.csv,4-5-6,3,Physics+CatBoost,c20,False,84.82605,82.32333613135502
1cda59e55f763233455e,CMP-training-014.csv,4-5-6,3,Physics+CatBoost,c20,False,70.93395,63.79353555406007
1e2c3ea7007af687e32c,CMP-training-087.csv,4-5-6,3,Physics+CatBoost,c20,False,83.6733,79.87456838685667
1f1fdf0663be8a35c472,CMP-training-087.csv,4-5-6,3,Physics+CatBoost,c20,False,85.82955,84.64947770991442
224ba936b0adcd0d0089,CMP-training-087.csv,4-5-6,3,Physics+CatBoost,c20,False,88.53165,81.92622032706272
229b0f025b780a5c74bd,CMP-training-087.csv,4-5-6,3,Physics+CatBoost,c20,False,87.27075,81.44181905950407
22a7e66b953a4a37b7ff,CMP-training-087.csv,4-5-6,3,Physics+CatBoost,c20,False,85.4862,87.28911368920704
28b351aaa3c696b0d7d9,CMP-training-014.csv,4-5-6,3,Physics+CatBoost,c20,False,82.51935,68.71836132028974
2d9caeef18825482c0b3,CMP-training-014.csv,4-5-6,3,Physics+CatBoost,c20,False,69.39165,64.94387465966011
31016af190891e229488,CMP-training-067.csv,4-5-6,3,Physics+CatBoost,c20,False,68.93775,73.96415795264367
31a27cc61f0ac68b284a,CMP-training-087.csv,4-5-6,3,Physics+CatBoost,c20,False,96.5514,89.26110717135671
31c68c2da2f809e1093b,CMP-training-087.csv,4-5-6,3,Physics+CatBoost,c20,False,86.9703,85.23963426040845
34f310178e075d99205a,CMP-training-087.csv,4-5-6,3,Physics+CatBoost,c20,False,85.10355,81.8032452608893
3726147fdb3581d7a621,CMP-training-014.csv,4-5-6,3,Physics+CatBoost,c20,False,68.8011,62.93200252474014
3841eeb50e1c679c03fa,CMP-training-014.csv,4-5-6,3,Physics+CatBoost,c20,False,78.6462,67.37635159332177
3f053a969d997439815a,CMP-training-087.csv,4-5-6,3,Physics+CatBoost,c20,False,85.67175,81.1399792205644
4181984f5129bb85acc8,CMP-training-087.csv,4-5-6,3,Physics+CatBoost,c20,False,85.69455,85.16639477256284
481536a8677e2cee6651,CMP-training-087.csv,4-5-6,3,Physics+CatBoost,c20,False,73.40715,72.20552974013154
55f9f8d9c9c022bfebe4,CMP-training-014.csv,4-5-6,3,Physics+CatBoost,c20,False,59.48385,68.10836763038861
57aa3e4509af876c48b5,CMP-training-087.csv,4-5-6,3,Physics+CatBoost,c20,False,92.02575,87.4525189970549
5c871ee84ce9e11a614a,CMP-training-018.csv,4-5-6,3,Physics+CatBoost,c20,False,87.85365,70.93416684200216
5fbcfd19bb7d3e1a25ac,CMP-training-087.csv,4-5-6,3,Physics+CatBoost,c20,False,86.59425,82.89894731626093
60c3f4448743be082754,CMP-training-087.csv,4-5-6,3,Physics+CatBoost,c20,False,91.7526,83.87254141352386
62e38bba327a1002cd87,CMP-training-087.csv,4-5-6,3,Physics+CatBoost,c20,False,78.7572,81.33608597062802
62fb834dea27588c190a,CMP-training-087.csv,4-5-6,3,Physics+CatBoost,c20,False,84.01875,82.99077553641068
681c1c9c22d0c70fbcd5,CMP-training-087.csv,4-5-6,3,Physics+CatBoost,c20,False,87.0621,81.16359442914738
68580354e5144ef1dd46,CMP-training-014.csv,4-5-6,3,Physics+CatBoost,c20,False,59.8281,67.42767664954502
6979b8f025ae78e6fa07,CMP-training-087.csv,4-5-6,3,Physics+CatBoost,c20,False,84.54945,81.37997851105393
699940e90312cc265fe4,CMP-training-087.csv,4-5-6,3,Physics+CatBoost,c20,False,91.42335,83.8808269186506
6a24ee08890aaccbab59,CMP-training-014.csv,4-5-6,3,Physics+CatBoost,c20,False,59.27085,64.61822976241976
6e9fa8dca971de910b49,CMP-training-087.csv,4-5-6,3,Physics+CatBoost,c20,False,86.1207,83.38245581280677
6f93acfdf2128dc62734,CMP-training-087.csv,4-5-6,3,Physics+CatBoost,c20,False,83.07855,81.21235522331972
6fd61f57b65db9909f4e,CMP-training-087.csv,4-5-6,3,Physics+CatBoost,c20,False,83.71605,80.12592435626057
6ffeebeec6872f40e615,CMP-training-087.csv,4-5-6,3,Physics+CatBoost,c20,False,80.29665,80.62408388767663
71c47cdd099130d81726,CMP-training-087.csv,4-5-6,3,Physics+CatBoost,c20,False,87.5745,83.46452710911707
749b3a238fe49f369fe6,CMP-training-087.csv,4-5-6,3,Physics+CatBoost,c20,False,81.06,81.58282361023967
7540e22cad3ceb061079,CMP-training-014.csv,4-5-6,3,Physics+CatBoost,c20,False,60.7173,63.229140434788306
78f0c2e5cda9415ecec3,CMP-training-087.csv,4,3,Physics+CatBoost,c20,False,73.1484,70.75730723888717
7936d91f10be14d89df3,CMP-training-029.csv,4-5-6,3,Physics+CatBoost,c20,False,71.3148,65.13306162986424
7ecd59b97bf6a9ca99f7,CMP-training-029.csv,4-5-6,3,Physics+CatBoost,c20,False,72.45435,65.14174651679026
80f1b955eb93b1dd3566,CMP-training-087.csv,4-5-6,3,Physics+CatBoost,c20,False,80.4021,79.45105080164133
812c6b527d794408bcdb,CMP-training-014.csv,4-5-6,3,Physics+CatBoost,c20,False,63.99765,63.46881837889856
81bbf59aff29dd99a51d,CMP-training-014.csv,4-5-6,3,Physics+CatBoost,c20,False,57.58005,62.688341418909225
8548af404911eb2ffa46,CMP-training-087.csv,4-5-6,3,Physics+CatBoost,c20,False,80.18385,80.62063592484229
85614a746352d5cd2a3e,CMP-training-014.csv,4-5-6,3,Physics+CatBoost,c20,False,74.18535,64.01752550212646
861f156ee6accea60cc5,CMP-training-182.csv,4-5-6,3,Physics+CatBoost,c20,False,85.26705,86.63627351107387
88d21a3ba36bc8b4514f,CMP-training-071.csv,4-5-6,3,Physics+CatBoost,c20,False,65.007,73.85761732201344
88e8675a59d4e5713eb7,CMP-training-087.csv,4-5-6,3,Physics+CatBoost,c20,False,80.6004,82.40664838293529
8ce28604617f8aabe03c,CMP-training-087.csv,4-5-6,3,Physics+CatBoost,c20,False,83.0055,83.06719241677565
953bc9f0e622d1e7df80,CMP-training-087.csv,4-5-6,3,Physics+CatBoost,c20,False,85.0308,81.51887344052354
982b6fc015c386d3c93d,CMP-training-087.csv,4-5-6,3,Physics+CatBoost,c20,False,87.69855,83.51638348094558
9ff293ca42a9fac00c5a,CMP-training-029.csv,4-5-6,3,Physics+CatBoost,c20,False,70.425,62.50258955155664
a47109d0499cbbfd1dbc,CMP-training-087.csv,4-5-6,3,Physics+CatBoost,c20,False,90.76995,81.77767278252219
a6ea3a5b7e17f4452ed0,CMP-training-029.csv,4-5-6,3,Physics+CatBoost,c20,False,73.42725,64.01421393548296
a8b83ac625d7b0994c82,CMP-training-087.csv,4-5-6,3,Physics+CatBoost,c20,False,81.7974,85.12358802165618
ac0b0c81d467e908f262,CMP-training-067.csv,4-5-6,3,Physics+CatBoost,c20,False,68.1342,76.77373704451539
ad1002f388a918ae688b,CMP-training-014.csv,4-5-6,3,Physics+CatBoost,c20,False,83.1564,73.0439981485126
ad62c398bab074e2b1e3,CMP-training-087.csv,4-5-6,3,Physics+CatBoost,c20,False,88.10025,83.44653667259567
af8fdb6b7cc73316503f,CMP-training-087.csv,4-5-6,3,Physics+CatBoost,c20,False,95.1084,87.85592069933892
b138af2c252c3f59740c,CMP-training-014.csv,4-5-6,3,Physics+CatBoost,c20,False,59.78145,64.48038936850864
b59d7181861c3ee9dcc5,CMP-training-087.csv,4-5-6,3,Physics+CatBoost,c20,False,88.94625,85.47443481690459
b83fd1ebc6cb05ea1ba2,CMP-training-182.csv,4-5-6,3,Physics+CatBoost,c20,False,86.64645,88.59041946024892
b98acf54ba03d672ee2e,CMP-training-087.csv,4-5-6,3,Physics+CatBoost,c20,False,85.57245,75.9388791383091
ba91575922f48e08501f,CMP-training-087.csv,4-5-6,3,Physics+CatBoost,c20,False,88.00155,85.83570560519243
bb263cad2fa0119d77a5,CMP-training-014.csv,4-5-6,3,Physics+CatBoost,c20,False,60.10935,63.18559274487664
be0398524841bd482a1e,CMP-training-087.csv,4-5-6,3,Physics+CatBoost,c20,False,87.1053,83.17632575514979
c104c86ea600e91c57d8,CMP-training-087.csv,4-5-6,3,Physics+CatBoost,c20,False,91.79565,73.76163450248383
c4427fec6c51c99552d1,CMP-training-014.csv,4-5-6,3,Physics+CatBoost,c20,False,69.28185,61.265616368555136
c59ddde0eb6a3fdb215a,CMP-training-087.csv,4-5-6,3,Physics+CatBoost,c20,False,85.0212,86.84252980395446
ce5e77b0b38275d9a5d0,CMP-training-087.csv,4-5-6,3,Physics+CatBoost,c20,False,91.6953,87.22493119752757
d31a8f1f04ad276b4bd9,CMP-training-087.csv,4-5-6,3,Physics+CatBoost,c20,False,87.56835,78.80595815458514
d4f5c7dae132fc849ba7,CMP-training-014.csv,4-5-6,3,Physics+CatBoost,c20,False,79.52355,68.45530221900833
df02440332f0633707f1,CMP-training-071.csv,4-5-6,3,Physics+CatBoost,c20,False,64.90125,74.11014675406777
e0015240e4f54175ce77,CMP-training-182.csv,4-5-6,3,Physics+CatBoost,c20,False,81.77625,90.61934237365652
e1a0fcc49052aeb97a42,CMP-training-014.csv,4-5-6,3,Physics+CatBoost,c20,False,56.50905,64.64745234353092
e1bb389e545c22e6a350,CMP-training-087.csv,4-5-6,3,Physics+CatBoost,c20,False,83.87505,85.21853169098014
e5785980221b076655cc,CMP-training-087.csv,4-5-6,3,Physics+CatBoost,c20,False,95.66055,89.1703900136187
e723b0615d516d626705,CMP-training-087.csv,4-5-6,3,Physics+CatBoost,c20,False,88.3725,87.37357303324345
ea21ab8875312c50a43e,CMP-training-087.csv,4-5-6,3,Physics+CatBoost,c20,False,86.83545,76.81084639852882
ec3da436480713bcbb47,CMP-training-087.csv,4-5-6,3,Physics+CatBoost,c20,False,87.9891,80.10623131813061
f0e7a965ef05b9e828cd,CMP-training-087.csv,4-5-6,3,Physics+CatBoost,c20,False,72.50955,76.06938556205905
f350d4e7a2df45ab2248,CMP-training-087.csv,4-5-6,3,Physics+CatBoost,c20,False,89.1222,87.95707196649374
f3eb594a997b078698b3,CMP-training-014.csv,4-5-6,3,Physics+CatBoost,c20,False,60.3726,62.70364513741069
f62a490263a5fd11818c,CMP-training-087.csv,4-5-6,3,Physics+CatBoost,c20,False,89.59815,90.90791781322201
f655dc637452f9c5a852,CMP-training-029.csv,4-5-6,3,Physics+CatBoost,c20,False,72.3054,62.62204233070276
fa2d9e502e8654b0657e,CMP-training-087.csv,4-5-6,3,Physics+CatBoost,c20,False,80.9979,82.09918033173034
fc44618a9cc329c1a3f4,CMP-training-087.csv,4-5-6,3,Physics+CatBoost,c20,False,87.26715,79.66208955682919
00289eb3ee0e7914fdc2,CMP-training-072.csv,4-5-6,4,XGBoost,c08,True,79.41285,79.58917236328125
0044f341f2ed7a7e2879,CMP-training-072.csv,4-5-6,4,XGBoost,c08,True,73.24545,64.23719787597656
014746cf9bda1cedc2ba,CMP-training-072.csv,4-5-6,4,XGBoost,c08,True,72.30285,82.39666748046875
025b74b54e01e57dc2bb,CMP-training-172.csv,4-5-6,4,XGBoost,c08,True,94.39935,85.63358306884766
026071fc4e76d9c91c7e,CMP-training-172.csv,4-5-6,4,XGBoost,c08,True,87.5946,84.47016906738281
0420a570f80294a53cb8,CMP-training-072.csv,4-5-6,4,XGBoost,c08,True,84.86895,85.20233154296875
05e91efcdd396502efce,CMP-training-072.csv,4-5-6,4,XGBoost,c08,True,79.26135,80.0011215209961
07f829e49f3308e6a223,CMP-training-072.csv,4-5-6,4,XGBoost,c08,True,74.9574,72.21156311035156
148cc533345063ad8969,CMP-training-172.csv,4-5-6,4,XGBoost,c08,True,87.5064,86.99370574951172
1553a3a5391275d7109d,CMP-training-072.csv,4-5-6,4,XGBoost,c08,True,79.38495,78.7343978881836
184127e4e5651dda328e,CMP-training-072.csv,4-5-6,4,XGBoost,c08,True,83.4648,83.24287414550781
18c814cfb1f440d688f4,CMP-training-172.csv,4-5-6,4,XGBoost,c08,True,91.42185,90.9866714477539
1c3fed56ec689cd57c10,CMP-training-072.csv,4-5-6,4,XGBoost,c08,True,79.80435,82.76753997802734
1c6e4907a950418bc00c,CMP-training-072.csv,4-5-6,4,XGBoost,c08,True,82.99275,81.5960464477539
1e695550f4e025f3eb4f,CMP-training-172.csv,4-5-6,4,XGBoost,c08,True,89.90775,89.21405792236328
20613d7aca4cdedd96ba,CMP-training-072.csv,4-5-6,4,XGBoost,c08,True,75.7299,81.0556411743164
21117a366efd44d968f6,CMP-training-072.csv,4-5-6,4,XGBoost,c08,True,79.22415,77.03683471679688
231fa13466e8969f19db,CMP-training-172.csv,4-5-6,4,XGBoost,c08,True,77.36895,83.302490234375
2529d5d4a0dbf3e80daf,CMP-training-172.csv,4-5-6,4,XGBoost,c08,True,86.5329,85.89326477050781
2a3756ecf573ca5fb122,CMP-training-172.csv,4-5-6,4,XGBoost,c08,True,89.34975,89.40218353271484
2cc94b2b7728541f8861,CMP-training-172.csv,4-5-6,4,XGBoost,c08,True,87.23535,86.12105560302734
2eab6eb436c3e259dd8d,CMP-training-172.csv,4-5-6,4,XGBoost,c08,True,88.36095,85.10440063476562
32a81843125fe49a9351,CMP-training-072.csv,4-5-6,4,XGBoost,c08,True,76.95825,71.15653228759766
3af4fea4fd4d16a1c8d0,CMP-training-072.csv,4-5-6,4,XGBoost,c08,True,77.9922,81.75711059570312
3bd1069c1c829a2ca0da,CMP-training-072.csv,4-5-6,4,XGBoost,c08,True,84.0453,84.67391967773438
3cb9401b01865f958ecf,CMP-training-072.csv,4-5-6,4,XGBoost,c08,True,72.0225,64.8531494140625
3d9dc3b8032cead14c80,CMP-training-172.csv,4-5-6,4,XGBoost,c08,True,88.18395,86.05782318115234
3e8cd90ff912a0de928a,CMP-training-172.csv,4-5-6,4,XGBoost,c08,True,88.15185,86.04965209960938
3f5bfa850d18f20d4fb2,CMP-training-072.csv,4-5-6,4,XGBoost,c08,True,70.3251,74.17364501953125
3fbac532c45b9fbe0efa,CMP-training-072.csv,4-5-6,4,XGBoost,c08,True,83.64375,81.15216827392578
4071d38d9469e642c058,CMP-training-072.csv,4-5-6,4,XGBoost,c08,True,81.73245,84.2979965209961
41f9196246973f9d4299,CMP-training-172.csv,4-5-6,4,XGBoost,c08,True,89.0343,90.33413696289062
42c6318158bf05f3bc60,CMP-training-172.csv,4-5-6,4,XGBoost,c08,True,88.5447,86.8507080078125
44aabafc8229235e609c,CMP-training-172.csv,4-5-6,4,XGBoost,c08,True,86.4036,86.0953369140625
469fe532a3eb0c1295ef,CMP-training-072.csv,4-5-6,4,XGBoost,c08,True,73.97565,68.23297119140625
5ed80e7586cbde7cf1a5,CMP-training-072.csv,4-5-6,4,XGBoost,c08,True,81.36645,82.01879119873047
60b45564bbfba6195bda,CMP-training-072.csv,4-5-6,4,XGBoost,c08,True,76.1109,83.41258239746094
61b96069cda3fc5d7af1,CMP-training-172.csv,4-5-6,4,XGBoost,c08,True,84.94215,85.01183319091797
64e55696aaaf10847115,CMP-training-172.csv,4-5-6,4,XGBoost,c08,True,89.39055,84.0604019165039
661374271278d0161afd,CMP-training-172.csv,4-5-6,4,XGBoost,c08,True,88.9599,82.0536117553711
69d4050e3444b11756f0,CMP-training-172.csv,4-5-6,4,XGBoost,c08,True,91.93665,87.17317962646484
6ea75e8be0c5e05fade9,CMP-training-072.csv,4-5-6,4,XGBoost,c08,True,73.41675,67.66714477539062
6f0a92816c260d2ea1e9,CMP-training-072.csv,4-5-6,4,XGBoost,c08,True,82.1631,83.99419403076172
70fa01ac459d75c29619,CMP-training-172.csv,4-5-6,4,XGBoost,c08,True,97.2468,92.09164428710938
777ffd5adb682574ea5d,CMP-training-072.csv,4-5-6,4,XGBoost,c08,True,80.36835,78.64966583251953
77bcbcf9c247415a6cef,CMP-training-172.csv,4-5-6,4,XGBoost,c08,True,83.3088,87.8594970703125
77d1121be7058f070273,CMP-training-072.csv,4-5-6,4,XGBoost,c08,True,84.2412,84.17855834960938
7bf3c07686d4ffa04fc0,CMP-training-172.csv,4-5-6,4,XGBoost,c08,True,91.3503,90.43363952636719
7c13d2432c634987725e,CMP-training-072.csv,4-5-6,4,XGBoost,c08,True,82.3443,83.001708984375
7cbe15e73e08d27d2372,CMP-training-072.csv,4-5-6,4,XGBoost,c08,True,68.7492,71.43631744384766
7ce6b784155ee595c853,CMP-training-172.csv,4-5-6,4,XGBoost,c08,True,87.93255,87.39019775390625
81816c0a630607bac6d3,CMP-training-072.csv,4-5-6,4,XGBoost,c08,True,78.3654,73.20967102050781
83af60abcd9088be2636,CMP-training-172.csv,4-5-6,4,XGBoost,c08,True,89.87895,86.40089416503906
83c6242d2df88f297292,CMP-training-172.csv,4-5-6,4,XGBoost,c08,True,88.94865,86.95413208007812
8b111f0642b1df7ca768,CMP-training-072.csv,4-5-6,4,XGBoost,c08,True,80.89155,76.23912811279297
8e52c26bcfb416bff2f8,CMP-training-072.csv,4-5-6,4,XGBoost,c08,True,78.57975,78.15563201904297
92a9ba3a3462d74fa765,CMP-training-072.csv,4-5-6,4,XGBoost,c08,True,78.2172,70.61519622802734
92c623cbf5e9c180e8c2,CMP-training-072.csv,4-5-6,4,XGBoost,c08,True,80.3745,83.2391357421875
95f3b01e549a5cad615b,CMP-training-072.csv,4-5-6,4,XGBoost,c08,True,78.91125,81.95228576660156
99ae8b780ca33195500f,CMP-training-072.csv,4-5-6,4,XGBoost,c08,True,78.2316,83.74452209472656
9c2030ee3d15c0cc9319,CMP-training-072.csv,4-5-6,4,XGBoost,c08,True,78.5286,80.17273712158203
9d612778fac72ebccef2,CMP-training-072.csv,4-5-6,4,XGBoost,c08,True,73.9884,81.40776824951172
a01794651794e191cc5a,CMP-training-072.csv,4-5-6,4,XGBoost,c08,True,78.95955,80.78010559082031
a227c836484067740bbf,CMP-training-072.csv,4-5-6,4,XGBoost,c08,True,75.7992,80.83397674560547
a409009e64a69ad11399,CMP-training-072.csv,4-5-6,4,XGBoost,c08,True,76.24185,71.53900909423828
a515fb8a36b29d7016ce,CMP-training-072.csv,4-5-6,4,XGBoost,c08,True,80.8818,74.57074737548828
a535eb6c49e22f76e75e,CMP-training-172.csv,4-5-6,4,XGBoost,c08,True,94.43955,85.95138549804688
a5e299d9e5dfcafb19a2,CMP-training-172.csv,4-5-6,4,XGBoost,c08,True,91.94895,86.59471130371094
a5f11799d424f1d5b54e,CMP-training-172.csv,4-5-6,4,XGBoost,c08,True,95.60205,87.5341567993164
a650668bad53ca970e9e,CMP-training-072.csv,4-5-6,4,XGBoost,c08,True,78.04575,73.21813201904297
a7aa024b03136b75207c,CMP-training-072.csv,4-5-6,4,XGBoost,c08,True,74.3157,76.50080108642578
a82b217d71ade5180a5f,CMP-training-172.csv,4-5-6,4,XGBoost,c08,True,86.2092,85.5082778930664
acecdfd90daf157bf752,CMP-training-072.csv,4-5-6,4,XGBoost,c08,True,76.53525,81.92732238769531
b026833f4b1f1776dd36,CMP-training-072.csv,4-5-6,4,XGBoost,c08,True,78.2958,75.45724487304688
b3c7600fe9562fe38a90,CMP-training-072.csv,4-5-6,4,XGBoost,c08,True,79.8621,81.03628540039062
b426a521f8ee659c4136,CMP-training-172.csv,4-5-6,4,XGBoost,c08,True,83.7024,86.68801879882812
b5b2aa67bd8624ac5c2d,CMP-training-172.csv,4-5-6,4,XGBoost,c08,True,85.0875,87.88571166992188
b84d284eff85ab45d45b,CMP-training-172.csv,4-5-6,4,XGBoost,c08,True,87.8307,87.2620620727539
bb87749ca11c8676997b,CMP-training-072.csv,4-5-6,4,XGBoost,c08,True,70.01865,65.58948516845703
bdc3b74e17d971dd7fc1,CMP-training-172.csv,4-5-6,4,XGBoost,c08,True,91.86645,89.56688690185547
becf7091bf2cfa7a5ec4,CMP-training-172.csv,4-5-6,4,XGBoost,c08,True,86.4978,87.521484375
c050a6c620e770513657,CMP-training-072.csv,4-5-6,4,XGBoost,c08,True,85.2246,85.50530242919922
c105463e7c9c436e5eaa,CMP-training-072.csv,4-5-6,4,XGBoost,c08,True,81.83835,84.98169708251953
c2f47b6c3132908e5a24,CMP-training-072.csv,4-5-6,4,XGBoost,c08,True,74.8554,74.38082122802734
c322b8b6d189bae903b5,CMP-training-072.csv,4-5-6,4,XGBoost,c08,True,81.30195,86.41431427001953
c4079f7d9a90b61e1614,CMP-training-072.csv,4-5-6,4,XGBoost,c08,True,73.20885,75.44743347167969
c4a259a72b484c35e21f,CMP-training-172.csv,4-5-6,4,XGBoost,c08,True,81.41025,83.9258041381836
c8333b982d903608eca0,CMP-training-172.csv,4-5-6,4,XGBoost,c08,True,85.6857,83.30426025390625
c876e7b629376036a637,CMP-training-172.csv,4-5-6,4,XGBoost,c08,True,89.3127,87.82025909423828
c8d0eb2d8197750d2791,CMP-training-172.csv,4-5-6,4,XGBoost,c08,True,85.68105,81.42969512939453
c9fbd843b58d5b0ac58e,CMP-training-172.csv,4-5-6,4,XGBoost,c08,True,87.52425,85.82733154296875
cfd347275ff40c458e05,CMP-training-172.csv,4-5-6,4,XGBoost,c08,True,85.40175,83.66642761230469
d4a9c565f0a055d7ee67,CMP-training-072.csv,4-5-6,4,XGBoost,c08,True,79.4604,81.05430603027344
d5c578b6a876bab44f50,CMP-training-172.csv,4-5-6,4,XGBoost,c08,True,87.43395,85.90296173095703
dd01f6bcecf2b5f8c921,CMP-training-072.csv,4-5-6,4,XGBoost,c08,True,73.1538,69.9924545288086
de259ed48afe0ce9c8ba,CMP-training-072.csv,4-5-6,4,XGBoost,c08,True,80.2518,81.60838317871094
e1d58c167e96659a5af8,CMP-training-072.csv,4-5-6,4,XGBoost,c08,True,82.54545,84.43547058105469
e2ed572c94573a3a9b3f,CMP-training-072.csv,4-5-6,4,XGBoost,c08,True,78.1854,80.61953735351562
e3111626d2dec47f0526,CMP-training-172.csv,4-5-6,4,XGBoost,c08,True,95.51445,90.74040985107422
e875d34f202aae8c7207,CMP-training-172.csv,4-5-6,4,XGBoost,c08,True,93.74595,88.17591094970703
e9e1d21267a96c705e79,CMP-training-072.csv,4-5-6,4,XGBoost,c08,True,81.4473,82.100341796875
00289eb3ee0e7914fdc2,CMP-training-072.csv,4-5-6,4,CatBoost,c09,False,79.41285,80.91806816930522
0044f341f2ed7a7e2879,CMP-training-072.csv,4-5-6,4,CatBoost,c09,False,73.24545,68.60361485596968
014746cf9bda1cedc2ba,CMP-training-072.csv,4-5-6,4,CatBoost,c09,False,72.30285,80.11180902556278
025b74b54e01e57dc2bb,CMP-training-172.csv,4-5-6,4,CatBoost,c09,False,94.39935,87.51904257026943
026071fc4e76d9c91c7e,CMP-training-172.csv,4-5-6,4,CatBoost,c09,False,87.5946,84.06691645114974
0420a570f80294a53cb8,CMP-training-072.csv,4-5-6,4,CatBoost,c09,False,84.86895,85.13514278688
05e91efcdd396502efce,CMP-training-072.csv,4-5-6,4,CatBoost,c09,False,79.26135,77.03788096513118
07f829e49f3308e6a223,CMP-training-072.csv,4-5-6,4,CatBoost,c09,False,74.9574,75.08098235178065
148cc533345063ad8969,CMP-training-172.csv,4-5-6,4,CatBoost,c09,False,87.5064,84.77359424973984
1553a3a5391275d7109d,CMP-training-072.csv,4-5-6,4,CatBoost,c09,False,79.38495,77.9797525724298
184127e4e5651dda328e,CMP-training-072.csv,4-5-6,4,CatBoost,c09,False,83.4648,82.03528803975992
18c814cfb1f440d688f4,CMP-training-172.csv,4-5-6,4,CatBoost,c09,False,91.42185,90.65730263844577
1c3fed56ec689cd57c10,CMP-training-072.csv,4-5-6,4,CatBoost,c09,False,79.80435,81.97627161952502
1c6e4907a950418bc00c,CMP-training-072.csv,4-5-6,4,CatBoost,c09,False,82.99275,82.04189944920218
1e695550f4e025f3eb4f,CMP-training-172.csv,4-5-6,4,CatBoost,c09,False,89.90775,88.97568644205928
20613d7aca4cdedd96ba,CMP-training-072.csv,4-5-6,4,CatBoost,c09,False,75.7299,80.50146503059244
21117a366efd44d968f6,CMP-training-072.csv,4-5-6,4,CatBoost,c09,False,79.22415,77.08145156155376
231fa13466e8969f19db,CMP-training-172.csv,4-5-6,4,CatBoost,c09,False,77.36895,84.05707162105001
2529d5d4a0dbf3e80daf,CMP-training-172.csv,4-5-6,4,CatBoost,c09,False,86.5329,83.77367788838963
2a3756ecf573ca5fb122,CMP-training-172.csv,4-5-6,4,CatBoost,c09,False,89.34975,89.16493444199969
2cc94b2b7728541f8861,CMP-training-172.csv,4-5-6,4,CatBoost,c09,False,87.23535,85.70527208489847
2eab6eb436c3e259dd8d,CMP-training-172.csv,4-5-6,4,CatBoost,c09,False,88.36095,85.64068205376378
32a81843125fe49a9351,CMP-training-072.csv,4-5-6,4,CatBoost,c09,False,76.95825,75.52465663961681
3af4fea4fd4d16a1c8d0,CMP-training-072.csv,4-5-6,4,CatBoost,c09,False,77.9922,80.44176169399434
3bd1069c1c829a2ca0da,CMP-training-072.csv,4-5-6,4,CatBoost,c09,False,84.0453,84.98065802061969
3cb9401b01865f958ecf,CMP-training-072.csv,4-5-6,4,CatBoost,c09,False,72.0225,69.08087104108444
3d9dc3b8032cead14c80,CMP-training-172.csv,4-5-6,4,CatBoost,c09,False,88.18395,84.88453077107485
3e8cd90ff912a0de928a,CMP-training-172.csv,4-5-6,4,CatBoost,c09,False,88.15185,86.38421464634106
3f5bfa850d18f20d4fb2,CMP-training-072.csv,4-5-6,4,CatBoost,c09,False,70.3251,77.91192195359397
3fbac532c45b9fbe0efa,CMP-training-072.csv,4-5-6,4,CatBoost,c09,False,83.64375,80.18090118177159
4071d38d9469e642c058,CMP-training-072.csv,4-5-6,4,CatBoost,c09,False,81.73245,84.91930491173133
41f9196246973f9d4299,CMP-training-172.csv,4-5-6,4,CatBoost,c09,False,89.0343,89.48407778568723
42c6318158bf05f3bc60,CMP-training-172.csv,4-5-6,4,CatBoost,c09,False,88.5447,86.53094970380444
44aabafc8229235e609c,CMP-training-172.csv,4-5-6,4,CatBoost,c09,False,86.4036,86.41071581872802
469fe532a3eb0c1295ef,CMP-training-072.csv,4-5-6,4,CatBoost,c09,False,73.97565,70.53264147211095
5ed80e7586cbde7cf1a5,CMP-training-072.csv,4-5-6,4,CatBoost,c09,False,81.36645,81.1444409310791
60b45564bbfba6195bda,CMP-training-072.csv,4-5-6,4,CatBoost,c09,False,76.1109,81.0940734127538
61b96069cda3fc5d7af1,CMP-training-172.csv,4-5-6,4,CatBoost,c09,False,84.94215,83.0320962539557
64e55696aaaf10847115,CMP-training-172.csv,4-5-6,4,CatBoost,c09,False,89.39055,84.13952636695434
661374271278d0161afd,CMP-training-172.csv,4-5-6,4,CatBoost,c09,False,88.9599,82.74065135131137
69d4050e3444b11756f0,CMP-training-172.csv,4-5-6,4,CatBoost,c09,False,91.93665,87.70556998480969
6ea75e8be0c5e05fade9,CMP-training-072.csv,4-5-6,4,CatBoost,c09,False,73.41675,72.41567738350628
6f0a92816c260d2ea1e9,CMP-training-072.csv,4-5-6,4,CatBoost,c09,False,82.1631,83.9210893256868
70fa01ac459d75c29619,CMP-training-172.csv,4-5-6,4,CatBoost,c09,False,97.2468,90.14748792731932
777ffd5adb682574ea5d,CMP-training-072.csv,4-5-6,4,CatBoost,c09,False,80.36835,79.55490572561209
77bcbcf9c247415a6cef,CMP-training-172.csv,4-5-6,4,CatBoost,c09,False,83.3088,88.93906445031382
77d1121be7058f070273,CMP-training-072.csv,4-5-6,4,CatBoost,c09,False,84.2412,84.20021313528024
7bf3c07686d4ffa04fc0,CMP-training-172.csv,4-5-6,4,CatBoost,c09,False,91.3503,90.47439193749457
7c13d2432c634987725e,CMP-training-072.csv,4-5-6,4,CatBoost,c09,False,82.3443,82.03376427601701
7cbe15e73e08d27d2372,CMP-training-072.csv,4-5-6,4,CatBoost,c09,False,68.7492,75.06999750020036
7ce6b784155ee595c853,CMP-training-172.csv,4-5-6,4,CatBoost,c09,False,87.93255,86.7388882911207
81816c0a630607bac6d3,CMP-training-072.csv,4-5-6,4,CatBoost,c09,False,78.3654,79.036370402668
83af60abcd9088be2636,CMP-training-172.csv,4-5-6,4,CatBoost,c09,False,89.87895,85.64888953335735
83c6242d2df88f297292,CMP-training-172.csv,4-5-6,4,CatBoost,c09,False,88.94865,86.38790591616859
8b111f0642b1df7ca768,CMP-training-072.csv,4-5-6,4,CatBoost,c09,False,80.89155,76.57298728638037
8e52c26bcfb416bff2f8,CMP-training-072.csv,4-5-6,4,CatBoost,c09,False,78.57975,77.87500676836532
92a9ba3a3462d74fa765,CMP-training-072.csv,4-5-6,4,CatBoost,c09,False,78.2172,75.21972672033792
92c623cbf5e9c180e8c2,CMP-training-072.csv,4-5-6,4,CatBoost,c09,False,80.3745,82.8267168332358
95f3b01e549a5cad615b,CMP-training-072.csv,4-5-6,4,CatBoost,c09,False,78.91125,81.223557439638
99ae8b780ca33195500f,CMP-training-072.csv,4-5-6,4,CatBoost,c09,False,78.2316,82.2076612979289
9c2030ee3d15c0cc9319,CMP-training-072.csv,4-5-6,4,CatBoost,c09,False,78.5286,80.56188735949443
9d612778fac72ebccef2,CMP-training-072.csv,4-5-6,4,CatBoost,c09,False,73.9884,81.68339832227242
a01794651794e191cc5a,CMP-training-072.csv,4-5-6,4,CatBoost,c09,False,78.95955,79.22327655890015
a227c836484067740bbf,CMP-training-072.csv,4-5-6,4,CatBoost,c09,False,75.7992,80.6916719521214
a409009e64a69ad11399,CMP-training-072.csv,4-5-6,4,CatBoost,c09,False,76.24185,74.49555273228326
a515fb8a36b29d7016ce,CMP-training-072.csv,4-5-6,4,CatBoost,c09,False,80.8818,77.99510655528742
a535eb6c49e22f76e75e,CMP-training-172.csv,4-5-6,4,CatBoost,c09,False,94.43955,84.94231581459789
a5e299d9e5dfcafb19a2,CMP-training-172.csv,4-5-6,4,CatBoost,c09,False,91.94895,84.80532084510065
a5f11799d424f1d5b54e,CMP-training-172.csv,4-5-6,4,CatBoost,c09,False,95.60205,86.34772156637257
a650668bad53ca970e9e,CMP-training-072.csv,4-5-6,4,CatBoost,c09,False,78.04575,77.07026567435196
a7aa024b03136b75207c,CMP-training-072.csv,4-5-6,4,CatBoost,c09,False,74.3157,80.18327344670392
a82b217d71ade5180a5f,CMP-training-172.csv,4-5-6,4,CatBoost,c09,False,86.2092,84.76936910414969
acecdfd90daf157bf752,CMP-training-072.csv,4-5-6,4,CatBoost,c09,False,76.53525,83.18613986660898
b026833f4b1f1776dd36,CMP-training-072.csv,4-5-6,4,CatBoost,c09,False,78.2958,77.44255876915864
b3c7600fe9562fe38a90,CMP-training-072.csv,4-5-6,4,CatBoost,c09,False,79.8621,79.6857374942893
b426a521f8ee659c4136,CMP-training-172.csv,4-5-6,4,CatBoost,c09,False,83.7024,88.4216854726751
b5b2aa67bd8624ac5c2d,CMP-training-172.csv,4-5-6,4,CatBoost,c09,False,85.0875,87.33976110300718
b84d284eff85ab45d45b,CMP-training-172.csv,4-5-6,4,CatBoost,c09,False,87.8307,87.34049150860848
bb87749ca11c8676997b,CMP-training-072.csv,4-5-6,4,CatBoost,c09,False,70.01865,68.85809186696832
bdc3b74e17d971dd7fc1,CMP-training-172.csv,4-5-6,4,CatBoost,c09,False,91.86645,89.05923795785759
becf7091bf2cfa7a5ec4,CMP-training-172.csv,4-5-6,4,CatBoost,c09,False,86.4978,86.09799166152902
c050a6c620e770513657,CMP-training-072.csv,4-5-6,4,CatBoost,c09,False,85.2246,86.22836715817252
c105463e7c9c436e5eaa,CMP-training-072.csv,4-5-6,4,CatBoost,c09,False,81.83835,83.61783656095636
c2f47b6c3132908e5a24,CMP-training-072.csv,4-5-6,4,CatBoost,c09,False,74.8554,78.41736833135613
c322b8b6d189bae903b5,CMP-training-072.csv,4-5-6,4,CatBoost,c09,False,81.30195,85.12812921061219
c4079f7d9a90b61e1614,CMP-training-072.csv,4-5-6,4,CatBoost,c09,False,73.20885,78.11634885735482
c4a259a72b484c35e21f,CMP-training-172.csv,4-5-6,4,CatBoost,c09,False,81.41025,83.69880716566261
c8333b982d903608eca0,CMP-training-172.csv,4-5-6,4,CatBoost,c09,False,85.6857,82.50701745329832
c876e7b629376036a637,CMP-training-172.csv,4-5-6,4,CatBoost,c09,False,89.3127,88.10135179999573
c8d0eb2d8197750d2791,CMP-training-172.csv,4-5-6,4,CatBoost,c09,False,85.68105,82.01624768074635
c9fbd843b58d5b0ac58e,CMP-training-172.csv,4-5-6,4,CatBoost,c09,False,87.52425,86.62578888712288
cfd347275ff40c458e05,CMP-training-172.csv,4-5-6,4,CatBoost,c09,False,85.40175,83.74066837456883
d4a9c565f0a055d7ee67,CMP-training-072.csv,4-5-6,4,CatBoost,c09,False,79.4604,80.30009194964103
d5c578b6a876bab44f50,CMP-training-172.csv,4-5-6,4,CatBoost,c09,False,87.43395,85.52748952913747
dd01f6bcecf2b5f8c921,CMP-training-072.csv,4-5-6,4,CatBoost,c09,False,73.1538,72.69227432551838
de259ed48afe0ce9c8ba,CMP-training-072.csv,4-5-6,4,CatBoost,c09,False,80.2518,81.15205275634676
e1d58c167e96659a5af8,CMP-training-072.csv,4-5-6,4,CatBoost,c09,False,82.54545,83.83104876620368
e2ed572c94573a3a9b3f,CMP-training-072.csv,4-5-6,4,CatBoost,c09,False,78.1854,80.7837291657494
e3111626d2dec47f0526,CMP-training-172.csv,4-5-6,4,CatBoost,c09,False,95.51445,89.92172881573575
e875d34f202aae8c7207,CMP-training-172.csv,4-5-6,4,CatBoost,c09,False,93.74595,87.36483631620344
e9e1d21267a96c705e79,CMP-training-072.csv,4-5-6,4,CatBoost,c09,False,81.4473,81.48828647312732
00289eb3ee0e7914fdc2,CMP-training-072.csv,4-5-6,4,RandomForest,c04,False,79.41285,81.9450505736139
0044f341f2ed7a7e2879,CMP-training-072.csv,4-5-6,4,RandomForest,c04,False,73.24545,64.06716273028273
014746cf9bda1cedc2ba,CMP-training-072.csv,4-5-6,4,RandomForest,c04,False,72.30285,81.46177534821433
025b74b54e01e57dc2bb,CMP-training-172.csv,4-5-6,4,RandomForest,c04,False,94.39935,87.71656668251282
026071fc4e76d9c91c7e,CMP-training-172.csv,4-5-6,4,RandomForest,c04,False,87.5946,84.49780029575898
0420a570f80294a53cb8,CMP-training-072.csv,4-5-6,4,RandomForest,c04,False,84.86895,83.77345192728627
05e91efcdd396502efce,CMP-training-072.csv,4-5-6,4,RandomForest,c04,False,79.26135,80.36125305675054
07f829e49f3308e6a223,CMP-training-072.csv,4-5-6,4,RandomForest,c04,False,74.9574,70.3547785250466
148cc533345063ad8969,CMP-training-172.csv,4-5-6,4,RandomForest,c04,False,87.5064,86.12968884077381
1553a3a5391275d7109d,CMP-training-072.csv,4-5-6,4,RandomForest,c04,False,79.38495,80.46731165151517
184127e4e5651dda328e,CMP-training-072.csv,4-5-6,4,RandomForest,c04,False,83.4648,83.8189731475243
18c814cfb1f440d688f4,CMP-training-172.csv,4-5-6,4,RandomForest,c04,False,91.42185,92.038662991649
1c3fed56ec689cd57c10,CMP-training-072.csv,4-5-6,4,RandomForest,c04,False,79.80435,82.47151833044562
1c6e4907a950418bc00c,CMP-training-072.csv,4-5-6,4,RandomForest,c04,False,82.99275,83.88777270518798
1e695550f4e025f3eb4f,CMP-training-172.csv,4-5-6,4,RandomForest,c04,False,89.90775,90.18174769657946
20613d7aca4cdedd96ba,CMP-training-072.csv,4-5-6,4,RandomForest,c04,False,75.7299,79.13389551261504
21117a366efd44d968f6,CMP-training-072.csv,4-5-6,4,RandomForest,c04,False,79.22415,77.30268662823248
231fa13466e8969f19db,CMP-training-172.csv,4-5-6,4,RandomForest,c04,False,77.36895,82.86698428128385
2529d5d4a0dbf3e80daf,CMP-training-172.csv,4-5-6,4,RandomForest,c04,False,86.5329,85.83585912027816
2a3756ecf573ca5fb122,CMP-training-172.csv,4-5-6,4,RandomForest,c04,False,89.34975,90.44810539968881
2cc94b2b7728541f8861,CMP-training-172.csv,4-5-6,4,RandomForest,c04,False,87.23535,86.36995369199808
2eab6eb436c3e259dd8d,CMP-training-172.csv,4-5-6,4,RandomForest,c04,False,88.36095,85.61480491710634
32a81843125fe49a9351,CMP-training-072.csv,4-5-6,4,RandomForest,c04,False,76.95825,71.65810384319197
3af4fea4fd4d16a1c8d0,CMP-training-072.csv,4-5-6,4,RandomForest,c04,False,77.9922,81.89474003461903
3bd1069c1c829a2ca0da,CMP-training-072.csv,4-5-6,4,RandomForest,c04,False,84.0453,83.32446435983552
3cb9401b01865f958ecf,CMP-training-072.csv,4-5-6,4,RandomForest,c04,False,72.0225,64.09901385491074
3d9dc3b8032cead14c80,CMP-training-172.csv,4-5-6,4,RandomForest,c04,False,88.18395,86.28846224624596
3e8cd90ff912a0de928a,CMP-training-172.csv,4-5-6,4,RandomForest,c04,False,88.15185,85.37938466996803
3f5bfa850d18f20d4fb2,CMP-training-072.csv,4-5-6,4,RandomForest,c04,False,70.3251,74.6217359561207
3fbac532c45b9fbe0efa,CMP-training-072.csv,4-5-6,4,RandomForest,c04,False,83.64375,80.67007207362693
4071d38d9469e642c058,CMP-training-072.csv,4-5-6,4,RandomForest,c04,False,81.73245,82.26896613758116
41f9196246973f9d4299,CMP-training-172.csv,4-5-6,4,RandomForest,c04,False,89.0343,91.54532926031519
42c6318158bf05f3bc60,CMP-training-172.csv,4-5-6,4,RandomForest,c04,False,88.5447,88.26149044023944
44aabafc8229235e609c,CMP-training-172.csv,4-5-6,4,RandomForest,c04,False,86.4036,86.35960912330897
469fe532a3eb0c1295ef,CMP-training-072.csv,4-5-6,4,RandomForest,c04,False,73.97565,66.3335384269142
5ed80e7586cbde7cf1a5,CMP-training-072.csv,4-5-6,4,RandomForest,c04,False,81.36645,82.63271569470378
60b45564bbfba6195bda,CMP-training-072.csv,4-5-6,4,RandomForest,c04,False,76.1109,81.66629281331168
61b96069cda3fc5d7af1,CMP-training-172.csv,4-5-6,4,RandomForest,c04,False,84.94215,83.96756582034632
64e55696aaaf10847115,CMP-training-172.csv,4-5-6,4,RandomForest,c04,False,89.39055,84.95197744700351
661374271278d0161afd,CMP-training-172.csv,4-5-6,4,RandomForest,c04,False,88.9599,82.69186533108298
69d4050e3444b11756f0,CMP-training-172.csv,4-5-6,4,RandomForest,c04,False,91.93665,86.85232829389886
6ea75e8be0c5e05fade9,CMP-training-072.csv,4-5-6,4,RandomForest,c04,False,73.41675,67.94096358536258
6f0a92816c260d2ea1e9,CMP-training-072.csv,4-5-6,4,RandomForest,c04,False,82.1631,83.72050734481925
70fa01ac459d75c29619,CMP-training-172.csv,4-5-6,4,RandomForest,c04,False,97.2468,91.15086592076153
777ffd5adb682574ea5d,CMP-training-072.csv,4-5-6,4,RandomForest,c04,False,80.36835,79.0527956934862
77bcbcf9c247415a6cef,CMP-training-172.csv,4-5-6,4,RandomForest,c04,False,83.3088,89.73668592224706
77d1121be7058f070273,CMP-training-072.csv,4-5-6,4,RandomForest,c04,False,84.2412,84.0584754215706
7bf3c07686d4ffa04fc0,CMP-training-172.csv,4-5-6,4,RandomForest,c04,False,91.3503,92.13852124144861
7c13d2432c634987725e,CMP-training-072.csv,4-5-6,4,RandomForest,c04,False,82.3443,82.38758277570348
7cbe15e73e08d27d2372,CMP-training-072.csv,4-5-6,4,RandomForest,c04,False,68.7492,73.44025497626073
7ce6b784155ee595c853,CMP-training-172.csv,4-5-6,4,RandomForest,c04,False,87.93255,87.47443308823728
81816c0a630607bac6d3,CMP-training-072.csv,4-5-6,4,RandomForest,c04,False,78.3654,68.8376799037239
83af60abcd9088be2636,CMP-training-172.csv,4-5-6,4,RandomForest,c04,False,89.87895,87.83090955330088
83c6242d2df88f297292,CMP-training-172.csv,4-5-6,4,RandomForest,c04,False,88.94865,88.818903595683
8b111f0642b1df7ca768,CMP-training-072.csv,4-5-6,4,RandomForest,c04,False,80.89155,78.17257291079886
8e52c26bcfb416bff2f8,CMP-training-072.csv,4-5-6,4,RandomForest,c04,False,78.57975,76.04713336226925
92a9ba3a3462d74fa765,CMP-training-072.csv,4-5-6,4,RandomForest,c04,False,78.2172,70.96981802653465
92c623cbf5e9c180e8c2,CMP-training-072.csv,4-5-6,4,RandomForest,c04,False,80.3745,83.27989641933844
95f3b01e549a5cad615b,CMP-training-072.csv,4-5-6,4,RandomForest,c04,False,78.91125,81.33181850913151
99ae8b780ca33195500f,CMP-training-072.csv,4-5-6,4,RandomForest,c04,False,78.2316,81.81993625561677
9c2030ee3d15c0cc9319,CMP-training-072.csv,4-5-6,4,RandomForest,c04,False,78.5286,80.48232815885675
9d612778fac72ebccef2,CMP-training-072.csv,4-5-6,4,RandomForest,c04,False,73.9884,82.53979580607418
a01794651794e191cc5a,CMP-training-072.csv,4-5-6,4,RandomForest,c04,False,78.95955,80.86116999273123
a227c836484067740bbf,CMP-training-072.csv,4-5-6,4,RandomForest,c04,False,75.7992,79.40085938852815
a409009e64a69ad11399,CMP-training-072.csv,4-5-6,4,RandomForest,c04,False,76.24185,74.27005876143387
a515fb8a36b29d7016ce,CMP-training-072.csv,4-5-6,4,RandomForest,c04,False,80.8818,75.18969004773999
a535eb6c49e22f76e75e,CMP-training-172.csv,4-5-6,4,RandomForest,c04,False,94.43955,83.91941209070619
a5e299d9e5dfcafb19a2,CMP-training-172.csv,4-5-6,4,RandomForest,c04,False,91.94895,85.85180042671129
a5f11799d424f1d5b54e,CMP-training-172.csv,4-5-6,4,RandomForest,c04,False,95.60205,88.1778298955966
a650668bad53ca970e9e,CMP-training-072.csv,4-5-6,4,RandomForest,c04,False,78.04575,74.84923614581898
a7aa024b03136b75207c,CMP-training-072.csv,4-5-6,4,RandomForest,c04,False,74.3157,75.61779312515478
a82b217d71ade5180a5f,CMP-training-172.csv,4-5-6,4,RandomForest,c04,False,86.2092,85.88565447710367
acecdfd90daf157bf752,CMP-training-072.csv,4-5-6,4,RandomForest,c04,False,76.53525,83.52681812958653
b026833f4b1f1776dd36,CMP-training-072.csv,4-5-6,4,RandomForest,c04,False,78.2958,76.23890414456508
b3c7600fe9562fe38a90,CMP-training-072.csv,4-5-6,4,RandomForest,c04,False,79.8621,81.26661156272635
b426a521f8ee659c4136,CMP-training-172.csv,4-5-6,4,RandomForest,c04,False,83.7024,87.93385904338896
b5b2aa67bd8624ac5c2d,CMP-training-172.csv,4-5-6,4,RandomForest,c04,False,85.0875,87.75211701673331
b84d284eff85ab45d45b,CMP-training-172.csv,4-5-6,4,RandomForest,c04,False,87.8307,88.40083892581121
bb87749ca11c8676997b,CMP-training-072.csv,4-5-6,4,RandomForest,c04,False,70.01865,64.6775604311756
bdc3b74e17d971dd7fc1,CMP-training-172.csv,4-5-6,4,RandomForest,c04,False,91.86645,91.24427970417341
becf7091bf2cfa7a5ec4,CMP-training-172.csv,4-5-6,4,RandomForest,c04,False,86.4978,87.38540318959947
c050a6c620e770513657,CMP-training-072.csv,4-5-6,4,RandomForest,c04,False,85.2246,84.79239964869504
c105463e7c9c436e5eaa,CMP-training-072.csv,4-5-6,4,RandomForest,c04,False,81.83835,83.19834656186002
c2f47b6c3132908e5a24,CMP-training-072.csv,4-5-6,4,RandomForest,c04,False,74.8554,74.47765213614642
c322b8b6d189bae903b5,CMP-training-072.csv,4-5-6,4,RandomForest,c04,False,81.30195,84.98476819294505
c4079f7d9a90b61e1614,CMP-training-072.csv,4-5-6,4,RandomForest,c04,False,73.20885,69.67151440320617
c4a259a72b484c35e21f,CMP-training-172.csv,4-5-6,4,RandomForest,c04,False,81.41025,82.59061577113773
c8333b982d903608eca0,CMP-training-172.csv,4-5-6,4,RandomForest,c04,False,85.6857,85.08311604575898
c876e7b629376036a637,CMP-training-172.csv,4-5-6,4,RandomForest,c04,False,89.3127,86.30230981956846
c8d0eb2d8197750d2791,CMP-training-172.csv,4-5-6,4,RandomForest,c04,False,85.68105,81.20898824044966
c9fbd843b58d5b0ac58e,CMP-training-172.csv,4-5-6,4,RandomForest,c04,False,87.52425,87.06735553963752
cfd347275ff40c458e05,CMP-training-172.csv,4-5-6,4,RandomForest,c04,False,85.40175,84.7254747094494
d4a9c565f0a055d7ee67,CMP-training-072.csv,4-5-6,4,RandomForest,c04,False,79.4604,81.76666634799837
d5c578b6a876bab44f50,CMP-training-172.csv,4-5-6,4,RandomForest,c04,False,87.43395,87.27708854061825
dd01f6bcecf2b5f8c921,CMP-training-072.csv,4-5-6,4,RandomForest,c04,False,73.1538,70.00915072498987
de259ed48afe0ce9c8ba,CMP-training-072.csv,4-5-6,4,RandomForest,c04,False,80.2518,82.08333904763988
e1d58c167e96659a5af8,CMP-training-072.csv,4-5-6,4,RandomForest,c04,False,82.54545,83.66075531439391
e2ed572c94573a3a9b3f,CMP-training-072.csv,4-5-6,4,RandomForest,c04,False,78.1854,82.32642441386221
e3111626d2dec47f0526,CMP-training-172.csv,4-5-6,4,RandomForest,c04,False,95.51445,91.67399642322782
e875d34f202aae8c7207,CMP-training-172.csv,4-5-6,4,RandomForest,c04,False,93.74595,89.50966971453546
e9e1d21267a96c705e79,CMP-training-072.csv,4-5-6,4,RandomForest,c04,False,81.4473,81.97187161298078
00289eb3ee0e7914fdc2,CMP-training-072.csv,4-5-6,4,LightGBM,c15,False,79.41285,81.21761326961786
0044f341f2ed7a7e2879,CMP-training-072.csv,4-5-6,4,LightGBM,c15,False,73.24545,64.69070959238877
014746cf9bda1cedc2ba,CMP-training-072.csv,4-5-6,4,LightGBM,c15,False,72.30285,81.14141057164859
025b74b54e01e57dc2bb,CMP-training-172.csv,4-5-6,4,LightGBM,c15,False,94.39935,86.70780830764566
026071fc4e76d9c91c7e,CMP-training-172.csv,4-5-6,4,LightGBM,c15,False,87.5946,82.74118824884977
0420a570f80294a53cb8,CMP-training-072.csv,4-5-6,4,LightGBM,c15,False,84.86895,84.71325036153486
05e91efcdd396502efce,CMP-training-072.csv,4-5-6,4,LightGBM,c15,False,79.26135,79.90069201828751
07f829e49f3308e6a223,CMP-training-072.csv,4-5-6,4,LightGBM,c15,False,74.9574,71.10732497075458
148cc533345063ad8969,CMP-training-172.csv,4-5-6,4,LightGBM,c15,False,87.5064,85.52064733213514
1553a3a5391275d7109d,CMP-training-072.csv,4-5-6,4,LightGBM,c15,False,79.38495,76.04332300497722
184127e4e5651dda328e,CMP-training-072.csv,4-5-6,4,LightGBM,c15,False,83.4648,83.85093792219988
18c814cfb1f440d688f4,CMP-training-172.csv,4-5-6,4,LightGBM,c15,False,91.42185,90.77082083374127
1c3fed56ec689cd57c10,CMP-training-072.csv,4-5-6,4,LightGBM,c15,False,79.80435,82.36309881354306
1c6e4907a950418bc00c,CMP-training-072.csv,4-5-6,4,LightGBM,c15,False,82.99275,79.32954062956887
1e695550f4e025f3eb4f,CMP-training-172.csv,4-5-6,4,LightGBM,c15,False,89.90775,89.05155038207795
20613d7aca4cdedd96ba,CMP-training-072.csv,4-5-6,4,LightGBM,c15,False,75.7299,78.71898569605517
21117a366efd44d968f6,CMP-training-072.csv,4-5-6,4,LightGBM,c15,False,79.22415,76.790774674617
231fa13466e8969f19db,CMP-training-172.csv,4-5-6,4,LightGBM,c15,False,77.36895,84.32647301074712
2529d5d4a0dbf3e80daf,CMP-training-172.csv,4-5-6,4,LightGBM,c15,False,86.5329,81.79964312102192
2a3756ecf573ca5fb122,CMP-training-172.csv,4-5-6,4,LightGBM,c15,False,89.34975,92.10018844727743
2cc94b2b7728541f8861,CMP-training-172.csv,4-5-6,4,LightGBM,c15,False,87.23535,86.62181453890894
2eab6eb436c3e259dd8d,CMP-training-172.csv,4-5-6,4,LightGBM,c15,False,88.36095,83.09767451905883
32a81843125fe49a9351,CMP-training-072.csv,4-5-6,4,LightGBM,c15,False,76.95825,75.34961916455794
3af4fea4fd4d16a1c8d0,CMP-training-072.csv,4-5-6,4,LightGBM,c15,False,77.9922,83.7658473145654
3bd1069c1c829a2ca0da,CMP-training-072.csv,4-5-6,4,LightGBM,c15,False,84.0453,82.57991415748243
3cb9401b01865f958ecf,CMP-training-072.csv,4-5-6,4,LightGBM,c15,False,72.0225,64.7512958242177
3d9dc3b8032cead14c80,CMP-training-172.csv,4-5-6,4,LightGBM,c15,False,88.18395,84.91090661452772
3e8cd90ff912a0de928a,CMP-training-172.csv,4-5-6,4,LightGBM,c15,False,88.15185,85.70025386196484
3f5bfa850d18f20d4fb2,CMP-training-072.csv,4-5-6,4,LightGBM,c15,False,70.3251,77.75727833550269
3fbac532c45b9fbe0efa,CMP-training-072.csv,4-5-6,4,LightGBM,c15,False,83.64375,80.74959676685458
4071d38d9469e642c058,CMP-training-072.csv,4-5-6,4,LightGBM,c15,False,81.73245,82.55325760586861
41f9196246973f9d4299,CMP-training-172.csv,4-5-6,4,LightGBM,c15,False,89.0343,90.05304619839346
42c6318158bf05f3bc60,CMP-training-172.csv,4-5-6,4,LightGBM,c15,False,88.5447,84.21660949608656
44aabafc8229235e609c,CMP-training-172.csv,4-5-6,4,LightGBM,c15,False,86.4036,86.7862131256769
469fe532a3eb0c1295ef,CMP-training-072.csv,4-5-6,4,LightGBM,c15,False,73.97565,66.75520770338562
5ed80e7586cbde7cf1a5,CMP-training-072.csv,4-5-6,4,LightGBM,c15,False,81.36645,80.41965776112175
60b45564bbfba6195bda,CMP-training-072.csv,4-5-6,4,LightGBM,c15,False,76.1109,79.88278225319563
61b96069cda3fc5d7af1,CMP-training-172.csv,4-5-6,4,LightGBM,c15,False,84.94215,84.36469221007977
64e55696aaaf10847115,CMP-training-172.csv,4-5-6,4,LightGBM,c15,False,89.39055,83.72547981599844
661374271278d0161afd,CMP-training-172.csv,4-5-6,4,LightGBM,c15,False,88.9599,82.46779965065069
69d4050e3444b11756f0,CMP-training-172.csv,4-5-6,4,LightGBM,c15,False,91.93665,86.86876248568538
6ea75e8be0c5e05fade9,CMP-training-072.csv,4-5-6,4,LightGBM,c15,False,73.41675,69.2817146679935
6f0a92816c260d2ea1e9,CMP-training-072.csv,4-5-6,4,LightGBM,c15,False,82.1631,84.21129609797529
70fa01ac459d75c29619,CMP-training-172.csv,4-5-6,4,LightGBM,c15,False,97.2468,90.77966544401482
777ffd5adb682574ea5d,CMP-training-072.csv,4-5-6,4,LightGBM,c15,False,80.36835,79.54292558180934
77bcbcf9c247415a6cef,CMP-training-172.csv,4-5-6,4,LightGBM,c15,False,83.3088,87.56870109933632
77d1121be7058f070273,CMP-training-072.csv,4-5-6,4,LightGBM,c15,False,84.2412,84.87126471818112
7bf3c07686d4ffa04fc0,CMP-training-172.csv,4-5-6,4,LightGBM,c15,False,91.3503,90.41852093056826
7c13d2432c634987725e,CMP-training-072.csv,4-5-6,4,LightGBM,c15,False,82.3443,80.55647880165562
7cbe15e73e08d27d2372,CMP-training-072.csv,4-5-6,4,LightGBM,c15,False,68.7492,75.72823009467628
7ce6b784155ee595c853,CMP-training-172.csv,4-5-6,4,LightGBM,c15,False,87.93255,85.47901966606298
81816c0a630607bac6d3,CMP-training-072.csv,4-5-6,4,LightGBM,c15,False,78.3654,71.29155452202633
83af60abcd9088be2636,CMP-training-172.csv,4-5-6,4,LightGBM,c15,False,89.87895,84.69442544955385
83c6242d2df88f297292,CMP-training-172.csv,4-5-6,4,LightGBM,c15,False,88.94865,86.63039454387253
8b111f0642b1df7ca768,CMP-training-072.csv,4-5-6,4,LightGBM,c15,False,80.89155,77.80834766658394
8e52c26bcfb416bff2f8,CMP-training-072.csv,4-5-6,4,LightGBM,c15,False,78.57975,76.78074063533518
92a9ba3a3462d74fa765,CMP-training-072.csv,4-5-6,4,LightGBM,c15,False,78.2172,72.93433239532911
92c623cbf5e9c180e8c2,CMP-training-072.csv,4-5-6,4,LightGBM,c15,False,80.3745,81.7153148797662
95f3b01e549a5cad615b,CMP-training-072.csv,4-5-6,4,LightGBM,c15,False,78.91125,79.4944061514227
99ae8b780ca33195500f,CMP-training-072.csv,4-5-6,4,LightGBM,c15,False,78.2316,79.86374628243972
9c2030ee3d15c0cc9319,CMP-training-072.csv,4-5-6,4,LightGBM,c15,False,78.5286,78.09443956231593
9d612778fac72ebccef2,CMP-training-072.csv,4-5-6,4,LightGBM,c15,False,73.9884,80.12087851892765
a01794651794e191cc5a,CMP-training-072.csv,4-5-6,4,LightGBM,c15,False,78.95955,78.24772911614309
a227c836484067740bbf,CMP-training-072.csv,4-5-6,4,LightGBM,c15,False,75.7992,78.93909402749621
a409009e64a69ad11399,CMP-training-072.csv,4-5-6,4,LightGBM,c15,False,76.24185,74.29919385261903
a515fb8a36b29d7016ce,CMP-training-072.csv,4-5-6,4,LightGBM,c15,False,80.8818,77.1581885519531
a535eb6c49e22f76e75e,CMP-training-172.csv,4-5-6,4,LightGBM,c15,False,94.43955,86.1893595327289
a5e299d9e5dfcafb19a2,CMP-training-172.csv,4-5-6,4,LightGBM,c15,False,91.94895,83.70929051753001
a5f11799d424f1d5b54e,CMP-training-172.csv,4-5-6,4,LightGBM,c15,False,95.60205,86.1942815012088
a650668bad53ca970e9e,CMP-training-072.csv,4-5-6,4,LightGBM,c15,False,78.04575,78.23587117688459
a7aa024b03136b75207c,CMP-training-072.csv,4-5-6,4,LightGBM,c15,False,74.3157,78.94292356491253
a82b217d71ade5180a5f,CMP-training-172.csv,4-5-6,4,LightGBM,c15,False,86.2092,83.33228888191604
acecdfd90daf157bf752,CMP-training-072.csv,4-5-6,4,LightGBM,c15,False,76.53525,82.72927648473048
b026833f4b1f1776dd36,CMP-training-072.csv,4-5-6,4,LightGBM,c15,False,78.2958,77.78934682169378
b3c7600fe9562fe38a90,CMP-training-072.csv,4-5-6,4,LightGBM,c15,False,79.8621,80.14109452533998
b426a521f8ee659c4136,CMP-training-172.csv,4-5-6,4,LightGBM,c15,False,83.7024,86.33169810113566
b5b2aa67bd8624ac5c2d,CMP-training-172.csv,4-5-6,4,LightGBM,c15,False,85.0875,86.7613622562613
b84d284eff85ab45d45b,CMP-training-172.csv,4-5-6,4,LightGBM,c15,False,87.8307,87.32936475440546
bb87749ca11c8676997b,CMP-training-072.csv,4-5-6,4,LightGBM,c15,False,70.01865,65.20102608155862
bdc3b74e17d971dd7fc1,CMP-training-172.csv,4-5-6,4,LightGBM,c15,False,91.86645,89.16487133614423
becf7091bf2cfa7a5ec4,CMP-training-172.csv,4-5-6,4,LightGBM,c15,False,86.4978,84.26888719594415
c050a6c620e770513657,CMP-training-072.csv,4-5-6,4,LightGBM,c15,False,85.2246,84.70130400735313
c105463e7c9c436e5eaa,CMP-training-072.csv,4-5-6,4,LightGBM,c15,False,81.83835,82.96019003943047
c2f47b6c3132908e5a24,CMP-training-072.csv,4-5-6,4,LightGBM,c15,False,74.8554,77.13321470930045
c322b8b6d189bae903b5,CMP-training-072.csv,4-5-6,4,LightGBM,c15,False,81.30195,86.60165339416604
c4079f7d9a90b61e1614,CMP-training-072.csv,4-5-6,4,LightGBM,c15,False,73.20885,73.61005945060921
c4a259a72b484c35e21f,CMP-training-172.csv,4-5-6,4,LightGBM,c15,False,81.41025,84.02841171032091
c8333b982d903608eca0,CMP-training-172.csv,4-5-6,4,LightGBM,c15,False,85.6857,82.35882304628998
c876e7b629376036a637,CMP-training-172.csv,4-5-6,4,LightGBM,c15,False,89.3127,86.55464929045499
c8d0eb2d8197750d2791,CMP-training-172.csv,4-5-6,4,LightGBM,c15,False,85.68105,79.94388096657786
c9fbd843b58d5b0ac58e,CMP-training-172.csv,4-5-6,4,LightGBM,c15,False,87.52425,86.70221033802629
cfd347275ff40c458e05,CMP-training-172.csv,4-5-6,4,LightGBM,c15,False,85.40175,82.80310614430367
d4a9c565f0a055d7ee67,CMP-training-072.csv,4-5-6,4,LightGBM,c15,False,79.4604,80.62870414065597
d5c578b6a876bab44f50,CMP-training-172.csv,4-5-6,4,LightGBM,c15,False,87.43395,84.51077938616844
dd01f6bcecf2b5f8c921,CMP-training-072.csv,4-5-6,4,LightGBM,c15,False,73.1538,68.94654190219619
de259ed48afe0ce9c8ba,CMP-training-072.csv,4-5-6,4,LightGBM,c15,False,80.2518,81.07628063727795
e1d58c167e96659a5af8,CMP-training-072.csv,4-5-6,4,LightGBM,c15,False,82.54545,84.65634524777158
e2ed572c94573a3a9b3f,CMP-training-072.csv,4-5-6,4,LightGBM,c15,False,78.1854,79.89912740149211
e3111626d2dec47f0526,CMP-training-172.csv,4-5-6,4,LightGBM,c15,False,95.51445,90.90403902090632
e875d34f202aae8c7207,CMP-training-172.csv,4-5-6,4,LightGBM,c15,False,93.74595,87.45892836714583
e9e1d21267a96c705e79,CMP-training-072.csv,4-5-6,4,LightGBM,c15,False,81.4473,80.3504344258558
00289eb3ee0e7914fdc2,CMP-training-072.csv,4-5-6,4,Physics+CatBoost,c17,False,79.41285,78.5385543796149
0044f341f2ed7a7e2879,CMP-training-072.csv,4-5-6,4,Physics+CatBoost,c17,False,73.24545,70.42911391780741
014746cf9bda1cedc2ba,CMP-training-072.csv,4-5-6,4,Physics+CatBoost,c17,False,72.30285,77.30070210299812
025b74b54e01e57dc2bb,CMP-training-172.csv,4-5-6,4,Physics+CatBoost,c17,False,94.39935,88.10882030855163
026071fc4e76d9c91c7e,CMP-training-172.csv,4-5-6,4,Physics+CatBoost,c17,False,87.5946,85.8528724471475
0420a570f80294a53cb8,CMP-training-072.csv,4-5-6,4,Physics+CatBoost,c17,False,84.86895,84.9885819662291
05e91efcdd396502efce,CMP-training-072.csv,4-5-6,4,Physics+CatBoost,c17,False,79.26135,77.98940412867384
07f829e49f3308e6a223,CMP-training-072.csv,4-5-6,4,Physics+CatBoost,c17,False,74.9574,73.88534846954532
148cc533345063ad8969,CMP-training-172.csv,4-5-6,4,Physics+CatBoost,c17,False,87.5064,88.22618867454123
1553a3a5391275d7109d,CMP-training-072.csv,4-5-6,4,Physics+CatBoost,c17,False,79.38495,75.75785988970785
184127e4e5651dda328e,CMP-training-072.csv,4-5-6,4,Physics+CatBoost,c17,False,83.4648,81.39301750437978
18c814cfb1f440d688f4,CMP-training-172.csv,4-5-6,4,Physics+CatBoost,c17,False,91.42185,88.72303940009658
1c3fed56ec689cd57c10,CMP-training-072.csv,4-5-6,4,Physics+CatBoost,c17,False,79.80435,80.13807878084933
1c6e4907a950418bc00c,CMP-training-072.csv,4-5-6,4,Physics+CatBoost,c17,False,82.99275,81.10831140790506
1e695550f4e025f3eb4f,CMP-training-172.csv,4-5-6,4,Physics+CatBoost,c17,False,89.90775,92.55904997884362
20613d7aca4cdedd96ba,CMP-training-072.csv,4-5-6,4,Physics+CatBoost,c17,False,75.7299,77.98584202392233
21117a366efd44d968f6,CMP-training-072.csv,4-5-6,4,Physics+CatBoost,c17,False,79.22415,72.69713782521141
231fa13466e8969f19db,CMP-training-172.csv,4-5-6,4,Physics+CatBoost,c17,False,77.36895,85.50192327303662
2529d5d4a0dbf3e80daf,CMP-training-172.csv,4-5-6,4,Physics+CatBoost,c17,False,86.5329,86.75683616787627
2a3756ecf573ca5fb122,CMP-training-172.csv,4-5-6,4,Physics+CatBoost,c17,False,89.34975,92.12737273321322
2cc94b2b7728541f8861,CMP-training-172.csv,4-5-6,4,Physics+CatBoost,c17,False,87.23535,86.88862376541618
2eab6eb436c3e259dd8d,CMP-training-172.csv,4-5-6,4,Physics+CatBoost,c17,False,88.36095,88.44809747932644
32a81843125fe49a9351,CMP-training-072.csv,4-5-6,4,Physics+CatBoost,c17,False,76.95825,73.61062274138756
3af4fea4fd4d16a1c8d0,CMP-training-072.csv,4-5-6,4,Physics+CatBoost,c17,False,77.9922,77.75178294384452
3bd1069c1c829a2ca0da,CMP-training-072.csv,4-5-6,4,Physics+CatBoost,c17,False,84.0453,80.80054940316806
3cb9401b01865f958ecf,CMP-training-072.csv,4-5-6,4,Physics+CatBoost,c17,False,72.0225,70.45250583415871
3d9dc3b8032cead14c80,CMP-training-172.csv,4-5-6,4,Physics+CatBoost,c17,False,88.18395,89.07529586436743
3e8cd90ff912a0de928a,CMP-training-172.csv,4-5-6,4,Physics+CatBoost,c17,False,88.15185,86.96717594968723
3f5bfa850d18f20d4fb2,CMP-training-072.csv,4-5-6,4,Physics+CatBoost,c17,False,70.3251,74.71302229210328
3fbac532c45b9fbe0efa,CMP-training-072.csv,4-5-6,4,Physics+CatBoost,c17,False,83.64375,75.60544259829865
4071d38d9469e642c058,CMP-training-072.csv,4-5-6,4,Physics+CatBoost,c17,False,81.73245,82.36632910923414
41f9196246973f9d4299,CMP-training-172.csv,4-5-6,4,Physics+CatBoost,c17,False,89.0343,86.05005600861078
42c6318158bf05f3bc60,CMP-training-172.csv,4-5-6,4,Physics+CatBoost,c17,False,88.5447,89.14146757299984
44aabafc8229235e609c,CMP-training-172.csv,4-5-6,4,Physics+CatBoost,c17,False,86.4036,88.01776185581714
469fe532a3eb0c1295ef,CMP-training-072.csv,4-5-6,4,Physics+CatBoost,c17,False,73.97565,71.90484379902479
5ed80e7586cbde7cf1a5,CMP-training-072.csv,4-5-6,4,Physics+CatBoost,c17,False,81.36645,80.20365560900919
60b45564bbfba6195bda,CMP-training-072.csv,4-5-6,4,Physics+CatBoost,c17,False,76.1109,79.3888025925955
61b96069cda3fc5d7af1,CMP-training-172.csv,4-5-6,4,Physics+CatBoost,c17,False,84.94215,81.50892377286621
64e55696aaaf10847115,CMP-training-172.csv,4-5-6,4,Physics+CatBoost,c17,False,89.39055,86.00099208744025
661374271278d0161afd,CMP-training-172.csv,4-5-6,4,Physics+CatBoost,c17,False,88.9599,84.0105778295917
69d4050e3444b11756f0,CMP-training-172.csv,4-5-6,4,Physics+CatBoost,c17,False,91.93665,89.42890816460437
6ea75e8be0c5e05fade9,CMP-training-072.csv,4-5-6,4,Physics+CatBoost,c17,False,73.41675,72.87362440386107
6f0a92816c260d2ea1e9,CMP-training-072.csv,4-5-6,4,Physics+CatBoost,c17,False,82.1631,82.52458355155021
70fa01ac459d75c29619,CMP-training-172.csv,4-5-6,4,Physics+CatBoost,c17,False,97.2468,90.82961716421052
777ffd5adb682574ea5d,CMP-training-072.csv,4-5-6,4,Physics+CatBoost,c17,False,80.36835,77.05642874760332
77bcbcf9c247415a6cef,CMP-training-172.csv,4-5-6,4,Physics+CatBoost,c17,False,83.3088,91.94815017622682
77d1121be7058f070273,CMP-training-072.csv,4-5-6,4,Physics+CatBoost,c17,False,84.2412,81.76527017448888
7bf3c07686d4ffa04fc0,CMP-training-172.csv,4-5-6,4,Physics+CatBoost,c17,False,91.3503,89.35115938328494
7c13d2432c634987725e,CMP-training-072.csv,4-5-6,4,Physics+CatBoost,c17,False,82.3443,80.07698037906854
7cbe15e73e08d27d2372,CMP-training-072.csv,4-5-6,4,Physics+CatBoost,c17,False,68.7492,76.22061672388853
7ce6b784155ee595c853,CMP-training-172.csv,4-5-6,4,Physics+CatBoost,c17,False,87.93255,88.34137768725009
81816c0a630607bac6d3,CMP-training-072.csv,4-5-6,4,Physics+CatBoost,c17,False,78.3654,78.4066328063072
83af60abcd9088be2636,CMP-training-172.csv,4-5-6,4,Physics+CatBoost,c17,False,89.87895,88.12303259761867
83c6242d2df88f297292,CMP-training-172.csv,4-5-6,4,Physics+CatBoost,c17,False,88.94865,90.00979547442714
8b111f0642b1df7ca768,CMP-training-072.csv,4-5-6,4,Physics+CatBoost,c17,False,80.89155,75.05477476257802
8e52c26bcfb416bff2f8,CMP-training-072.csv,4-5-6,4,Physics+CatBoost,c17,False,78.57975,75.52467530597673
92a9ba3a3462d74fa765,CMP-training-072.csv,4-5-6,4,Physics+CatBoost,c17,False,78.2172,73.67641791087738
92c623cbf5e9c180e8c2,CMP-training-072.csv,4-5-6,4,Physics+CatBoost,c17,False,80.3745,82.07896480063444
95f3b01e549a5cad615b,CMP-training-072.csv,4-5-6,4,Physics+CatBoost,c17,False,78.91125,77.3313659984819
99ae8b780ca33195500f,CMP-training-072.csv,4-5-6,4,Physics+CatBoost,c17,False,78.2316,77.69024996953775
9c2030ee3d15c0cc9319,CMP-training-072.csv,4-5-6,4,Physics+CatBoost,c17,False,78.5286,80.41646235271426
9d612778fac72ebccef2,CMP-training-072.csv,4-5-6,4,Physics+CatBoost,c17,False,73.9884,82.33970558783203
a01794651794e191cc5a,CMP-training-072.csv,4-5-6,4,Physics+CatBoost,c17,False,78.95955,77.79947040481635
a227c836484067740bbf,CMP-training-072.csv,4-5-6,4,Physics+CatBoost,c17,False,75.7992,76.44407658073108
a409009e64a69ad11399,CMP-training-072.csv,4-5-6,4,Physics+CatBoost,c17,False,76.24185,74.93633569964761
a515fb8a36b29d7016ce,CMP-training-072.csv,4-5-6,4,Physics+CatBoost,c17,False,80.8818,74.19129218370789
a535eb6c49e22f76e75e,CMP-training-172.csv,4-5-6,4,Physics+CatBoost,c17,False,94.43955,84.55103041041806
a5e299d9e5dfcafb19a2,CMP-training-172.csv,4-5-6,4,Physics+CatBoost,c17,False,91.94895,84.25550561819955
a5f11799d424f1d5b54e,CMP-training-172.csv,4-5-6,4,Physics+CatBoost,c17,False,95.60205,84.51980893831099
a650668bad53ca970e9e,CMP-training-072.csv,4-5-6,4,Physics+CatBoost,c17,False,78.04575,72.52026548521224
a7aa024b03136b75207c,CMP-training-072.csv,4-5-6,4,Physics+CatBoost,c17,False,74.3157,80.5289937692785
a82b217d71ade5180a5f,CMP-training-172.csv,4-5-6,4,Physics+CatBoost,c17,False,86.2092,86.76672937634972
acecdfd90daf157bf752,CMP-training-072.csv,4-5-6,4,Physics+CatBoost,c17,False,76.53525,81.68214189321748
b026833f4b1f1776dd36,CMP-training-072.csv,4-5-6,4,Physics+CatBoost,c17,False,78.2958,74.01243520053806
b3c7600fe9562fe38a90,CMP-training-072.csv,4-5-6,4,Physics+CatBoost,c17,False,79.8621,75.14697634023949
b426a521f8ee659c4136,CMP-training-172.csv,4-5-6,4,Physics+CatBoost,c17,False,83.7024,91.43332803192757
b5b2aa67bd8624ac5c2d,CMP-training-172.csv,4-5-6,4,Physics+CatBoost,c17,False,85.0875,89.98280425518553
b84d284eff85ab45d45b,CMP-training-172.csv,4-5-6,4,Physics+CatBoost,c17,False,87.8307,88.5667715461387
bb87749ca11c8676997b,CMP-training-072.csv,4-5-6,4,Physics+CatBoost,c17,False,70.01865,71.28992020721057
bdc3b74e17d971dd7fc1,CMP-training-172.csv,4-5-6,4,Physics+CatBoost,c17,False,91.86645,90.18418511760653
becf7091bf2cfa7a5ec4,CMP-training-172.csv,4-5-6,4,Physics+CatBoost,c17,False,86.4978,88.01803906930994
c050a6c620e770513657,CMP-training-072.csv,4-5-6,4,Physics+CatBoost,c17,False,85.2246,83.50367272934251
c105463e7c9c436e5eaa,CMP-training-072.csv,4-5-6,4,Physics+CatBoost,c17,False,81.83835,83.3029808303227
c2f47b6c3132908e5a24,CMP-training-072.csv,4-5-6,4,Physics+CatBoost,c17,False,74.8554,73.35545151765024
c322b8b6d189bae903b5,CMP-training-072.csv,4-5-6,4,Physics+CatBoost,c17,False,81.30195,82.62020291471532
c4079f7d9a90b61e1614,CMP-training-072.csv,4-5-6,4,Physics+CatBoost,c17,False,73.20885,77.89828145586574
c4a259a72b484c35e21f,CMP-training-172.csv,4-5-6,4,Physics+CatBoost,c17,False,81.41025,82.92722139872785
c8333b982d903608eca0,CMP-training-172.csv,4-5-6,4,Physics+CatBoost,c17,False,85.6857,85.61097804218069
c876e7b629376036a637,CMP-training-172.csv,4-5-6,4,Physics+CatBoost,c17,False,89.3127,90.58009124763288
c8d0eb2d8197750d2791,CMP-training-172.csv,4-5-6,4,Physics+CatBoost,c17,False,85.68105,82.04105593402636
c9fbd843b58d5b0ac58e,CMP-training-172.csv,4-5-6,4,Physics+CatBoost,c17,False,87.52425,87.71892121517516
cfd347275ff40c458e05,CMP-training-172.csv,4-5-6,4,Physics+CatBoost,c17,False,85.40175,86.63248608531798
d4a9c565f0a055d7ee67,CMP-training-072.csv,4-5-6,4,Physics+CatBoost,c17,False,79.4604,77.92521640652434
d5c578b6a876bab44f50,CMP-training-172.csv,4-5-6,4,Physics+CatBoost,c17,False,87.43395,87.8820183816213
dd01f6bcecf2b5f8c921,CMP-training-072.csv,4-5-6,4,Physics+CatBoost,c17,False,73.1538,73.95404257322932
de259ed48afe0ce9c8ba,CMP-training-072.csv,4-5-6,4,Physics+CatBoost,c17,False,80.2518,75.96631269190928
e1d58c167e96659a5af8,CMP-training-072.csv,4-5-6,4,Physics+CatBoost,c17,False,82.54545,84.05351330602075
e2ed572c94573a3a9b3f,CMP-training-072.csv,4-5-6,4,Physics+CatBoost,c17,False,78.1854,78.45557446841815
e3111626d2dec47f0526,CMP-training-172.csv,4-5-6,4,Physics+CatBoost,c17,False,95.51445,91.50345959802598
e875d34f202aae8c7207,CMP-training-172.csv,4-5-6,4,Physics+CatBoost,c17,False,93.74595,87.64694489979811
e9e1d21267a96c705e79,CMP-training-072.csv,4-5-6,4,Physics+CatBoost,c17,False,81.4473,79.27860342929222
00289eb3ee0e7914fdc2,CMP-training-072.csv,4-5-6,4,Physics+LightGBM,c24,False,79.41285,80.12283005755306
0044f341f2ed7a7e2879,CMP-training-072.csv,4-5-6,4,Physics+LightGBM,c24,False,73.24545,72.83916649950767
014746cf9bda1cedc2ba,CMP-training-072.csv,4-5-6,4,Physics+LightGBM,c24,False,72.30285,78.52883461936304
025b74b54e01e57dc2bb,CMP-training-172.csv,4-5-6,4,Physics+LightGBM,c24,False,94.39935,84.90364916455263
026071fc4e76d9c91c7e,CMP-training-172.csv,4-5-6,4,Physics+LightGBM,c24,False,87.5946,83.85429556618092
0420a570f80294a53cb8,CMP-training-072.csv,4-5-6,4,Physics+LightGBM,c24,False,84.86895,84.34744091572676
05e91efcdd396502efce,CMP-training-072.csv,4-5-6,4,Physics+LightGBM,c24,False,79.26135,79.04269857577029
07f829e49f3308e6a223,CMP-training-072.csv,4-5-6,4,Physics+LightGBM,c24,False,74.9574,75.07552746305771
148cc533345063ad8969,CMP-training-172.csv,4-5-6,4,Physics+LightGBM,c24,False,87.5064,86.59228692593861
1553a3a5391275d7109d,CMP-training-072.csv,4-5-6,4,Physics+LightGBM,c24,False,79.38495,77.35600050308142
184127e4e5651dda328e,CMP-training-072.csv,4-5-6,4,Physics+LightGBM,c24,False,83.4648,80.79295079159263
18c814cfb1f440d688f4,CMP-training-172.csv,4-5-6,4,Physics+LightGBM,c24,False,91.42185,86.92617457268706
1c3fed56ec689cd57c10,CMP-training-072.csv,4-5-6,4,Physics+LightGBM,c24,False,79.80435,80.21493344538086
1c6e4907a950418bc00c,CMP-training-072.csv,4-5-6,4,Physics+LightGBM,c24,False,82.99275,81.04074587904647
1e695550f4e025f3eb4f,CMP-training-172.csv,4-5-6,4,Physics+LightGBM,c24,False,89.90775,87.17056751147872
20613d7aca4cdedd96ba,CMP-training-072.csv,4-5-6,4,Physics+LightGBM,c24,False,75.7299,76.78403625974896
21117a366efd44d968f6,CMP-training-072.csv,4-5-6,4,Physics+LightGBM,c24,False,79.22415,71.5363648346364
231fa13466e8969f19db,CMP-training-172.csv,4-5-6,4,Physics+LightGBM,c24,False,77.36895,83.07382855086136
2529d5d4a0dbf3e80daf,CMP-training-172.csv,4-5-6,4,Physics+LightGBM,c24,False,86.5329,83.40330260547638
2a3756ecf573ca5fb122,CMP-training-172.csv,4-5-6,4,Physics+LightGBM,c24,False,89.34975,88.73240929094092
2cc94b2b7728541f8861,CMP-training-172.csv,4-5-6,4,Physics+LightGBM,c24,False,87.23535,85.63118102876277
2eab6eb436c3e259dd8d,CMP-training-172.csv,4-5-6,4,Physics+LightGBM,c24,False,88.36095,85.75002428723991
32a81843125fe49a9351,CMP-training-072.csv,4-5-6,4,Physics+LightGBM,c24,False,76.95825,74.89722805290239
3af4fea4fd4d16a1c8d0,CMP-training-072.csv,4-5-6,4,Physics+LightGBM,c24,False,77.9922,77.30640218513399
3bd1069c1c829a2ca0da,CMP-training-072.csv,4-5-6,4,Physics+LightGBM,c24,False,84.0453,79.86049343782767
3cb9401b01865f958ecf,CMP-training-072.csv,4-5-6,4,Physics+LightGBM,c24,False,72.0225,71.57145379625331
3d9dc3b8032cead14c80,CMP-training-172.csv,4-5-6,4,Physics+LightGBM,c24,False,88.18395,86.1811820757689
3e8cd90ff912a0de928a,CMP-training-172.csv,4-5-6,4,Physics+LightGBM,c24,False,88.15185,86.1847146403043
3f5bfa850d18f20d4fb2,CMP-training-072.csv,4-5-6,4,Physics+LightGBM,c24,False,70.3251,74.45051375888414
3fbac532c45b9fbe0efa,CMP-training-072.csv,4-5-6,4,Physics+LightGBM,c24,False,83.64375,74.67865380627383
4071d38d9469e642c058,CMP-training-072.csv,4-5-6,4,Physics+LightGBM,c24,False,81.73245,82.17956955800086
41f9196246973f9d4299,CMP-training-172.csv,4-5-6,4,Physics+LightGBM,c24,False,89.0343,85.49041710154081
42c6318158bf05f3bc60,CMP-training-172.csv,4-5-6,4,Physics+LightGBM,c24,False,88.5447,83.28737361411741
44aabafc8229235e609c,CMP-training-172.csv,4-5-6,4,Physics+LightGBM,c24,False,86.4036,82.84805943227217
469fe532a3eb0c1295ef,CMP-training-072.csv,4-5-6,4,Physics+LightGBM,c24,False,73.97565,74.53779582732466
5ed80e7586cbde7cf1a5,CMP-training-072.csv,4-5-6,4,Physics+LightGBM,c24,False,81.36645,79.32499805585148
60b45564bbfba6195bda,CMP-training-072.csv,4-5-6,4,Physics+LightGBM,c24,False,76.1109,80.26104314040757
61b96069cda3fc5d7af1,CMP-training-172.csv,4-5-6,4,Physics+LightGBM,c24,False,84.94215,77.41568267317857
64e55696aaaf10847115,CMP-training-172.csv,4-5-6,4,Physics+LightGBM,c24,False,89.39055,83.42003520443785
661374271278d0161afd,CMP-training-172.csv,4-5-6,4,Physics+LightGBM,c24,False,88.9599,83.19992446783493
69d4050e3444b11756f0,CMP-training-172.csv,4-5-6,4,Physics+LightGBM,c24,False,91.93665,86.22845436184693
6ea75e8be0c5e05fade9,CMP-training-072.csv,4-5-6,4,Physics+LightGBM,c24,False,73.41675,69.9083058667876
6f0a92816c260d2ea1e9,CMP-training-072.csv,4-5-6,4,Physics+LightGBM,c24,False,82.1631,82.70707389488472
70fa01ac459d75c29619,CMP-training-172.csv,4-5-6,4,Physics+LightGBM,c24,False,97.2468,89.50502555405865
777ffd5adb682574ea5d,CMP-training-072.csv,4-5-6,4,Physics+LightGBM,c24,False,80.36835,77.74616461458183
77bcbcf9c247415a6cef,CMP-training-172.csv,4-5-6,4,Physics+LightGBM,c24,False,83.3088,91.43160906616622
77d1121be7058f070273,CMP-training-072.csv,4-5-6,4,Physics+LightGBM,c24,False,84.2412,81.71264865356922
7bf3c07686d4ffa04fc0,CMP-training-172.csv,4-5-6,4,Physics+LightGBM,c24,False,91.3503,91.2134454832051
7c13d2432c634987725e,CMP-training-072.csv,4-5-6,4,Physics+LightGBM,c24,False,82.3443,78.13424272379305
7cbe15e73e08d27d2372,CMP-training-072.csv,4-5-6,4,Physics+LightGBM,c24,False,68.7492,75.82271787448981
7ce6b784155ee595c853,CMP-training-172.csv,4-5-6,4,Physics+LightGBM,c24,False,87.93255,87.52267150383338
81816c0a630607bac6d3,CMP-training-072.csv,4-5-6,4,Physics+LightGBM,c24,False,78.3654,78.44035000418684
83af60abcd9088be2636,CMP-training-172.csv,4-5-6,4,Physics+LightGBM,c24,False,89.87895,85.62077313319188
83c6242d2df88f297292,CMP-training-172.csv,4-5-6,4,Physics+LightGBM,c24,False,88.94865,89.2937708615056
8b111f0642b1df7ca768,CMP-training-072.csv,4-5-6,4,Physics+LightGBM,c24,False,80.89155,76.13854464801393
8e52c26bcfb416bff2f8,CMP-training-072.csv,4-5-6,4,Physics+LightGBM,c24,False,78.57975,77.45419886461926
92a9ba3a3462d74fa765,CMP-training-072.csv,4-5-6,4,Physics+LightGBM,c24,False,78.2172,74.0572483943963
92c623cbf5e9c180e8c2,CMP-training-072.csv,4-5-6,4,Physics+LightGBM,c24,False,80.3745,81.5940425060582
95f3b01e549a5cad615b,CMP-training-072.csv,4-5-6,4,Physics+LightGBM,c24,False,78.91125,76.77237016192734
99ae8b780ca33195500f,CMP-training-072.csv,4-5-6,4,Physics+LightGBM,c24,False,78.2316,77.82949343584248
9c2030ee3d15c0cc9319,CMP-training-072.csv,4-5-6,4,Physics+LightGBM,c24,False,78.5286,78.79129425298073
9d612778fac72ebccef2,CMP-training-072.csv,4-5-6,4,Physics+LightGBM,c24,False,73.9884,83.21560578351115
a01794651794e191cc5a,CMP-training-072.csv,4-5-6,4,Physics+LightGBM,c24,False,78.95955,74.26901177487225
a227c836484067740bbf,CMP-training-072.csv,4-5-6,4,Physics+LightGBM,c24,False,75.7992,78.52975689796516
a409009e64a69ad11399,CMP-training-072.csv,4-5-6,4,Physics+LightGBM,c24,False,76.24185,77.38709541529954
a515fb8a36b29d7016ce,CMP-training-072.csv,4-5-6,4,Physics+LightGBM,c24,False,80.8818,74.36530402350654
a535eb6c49e22f76e75e,CMP-training-172.csv,4-5-6,4,Physics+LightGBM,c24,False,94.43955,83.16589483484395
a5e299d9e5dfcafb19a2,CMP-training-172.csv,4-5-6,4,Physics+LightGBM,c24,False,91.94895,82.05402352727401
a5f11799d424f1d5b54e,CMP-training-172.csv,4-5-6,4,Physics+LightGBM,c24,False,95.60205,81.55870519695522
a650668bad53ca970e9e,CMP-training-072.csv,4-5-6,4,Physics+LightGBM,c24,False,78.04575,73.43665472170716
a7aa024b03136b75207c,CMP-training-072.csv,4-5-6,4,Physics+LightGBM,c24,False,74.3157,80.74843571463332
a82b217d71ade5180a5f,CMP-training-172.csv,4-5-6,4,Physics+LightGBM,c24,False,86.2092,85.13974434320275
acecdfd90daf157bf752,CMP-training-072.csv,4-5-6,4,Physics+LightGBM,c24,False,76.53525,81.69545080665736
b026833f4b1f1776dd36,CMP-training-072.csv,4-5-6,4,Physics+LightGBM,c24,False,78.2958,74.4604718203623
b3c7600fe9562fe38a90,CMP-training-072.csv,4-5-6,4,Physics+LightGBM,c24,False,79.8621,74.54839621350146
b426a521f8ee659c4136,CMP-training-172.csv,4-5-6,4,Physics+LightGBM,c24,False,83.7024,88.24480161628271
b5b2aa67bd8624ac5c2d,CMP-training-172.csv,4-5-6,4,Physics+LightGBM,c24,False,85.0875,87.32958660072566
b84d284eff85ab45d45b,CMP-training-172.csv,4-5-6,4,Physics+LightGBM,c24,False,87.8307,87.07742792136474
bb87749ca11c8676997b,CMP-training-072.csv,4-5-6,4,Physics+LightGBM,c24,False,70.01865,71.91787838316328
bdc3b74e17d971dd7fc1,CMP-training-172.csv,4-5-6,4,Physics+LightGBM,c24,False,91.86645,87.93880262812195
becf7091bf2cfa7a5ec4,CMP-training-172.csv,4-5-6,4,Physics+LightGBM,c24,False,86.4978,85.01064395346975
c050a6c620e770513657,CMP-training-072.csv,4-5-6,4,Physics+LightGBM,c24,False,85.2246,80.95757716388825
c105463e7c9c436e5eaa,CMP-training-072.csv,4-5-6,4,Physics+LightGBM,c24,False,81.83835,82.001579267713
c2f47b6c3132908e5a24,CMP-training-072.csv,4-5-6,4,Physics+LightGBM,c24,False,74.8554,73.270449242685
c322b8b6d189bae903b5,CMP-training-072.csv,4-5-6,4,Physics+LightGBM,c24,False,81.30195,82.29941328982024
c4079f7d9a90b61e1614,CMP-training-072.csv,4-5-6,4,Physics+LightGBM,c24,False,73.20885,78.81214495330484
c4a259a72b484c35e21f,CMP-training-172.csv,4-5-6,4,Physics+LightGBM,c24,False,81.41025,80.33733241535455
c8333b982d903608eca0,CMP-training-172.csv,4-5-6,4,Physics+LightGBM,c24,False,85.6857,81.63999645377856
c876e7b629376036a637,CMP-training-172.csv,4-5-6,4,Physics+LightGBM,c24,False,89.3127,88.11114520697517
c8d0eb2d8197750d2791,CMP-training-172.csv,4-5-6,4,Physics+LightGBM,c24,False,85.68105,79.84938183752621
c9fbd843b58d5b0ac58e,CMP-training-172.csv,4-5-6,4,Physics+LightGBM,c24,False,87.52425,84.80935778942425
cfd347275ff40c458e05,CMP-training-172.csv,4-5-6,4,Physics+LightGBM,c24,False,85.40175,82.01500842191788
d4a9c565f0a055d7ee67,CMP-training-072.csv,4-5-6,4,Physics+LightGBM,c24,False,79.4604,79.79826843833318
d5c578b6a876bab44f50,CMP-training-172.csv,4-5-6,4,Physics+LightGBM,c24,False,87.43395,85.08961361726367
dd01f6bcecf2b5f8c921,CMP-training-072.csv,4-5-6,4,Physics+LightGBM,c24,False,73.1538,73.3056281528524
de259ed48afe0ce9c8ba,CMP-training-072.csv,4-5-6,4,Physics+LightGBM,c24,False,80.2518,74.81980157980082
e1d58c167e96659a5af8,CMP-training-072.csv,4-5-6,4,Physics+LightGBM,c24,False,82.54545,83.95013924714435
e2ed572c94573a3a9b3f,CMP-training-072.csv,4-5-6,4,Physics+LightGBM,c24,False,78.1854,78.16362629952454
e3111626d2dec47f0526,CMP-training-172.csv,4-5-6,4,Physics+LightGBM,c24,False,95.51445,87.83455041560009
e875d34f202aae8c7207,CMP-training-172.csv,4-5-6,4,Physics+LightGBM,c24,False,93.74595,84.58680360813412
e9e1d21267a96c705e79,CMP-training-072.csv,4-5-6,4,Physics+LightGBM,c24,False,81.4473,78.78033050718042
00289eb3ee0e7914fdc2,CMP-training-072.csv,4-5-6,4,StageMean,c00,False,79.41285,83.16463917525772
0044f341f2ed7a7e2879,CMP-training-072.csv,4-5-6,4,StageMean,c00,False,73.24545,83.16463917525772
014746cf9bda1cedc2ba,CMP-training-072.csv,4-5-6,4,StageMean,c00,False,72.30285,83.16463917525772
025b74b54e01e57dc2bb,CMP-training-172.csv,4-5-6,4,StageMean,c00,False,94.39935,83.16463917525772
026071fc4e76d9c91c7e,CMP-training-172.csv,4-5-6,4,StageMean,c00,False,87.5946,83.16463917525772
0420a570f80294a53cb8,CMP-training-072.csv,4-5-6,4,StageMean,c00,False,84.86895,83.16463917525772
05e91efcdd396502efce,CMP-training-072.csv,4-5-6,4,StageMean,c00,False,79.26135,83.16463917525772
07f829e49f3308e6a223,CMP-training-072.csv,4-5-6,4,StageMean,c00,False,74.9574,83.16463917525772
148cc533345063ad8969,CMP-training-172.csv,4-5-6,4,StageMean,c00,False,87.5064,83.16463917525772
1553a3a5391275d7109d,CMP-training-072.csv,4-5-6,4,StageMean,c00,False,79.38495,83.16463917525772
184127e4e5651dda328e,CMP-training-072.csv,4-5-6,4,StageMean,c00,False,83.4648,83.16463917525772
18c814cfb1f440d688f4,CMP-training-172.csv,4-5-6,4,StageMean,c00,False,91.42185,83.16463917525772
1c3fed56ec689cd57c10,CMP-training-072.csv,4-5-6,4,StageMean,c00,False,79.80435,83.16463917525772
1c6e4907a950418bc00c,CMP-training-072.csv,4-5-6,4,StageMean,c00,False,82.99275,83.16463917525772
1e695550f4e025f3eb4f,CMP-training-172.csv,4-5-6,4,StageMean,c00,False,89.90775,83.16463917525772
20613d7aca4cdedd96ba,CMP-training-072.csv,4-5-6,4,StageMean,c00,False,75.7299,83.16463917525772
21117a366efd44d968f6,CMP-training-072.csv,4-5-6,4,StageMean,c00,False,79.22415,83.16463917525772
231fa13466e8969f19db,CMP-training-172.csv,4-5-6,4,StageMean,c00,False,77.36895,83.16463917525772
2529d5d4a0dbf3e80daf,CMP-training-172.csv,4-5-6,4,StageMean,c00,False,86.5329,83.16463917525772
2a3756ecf573ca5fb122,CMP-training-172.csv,4-5-6,4,StageMean,c00,False,89.34975,83.16463917525772
2cc94b2b7728541f8861,CMP-training-172.csv,4-5-6,4,StageMean,c00,False,87.23535,83.16463917525772
2eab6eb436c3e259dd8d,CMP-training-172.csv,4-5-6,4,StageMean,c00,False,88.36095,83.16463917525772
32a81843125fe49a9351,CMP-training-072.csv,4-5-6,4,StageMean,c00,False,76.95825,83.16463917525772
3af4fea4fd4d16a1c8d0,CMP-training-072.csv,4-5-6,4,StageMean,c00,False,77.9922,83.16463917525772
3bd1069c1c829a2ca0da,CMP-training-072.csv,4-5-6,4,StageMean,c00,False,84.0453,83.16463917525772
3cb9401b01865f958ecf,CMP-training-072.csv,4-5-6,4,StageMean,c00,False,72.0225,83.16463917525772
3d9dc3b8032cead14c80,CMP-training-172.csv,4-5-6,4,StageMean,c00,False,88.18395,83.16463917525772
3e8cd90ff912a0de928a,CMP-training-172.csv,4-5-6,4,StageMean,c00,False,88.15185,83.16463917525772
3f5bfa850d18f20d4fb2,CMP-training-072.csv,4-5-6,4,StageMean,c00,False,70.3251,83.16463917525772
3fbac532c45b9fbe0efa,CMP-training-072.csv,4-5-6,4,StageMean,c00,False,83.64375,83.16463917525772
4071d38d9469e642c058,CMP-training-072.csv,4-5-6,4,StageMean,c00,False,81.73245,83.16463917525772
41f9196246973f9d4299,CMP-training-172.csv,4-5-6,4,StageMean,c00,False,89.0343,83.16463917525772
42c6318158bf05f3bc60,CMP-training-172.csv,4-5-6,4,StageMean,c00,False,88.5447,83.16463917525772
44aabafc8229235e609c,CMP-training-172.csv,4-5-6,4,StageMean,c00,False,86.4036,83.16463917525772
469fe532a3eb0c1295ef,CMP-training-072.csv,4-5-6,4,StageMean,c00,False,73.97565,83.16463917525772
5ed80e7586cbde7cf1a5,CMP-training-072.csv,4-5-6,4,StageMean,c00,False,81.36645,83.16463917525772
60b45564bbfba6195bda,CMP-training-072.csv,4-5-6,4,StageMean,c00,False,76.1109,83.16463917525772
61b96069cda3fc5d7af1,CMP-training-172.csv,4-5-6,4,StageMean,c00,False,84.94215,83.16463917525772
64e55696aaaf10847115,CMP-training-172.csv,4-5-6,4,StageMean,c00,False,89.39055,83.16463917525772
661374271278d0161afd,CMP-training-172.csv,4-5-6,4,StageMean,c00,False,88.9599,83.16463917525772
69d4050e3444b11756f0,CMP-training-172.csv,4-5-6,4,StageMean,c00,False,91.93665,83.16463917525772
6ea75e8be0c5e05fade9,CMP-training-072.csv,4-5-6,4,StageMean,c00,False,73.41675,83.16463917525772
6f0a92816c260d2ea1e9,CMP-training-072.csv,4-5-6,4,StageMean,c00,False,82.1631,83.16463917525772
70fa01ac459d75c29619,CMP-training-172.csv,4-5-6,4,StageMean,c00,False,97.2468,83.16463917525772
777ffd5adb682574ea5d,CMP-training-072.csv,4-5-6,4,StageMean,c00,False,80.36835,83.16463917525772
77bcbcf9c247415a6cef,CMP-training-172.csv,4-5-6,4,StageMean,c00,False,83.3088,83.16463917525772
77d1121be7058f070273,CMP-training-072.csv,4-5-6,4,StageMean,c00,False,84.2412,83.16463917525772
7bf3c07686d4ffa04fc0,CMP-training-172.csv,4-5-6,4,StageMean,c00,False,91.3503,83.16463917525772
7c13d2432c634987725e,CMP-training-072.csv,4-5-6,4,StageMean,c00,False,82.3443,83.16463917525772
7cbe15e73e08d27d2372,CMP-training-072.csv,4-5-6,4,StageMean,c00,False,68.7492,83.16463917525772
7ce6b784155ee595c853,CMP-training-172.csv,4-5-6,4,StageMean,c00,False,87.93255,83.16463917525772
81816c0a630607bac6d3,CMP-training-072.csv,4-5-6,4,StageMean,c00,False,78.3654,83.16463917525772
83af60abcd9088be2636,CMP-training-172.csv,4-5-6,4,StageMean,c00,False,89.87895,83.16463917525772
83c6242d2df88f297292,CMP-training-172.csv,4-5-6,4,StageMean,c00,False,88.94865,83.16463917525772
8b111f0642b1df7ca768,CMP-training-072.csv,4-5-6,4,StageMean,c00,False,80.89155,83.16463917525772
8e52c26bcfb416bff2f8,CMP-training-072.csv,4-5-6,4,StageMean,c00,False,78.57975,83.16463917525772
92a9ba3a3462d74fa765,CMP-training-072.csv,4-5-6,4,StageMean,c00,False,78.2172,83.16463917525772
92c623cbf5e9c180e8c2,CMP-training-072.csv,4-5-6,4,StageMean,c00,False,80.3745,83.16463917525772
95f3b01e549a5cad615b,CMP-training-072.csv,4-5-6,4,StageMean,c00,False,78.91125,83.16463917525772
99ae8b780ca33195500f,CMP-training-072.csv,4-5-6,4,StageMean,c00,False,78.2316,83.16463917525772
9c2030ee3d15c0cc9319,CMP-training-072.csv,4-5-6,4,StageMean,c00,False,78.5286,83.16463917525772
9d612778fac72ebccef2,CMP-training-072.csv,4-5-6,4,StageMean,c00,False,73.9884,83.16463917525772
a01794651794e191cc5a,CMP-training-072.csv,4-5-6,4,StageMean,c00,False,78.95955,83.16463917525772
a227c836484067740bbf,CMP-training-072.csv,4-5-6,4,StageMean,c00,False,75.7992,83.16463917525772
a409009e64a69ad11399,CMP-training-072.csv,4-5-6,4,StageMean,c00,False,76.24185,83.16463917525772
a515fb8a36b29d7016ce,CMP-training-072.csv,4-5-6,4,StageMean,c00,False,80.8818,83.16463917525772
a535eb6c49e22f76e75e,CMP-training-172.csv,4-5-6,4,StageMean,c00,False,94.43955,83.16463917525772
a5e299d9e5dfcafb19a2,CMP-training-172.csv,4-5-6,4,StageMean,c00,False,91.94895,83.16463917525772
a5f11799d424f1d5b54e,CMP-training-172.csv,4-5-6,4,StageMean,c00,False,95.60205,83.16463917525772
a650668bad53ca970e9e,CMP-training-072.csv,4-5-6,4,StageMean,c00,False,78.04575,83.16463917525772
a7aa024b03136b75207c,CMP-training-072.csv,4-5-6,4,StageMean,c00,False,74.3157,83.16463917525772
a82b217d71ade5180a5f,CMP-training-172.csv,4-5-6,4,StageMean,c00,False,86.2092,83.16463917525772
acecdfd90daf157bf752,CMP-training-072.csv,4-5-6,4,StageMean,c00,False,76.53525,83.16463917525772
b026833f4b1f1776dd36,CMP-training-072.csv,4-5-6,4,StageMean,c00,False,78.2958,83.16463917525772
b3c7600fe9562fe38a90,CMP-training-072.csv,4-5-6,4,StageMean,c00,False,79.8621,83.16463917525772
b426a521f8ee659c4136,CMP-training-172.csv,4-5-6,4,StageMean,c00,False,83.7024,83.16463917525772
b5b2aa67bd8624ac5c2d,CMP-training-172.csv,4-5-6,4,StageMean,c00,False,85.0875,83.16463917525772
b84d284eff85ab45d45b,CMP-training-172.csv,4-5-6,4,StageMean,c00,False,87.8307,83.16463917525772
bb87749ca11c8676997b,CMP-training-072.csv,4-5-6,4,StageMean,c00,False,70.01865,83.16463917525772
bdc3b74e17d971dd7fc1,CMP-training-172.csv,4-5-6,4,StageMean,c00,False,91.86645,83.16463917525772
becf7091bf2cfa7a5ec4,CMP-training-172.csv,4-5-6,4,StageMean,c00,False,86.4978,83.16463917525772
c050a6c620e770513657,CMP-training-072.csv,4-5-6,4,StageMean,c00,False,85.2246,83.16463917525772
c105463e7c9c436e5eaa,CMP-training-072.csv,4-5-6,4,StageMean,c00,False,81.83835,83.16463917525772
c2f47b6c3132908e5a24,CMP-training-072.csv,4-5-6,4,StageMean,c00,False,74.8554,83.16463917525772
c322b8b6d189bae903b5,CMP-training-072.csv,4-5-6,4,StageMean,c00,False,81.30195,83.16463917525772
c4079f7d9a90b61e1614,CMP-training-072.csv,4-5-6,4,StageMean,c00,False,73.20885,83.16463917525772
c4a259a72b484c35e21f,CMP-training-172.csv,4-5-6,4,StageMean,c00,False,81.41025,83.16463917525772
c8333b982d903608eca0,CMP-training-172.csv,4-5-6,4,StageMean,c00,False,85.6857,83.16463917525772
c876e7b629376036a637,CMP-training-172.csv,4-5-6,4,StageMean,c00,False,89.3127,83.16463917525772
c8d0eb2d8197750d2791,CMP-training-172.csv,4-5-6,4,StageMean,c00,False,85.68105,83.16463917525772
c9fbd843b58d5b0ac58e,CMP-training-172.csv,4-5-6,4,StageMean,c00,False,87.52425,83.16463917525772
cfd347275ff40c458e05,CMP-training-172.csv,4-5-6,4,StageMean,c00,False,85.40175,83.16463917525772
d4a9c565f0a055d7ee67,CMP-training-072.csv,4-5-6,4,StageMean,c00,False,79.4604,83.16463917525772
d5c578b6a876bab44f50,CMP-training-172.csv,4-5-6,4,StageMean,c00,False,87.43395,83.16463917525772
dd01f6bcecf2b5f8c921,CMP-training-072.csv,4-5-6,4,StageMean,c00,False,73.1538,83.16463917525772
de259ed48afe0ce9c8ba,CMP-training-072.csv,4-5-6,4,StageMean,c00,False,80.2518,83.16463917525772
e1d58c167e96659a5af8,CMP-training-072.csv,4-5-6,4,StageMean,c00,False,82.54545,83.16463917525772
e2ed572c94573a3a9b3f,CMP-training-072.csv,4-5-6,4,StageMean,c00,False,78.1854,83.16463917525772
e3111626d2dec47f0526,CMP-training-172.csv,4-5-6,4,StageMean,c00,False,95.51445,83.16463917525772
e875d34f202aae8c7207,CMP-training-172.csv,4-5-6,4,StageMean,c00,False,93.74595,83.16463917525772
e9e1d21267a96c705e79,CMP-training-072.csv,4-5-6,4,StageMean,c00,False,81.4473,83.16463917525772
00289eb3ee0e7914fdc2,CMP-training-072.csv,4-5-6,4,PrestonInspired,c01,False,79.41285,82.01973177811195
0044f341f2ed7a7e2879,CMP-training-072.csv,4-5-6,4,PrestonInspired,c01,False,73.24545,83.73459956919412
014746cf9bda1cedc2ba,CMP-training-072.csv,4-5-6,4,PrestonInspired,c01,False,72.30285,85.1767538348053
025b74b54e01e57dc2bb,CMP-training-172.csv,4-5-6,4,PrestonInspired,c01,False,94.39935,83.7602333447337
026071fc4e76d9c91c7e,CMP-training-172.csv,4-5-6,4,PrestonInspired,c01,False,87.5946,87.68560590618898
0420a570f80294a53cb8,CMP-training-072.csv,4-5-6,4,PrestonInspired,c01,False,84.86895,84.66241922343615
05e91efcdd396502efce,CMP-training-072.csv,4-5-6,4,PrestonInspired,c01,False,79.26135,84.44011214677882
07f829e49f3308e6a223,CMP-training-072.csv,4-5-6,4,PrestonInspired,c01,False,74.9574,81.67911229563211
148cc533345063ad8969,CMP-training-172.csv,4-5-6,4,PrestonInspired,c01,False,87.5064,87.1604813376681
1553a3a5391275d7109d,CMP-training-072.csv,4-5-6,4,PrestonInspired,c01,False,79.38495,84.32818317472774
184127e4e5651dda328e,CMP-training-072.csv,4-5-6,4,PrestonInspired,c01,False,83.4648,80.75407611346431
18c814cfb1f440d688f4,CMP-training-172.csv,4-5-6,4,PrestonInspired,c01,False,91.42185,84.19454260532842
1c3fed56ec689cd57c10,CMP-training-072.csv,4-5-6,4,PrestonInspired,c01,False,79.80435,82.30243933340968
1c6e4907a950418bc00c,CMP-training-072.csv,4-5-6,4,PrestonInspired,c01,False,82.99275,84.166912854497
1e695550f4e025f3eb4f,CMP-training-172.csv,4-5-6,4,PrestonInspired,c01,False,89.90775,85.51164971088659
20613d7aca4cdedd96ba,CMP-training-072.csv,4-5-6,4,PrestonInspired,c01,False,75.7299,78.79351936973484
21117a366efd44d968f6,CMP-training-072.csv,4-5-6,4,PrestonInspired,c01,False,79.22415,79.83084233253327
231fa13466e8969f19db,CMP-training-172.csv,4-5-6,4,PrestonInspired,c01,False,77.36895,86.31742170988163
2529d5d4a0dbf3e80daf,CMP-training-172.csv,4-5-6,4,PrestonInspired,c01,False,86.5329,86.16798073534518
2a3756ecf573ca5fb122,CMP-training-172.csv,4-5-6,4,PrestonInspired,c01,False,89.34975,87.17138622476146
2cc94b2b7728541f8861,CMP-training-172.csv,4-5-6,4,PrestonInspired,c01,False,87.23535,89.379258046168
2eab6eb436c3e259dd8d,CMP-training-172.csv,4-5-6,4,PrestonInspired,c01,False,88.36095,87.3995014438477
32a81843125fe49a9351,CMP-training-072.csv,4-5-6,4,PrestonInspired,c01,False,76.95825,83.43900593056081
3af4fea4fd4d16a1c8d0,CMP-training-072.csv,4-5-6,4,PrestonInspired,c01,False,77.9922,81.15284054556824
3bd1069c1c829a2ca0da,CMP-training-072.csv,4-5-6,4,PrestonInspired,c01,False,84.0453,80.60117688558391
3cb9401b01865f958ecf,CMP-training-072.csv,4-5-6,4,PrestonInspired,c01,False,72.0225,83.67061773380699
3d9dc3b8032cead14c80,CMP-training-172.csv,4-5-6,4,PrestonInspired,c01,False,88.18395,86.0901624098432
3e8cd90ff912a0de928a,CMP-training-172.csv,4-5-6,4,PrestonInspired,c01,False,88.15185,86.5579959257005
3f5bfa850d18f20d4fb2,CMP-training-072.csv,4-5-6,4,PrestonInspired,c01,False,70.3251,83.11064966155111
3fbac532c45b9fbe0efa,CMP-training-072.csv,4-5-6,4,PrestonInspired,c01,False,83.64375,80.51583227861771
4071d38d9469e642c058,CMP-training-072.csv,4-5-6,4,PrestonInspired,c01,False,81.73245,82.41141436362568
41f9196246973f9d4299,CMP-training-172.csv,4-5-6,4,PrestonInspired,c01,False,89.0343,82.17451190917338
42c6318158bf05f3bc60,CMP-training-172.csv,4-5-6,4,PrestonInspired,c01,False,88.5447,85.40861516940869
44aabafc8229235e609c,CMP-training-172.csv,4-5-6,4,PrestonInspired,c01,False,86.4036,83.70206547505204
469fe532a3eb0c1295ef,CMP-training-072.csv,4-5-6,4,PrestonInspired,c01,False,73.97565,82.45177953660665
5ed80e7586cbde7cf1a5,CMP-training-072.csv,4-5-6,4,PrestonInspired,c01,False,81.36645,81.05234665048594
60b45564bbfba6195bda,CMP-training-072.csv,4-5-6,4,PrestonInspired,c01,False,76.1109,84.60294839776108
61b96069cda3fc5d7af1,CMP-training-172.csv,4-5-6,4,PrestonInspired,c01,False,84.94215,80.8028201630458
64e55696aaaf10847115,CMP-training-172.csv,4-5-6,4,PrestonInspired,c01,False,89.39055,84.52818989233775
661374271278d0161afd,CMP-training-172.csv,4-5-6,4,PrestonInspired,c01,False,88.9599,87.16862593710106
69d4050e3444b11756f0,CMP-training-172.csv,4-5-6,4,PrestonInspired,c01,False,91.93665,84.46678160810306
6ea75e8be0c5e05fade9,CMP-training-072.csv,4-5-6,4,PrestonInspired,c01,False,73.41675,82.2416190997866
6f0a92816c260d2ea1e9,CMP-training-072.csv,4-5-6,4,PrestonInspired,c01,False,82.1631,81.48706724882948
70fa01ac459d75c29619,CMP-training-172.csv,4-5-6,4,PrestonInspired,c01,False,97.2468,88.29484681279949
777ffd5adb682574ea5d,CMP-training-072.csv,4-5-6,4,PrestonInspired,c01,False,80.36835,84.53494120716402
77bcbcf9c247415a6cef,CMP-training-172.csv,4-5-6,4,PrestonInspired,c01,False,83.3088,88.9340801848269
77d1121be7058f070273,CMP-training-072.csv,4-5-6,4,PrestonInspired,c01,False,84.2412,82.50239000018964
7bf3c07686d4ffa04fc0,CMP-training-172.csv,4-5-6,4,PrestonInspired,c01,False,91.3503,89.91636459370076
7c13d2432c634987725e,CMP-training-072.csv,4-5-6,4,PrestonInspired,c01,False,82.3443,80.80668905219837
7cbe15e73e08d27d2372,CMP-training-072.csv,4-5-6,4,PrestonInspired,c01,False,68.7492,79.5584675609219
7ce6b784155ee595c853,CMP-training-172.csv,4-5-6,4,PrestonInspired,c01,False,87.93255,85.28532110005223
81816c0a630607bac6d3,CMP-training-072.csv,4-5-6,4,PrestonInspired,c01,False,78.3654,80.35508141178616
83af60abcd9088be2636,CMP-training-172.csv,4-5-6,4,PrestonInspired,c01,False,89.87895,85.83763408322889
83c6242d2df88f297292,CMP-training-172.csv,4-5-6,4,PrestonInspired,c01,False,88.94865,87.37794684592441
8b111f0642b1df7ca768,CMP-training-072.csv,4-5-6,4,PrestonInspired,c01,False,80.89155,83.89328492685124
8e52c26bcfb416bff2f8,CMP-training-072.csv,4-5-6,4,PrestonInspired,c01,False,78.57975,84.94998623619915
92a9ba3a3462d74fa765,CMP-training-072.csv,4-5-6,4,PrestonInspired,c01,False,78.2172,81.6098731790072
92c623cbf5e9c180e8c2,CMP-training-072.csv,4-5-6,4,PrestonInspired,c01,False,80.3745,81.93078557363191
95f3b01e549a5cad615b,CMP-training-072.csv,4-5-6,4,PrestonInspired,c01,False,78.91125,82.43784795267788
99ae8b780ca33195500f,CMP-training-072.csv,4-5-6,4,PrestonInspired,c01,False,78.2316,82.2796285093573
9c2030ee3d15c0cc9319,CMP-training-072.csv,4-5-6,4,PrestonInspired,c01,False,78.5286,82.12740676217942
9d612778fac72ebccef2,CMP-training-072.csv,4-5-6,4,PrestonInspired,c01,False,73.9884,85.1301199909606
a01794651794e191cc5a,CMP-training-072.csv,4-5-6,4,PrestonInspired,c01,False,78.95955,81.74174062491431
a227c836484067740bbf,CMP-training-072.csv,4-5-6,4,PrestonInspired,c01,False,75.7992,82.0589923441195
a409009e64a69ad11399,CMP-training-072.csv,4-5-6,4,PrestonInspired,c01,False,76.24185,84.15349973790943
a515fb8a36b29d7016ce,CMP-training-072.csv,4-5-6,4,PrestonInspired,c01,False,80.8818,80.3884158365563
a535eb6c49e22f76e75e,CMP-training-172.csv,4-5-6,4,PrestonInspired,c01,False,94.43955,88.09753695922979
a5e299d9e5dfcafb19a2,CMP-training-172.csv,4-5-6,4,PrestonInspired,c01,False,91.94895,81.84344407980723
a5f11799d424f1d5b54e,CMP-training-172.csv,4-5-6,4,PrestonInspired,c01,False,95.60205,80.52477273852051
a650668bad53ca970e9e,CMP-training-072.csv,4-5-6,4,PrestonInspired,c01,False,78.04575,80.52234474046436
a7aa024b03136b75207c,CMP-training-072.csv,4-5-6,4,PrestonInspired,c01,False,74.3157,83.85144556706828
a82b217d71ade5180a5f,CMP-training-172.csv,4-5-6,4,PrestonInspired,c01,False,86.2092,86.93644214945098
acecdfd90daf157bf752,CMP-training-072.csv,4-5-6,4,PrestonInspired,c01,False,76.53525,84.92412220216497
b026833f4b1f1776dd36,CMP-training-072.csv,4-5-6,4,PrestonInspired,c01,False,78.2958,80.80491517260859
b3c7600fe9562fe38a90,CMP-training-072.csv,4-5-6,4,PrestonInspired,c01,False,79.8621,80.83594981702194
b426a521f8ee659c4136,CMP-training-172.csv,4-5-6,4,PrestonInspired,c01,False,83.7024,89.01257242690765
b5b2aa67bd8624ac5c2d,CMP-training-172.csv,4-5-6,4,PrestonInspired,c01,False,85.0875,89.02596931311777
b84d284eff85ab45d45b,CMP-training-172.csv,4-5-6,4,PrestonInspired,c01,False,87.8307,85.36252969603524
bb87749ca11c8676997b,CMP-training-072.csv,4-5-6,4,PrestonInspired,c01,False,70.01865,83.92034687299615
bdc3b74e17d971dd7fc1,CMP-training-172.csv,4-5-6,4,PrestonInspired,c01,False,91.86645,85.54850788803074
becf7091bf2cfa7a5ec4,CMP-training-172.csv,4-5-6,4,PrestonInspired,c01,False,86.4978,85.31382988441163
c050a6c620e770513657,CMP-training-072.csv,4-5-6,4,PrestonInspired,c01,False,85.2246,82.32127625182737
c105463e7c9c436e5eaa,CMP-training-072.csv,4-5-6,4,PrestonInspired,c01,False,81.83835,82.50644321310378
c2f47b6c3132908e5a24,CMP-training-072.csv,4-5-6,4,PrestonInspired,c01,False,74.8554,82.57208773393789
c322b8b6d189bae903b5,CMP-training-072.csv,4-5-6,4,PrestonInspired,c01,False,81.30195,80.16604286882938
c4079f7d9a90b61e1614,CMP-training-072.csv,4-5-6,4,PrestonInspired,c01,False,73.20885,84.32760632294818
c4a259a72b484c35e21f,CMP-training-172.csv,4-5-6,4,PrestonInspired,c01,False,81.41025,85.7950387553159
c8333b982d903608eca0,CMP-training-172.csv,4-5-6,4,PrestonInspired,c01,False,85.6857,86.12846169530113
c876e7b629376036a637,CMP-training-172.csv,4-5-6,4,PrestonInspired,c01,False,89.3127,87.14293451610185
c8d0eb2d8197750d2791,CMP-training-172.csv,4-5-6,4,PrestonInspired,c01,False,85.68105,85.24255360568033
c9fbd843b58d5b0ac58e,CMP-training-172.csv,4-5-6,4,PrestonInspired,c01,False,87.52425,84.08511592884963
cfd347275ff40c458e05,CMP-training-172.csv,4-5-6,4,PrestonInspired,c01,False,85.40175,86.49369762117817
d4a9c565f0a055d7ee67,CMP-training-072.csv,4-5-6,4,PrestonInspired,c01,False,79.4604,82.69238433000896
d5c578b6a876bab44f50,CMP-training-172.csv,4-5-6,4,PrestonInspired,c01,False,87.43395,85.06090526618603
dd01f6bcecf2b5f8c921,CMP-training-072.csv,4-5-6,4,PrestonInspired,c01,False,73.1538,83.18730871651572
de259ed48afe0ce9c8ba,CMP-training-072.csv,4-5-6,4,PrestonInspired,c01,False,80.2518,80.4264532888902
e1d58c167e96659a5af8,CMP-training-072.csv,4-5-6,4,PrestonInspired,c01,False,82.54545,82.77501628986293
e2ed572c94573a3a9b3f,CMP-training-072.csv,4-5-6,4,PrestonInspired,c01,False,78.1854,82.06186626202998
e3111626d2dec47f0526,CMP-training-172.csv,4-5-6,4,PrestonInspired,c01,False,95.51445,85.56849516010266
e875d34f202aae8c7207,CMP-training-172.csv,4-5-6,4,PrestonInspired,c01,False,93.74595,83.92627541170867
e9e1d21267a96c705e79,CMP-training-072.csv,4-5-6,4,PrestonInspired,c01,False,81.4473,81.100764049656
