policy,condition,variant,feature,importance
retrospective,Cond1,base_direct,lag_1,20.161825972364706
retrospective,Cond1,base_direct,lag_2,0.39112351882845203
retrospective,Cond1,base_direct,lag_3,0.7390057255420119
retrospective,Cond1,base_direct,lag_4,0.36626848144471685
retrospective,Cond1,base_direct,lag_5,0.0
retrospective,Cond1,base_direct,lag_6,0.08685398726351164
retrospective,Cond1,base_direct,lag_7,0.09413462915964296
retrospective,Cond1,base_direct,lag_8,0.6456289166002063
retrospective,Cond1,base_direct,lag_9,0.32380392487485504
retrospective,Cond1,base_direct,lag_10,0.4339686054756014
retrospective,Cond1,base_direct,lag_11,2.210707035800523
retrospective,Cond1,base_direct,neighbor_1,3.7653726546770248
retrospective,Cond1,base_direct,neighbor_2,1.6598946241031665
retrospective,Cond1,base_direct,neighbor_3,1.9733661949947532
retrospective,Cond1,base_direct,neighbor_4,0.8040475732480332
retrospective,Cond1,base_direct,neighbor_5,0.9830092403297144
retrospective,Cond1,base_direct,neighbor_6,1.4324229065966254
retrospective,Cond1,base_direct,neighbor_7,2.738861249642982
retrospective,Cond1,base_direct,neighbor_8,0.5020602130055989
retrospective,Cond1,base_direct,neighbor_9,0.9165973376581421
retrospective,Cond1,base_direct,neighbor_10,0.37468816379830705
retrospective,Cond1,base_direct,p2_primary_CENTER_AIR_BAG_PRESSURE_auc,0.8533729053722742
retrospective,Cond1,base_direct,p2_primary_CENTER_AIR_BAG_PRESSURE_mean,0.0
retrospective,Cond1,base_direct,p2_primary_CENTER_AIR_BAG_PRESSURE_std,0.0
retrospective,Cond1,base_direct,p2_primary_DRESSING_WATER_STATUS_auc,0.35187428966287854
retrospective,Cond1,base_direct,p2_primary_DRESSING_WATER_STATUS_mean,0.7248042419211651
retrospective,Cond1,base_direct,p2_primary_DRESSING_WATER_STATUS_std,0.0
retrospective,Cond1,base_direct,p2_primary_EDGE_AIR_BAG_PRESSURE_auc,1.0298138972492936
retrospective,Cond1,base_direct,p2_primary_EDGE_AIR_BAG_PRESSURE_mean,0.0
retrospective,Cond1,base_direct,p2_primary_EDGE_AIR_BAG_PRESSURE_std,0.19635998930554416
retrospective,Cond1,base_direct,p2_primary_HEAD_ROTATION_mean,0.11768386716104952
retrospective,Cond1,base_direct,p2_primary_MAIN_OUTER_AIR_BAG_PRESSURE_auc,5.272005979184058
retrospective,Cond1,base_direct,p2_primary_MAIN_OUTER_AIR_BAG_PRESSURE_mean,0.017652844154686723
retrospective,Cond1,base_direct,p2_primary_MAIN_OUTER_AIR_BAG_PRESSURE_std,1.2277226866468804
retrospective,Cond1,base_direct,p2_primary_PRESSURIZED_CHAMBER_PRESSURE_auc,17.361039394310612
retrospective,Cond1,base_direct,p2_primary_PRESSURIZED_CHAMBER_PRESSURE_mean,1.0845797309349614
retrospective,Cond1,base_direct,p2_primary_PRESSURIZED_CHAMBER_PRESSURE_std,0.1501474490344205
retrospective,Cond1,base_direct,p2_primary_RETAINER_RING_PRESSURE_auc,0.0
retrospective,Cond1,base_direct,p2_primary_RETAINER_RING_PRESSURE_mean,0.37531130717628886
retrospective,Cond1,base_direct,p2_primary_RETAINER_RING_PRESSURE_std,0.038841534368120025
retrospective,Cond1,base_direct,p2_primary_RIPPLE_AIR_BAG_PRESSURE_auc,0.0
retrospective,Cond1,base_direct,p2_primary_RIPPLE_AIR_BAG_PRESSURE_mean,0.0
retrospective,Cond1,base_direct,p2_primary_RIPPLE_AIR_BAG_PRESSURE_std,0.5466467883042431
retrospective,Cond1,base_direct,p2_primary_SLURRY_FLOW_LINE_A_auc,2.151660403481469
retrospective,Cond1,base_direct,p2_primary_SLURRY_FLOW_LINE_A_mean,0.9859515679510169
retrospective,Cond1,base_direct,p2_primary_SLURRY_FLOW_LINE_A_std,0.5930311887849953
retrospective,Cond1,base_direct,p2_primary_SLURRY_FLOW_LINE_B_auc,0.20138524864851073
retrospective,Cond1,base_direct,p2_primary_SLURRY_FLOW_LINE_B_mean,0.12826480310968358
retrospective,Cond1,base_direct,p2_primary_SLURRY_FLOW_LINE_B_std,0.0
retrospective,Cond1,base_direct,p2_primary_SLURRY_FLOW_LINE_C_auc,1.4429287359949117
retrospective,Cond1,base_direct,p2_primary_SLURRY_FLOW_LINE_C_mean,0.31333853375181503
retrospective,Cond1,base_direct,p2_primary_SLURRY_FLOW_LINE_C_std,0.38624259113281356
retrospective,Cond1,base_direct,p2_primary_STAGE_ROTATION_mean,0.03607024198135893
retrospective,Cond1,base_direct,p2_primary_USAGE_OF_BACKING_FILM_decreasing,0.3157062142519824
retrospective,Cond1,base_direct,p2_primary_USAGE_OF_BACKING_FILM_mean,1.6427848645122411
retrospective,Cond1,base_direct,p2_primary_USAGE_OF_BACKING_FILM_std,0.08843961605187259
retrospective,Cond1,base_direct,p2_primary_USAGE_OF_DRESSER_TABLE_decreasing,0.024632179414272398
retrospective,Cond1,base_direct,p2_primary_USAGE_OF_DRESSER_TABLE_mean,4.172036709502064
retrospective,Cond1,base_direct,p2_primary_USAGE_OF_DRESSER_TABLE_std,0.04341643124743719
retrospective,Cond1,base_direct,p2_primary_USAGE_OF_DRESSER_decreasing,0.051798869172824516
retrospective,Cond1,base_direct,p2_primary_USAGE_OF_DRESSER_mean,9.314424243110098
retrospective,Cond1,base_direct,p2_primary_USAGE_OF_DRESSER_std,0.0578923899942117
retrospective,Cond1,base_direct,p2_primary_USAGE_OF_MEMBRANE_decreasing,0.15786553590741895
retrospective,Cond1,base_direct,p2_primary_USAGE_OF_MEMBRANE_mean,0.0
retrospective,Cond1,base_direct,p2_primary_USAGE_OF_MEMBRANE_std,0.06497050974510533
retrospective,Cond1,base_direct,p2_primary_USAGE_OF_POLISHING_TABLE_decreasing,0.27733296319286704
retrospective,Cond1,base_direct,p2_primary_USAGE_OF_POLISHING_TABLE_mean,0.5412448491675036
retrospective,Cond1,base_direct,p2_primary_USAGE_OF_POLISHING_TABLE_std,0.02795504853519325
retrospective,Cond1,base_direct,p2_primary_USAGE_OF_PRESSURIZED_SHEET_decreasing,0.014960734403372535
retrospective,Cond1,base_direct,p2_primary_USAGE_OF_PRESSURIZED_SHEET_mean,0.0
retrospective,Cond1,base_direct,p2_primary_USAGE_OF_PRESSURIZED_SHEET_std,0.0
retrospective,Cond1,base_direct,p2_primary_WAFER_ROTATION_mean,0.08782434935715902
retrospective,Cond1,base_direct,p2_primary_duration,0.0
retrospective,Cond1,base_direct,p2_secondary_CENTER_AIR_BAG_PRESSURE_auc,0.0
retrospective,Cond1,base_direct,p2_secondary_CENTER_AIR_BAG_PRESSURE_mean,0.0
retrospective,Cond1,base_direct,p2_secondary_CENTER_AIR_BAG_PRESSURE_std,0.0895040851030593
retrospective,Cond1,base_direct,p2_secondary_DRESSING_WATER_STATUS_auc,0.00788867048534765
retrospective,Cond1,base_direct,p2_secondary_DRESSING_WATER_STATUS_mean,0.0
retrospective,Cond1,base_direct,p2_secondary_DRESSING_WATER_STATUS_std,0.0
retrospective,Cond1,base_direct,p2_secondary_EDGE_AIR_BAG_PRESSURE_auc,0.062065372127421664
retrospective,Cond1,base_direct,p2_secondary_EDGE_AIR_BAG_PRESSURE_mean,0.07524437091244433
retrospective,Cond1,base_direct,p2_secondary_EDGE_AIR_BAG_PRESSURE_std,0.0
retrospective,Cond1,base_direct,p2_secondary_HEAD_ROTATION_mean,0.33667827876768064
retrospective,Cond1,base_direct,p2_secondary_MAIN_OUTER_AIR_BAG_PRESSURE_auc,0.0
retrospective,Cond1,base_direct,p2_secondary_MAIN_OUTER_AIR_BAG_PRESSURE_mean,0.0
retrospective,Cond1,base_direct,p2_secondary_MAIN_OUTER_AIR_BAG_PRESSURE_std,0.0
retrospective,Cond1,base_direct,p2_secondary_PRESSURIZED_CHAMBER_PRESSURE_auc,0.031618221797762684
retrospective,Cond1,base_direct,p2_secondary_PRESSURIZED_CHAMBER_PRESSURE_mean,0.0
retrospective,Cond1,base_direct,p2_secondary_PRESSURIZED_CHAMBER_PRESSURE_std,0.0
retrospective,Cond1,base_direct,p2_secondary_RETAINER_RING_PRESSURE_auc,0.09274295923193547
retrospective,Cond1,base_direct,p2_secondary_RETAINER_RING_PRESSURE_mean,0.0
retrospective,Cond1,base_direct,p2_secondary_RETAINER_RING_PRESSURE_std,0.09256350826003587
retrospective,Cond1,base_direct,p2_secondary_RIPPLE_AIR_BAG_PRESSURE_auc,0.29095716859703524
retrospective,Cond1,base_direct,p2_secondary_RIPPLE_AIR_BAG_PRESSURE_mean,0.0
retrospective,Cond1,base_direct,p2_secondary_RIPPLE_AIR_BAG_PRESSURE_std,0.0
retrospective,Cond1,base_direct,p2_secondary_SLURRY_FLOW_LINE_A_auc,0.18937140138668326
retrospective,Cond1,base_direct,p2_secondary_SLURRY_FLOW_LINE_A_mean,0.05224327982679999
retrospective,Cond1,base_direct,p2_secondary_SLURRY_FLOW_LINE_A_std,0.3942184089106346
retrospective,Cond1,base_direct,p2_secondary_SLURRY_FLOW_LINE_B_auc,0.0
retrospective,Cond1,base_direct,p2_secondary_SLURRY_FLOW_LINE_B_mean,0.024448039931164935
retrospective,Cond1,base_direct,p2_secondary_SLURRY_FLOW_LINE_B_std,0.03787076638471844
retrospective,Cond1,base_direct,p2_secondary_SLURRY_FLOW_LINE_C_auc,0.4996433037294224
retrospective,Cond1,base_direct,p2_secondary_SLURRY_FLOW_LINE_C_mean,0.0
retrospective,Cond1,base_direct,p2_secondary_SLURRY_FLOW_LINE_C_std,0.04864990036488558
retrospective,Cond1,base_direct,p2_secondary_STAGE_ROTATION_mean,0.22103270906649086
retrospective,Cond1,base_direct,p2_secondary_USAGE_OF_BACKING_FILM_decreasing,0.0
retrospective,Cond1,base_direct,p2_secondary_USAGE_OF_BACKING_FILM_mean,0.23219759762873018
retrospective,Cond1,base_direct,p2_secondary_USAGE_OF_BACKING_FILM_std,0.0
retrospective,Cond1,base_direct,p2_secondary_USAGE_OF_DRESSER_TABLE_decreasing,0.0
retrospective,Cond1,base_direct,p2_secondary_USAGE_OF_DRESSER_TABLE_mean,0.6777366054621249
retrospective,Cond1,base_direct,p2_secondary_USAGE_OF_DRESSER_TABLE_std,0.0
retrospective,Cond1,base_direct,p2_secondary_USAGE_OF_DRESSER_decreasing,0.1348665458349442
retrospective,Cond1,base_direct,p2_secondary_USAGE_OF_DRESSER_mean,2.2429028162019087
retrospective,Cond1,base_direct,p2_secondary_USAGE_OF_DRESSER_std,0.0
retrospective,Cond1,base_direct,p2_secondary_USAGE_OF_MEMBRANE_decreasing,0.20821619411362716
retrospective,Cond1,base_direct,p2_secondary_USAGE_OF_MEMBRANE_mean,0.0
retrospective,Cond1,base_direct,p2_secondary_USAGE_OF_MEMBRANE_std,0.05598103412666361
retrospective,Cond1,base_direct,p2_secondary_USAGE_OF_POLISHING_TABLE_decreasing,0.0
retrospective,Cond1,base_direct,p2_secondary_USAGE_OF_POLISHING_TABLE_mean,0.43651571565218317
retrospective,Cond1,base_direct,p2_secondary_USAGE_OF_POLISHING_TABLE_std,0.07379082880264211
retrospective,Cond1,base_direct,p2_secondary_USAGE_OF_PRESSURIZED_SHEET_decreasing,0.0
retrospective,Cond1,base_direct,p2_secondary_USAGE_OF_PRESSURIZED_SHEET_mean,0.0
retrospective,Cond1,base_direct,p2_secondary_USAGE_OF_PRESSURIZED_SHEET_std,0.0
retrospective,Cond1,base_direct,p2_secondary_WAFER_ROTATION_mean,0.0903430649513154
retrospective,Cond1,base_direct,p2_secondary_duration,0.22705246974507054
retrospective,Cond1,joint_direct,lag_1,16.708082494221074
retrospective,Cond1,joint_direct,lag_2,0.27641135238486697
retrospective,Cond1,joint_direct,lag_3,0.47065628035974355
retrospective,Cond1,joint_direct,lag_4,0.12503273956682234
retrospective,Cond1,joint_direct,lag_5,0.17675926592950716
retrospective,Cond1,joint_direct,lag_6,0.0
retrospective,Cond1,joint_direct,lag_7,1.1604225239118307
retrospective,Cond1,joint_direct,lag_8,0.5739060474661177
retrospective,Cond1,joint_direct,lag_9,0.6419171223006681
retrospective,Cond1,joint_direct,lag_10,0.0
retrospective,Cond1,joint_direct,lag_11,0.021408596085242308
retrospective,Cond1,joint_direct,neighbor_1,3.4631605863109947
retrospective,Cond1,joint_direct,neighbor_2,2.019952273547017
retrospective,Cond1,joint_direct,neighbor_3,2.9152861326721826
retrospective,Cond1,joint_direct,neighbor_4,1.5659293023808585
retrospective,Cond1,joint_direct,neighbor_5,0.25528098233956176
retrospective,Cond1,joint_direct,neighbor_6,0.4535793746009902
retrospective,Cond1,joint_direct,neighbor_7,2.0774218805331497
retrospective,Cond1,joint_direct,neighbor_8,0.7220396690843162
retrospective,Cond1,joint_direct,neighbor_9,0.2550572303047304
retrospective,Cond1,joint_direct,neighbor_10,0.5640848891290772
retrospective,Cond1,joint_direct,p2_primary_CENTER_AIR_BAG_PRESSURE_auc,1.418211687090598
retrospective,Cond1,joint_direct,p2_primary_CENTER_AIR_BAG_PRESSURE_mean,0.0
retrospective,Cond1,joint_direct,p2_primary_CENTER_AIR_BAG_PRESSURE_std,0.0
retrospective,Cond1,joint_direct,p2_primary_DRESSING_WATER_STATUS_auc,0.2580675155253043
retrospective,Cond1,joint_direct,p2_primary_DRESSING_WATER_STATUS_mean,0.5791956945696197
retrospective,Cond1,joint_direct,p2_primary_DRESSING_WATER_STATUS_std,0.14173429004220775
retrospective,Cond1,joint_direct,p2_primary_EDGE_AIR_BAG_PRESSURE_auc,0.686114674899564
retrospective,Cond1,joint_direct,p2_primary_EDGE_AIR_BAG_PRESSURE_mean,0.0229886002364588
retrospective,Cond1,joint_direct,p2_primary_EDGE_AIR_BAG_PRESSURE_std,0.037257903508200796
retrospective,Cond1,joint_direct,p2_primary_HEAD_ROTATION_mean,0.07448069913971739
retrospective,Cond1,joint_direct,p2_primary_MAIN_OUTER_AIR_BAG_PRESSURE_auc,4.575938520834754
retrospective,Cond1,joint_direct,p2_primary_MAIN_OUTER_AIR_BAG_PRESSURE_mean,0.0
retrospective,Cond1,joint_direct,p2_primary_MAIN_OUTER_AIR_BAG_PRESSURE_std,1.1707399021325302
retrospective,Cond1,joint_direct,p2_primary_PRESSURIZED_CHAMBER_PRESSURE_auc,11.695638700030187
retrospective,Cond1,joint_direct,p2_primary_PRESSURIZED_CHAMBER_PRESSURE_mean,0.7936856120803334
retrospective,Cond1,joint_direct,p2_primary_PRESSURIZED_CHAMBER_PRESSURE_std,0.14568693731402851
retrospective,Cond1,joint_direct,p2_primary_RETAINER_RING_PRESSURE_auc,0.0464663431916209
retrospective,Cond1,joint_direct,p2_primary_RETAINER_RING_PRESSURE_mean,0.19713017675293032
retrospective,Cond1,joint_direct,p2_primary_RETAINER_RING_PRESSURE_std,0.07081031096823324
retrospective,Cond1,joint_direct,p2_primary_RIPPLE_AIR_BAG_PRESSURE_auc,0.017309308559049455
retrospective,Cond1,joint_direct,p2_primary_RIPPLE_AIR_BAG_PRESSURE_mean,0.0
retrospective,Cond1,joint_direct,p2_primary_RIPPLE_AIR_BAG_PRESSURE_std,0.2091399872487051
retrospective,Cond1,joint_direct,p2_primary_SLURRY_FLOW_LINE_A_auc,1.2640945114618773
retrospective,Cond1,joint_direct,p2_primary_SLURRY_FLOW_LINE_A_mean,0.8888155310008347
retrospective,Cond1,joint_direct,p2_primary_SLURRY_FLOW_LINE_A_std,0.18750776511497377
retrospective,Cond1,joint_direct,p2_primary_SLURRY_FLOW_LINE_B_auc,0.22055180574162872
retrospective,Cond1,joint_direct,p2_primary_SLURRY_FLOW_LINE_B_mean,0.0
retrospective,Cond1,joint_direct,p2_primary_SLURRY_FLOW_LINE_B_std,0.03476964822766863
retrospective,Cond1,joint_direct,p2_primary_SLURRY_FLOW_LINE_C_auc,1.396210673644852
retrospective,Cond1,joint_direct,p2_primary_SLURRY_FLOW_LINE_C_mean,0.061209274239632676
retrospective,Cond1,joint_direct,p2_primary_SLURRY_FLOW_LINE_C_std,0.19913200204307058
retrospective,Cond1,joint_direct,p2_primary_STAGE_ROTATION_mean,0.023215675279476346
retrospective,Cond1,joint_direct,p2_primary_USAGE_OF_BACKING_FILM_decreasing,0.007565770555483509
retrospective,Cond1,joint_direct,p2_primary_USAGE_OF_BACKING_FILM_mean,1.6583663232774495
retrospective,Cond1,joint_direct,p2_primary_USAGE_OF_BACKING_FILM_std,0.0
retrospective,Cond1,joint_direct,p2_primary_USAGE_OF_DRESSER_TABLE_decreasing,0.0
retrospective,Cond1,joint_direct,p2_primary_USAGE_OF_DRESSER_TABLE_mean,1.2107107171823377
retrospective,Cond1,joint_direct,p2_primary_USAGE_OF_DRESSER_TABLE_std,0.05126218046866322
retrospective,Cond1,joint_direct,p2_primary_USAGE_OF_DRESSER_decreasing,0.1272076670037893
retrospective,Cond1,joint_direct,p2_primary_USAGE_OF_DRESSER_mean,2.55483806810932
retrospective,Cond1,joint_direct,p2_primary_USAGE_OF_DRESSER_std,0.2771686759620681
retrospective,Cond1,joint_direct,p2_primary_USAGE_OF_MEMBRANE_decreasing,0.024601742393396138
retrospective,Cond1,joint_direct,p2_primary_USAGE_OF_MEMBRANE_mean,0.0
retrospective,Cond1,joint_direct,p2_primary_USAGE_OF_MEMBRANE_std,0.0
retrospective,Cond1,joint_direct,p2_primary_USAGE_OF_POLISHING_TABLE_decreasing,0.3563281963979943
retrospective,Cond1,joint_direct,p2_primary_USAGE_OF_POLISHING_TABLE_mean,0.4944541430208697
retrospective,Cond1,joint_direct,p2_primary_USAGE_OF_POLISHING_TABLE_std,0.0
retrospective,Cond1,joint_direct,p2_primary_USAGE_OF_PRESSURIZED_SHEET_decreasing,0.0
retrospective,Cond1,joint_direct,p2_primary_USAGE_OF_PRESSURIZED_SHEET_mean,0.0
retrospective,Cond1,joint_direct,p2_primary_USAGE_OF_PRESSURIZED_SHEET_std,0.0
retrospective,Cond1,joint_direct,p2_primary_WAFER_ROTATION_mean,0.21933199147584698
retrospective,Cond1,joint_direct,p2_primary_duration,0.04570495393992962
retrospective,Cond1,joint_direct,p2_secondary_CENTER_AIR_BAG_PRESSURE_auc,0.0
retrospective,Cond1,joint_direct,p2_secondary_CENTER_AIR_BAG_PRESSURE_mean,0.0
retrospective,Cond1,joint_direct,p2_secondary_CENTER_AIR_BAG_PRESSURE_std,0.0
retrospective,Cond1,joint_direct,p2_secondary_DRESSING_WATER_STATUS_auc,0.045196591906385156
retrospective,Cond1,joint_direct,p2_secondary_DRESSING_WATER_STATUS_mean,0.0
retrospective,Cond1,joint_direct,p2_secondary_DRESSING_WATER_STATUS_std,0.11311071526442046
retrospective,Cond1,joint_direct,p2_secondary_EDGE_AIR_BAG_PRESSURE_auc,0.13682699727316755
retrospective,Cond1,joint_direct,p2_secondary_EDGE_AIR_BAG_PRESSURE_mean,0.04781255294714613
retrospective,Cond1,joint_direct,p2_secondary_EDGE_AIR_BAG_PRESSURE_std,0.022473833987490296
retrospective,Cond1,joint_direct,p2_secondary_HEAD_ROTATION_mean,0.15199834879949523
retrospective,Cond1,joint_direct,p2_secondary_MAIN_OUTER_AIR_BAG_PRESSURE_auc,0.0
retrospective,Cond1,joint_direct,p2_secondary_MAIN_OUTER_AIR_BAG_PRESSURE_mean,0.018928012612985993
retrospective,Cond1,joint_direct,p2_secondary_MAIN_OUTER_AIR_BAG_PRESSURE_std,0.0
retrospective,Cond1,joint_direct,p2_secondary_PRESSURIZED_CHAMBER_PRESSURE_auc,0.0
retrospective,Cond1,joint_direct,p2_secondary_PRESSURIZED_CHAMBER_PRESSURE_mean,0.04444139767966289
retrospective,Cond1,joint_direct,p2_secondary_PRESSURIZED_CHAMBER_PRESSURE_std,0.0
retrospective,Cond1,joint_direct,p2_secondary_RETAINER_RING_PRESSURE_auc,0.0
retrospective,Cond1,joint_direct,p2_secondary_RETAINER_RING_PRESSURE_mean,0.011427741511460279
retrospective,Cond1,joint_direct,p2_secondary_RETAINER_RING_PRESSURE_std,0.005964607664874131
retrospective,Cond1,joint_direct,p2_secondary_RIPPLE_AIR_BAG_PRESSURE_auc,0.0
retrospective,Cond1,joint_direct,p2_secondary_RIPPLE_AIR_BAG_PRESSURE_mean,0.0
retrospective,Cond1,joint_direct,p2_secondary_RIPPLE_AIR_BAG_PRESSURE_std,0.0
retrospective,Cond1,joint_direct,p2_secondary_SLURRY_FLOW_LINE_A_auc,0.0
retrospective,Cond1,joint_direct,p2_secondary_SLURRY_FLOW_LINE_A_mean,0.0
retrospective,Cond1,joint_direct,p2_secondary_SLURRY_FLOW_LINE_A_std,0.4222158083265272
retrospective,Cond1,joint_direct,p2_secondary_SLURRY_FLOW_LINE_B_auc,0.0
retrospective,Cond1,joint_direct,p2_secondary_SLURRY_FLOW_LINE_B_mean,0.015270475635692228
retrospective,Cond1,joint_direct,p2_secondary_SLURRY_FLOW_LINE_B_std,0.02971146865675538
retrospective,Cond1,joint_direct,p2_secondary_SLURRY_FLOW_LINE_C_auc,0.2960240553083796
retrospective,Cond1,joint_direct,p2_secondary_SLURRY_FLOW_LINE_C_mean,0.025356924087108056
retrospective,Cond1,joint_direct,p2_secondary_SLURRY_FLOW_LINE_C_std,0.0
retrospective,Cond1,joint_direct,p2_secondary_STAGE_ROTATION_mean,0.34417574616232166
retrospective,Cond1,joint_direct,p2_secondary_USAGE_OF_BACKING_FILM_decreasing,0.0
retrospective,Cond1,joint_direct,p2_secondary_USAGE_OF_BACKING_FILM_mean,1.0607028535681606
retrospective,Cond1,joint_direct,p2_secondary_USAGE_OF_BACKING_FILM_std,0.00579824312905438
retrospective,Cond1,joint_direct,p2_secondary_USAGE_OF_DRESSER_TABLE_decreasing,0.0
retrospective,Cond1,joint_direct,p2_secondary_USAGE_OF_DRESSER_TABLE_mean,0.10714147699656279
retrospective,Cond1,joint_direct,p2_secondary_USAGE_OF_DRESSER_TABLE_std,0.0
retrospective,Cond1,joint_direct,p2_secondary_USAGE_OF_DRESSER_decreasing,0.0
retrospective,Cond1,joint_direct,p2_secondary_USAGE_OF_DRESSER_mean,1.0504275523854
retrospective,Cond1,joint_direct,p2_secondary_USAGE_OF_DRESSER_std,0.0
retrospective,Cond1,joint_direct,p2_secondary_USAGE_OF_MEMBRANE_decreasing,0.07008768053260607
retrospective,Cond1,joint_direct,p2_secondary_USAGE_OF_MEMBRANE_mean,0.0
retrospective,Cond1,joint_direct,p2_secondary_USAGE_OF_MEMBRANE_std,0.010650731501609542
retrospective,Cond1,joint_direct,p2_secondary_USAGE_OF_POLISHING_TABLE_decreasing,0.029058953305306723
retrospective,Cond1,joint_direct,p2_secondary_USAGE_OF_POLISHING_TABLE_mean,0.5758836149451546
retrospective,Cond1,joint_direct,p2_secondary_USAGE_OF_POLISHING_TABLE_std,0.0
retrospective,Cond1,joint_direct,p2_secondary_USAGE_OF_PRESSURIZED_SHEET_decreasing,0.00853099179389385
retrospective,Cond1,joint_direct,p2_secondary_USAGE_OF_PRESSURIZED_SHEET_mean,0.0
retrospective,Cond1,joint_direct,p2_secondary_USAGE_OF_PRESSURIZED_SHEET_std,0.0
retrospective,Cond1,joint_direct,p2_secondary_WAFER_ROTATION_mean,0.08230765602342896
retrospective,Cond1,joint_direct,p2_secondary_duration,0.16152909618430034
retrospective,Cond1,joint_direct,history_summary_0,0.7620674369696083
retrospective,Cond1,joint_direct,history_summary_1,0.7343215855072075
retrospective,Cond1,joint_direct,history_summary_2,0.0
retrospective,Cond1,joint_direct,history_summary_3,0.12987533742943033
retrospective,Cond1,joint_direct,history_summary_4,0.17753870080298742
retrospective,Cond1,joint_direct,history_summary_5,0.896521610694762
retrospective,Cond1,joint_direct,history_summary_6,3.6224433847130637
retrospective,Cond1,joint_direct,history_summary_7,0.0
retrospective,Cond1,joint_direct,history_summary_8,1.8437762638395876
retrospective,Cond1,joint_direct,history_summary_9,0.9455605839509964
retrospective,Cond1,joint_direct,gap__p2_primary_CENTER_AIR_BAG_PRESSURE_auc,0.0
retrospective,Cond1,joint_direct,gap__p2_primary_CENTER_AIR_BAG_PRESSURE_mean,0.0
retrospective,Cond1,joint_direct,gap__p2_primary_CENTER_AIR_BAG_PRESSURE_std,0.0
retrospective,Cond1,joint_direct,gap__p2_primary_DRESSING_WATER_STATUS_auc,0.0
retrospective,Cond1,joint_direct,gap__p2_primary_DRESSING_WATER_STATUS_mean,0.0
retrospective,Cond1,joint_direct,gap__p2_primary_DRESSING_WATER_STATUS_std,0.0
retrospective,Cond1,joint_direct,gap__p2_primary_EDGE_AIR_BAG_PRESSURE_auc,0.0
retrospective,Cond1,joint_direct,gap__p2_primary_EDGE_AIR_BAG_PRESSURE_mean,0.0
retrospective,Cond1,joint_direct,gap__p2_primary_EDGE_AIR_BAG_PRESSURE_std,0.0
retrospective,Cond1,joint_direct,gap__p2_primary_HEAD_ROTATION_mean,0.0
retrospective,Cond1,joint_direct,gap__p2_primary_MAIN_OUTER_AIR_BAG_PRESSURE_auc,0.0
retrospective,Cond1,joint_direct,gap__p2_primary_MAIN_OUTER_AIR_BAG_PRESSURE_mean,0.0
retrospective,Cond1,joint_direct,gap__p2_primary_MAIN_OUTER_AIR_BAG_PRESSURE_std,0.0
retrospective,Cond1,joint_direct,gap__p2_primary_PRESSURIZED_CHAMBER_PRESSURE_auc,0.0
retrospective,Cond1,joint_direct,gap__p2_primary_PRESSURIZED_CHAMBER_PRESSURE_mean,0.0
retrospective,Cond1,joint_direct,gap__p2_primary_PRESSURIZED_CHAMBER_PRESSURE_std,0.0
retrospective,Cond1,joint_direct,gap__p2_primary_RETAINER_RING_PRESSURE_auc,0.0
retrospective,Cond1,joint_direct,gap__p2_primary_RETAINER_RING_PRESSURE_mean,0.0
retrospective,Cond1,joint_direct,gap__p2_primary_RETAINER_RING_PRESSURE_std,0.0
retrospective,Cond1,joint_direct,gap__p2_primary_RIPPLE_AIR_BAG_PRESSURE_auc,0.0
retrospective,Cond1,joint_direct,gap__p2_primary_RIPPLE_AIR_BAG_PRESSURE_mean,0.0
retrospective,Cond1,joint_direct,gap__p2_primary_RIPPLE_AIR_BAG_PRESSURE_std,0.0
retrospective,Cond1,joint_direct,gap__p2_primary_SLURRY_FLOW_LINE_A_auc,0.0
retrospective,Cond1,joint_direct,gap__p2_primary_SLURRY_FLOW_LINE_A_mean,0.0
retrospective,Cond1,joint_direct,gap__p2_primary_SLURRY_FLOW_LINE_A_std,0.0
retrospective,Cond1,joint_direct,gap__p2_primary_SLURRY_FLOW_LINE_B_auc,0.0
retrospective,Cond1,joint_direct,gap__p2_primary_SLURRY_FLOW_LINE_B_mean,0.0
retrospective,Cond1,joint_direct,gap__p2_primary_SLURRY_FLOW_LINE_B_std,0.0
retrospective,Cond1,joint_direct,gap__p2_primary_SLURRY_FLOW_LINE_C_auc,0.0
retrospective,Cond1,joint_direct,gap__p2_primary_SLURRY_FLOW_LINE_C_mean,0.0
retrospective,Cond1,joint_direct,gap__p2_primary_SLURRY_FLOW_LINE_C_std,0.0
retrospective,Cond1,joint_direct,gap__p2_primary_STAGE_ROTATION_mean,0.0
retrospective,Cond1,joint_direct,gap__p2_primary_USAGE_OF_BACKING_FILM_decreasing,0.0
retrospective,Cond1,joint_direct,gap__p2_primary_USAGE_OF_BACKING_FILM_mean,0.0
retrospective,Cond1,joint_direct,gap__p2_primary_USAGE_OF_BACKING_FILM_std,0.0
retrospective,Cond1,joint_direct,gap__p2_primary_USAGE_OF_DRESSER_TABLE_decreasing,0.0
retrospective,Cond1,joint_direct,gap__p2_primary_USAGE_OF_DRESSER_TABLE_mean,0.0
retrospective,Cond1,joint_direct,gap__p2_primary_USAGE_OF_DRESSER_TABLE_std,0.0
retrospective,Cond1,joint_direct,gap__p2_primary_USAGE_OF_DRESSER_decreasing,0.0
retrospective,Cond1,joint_direct,gap__p2_primary_USAGE_OF_DRESSER_mean,0.0
retrospective,Cond1,joint_direct,gap__p2_primary_USAGE_OF_DRESSER_std,0.0
retrospective,Cond1,joint_direct,gap__p2_primary_USAGE_OF_MEMBRANE_decreasing,0.0
retrospective,Cond1,joint_direct,gap__p2_primary_USAGE_OF_MEMBRANE_mean,0.0
retrospective,Cond1,joint_direct,gap__p2_primary_USAGE_OF_MEMBRANE_std,0.0
retrospective,Cond1,joint_direct,gap__p2_primary_USAGE_OF_POLISHING_TABLE_decreasing,0.0
retrospective,Cond1,joint_direct,gap__p2_primary_USAGE_OF_POLISHING_TABLE_mean,0.0
retrospective,Cond1,joint_direct,gap__p2_primary_USAGE_OF_POLISHING_TABLE_std,0.0
retrospective,Cond1,joint_direct,gap__p2_primary_USAGE_OF_PRESSURIZED_SHEET_decreasing,0.0
retrospective,Cond1,joint_direct,gap__p2_primary_USAGE_OF_PRESSURIZED_SHEET_mean,0.0
retrospective,Cond1,joint_direct,gap__p2_primary_USAGE_OF_PRESSURIZED_SHEET_std,0.0
retrospective,Cond1,joint_direct,gap__p2_primary_WAFER_ROTATION_mean,0.0
retrospective,Cond1,joint_direct,gap__p2_primary_duration,0.0
retrospective,Cond1,joint_direct,gap__p2_secondary_CENTER_AIR_BAG_PRESSURE_auc,0.0
retrospective,Cond1,joint_direct,gap__p2_secondary_CENTER_AIR_BAG_PRESSURE_mean,0.0
retrospective,Cond1,joint_direct,gap__p2_secondary_CENTER_AIR_BAG_PRESSURE_std,0.0
retrospective,Cond1,joint_direct,gap__p2_secondary_DRESSING_WATER_STATUS_auc,0.013365276689913207
retrospective,Cond1,joint_direct,gap__p2_secondary_DRESSING_WATER_STATUS_mean,0.0
retrospective,Cond1,joint_direct,gap__p2_secondary_DRESSING_WATER_STATUS_std,0.0
retrospective,Cond1,joint_direct,gap__p2_secondary_EDGE_AIR_BAG_PRESSURE_auc,0.0
retrospective,Cond1,joint_direct,gap__p2_secondary_EDGE_AIR_BAG_PRESSURE_mean,0.0
retrospective,Cond1,joint_direct,gap__p2_secondary_EDGE_AIR_BAG_PRESSURE_std,0.0
retrospective,Cond1,joint_direct,gap__p2_secondary_HEAD_ROTATION_mean,0.0
retrospective,Cond1,joint_direct,gap__p2_secondary_MAIN_OUTER_AIR_BAG_PRESSURE_auc,0.11144630296641576
retrospective,Cond1,joint_direct,gap__p2_secondary_MAIN_OUTER_AIR_BAG_PRESSURE_mean,0.0
retrospective,Cond1,joint_direct,gap__p2_secondary_MAIN_OUTER_AIR_BAG_PRESSURE_std,0.0
retrospective,Cond1,joint_direct,gap__p2_secondary_PRESSURIZED_CHAMBER_PRESSURE_auc,0.0
retrospective,Cond1,joint_direct,gap__p2_secondary_PRESSURIZED_CHAMBER_PRESSURE_mean,0.0
retrospective,Cond1,joint_direct,gap__p2_secondary_PRESSURIZED_CHAMBER_PRESSURE_std,0.0
retrospective,Cond1,joint_direct,gap__p2_secondary_RETAINER_RING_PRESSURE_auc,0.0
retrospective,Cond1,joint_direct,gap__p2_secondary_RETAINER_RING_PRESSURE_mean,0.0
retrospective,Cond1,joint_direct,gap__p2_secondary_RETAINER_RING_PRESSURE_std,0.0
retrospective,Cond1,joint_direct,gap__p2_secondary_RIPPLE_AIR_BAG_PRESSURE_auc,0.0
retrospective,Cond1,joint_direct,gap__p2_secondary_RIPPLE_AIR_BAG_PRESSURE_mean,0.0
retrospective,Cond1,joint_direct,gap__p2_secondary_RIPPLE_AIR_BAG_PRESSURE_std,0.0
retrospective,Cond1,joint_direct,gap__p2_secondary_SLURRY_FLOW_LINE_A_auc,0.0
retrospective,Cond1,joint_direct,gap__p2_secondary_SLURRY_FLOW_LINE_A_mean,0.0
retrospective,Cond1,joint_direct,gap__p2_secondary_SLURRY_FLOW_LINE_A_std,0.0
retrospective,Cond1,joint_direct,gap__p2_secondary_SLURRY_FLOW_LINE_B_auc,0.015602168489165999
retrospective,Cond1,joint_direct,gap__p2_secondary_SLURRY_FLOW_LINE_B_mean,0.0
retrospective,Cond1,joint_direct,gap__p2_secondary_SLURRY_FLOW_LINE_B_std,0.0
retrospective,Cond1,joint_direct,gap__p2_secondary_SLURRY_FLOW_LINE_C_auc,0.0
retrospective,Cond1,joint_direct,gap__p2_secondary_SLURRY_FLOW_LINE_C_mean,0.0
retrospective,Cond1,joint_direct,gap__p2_secondary_SLURRY_FLOW_LINE_C_std,0.0
retrospective,Cond1,joint_direct,gap__p2_secondary_STAGE_ROTATION_mean,0.0
retrospective,Cond1,joint_direct,gap__p2_secondary_USAGE_OF_BACKING_FILM_decreasing,0.0
retrospective,Cond1,joint_direct,gap__p2_secondary_USAGE_OF_BACKING_FILM_mean,0.0
retrospective,Cond1,joint_direct,gap__p2_secondary_USAGE_OF_BACKING_FILM_std,0.0
retrospective,Cond1,joint_direct,gap__p2_secondary_USAGE_OF_DRESSER_TABLE_decreasing,0.0
retrospective,Cond1,joint_direct,gap__p2_secondary_USAGE_OF_DRESSER_TABLE_mean,0.0
retrospective,Cond1,joint_direct,gap__p2_secondary_USAGE_OF_DRESSER_TABLE_std,0.0
retrospective,Cond1,joint_direct,gap__p2_secondary_USAGE_OF_DRESSER_decreasing,0.0
retrospective,Cond1,joint_direct,gap__p2_secondary_USAGE_OF_DRESSER_mean,0.0
retrospective,Cond1,joint_direct,gap__p2_secondary_USAGE_OF_DRESSER_std,0.0
retrospective,Cond1,joint_direct,gap__p2_secondary_USAGE_OF_MEMBRANE_decreasing,0.0
retrospective,Cond1,joint_direct,gap__p2_secondary_USAGE_OF_MEMBRANE_mean,0.0
retrospective,Cond1,joint_direct,gap__p2_secondary_USAGE_OF_MEMBRANE_std,0.0
retrospective,Cond1,joint_direct,gap__p2_secondary_USAGE_OF_POLISHING_TABLE_decreasing,0.0
retrospective,Cond1,joint_direct,gap__p2_secondary_USAGE_OF_POLISHING_TABLE_mean,0.0
retrospective,Cond1,joint_direct,gap__p2_secondary_USAGE_OF_POLISHING_TABLE_std,0.0
retrospective,Cond1,joint_direct,gap__p2_secondary_USAGE_OF_PRESSURIZED_SHEET_decreasing,0.0
retrospective,Cond1,joint_direct,gap__p2_secondary_USAGE_OF_PRESSURIZED_SHEET_mean,0.0
retrospective,Cond1,joint_direct,gap__p2_secondary_USAGE_OF_PRESSURIZED_SHEET_std,0.0
retrospective,Cond1,joint_direct,gap__p2_secondary_WAFER_ROTATION_mean,0.0
retrospective,Cond1,joint_direct,gap__p2_secondary_duration,0.02899749023900489
retrospective,Cond1,joint_direct,multi_primary_active_fraction,0.07828275177465477
retrospective,Cond1,joint_direct,multi_primary_active_point_fraction,0.09775302127501576
retrospective,Cond1,joint_direct,multi_primary_active_time,0.02296864677584426
retrospective,Cond1,joint_direct,multi_primary_episode_count,0.0
retrospective,Cond1,joint_direct,multi_primary_episode_max,0.0
retrospective,Cond1,joint_direct,multi_primary_episode_median,0.0075457977861676925
retrospective,Cond1,joint_direct,multi_primary_episode_min,0.05251034714201834
retrospective,Cond1,joint_direct,multi_primary_episode_std,0.03251043080512326
retrospective,Cond1,joint_direct,multi_primary_inactive_time,0.024147425154799305
retrospective,Cond1,joint_direct,multi_primary_observed_time,0.0
retrospective,Cond1,joint_direct,multi_primary_pressure_integral,0.0
retrospective,Cond1,joint_direct,multi_primary_pressure_mean,0.7154289723257946
retrospective,Cond1,joint_direct,multi_primary_pressure_rotation_proxy_integral,0.11708596764234082
retrospective,Cond1,joint_direct,multi_primary_pressure_rotation_proxy_mean,0.0
retrospective,Cond1,joint_direct,multi_primary_pressure_rotation_proxy_std,0.0
retrospective,Cond1,joint_direct,multi_primary_pressure_std,0.0746200137501527
retrospective,Cond1,joint_direct,multi_primary_rotation_sum_integral,0.0
retrospective,Cond1,joint_direct,multi_primary_rotation_sum_mean,0.028221229706946183
retrospective,Cond1,joint_direct,multi_primary_rotation_sum_std,0.28853995921608244
retrospective,Cond1,joint_direct,multi_primary_slurry_integral,0.0
retrospective,Cond1,joint_direct,multi_primary_slurry_mean,0.19083145293135614
retrospective,Cond1,joint_direct,multi_primary_slurry_std,0.011900353358945405
retrospective,Cond1,joint_direct,multi_secondary_active_fraction,0.0
retrospective,Cond1,joint_direct,multi_secondary_active_point_fraction,0.0
retrospective,Cond1,joint_direct,multi_secondary_active_time,0.03441549577049834
retrospective,Cond1,joint_direct,multi_secondary_episode_count,0.0
retrospective,Cond1,joint_direct,multi_secondary_episode_max,0.0
retrospective,Cond1,joint_direct,multi_secondary_episode_median,0.0
retrospective,Cond1,joint_direct,multi_secondary_episode_min,0.00462299647432178
retrospective,Cond1,joint_direct,multi_secondary_episode_std,0.012566443434454632
retrospective,Cond1,joint_direct,multi_secondary_inactive_time,0.032713376528350664
retrospective,Cond1,joint_direct,multi_secondary_observed_time,0.0
retrospective,Cond1,joint_direct,multi_secondary_pressure_integral,0.0
retrospective,Cond1,joint_direct,multi_secondary_pressure_mean,0.0123566469132083
retrospective,Cond1,joint_direct,multi_secondary_pressure_rotation_proxy_integral,0.0
retrospective,Cond1,joint_direct,multi_secondary_pressure_rotation_proxy_mean,0.04905451086671283
retrospective,Cond1,joint_direct,multi_secondary_pressure_rotation_proxy_std,0.13042408670367772
retrospective,Cond1,joint_direct,multi_secondary_pressure_std,0.0
retrospective,Cond1,joint_direct,multi_secondary_rotation_sum_integral,0.0
retrospective,Cond1,joint_direct,multi_secondary_rotation_sum_mean,0.0
retrospective,Cond1,joint_direct,multi_secondary_rotation_sum_std,0.01808399074580464
retrospective,Cond1,joint_direct,multi_secondary_slurry_integral,0.005280173827772754
retrospective,Cond1,joint_direct,multi_secondary_slurry_mean,0.1240693222561442
retrospective,Cond1,joint_direct,multi_secondary_slurry_std,0.0610171945575401
retrospective,Cond1,joint_direct,phase__p2_primary_CENTER_AIR_BAG_PRESSURE_auc,0.0
retrospective,Cond1,joint_direct,phase__p2_primary_CENTER_AIR_BAG_PRESSURE_mean,0.03800014283332731
retrospective,Cond1,joint_direct,phase__p2_primary_CENTER_AIR_BAG_PRESSURE_std,0.0
retrospective,Cond1,joint_direct,phase__p2_primary_DRESSING_WATER_STATUS_auc,0.010948121118738842
retrospective,Cond1,joint_direct,phase__p2_primary_DRESSING_WATER_STATUS_mean,0.0
retrospective,Cond1,joint_direct,phase__p2_primary_DRESSING_WATER_STATUS_std,0.0
retrospective,Cond1,joint_direct,phase__p2_primary_EDGE_AIR_BAG_PRESSURE_auc,0.0
retrospective,Cond1,joint_direct,phase__p2_primary_EDGE_AIR_BAG_PRESSURE_mean,0.0
retrospective,Cond1,joint_direct,phase__p2_primary_EDGE_AIR_BAG_PRESSURE_std,0.05746958657554206
retrospective,Cond1,joint_direct,phase__p2_primary_HEAD_ROTATION_mean,0.577175396605347
retrospective,Cond1,joint_direct,phase__p2_primary_MAIN_OUTER_AIR_BAG_PRESSURE_auc,0.0
retrospective,Cond1,joint_direct,phase__p2_primary_MAIN_OUTER_AIR_BAG_PRESSURE_mean,0.0
retrospective,Cond1,joint_direct,phase__p2_primary_MAIN_OUTER_AIR_BAG_PRESSURE_std,0.028700338723997687
retrospective,Cond1,joint_direct,phase__p2_primary_PRESSURIZED_CHAMBER_PRESSURE_auc,0.07110364232806547
retrospective,Cond1,joint_direct,phase__p2_primary_PRESSURIZED_CHAMBER_PRESSURE_mean,0.01528219953465921
retrospective,Cond1,joint_direct,phase__p2_primary_PRESSURIZED_CHAMBER_PRESSURE_std,0.09012737084401545
retrospective,Cond1,joint_direct,phase__p2_primary_RETAINER_RING_PRESSURE_auc,0.26177679075386134
retrospective,Cond1,joint_direct,phase__p2_primary_RETAINER_RING_PRESSURE_mean,0.050606004223444134
retrospective,Cond1,joint_direct,phase__p2_primary_RETAINER_RING_PRESSURE_std,0.11170998020510359
retrospective,Cond1,joint_direct,phase__p2_primary_RIPPLE_AIR_BAG_PRESSURE_auc,0.04061601633904802
retrospective,Cond1,joint_direct,phase__p2_primary_RIPPLE_AIR_BAG_PRESSURE_mean,0.0
retrospective,Cond1,joint_direct,phase__p2_primary_RIPPLE_AIR_BAG_PRESSURE_std,0.10010306399977567
retrospective,Cond1,joint_direct,phase__p2_primary_SLURRY_FLOW_LINE_A_auc,0.01879754728056573
retrospective,Cond1,joint_direct,phase__p2_primary_SLURRY_FLOW_LINE_A_mean,0.005301054679102645
retrospective,Cond1,joint_direct,phase__p2_primary_SLURRY_FLOW_LINE_A_std,0.038752885240885854
retrospective,Cond1,joint_direct,phase__p2_primary_SLURRY_FLOW_LINE_B_auc,0.031851490474568867
retrospective,Cond1,joint_direct,phase__p2_primary_SLURRY_FLOW_LINE_B_mean,0.0
retrospective,Cond1,joint_direct,phase__p2_primary_SLURRY_FLOW_LINE_B_std,0.048642925140641675
retrospective,Cond1,joint_direct,phase__p2_primary_SLURRY_FLOW_LINE_C_auc,0.7680482382263746
retrospective,Cond1,joint_direct,phase__p2_primary_SLURRY_FLOW_LINE_C_mean,0.35302333296373867
retrospective,Cond1,joint_direct,phase__p2_primary_SLURRY_FLOW_LINE_C_std,0.16110686380588124
retrospective,Cond1,joint_direct,phase__p2_primary_STAGE_ROTATION_mean,0.0
retrospective,Cond1,joint_direct,phase__p2_primary_USAGE_OF_BACKING_FILM_decreasing,0.08649679396846122
retrospective,Cond1,joint_direct,phase__p2_primary_USAGE_OF_BACKING_FILM_mean,0.0
retrospective,Cond1,joint_direct,phase__p2_primary_USAGE_OF_BACKING_FILM_std,0.03776873995074686
retrospective,Cond1,joint_direct,phase__p2_primary_USAGE_OF_DRESSER_TABLE_decreasing,0.0
retrospective,Cond1,joint_direct,phase__p2_primary_USAGE_OF_DRESSER_TABLE_mean,1.5766556157758644
retrospective,Cond1,joint_direct,phase__p2_primary_USAGE_OF_DRESSER_TABLE_std,0.00039557193488227635
retrospective,Cond1,joint_direct,phase__p2_primary_USAGE_OF_DRESSER_decreasing,0.12529364157321843
retrospective,Cond1,joint_direct,phase__p2_primary_USAGE_OF_DRESSER_mean,6.576369591620133
retrospective,Cond1,joint_direct,phase__p2_primary_USAGE_OF_DRESSER_std,0.0
retrospective,Cond1,joint_direct,phase__p2_primary_USAGE_OF_MEMBRANE_decreasing,0.0
retrospective,Cond1,joint_direct,phase__p2_primary_USAGE_OF_MEMBRANE_mean,0.0
retrospective,Cond1,joint_direct,phase__p2_primary_USAGE_OF_MEMBRANE_std,0.0
retrospective,Cond1,joint_direct,phase__p2_primary_USAGE_OF_POLISHING_TABLE_decreasing,0.13410975603907285
retrospective,Cond1,joint_direct,phase__p2_primary_USAGE_OF_POLISHING_TABLE_mean,0.18617574670957004
retrospective,Cond1,joint_direct,phase__p2_primary_USAGE_OF_POLISHING_TABLE_std,0.20477989440126418
retrospective,Cond1,joint_direct,phase__p2_primary_USAGE_OF_PRESSURIZED_SHEET_decreasing,0.0
retrospective,Cond1,joint_direct,phase__p2_primary_USAGE_OF_PRESSURIZED_SHEET_mean,0.0
retrospective,Cond1,joint_direct,phase__p2_primary_USAGE_OF_PRESSURIZED_SHEET_std,0.0
retrospective,Cond1,joint_direct,phase__p2_primary_WAFER_ROTATION_mean,1.9395075511641697
retrospective,Cond1,joint_direct,phase__p2_primary_duration,0.0
retrospective,Cond1,joint_direct,phase__p2_secondary_CENTER_AIR_BAG_PRESSURE_auc,0.01734279980016304
retrospective,Cond1,joint_direct,phase__p2_secondary_CENTER_AIR_BAG_PRESSURE_mean,0.017015900056606456
retrospective,Cond1,joint_direct,phase__p2_secondary_CENTER_AIR_BAG_PRESSURE_std,0.0011022896078526723
retrospective,Cond1,joint_direct,phase__p2_secondary_DRESSING_WATER_STATUS_auc,0.1388068277550708
retrospective,Cond1,joint_direct,phase__p2_secondary_DRESSING_WATER_STATUS_mean,0.0
retrospective,Cond1,joint_direct,phase__p2_secondary_DRESSING_WATER_STATUS_std,0.0
retrospective,Cond1,joint_direct,phase__p2_secondary_EDGE_AIR_BAG_PRESSURE_auc,0.0
retrospective,Cond1,joint_direct,phase__p2_secondary_EDGE_AIR_BAG_PRESSURE_mean,0.0
retrospective,Cond1,joint_direct,phase__p2_secondary_EDGE_AIR_BAG_PRESSURE_std,0.0
retrospective,Cond1,joint_direct,phase__p2_secondary_HEAD_ROTATION_mean,0.19508417078297047
retrospective,Cond1,joint_direct,phase__p2_secondary_MAIN_OUTER_AIR_BAG_PRESSURE_auc,0.0
retrospective,Cond1,joint_direct,phase__p2_secondary_MAIN_OUTER_AIR_BAG_PRESSURE_mean,0.0
retrospective,Cond1,joint_direct,phase__p2_secondary_MAIN_OUTER_AIR_BAG_PRESSURE_std,0.0
retrospective,Cond1,joint_direct,phase__p2_secondary_PRESSURIZED_CHAMBER_PRESSURE_auc,0.14555358220601916
retrospective,Cond1,joint_direct,phase__p2_secondary_PRESSURIZED_CHAMBER_PRESSURE_mean,0.0
retrospective,Cond1,joint_direct,phase__p2_secondary_PRESSURIZED_CHAMBER_PRESSURE_std,0.21346436129903598
retrospective,Cond1,joint_direct,phase__p2_secondary_RETAINER_RING_PRESSURE_auc,0.0
retrospective,Cond1,joint_direct,phase__p2_secondary_RETAINER_RING_PRESSURE_mean,0.023228244363243538
retrospective,Cond1,joint_direct,phase__p2_secondary_RETAINER_RING_PRESSURE_std,0.002081950391343117
retrospective,Cond1,joint_direct,phase__p2_secondary_RIPPLE_AIR_BAG_PRESSURE_auc,0.0
retrospective,Cond1,joint_direct,phase__p2_secondary_RIPPLE_AIR_BAG_PRESSURE_mean,0.0191844259418053
retrospective,Cond1,joint_direct,phase__p2_secondary_RIPPLE_AIR_BAG_PRESSURE_std,0.012227023567172928
retrospective,Cond1,joint_direct,phase__p2_secondary_SLURRY_FLOW_LINE_A_auc,0.0
retrospective,Cond1,joint_direct,phase__p2_secondary_SLURRY_FLOW_LINE_A_mean,0.0
retrospective,Cond1,joint_direct,phase__p2_secondary_SLURRY_FLOW_LINE_A_std,0.02062791912072057
retrospective,Cond1,joint_direct,phase__p2_secondary_SLURRY_FLOW_LINE_B_auc,0.006951542912716701
retrospective,Cond1,joint_direct,phase__p2_secondary_SLURRY_FLOW_LINE_B_mean,0.0
retrospective,Cond1,joint_direct,phase__p2_secondary_SLURRY_FLOW_LINE_B_std,0.05063234636670972
retrospective,Cond1,joint_direct,phase__p2_secondary_SLURRY_FLOW_LINE_C_auc,0.0
retrospective,Cond1,joint_direct,phase__p2_secondary_SLURRY_FLOW_LINE_C_mean,0.12789793290310303
retrospective,Cond1,joint_direct,phase__p2_secondary_SLURRY_FLOW_LINE_C_std,0.027013293270006195
retrospective,Cond1,joint_direct,phase__p2_secondary_STAGE_ROTATION_mean,0.0
retrospective,Cond1,joint_direct,phase__p2_secondary_USAGE_OF_BACKING_FILM_decreasing,0.05600305738928269
retrospective,Cond1,joint_direct,phase__p2_secondary_USAGE_OF_BACKING_FILM_mean,0.0
retrospective,Cond1,joint_direct,phase__p2_secondary_USAGE_OF_BACKING_FILM_std,0.0
retrospective,Cond1,joint_direct,phase__p2_secondary_USAGE_OF_DRESSER_TABLE_decreasing,0.0
retrospective,Cond1,joint_direct,phase__p2_secondary_USAGE_OF_DRESSER_TABLE_mean,0.0
retrospective,Cond1,joint_direct,phase__p2_secondary_USAGE_OF_DRESSER_TABLE_std,0.0
retrospective,Cond1,joint_direct,phase__p2_secondary_USAGE_OF_DRESSER_decreasing,0.09952083204792635
retrospective,Cond1,joint_direct,phase__p2_secondary_USAGE_OF_DRESSER_mean,0.0
retrospective,Cond1,joint_direct,phase__p2_secondary_USAGE_OF_DRESSER_std,0.0
retrospective,Cond1,joint_direct,phase__p2_secondary_USAGE_OF_MEMBRANE_decreasing,0.0
retrospective,Cond1,joint_direct,phase__p2_secondary_USAGE_OF_MEMBRANE_mean,0.0
retrospective,Cond1,joint_direct,phase__p2_secondary_USAGE_OF_MEMBRANE_std,0.0
retrospective,Cond1,joint_direct,phase__p2_secondary_USAGE_OF_POLISHING_TABLE_decreasing,0.11576989203374563
retrospective,Cond1,joint_direct,phase__p2_secondary_USAGE_OF_POLISHING_TABLE_mean,0.27346047829123155
retrospective,Cond1,joint_direct,phase__p2_secondary_USAGE_OF_POLISHING_TABLE_std,0.16099912453618156
retrospective,Cond1,joint_direct,phase__p2_secondary_USAGE_OF_PRESSURIZED_SHEET_decreasing,0.0
retrospective,Cond1,joint_direct,phase__p2_secondary_USAGE_OF_PRESSURIZED_SHEET_mean,0.0
retrospective,Cond1,joint_direct,phase__p2_secondary_USAGE_OF_PRESSURIZED_SHEET_std,0.0
retrospective,Cond1,joint_direct,phase__p2_secondary_WAFER_ROTATION_mean,0.04042599515600697
retrospective,Cond1,joint_direct,phase__p2_secondary_duration,0.02340282099204162
retrospective,Cond1,joint_direct,qc_primary_ambiguous,0.0
retrospective,Cond1,joint_direct,qc_primary_episodes,0.0
retrospective,Cond1,joint_direct,qc_primary_fallback,0.0
retrospective,Cond1,joint_direct,qc_primary_max_gap,0.17395349217576278
retrospective,Cond1,joint_direct,qc_primary_missing,0.0
retrospective,Cond1,joint_direct,qc_primary_phase_duration,0.0
retrospective,Cond1,joint_direct,qc_primary_span,0.0
retrospective,Cond1,joint_direct,qc_secondary_ambiguous,0.0
retrospective,Cond1,joint_direct,qc_secondary_episodes,0.0
retrospective,Cond1,joint_direct,qc_secondary_fallback,0.0
retrospective,Cond1,joint_direct,qc_secondary_max_gap,0.0
retrospective,Cond1,joint_direct,qc_secondary_missing,0.0
retrospective,Cond1,joint_direct,qc_secondary_phase_duration,0.0
retrospective,Cond1,joint_direct,qc_secondary_span,0.0
retrospective,Cond1,base_residual,lag_1,3.0181600321630278
retrospective,Cond1,base_residual,lag_2,0.10581196337664353
retrospective,Cond1,base_residual,lag_3,0.5452540390149356
retrospective,Cond1,base_residual,lag_4,0.0
retrospective,Cond1,base_residual,lag_5,0.3103596823844035
retrospective,Cond1,base_residual,lag_6,0.04953881538598384
retrospective,Cond1,base_residual,lag_7,0.26366656606931643
retrospective,Cond1,base_residual,lag_8,0.1405633024128573
retrospective,Cond1,base_residual,lag_9,0.05223733689926904
retrospective,Cond1,base_residual,lag_10,0.27853150680657834
retrospective,Cond1,base_residual,lag_11,0.10009531105305643
retrospective,Cond1,base_residual,neighbor_1,4.900257124220306
retrospective,Cond1,base_residual,neighbor_2,4.0889220118533105
retrospective,Cond1,base_residual,neighbor_3,5.5267450594020096
retrospective,Cond1,base_residual,neighbor_4,4.857480550369275
retrospective,Cond1,base_residual,neighbor_5,1.006378618943181
retrospective,Cond1,base_residual,neighbor_6,0.6531626035351263
retrospective,Cond1,base_residual,neighbor_7,1.781291355720974
retrospective,Cond1,base_residual,neighbor_8,2.876257419379599
retrospective,Cond1,base_residual,neighbor_9,3.846174753426261
retrospective,Cond1,base_residual,neighbor_10,4.513979283681171
retrospective,Cond1,base_residual,p2_primary_CENTER_AIR_BAG_PRESSURE_auc,0.10329754500129244
retrospective,Cond1,base_residual,p2_primary_CENTER_AIR_BAG_PRESSURE_mean,0.0
retrospective,Cond1,base_residual,p2_primary_CENTER_AIR_BAG_PRESSURE_std,0.0
retrospective,Cond1,base_residual,p2_primary_DRESSING_WATER_STATUS_auc,0.378994790532993
retrospective,Cond1,base_residual,p2_primary_DRESSING_WATER_STATUS_mean,0.5245667618934918
retrospective,Cond1,base_residual,p2_primary_DRESSING_WATER_STATUS_std,0.16632075944694183
retrospective,Cond1,base_residual,p2_primary_EDGE_AIR_BAG_PRESSURE_auc,0.0360569556965301
retrospective,Cond1,base_residual,p2_primary_EDGE_AIR_BAG_PRESSURE_mean,0.0
retrospective,Cond1,base_residual,p2_primary_EDGE_AIR_BAG_PRESSURE_std,0.36855006265919227
retrospective,Cond1,base_residual,p2_primary_HEAD_ROTATION_mean,0.23223556989559124
retrospective,Cond1,base_residual,p2_primary_MAIN_OUTER_AIR_BAG_PRESSURE_auc,0.23093344729914933
retrospective,Cond1,base_residual,p2_primary_MAIN_OUTER_AIR_BAG_PRESSURE_mean,0.017155776527527433
retrospective,Cond1,base_residual,p2_primary_MAIN_OUTER_AIR_BAG_PRESSURE_std,0.8346452755268075
retrospective,Cond1,base_residual,p2_primary_PRESSURIZED_CHAMBER_PRESSURE_auc,7.349201475437379
retrospective,Cond1,base_residual,p2_primary_PRESSURIZED_CHAMBER_PRESSURE_mean,0.42403663764604727
retrospective,Cond1,base_residual,p2_primary_PRESSURIZED_CHAMBER_PRESSURE_std,0.07671733276500313
retrospective,Cond1,base_residual,p2_primary_RETAINER_RING_PRESSURE_auc,0.1550909764597179
retrospective,Cond1,base_residual,p2_primary_RETAINER_RING_PRESSURE_mean,0.1299266711308772
retrospective,Cond1,base_residual,p2_primary_RETAINER_RING_PRESSURE_std,0.17130962525474144
retrospective,Cond1,base_residual,p2_primary_RIPPLE_AIR_BAG_PRESSURE_auc,0.3073531044462148
retrospective,Cond1,base_residual,p2_primary_RIPPLE_AIR_BAG_PRESSURE_mean,0.0
retrospective,Cond1,base_residual,p2_primary_RIPPLE_AIR_BAG_PRESSURE_std,0.40487447182858904
retrospective,Cond1,base_residual,p2_primary_SLURRY_FLOW_LINE_A_auc,2.5712879581039263
retrospective,Cond1,base_residual,p2_primary_SLURRY_FLOW_LINE_A_mean,0.7552050160363454
retrospective,Cond1,base_residual,p2_primary_SLURRY_FLOW_LINE_A_std,0.4324564682052018
retrospective,Cond1,base_residual,p2_primary_SLURRY_FLOW_LINE_B_auc,0.09261540551466173
retrospective,Cond1,base_residual,p2_primary_SLURRY_FLOW_LINE_B_mean,0.07548639857330874
retrospective,Cond1,base_residual,p2_primary_SLURRY_FLOW_LINE_B_std,0.08330750041997914
retrospective,Cond1,base_residual,p2_primary_SLURRY_FLOW_LINE_C_auc,0.5710683496570829
retrospective,Cond1,base_residual,p2_primary_SLURRY_FLOW_LINE_C_mean,0.18014139970654686
retrospective,Cond1,base_residual,p2_primary_SLURRY_FLOW_LINE_C_std,0.17776661290057172
retrospective,Cond1,base_residual,p2_primary_STAGE_ROTATION_mean,0.2278593658887706
retrospective,Cond1,base_residual,p2_primary_USAGE_OF_BACKING_FILM_decreasing,0.17575905173796197
retrospective,Cond1,base_residual,p2_primary_USAGE_OF_BACKING_FILM_mean,0.7214720513768647
retrospective,Cond1,base_residual,p2_primary_USAGE_OF_BACKING_FILM_std,0.08686403973382899
retrospective,Cond1,base_residual,p2_primary_USAGE_OF_DRESSER_TABLE_decreasing,0.03345569575883615
retrospective,Cond1,base_residual,p2_primary_USAGE_OF_DRESSER_TABLE_mean,11.44186837712529
retrospective,Cond1,base_residual,p2_primary_USAGE_OF_DRESSER_TABLE_std,0.06656544773207188
retrospective,Cond1,base_residual,p2_primary_USAGE_OF_DRESSER_decreasing,0.16465521422878587
retrospective,Cond1,base_residual,p2_primary_USAGE_OF_DRESSER_mean,6.74790637201558
retrospective,Cond1,base_residual,p2_primary_USAGE_OF_DRESSER_std,0.2757593599557282
retrospective,Cond1,base_residual,p2_primary_USAGE_OF_MEMBRANE_decreasing,0.18723813423246324
retrospective,Cond1,base_residual,p2_primary_USAGE_OF_MEMBRANE_mean,0.0
retrospective,Cond1,base_residual,p2_primary_USAGE_OF_MEMBRANE_std,0.010612789765881715
retrospective,Cond1,base_residual,p2_primary_USAGE_OF_POLISHING_TABLE_decreasing,0.5525945966293397
retrospective,Cond1,base_residual,p2_primary_USAGE_OF_POLISHING_TABLE_mean,0.4571740522609889
retrospective,Cond1,base_residual,p2_primary_USAGE_OF_POLISHING_TABLE_std,0.1309106125634403
retrospective,Cond1,base_residual,p2_primary_USAGE_OF_PRESSURIZED_SHEET_decreasing,0.12911995544995822
retrospective,Cond1,base_residual,p2_primary_USAGE_OF_PRESSURIZED_SHEET_mean,0.0
retrospective,Cond1,base_residual,p2_primary_USAGE_OF_PRESSURIZED_SHEET_std,0.024329770269318495
retrospective,Cond1,base_residual,p2_primary_WAFER_ROTATION_mean,0.14754810285947317
retrospective,Cond1,base_residual,p2_primary_duration,0.0
retrospective,Cond1,base_residual,p2_secondary_CENTER_AIR_BAG_PRESSURE_auc,0.011546435180904063
retrospective,Cond1,base_residual,p2_secondary_CENTER_AIR_BAG_PRESSURE_mean,0.0
retrospective,Cond1,base_residual,p2_secondary_CENTER_AIR_BAG_PRESSURE_std,0.012295783631968461
retrospective,Cond1,base_residual,p2_secondary_DRESSING_WATER_STATUS_auc,0.01779109436496788
retrospective,Cond1,base_residual,p2_secondary_DRESSING_WATER_STATUS_mean,0.026368019176732448
retrospective,Cond1,base_residual,p2_secondary_DRESSING_WATER_STATUS_std,0.06546605565913863
retrospective,Cond1,base_residual,p2_secondary_EDGE_AIR_BAG_PRESSURE_auc,0.2809159990463536
retrospective,Cond1,base_residual,p2_secondary_EDGE_AIR_BAG_PRESSURE_mean,0.10308444416412518
retrospective,Cond1,base_residual,p2_secondary_EDGE_AIR_BAG_PRESSURE_std,0.05162978693934896
retrospective,Cond1,base_residual,p2_secondary_HEAD_ROTATION_mean,0.13758039285616863
retrospective,Cond1,base_residual,p2_secondary_MAIN_OUTER_AIR_BAG_PRESSURE_auc,0.0
retrospective,Cond1,base_residual,p2_secondary_MAIN_OUTER_AIR_BAG_PRESSURE_mean,0.0
retrospective,Cond1,base_residual,p2_secondary_MAIN_OUTER_AIR_BAG_PRESSURE_std,0.020626750345597997
retrospective,Cond1,base_residual,p2_secondary_PRESSURIZED_CHAMBER_PRESSURE_auc,0.0
retrospective,Cond1,base_residual,p2_secondary_PRESSURIZED_CHAMBER_PRESSURE_mean,0.039311287433651206
retrospective,Cond1,base_residual,p2_secondary_PRESSURIZED_CHAMBER_PRESSURE_std,0.02916342867720595
retrospective,Cond1,base_residual,p2_secondary_RETAINER_RING_PRESSURE_auc,0.07702699537487184
retrospective,Cond1,base_residual,p2_secondary_RETAINER_RING_PRESSURE_mean,0.0
retrospective,Cond1,base_residual,p2_secondary_RETAINER_RING_PRESSURE_std,0.010070808915005409
retrospective,Cond1,base_residual,p2_secondary_RIPPLE_AIR_BAG_PRESSURE_auc,0.0
retrospective,Cond1,base_residual,p2_secondary_RIPPLE_AIR_BAG_PRESSURE_mean,0.0
retrospective,Cond1,base_residual,p2_secondary_RIPPLE_AIR_BAG_PRESSURE_std,0.0
retrospective,Cond1,base_residual,p2_secondary_SLURRY_FLOW_LINE_A_auc,0.08951437642636581
retrospective,Cond1,base_residual,p2_secondary_SLURRY_FLOW_LINE_A_mean,0.11625474515738964
retrospective,Cond1,base_residual,p2_secondary_SLURRY_FLOW_LINE_A_std,0.4410322220802226
retrospective,Cond1,base_residual,p2_secondary_SLURRY_FLOW_LINE_B_auc,0.0
retrospective,Cond1,base_residual,p2_secondary_SLURRY_FLOW_LINE_B_mean,0.1888976408057631
retrospective,Cond1,base_residual,p2_secondary_SLURRY_FLOW_LINE_B_std,0.08863824867956269
retrospective,Cond1,base_residual,p2_secondary_SLURRY_FLOW_LINE_C_auc,0.08215133722550175
retrospective,Cond1,base_residual,p2_secondary_SLURRY_FLOW_LINE_C_mean,0.03745415569457077
retrospective,Cond1,base_residual,p2_secondary_SLURRY_FLOW_LINE_C_std,0.07642218931092129
retrospective,Cond1,base_residual,p2_secondary_STAGE_ROTATION_mean,0.25458840495944457
retrospective,Cond1,base_residual,p2_secondary_USAGE_OF_BACKING_FILM_decreasing,0.04031886601189791
retrospective,Cond1,base_residual,p2_secondary_USAGE_OF_BACKING_FILM_mean,0.1884197168289073
retrospective,Cond1,base_residual,p2_secondary_USAGE_OF_BACKING_FILM_std,0.07590386260618086
retrospective,Cond1,base_residual,p2_secondary_USAGE_OF_DRESSER_TABLE_decreasing,0.0
retrospective,Cond1,base_residual,p2_secondary_USAGE_OF_DRESSER_TABLE_mean,0.11126038665511613
retrospective,Cond1,base_residual,p2_secondary_USAGE_OF_DRESSER_TABLE_std,0.0
retrospective,Cond1,base_residual,p2_secondary_USAGE_OF_DRESSER_decreasing,0.1786634991643617
retrospective,Cond1,base_residual,p2_secondary_USAGE_OF_DRESSER_mean,18.11588352369775
retrospective,Cond1,base_residual,p2_secondary_USAGE_OF_DRESSER_std,0.28852272944380847
retrospective,Cond1,base_residual,p2_secondary_USAGE_OF_MEMBRANE_decreasing,0.3002273392231263
retrospective,Cond1,base_residual,p2_secondary_USAGE_OF_MEMBRANE_mean,0.0
retrospective,Cond1,base_residual,p2_secondary_USAGE_OF_MEMBRANE_std,0.07843495961768487
retrospective,Cond1,base_residual,p2_secondary_USAGE_OF_POLISHING_TABLE_decreasing,0.009800541023702324
retrospective,Cond1,base_residual,p2_secondary_USAGE_OF_POLISHING_TABLE_mean,0.4522174357759773
retrospective,Cond1,base_residual,p2_secondary_USAGE_OF_POLISHING_TABLE_std,0.0
retrospective,Cond1,base_residual,p2_secondary_USAGE_OF_PRESSURIZED_SHEET_decreasing,0.0
retrospective,Cond1,base_residual,p2_secondary_USAGE_OF_PRESSURIZED_SHEET_mean,0.0
retrospective,Cond1,base_residual,p2_secondary_USAGE_OF_PRESSURIZED_SHEET_std,0.0
retrospective,Cond1,base_residual,p2_secondary_WAFER_ROTATION_mean,0.09711057931838818
retrospective,Cond1,base_residual,p2_secondary_duration,0.45824328427966476
retrospective,Cond1,joint_residual,lag_1,2.8549763124830534
retrospective,Cond1,joint_residual,lag_2,0.0
retrospective,Cond1,joint_residual,lag_3,0.0
retrospective,Cond1,joint_residual,lag_4,0.0
retrospective,Cond1,joint_residual,lag_5,0.05822975183022512
retrospective,Cond1,joint_residual,lag_6,0.0
retrospective,Cond1,joint_residual,lag_7,0.05531000481207159
retrospective,Cond1,joint_residual,lag_8,0.09114993821967862
retrospective,Cond1,joint_residual,lag_9,0.0
retrospective,Cond1,joint_residual,lag_10,0.4715004258787032
retrospective,Cond1,joint_residual,lag_11,0.0
retrospective,Cond1,joint_residual,neighbor_1,2.6323561571547334
retrospective,Cond1,joint_residual,neighbor_2,0.470381542189919
retrospective,Cond1,joint_residual,neighbor_3,2.478583916763032
retrospective,Cond1,joint_residual,neighbor_4,0.49441972460657574
retrospective,Cond1,joint_residual,neighbor_5,0.042270055420262846
retrospective,Cond1,joint_residual,neighbor_6,0.01873371162359085
retrospective,Cond1,joint_residual,neighbor_7,0.5889610697689632
retrospective,Cond1,joint_residual,neighbor_8,0.15065989736430851
retrospective,Cond1,joint_residual,neighbor_9,0.6028691866914111
retrospective,Cond1,joint_residual,neighbor_10,1.7001751718278164
retrospective,Cond1,joint_residual,p2_primary_CENTER_AIR_BAG_PRESSURE_auc,0.08480587629222214
retrospective,Cond1,joint_residual,p2_primary_CENTER_AIR_BAG_PRESSURE_mean,0.0
retrospective,Cond1,joint_residual,p2_primary_CENTER_AIR_BAG_PRESSURE_std,0.0
retrospective,Cond1,joint_residual,p2_primary_DRESSING_WATER_STATUS_auc,0.27299075152320573
retrospective,Cond1,joint_residual,p2_primary_DRESSING_WATER_STATUS_mean,0.10764462887647483
retrospective,Cond1,joint_residual,p2_primary_DRESSING_WATER_STATUS_std,0.0
retrospective,Cond1,joint_residual,p2_primary_EDGE_AIR_BAG_PRESSURE_auc,0.0
retrospective,Cond1,joint_residual,p2_primary_EDGE_AIR_BAG_PRESSURE_mean,0.0
retrospective,Cond1,joint_residual,p2_primary_EDGE_AIR_BAG_PRESSURE_std,0.4754386881858929
retrospective,Cond1,joint_residual,p2_primary_HEAD_ROTATION_mean,0.0
retrospective,Cond1,joint_residual,p2_primary_MAIN_OUTER_AIR_BAG_PRESSURE_auc,0.2814716877683258
retrospective,Cond1,joint_residual,p2_primary_MAIN_OUTER_AIR_BAG_PRESSURE_mean,0.0
retrospective,Cond1,joint_residual,p2_primary_MAIN_OUTER_AIR_BAG_PRESSURE_std,0.4011267019670178
retrospective,Cond1,joint_residual,p2_primary_PRESSURIZED_CHAMBER_PRESSURE_auc,5.954933223527098
retrospective,Cond1,joint_residual,p2_primary_PRESSURIZED_CHAMBER_PRESSURE_mean,0.29583496109472235
retrospective,Cond1,joint_residual,p2_primary_PRESSURIZED_CHAMBER_PRESSURE_std,0.01978253679696174
retrospective,Cond1,joint_residual,p2_primary_RETAINER_RING_PRESSURE_auc,0.0
retrospective,Cond1,joint_residual,p2_primary_RETAINER_RING_PRESSURE_mean,0.0
retrospective,Cond1,joint_residual,p2_primary_RETAINER_RING_PRESSURE_std,0.02902741449243846
retrospective,Cond1,joint_residual,p2_primary_RIPPLE_AIR_BAG_PRESSURE_auc,0.22244780552361113
retrospective,Cond1,joint_residual,p2_primary_RIPPLE_AIR_BAG_PRESSURE_mean,0.0
retrospective,Cond1,joint_residual,p2_primary_RIPPLE_AIR_BAG_PRESSURE_std,0.5359511450220492
retrospective,Cond1,joint_residual,p2_primary_SLURRY_FLOW_LINE_A_auc,1.8553739469464945
retrospective,Cond1,joint_residual,p2_primary_SLURRY_FLOW_LINE_A_mean,0.0
retrospective,Cond1,joint_residual,p2_primary_SLURRY_FLOW_LINE_A_std,0.044602066047880126
retrospective,Cond1,joint_residual,p2_primary_SLURRY_FLOW_LINE_B_auc,0.0
retrospective,Cond1,joint_residual,p2_primary_SLURRY_FLOW_LINE_B_mean,0.04480848713689354
retrospective,Cond1,joint_residual,p2_primary_SLURRY_FLOW_LINE_B_std,0.008505990804755692
retrospective,Cond1,joint_residual,p2_primary_SLURRY_FLOW_LINE_C_auc,0.31406899357346446
retrospective,Cond1,joint_residual,p2_primary_SLURRY_FLOW_LINE_C_mean,0.0
retrospective,Cond1,joint_residual,p2_primary_SLURRY_FLOW_LINE_C_std,0.0526297859028805
retrospective,Cond1,joint_residual,p2_primary_STAGE_ROTATION_mean,0.0773671781950365
retrospective,Cond1,joint_residual,p2_primary_USAGE_OF_BACKING_FILM_decreasing,0.011114076386293465
retrospective,Cond1,joint_residual,p2_primary_USAGE_OF_BACKING_FILM_mean,0.21094433834129023
retrospective,Cond1,joint_residual,p2_primary_USAGE_OF_BACKING_FILM_std,0.02304112336484396
retrospective,Cond1,joint_residual,p2_primary_USAGE_OF_DRESSER_TABLE_decreasing,0.0
retrospective,Cond1,joint_residual,p2_primary_USAGE_OF_DRESSER_TABLE_mean,10.090696202460382
retrospective,Cond1,joint_residual,p2_primary_USAGE_OF_DRESSER_TABLE_std,0.0
retrospective,Cond1,joint_residual,p2_primary_USAGE_OF_DRESSER_decreasing,0.003559047827942242
retrospective,Cond1,joint_residual,p2_primary_USAGE_OF_DRESSER_mean,1.4573749067621549
retrospective,Cond1,joint_residual,p2_primary_USAGE_OF_DRESSER_std,0.0
retrospective,Cond1,joint_residual,p2_primary_USAGE_OF_MEMBRANE_decreasing,0.0
retrospective,Cond1,joint_residual,p2_primary_USAGE_OF_MEMBRANE_mean,0.0
retrospective,Cond1,joint_residual,p2_primary_USAGE_OF_MEMBRANE_std,0.012468883038938271
retrospective,Cond1,joint_residual,p2_primary_USAGE_OF_POLISHING_TABLE_decreasing,0.03573137288030175
retrospective,Cond1,joint_residual,p2_primary_USAGE_OF_POLISHING_TABLE_mean,0.1405556468557803
retrospective,Cond1,joint_residual,p2_primary_USAGE_OF_POLISHING_TABLE_std,0.0
retrospective,Cond1,joint_residual,p2_primary_USAGE_OF_PRESSURIZED_SHEET_decreasing,0.004071548896153611
retrospective,Cond1,joint_residual,p2_primary_USAGE_OF_PRESSURIZED_SHEET_mean,0.0
retrospective,Cond1,joint_residual,p2_primary_USAGE_OF_PRESSURIZED_SHEET_std,0.0
retrospective,Cond1,joint_residual,p2_primary_WAFER_ROTATION_mean,0.015760337598198847
retrospective,Cond1,joint_residual,p2_primary_duration,0.0
retrospective,Cond1,joint_residual,p2_secondary_CENTER_AIR_BAG_PRESSURE_auc,0.0
retrospective,Cond1,joint_residual,p2_secondary_CENTER_AIR_BAG_PRESSURE_mean,0.0
retrospective,Cond1,joint_residual,p2_secondary_CENTER_AIR_BAG_PRESSURE_std,0.0
retrospective,Cond1,joint_residual,p2_secondary_DRESSING_WATER_STATUS_auc,0.0
retrospective,Cond1,joint_residual,p2_secondary_DRESSING_WATER_STATUS_mean,0.0
retrospective,Cond1,joint_residual,p2_secondary_DRESSING_WATER_STATUS_std,0.0
retrospective,Cond1,joint_residual,p2_secondary_EDGE_AIR_BAG_PRESSURE_auc,0.0
retrospective,Cond1,joint_residual,p2_secondary_EDGE_AIR_BAG_PRESSURE_mean,0.0
retrospective,Cond1,joint_residual,p2_secondary_EDGE_AIR_BAG_PRESSURE_std,0.0
retrospective,Cond1,joint_residual,p2_secondary_HEAD_ROTATION_mean,0.023874967941871234
retrospective,Cond1,joint_residual,p2_secondary_MAIN_OUTER_AIR_BAG_PRESSURE_auc,0.0
retrospective,Cond1,joint_residual,p2_secondary_MAIN_OUTER_AIR_BAG_PRESSURE_mean,0.0
retrospective,Cond1,joint_residual,p2_secondary_MAIN_OUTER_AIR_BAG_PRESSURE_std,0.0
retrospective,Cond1,joint_residual,p2_secondary_PRESSURIZED_CHAMBER_PRESSURE_auc,0.0
retrospective,Cond1,joint_residual,p2_secondary_PRESSURIZED_CHAMBER_PRESSURE_mean,0.0
retrospective,Cond1,joint_residual,p2_secondary_PRESSURIZED_CHAMBER_PRESSURE_std,0.0
retrospective,Cond1,joint_residual,p2_secondary_RETAINER_RING_PRESSURE_auc,0.0
retrospective,Cond1,joint_residual,p2_secondary_RETAINER_RING_PRESSURE_mean,0.0
retrospective,Cond1,joint_residual,p2_secondary_RETAINER_RING_PRESSURE_std,0.0
retrospective,Cond1,joint_residual,p2_secondary_RIPPLE_AIR_BAG_PRESSURE_auc,0.0
retrospective,Cond1,joint_residual,p2_secondary_RIPPLE_AIR_BAG_PRESSURE_mean,0.04899508517040555
retrospective,Cond1,joint_residual,p2_secondary_RIPPLE_AIR_BAG_PRESSURE_std,0.0
retrospective,Cond1,joint_residual,p2_secondary_SLURRY_FLOW_LINE_A_auc,0.0
retrospective,Cond1,joint_residual,p2_secondary_SLURRY_FLOW_LINE_A_mean,0.0
retrospective,Cond1,joint_residual,p2_secondary_SLURRY_FLOW_LINE_A_std,0.1995405187908564
retrospective,Cond1,joint_residual,p2_secondary_SLURRY_FLOW_LINE_B_auc,0.0
retrospective,Cond1,joint_residual,p2_secondary_SLURRY_FLOW_LINE_B_mean,0.034048703614169645
retrospective,Cond1,joint_residual,p2_secondary_SLURRY_FLOW_LINE_B_std,0.014752205134364394
retrospective,Cond1,joint_residual,p2_secondary_SLURRY_FLOW_LINE_C_auc,0.0
retrospective,Cond1,joint_residual,p2_secondary_SLURRY_FLOW_LINE_C_mean,0.0
retrospective,Cond1,joint_residual,p2_secondary_SLURRY_FLOW_LINE_C_std,0.0
retrospective,Cond1,joint_residual,p2_secondary_STAGE_ROTATION_mean,0.014235354046390786
retrospective,Cond1,joint_residual,p2_secondary_USAGE_OF_BACKING_FILM_decreasing,0.0
retrospective,Cond1,joint_residual,p2_secondary_USAGE_OF_BACKING_FILM_mean,0.0790993807085934
retrospective,Cond1,joint_residual,p2_secondary_USAGE_OF_BACKING_FILM_std,0.0
retrospective,Cond1,joint_residual,p2_secondary_USAGE_OF_DRESSER_TABLE_decreasing,0.0
retrospective,Cond1,joint_residual,p2_secondary_USAGE_OF_DRESSER_TABLE_mean,0.17795540248327849
retrospective,Cond1,joint_residual,p2_secondary_USAGE_OF_DRESSER_TABLE_std,0.0
retrospective,Cond1,joint_residual,p2_secondary_USAGE_OF_DRESSER_decreasing,0.017894095462620333
retrospective,Cond1,joint_residual,p2_secondary_USAGE_OF_DRESSER_mean,6.650974119712033
retrospective,Cond1,joint_residual,p2_secondary_USAGE_OF_DRESSER_std,0.0
retrospective,Cond1,joint_residual,p2_secondary_USAGE_OF_MEMBRANE_decreasing,0.0
retrospective,Cond1,joint_residual,p2_secondary_USAGE_OF_MEMBRANE_mean,0.0
retrospective,Cond1,joint_residual,p2_secondary_USAGE_OF_MEMBRANE_std,0.07299008319128812
retrospective,Cond1,joint_residual,p2_secondary_USAGE_OF_POLISHING_TABLE_decreasing,0.0
retrospective,Cond1,joint_residual,p2_secondary_USAGE_OF_POLISHING_TABLE_mean,0.11413391525742256
retrospective,Cond1,joint_residual,p2_secondary_USAGE_OF_POLISHING_TABLE_std,0.02826100874637858
retrospective,Cond1,joint_residual,p2_secondary_USAGE_OF_PRESSURIZED_SHEET_decreasing,0.0
retrospective,Cond1,joint_residual,p2_secondary_USAGE_OF_PRESSURIZED_SHEET_mean,0.0
retrospective,Cond1,joint_residual,p2_secondary_USAGE_OF_PRESSURIZED_SHEET_std,0.0
retrospective,Cond1,joint_residual,p2_secondary_WAFER_ROTATION_mean,0.0
retrospective,Cond1,joint_residual,p2_secondary_duration,0.09175594757109179
retrospective,Cond1,joint_residual,history_summary_0,0.0
retrospective,Cond1,joint_residual,history_summary_1,8.25862883224001
retrospective,Cond1,joint_residual,history_summary_2,0.0
retrospective,Cond1,joint_residual,history_summary_3,0.28529515070440303
retrospective,Cond1,joint_residual,history_summary_4,1.6943238610485363
retrospective,Cond1,joint_residual,history_summary_5,18.589390718590828
retrospective,Cond1,joint_residual,history_summary_6,1.0286686537873133
retrospective,Cond1,joint_residual,history_summary_7,0.0
retrospective,Cond1,joint_residual,history_summary_8,0.04314324342904954
retrospective,Cond1,joint_residual,history_summary_9,1.3064286324764576
retrospective,Cond1,joint_residual,gap__p2_primary_CENTER_AIR_BAG_PRESSURE_auc,0.0
retrospective,Cond1,joint_residual,gap__p2_primary_CENTER_AIR_BAG_PRESSURE_mean,0.0
retrospective,Cond1,joint_residual,gap__p2_primary_CENTER_AIR_BAG_PRESSURE_std,0.0
retrospective,Cond1,joint_residual,gap__p2_primary_DRESSING_WATER_STATUS_auc,0.0
retrospective,Cond1,joint_residual,gap__p2_primary_DRESSING_WATER_STATUS_mean,0.0
retrospective,Cond1,joint_residual,gap__p2_primary_DRESSING_WATER_STATUS_std,0.0
retrospective,Cond1,joint_residual,gap__p2_primary_EDGE_AIR_BAG_PRESSURE_auc,0.0
retrospective,Cond1,joint_residual,gap__p2_primary_EDGE_AIR_BAG_PRESSURE_mean,0.0
retrospective,Cond1,joint_residual,gap__p2_primary_EDGE_AIR_BAG_PRESSURE_std,0.0
retrospective,Cond1,joint_residual,gap__p2_primary_HEAD_ROTATION_mean,0.0
retrospective,Cond1,joint_residual,gap__p2_primary_MAIN_OUTER_AIR_BAG_PRESSURE_auc,0.0
retrospective,Cond1,joint_residual,gap__p2_primary_MAIN_OUTER_AIR_BAG_PRESSURE_mean,0.0
retrospective,Cond1,joint_residual,gap__p2_primary_MAIN_OUTER_AIR_BAG_PRESSURE_std,0.0
retrospective,Cond1,joint_residual,gap__p2_primary_PRESSURIZED_CHAMBER_PRESSURE_auc,0.0
retrospective,Cond1,joint_residual,gap__p2_primary_PRESSURIZED_CHAMBER_PRESSURE_mean,0.0
retrospective,Cond1,joint_residual,gap__p2_primary_PRESSURIZED_CHAMBER_PRESSURE_std,0.0
retrospective,Cond1,joint_residual,gap__p2_primary_RETAINER_RING_PRESSURE_auc,0.0
retrospective,Cond1,joint_residual,gap__p2_primary_RETAINER_RING_PRESSURE_mean,0.0
retrospective,Cond1,joint_residual,gap__p2_primary_RETAINER_RING_PRESSURE_std,0.0
retrospective,Cond1,joint_residual,gap__p2_primary_RIPPLE_AIR_BAG_PRESSURE_auc,0.0
retrospective,Cond1,joint_residual,gap__p2_primary_RIPPLE_AIR_BAG_PRESSURE_mean,0.0
retrospective,Cond1,joint_residual,gap__p2_primary_RIPPLE_AIR_BAG_PRESSURE_std,0.0
retrospective,Cond1,joint_residual,gap__p2_primary_SLURRY_FLOW_LINE_A_auc,0.0
retrospective,Cond1,joint_residual,gap__p2_primary_SLURRY_FLOW_LINE_A_mean,0.0
retrospective,Cond1,joint_residual,gap__p2_primary_SLURRY_FLOW_LINE_A_std,0.0
retrospective,Cond1,joint_residual,gap__p2_primary_SLURRY_FLOW_LINE_B_auc,0.0
retrospective,Cond1,joint_residual,gap__p2_primary_SLURRY_FLOW_LINE_B_mean,0.0
retrospective,Cond1,joint_residual,gap__p2_primary_SLURRY_FLOW_LINE_B_std,0.0
retrospective,Cond1,joint_residual,gap__p2_primary_SLURRY_FLOW_LINE_C_auc,0.0
retrospective,Cond1,joint_residual,gap__p2_primary_SLURRY_FLOW_LINE_C_mean,0.0
retrospective,Cond1,joint_residual,gap__p2_primary_SLURRY_FLOW_LINE_C_std,0.0
retrospective,Cond1,joint_residual,gap__p2_primary_STAGE_ROTATION_mean,0.0
retrospective,Cond1,joint_residual,gap__p2_primary_USAGE_OF_BACKING_FILM_decreasing,0.0
retrospective,Cond1,joint_residual,gap__p2_primary_USAGE_OF_BACKING_FILM_mean,0.0
retrospective,Cond1,joint_residual,gap__p2_primary_USAGE_OF_BACKING_FILM_std,0.0
retrospective,Cond1,joint_residual,gap__p2_primary_USAGE_OF_DRESSER_TABLE_decreasing,0.0
retrospective,Cond1,joint_residual,gap__p2_primary_USAGE_OF_DRESSER_TABLE_mean,0.0
retrospective,Cond1,joint_residual,gap__p2_primary_USAGE_OF_DRESSER_TABLE_std,0.0
retrospective,Cond1,joint_residual,gap__p2_primary_USAGE_OF_DRESSER_decreasing,0.0
retrospective,Cond1,joint_residual,gap__p2_primary_USAGE_OF_DRESSER_mean,0.0
retrospective,Cond1,joint_residual,gap__p2_primary_USAGE_OF_DRESSER_std,0.0
retrospective,Cond1,joint_residual,gap__p2_primary_USAGE_OF_MEMBRANE_decreasing,0.0
retrospective,Cond1,joint_residual,gap__p2_primary_USAGE_OF_MEMBRANE_mean,0.0
retrospective,Cond1,joint_residual,gap__p2_primary_USAGE_OF_MEMBRANE_std,0.0
retrospective,Cond1,joint_residual,gap__p2_primary_USAGE_OF_POLISHING_TABLE_decreasing,0.0
retrospective,Cond1,joint_residual,gap__p2_primary_USAGE_OF_POLISHING_TABLE_mean,0.0
retrospective,Cond1,joint_residual,gap__p2_primary_USAGE_OF_POLISHING_TABLE_std,0.0
retrospective,Cond1,joint_residual,gap__p2_primary_USAGE_OF_PRESSURIZED_SHEET_decreasing,0.0
retrospective,Cond1,joint_residual,gap__p2_primary_USAGE_OF_PRESSURIZED_SHEET_mean,0.0
retrospective,Cond1,joint_residual,gap__p2_primary_USAGE_OF_PRESSURIZED_SHEET_std,0.0
retrospective,Cond1,joint_residual,gap__p2_primary_WAFER_ROTATION_mean,0.0
retrospective,Cond1,joint_residual,gap__p2_primary_duration,0.0
retrospective,Cond1,joint_residual,gap__p2_secondary_CENTER_AIR_BAG_PRESSURE_auc,0.0
retrospective,Cond1,joint_residual,gap__p2_secondary_CENTER_AIR_BAG_PRESSURE_mean,0.0
retrospective,Cond1,joint_residual,gap__p2_secondary_CENTER_AIR_BAG_PRESSURE_std,0.0
retrospective,Cond1,joint_residual,gap__p2_secondary_DRESSING_WATER_STATUS_auc,0.0
retrospective,Cond1,joint_residual,gap__p2_secondary_DRESSING_WATER_STATUS_mean,0.0
retrospective,Cond1,joint_residual,gap__p2_secondary_DRESSING_WATER_STATUS_std,0.0
retrospective,Cond1,joint_residual,gap__p2_secondary_EDGE_AIR_BAG_PRESSURE_auc,0.0
retrospective,Cond1,joint_residual,gap__p2_secondary_EDGE_AIR_BAG_PRESSURE_mean,0.0
retrospective,Cond1,joint_residual,gap__p2_secondary_EDGE_AIR_BAG_PRESSURE_std,0.0
retrospective,Cond1,joint_residual,gap__p2_secondary_HEAD_ROTATION_mean,0.0
retrospective,Cond1,joint_residual,gap__p2_secondary_MAIN_OUTER_AIR_BAG_PRESSURE_auc,0.0
retrospective,Cond1,joint_residual,gap__p2_secondary_MAIN_OUTER_AIR_BAG_PRESSURE_mean,0.0
retrospective,Cond1,joint_residual,gap__p2_secondary_MAIN_OUTER_AIR_BAG_PRESSURE_std,0.0
retrospective,Cond1,joint_residual,gap__p2_secondary_PRESSURIZED_CHAMBER_PRESSURE_auc,0.0
retrospective,Cond1,joint_residual,gap__p2_secondary_PRESSURIZED_CHAMBER_PRESSURE_mean,0.0
retrospective,Cond1,joint_residual,gap__p2_secondary_PRESSURIZED_CHAMBER_PRESSURE_std,0.0
retrospective,Cond1,joint_residual,gap__p2_secondary_RETAINER_RING_PRESSURE_auc,0.0
retrospective,Cond1,joint_residual,gap__p2_secondary_RETAINER_RING_PRESSURE_mean,0.0
retrospective,Cond1,joint_residual,gap__p2_secondary_RETAINER_RING_PRESSURE_std,0.0
retrospective,Cond1,joint_residual,gap__p2_secondary_RIPPLE_AIR_BAG_PRESSURE_auc,0.0
retrospective,Cond1,joint_residual,gap__p2_secondary_RIPPLE_AIR_BAG_PRESSURE_mean,0.0
retrospective,Cond1,joint_residual,gap__p2_secondary_RIPPLE_AIR_BAG_PRESSURE_std,0.0
retrospective,Cond1,joint_residual,gap__p2_secondary_SLURRY_FLOW_LINE_A_auc,0.0
retrospective,Cond1,joint_residual,gap__p2_secondary_SLURRY_FLOW_LINE_A_mean,0.0
retrospective,Cond1,joint_residual,gap__p2_secondary_SLURRY_FLOW_LINE_A_std,0.0
retrospective,Cond1,joint_residual,gap__p2_secondary_SLURRY_FLOW_LINE_B_auc,0.0
retrospective,Cond1,joint_residual,gap__p2_secondary_SLURRY_FLOW_LINE_B_mean,0.0
retrospective,Cond1,joint_residual,gap__p2_secondary_SLURRY_FLOW_LINE_B_std,0.0
retrospective,Cond1,joint_residual,gap__p2_secondary_SLURRY_FLOW_LINE_C_auc,0.0
retrospective,Cond1,joint_residual,gap__p2_secondary_SLURRY_FLOW_LINE_C_mean,0.0
retrospective,Cond1,joint_residual,gap__p2_secondary_SLURRY_FLOW_LINE_C_std,0.0
retrospective,Cond1,joint_residual,gap__p2_secondary_STAGE_ROTATION_mean,0.0
retrospective,Cond1,joint_residual,gap__p2_secondary_USAGE_OF_BACKING_FILM_decreasing,0.0
retrospective,Cond1,joint_residual,gap__p2_secondary_USAGE_OF_BACKING_FILM_mean,0.0
retrospective,Cond1,joint_residual,gap__p2_secondary_USAGE_OF_BACKING_FILM_std,0.0
retrospective,Cond1,joint_residual,gap__p2_secondary_USAGE_OF_DRESSER_TABLE_decreasing,0.0
retrospective,Cond1,joint_residual,gap__p2_secondary_USAGE_OF_DRESSER_TABLE_mean,0.0
retrospective,Cond1,joint_residual,gap__p2_secondary_USAGE_OF_DRESSER_TABLE_std,0.0
retrospective,Cond1,joint_residual,gap__p2_secondary_USAGE_OF_DRESSER_decreasing,0.015200566461383054
retrospective,Cond1,joint_residual,gap__p2_secondary_USAGE_OF_DRESSER_mean,0.0
retrospective,Cond1,joint_residual,gap__p2_secondary_USAGE_OF_DRESSER_std,0.0
retrospective,Cond1,joint_residual,gap__p2_secondary_USAGE_OF_MEMBRANE_decreasing,0.0
retrospective,Cond1,joint_residual,gap__p2_secondary_USAGE_OF_MEMBRANE_mean,0.0
retrospective,Cond1,joint_residual,gap__p2_secondary_USAGE_OF_MEMBRANE_std,0.0
retrospective,Cond1,joint_residual,gap__p2_secondary_USAGE_OF_POLISHING_TABLE_decreasing,0.0
retrospective,Cond1,joint_residual,gap__p2_secondary_USAGE_OF_POLISHING_TABLE_mean,0.0
retrospective,Cond1,joint_residual,gap__p2_secondary_USAGE_OF_POLISHING_TABLE_std,0.0
retrospective,Cond1,joint_residual,gap__p2_secondary_USAGE_OF_PRESSURIZED_SHEET_decreasing,0.0
retrospective,Cond1,joint_residual,gap__p2_secondary_USAGE_OF_PRESSURIZED_SHEET_mean,0.0
retrospective,Cond1,joint_residual,gap__p2_secondary_USAGE_OF_PRESSURIZED_SHEET_std,0.0
retrospective,Cond1,joint_residual,gap__p2_secondary_WAFER_ROTATION_mean,0.0
retrospective,Cond1,joint_residual,gap__p2_secondary_duration,0.055538869602762414
retrospective,Cond1,joint_residual,multi_primary_active_fraction,0.0
retrospective,Cond1,joint_residual,multi_primary_active_point_fraction,0.0023605296742635227
retrospective,Cond1,joint_residual,multi_primary_active_time,0.0
retrospective,Cond1,joint_residual,multi_primary_episode_count,0.0
retrospective,Cond1,joint_residual,multi_primary_episode_max,0.0
retrospective,Cond1,joint_residual,multi_primary_episode_median,0.0
retrospective,Cond1,joint_residual,multi_primary_episode_min,0.0
retrospective,Cond1,joint_residual,multi_primary_episode_std,0.0
retrospective,Cond1,joint_residual,multi_primary_inactive_time,0.0
retrospective,Cond1,joint_residual,multi_primary_observed_time,0.0
retrospective,Cond1,joint_residual,multi_primary_pressure_integral,0.0
retrospective,Cond1,joint_residual,multi_primary_pressure_mean,0.46851331532610524
retrospective,Cond1,joint_residual,multi_primary_pressure_rotation_proxy_integral,0.0
retrospective,Cond1,joint_residual,multi_primary_pressure_rotation_proxy_mean,0.024896212141964368
retrospective,Cond1,joint_residual,multi_primary_pressure_rotation_proxy_std,0.0
retrospective,Cond1,joint_residual,multi_primary_pressure_std,0.01269362881935674
retrospective,Cond1,joint_residual,multi_primary_rotation_sum_integral,0.0
retrospective,Cond1,joint_residual,multi_primary_rotation_sum_mean,0.0
retrospective,Cond1,joint_residual,multi_primary_rotation_sum_std,0.09537817970646534
retrospective,Cond1,joint_residual,multi_primary_slurry_integral,0.0
retrospective,Cond1,joint_residual,multi_primary_slurry_mean,0.06529172617729519
retrospective,Cond1,joint_residual,multi_primary_slurry_std,0.0
retrospective,Cond1,joint_residual,multi_secondary_active_fraction,0.0
retrospective,Cond1,joint_residual,multi_secondary_active_point_fraction,0.0
retrospective,Cond1,joint_residual,multi_secondary_active_time,0.0
retrospective,Cond1,joint_residual,multi_secondary_episode_count,0.0
retrospective,Cond1,joint_residual,multi_secondary_episode_max,0.0
retrospective,Cond1,joint_residual,multi_secondary_episode_median,0.0
retrospective,Cond1,joint_residual,multi_secondary_episode_min,0.0
retrospective,Cond1,joint_residual,multi_secondary_episode_std,0.0
retrospective,Cond1,joint_residual,multi_secondary_inactive_time,0.0
retrospective,Cond1,joint_residual,multi_secondary_observed_time,0.0
retrospective,Cond1,joint_residual,multi_secondary_pressure_integral,0.0
retrospective,Cond1,joint_residual,multi_secondary_pressure_mean,0.0
retrospective,Cond1,joint_residual,multi_secondary_pressure_rotation_proxy_integral,0.0
retrospective,Cond1,joint_residual,multi_secondary_pressure_rotation_proxy_mean,0.0
retrospective,Cond1,joint_residual,multi_secondary_pressure_rotation_proxy_std,0.0
retrospective,Cond1,joint_residual,multi_secondary_pressure_std,0.0
retrospective,Cond1,joint_residual,multi_secondary_rotation_sum_integral,0.0
retrospective,Cond1,joint_residual,multi_secondary_rotation_sum_mean,0.0
retrospective,Cond1,joint_residual,multi_secondary_rotation_sum_std,0.031121638855654638
retrospective,Cond1,joint_residual,multi_secondary_slurry_integral,0.0
retrospective,Cond1,joint_residual,multi_secondary_slurry_mean,0.0
retrospective,Cond1,joint_residual,multi_secondary_slurry_std,0.0538785110059846
retrospective,Cond1,joint_residual,phase__p2_primary_CENTER_AIR_BAG_PRESSURE_auc,0.0
retrospective,Cond1,joint_residual,phase__p2_primary_CENTER_AIR_BAG_PRESSURE_mean,0.0
retrospective,Cond1,joint_residual,phase__p2_primary_CENTER_AIR_BAG_PRESSURE_std,0.0
retrospective,Cond1,joint_residual,phase__p2_primary_DRESSING_WATER_STATUS_auc,0.021271948077493993
retrospective,Cond1,joint_residual,phase__p2_primary_DRESSING_WATER_STATUS_mean,0.0
retrospective,Cond1,joint_residual,phase__p2_primary_DRESSING_WATER_STATUS_std,0.0
retrospective,Cond1,joint_residual,phase__p2_primary_EDGE_AIR_BAG_PRESSURE_auc,0.0
retrospective,Cond1,joint_residual,phase__p2_primary_EDGE_AIR_BAG_PRESSURE_mean,0.0
retrospective,Cond1,joint_residual,phase__p2_primary_EDGE_AIR_BAG_PRESSURE_std,0.0
retrospective,Cond1,joint_residual,phase__p2_primary_HEAD_ROTATION_mean,0.028881586655648706
retrospective,Cond1,joint_residual,phase__p2_primary_MAIN_OUTER_AIR_BAG_PRESSURE_auc,0.0
retrospective,Cond1,joint_residual,phase__p2_primary_MAIN_OUTER_AIR_BAG_PRESSURE_mean,0.01427861567710644
retrospective,Cond1,joint_residual,phase__p2_primary_MAIN_OUTER_AIR_BAG_PRESSURE_std,0.0
retrospective,Cond1,joint_residual,phase__p2_primary_PRESSURIZED_CHAMBER_PRESSURE_auc,0.0
retrospective,Cond1,joint_residual,phase__p2_primary_PRESSURIZED_CHAMBER_PRESSURE_mean,0.0
retrospective,Cond1,joint_residual,phase__p2_primary_PRESSURIZED_CHAMBER_PRESSURE_std,0.0
retrospective,Cond1,joint_residual,phase__p2_primary_RETAINER_RING_PRESSURE_auc,0.06680752652186284
retrospective,Cond1,joint_residual,phase__p2_primary_RETAINER_RING_PRESSURE_mean,0.08711151816557783
retrospective,Cond1,joint_residual,phase__p2_primary_RETAINER_RING_PRESSURE_std,0.006613054842910646
retrospective,Cond1,joint_residual,phase__p2_primary_RIPPLE_AIR_BAG_PRESSURE_auc,0.0
retrospective,Cond1,joint_residual,phase__p2_primary_RIPPLE_AIR_BAG_PRESSURE_mean,0.03431460091209042
retrospective,Cond1,joint_residual,phase__p2_primary_RIPPLE_AIR_BAG_PRESSURE_std,0.08428370269582856
retrospective,Cond1,joint_residual,phase__p2_primary_SLURRY_FLOW_LINE_A_auc,0.07172466077314041
retrospective,Cond1,joint_residual,phase__p2_primary_SLURRY_FLOW_LINE_A_mean,0.0
retrospective,Cond1,joint_residual,phase__p2_primary_SLURRY_FLOW_LINE_A_std,0.0
retrospective,Cond1,joint_residual,phase__p2_primary_SLURRY_FLOW_LINE_B_auc,0.0
retrospective,Cond1,joint_residual,phase__p2_primary_SLURRY_FLOW_LINE_B_mean,0.0
retrospective,Cond1,joint_residual,phase__p2_primary_SLURRY_FLOW_LINE_B_std,0.0
retrospective,Cond1,joint_residual,phase__p2_primary_SLURRY_FLOW_LINE_C_auc,0.1610929345405233
retrospective,Cond1,joint_residual,phase__p2_primary_SLURRY_FLOW_LINE_C_mean,0.0
retrospective,Cond1,joint_residual,phase__p2_primary_SLURRY_FLOW_LINE_C_std,0.049993932433426216
retrospective,Cond1,joint_residual,phase__p2_primary_STAGE_ROTATION_mean,0.0
retrospective,Cond1,joint_residual,phase__p2_primary_USAGE_OF_BACKING_FILM_decreasing,0.0
retrospective,Cond1,joint_residual,phase__p2_primary_USAGE_OF_BACKING_FILM_mean,0.0020733269403510877
retrospective,Cond1,joint_residual,phase__p2_primary_USAGE_OF_BACKING_FILM_std,0.013978062502381733
retrospective,Cond1,joint_residual,phase__p2_primary_USAGE_OF_DRESSER_TABLE_decreasing,0.0
retrospective,Cond1,joint_residual,phase__p2_primary_USAGE_OF_DRESSER_TABLE_mean,2.4169374860618142
retrospective,Cond1,joint_residual,phase__p2_primary_USAGE_OF_DRESSER_TABLE_std,0.0
retrospective,Cond1,joint_residual,phase__p2_primary_USAGE_OF_DRESSER_decreasing,0.09718705383121082
retrospective,Cond1,joint_residual,phase__p2_primary_USAGE_OF_DRESSER_mean,20.488669407806327
retrospective,Cond1,joint_residual,phase__p2_primary_USAGE_OF_DRESSER_std,0.0
retrospective,Cond1,joint_residual,phase__p2_primary_USAGE_OF_MEMBRANE_decreasing,0.0
retrospective,Cond1,joint_residual,phase__p2_primary_USAGE_OF_MEMBRANE_mean,0.0
retrospective,Cond1,joint_residual,phase__p2_primary_USAGE_OF_MEMBRANE_std,0.0
retrospective,Cond1,joint_residual,phase__p2_primary_USAGE_OF_POLISHING_TABLE_decreasing,0.0
retrospective,Cond1,joint_residual,phase__p2_primary_USAGE_OF_POLISHING_TABLE_mean,0.0349951139957426
retrospective,Cond1,joint_residual,phase__p2_primary_USAGE_OF_POLISHING_TABLE_std,0.0
retrospective,Cond1,joint_residual,phase__p2_primary_USAGE_OF_PRESSURIZED_SHEET_decreasing,0.0
retrospective,Cond1,joint_residual,phase__p2_primary_USAGE_OF_PRESSURIZED_SHEET_mean,0.0
retrospective,Cond1,joint_residual,phase__p2_primary_USAGE_OF_PRESSURIZED_SHEET_std,0.0
retrospective,Cond1,joint_residual,phase__p2_primary_WAFER_ROTATION_mean,0.30899977618341
retrospective,Cond1,joint_residual,phase__p2_primary_duration,0.0
retrospective,Cond1,joint_residual,phase__p2_secondary_CENTER_AIR_BAG_PRESSURE_auc,0.0
retrospective,Cond1,joint_residual,phase__p2_secondary_CENTER_AIR_BAG_PRESSURE_mean,0.0
retrospective,Cond1,joint_residual,phase__p2_secondary_CENTER_AIR_BAG_PRESSURE_std,0.0
retrospective,Cond1,joint_residual,phase__p2_secondary_DRESSING_WATER_STATUS_auc,0.0342212285058118
retrospective,Cond1,joint_residual,phase__p2_secondary_DRESSING_WATER_STATUS_mean,0.0
retrospective,Cond1,joint_residual,phase__p2_secondary_DRESSING_WATER_STATUS_std,0.0
retrospective,Cond1,joint_residual,phase__p2_secondary_EDGE_AIR_BAG_PRESSURE_auc,0.0
retrospective,Cond1,joint_residual,phase__p2_secondary_EDGE_AIR_BAG_PRESSURE_mean,0.0
retrospective,Cond1,joint_residual,phase__p2_secondary_EDGE_AIR_BAG_PRESSURE_std,0.0
retrospective,Cond1,joint_residual,phase__p2_secondary_HEAD_ROTATION_mean,0.1326120544797878
retrospective,Cond1,joint_residual,phase__p2_secondary_MAIN_OUTER_AIR_BAG_PRESSURE_auc,0.0
retrospective,Cond1,joint_residual,phase__p2_secondary_MAIN_OUTER_AIR_BAG_PRESSURE_mean,0.0
retrospective,Cond1,joint_residual,phase__p2_secondary_MAIN_OUTER_AIR_BAG_PRESSURE_std,0.0
retrospective,Cond1,joint_residual,phase__p2_secondary_PRESSURIZED_CHAMBER_PRESSURE_auc,0.011147677254395008
retrospective,Cond1,joint_residual,phase__p2_secondary_PRESSURIZED_CHAMBER_PRESSURE_mean,0.0
retrospective,Cond1,joint_residual,phase__p2_secondary_PRESSURIZED_CHAMBER_PRESSURE_std,0.0372586841006483
retrospective,Cond1,joint_residual,phase__p2_secondary_RETAINER_RING_PRESSURE_auc,0.0
retrospective,Cond1,joint_residual,phase__p2_secondary_RETAINER_RING_PRESSURE_mean,0.0
retrospective,Cond1,joint_residual,phase__p2_secondary_RETAINER_RING_PRESSURE_std,0.0
retrospective,Cond1,joint_residual,phase__p2_secondary_RIPPLE_AIR_BAG_PRESSURE_auc,0.0
retrospective,Cond1,joint_residual,phase__p2_secondary_RIPPLE_AIR_BAG_PRESSURE_mean,0.0
retrospective,Cond1,joint_residual,phase__p2_secondary_RIPPLE_AIR_BAG_PRESSURE_std,0.0
retrospective,Cond1,joint_residual,phase__p2_secondary_SLURRY_FLOW_LINE_A_auc,0.05920878034211494
retrospective,Cond1,joint_residual,phase__p2_secondary_SLURRY_FLOW_LINE_A_mean,0.0
retrospective,Cond1,joint_residual,phase__p2_secondary_SLURRY_FLOW_LINE_A_std,0.0
retrospective,Cond1,joint_residual,phase__p2_secondary_SLURRY_FLOW_LINE_B_auc,0.0
retrospective,Cond1,joint_residual,phase__p2_secondary_SLURRY_FLOW_LINE_B_mean,0.0
retrospective,Cond1,joint_residual,phase__p2_secondary_SLURRY_FLOW_LINE_B_std,0.06770181393840784
retrospective,Cond1,joint_residual,phase__p2_secondary_SLURRY_FLOW_LINE_C_auc,0.0
retrospective,Cond1,joint_residual,phase__p2_secondary_SLURRY_FLOW_LINE_C_mean,0.0
retrospective,Cond1,joint_residual,phase__p2_secondary_SLURRY_FLOW_LINE_C_std,0.0
retrospective,Cond1,joint_residual,phase__p2_secondary_STAGE_ROTATION_mean,0.0
retrospective,Cond1,joint_residual,phase__p2_secondary_USAGE_OF_BACKING_FILM_decreasing,0.0
retrospective,Cond1,joint_residual,phase__p2_secondary_USAGE_OF_BACKING_FILM_mean,0.0
retrospective,Cond1,joint_residual,phase__p2_secondary_USAGE_OF_BACKING_FILM_std,0.0
retrospective,Cond1,joint_residual,phase__p2_secondary_USAGE_OF_DRESSER_TABLE_decreasing,0.0
retrospective,Cond1,joint_residual,phase__p2_secondary_USAGE_OF_DRESSER_TABLE_mean,0.0
retrospective,Cond1,joint_residual,phase__p2_secondary_USAGE_OF_DRESSER_TABLE_std,0.0
retrospective,Cond1,joint_residual,phase__p2_secondary_USAGE_OF_DRESSER_decreasing,0.0
retrospective,Cond1,joint_residual,phase__p2_secondary_USAGE_OF_DRESSER_mean,0.0
retrospective,Cond1,joint_residual,phase__p2_secondary_USAGE_OF_DRESSER_std,0.03281371864763071
retrospective,Cond1,joint_residual,phase__p2_secondary_USAGE_OF_MEMBRANE_decreasing,0.0
retrospective,Cond1,joint_residual,phase__p2_secondary_USAGE_OF_MEMBRANE_mean,0.0
retrospective,Cond1,joint_residual,phase__p2_secondary_USAGE_OF_MEMBRANE_std,0.0
retrospective,Cond1,joint_residual,phase__p2_secondary_USAGE_OF_POLISHING_TABLE_decreasing,0.0
retrospective,Cond1,joint_residual,phase__p2_secondary_USAGE_OF_POLISHING_TABLE_mean,0.0755443195137202
retrospective,Cond1,joint_residual,phase__p2_secondary_USAGE_OF_POLISHING_TABLE_std,0.013885949464378702
retrospective,Cond1,joint_residual,phase__p2_secondary_USAGE_OF_PRESSURIZED_SHEET_decreasing,0.0
retrospective,Cond1,joint_residual,phase__p2_secondary_USAGE_OF_PRESSURIZED_SHEET_mean,0.0
retrospective,Cond1,joint_residual,phase__p2_secondary_USAGE_OF_PRESSURIZED_SHEET_std,0.004355396194409199
retrospective,Cond1,joint_residual,phase__p2_secondary_WAFER_ROTATION_mean,0.0
retrospective,Cond1,joint_residual,phase__p2_secondary_duration,0.13236013717068446
retrospective,Cond1,joint_residual,qc_primary_ambiguous,0.0
retrospective,Cond1,joint_residual,qc_primary_episodes,0.0
retrospective,Cond1,joint_residual,qc_primary_fallback,0.0
retrospective,Cond1,joint_residual,qc_primary_max_gap,0.01561186871050761
retrospective,Cond1,joint_residual,qc_primary_missing,0.0
retrospective,Cond1,joint_residual,qc_primary_phase_duration,0.0
retrospective,Cond1,joint_residual,qc_primary_span,0.0
retrospective,Cond1,joint_residual,qc_secondary_ambiguous,0.0
retrospective,Cond1,joint_residual,qc_secondary_episodes,0.0
retrospective,Cond1,joint_residual,qc_secondary_fallback,0.0
retrospective,Cond1,joint_residual,qc_secondary_max_gap,9.478445803433854e-05
retrospective,Cond1,joint_residual,qc_secondary_missing,0.0
retrospective,Cond1,joint_residual,qc_secondary_phase_duration,0.0
retrospective,Cond1,joint_residual,qc_secondary_span,0.0
retrospective,Cond2,base_direct,lag_1,0.0
retrospective,Cond2,base_direct,lag_2,3.4712876630923613
retrospective,Cond2,base_direct,lag_3,0.2850749745634542
retrospective,Cond2,base_direct,lag_4,0.0
retrospective,Cond2,base_direct,lag_5,0.02421835075027174
retrospective,Cond2,base_direct,lag_6,4.279748397078888
retrospective,Cond2,base_direct,lag_7,0.019182522332763928
retrospective,Cond2,base_direct,lag_8,0.10345021218315667
retrospective,Cond2,base_direct,lag_9,0.6348465479678898
retrospective,Cond2,base_direct,lag_10,0.04355851528097283
retrospective,Cond2,base_direct,lag_11,0.0
retrospective,Cond2,base_direct,neighbor_1,0.9562952112548418
retrospective,Cond2,base_direct,neighbor_2,0.7791265630127907
retrospective,Cond2,base_direct,neighbor_3,0.08098136692903142
retrospective,Cond2,base_direct,neighbor_4,0.05149982424234526
retrospective,Cond2,base_direct,neighbor_5,0.19347892774195138
retrospective,Cond2,base_direct,neighbor_6,0.2405903559864862
retrospective,Cond2,base_direct,neighbor_7,0.5045805572813798
retrospective,Cond2,base_direct,neighbor_8,0.13914539383979296
retrospective,Cond2,base_direct,neighbor_9,0.06762035562670811
retrospective,Cond2,base_direct,neighbor_10,0.037299469822569854
retrospective,Cond2,base_direct,p2_primary_CENTER_AIR_BAG_PRESSURE_auc,12.301902833369423
retrospective,Cond2,base_direct,p2_primary_CENTER_AIR_BAG_PRESSURE_mean,0.009720232801602956
retrospective,Cond2,base_direct,p2_primary_CENTER_AIR_BAG_PRESSURE_std,0.07533847445985092
retrospective,Cond2,base_direct,p2_primary_DRESSING_WATER_STATUS_auc,0.0170865092128267
retrospective,Cond2,base_direct,p2_primary_DRESSING_WATER_STATUS_mean,0.13004370970369758
retrospective,Cond2,base_direct,p2_primary_DRESSING_WATER_STATUS_std,0.20589934227110135
retrospective,Cond2,base_direct,p2_primary_EDGE_AIR_BAG_PRESSURE_auc,0.1121061180206042
retrospective,Cond2,base_direct,p2_primary_EDGE_AIR_BAG_PRESSURE_mean,0.09709086722920343
retrospective,Cond2,base_direct,p2_primary_EDGE_AIR_BAG_PRESSURE_std,2.9748008460795266
retrospective,Cond2,base_direct,p2_primary_HEAD_ROTATION_mean,0.034199491745465
retrospective,Cond2,base_direct,p2_primary_MAIN_OUTER_AIR_BAG_PRESSURE_auc,5.3534207776690295
retrospective,Cond2,base_direct,p2_primary_MAIN_OUTER_AIR_BAG_PRESSURE_mean,0.07636148234521078
retrospective,Cond2,base_direct,p2_primary_MAIN_OUTER_AIR_BAG_PRESSURE_std,0.0
retrospective,Cond2,base_direct,p2_primary_PRESSURIZED_CHAMBER_PRESSURE_auc,9.954853809183641
retrospective,Cond2,base_direct,p2_primary_PRESSURIZED_CHAMBER_PRESSURE_mean,0.026274922445178425
retrospective,Cond2,base_direct,p2_primary_PRESSURIZED_CHAMBER_PRESSURE_std,0.6462725410957099
retrospective,Cond2,base_direct,p2_primary_RETAINER_RING_PRESSURE_auc,0.8544077414967336
retrospective,Cond2,base_direct,p2_primary_RETAINER_RING_PRESSURE_mean,0.03907604235674209
retrospective,Cond2,base_direct,p2_primary_RETAINER_RING_PRESSURE_std,0.12880802087484897
retrospective,Cond2,base_direct,p2_primary_RIPPLE_AIR_BAG_PRESSURE_auc,22.152840111593246
retrospective,Cond2,base_direct,p2_primary_RIPPLE_AIR_BAG_PRESSURE_mean,0.7994145058228117
retrospective,Cond2,base_direct,p2_primary_RIPPLE_AIR_BAG_PRESSURE_std,0.0
retrospective,Cond2,base_direct,p2_primary_SLURRY_FLOW_LINE_A_auc,1.3160949253073717
retrospective,Cond2,base_direct,p2_primary_SLURRY_FLOW_LINE_A_mean,0.0884165632162327
retrospective,Cond2,base_direct,p2_primary_SLURRY_FLOW_LINE_A_std,0.1116313539463062
retrospective,Cond2,base_direct,p2_primary_SLURRY_FLOW_LINE_B_auc,0.3460663834091328
retrospective,Cond2,base_direct,p2_primary_SLURRY_FLOW_LINE_B_mean,0.10579290326299841
retrospective,Cond2,base_direct,p2_primary_SLURRY_FLOW_LINE_B_std,0.022280743960258077
retrospective,Cond2,base_direct,p2_primary_SLURRY_FLOW_LINE_C_auc,9.529324256995814
retrospective,Cond2,base_direct,p2_primary_SLURRY_FLOW_LINE_C_mean,1.5924347370448741
retrospective,Cond2,base_direct,p2_primary_SLURRY_FLOW_LINE_C_std,0.0819110734913736
retrospective,Cond2,base_direct,p2_primary_STAGE_ROTATION_mean,0.21803523116418452
retrospective,Cond2,base_direct,p2_primary_USAGE_OF_BACKING_FILM_decreasing,0.02246324964453221
retrospective,Cond2,base_direct,p2_primary_USAGE_OF_BACKING_FILM_mean,0.06594259596501859
retrospective,Cond2,base_direct,p2_primary_USAGE_OF_BACKING_FILM_std,1.664839407879974
retrospective,Cond2,base_direct,p2_primary_USAGE_OF_DRESSER_TABLE_decreasing,0.0
retrospective,Cond2,base_direct,p2_primary_USAGE_OF_DRESSER_TABLE_mean,1.2942937968560773
retrospective,Cond2,base_direct,p2_primary_USAGE_OF_DRESSER_TABLE_std,0.0
retrospective,Cond2,base_direct,p2_primary_USAGE_OF_DRESSER_decreasing,0.10543317017787363
retrospective,Cond2,base_direct,p2_primary_USAGE_OF_DRESSER_mean,2.897455471457954
retrospective,Cond2,base_direct,p2_primary_USAGE_OF_DRESSER_std,0.21731145768086332
retrospective,Cond2,base_direct,p2_primary_USAGE_OF_MEMBRANE_decreasing,0.0
retrospective,Cond2,base_direct,p2_primary_USAGE_OF_MEMBRANE_mean,0.0
retrospective,Cond2,base_direct,p2_primary_USAGE_OF_MEMBRANE_std,0.1097423105314854
retrospective,Cond2,base_direct,p2_primary_USAGE_OF_POLISHING_TABLE_decreasing,0.036597386110170695
retrospective,Cond2,base_direct,p2_primary_USAGE_OF_POLISHING_TABLE_mean,0.9132884268093951
retrospective,Cond2,base_direct,p2_primary_USAGE_OF_POLISHING_TABLE_std,0.5856654194918324
retrospective,Cond2,base_direct,p2_primary_USAGE_OF_PRESSURIZED_SHEET_decreasing,0.0
retrospective,Cond2,base_direct,p2_primary_USAGE_OF_PRESSURIZED_SHEET_mean,0.0
retrospective,Cond2,base_direct,p2_primary_USAGE_OF_PRESSURIZED_SHEET_std,0.24893123209308735
retrospective,Cond2,base_direct,p2_primary_WAFER_ROTATION_mean,0.17694745918614863
retrospective,Cond2,base_direct,p2_primary_duration,0.055940532194548545
retrospective,Cond2,base_direct,p2_secondary_CENTER_AIR_BAG_PRESSURE_auc,0.01666398345279547
retrospective,Cond2,base_direct,p2_secondary_CENTER_AIR_BAG_PRESSURE_mean,0.0
retrospective,Cond2,base_direct,p2_secondary_CENTER_AIR_BAG_PRESSURE_std,0.0
retrospective,Cond2,base_direct,p2_secondary_DRESSING_WATER_STATUS_auc,0.0
retrospective,Cond2,base_direct,p2_secondary_DRESSING_WATER_STATUS_mean,0.0
retrospective,Cond2,base_direct,p2_secondary_DRESSING_WATER_STATUS_std,0.05433732247871917
retrospective,Cond2,base_direct,p2_secondary_EDGE_AIR_BAG_PRESSURE_auc,0.0
retrospective,Cond2,base_direct,p2_secondary_EDGE_AIR_BAG_PRESSURE_mean,0.02619036307874393
retrospective,Cond2,base_direct,p2_secondary_EDGE_AIR_BAG_PRESSURE_std,0.0
retrospective,Cond2,base_direct,p2_secondary_HEAD_ROTATION_mean,0.1277948549162197
retrospective,Cond2,base_direct,p2_secondary_MAIN_OUTER_AIR_BAG_PRESSURE_auc,0.0
retrospective,Cond2,base_direct,p2_secondary_MAIN_OUTER_AIR_BAG_PRESSURE_mean,0.03148802371309832
retrospective,Cond2,base_direct,p2_secondary_MAIN_OUTER_AIR_BAG_PRESSURE_std,0.0
retrospective,Cond2,base_direct,p2_secondary_PRESSURIZED_CHAMBER_PRESSURE_auc,0.0
retrospective,Cond2,base_direct,p2_secondary_PRESSURIZED_CHAMBER_PRESSURE_mean,0.20784565100597385
retrospective,Cond2,base_direct,p2_secondary_PRESSURIZED_CHAMBER_PRESSURE_std,0.0698639512341959
retrospective,Cond2,base_direct,p2_secondary_RETAINER_RING_PRESSURE_auc,0.0
retrospective,Cond2,base_direct,p2_secondary_RETAINER_RING_PRESSURE_mean,0.01947214757201231
retrospective,Cond2,base_direct,p2_secondary_RETAINER_RING_PRESSURE_std,0.0
retrospective,Cond2,base_direct,p2_secondary_RIPPLE_AIR_BAG_PRESSURE_auc,0.0449920461337427
retrospective,Cond2,base_direct,p2_secondary_RIPPLE_AIR_BAG_PRESSURE_mean,0.31069409306076845
retrospective,Cond2,base_direct,p2_secondary_RIPPLE_AIR_BAG_PRESSURE_std,0.0
retrospective,Cond2,base_direct,p2_secondary_SLURRY_FLOW_LINE_A_auc,0.06475557744221838
retrospective,Cond2,base_direct,p2_secondary_SLURRY_FLOW_LINE_A_mean,0.16832430193729472
retrospective,Cond2,base_direct,p2_secondary_SLURRY_FLOW_LINE_A_std,0.07038947958000927
retrospective,Cond2,base_direct,p2_secondary_SLURRY_FLOW_LINE_B_auc,0.028215145707587208
retrospective,Cond2,base_direct,p2_secondary_SLURRY_FLOW_LINE_B_mean,0.0
retrospective,Cond2,base_direct,p2_secondary_SLURRY_FLOW_LINE_B_std,0.0
retrospective,Cond2,base_direct,p2_secondary_SLURRY_FLOW_LINE_C_auc,0.010234393575947414
retrospective,Cond2,base_direct,p2_secondary_SLURRY_FLOW_LINE_C_mean,0.010494721863994977
retrospective,Cond2,base_direct,p2_secondary_SLURRY_FLOW_LINE_C_std,0.01807619740026013
retrospective,Cond2,base_direct,p2_secondary_STAGE_ROTATION_mean,0.16165666252483527
retrospective,Cond2,base_direct,p2_secondary_USAGE_OF_BACKING_FILM_decreasing,0.0
retrospective,Cond2,base_direct,p2_secondary_USAGE_OF_BACKING_FILM_mean,0.04662247416031731
retrospective,Cond2,base_direct,p2_secondary_USAGE_OF_BACKING_FILM_std,0.05993224390753099
retrospective,Cond2,base_direct,p2_secondary_USAGE_OF_DRESSER_TABLE_decreasing,0.0
retrospective,Cond2,base_direct,p2_secondary_USAGE_OF_DRESSER_TABLE_mean,0.7633446540781188
retrospective,Cond2,base_direct,p2_secondary_USAGE_OF_DRESSER_TABLE_std,0.0
retrospective,Cond2,base_direct,p2_secondary_USAGE_OF_DRESSER_decreasing,0.09736228812518205
retrospective,Cond2,base_direct,p2_secondary_USAGE_OF_DRESSER_mean,4.752706337113344
retrospective,Cond2,base_direct,p2_secondary_USAGE_OF_DRESSER_std,0.0
retrospective,Cond2,base_direct,p2_secondary_USAGE_OF_MEMBRANE_decreasing,0.010163216597111798
retrospective,Cond2,base_direct,p2_secondary_USAGE_OF_MEMBRANE_mean,0.0
retrospective,Cond2,base_direct,p2_secondary_USAGE_OF_MEMBRANE_std,0.0
retrospective,Cond2,base_direct,p2_secondary_USAGE_OF_POLISHING_TABLE_decreasing,0.024364251829696294
retrospective,Cond2,base_direct,p2_secondary_USAGE_OF_POLISHING_TABLE_mean,3.0525910839781982
retrospective,Cond2,base_direct,p2_secondary_USAGE_OF_POLISHING_TABLE_std,0.0
retrospective,Cond2,base_direct,p2_secondary_USAGE_OF_PRESSURIZED_SHEET_decreasing,0.0
retrospective,Cond2,base_direct,p2_secondary_USAGE_OF_PRESSURIZED_SHEET_mean,0.0
retrospective,Cond2,base_direct,p2_secondary_USAGE_OF_PRESSURIZED_SHEET_std,0.026772772626141934
retrospective,Cond2,base_direct,p2_secondary_WAFER_ROTATION_mean,0.015908084264319316
retrospective,Cond2,base_direct,p2_secondary_duration,0.0
retrospective,Cond2,joint_direct,lag_1,0.08362819113827887
retrospective,Cond2,joint_direct,lag_2,2.9828039535116644
retrospective,Cond2,joint_direct,lag_3,0.5244207923854687
retrospective,Cond2,joint_direct,lag_4,0.022012779647083616
retrospective,Cond2,joint_direct,lag_5,0.490961376391704
retrospective,Cond2,joint_direct,lag_6,2.3977624526234704
retrospective,Cond2,joint_direct,lag_7,0.31076582565879163
retrospective,Cond2,joint_direct,lag_8,0.03756149946870304
retrospective,Cond2,joint_direct,lag_9,0.5318451593953019
retrospective,Cond2,joint_direct,lag_10,0.020233978656395934
retrospective,Cond2,joint_direct,lag_11,0.0
retrospective,Cond2,joint_direct,neighbor_1,1.4493656911311665
retrospective,Cond2,joint_direct,neighbor_2,0.692820906164438
retrospective,Cond2,joint_direct,neighbor_3,0.011394702005128895
retrospective,Cond2,joint_direct,neighbor_4,0.11112035031929375
retrospective,Cond2,joint_direct,neighbor_5,0.0
retrospective,Cond2,joint_direct,neighbor_6,0.35818407229442095
retrospective,Cond2,joint_direct,neighbor_7,0.46889774685485974
retrospective,Cond2,joint_direct,neighbor_8,0.18771119334743733
retrospective,Cond2,joint_direct,neighbor_9,0.04099579072761529
retrospective,Cond2,joint_direct,neighbor_10,0.019777894665178538
retrospective,Cond2,joint_direct,p2_primary_CENTER_AIR_BAG_PRESSURE_auc,12.232201018564052
retrospective,Cond2,joint_direct,p2_primary_CENTER_AIR_BAG_PRESSURE_mean,0.018275803469273294
retrospective,Cond2,joint_direct,p2_primary_CENTER_AIR_BAG_PRESSURE_std,0.0
retrospective,Cond2,joint_direct,p2_primary_DRESSING_WATER_STATUS_auc,0.08934104749247508
retrospective,Cond2,joint_direct,p2_primary_DRESSING_WATER_STATUS_mean,0.1026271626224033
retrospective,Cond2,joint_direct,p2_primary_DRESSING_WATER_STATUS_std,0.1881890030401181
retrospective,Cond2,joint_direct,p2_primary_EDGE_AIR_BAG_PRESSURE_auc,0.36440711426694994
retrospective,Cond2,joint_direct,p2_primary_EDGE_AIR_BAG_PRESSURE_mean,0.1313817386094158
retrospective,Cond2,joint_direct,p2_primary_EDGE_AIR_BAG_PRESSURE_std,1.3904534705120397
retrospective,Cond2,joint_direct,p2_primary_HEAD_ROTATION_mean,0.0
retrospective,Cond2,joint_direct,p2_primary_MAIN_OUTER_AIR_BAG_PRESSURE_auc,3.6187384630025026
retrospective,Cond2,joint_direct,p2_primary_MAIN_OUTER_AIR_BAG_PRESSURE_mean,0.0462170899901317
retrospective,Cond2,joint_direct,p2_primary_MAIN_OUTER_AIR_BAG_PRESSURE_std,0.024481830593107854
retrospective,Cond2,joint_direct,p2_primary_PRESSURIZED_CHAMBER_PRESSURE_auc,4.676254073574899
retrospective,Cond2,joint_direct,p2_primary_PRESSURIZED_CHAMBER_PRESSURE_mean,0.03729324062268395
retrospective,Cond2,joint_direct,p2_primary_PRESSURIZED_CHAMBER_PRESSURE_std,0.44228431220832687
retrospective,Cond2,joint_direct,p2_primary_RETAINER_RING_PRESSURE_auc,0.9575508794460454
retrospective,Cond2,joint_direct,p2_primary_RETAINER_RING_PRESSURE_mean,0.025298478809278463
retrospective,Cond2,joint_direct,p2_primary_RETAINER_RING_PRESSURE_std,0.2553898459900282
retrospective,Cond2,joint_direct,p2_primary_RIPPLE_AIR_BAG_PRESSURE_auc,14.947667974188509
retrospective,Cond2,joint_direct,p2_primary_RIPPLE_AIR_BAG_PRESSURE_mean,1.4164910939735158
retrospective,Cond2,joint_direct,p2_primary_RIPPLE_AIR_BAG_PRESSURE_std,0.04937598305092708
retrospective,Cond2,joint_direct,p2_primary_SLURRY_FLOW_LINE_A_auc,1.3270936866186345
retrospective,Cond2,joint_direct,p2_primary_SLURRY_FLOW_LINE_A_mean,0.063248378081881
retrospective,Cond2,joint_direct,p2_primary_SLURRY_FLOW_LINE_A_std,0.27759921959871536
retrospective,Cond2,joint_direct,p2_primary_SLURRY_FLOW_LINE_B_auc,0.09565724377162674
retrospective,Cond2,joint_direct,p2_primary_SLURRY_FLOW_LINE_B_mean,0.11212111759635025
retrospective,Cond2,joint_direct,p2_primary_SLURRY_FLOW_LINE_B_std,0.10244590845425607
retrospective,Cond2,joint_direct,p2_primary_SLURRY_FLOW_LINE_C_auc,6.939524871544937
retrospective,Cond2,joint_direct,p2_primary_SLURRY_FLOW_LINE_C_mean,1.2417521840457348
retrospective,Cond2,joint_direct,p2_primary_SLURRY_FLOW_LINE_C_std,0.03077167993002863
retrospective,Cond2,joint_direct,p2_primary_STAGE_ROTATION_mean,0.057703462510275985
retrospective,Cond2,joint_direct,p2_primary_USAGE_OF_BACKING_FILM_decreasing,0.06318617853197664
retrospective,Cond2,joint_direct,p2_primary_USAGE_OF_BACKING_FILM_mean,0.05239722782479235
retrospective,Cond2,joint_direct,p2_primary_USAGE_OF_BACKING_FILM_std,0.824628048581958
retrospective,Cond2,joint_direct,p2_primary_USAGE_OF_DRESSER_TABLE_decreasing,0.0366287873489892
retrospective,Cond2,joint_direct,p2_primary_USAGE_OF_DRESSER_TABLE_mean,1.307639315020524
retrospective,Cond2,joint_direct,p2_primary_USAGE_OF_DRESSER_TABLE_std,0.056571195629693136
retrospective,Cond2,joint_direct,p2_primary_USAGE_OF_DRESSER_decreasing,0.054140042862513234
retrospective,Cond2,joint_direct,p2_primary_USAGE_OF_DRESSER_mean,1.274642722098657
retrospective,Cond2,joint_direct,p2_primary_USAGE_OF_DRESSER_std,0.09538930840262004
retrospective,Cond2,joint_direct,p2_primary_USAGE_OF_MEMBRANE_decreasing,0.015646876256526762
retrospective,Cond2,joint_direct,p2_primary_USAGE_OF_MEMBRANE_mean,0.0
retrospective,Cond2,joint_direct,p2_primary_USAGE_OF_MEMBRANE_std,0.3241787957956611
retrospective,Cond2,joint_direct,p2_primary_USAGE_OF_POLISHING_TABLE_decreasing,0.0
retrospective,Cond2,joint_direct,p2_primary_USAGE_OF_POLISHING_TABLE_mean,0.5164042347708065
retrospective,Cond2,joint_direct,p2_primary_USAGE_OF_POLISHING_TABLE_std,0.7190054067216051
retrospective,Cond2,joint_direct,p2_primary_USAGE_OF_PRESSURIZED_SHEET_decreasing,0.0
retrospective,Cond2,joint_direct,p2_primary_USAGE_OF_PRESSURIZED_SHEET_mean,0.0
retrospective,Cond2,joint_direct,p2_primary_USAGE_OF_PRESSURIZED_SHEET_std,0.4451937111214634
retrospective,Cond2,joint_direct,p2_primary_WAFER_ROTATION_mean,0.0272505977756949
retrospective,Cond2,joint_direct,p2_primary_duration,0.16623440386462665
retrospective,Cond2,joint_direct,p2_secondary_CENTER_AIR_BAG_PRESSURE_auc,0.0
retrospective,Cond2,joint_direct,p2_secondary_CENTER_AIR_BAG_PRESSURE_mean,0.0
retrospective,Cond2,joint_direct,p2_secondary_CENTER_AIR_BAG_PRESSURE_std,0.07136236005320211
retrospective,Cond2,joint_direct,p2_secondary_DRESSING_WATER_STATUS_auc,0.0
retrospective,Cond2,joint_direct,p2_secondary_DRESSING_WATER_STATUS_mean,0.01229908786739671
retrospective,Cond2,joint_direct,p2_secondary_DRESSING_WATER_STATUS_std,0.05788560162940434
retrospective,Cond2,joint_direct,p2_secondary_EDGE_AIR_BAG_PRESSURE_auc,0.0
retrospective,Cond2,joint_direct,p2_secondary_EDGE_AIR_BAG_PRESSURE_mean,0.0
retrospective,Cond2,joint_direct,p2_secondary_EDGE_AIR_BAG_PRESSURE_std,0.0
retrospective,Cond2,joint_direct,p2_secondary_HEAD_ROTATION_mean,0.05324095337878977
retrospective,Cond2,joint_direct,p2_secondary_MAIN_OUTER_AIR_BAG_PRESSURE_auc,0.0
retrospective,Cond2,joint_direct,p2_secondary_MAIN_OUTER_AIR_BAG_PRESSURE_mean,0.1260519037743585
retrospective,Cond2,joint_direct,p2_secondary_MAIN_OUTER_AIR_BAG_PRESSURE_std,0.0068477703583322965
retrospective,Cond2,joint_direct,p2_secondary_PRESSURIZED_CHAMBER_PRESSURE_auc,0.08738124409785558
retrospective,Cond2,joint_direct,p2_secondary_PRESSURIZED_CHAMBER_PRESSURE_mean,0.031284744056105186
retrospective,Cond2,joint_direct,p2_secondary_PRESSURIZED_CHAMBER_PRESSURE_std,0.04454336430793501
retrospective,Cond2,joint_direct,p2_secondary_RETAINER_RING_PRESSURE_auc,0.0
retrospective,Cond2,joint_direct,p2_secondary_RETAINER_RING_PRESSURE_mean,0.0
retrospective,Cond2,joint_direct,p2_secondary_RETAINER_RING_PRESSURE_std,0.015349762148337935
retrospective,Cond2,joint_direct,p2_secondary_RIPPLE_AIR_BAG_PRESSURE_auc,0.03323045954016774
retrospective,Cond2,joint_direct,p2_secondary_RIPPLE_AIR_BAG_PRESSURE_mean,0.21792835967704427
retrospective,Cond2,joint_direct,p2_secondary_RIPPLE_AIR_BAG_PRESSURE_std,0.0
retrospective,Cond2,joint_direct,p2_secondary_SLURRY_FLOW_LINE_A_auc,0.07235418997989022
retrospective,Cond2,joint_direct,p2_secondary_SLURRY_FLOW_LINE_A_mean,0.15992579801282517
retrospective,Cond2,joint_direct,p2_secondary_SLURRY_FLOW_LINE_A_std,0.04938654901523998
retrospective,Cond2,joint_direct,p2_secondary_SLURRY_FLOW_LINE_B_auc,0.011780280033009462
retrospective,Cond2,joint_direct,p2_secondary_SLURRY_FLOW_LINE_B_mean,0.011221724202045256
retrospective,Cond2,joint_direct,p2_secondary_SLURRY_FLOW_LINE_B_std,0.0
retrospective,Cond2,joint_direct,p2_secondary_SLURRY_FLOW_LINE_C_auc,0.01561810921829798
retrospective,Cond2,joint_direct,p2_secondary_SLURRY_FLOW_LINE_C_mean,0.0
retrospective,Cond2,joint_direct,p2_secondary_SLURRY_FLOW_LINE_C_std,0.029629211403218163
retrospective,Cond2,joint_direct,p2_secondary_STAGE_ROTATION_mean,0.12017181411139781
retrospective,Cond2,joint_direct,p2_secondary_USAGE_OF_BACKING_FILM_decreasing,0.0121303593620525
retrospective,Cond2,joint_direct,p2_secondary_USAGE_OF_BACKING_FILM_mean,0.014776998078447205
retrospective,Cond2,joint_direct,p2_secondary_USAGE_OF_BACKING_FILM_std,0.011786126339771365
retrospective,Cond2,joint_direct,p2_secondary_USAGE_OF_DRESSER_TABLE_decreasing,0.0
retrospective,Cond2,joint_direct,p2_secondary_USAGE_OF_DRESSER_TABLE_mean,0.09051669734886171
retrospective,Cond2,joint_direct,p2_secondary_USAGE_OF_DRESSER_TABLE_std,0.0
retrospective,Cond2,joint_direct,p2_secondary_USAGE_OF_DRESSER_decreasing,0.05500275285949715
retrospective,Cond2,joint_direct,p2_secondary_USAGE_OF_DRESSER_mean,4.203702356514477
retrospective,Cond2,joint_direct,p2_secondary_USAGE_OF_DRESSER_std,0.02164361521517799
retrospective,Cond2,joint_direct,p2_secondary_USAGE_OF_MEMBRANE_decreasing,0.0
retrospective,Cond2,joint_direct,p2_secondary_USAGE_OF_MEMBRANE_mean,0.0
retrospective,Cond2,joint_direct,p2_secondary_USAGE_OF_MEMBRANE_std,0.03870649027439144
retrospective,Cond2,joint_direct,p2_secondary_USAGE_OF_POLISHING_TABLE_decreasing,0.0
retrospective,Cond2,joint_direct,p2_secondary_USAGE_OF_POLISHING_TABLE_mean,2.3931613260438622
retrospective,Cond2,joint_direct,p2_secondary_USAGE_OF_POLISHING_TABLE_std,0.0
retrospective,Cond2,joint_direct,p2_secondary_USAGE_OF_PRESSURIZED_SHEET_decreasing,0.0
retrospective,Cond2,joint_direct,p2_secondary_USAGE_OF_PRESSURIZED_SHEET_mean,0.0
retrospective,Cond2,joint_direct,p2_secondary_USAGE_OF_PRESSURIZED_SHEET_std,0.03293150392794355
retrospective,Cond2,joint_direct,p2_secondary_WAFER_ROTATION_mean,0.015034144731470222
retrospective,Cond2,joint_direct,p2_secondary_duration,0.0
retrospective,Cond2,joint_direct,history_summary_0,0.025512812949816253
retrospective,Cond2,joint_direct,history_summary_1,1.906621169670415
retrospective,Cond2,joint_direct,history_summary_2,0.0
retrospective,Cond2,joint_direct,history_summary_3,1.2110911448563653
retrospective,Cond2,joint_direct,history_summary_4,3.22431559737026
retrospective,Cond2,joint_direct,history_summary_5,0.4230596255173002
retrospective,Cond2,joint_direct,history_summary_6,0.44563341156250236
retrospective,Cond2,joint_direct,history_summary_7,0.0
retrospective,Cond2,joint_direct,history_summary_8,0.8216420651303475
retrospective,Cond2,joint_direct,history_summary_9,0.5007629343599929
retrospective,Cond2,joint_direct,gap__p2_primary_CENTER_AIR_BAG_PRESSURE_auc,0.0
retrospective,Cond2,joint_direct,gap__p2_primary_CENTER_AIR_BAG_PRESSURE_mean,0.0
retrospective,Cond2,joint_direct,gap__p2_primary_CENTER_AIR_BAG_PRESSURE_std,0.0
retrospective,Cond2,joint_direct,gap__p2_primary_DRESSING_WATER_STATUS_auc,0.0
retrospective,Cond2,joint_direct,gap__p2_primary_DRESSING_WATER_STATUS_mean,0.0
retrospective,Cond2,joint_direct,gap__p2_primary_DRESSING_WATER_STATUS_std,0.0
retrospective,Cond2,joint_direct,gap__p2_primary_EDGE_AIR_BAG_PRESSURE_auc,0.0
retrospective,Cond2,joint_direct,gap__p2_primary_EDGE_AIR_BAG_PRESSURE_mean,0.0
retrospective,Cond2,joint_direct,gap__p2_primary_EDGE_AIR_BAG_PRESSURE_std,0.0
retrospective,Cond2,joint_direct,gap__p2_primary_HEAD_ROTATION_mean,0.0
retrospective,Cond2,joint_direct,gap__p2_primary_MAIN_OUTER_AIR_BAG_PRESSURE_auc,0.0
retrospective,Cond2,joint_direct,gap__p2_primary_MAIN_OUTER_AIR_BAG_PRESSURE_mean,0.0
retrospective,Cond2,joint_direct,gap__p2_primary_MAIN_OUTER_AIR_BAG_PRESSURE_std,0.0
retrospective,Cond2,joint_direct,gap__p2_primary_PRESSURIZED_CHAMBER_PRESSURE_auc,0.0
retrospective,Cond2,joint_direct,gap__p2_primary_PRESSURIZED_CHAMBER_PRESSURE_mean,0.0
retrospective,Cond2,joint_direct,gap__p2_primary_PRESSURIZED_CHAMBER_PRESSURE_std,0.0
retrospective,Cond2,joint_direct,gap__p2_primary_RETAINER_RING_PRESSURE_auc,0.0
retrospective,Cond2,joint_direct,gap__p2_primary_RETAINER_RING_PRESSURE_mean,0.0
retrospective,Cond2,joint_direct,gap__p2_primary_RETAINER_RING_PRESSURE_std,0.0
retrospective,Cond2,joint_direct,gap__p2_primary_RIPPLE_AIR_BAG_PRESSURE_auc,0.0
retrospective,Cond2,joint_direct,gap__p2_primary_RIPPLE_AIR_BAG_PRESSURE_mean,0.0
retrospective,Cond2,joint_direct,gap__p2_primary_RIPPLE_AIR_BAG_PRESSURE_std,0.0
retrospective,Cond2,joint_direct,gap__p2_primary_SLURRY_FLOW_LINE_A_auc,0.0
retrospective,Cond2,joint_direct,gap__p2_primary_SLURRY_FLOW_LINE_A_mean,0.0
retrospective,Cond2,joint_direct,gap__p2_primary_SLURRY_FLOW_LINE_A_std,0.0
retrospective,Cond2,joint_direct,gap__p2_primary_SLURRY_FLOW_LINE_B_auc,0.0
retrospective,Cond2,joint_direct,gap__p2_primary_SLURRY_FLOW_LINE_B_mean,0.0
retrospective,Cond2,joint_direct,gap__p2_primary_SLURRY_FLOW_LINE_B_std,0.0
retrospective,Cond2,joint_direct,gap__p2_primary_SLURRY_FLOW_LINE_C_auc,0.0
retrospective,Cond2,joint_direct,gap__p2_primary_SLURRY_FLOW_LINE_C_mean,0.0
retrospective,Cond2,joint_direct,gap__p2_primary_SLURRY_FLOW_LINE_C_std,0.0
retrospective,Cond2,joint_direct,gap__p2_primary_STAGE_ROTATION_mean,0.0
retrospective,Cond2,joint_direct,gap__p2_primary_USAGE_OF_BACKING_FILM_decreasing,0.0
retrospective,Cond2,joint_direct,gap__p2_primary_USAGE_OF_BACKING_FILM_mean,0.0
retrospective,Cond2,joint_direct,gap__p2_primary_USAGE_OF_BACKING_FILM_std,0.0
retrospective,Cond2,joint_direct,gap__p2_primary_USAGE_OF_DRESSER_TABLE_decreasing,0.0
retrospective,Cond2,joint_direct,gap__p2_primary_USAGE_OF_DRESSER_TABLE_mean,0.0
retrospective,Cond2,joint_direct,gap__p2_primary_USAGE_OF_DRESSER_TABLE_std,0.0
retrospective,Cond2,joint_direct,gap__p2_primary_USAGE_OF_DRESSER_decreasing,0.0
retrospective,Cond2,joint_direct,gap__p2_primary_USAGE_OF_DRESSER_mean,0.0
retrospective,Cond2,joint_direct,gap__p2_primary_USAGE_OF_DRESSER_std,0.0
retrospective,Cond2,joint_direct,gap__p2_primary_USAGE_OF_MEMBRANE_decreasing,0.0
retrospective,Cond2,joint_direct,gap__p2_primary_USAGE_OF_MEMBRANE_mean,0.0
retrospective,Cond2,joint_direct,gap__p2_primary_USAGE_OF_MEMBRANE_std,0.0
retrospective,Cond2,joint_direct,gap__p2_primary_USAGE_OF_POLISHING_TABLE_decreasing,0.0
retrospective,Cond2,joint_direct,gap__p2_primary_USAGE_OF_POLISHING_TABLE_mean,0.0
retrospective,Cond2,joint_direct,gap__p2_primary_USAGE_OF_POLISHING_TABLE_std,0.0
retrospective,Cond2,joint_direct,gap__p2_primary_USAGE_OF_PRESSURIZED_SHEET_decreasing,0.0
retrospective,Cond2,joint_direct,gap__p2_primary_USAGE_OF_PRESSURIZED_SHEET_mean,0.0
retrospective,Cond2,joint_direct,gap__p2_primary_USAGE_OF_PRESSURIZED_SHEET_std,0.0
retrospective,Cond2,joint_direct,gap__p2_primary_WAFER_ROTATION_mean,0.0
retrospective,Cond2,joint_direct,gap__p2_primary_duration,0.0
retrospective,Cond2,joint_direct,gap__p2_secondary_CENTER_AIR_BAG_PRESSURE_auc,0.022797519046481765
retrospective,Cond2,joint_direct,gap__p2_secondary_CENTER_AIR_BAG_PRESSURE_mean,0.0
retrospective,Cond2,joint_direct,gap__p2_secondary_CENTER_AIR_BAG_PRESSURE_std,0.0
retrospective,Cond2,joint_direct,gap__p2_secondary_DRESSING_WATER_STATUS_auc,0.0
retrospective,Cond2,joint_direct,gap__p2_secondary_DRESSING_WATER_STATUS_mean,0.0
retrospective,Cond2,joint_direct,gap__p2_secondary_DRESSING_WATER_STATUS_std,0.0
retrospective,Cond2,joint_direct,gap__p2_secondary_EDGE_AIR_BAG_PRESSURE_auc,0.0
retrospective,Cond2,joint_direct,gap__p2_secondary_EDGE_AIR_BAG_PRESSURE_mean,0.0
retrospective,Cond2,joint_direct,gap__p2_secondary_EDGE_AIR_BAG_PRESSURE_std,0.0
retrospective,Cond2,joint_direct,gap__p2_secondary_HEAD_ROTATION_mean,0.0
retrospective,Cond2,joint_direct,gap__p2_secondary_MAIN_OUTER_AIR_BAG_PRESSURE_auc,0.0
retrospective,Cond2,joint_direct,gap__p2_secondary_MAIN_OUTER_AIR_BAG_PRESSURE_mean,0.0
retrospective,Cond2,joint_direct,gap__p2_secondary_MAIN_OUTER_AIR_BAG_PRESSURE_std,0.0
retrospective,Cond2,joint_direct,gap__p2_secondary_PRESSURIZED_CHAMBER_PRESSURE_auc,0.02800632550993681
retrospective,Cond2,joint_direct,gap__p2_secondary_PRESSURIZED_CHAMBER_PRESSURE_mean,0.0
retrospective,Cond2,joint_direct,gap__p2_secondary_PRESSURIZED_CHAMBER_PRESSURE_std,0.0
retrospective,Cond2,joint_direct,gap__p2_secondary_RETAINER_RING_PRESSURE_auc,0.012735133791671942
retrospective,Cond2,joint_direct,gap__p2_secondary_RETAINER_RING_PRESSURE_mean,0.0
retrospective,Cond2,joint_direct,gap__p2_secondary_RETAINER_RING_PRESSURE_std,0.0
retrospective,Cond2,joint_direct,gap__p2_secondary_RIPPLE_AIR_BAG_PRESSURE_auc,0.0
retrospective,Cond2,joint_direct,gap__p2_secondary_RIPPLE_AIR_BAG_PRESSURE_mean,0.0
retrospective,Cond2,joint_direct,gap__p2_secondary_RIPPLE_AIR_BAG_PRESSURE_std,0.0
retrospective,Cond2,joint_direct,gap__p2_secondary_SLURRY_FLOW_LINE_A_auc,0.0
retrospective,Cond2,joint_direct,gap__p2_secondary_SLURRY_FLOW_LINE_A_mean,0.0
retrospective,Cond2,joint_direct,gap__p2_secondary_SLURRY_FLOW_LINE_A_std,0.0
retrospective,Cond2,joint_direct,gap__p2_secondary_SLURRY_FLOW_LINE_B_auc,0.0011550263937070795
retrospective,Cond2,joint_direct,gap__p2_secondary_SLURRY_FLOW_LINE_B_mean,0.0
retrospective,Cond2,joint_direct,gap__p2_secondary_SLURRY_FLOW_LINE_B_std,0.0
retrospective,Cond2,joint_direct,gap__p2_secondary_SLURRY_FLOW_LINE_C_auc,0.0
retrospective,Cond2,joint_direct,gap__p2_secondary_SLURRY_FLOW_LINE_C_mean,0.0
retrospective,Cond2,joint_direct,gap__p2_secondary_SLURRY_FLOW_LINE_C_std,0.0
retrospective,Cond2,joint_direct,gap__p2_secondary_STAGE_ROTATION_mean,0.0
retrospective,Cond2,joint_direct,gap__p2_secondary_USAGE_OF_BACKING_FILM_decreasing,0.0
retrospective,Cond2,joint_direct,gap__p2_secondary_USAGE_OF_BACKING_FILM_mean,0.0
retrospective,Cond2,joint_direct,gap__p2_secondary_USAGE_OF_BACKING_FILM_std,0.0
retrospective,Cond2,joint_direct,gap__p2_secondary_USAGE_OF_DRESSER_TABLE_decreasing,0.0
retrospective,Cond2,joint_direct,gap__p2_secondary_USAGE_OF_DRESSER_TABLE_mean,0.0
retrospective,Cond2,joint_direct,gap__p2_secondary_USAGE_OF_DRESSER_TABLE_std,0.0
retrospective,Cond2,joint_direct,gap__p2_secondary_USAGE_OF_DRESSER_decreasing,0.04235222295042759
retrospective,Cond2,joint_direct,gap__p2_secondary_USAGE_OF_DRESSER_mean,0.0
retrospective,Cond2,joint_direct,gap__p2_secondary_USAGE_OF_DRESSER_std,0.0
retrospective,Cond2,joint_direct,gap__p2_secondary_USAGE_OF_MEMBRANE_decreasing,0.0
retrospective,Cond2,joint_direct,gap__p2_secondary_USAGE_OF_MEMBRANE_mean,0.0
retrospective,Cond2,joint_direct,gap__p2_secondary_USAGE_OF_MEMBRANE_std,0.0
retrospective,Cond2,joint_direct,gap__p2_secondary_USAGE_OF_POLISHING_TABLE_decreasing,0.0
retrospective,Cond2,joint_direct,gap__p2_secondary_USAGE_OF_POLISHING_TABLE_mean,0.0
retrospective,Cond2,joint_direct,gap__p2_secondary_USAGE_OF_POLISHING_TABLE_std,0.0
retrospective,Cond2,joint_direct,gap__p2_secondary_USAGE_OF_PRESSURIZED_SHEET_decreasing,0.0
retrospective,Cond2,joint_direct,gap__p2_secondary_USAGE_OF_PRESSURIZED_SHEET_mean,0.0
retrospective,Cond2,joint_direct,gap__p2_secondary_USAGE_OF_PRESSURIZED_SHEET_std,0.0
retrospective,Cond2,joint_direct,gap__p2_secondary_WAFER_ROTATION_mean,0.0
retrospective,Cond2,joint_direct,gap__p2_secondary_duration,0.02057950178639129
retrospective,Cond2,joint_direct,multi_primary_active_fraction,0.08241014517216069
retrospective,Cond2,joint_direct,multi_primary_active_point_fraction,0.11746575827047949
retrospective,Cond2,joint_direct,multi_primary_active_time,0.14597333010408273
retrospective,Cond2,joint_direct,multi_primary_episode_count,0.0
retrospective,Cond2,joint_direct,multi_primary_episode_max,0.0
retrospective,Cond2,joint_direct,multi_primary_episode_median,0.013806269363852375
retrospective,Cond2,joint_direct,multi_primary_episode_min,0.030646629461544103
retrospective,Cond2,joint_direct,multi_primary_episode_std,0.018183865469153102
retrospective,Cond2,joint_direct,multi_primary_inactive_time,0.1446061036411957
retrospective,Cond2,joint_direct,multi_primary_observed_time,0.0
retrospective,Cond2,joint_direct,multi_primary_pressure_integral,0.20838636843334793
retrospective,Cond2,joint_direct,multi_primary_pressure_mean,1.0469564481692455
retrospective,Cond2,joint_direct,multi_primary_pressure_rotation_proxy_integral,0.0
retrospective,Cond2,joint_direct,multi_primary_pressure_rotation_proxy_mean,0.1605748137348783
retrospective,Cond2,joint_direct,multi_primary_pressure_rotation_proxy_std,0.07944026970432179
retrospective,Cond2,joint_direct,multi_primary_pressure_std,0.10143698923651619
retrospective,Cond2,joint_direct,multi_primary_rotation_sum_integral,0.061029646662178985
retrospective,Cond2,joint_direct,multi_primary_rotation_sum_mean,0.0963515140137472
retrospective,Cond2,joint_direct,multi_primary_rotation_sum_std,0.02971829629422322
retrospective,Cond2,joint_direct,multi_primary_slurry_integral,1.090645189545779
retrospective,Cond2,joint_direct,multi_primary_slurry_mean,0.24069825209578077
retrospective,Cond2,joint_direct,multi_primary_slurry_std,1.7672028626621006
retrospective,Cond2,joint_direct,multi_secondary_active_fraction,0.03590581549465135
retrospective,Cond2,joint_direct,multi_secondary_active_point_fraction,0.07266470481779776
retrospective,Cond2,joint_direct,multi_secondary_active_time,0.0186040327146693
retrospective,Cond2,joint_direct,multi_secondary_episode_count,0.0
retrospective,Cond2,joint_direct,multi_secondary_episode_max,0.0
retrospective,Cond2,joint_direct,multi_secondary_episode_median,0.0
retrospective,Cond2,joint_direct,multi_secondary_episode_min,0.050711732944921116
retrospective,Cond2,joint_direct,multi_secondary_episode_std,0.1111772828760559
retrospective,Cond2,joint_direct,multi_secondary_inactive_time,0.020671766462478487
retrospective,Cond2,joint_direct,multi_secondary_observed_time,0.0
retrospective,Cond2,joint_direct,multi_secondary_pressure_integral,0.21993149116513325
retrospective,Cond2,joint_direct,multi_secondary_pressure_mean,0.11278189931096806
retrospective,Cond2,joint_direct,multi_secondary_pressure_rotation_proxy_integral,0.058027178382491384
retrospective,Cond2,joint_direct,multi_secondary_pressure_rotation_proxy_mean,0.0
retrospective,Cond2,joint_direct,multi_secondary_pressure_rotation_proxy_std,0.0635461977154278
retrospective,Cond2,joint_direct,multi_secondary_pressure_std,0.039800824370502204
retrospective,Cond2,joint_direct,multi_secondary_rotation_sum_integral,0.0
retrospective,Cond2,joint_direct,multi_secondary_rotation_sum_mean,0.020328797735638747
retrospective,Cond2,joint_direct,multi_secondary_rotation_sum_std,0.057060567476584355
retrospective,Cond2,joint_direct,multi_secondary_slurry_integral,0.0023657075245407
retrospective,Cond2,joint_direct,multi_secondary_slurry_mean,0.022556576887121694
retrospective,Cond2,joint_direct,multi_secondary_slurry_std,0.0
retrospective,Cond2,joint_direct,phase__p2_primary_CENTER_AIR_BAG_PRESSURE_auc,0.0
retrospective,Cond2,joint_direct,phase__p2_primary_CENTER_AIR_BAG_PRESSURE_mean,0.03696646045843525
retrospective,Cond2,joint_direct,phase__p2_primary_CENTER_AIR_BAG_PRESSURE_std,0.004201453875268549
retrospective,Cond2,joint_direct,phase__p2_primary_DRESSING_WATER_STATUS_auc,0.06011154898980751
retrospective,Cond2,joint_direct,phase__p2_primary_DRESSING_WATER_STATUS_mean,0.0
retrospective,Cond2,joint_direct,phase__p2_primary_DRESSING_WATER_STATUS_std,0.0
retrospective,Cond2,joint_direct,phase__p2_primary_EDGE_AIR_BAG_PRESSURE_auc,0.01598244449447083
retrospective,Cond2,joint_direct,phase__p2_primary_EDGE_AIR_BAG_PRESSURE_mean,0.03438392228151616
retrospective,Cond2,joint_direct,phase__p2_primary_EDGE_AIR_BAG_PRESSURE_std,0.07748099095280665
retrospective,Cond2,joint_direct,phase__p2_primary_HEAD_ROTATION_mean,0.29339378229979685
retrospective,Cond2,joint_direct,phase__p2_primary_MAIN_OUTER_AIR_BAG_PRESSURE_auc,0.015160263144360036
retrospective,Cond2,joint_direct,phase__p2_primary_MAIN_OUTER_AIR_BAG_PRESSURE_mean,0.03466321256320094
retrospective,Cond2,joint_direct,phase__p2_primary_MAIN_OUTER_AIR_BAG_PRESSURE_std,0.11683036423897163
retrospective,Cond2,joint_direct,phase__p2_primary_PRESSURIZED_CHAMBER_PRESSURE_auc,0.0
retrospective,Cond2,joint_direct,phase__p2_primary_PRESSURIZED_CHAMBER_PRESSURE_mean,0.12320348181745498
retrospective,Cond2,joint_direct,phase__p2_primary_PRESSURIZED_CHAMBER_PRESSURE_std,0.09741448595928427
retrospective,Cond2,joint_direct,phase__p2_primary_RETAINER_RING_PRESSURE_auc,0.0
retrospective,Cond2,joint_direct,phase__p2_primary_RETAINER_RING_PRESSURE_mean,0.060814005133272286
retrospective,Cond2,joint_direct,phase__p2_primary_RETAINER_RING_PRESSURE_std,0.04020184582394139
retrospective,Cond2,joint_direct,phase__p2_primary_RIPPLE_AIR_BAG_PRESSURE_auc,0.0
retrospective,Cond2,joint_direct,phase__p2_primary_RIPPLE_AIR_BAG_PRESSURE_mean,0.051058723790735665
retrospective,Cond2,joint_direct,phase__p2_primary_RIPPLE_AIR_BAG_PRESSURE_std,0.1394892462152888
retrospective,Cond2,joint_direct,phase__p2_primary_SLURRY_FLOW_LINE_A_auc,0.4826245638557908
retrospective,Cond2,joint_direct,phase__p2_primary_SLURRY_FLOW_LINE_A_mean,0.029039622299448314
retrospective,Cond2,joint_direct,phase__p2_primary_SLURRY_FLOW_LINE_A_std,0.41147306194592675
retrospective,Cond2,joint_direct,phase__p2_primary_SLURRY_FLOW_LINE_B_auc,0.0
retrospective,Cond2,joint_direct,phase__p2_primary_SLURRY_FLOW_LINE_B_mean,0.0
retrospective,Cond2,joint_direct,phase__p2_primary_SLURRY_FLOW_LINE_B_std,0.0
retrospective,Cond2,joint_direct,phase__p2_primary_SLURRY_FLOW_LINE_C_auc,0.3885271893980822
retrospective,Cond2,joint_direct,phase__p2_primary_SLURRY_FLOW_LINE_C_mean,0.08943331270805133
retrospective,Cond2,joint_direct,phase__p2_primary_SLURRY_FLOW_LINE_C_std,0.16408839665288608
retrospective,Cond2,joint_direct,phase__p2_primary_STAGE_ROTATION_mean,0.0
retrospective,Cond2,joint_direct,phase__p2_primary_USAGE_OF_BACKING_FILM_decreasing,0.2822863652689467
retrospective,Cond2,joint_direct,phase__p2_primary_USAGE_OF_BACKING_FILM_mean,0.0
retrospective,Cond2,joint_direct,phase__p2_primary_USAGE_OF_BACKING_FILM_std,0.08304918107508799
retrospective,Cond2,joint_direct,phase__p2_primary_USAGE_OF_DRESSER_TABLE_decreasing,0.0
retrospective,Cond2,joint_direct,phase__p2_primary_USAGE_OF_DRESSER_TABLE_mean,0.0
retrospective,Cond2,joint_direct,phase__p2_primary_USAGE_OF_DRESSER_TABLE_std,0.0
retrospective,Cond2,joint_direct,phase__p2_primary_USAGE_OF_DRESSER_decreasing,0.14557414151687392
retrospective,Cond2,joint_direct,phase__p2_primary_USAGE_OF_DRESSER_mean,0.48401653084734964
retrospective,Cond2,joint_direct,phase__p2_primary_USAGE_OF_DRESSER_std,0.017217777388282195
retrospective,Cond2,joint_direct,phase__p2_primary_USAGE_OF_MEMBRANE_decreasing,0.025909992658914797
retrospective,Cond2,joint_direct,phase__p2_primary_USAGE_OF_MEMBRANE_mean,0.0
retrospective,Cond2,joint_direct,phase__p2_primary_USAGE_OF_MEMBRANE_std,0.013649920285663846
retrospective,Cond2,joint_direct,phase__p2_primary_USAGE_OF_POLISHING_TABLE_decreasing,0.24844680067663927
retrospective,Cond2,joint_direct,phase__p2_primary_USAGE_OF_POLISHING_TABLE_mean,0.32596453857229213
retrospective,Cond2,joint_direct,phase__p2_primary_USAGE_OF_POLISHING_TABLE_std,0.07673781166786255
retrospective,Cond2,joint_direct,phase__p2_primary_USAGE_OF_PRESSURIZED_SHEET_decreasing,0.0034210812350488856
retrospective,Cond2,joint_direct,phase__p2_primary_USAGE_OF_PRESSURIZED_SHEET_mean,0.0
retrospective,Cond2,joint_direct,phase__p2_primary_USAGE_OF_PRESSURIZED_SHEET_std,0.06524369404777021
retrospective,Cond2,joint_direct,phase__p2_primary_WAFER_ROTATION_mean,0.0
retrospective,Cond2,joint_direct,phase__p2_primary_duration,0.0
retrospective,Cond2,joint_direct,phase__p2_secondary_CENTER_AIR_BAG_PRESSURE_auc,0.0
retrospective,Cond2,joint_direct,phase__p2_secondary_CENTER_AIR_BAG_PRESSURE_mean,0.1927119433535049
retrospective,Cond2,joint_direct,phase__p2_secondary_CENTER_AIR_BAG_PRESSURE_std,0.0
retrospective,Cond2,joint_direct,phase__p2_secondary_DRESSING_WATER_STATUS_auc,0.009459225348671736
retrospective,Cond2,joint_direct,phase__p2_secondary_DRESSING_WATER_STATUS_mean,0.03136540428169853
retrospective,Cond2,joint_direct,phase__p2_secondary_DRESSING_WATER_STATUS_std,0.0
retrospective,Cond2,joint_direct,phase__p2_secondary_EDGE_AIR_BAG_PRESSURE_auc,0.0
retrospective,Cond2,joint_direct,phase__p2_secondary_EDGE_AIR_BAG_PRESSURE_mean,0.03438551451773296
retrospective,Cond2,joint_direct,phase__p2_secondary_EDGE_AIR_BAG_PRESSURE_std,0.0339779526849474
retrospective,Cond2,joint_direct,phase__p2_secondary_HEAD_ROTATION_mean,0.11621475640061146
retrospective,Cond2,joint_direct,phase__p2_secondary_MAIN_OUTER_AIR_BAG_PRESSURE_auc,0.0
retrospective,Cond2,joint_direct,phase__p2_secondary_MAIN_OUTER_AIR_BAG_PRESSURE_mean,0.03028270028822864
retrospective,Cond2,joint_direct,phase__p2_secondary_MAIN_OUTER_AIR_BAG_PRESSURE_std,0.02644417608722171
retrospective,Cond2,joint_direct,phase__p2_secondary_PRESSURIZED_CHAMBER_PRESSURE_auc,0.0
retrospective,Cond2,joint_direct,phase__p2_secondary_PRESSURIZED_CHAMBER_PRESSURE_mean,0.10122949570546465
retrospective,Cond2,joint_direct,phase__p2_secondary_PRESSURIZED_CHAMBER_PRESSURE_std,0.025849336274747302
retrospective,Cond2,joint_direct,phase__p2_secondary_RETAINER_RING_PRESSURE_auc,0.0
retrospective,Cond2,joint_direct,phase__p2_secondary_RETAINER_RING_PRESSURE_mean,0.0
retrospective,Cond2,joint_direct,phase__p2_secondary_RETAINER_RING_PRESSURE_std,0.16231367447781248
retrospective,Cond2,joint_direct,phase__p2_secondary_RIPPLE_AIR_BAG_PRESSURE_auc,0.045779005159970694
retrospective,Cond2,joint_direct,phase__p2_secondary_RIPPLE_AIR_BAG_PRESSURE_mean,0.0
retrospective,Cond2,joint_direct,phase__p2_secondary_RIPPLE_AIR_BAG_PRESSURE_std,0.0
retrospective,Cond2,joint_direct,phase__p2_secondary_SLURRY_FLOW_LINE_A_auc,0.04274976886245093
retrospective,Cond2,joint_direct,phase__p2_secondary_SLURRY_FLOW_LINE_A_mean,0.15774425898777408
retrospective,Cond2,joint_direct,phase__p2_secondary_SLURRY_FLOW_LINE_A_std,0.13444593244371805
retrospective,Cond2,joint_direct,phase__p2_secondary_SLURRY_FLOW_LINE_B_auc,0.0
retrospective,Cond2,joint_direct,phase__p2_secondary_SLURRY_FLOW_LINE_B_mean,0.0
retrospective,Cond2,joint_direct,phase__p2_secondary_SLURRY_FLOW_LINE_B_std,0.0
retrospective,Cond2,joint_direct,phase__p2_secondary_SLURRY_FLOW_LINE_C_auc,0.0337799753895621
retrospective,Cond2,joint_direct,phase__p2_secondary_SLURRY_FLOW_LINE_C_mean,0.2883228084862181
retrospective,Cond2,joint_direct,phase__p2_secondary_SLURRY_FLOW_LINE_C_std,0.021411628393097522
retrospective,Cond2,joint_direct,phase__p2_secondary_STAGE_ROTATION_mean,0.0
retrospective,Cond2,joint_direct,phase__p2_secondary_USAGE_OF_BACKING_FILM_decreasing,0.09139856464095862
retrospective,Cond2,joint_direct,phase__p2_secondary_USAGE_OF_BACKING_FILM_mean,0.0
retrospective,Cond2,joint_direct,phase__p2_secondary_USAGE_OF_BACKING_FILM_std,0.34680126984706966
retrospective,Cond2,joint_direct,phase__p2_secondary_USAGE_OF_DRESSER_TABLE_decreasing,0.0
retrospective,Cond2,joint_direct,phase__p2_secondary_USAGE_OF_DRESSER_TABLE_mean,0.0
retrospective,Cond2,joint_direct,phase__p2_secondary_USAGE_OF_DRESSER_TABLE_std,0.0
retrospective,Cond2,joint_direct,phase__p2_secondary_USAGE_OF_DRESSER_decreasing,0.05371609571447536
retrospective,Cond2,joint_direct,phase__p2_secondary_USAGE_OF_DRESSER_mean,0.5455439360517599
retrospective,Cond2,joint_direct,phase__p2_secondary_USAGE_OF_DRESSER_std,0.0
retrospective,Cond2,joint_direct,phase__p2_secondary_USAGE_OF_MEMBRANE_decreasing,0.0
retrospective,Cond2,joint_direct,phase__p2_secondary_USAGE_OF_MEMBRANE_mean,0.0
retrospective,Cond2,joint_direct,phase__p2_secondary_USAGE_OF_MEMBRANE_std,0.0
retrospective,Cond2,joint_direct,phase__p2_secondary_USAGE_OF_POLISHING_TABLE_decreasing,0.06880871467320458
retrospective,Cond2,joint_direct,phase__p2_secondary_USAGE_OF_POLISHING_TABLE_mean,1.1924154509682106
retrospective,Cond2,joint_direct,phase__p2_secondary_USAGE_OF_POLISHING_TABLE_std,0.043985699118660085
retrospective,Cond2,joint_direct,phase__p2_secondary_USAGE_OF_PRESSURIZED_SHEET_decreasing,0.0
retrospective,Cond2,joint_direct,phase__p2_secondary_USAGE_OF_PRESSURIZED_SHEET_mean,0.0
retrospective,Cond2,joint_direct,phase__p2_secondary_USAGE_OF_PRESSURIZED_SHEET_std,0.05288900482313622
retrospective,Cond2,joint_direct,phase__p2_secondary_WAFER_ROTATION_mean,0.0928441927275853
retrospective,Cond2,joint_direct,phase__p2_secondary_duration,0.14140303211620825
retrospective,Cond2,joint_direct,qc_primary_ambiguous,0.0
retrospective,Cond2,joint_direct,qc_primary_episodes,0.0
retrospective,Cond2,joint_direct,qc_primary_fallback,0.0
retrospective,Cond2,joint_direct,qc_primary_max_gap,0.10182380516817056
retrospective,Cond2,joint_direct,qc_primary_missing,0.0
retrospective,Cond2,joint_direct,qc_primary_phase_duration,0.0
retrospective,Cond2,joint_direct,qc_primary_span,0.0
retrospective,Cond2,joint_direct,qc_secondary_ambiguous,0.0
retrospective,Cond2,joint_direct,qc_secondary_episodes,0.0
retrospective,Cond2,joint_direct,qc_secondary_fallback,0.0
retrospective,Cond2,joint_direct,qc_secondary_max_gap,0.1137864013240596
retrospective,Cond2,joint_direct,qc_secondary_missing,0.0
retrospective,Cond2,joint_direct,qc_secondary_phase_duration,0.0
retrospective,Cond2,joint_direct,qc_secondary_span,0.0
retrospective,Cond2,base_residual,lag_1,1.3509758750765613
retrospective,Cond2,base_residual,lag_2,0.04381689399249653
retrospective,Cond2,base_residual,lag_3,0.11961870711919542
retrospective,Cond2,base_residual,lag_4,0.2480469734583449
retrospective,Cond2,base_residual,lag_5,0.2558007335429998
retrospective,Cond2,base_residual,lag_6,1.060826963788564
retrospective,Cond2,base_residual,lag_7,2.9982835129871397
retrospective,Cond2,base_residual,lag_8,8.733692685932507
retrospective,Cond2,base_residual,lag_9,0.8316858007861642
retrospective,Cond2,base_residual,lag_10,0.0
retrospective,Cond2,base_residual,lag_11,0.048372234281301864
retrospective,Cond2,base_residual,neighbor_1,0.6651768739773425
retrospective,Cond2,base_residual,neighbor_2,1.0844809291361597
retrospective,Cond2,base_residual,neighbor_3,0.857658219227619
retrospective,Cond2,base_residual,neighbor_4,1.8068556850253532
retrospective,Cond2,base_residual,neighbor_5,4.501520164938035
retrospective,Cond2,base_residual,neighbor_6,5.640558456109878
retrospective,Cond2,base_residual,neighbor_7,15.632795741628362
retrospective,Cond2,base_residual,neighbor_8,2.7773844847184703
retrospective,Cond2,base_residual,neighbor_9,0.5274964523729511
retrospective,Cond2,base_residual,neighbor_10,0.3382410720178304
retrospective,Cond2,base_residual,p2_primary_CENTER_AIR_BAG_PRESSURE_auc,4.970860593334342
retrospective,Cond2,base_residual,p2_primary_CENTER_AIR_BAG_PRESSURE_mean,0.01772933757609213
retrospective,Cond2,base_residual,p2_primary_CENTER_AIR_BAG_PRESSURE_std,0.012316934552613712
retrospective,Cond2,base_residual,p2_primary_DRESSING_WATER_STATUS_auc,0.0
retrospective,Cond2,base_residual,p2_primary_DRESSING_WATER_STATUS_mean,0.032483504533158354
retrospective,Cond2,base_residual,p2_primary_DRESSING_WATER_STATUS_std,0.05317813896534483
retrospective,Cond2,base_residual,p2_primary_EDGE_AIR_BAG_PRESSURE_auc,0.0
retrospective,Cond2,base_residual,p2_primary_EDGE_AIR_BAG_PRESSURE_mean,0.030971173232482854
retrospective,Cond2,base_residual,p2_primary_EDGE_AIR_BAG_PRESSURE_std,2.0881119633572247
retrospective,Cond2,base_residual,p2_primary_HEAD_ROTATION_mean,0.033448063003775376
retrospective,Cond2,base_residual,p2_primary_MAIN_OUTER_AIR_BAG_PRESSURE_auc,2.1789292389252846
retrospective,Cond2,base_residual,p2_primary_MAIN_OUTER_AIR_BAG_PRESSURE_mean,0.03391027018144195
retrospective,Cond2,base_residual,p2_primary_MAIN_OUTER_AIR_BAG_PRESSURE_std,0.0
retrospective,Cond2,base_residual,p2_primary_PRESSURIZED_CHAMBER_PRESSURE_auc,1.8695500982865338
retrospective,Cond2,base_residual,p2_primary_PRESSURIZED_CHAMBER_PRESSURE_mean,0.011651733508587437
retrospective,Cond2,base_residual,p2_primary_PRESSURIZED_CHAMBER_PRESSURE_std,0.4211127589768879
retrospective,Cond2,base_residual,p2_primary_RETAINER_RING_PRESSURE_auc,0.04443533741694478
retrospective,Cond2,base_residual,p2_primary_RETAINER_RING_PRESSURE_mean,0.02802542085641193
retrospective,Cond2,base_residual,p2_primary_RETAINER_RING_PRESSURE_std,0.05386424045802444
retrospective,Cond2,base_residual,p2_primary_RIPPLE_AIR_BAG_PRESSURE_auc,1.8823343192980917
retrospective,Cond2,base_residual,p2_primary_RIPPLE_AIR_BAG_PRESSURE_mean,0.06642021692774507
retrospective,Cond2,base_residual,p2_primary_RIPPLE_AIR_BAG_PRESSURE_std,0.0
retrospective,Cond2,base_residual,p2_primary_SLURRY_FLOW_LINE_A_auc,1.1210062747595402
retrospective,Cond2,base_residual,p2_primary_SLURRY_FLOW_LINE_A_mean,0.0
retrospective,Cond2,base_residual,p2_primary_SLURRY_FLOW_LINE_A_std,0.09482396775591251
retrospective,Cond2,base_residual,p2_primary_SLURRY_FLOW_LINE_B_auc,0.08780900466820919
retrospective,Cond2,base_residual,p2_primary_SLURRY_FLOW_LINE_B_mean,0.05852480113927182
retrospective,Cond2,base_residual,p2_primary_SLURRY_FLOW_LINE_B_std,0.03750355233508831
retrospective,Cond2,base_residual,p2_primary_SLURRY_FLOW_LINE_C_auc,17.78029792089811
retrospective,Cond2,base_residual,p2_primary_SLURRY_FLOW_LINE_C_mean,0.9156256341273042
retrospective,Cond2,base_residual,p2_primary_SLURRY_FLOW_LINE_C_std,0.13014621242965826
retrospective,Cond2,base_residual,p2_primary_STAGE_ROTATION_mean,0.0611795954361142
retrospective,Cond2,base_residual,p2_primary_USAGE_OF_BACKING_FILM_decreasing,0.013284432677039985
retrospective,Cond2,base_residual,p2_primary_USAGE_OF_BACKING_FILM_mean,0.2773650848627725
retrospective,Cond2,base_residual,p2_primary_USAGE_OF_BACKING_FILM_std,1.5877574020288172
retrospective,Cond2,base_residual,p2_primary_USAGE_OF_DRESSER_TABLE_decreasing,0.0
retrospective,Cond2,base_residual,p2_primary_USAGE_OF_DRESSER_TABLE_mean,1.6500444420921343
retrospective,Cond2,base_residual,p2_primary_USAGE_OF_DRESSER_TABLE_std,0.003020016651372284
retrospective,Cond2,base_residual,p2_primary_USAGE_OF_DRESSER_decreasing,0.020393417937141146
retrospective,Cond2,base_residual,p2_primary_USAGE_OF_DRESSER_mean,2.8664405070351657
retrospective,Cond2,base_residual,p2_primary_USAGE_OF_DRESSER_std,0.11255890546662328
retrospective,Cond2,base_residual,p2_primary_USAGE_OF_MEMBRANE_decreasing,0.0
retrospective,Cond2,base_residual,p2_primary_USAGE_OF_MEMBRANE_mean,0.0
retrospective,Cond2,base_residual,p2_primary_USAGE_OF_MEMBRANE_std,0.17829873528224555
retrospective,Cond2,base_residual,p2_primary_USAGE_OF_POLISHING_TABLE_decreasing,0.046632375380665156
retrospective,Cond2,base_residual,p2_primary_USAGE_OF_POLISHING_TABLE_mean,0.9173284740145788
retrospective,Cond2,base_residual,p2_primary_USAGE_OF_POLISHING_TABLE_std,0.2277370639399865
retrospective,Cond2,base_residual,p2_primary_USAGE_OF_PRESSURIZED_SHEET_decreasing,0.0
retrospective,Cond2,base_residual,p2_primary_USAGE_OF_PRESSURIZED_SHEET_mean,0.0
retrospective,Cond2,base_residual,p2_primary_USAGE_OF_PRESSURIZED_SHEET_std,1.0063784738897577
retrospective,Cond2,base_residual,p2_primary_WAFER_ROTATION_mean,0.0
retrospective,Cond2,base_residual,p2_primary_duration,0.041100675492100176
retrospective,Cond2,base_residual,p2_secondary_CENTER_AIR_BAG_PRESSURE_auc,0.012550231297206792
retrospective,Cond2,base_residual,p2_secondary_CENTER_AIR_BAG_PRESSURE_mean,0.08042713704610133
retrospective,Cond2,base_residual,p2_secondary_CENTER_AIR_BAG_PRESSURE_std,0.0
retrospective,Cond2,base_residual,p2_secondary_DRESSING_WATER_STATUS_auc,0.0
retrospective,Cond2,base_residual,p2_secondary_DRESSING_WATER_STATUS_mean,0.008613435060167743
retrospective,Cond2,base_residual,p2_secondary_DRESSING_WATER_STATUS_std,0.024375873313556718
retrospective,Cond2,base_residual,p2_secondary_EDGE_AIR_BAG_PRESSURE_auc,0.11922996436724248
retrospective,Cond2,base_residual,p2_secondary_EDGE_AIR_BAG_PRESSURE_mean,0.01444299566058142
retrospective,Cond2,base_residual,p2_secondary_EDGE_AIR_BAG_PRESSURE_std,0.0
retrospective,Cond2,base_residual,p2_secondary_HEAD_ROTATION_mean,0.04442956623161859
retrospective,Cond2,base_residual,p2_secondary_MAIN_OUTER_AIR_BAG_PRESSURE_auc,0.0
retrospective,Cond2,base_residual,p2_secondary_MAIN_OUTER_AIR_BAG_PRESSURE_mean,0.0
retrospective,Cond2,base_residual,p2_secondary_MAIN_OUTER_AIR_BAG_PRESSURE_std,0.0
retrospective,Cond2,base_residual,p2_secondary_PRESSURIZED_CHAMBER_PRESSURE_auc,0.0
retrospective,Cond2,base_residual,p2_secondary_PRESSURIZED_CHAMBER_PRESSURE_mean,0.04100168663643945
retrospective,Cond2,base_residual,p2_secondary_PRESSURIZED_CHAMBER_PRESSURE_std,0.035075441018869793
retrospective,Cond2,base_residual,p2_secondary_RETAINER_RING_PRESSURE_auc,0.0
retrospective,Cond2,base_residual,p2_secondary_RETAINER_RING_PRESSURE_mean,0.007989465105752618
retrospective,Cond2,base_residual,p2_secondary_RETAINER_RING_PRESSURE_std,0.01119388576112985
retrospective,Cond2,base_residual,p2_secondary_RIPPLE_AIR_BAG_PRESSURE_auc,0.08868402463774623
retrospective,Cond2,base_residual,p2_secondary_RIPPLE_AIR_BAG_PRESSURE_mean,0.0
retrospective,Cond2,base_residual,p2_secondary_RIPPLE_AIR_BAG_PRESSURE_std,0.0
retrospective,Cond2,base_residual,p2_secondary_SLURRY_FLOW_LINE_A_auc,0.0
retrospective,Cond2,base_residual,p2_secondary_SLURRY_FLOW_LINE_A_mean,0.22484476050363542
retrospective,Cond2,base_residual,p2_secondary_SLURRY_FLOW_LINE_A_std,0.07235166612312735
retrospective,Cond2,base_residual,p2_secondary_SLURRY_FLOW_LINE_B_auc,0.011760173494420392
retrospective,Cond2,base_residual,p2_secondary_SLURRY_FLOW_LINE_B_mean,0.0052221942771528244
retrospective,Cond2,base_residual,p2_secondary_SLURRY_FLOW_LINE_B_std,0.0
retrospective,Cond2,base_residual,p2_secondary_SLURRY_FLOW_LINE_C_auc,0.0
retrospective,Cond2,base_residual,p2_secondary_SLURRY_FLOW_LINE_C_mean,0.0
retrospective,Cond2,base_residual,p2_secondary_SLURRY_FLOW_LINE_C_std,0.025409116467694573
retrospective,Cond2,base_residual,p2_secondary_STAGE_ROTATION_mean,0.04305019663784127
retrospective,Cond2,base_residual,p2_secondary_USAGE_OF_BACKING_FILM_decreasing,0.013427788751373978
retrospective,Cond2,base_residual,p2_secondary_USAGE_OF_BACKING_FILM_mean,0.051293651919476366
retrospective,Cond2,base_residual,p2_secondary_USAGE_OF_BACKING_FILM_std,0.03514635497276278
retrospective,Cond2,base_residual,p2_secondary_USAGE_OF_DRESSER_TABLE_decreasing,0.0
retrospective,Cond2,base_residual,p2_secondary_USAGE_OF_DRESSER_TABLE_mean,3.038219755646231
retrospective,Cond2,base_residual,p2_secondary_USAGE_OF_DRESSER_TABLE_std,0.0
retrospective,Cond2,base_residual,p2_secondary_USAGE_OF_DRESSER_decreasing,0.04172862590991813
retrospective,Cond2,base_residual,p2_secondary_USAGE_OF_DRESSER_mean,2.38916016151848
retrospective,Cond2,base_residual,p2_secondary_USAGE_OF_DRESSER_std,0.0
retrospective,Cond2,base_residual,p2_secondary_USAGE_OF_MEMBRANE_decreasing,0.0
retrospective,Cond2,base_residual,p2_secondary_USAGE_OF_MEMBRANE_mean,0.0
retrospective,Cond2,base_residual,p2_secondary_USAGE_OF_MEMBRANE_std,0.011682800122583966
retrospective,Cond2,base_residual,p2_secondary_USAGE_OF_POLISHING_TABLE_decreasing,0.0
retrospective,Cond2,base_residual,p2_secondary_USAGE_OF_POLISHING_TABLE_mean,0.944002342205043
retrospective,Cond2,base_residual,p2_secondary_USAGE_OF_POLISHING_TABLE_std,0.0
retrospective,Cond2,base_residual,p2_secondary_USAGE_OF_PRESSURIZED_SHEET_decreasing,0.00633319809819521
retrospective,Cond2,base_residual,p2_secondary_USAGE_OF_PRESSURIZED_SHEET_mean,0.0
retrospective,Cond2,base_residual,p2_secondary_USAGE_OF_PRESSURIZED_SHEET_std,0.005122348331057108
retrospective,Cond2,base_residual,p2_secondary_WAFER_ROTATION_mean,0.005352385076771278
retrospective,Cond2,base_residual,p2_secondary_duration,0.0
retrospective,Cond2,joint_residual,lag_1,0.7303812048678834
retrospective,Cond2,joint_residual,lag_2,0.0
retrospective,Cond2,joint_residual,lag_3,0.14860115409462185
retrospective,Cond2,joint_residual,lag_4,0.4751930096462027
retrospective,Cond2,joint_residual,lag_5,0.04305460380250397
retrospective,Cond2,joint_residual,lag_6,0.20110986112179108
retrospective,Cond2,joint_residual,lag_7,3.5201556979511217
retrospective,Cond2,joint_residual,lag_8,5.5871703644172195
retrospective,Cond2,joint_residual,lag_9,0.052908182767010245
retrospective,Cond2,joint_residual,lag_10,0.0
retrospective,Cond2,joint_residual,lag_11,0.0
retrospective,Cond2,joint_residual,neighbor_1,0.36425931079811086
retrospective,Cond2,joint_residual,neighbor_2,0.6444960871453297
retrospective,Cond2,joint_residual,neighbor_3,0.008349786248482281
retrospective,Cond2,joint_residual,neighbor_4,1.5143102004380147
retrospective,Cond2,joint_residual,neighbor_5,2.042658182847957
retrospective,Cond2,joint_residual,neighbor_6,3.157599330125166
retrospective,Cond2,joint_residual,neighbor_7,14.356591827821813
retrospective,Cond2,joint_residual,neighbor_8,1.3773539772997638
retrospective,Cond2,joint_residual,neighbor_9,0.5127976592295059
retrospective,Cond2,joint_residual,neighbor_10,0.0
retrospective,Cond2,joint_residual,p2_primary_CENTER_AIR_BAG_PRESSURE_auc,8.619041511785355
retrospective,Cond2,joint_residual,p2_primary_CENTER_AIR_BAG_PRESSURE_mean,0.01582269131950074
retrospective,Cond2,joint_residual,p2_primary_CENTER_AIR_BAG_PRESSURE_std,0.019472133307593457
retrospective,Cond2,joint_residual,p2_primary_DRESSING_WATER_STATUS_auc,0.0
retrospective,Cond2,joint_residual,p2_primary_DRESSING_WATER_STATUS_mean,0.00598167907801467
retrospective,Cond2,joint_residual,p2_primary_DRESSING_WATER_STATUS_std,0.13315828695704676
retrospective,Cond2,joint_residual,p2_primary_EDGE_AIR_BAG_PRESSURE_auc,0.014204939561198324
retrospective,Cond2,joint_residual,p2_primary_EDGE_AIR_BAG_PRESSURE_mean,0.01786342417767658
retrospective,Cond2,joint_residual,p2_primary_EDGE_AIR_BAG_PRESSURE_std,1.3937392641074005
retrospective,Cond2,joint_residual,p2_primary_HEAD_ROTATION_mean,0.016094057059919564
retrospective,Cond2,joint_residual,p2_primary_MAIN_OUTER_AIR_BAG_PRESSURE_auc,3.5735952331868313
retrospective,Cond2,joint_residual,p2_primary_MAIN_OUTER_AIR_BAG_PRESSURE_mean,0.0
retrospective,Cond2,joint_residual,p2_primary_MAIN_OUTER_AIR_BAG_PRESSURE_std,0.0
retrospective,Cond2,joint_residual,p2_primary_PRESSURIZED_CHAMBER_PRESSURE_auc,3.648131403675177
retrospective,Cond2,joint_residual,p2_primary_PRESSURIZED_CHAMBER_PRESSURE_mean,0.005935146783302465
retrospective,Cond2,joint_residual,p2_primary_PRESSURIZED_CHAMBER_PRESSURE_std,0.3196826101240159
retrospective,Cond2,joint_residual,p2_primary_RETAINER_RING_PRESSURE_auc,0.13451813332905996
retrospective,Cond2,joint_residual,p2_primary_RETAINER_RING_PRESSURE_mean,0.006941684880361796
retrospective,Cond2,joint_residual,p2_primary_RETAINER_RING_PRESSURE_std,0.03647940929909585
retrospective,Cond2,joint_residual,p2_primary_RIPPLE_AIR_BAG_PRESSURE_auc,0.046064859789280835
retrospective,Cond2,joint_residual,p2_primary_RIPPLE_AIR_BAG_PRESSURE_mean,0.04969591625493185
retrospective,Cond2,joint_residual,p2_primary_RIPPLE_AIR_BAG_PRESSURE_std,0.0
retrospective,Cond2,joint_residual,p2_primary_SLURRY_FLOW_LINE_A_auc,1.2073127727763953
retrospective,Cond2,joint_residual,p2_primary_SLURRY_FLOW_LINE_A_mean,0.027842661728550672
retrospective,Cond2,joint_residual,p2_primary_SLURRY_FLOW_LINE_A_std,0.06749938363428164
retrospective,Cond2,joint_residual,p2_primary_SLURRY_FLOW_LINE_B_auc,0.08548077063472244
retrospective,Cond2,joint_residual,p2_primary_SLURRY_FLOW_LINE_B_mean,0.0087928288422302
retrospective,Cond2,joint_residual,p2_primary_SLURRY_FLOW_LINE_B_std,0.0
retrospective,Cond2,joint_residual,p2_primary_SLURRY_FLOW_LINE_C_auc,12.031175827890916
retrospective,Cond2,joint_residual,p2_primary_SLURRY_FLOW_LINE_C_mean,0.7713717482920155
retrospective,Cond2,joint_residual,p2_primary_SLURRY_FLOW_LINE_C_std,0.010464228580028186
retrospective,Cond2,joint_residual,p2_primary_STAGE_ROTATION_mean,0.10619314919395148
retrospective,Cond2,joint_residual,p2_primary_USAGE_OF_BACKING_FILM_decreasing,0.015307163566401582
retrospective,Cond2,joint_residual,p2_primary_USAGE_OF_BACKING_FILM_mean,0.0
retrospective,Cond2,joint_residual,p2_primary_USAGE_OF_BACKING_FILM_std,3.9640036987548775
retrospective,Cond2,joint_residual,p2_primary_USAGE_OF_DRESSER_TABLE_decreasing,0.0
retrospective,Cond2,joint_residual,p2_primary_USAGE_OF_DRESSER_TABLE_mean,0.6377908551483897
retrospective,Cond2,joint_residual,p2_primary_USAGE_OF_DRESSER_TABLE_std,0.016277447752351522
retrospective,Cond2,joint_residual,p2_primary_USAGE_OF_DRESSER_decreasing,0.00800229056761132
retrospective,Cond2,joint_residual,p2_primary_USAGE_OF_DRESSER_mean,3.010231885934374
retrospective,Cond2,joint_residual,p2_primary_USAGE_OF_DRESSER_std,0.003109159952778204
retrospective,Cond2,joint_residual,p2_primary_USAGE_OF_MEMBRANE_decreasing,0.009742871138289642
retrospective,Cond2,joint_residual,p2_primary_USAGE_OF_MEMBRANE_mean,0.0
retrospective,Cond2,joint_residual,p2_primary_USAGE_OF_MEMBRANE_std,0.014471562336694393
retrospective,Cond2,joint_residual,p2_primary_USAGE_OF_POLISHING_TABLE_decreasing,0.0338202246029134
retrospective,Cond2,joint_residual,p2_primary_USAGE_OF_POLISHING_TABLE_mean,0.42204166673897314
retrospective,Cond2,joint_residual,p2_primary_USAGE_OF_POLISHING_TABLE_std,0.14845288408635507
retrospective,Cond2,joint_residual,p2_primary_USAGE_OF_PRESSURIZED_SHEET_decreasing,0.0
retrospective,Cond2,joint_residual,p2_primary_USAGE_OF_PRESSURIZED_SHEET_mean,0.0
retrospective,Cond2,joint_residual,p2_primary_USAGE_OF_PRESSURIZED_SHEET_std,0.007124114370882344
retrospective,Cond2,joint_residual,p2_primary_WAFER_ROTATION_mean,0.01117726206362008
retrospective,Cond2,joint_residual,p2_primary_duration,0.01533307860916723
retrospective,Cond2,joint_residual,p2_secondary_CENTER_AIR_BAG_PRESSURE_auc,0.0
retrospective,Cond2,joint_residual,p2_secondary_CENTER_AIR_BAG_PRESSURE_mean,0.0
retrospective,Cond2,joint_residual,p2_secondary_CENTER_AIR_BAG_PRESSURE_std,0.0
retrospective,Cond2,joint_residual,p2_secondary_DRESSING_WATER_STATUS_auc,0.0
retrospective,Cond2,joint_residual,p2_secondary_DRESSING_WATER_STATUS_mean,0.0
retrospective,Cond2,joint_residual,p2_secondary_DRESSING_WATER_STATUS_std,0.008715190159773518
retrospective,Cond2,joint_residual,p2_secondary_EDGE_AIR_BAG_PRESSURE_auc,0.0
retrospective,Cond2,joint_residual,p2_secondary_EDGE_AIR_BAG_PRESSURE_mean,0.0
retrospective,Cond2,joint_residual,p2_secondary_EDGE_AIR_BAG_PRESSURE_std,0.0
retrospective,Cond2,joint_residual,p2_secondary_HEAD_ROTATION_mean,0.013314523872180527
retrospective,Cond2,joint_residual,p2_secondary_MAIN_OUTER_AIR_BAG_PRESSURE_auc,0.00883995907936283
retrospective,Cond2,joint_residual,p2_secondary_MAIN_OUTER_AIR_BAG_PRESSURE_mean,0.0
retrospective,Cond2,joint_residual,p2_secondary_MAIN_OUTER_AIR_BAG_PRESSURE_std,0.0
retrospective,Cond2,joint_residual,p2_secondary_PRESSURIZED_CHAMBER_PRESSURE_auc,0.006620497155360366
retrospective,Cond2,joint_residual,p2_secondary_PRESSURIZED_CHAMBER_PRESSURE_mean,0.0
retrospective,Cond2,joint_residual,p2_secondary_PRESSURIZED_CHAMBER_PRESSURE_std,0.004800562815648883
retrospective,Cond2,joint_residual,p2_secondary_RETAINER_RING_PRESSURE_auc,0.0
retrospective,Cond2,joint_residual,p2_secondary_RETAINER_RING_PRESSURE_mean,0.0
retrospective,Cond2,joint_residual,p2_secondary_RETAINER_RING_PRESSURE_std,0.0
retrospective,Cond2,joint_residual,p2_secondary_RIPPLE_AIR_BAG_PRESSURE_auc,0.0
retrospective,Cond2,joint_residual,p2_secondary_RIPPLE_AIR_BAG_PRESSURE_mean,0.0017865676094724176
retrospective,Cond2,joint_residual,p2_secondary_RIPPLE_AIR_BAG_PRESSURE_std,0.0
retrospective,Cond2,joint_residual,p2_secondary_SLURRY_FLOW_LINE_A_auc,0.0
retrospective,Cond2,joint_residual,p2_secondary_SLURRY_FLOW_LINE_A_mean,0.04341789525832515
retrospective,Cond2,joint_residual,p2_secondary_SLURRY_FLOW_LINE_A_std,0.10665538932330457
retrospective,Cond2,joint_residual,p2_secondary_SLURRY_FLOW_LINE_B_auc,0.0
retrospective,Cond2,joint_residual,p2_secondary_SLURRY_FLOW_LINE_B_mean,0.0
retrospective,Cond2,joint_residual,p2_secondary_SLURRY_FLOW_LINE_B_std,0.0
retrospective,Cond2,joint_residual,p2_secondary_SLURRY_FLOW_LINE_C_auc,0.0
retrospective,Cond2,joint_residual,p2_secondary_SLURRY_FLOW_LINE_C_mean,0.0
retrospective,Cond2,joint_residual,p2_secondary_SLURRY_FLOW_LINE_C_std,0.0
retrospective,Cond2,joint_residual,p2_secondary_STAGE_ROTATION_mean,0.031211947959297975
retrospective,Cond2,joint_residual,p2_secondary_USAGE_OF_BACKING_FILM_decreasing,0.0
retrospective,Cond2,joint_residual,p2_secondary_USAGE_OF_BACKING_FILM_mean,0.007468757278866588
retrospective,Cond2,joint_residual,p2_secondary_USAGE_OF_BACKING_FILM_std,0.005589860247102892
retrospective,Cond2,joint_residual,p2_secondary_USAGE_OF_DRESSER_TABLE_decreasing,0.0
retrospective,Cond2,joint_residual,p2_secondary_USAGE_OF_DRESSER_TABLE_mean,4.113536528960344
retrospective,Cond2,joint_residual,p2_secondary_USAGE_OF_DRESSER_TABLE_std,0.0
retrospective,Cond2,joint_residual,p2_secondary_USAGE_OF_DRESSER_decreasing,0.0
retrospective,Cond2,joint_residual,p2_secondary_USAGE_OF_DRESSER_mean,1.228588165600878
retrospective,Cond2,joint_residual,p2_secondary_USAGE_OF_DRESSER_std,0.0
retrospective,Cond2,joint_residual,p2_secondary_USAGE_OF_MEMBRANE_decreasing,0.0
retrospective,Cond2,joint_residual,p2_secondary_USAGE_OF_MEMBRANE_mean,0.0
retrospective,Cond2,joint_residual,p2_secondary_USAGE_OF_MEMBRANE_std,0.006405738043568296
retrospective,Cond2,joint_residual,p2_secondary_USAGE_OF_POLISHING_TABLE_decreasing,0.0
retrospective,Cond2,joint_residual,p2_secondary_USAGE_OF_POLISHING_TABLE_mean,0.5248247218304168
retrospective,Cond2,joint_residual,p2_secondary_USAGE_OF_POLISHING_TABLE_std,0.0005916123815848901
retrospective,Cond2,joint_residual,p2_secondary_USAGE_OF_PRESSURIZED_SHEET_decreasing,0.0
retrospective,Cond2,joint_residual,p2_secondary_USAGE_OF_PRESSURIZED_SHEET_mean,0.0
retrospective,Cond2,joint_residual,p2_secondary_USAGE_OF_PRESSURIZED_SHEET_std,0.0
retrospective,Cond2,joint_residual,p2_secondary_WAFER_ROTATION_mean,0.0
retrospective,Cond2,joint_residual,p2_secondary_duration,0.0
retrospective,Cond2,joint_residual,history_summary_0,0.0
retrospective,Cond2,joint_residual,history_summary_1,2.12851063019817
retrospective,Cond2,joint_residual,history_summary_2,0.0
retrospective,Cond2,joint_residual,history_summary_3,0.65559685527743
retrospective,Cond2,joint_residual,history_summary_4,0.3728089242813396
retrospective,Cond2,joint_residual,history_summary_5,8.104632987107276
retrospective,Cond2,joint_residual,history_summary_6,0.14108417830849704
retrospective,Cond2,joint_residual,history_summary_7,0.0
retrospective,Cond2,joint_residual,history_summary_8,0.5299953678186633
retrospective,Cond2,joint_residual,history_summary_9,0.04537951012436073
retrospective,Cond2,joint_residual,gap__p2_primary_CENTER_AIR_BAG_PRESSURE_auc,0.0
retrospective,Cond2,joint_residual,gap__p2_primary_CENTER_AIR_BAG_PRESSURE_mean,0.0
retrospective,Cond2,joint_residual,gap__p2_primary_CENTER_AIR_BAG_PRESSURE_std,0.0
retrospective,Cond2,joint_residual,gap__p2_primary_DRESSING_WATER_STATUS_auc,0.0
retrospective,Cond2,joint_residual,gap__p2_primary_DRESSING_WATER_STATUS_mean,0.0
retrospective,Cond2,joint_residual,gap__p2_primary_DRESSING_WATER_STATUS_std,0.0
retrospective,Cond2,joint_residual,gap__p2_primary_EDGE_AIR_BAG_PRESSURE_auc,0.0
retrospective,Cond2,joint_residual,gap__p2_primary_EDGE_AIR_BAG_PRESSURE_mean,0.0
retrospective,Cond2,joint_residual,gap__p2_primary_EDGE_AIR_BAG_PRESSURE_std,0.0
retrospective,Cond2,joint_residual,gap__p2_primary_HEAD_ROTATION_mean,0.0
retrospective,Cond2,joint_residual,gap__p2_primary_MAIN_OUTER_AIR_BAG_PRESSURE_auc,0.0
retrospective,Cond2,joint_residual,gap__p2_primary_MAIN_OUTER_AIR_BAG_PRESSURE_mean,0.0
retrospective,Cond2,joint_residual,gap__p2_primary_MAIN_OUTER_AIR_BAG_PRESSURE_std,0.0
retrospective,Cond2,joint_residual,gap__p2_primary_PRESSURIZED_CHAMBER_PRESSURE_auc,0.0
retrospective,Cond2,joint_residual,gap__p2_primary_PRESSURIZED_CHAMBER_PRESSURE_mean,0.0
retrospective,Cond2,joint_residual,gap__p2_primary_PRESSURIZED_CHAMBER_PRESSURE_std,0.0
retrospective,Cond2,joint_residual,gap__p2_primary_RETAINER_RING_PRESSURE_auc,0.0
retrospective,Cond2,joint_residual,gap__p2_primary_RETAINER_RING_PRESSURE_mean,0.0
retrospective,Cond2,joint_residual,gap__p2_primary_RETAINER_RING_PRESSURE_std,0.0
retrospective,Cond2,joint_residual,gap__p2_primary_RIPPLE_AIR_BAG_PRESSURE_auc,0.0
retrospective,Cond2,joint_residual,gap__p2_primary_RIPPLE_AIR_BAG_PRESSURE_mean,0.0
retrospective,Cond2,joint_residual,gap__p2_primary_RIPPLE_AIR_BAG_PRESSURE_std,0.0
retrospective,Cond2,joint_residual,gap__p2_primary_SLURRY_FLOW_LINE_A_auc,0.0
retrospective,Cond2,joint_residual,gap__p2_primary_SLURRY_FLOW_LINE_A_mean,0.0
retrospective,Cond2,joint_residual,gap__p2_primary_SLURRY_FLOW_LINE_A_std,0.0
retrospective,Cond2,joint_residual,gap__p2_primary_SLURRY_FLOW_LINE_B_auc,0.0
retrospective,Cond2,joint_residual,gap__p2_primary_SLURRY_FLOW_LINE_B_mean,0.0
retrospective,Cond2,joint_residual,gap__p2_primary_SLURRY_FLOW_LINE_B_std,0.0
retrospective,Cond2,joint_residual,gap__p2_primary_SLURRY_FLOW_LINE_C_auc,0.0
retrospective,Cond2,joint_residual,gap__p2_primary_SLURRY_FLOW_LINE_C_mean,0.0
retrospective,Cond2,joint_residual,gap__p2_primary_SLURRY_FLOW_LINE_C_std,0.0
retrospective,Cond2,joint_residual,gap__p2_primary_STAGE_ROTATION_mean,0.0
retrospective,Cond2,joint_residual,gap__p2_primary_USAGE_OF_BACKING_FILM_decreasing,0.0
retrospective,Cond2,joint_residual,gap__p2_primary_USAGE_OF_BACKING_FILM_mean,0.0
retrospective,Cond2,joint_residual,gap__p2_primary_USAGE_OF_BACKING_FILM_std,0.0
retrospective,Cond2,joint_residual,gap__p2_primary_USAGE_OF_DRESSER_TABLE_decreasing,0.0
retrospective,Cond2,joint_residual,gap__p2_primary_USAGE_OF_DRESSER_TABLE_mean,0.0
retrospective,Cond2,joint_residual,gap__p2_primary_USAGE_OF_DRESSER_TABLE_std,0.0
retrospective,Cond2,joint_residual,gap__p2_primary_USAGE_OF_DRESSER_decreasing,0.0
retrospective,Cond2,joint_residual,gap__p2_primary_USAGE_OF_DRESSER_mean,0.0
retrospective,Cond2,joint_residual,gap__p2_primary_USAGE_OF_DRESSER_std,0.0
retrospective,Cond2,joint_residual,gap__p2_primary_USAGE_OF_MEMBRANE_decreasing,0.0
retrospective,Cond2,joint_residual,gap__p2_primary_USAGE_OF_MEMBRANE_mean,0.0
retrospective,Cond2,joint_residual,gap__p2_primary_USAGE_OF_MEMBRANE_std,0.0
retrospective,Cond2,joint_residual,gap__p2_primary_USAGE_OF_POLISHING_TABLE_decreasing,0.0
retrospective,Cond2,joint_residual,gap__p2_primary_USAGE_OF_POLISHING_TABLE_mean,0.0
retrospective,Cond2,joint_residual,gap__p2_primary_USAGE_OF_POLISHING_TABLE_std,0.0
retrospective,Cond2,joint_residual,gap__p2_primary_USAGE_OF_PRESSURIZED_SHEET_decreasing,0.0
retrospective,Cond2,joint_residual,gap__p2_primary_USAGE_OF_PRESSURIZED_SHEET_mean,0.0
retrospective,Cond2,joint_residual,gap__p2_primary_USAGE_OF_PRESSURIZED_SHEET_std,0.0
retrospective,Cond2,joint_residual,gap__p2_primary_WAFER_ROTATION_mean,0.0
retrospective,Cond2,joint_residual,gap__p2_primary_duration,0.0
retrospective,Cond2,joint_residual,gap__p2_secondary_CENTER_AIR_BAG_PRESSURE_auc,0.035124349374649165
retrospective,Cond2,joint_residual,gap__p2_secondary_CENTER_AIR_BAG_PRESSURE_mean,0.0
retrospective,Cond2,joint_residual,gap__p2_secondary_CENTER_AIR_BAG_PRESSURE_std,0.0
retrospective,Cond2,joint_residual,gap__p2_secondary_DRESSING_WATER_STATUS_auc,0.0
retrospective,Cond2,joint_residual,gap__p2_secondary_DRESSING_WATER_STATUS_mean,0.0
retrospective,Cond2,joint_residual,gap__p2_secondary_DRESSING_WATER_STATUS_std,0.0
retrospective,Cond2,joint_residual,gap__p2_secondary_EDGE_AIR_BAG_PRESSURE_auc,0.0
retrospective,Cond2,joint_residual,gap__p2_secondary_EDGE_AIR_BAG_PRESSURE_mean,0.0
retrospective,Cond2,joint_residual,gap__p2_secondary_EDGE_AIR_BAG_PRESSURE_std,0.0
retrospective,Cond2,joint_residual,gap__p2_secondary_HEAD_ROTATION_mean,0.0
retrospective,Cond2,joint_residual,gap__p2_secondary_MAIN_OUTER_AIR_BAG_PRESSURE_auc,0.0
retrospective,Cond2,joint_residual,gap__p2_secondary_MAIN_OUTER_AIR_BAG_PRESSURE_mean,0.0
retrospective,Cond2,joint_residual,gap__p2_secondary_MAIN_OUTER_AIR_BAG_PRESSURE_std,0.0
retrospective,Cond2,joint_residual,gap__p2_secondary_PRESSURIZED_CHAMBER_PRESSURE_auc,0.0
retrospective,Cond2,joint_residual,gap__p2_secondary_PRESSURIZED_CHAMBER_PRESSURE_mean,0.0
retrospective,Cond2,joint_residual,gap__p2_secondary_PRESSURIZED_CHAMBER_PRESSURE_std,0.0
retrospective,Cond2,joint_residual,gap__p2_secondary_RETAINER_RING_PRESSURE_auc,0.0
retrospective,Cond2,joint_residual,gap__p2_secondary_RETAINER_RING_PRESSURE_mean,0.0
retrospective,Cond2,joint_residual,gap__p2_secondary_RETAINER_RING_PRESSURE_std,0.0
retrospective,Cond2,joint_residual,gap__p2_secondary_RIPPLE_AIR_BAG_PRESSURE_auc,0.0
retrospective,Cond2,joint_residual,gap__p2_secondary_RIPPLE_AIR_BAG_PRESSURE_mean,0.0
retrospective,Cond2,joint_residual,gap__p2_secondary_RIPPLE_AIR_BAG_PRESSURE_std,0.0
retrospective,Cond2,joint_residual,gap__p2_secondary_SLURRY_FLOW_LINE_A_auc,0.028493311637438536
retrospective,Cond2,joint_residual,gap__p2_secondary_SLURRY_FLOW_LINE_A_mean,0.0
retrospective,Cond2,joint_residual,gap__p2_secondary_SLURRY_FLOW_LINE_A_std,0.0
retrospective,Cond2,joint_residual,gap__p2_secondary_SLURRY_FLOW_LINE_B_auc,0.0
retrospective,Cond2,joint_residual,gap__p2_secondary_SLURRY_FLOW_LINE_B_mean,0.0
retrospective,Cond2,joint_residual,gap__p2_secondary_SLURRY_FLOW_LINE_B_std,0.0
retrospective,Cond2,joint_residual,gap__p2_secondary_SLURRY_FLOW_LINE_C_auc,0.0
retrospective,Cond2,joint_residual,gap__p2_secondary_SLURRY_FLOW_LINE_C_mean,0.0
retrospective,Cond2,joint_residual,gap__p2_secondary_SLURRY_FLOW_LINE_C_std,0.0
retrospective,Cond2,joint_residual,gap__p2_secondary_STAGE_ROTATION_mean,0.0
retrospective,Cond2,joint_residual,gap__p2_secondary_USAGE_OF_BACKING_FILM_decreasing,0.0
retrospective,Cond2,joint_residual,gap__p2_secondary_USAGE_OF_BACKING_FILM_mean,0.0
retrospective,Cond2,joint_residual,gap__p2_secondary_USAGE_OF_BACKING_FILM_std,0.0
retrospective,Cond2,joint_residual,gap__p2_secondary_USAGE_OF_DRESSER_TABLE_decreasing,0.0
retrospective,Cond2,joint_residual,gap__p2_secondary_USAGE_OF_DRESSER_TABLE_mean,0.0
retrospective,Cond2,joint_residual,gap__p2_secondary_USAGE_OF_DRESSER_TABLE_std,0.0
retrospective,Cond2,joint_residual,gap__p2_secondary_USAGE_OF_DRESSER_decreasing,0.0
retrospective,Cond2,joint_residual,gap__p2_secondary_USAGE_OF_DRESSER_mean,0.0
retrospective,Cond2,joint_residual,gap__p2_secondary_USAGE_OF_DRESSER_std,0.0
retrospective,Cond2,joint_residual,gap__p2_secondary_USAGE_OF_MEMBRANE_decreasing,0.0
retrospective,Cond2,joint_residual,gap__p2_secondary_USAGE_OF_MEMBRANE_mean,0.0
retrospective,Cond2,joint_residual,gap__p2_secondary_USAGE_OF_MEMBRANE_std,0.0
retrospective,Cond2,joint_residual,gap__p2_secondary_USAGE_OF_POLISHING_TABLE_decreasing,0.0
retrospective,Cond2,joint_residual,gap__p2_secondary_USAGE_OF_POLISHING_TABLE_mean,0.0
retrospective,Cond2,joint_residual,gap__p2_secondary_USAGE_OF_POLISHING_TABLE_std,0.0
retrospective,Cond2,joint_residual,gap__p2_secondary_USAGE_OF_PRESSURIZED_SHEET_decreasing,0.0
retrospective,Cond2,joint_residual,gap__p2_secondary_USAGE_OF_PRESSURIZED_SHEET_mean,0.0
retrospective,Cond2,joint_residual,gap__p2_secondary_USAGE_OF_PRESSURIZED_SHEET_std,0.0
retrospective,Cond2,joint_residual,gap__p2_secondary_WAFER_ROTATION_mean,0.0
retrospective,Cond2,joint_residual,gap__p2_secondary_duration,0.0
retrospective,Cond2,joint_residual,multi_primary_active_fraction,0.02983264984017892
retrospective,Cond2,joint_residual,multi_primary_active_point_fraction,0.0
retrospective,Cond2,joint_residual,multi_primary_active_time,0.01751138306285639
retrospective,Cond2,joint_residual,multi_primary_episode_count,0.0
retrospective,Cond2,joint_residual,multi_primary_episode_max,0.0
retrospective,Cond2,joint_residual,multi_primary_episode_median,0.005791742104500628
retrospective,Cond2,joint_residual,multi_primary_episode_min,0.00293615924609036
retrospective,Cond2,joint_residual,multi_primary_episode_std,0.0
retrospective,Cond2,joint_residual,multi_primary_inactive_time,0.07182681973559678
retrospective,Cond2,joint_residual,multi_primary_observed_time,0.0
retrospective,Cond2,joint_residual,multi_primary_pressure_integral,0.07960431613181217
retrospective,Cond2,joint_residual,multi_primary_pressure_mean,0.12821128558438358
retrospective,Cond2,joint_residual,multi_primary_pressure_rotation_proxy_integral,0.0068571777546635486
retrospective,Cond2,joint_residual,multi_primary_pressure_rotation_proxy_mean,0.0176248292855385
retrospective,Cond2,joint_residual,multi_primary_pressure_rotation_proxy_std,0.0
retrospective,Cond2,joint_residual,multi_primary_pressure_std,0.0
retrospective,Cond2,joint_residual,multi_primary_rotation_sum_integral,0.003459725738083125
retrospective,Cond2,joint_residual,multi_primary_rotation_sum_mean,0.0
retrospective,Cond2,joint_residual,multi_primary_rotation_sum_std,0.0074896552907335835
retrospective,Cond2,joint_residual,multi_primary_slurry_integral,2.82922559516121
retrospective,Cond2,joint_residual,multi_primary_slurry_mean,0.021174776770327003
retrospective,Cond2,joint_residual,multi_primary_slurry_std,0.0
retrospective,Cond2,joint_residual,multi_secondary_active_fraction,0.0
retrospective,Cond2,joint_residual,multi_secondary_active_point_fraction,0.015443891483419125
retrospective,Cond2,joint_residual,multi_secondary_active_time,0.0
retrospective,Cond2,joint_residual,multi_secondary_episode_count,0.0
retrospective,Cond2,joint_residual,multi_secondary_episode_max,0.0038577223512967526
retrospective,Cond2,joint_residual,multi_secondary_episode_median,0.0
retrospective,Cond2,joint_residual,multi_secondary_episode_min,0.0
retrospective,Cond2,joint_residual,multi_secondary_episode_std,0.015934713368948295
retrospective,Cond2,joint_residual,multi_secondary_inactive_time,0.0
retrospective,Cond2,joint_residual,multi_secondary_observed_time,0.0
retrospective,Cond2,joint_residual,multi_secondary_pressure_integral,0.10002434624370682
retrospective,Cond2,joint_residual,multi_secondary_pressure_mean,0.0
retrospective,Cond2,joint_residual,multi_secondary_pressure_rotation_proxy_integral,0.1454493852034397
retrospective,Cond2,joint_residual,multi_secondary_pressure_rotation_proxy_mean,0.0
retrospective,Cond2,joint_residual,multi_secondary_pressure_rotation_proxy_std,0.0
retrospective,Cond2,joint_residual,multi_secondary_pressure_std,0.03319909093876187
retrospective,Cond2,joint_residual,multi_secondary_rotation_sum_integral,0.00850338247138355
retrospective,Cond2,joint_residual,multi_secondary_rotation_sum_mean,0.0
retrospective,Cond2,joint_residual,multi_secondary_rotation_sum_std,0.033446401810600795
retrospective,Cond2,joint_residual,multi_secondary_slurry_integral,0.0
retrospective,Cond2,joint_residual,multi_secondary_slurry_mean,0.0
retrospective,Cond2,joint_residual,multi_secondary_slurry_std,0.0
retrospective,Cond2,joint_residual,phase__p2_primary_CENTER_AIR_BAG_PRESSURE_auc,0.0
retrospective,Cond2,joint_residual,phase__p2_primary_CENTER_AIR_BAG_PRESSURE_mean,0.004161885514116724
retrospective,Cond2,joint_residual,phase__p2_primary_CENTER_AIR_BAG_PRESSURE_std,0.0
retrospective,Cond2,joint_residual,phase__p2_primary_DRESSING_WATER_STATUS_auc,0.0
retrospective,Cond2,joint_residual,phase__p2_primary_DRESSING_WATER_STATUS_mean,0.0
retrospective,Cond2,joint_residual,phase__p2_primary_DRESSING_WATER_STATUS_std,0.0
retrospective,Cond2,joint_residual,phase__p2_primary_EDGE_AIR_BAG_PRESSURE_auc,0.0
retrospective,Cond2,joint_residual,phase__p2_primary_EDGE_AIR_BAG_PRESSURE_mean,0.01839318878115265
retrospective,Cond2,joint_residual,phase__p2_primary_EDGE_AIR_BAG_PRESSURE_std,0.004710466197490517
retrospective,Cond2,joint_residual,phase__p2_primary_HEAD_ROTATION_mean,0.14948657541235905
retrospective,Cond2,joint_residual,phase__p2_primary_MAIN_OUTER_AIR_BAG_PRESSURE_auc,0.0
retrospective,Cond2,joint_residual,phase__p2_primary_MAIN_OUTER_AIR_BAG_PRESSURE_mean,0.0
retrospective,Cond2,joint_residual,phase__p2_primary_MAIN_OUTER_AIR_BAG_PRESSURE_std,0.0
retrospective,Cond2,joint_residual,phase__p2_primary_PRESSURIZED_CHAMBER_PRESSURE_auc,0.0
retrospective,Cond2,joint_residual,phase__p2_primary_PRESSURIZED_CHAMBER_PRESSURE_mean,0.05838728972243465
retrospective,Cond2,joint_residual,phase__p2_primary_PRESSURIZED_CHAMBER_PRESSURE_std,0.0
retrospective,Cond2,joint_residual,phase__p2_primary_RETAINER_RING_PRESSURE_auc,0.0
retrospective,Cond2,joint_residual,phase__p2_primary_RETAINER_RING_PRESSURE_mean,0.006715905094659217
retrospective,Cond2,joint_residual,phase__p2_primary_RETAINER_RING_PRESSURE_std,0.012560081801009766
retrospective,Cond2,joint_residual,phase__p2_primary_RIPPLE_AIR_BAG_PRESSURE_auc,0.0
retrospective,Cond2,joint_residual,phase__p2_primary_RIPPLE_AIR_BAG_PRESSURE_mean,0.0
retrospective,Cond2,joint_residual,phase__p2_primary_RIPPLE_AIR_BAG_PRESSURE_std,0.0
retrospective,Cond2,joint_residual,phase__p2_primary_SLURRY_FLOW_LINE_A_auc,0.028787317570466653
retrospective,Cond2,joint_residual,phase__p2_primary_SLURRY_FLOW_LINE_A_mean,0.03384889432734828
retrospective,Cond2,joint_residual,phase__p2_primary_SLURRY_FLOW_LINE_A_std,0.07671482346113574
retrospective,Cond2,joint_residual,phase__p2_primary_SLURRY_FLOW_LINE_B_auc,0.0
retrospective,Cond2,joint_residual,phase__p2_primary_SLURRY_FLOW_LINE_B_mean,0.0
retrospective,Cond2,joint_residual,phase__p2_primary_SLURRY_FLOW_LINE_B_std,0.0
retrospective,Cond2,joint_residual,phase__p2_primary_SLURRY_FLOW_LINE_C_auc,0.015386743273284853
retrospective,Cond2,joint_residual,phase__p2_primary_SLURRY_FLOW_LINE_C_mean,0.0006684625875790072
retrospective,Cond2,joint_residual,phase__p2_primary_SLURRY_FLOW_LINE_C_std,0.1500356604062135
retrospective,Cond2,joint_residual,phase__p2_primary_STAGE_ROTATION_mean,0.0
retrospective,Cond2,joint_residual,phase__p2_primary_USAGE_OF_BACKING_FILM_decreasing,0.09520032903371363
retrospective,Cond2,joint_residual,phase__p2_primary_USAGE_OF_BACKING_FILM_mean,0.0
retrospective,Cond2,joint_residual,phase__p2_primary_USAGE_OF_BACKING_FILM_std,0.0
retrospective,Cond2,joint_residual,phase__p2_primary_USAGE_OF_DRESSER_TABLE_decreasing,0.0
retrospective,Cond2,joint_residual,phase__p2_primary_USAGE_OF_DRESSER_TABLE_mean,0.07789493611787579
retrospective,Cond2,joint_residual,phase__p2_primary_USAGE_OF_DRESSER_TABLE_std,0.0
retrospective,Cond2,joint_residual,phase__p2_primary_USAGE_OF_DRESSER_decreasing,0.031160583404929474
retrospective,Cond2,joint_residual,phase__p2_primary_USAGE_OF_DRESSER_mean,1.0036714935731854
retrospective,Cond2,joint_residual,phase__p2_primary_USAGE_OF_DRESSER_std,0.0
retrospective,Cond2,joint_residual,phase__p2_primary_USAGE_OF_MEMBRANE_decreasing,0.00802330131634041
retrospective,Cond2,joint_residual,phase__p2_primary_USAGE_OF_MEMBRANE_mean,0.0
retrospective,Cond2,joint_residual,phase__p2_primary_USAGE_OF_MEMBRANE_std,0.0
retrospective,Cond2,joint_residual,phase__p2_primary_USAGE_OF_POLISHING_TABLE_decreasing,0.061506573000191654
retrospective,Cond2,joint_residual,phase__p2_primary_USAGE_OF_POLISHING_TABLE_mean,0.04772349268904154
retrospective,Cond2,joint_residual,phase__p2_primary_USAGE_OF_POLISHING_TABLE_std,0.03490400439138677
retrospective,Cond2,joint_residual,phase__p2_primary_USAGE_OF_PRESSURIZED_SHEET_decreasing,0.00831827830488664
retrospective,Cond2,joint_residual,phase__p2_primary_USAGE_OF_PRESSURIZED_SHEET_mean,0.0
retrospective,Cond2,joint_residual,phase__p2_primary_USAGE_OF_PRESSURIZED_SHEET_std,0.0
retrospective,Cond2,joint_residual,phase__p2_primary_WAFER_ROTATION_mean,0.0
retrospective,Cond2,joint_residual,phase__p2_primary_duration,0.0
retrospective,Cond2,joint_residual,phase__p2_secondary_CENTER_AIR_BAG_PRESSURE_auc,0.0
retrospective,Cond2,joint_residual,phase__p2_secondary_CENTER_AIR_BAG_PRESSURE_mean,0.004933738231876742
retrospective,Cond2,joint_residual,phase__p2_secondary_CENTER_AIR_BAG_PRESSURE_std,0.0
retrospective,Cond2,joint_residual,phase__p2_secondary_DRESSING_WATER_STATUS_auc,0.0
retrospective,Cond2,joint_residual,phase__p2_secondary_DRESSING_WATER_STATUS_mean,0.0
retrospective,Cond2,joint_residual,phase__p2_secondary_DRESSING_WATER_STATUS_std,0.0
retrospective,Cond2,joint_residual,phase__p2_secondary_EDGE_AIR_BAG_PRESSURE_auc,0.0
retrospective,Cond2,joint_residual,phase__p2_secondary_EDGE_AIR_BAG_PRESSURE_mean,0.0
retrospective,Cond2,joint_residual,phase__p2_secondary_EDGE_AIR_BAG_PRESSURE_std,0.026127664286322926
retrospective,Cond2,joint_residual,phase__p2_secondary_HEAD_ROTATION_mean,0.005915054207230067
retrospective,Cond2,joint_residual,phase__p2_secondary_MAIN_OUTER_AIR_BAG_PRESSURE_auc,0.0
retrospective,Cond2,joint_residual,phase__p2_secondary_MAIN_OUTER_AIR_BAG_PRESSURE_mean,0.0
retrospective,Cond2,joint_residual,phase__p2_secondary_MAIN_OUTER_AIR_BAG_PRESSURE_std,0.0
retrospective,Cond2,joint_residual,phase__p2_secondary_PRESSURIZED_CHAMBER_PRESSURE_auc,0.0
retrospective,Cond2,joint_residual,phase__p2_secondary_PRESSURIZED_CHAMBER_PRESSURE_mean,0.009481292875134373
retrospective,Cond2,joint_residual,phase__p2_secondary_PRESSURIZED_CHAMBER_PRESSURE_std,0.0
retrospective,Cond2,joint_residual,phase__p2_secondary_RETAINER_RING_PRESSURE_auc,0.0
retrospective,Cond2,joint_residual,phase__p2_secondary_RETAINER_RING_PRESSURE_mean,0.02180592949552471
retrospective,Cond2,joint_residual,phase__p2_secondary_RETAINER_RING_PRESSURE_std,0.026830483972126225
retrospective,Cond2,joint_residual,phase__p2_secondary_RIPPLE_AIR_BAG_PRESSURE_auc,0.0
retrospective,Cond2,joint_residual,phase__p2_secondary_RIPPLE_AIR_BAG_PRESSURE_mean,0.0
retrospective,Cond2,joint_residual,phase__p2_secondary_RIPPLE_AIR_BAG_PRESSURE_std,0.01109889177049208
retrospective,Cond2,joint_residual,phase__p2_secondary_SLURRY_FLOW_LINE_A_auc,0.016532391442043666
retrospective,Cond2,joint_residual,phase__p2_secondary_SLURRY_FLOW_LINE_A_mean,0.039954995807978136
retrospective,Cond2,joint_residual,phase__p2_secondary_SLURRY_FLOW_LINE_A_std,0.047175945550848114
retrospective,Cond2,joint_residual,phase__p2_secondary_SLURRY_FLOW_LINE_B_auc,0.0
retrospective,Cond2,joint_residual,phase__p2_secondary_SLURRY_FLOW_LINE_B_mean,0.0
retrospective,Cond2,joint_residual,phase__p2_secondary_SLURRY_FLOW_LINE_B_std,0.0
retrospective,Cond2,joint_residual,phase__p2_secondary_SLURRY_FLOW_LINE_C_auc,0.0051182674342168406
retrospective,Cond2,joint_residual,phase__p2_secondary_SLURRY_FLOW_LINE_C_mean,0.030798934736200604
retrospective,Cond2,joint_residual,phase__p2_secondary_SLURRY_FLOW_LINE_C_std,0.0
retrospective,Cond2,joint_residual,phase__p2_secondary_STAGE_ROTATION_mean,0.0
retrospective,Cond2,joint_residual,phase__p2_secondary_USAGE_OF_BACKING_FILM_decreasing,0.010821635936750286
retrospective,Cond2,joint_residual,phase__p2_secondary_USAGE_OF_BACKING_FILM_mean,0.0
retrospective,Cond2,joint_residual,phase__p2_secondary_USAGE_OF_BACKING_FILM_std,0.03612057469846709
retrospective,Cond2,joint_residual,phase__p2_secondary_USAGE_OF_DRESSER_TABLE_decreasing,0.0
retrospective,Cond2,joint_residual,phase__p2_secondary_USAGE_OF_DRESSER_TABLE_mean,0.0
retrospective,Cond2,joint_residual,phase__p2_secondary_USAGE_OF_DRESSER_TABLE_std,0.0
retrospective,Cond2,joint_residual,phase__p2_secondary_USAGE_OF_DRESSER_decreasing,0.0
retrospective,Cond2,joint_residual,phase__p2_secondary_USAGE_OF_DRESSER_mean,0.1450606793042006
retrospective,Cond2,joint_residual,phase__p2_secondary_USAGE_OF_DRESSER_std,0.014058583553077061
retrospective,Cond2,joint_residual,phase__p2_secondary_USAGE_OF_MEMBRANE_decreasing,0.0
retrospective,Cond2,joint_residual,phase__p2_secondary_USAGE_OF_MEMBRANE_mean,0.0
retrospective,Cond2,joint_residual,phase__p2_secondary_USAGE_OF_MEMBRANE_std,0.0036991601480947556
retrospective,Cond2,joint_residual,phase__p2_secondary_USAGE_OF_POLISHING_TABLE_decreasing,0.0
retrospective,Cond2,joint_residual,phase__p2_secondary_USAGE_OF_POLISHING_TABLE_mean,0.42546885010132574
retrospective,Cond2,joint_residual,phase__p2_secondary_USAGE_OF_POLISHING_TABLE_std,0.0
retrospective,Cond2,joint_residual,phase__p2_secondary_USAGE_OF_PRESSURIZED_SHEET_decreasing,0.0
retrospective,Cond2,joint_residual,phase__p2_secondary_USAGE_OF_PRESSURIZED_SHEET_mean,0.0
retrospective,Cond2,joint_residual,phase__p2_secondary_USAGE_OF_PRESSURIZED_SHEET_std,0.0
retrospective,Cond2,joint_residual,phase__p2_secondary_WAFER_ROTATION_mean,0.0
retrospective,Cond2,joint_residual,phase__p2_secondary_duration,0.021934815492249418
retrospective,Cond2,joint_residual,qc_primary_ambiguous,0.0
retrospective,Cond2,joint_residual,qc_primary_episodes,0.0
retrospective,Cond2,joint_residual,qc_primary_fallback,0.0
retrospective,Cond2,joint_residual,qc_primary_max_gap,0.010970381199201027
retrospective,Cond2,joint_residual,qc_primary_missing,0.0
retrospective,Cond2,joint_residual,qc_primary_phase_duration,0.0
retrospective,Cond2,joint_residual,qc_primary_span,0.0
retrospective,Cond2,joint_residual,qc_secondary_ambiguous,0.0
retrospective,Cond2,joint_residual,qc_secondary_episodes,0.0
retrospective,Cond2,joint_residual,qc_secondary_fallback,0.0
retrospective,Cond2,joint_residual,qc_secondary_max_gap,0.0
retrospective,Cond2,joint_residual,qc_secondary_missing,0.0
retrospective,Cond2,joint_residual,qc_secondary_phase_duration,0.0
retrospective,Cond2,joint_residual,qc_secondary_span,0.0
retrospective,Cond3,base_direct,lag_1,0.5617836388278283
retrospective,Cond3,base_direct,lag_2,0.004924706112751441
retrospective,Cond3,base_direct,lag_3,0.24752300874206343
retrospective,Cond3,base_direct,lag_4,0.3447615619180839
retrospective,Cond3,base_direct,lag_5,0.9161368036581325
retrospective,Cond3,base_direct,lag_6,0.09190745888937213
retrospective,Cond3,base_direct,lag_7,0.9057523427403347
retrospective,Cond3,base_direct,lag_8,0.5288605089525454
retrospective,Cond3,base_direct,lag_9,0.4231765731481077
retrospective,Cond3,base_direct,lag_10,1.2227885982781919
retrospective,Cond3,base_direct,lag_11,0.8457285461968652
retrospective,Cond3,base_direct,neighbor_1,2.1094468549510905
retrospective,Cond3,base_direct,neighbor_2,4.198238099057903
retrospective,Cond3,base_direct,neighbor_3,1.777077434074809
retrospective,Cond3,base_direct,neighbor_4,6.536786375893751
retrospective,Cond3,base_direct,neighbor_5,3.2968829684906873
retrospective,Cond3,base_direct,neighbor_6,1.4959118294328395
retrospective,Cond3,base_direct,neighbor_7,1.7716000840699588
retrospective,Cond3,base_direct,neighbor_8,1.9559027519790346
retrospective,Cond3,base_direct,neighbor_9,1.6015746769590478
retrospective,Cond3,base_direct,neighbor_10,2.0260145951976356
retrospective,Cond3,base_direct,p2_primary_CENTER_AIR_BAG_PRESSURE_auc,0.0
retrospective,Cond3,base_direct,p2_primary_CENTER_AIR_BAG_PRESSURE_mean,0.0
retrospective,Cond3,base_direct,p2_primary_CENTER_AIR_BAG_PRESSURE_std,0.0
retrospective,Cond3,base_direct,p2_primary_DRESSING_WATER_STATUS_auc,0.34302160111515856
retrospective,Cond3,base_direct,p2_primary_DRESSING_WATER_STATUS_mean,0.1926972779967608
retrospective,Cond3,base_direct,p2_primary_DRESSING_WATER_STATUS_std,1.81741306744059
retrospective,Cond3,base_direct,p2_primary_EDGE_AIR_BAG_PRESSURE_auc,0.0
retrospective,Cond3,base_direct,p2_primary_EDGE_AIR_BAG_PRESSURE_mean,0.0
retrospective,Cond3,base_direct,p2_primary_EDGE_AIR_BAG_PRESSURE_std,0.0
retrospective,Cond3,base_direct,p2_primary_HEAD_ROTATION_mean,0.9819015472855258
retrospective,Cond3,base_direct,p2_primary_MAIN_OUTER_AIR_BAG_PRESSURE_auc,0.017637806224025606
retrospective,Cond3,base_direct,p2_primary_MAIN_OUTER_AIR_BAG_PRESSURE_mean,0.0
retrospective,Cond3,base_direct,p2_primary_MAIN_OUTER_AIR_BAG_PRESSURE_std,0.0
retrospective,Cond3,base_direct,p2_primary_PRESSURIZED_CHAMBER_PRESSURE_auc,0.21832367663419158
retrospective,Cond3,base_direct,p2_primary_PRESSURIZED_CHAMBER_PRESSURE_mean,0.0
retrospective,Cond3,base_direct,p2_primary_PRESSURIZED_CHAMBER_PRESSURE_std,0.06749573136295875
retrospective,Cond3,base_direct,p2_primary_RETAINER_RING_PRESSURE_auc,0.0
retrospective,Cond3,base_direct,p2_primary_RETAINER_RING_PRESSURE_mean,0.0
retrospective,Cond3,base_direct,p2_primary_RETAINER_RING_PRESSURE_std,2.4777406602895975
retrospective,Cond3,base_direct,p2_primary_RIPPLE_AIR_BAG_PRESSURE_auc,0.0
retrospective,Cond3,base_direct,p2_primary_RIPPLE_AIR_BAG_PRESSURE_mean,0.0
retrospective,Cond3,base_direct,p2_primary_RIPPLE_AIR_BAG_PRESSURE_std,0.07319721236640576
retrospective,Cond3,base_direct,p2_primary_SLURRY_FLOW_LINE_A_auc,0.7027571810629031
retrospective,Cond3,base_direct,p2_primary_SLURRY_FLOW_LINE_A_mean,0.032518460248398245
retrospective,Cond3,base_direct,p2_primary_SLURRY_FLOW_LINE_A_std,0.06973164290979136
retrospective,Cond3,base_direct,p2_primary_SLURRY_FLOW_LINE_B_auc,0.386775370245877
retrospective,Cond3,base_direct,p2_primary_SLURRY_FLOW_LINE_B_mean,0.9856185467084358
retrospective,Cond3,base_direct,p2_primary_SLURRY_FLOW_LINE_B_std,0.001903224694077575
retrospective,Cond3,base_direct,p2_primary_SLURRY_FLOW_LINE_C_auc,0.0
retrospective,Cond3,base_direct,p2_primary_SLURRY_FLOW_LINE_C_mean,0.0
retrospective,Cond3,base_direct,p2_primary_SLURRY_FLOW_LINE_C_std,0.03874662962591894
retrospective,Cond3,base_direct,p2_primary_STAGE_ROTATION_mean,0.12010866193893435
retrospective,Cond3,base_direct,p2_primary_USAGE_OF_BACKING_FILM_decreasing,0.4695246819665051
retrospective,Cond3,base_direct,p2_primary_USAGE_OF_BACKING_FILM_mean,2.4753609849722316
retrospective,Cond3,base_direct,p2_primary_USAGE_OF_BACKING_FILM_std,0.07195998143113622
retrospective,Cond3,base_direct,p2_primary_USAGE_OF_DRESSER_TABLE_decreasing,0.1663732037280651
retrospective,Cond3,base_direct,p2_primary_USAGE_OF_DRESSER_TABLE_mean,19.031163196674477
retrospective,Cond3,base_direct,p2_primary_USAGE_OF_DRESSER_TABLE_std,0.0
retrospective,Cond3,base_direct,p2_primary_USAGE_OF_DRESSER_decreasing,0.10851062881717013
retrospective,Cond3,base_direct,p2_primary_USAGE_OF_DRESSER_mean,4.01615006007165
retrospective,Cond3,base_direct,p2_primary_USAGE_OF_DRESSER_std,0.41228284684060146
retrospective,Cond3,base_direct,p2_primary_USAGE_OF_MEMBRANE_decreasing,0.04513870383913223
retrospective,Cond3,base_direct,p2_primary_USAGE_OF_MEMBRANE_mean,0.0
retrospective,Cond3,base_direct,p2_primary_USAGE_OF_MEMBRANE_std,0.23937500012701687
retrospective,Cond3,base_direct,p2_primary_USAGE_OF_POLISHING_TABLE_decreasing,0.605788709468855
retrospective,Cond3,base_direct,p2_primary_USAGE_OF_POLISHING_TABLE_mean,3.2445526038735233
retrospective,Cond3,base_direct,p2_primary_USAGE_OF_POLISHING_TABLE_std,0.5887498310400715
retrospective,Cond3,base_direct,p2_primary_USAGE_OF_PRESSURIZED_SHEET_decreasing,0.0
retrospective,Cond3,base_direct,p2_primary_USAGE_OF_PRESSURIZED_SHEET_mean,0.0
retrospective,Cond3,base_direct,p2_primary_USAGE_OF_PRESSURIZED_SHEET_std,0.38024797051456116
retrospective,Cond3,base_direct,p2_primary_WAFER_ROTATION_mean,0.14334112167075921
retrospective,Cond3,base_direct,p2_primary_duration,0.7852687022251464
retrospective,Cond3,base_direct,p2_secondary_CENTER_AIR_BAG_PRESSURE_auc,0.0
retrospective,Cond3,base_direct,p2_secondary_CENTER_AIR_BAG_PRESSURE_mean,0.0
retrospective,Cond3,base_direct,p2_secondary_CENTER_AIR_BAG_PRESSURE_std,0.0
retrospective,Cond3,base_direct,p2_secondary_DRESSING_WATER_STATUS_auc,0.3197966195739885
retrospective,Cond3,base_direct,p2_secondary_DRESSING_WATER_STATUS_mean,0.6061638040119706
retrospective,Cond3,base_direct,p2_secondary_DRESSING_WATER_STATUS_std,0.8574577595679643
retrospective,Cond3,base_direct,p2_secondary_EDGE_AIR_BAG_PRESSURE_auc,0.0
retrospective,Cond3,base_direct,p2_secondary_EDGE_AIR_BAG_PRESSURE_mean,0.0
retrospective,Cond3,base_direct,p2_secondary_EDGE_AIR_BAG_PRESSURE_std,0.0
retrospective,Cond3,base_direct,p2_secondary_HEAD_ROTATION_mean,2.1394907605727544
retrospective,Cond3,base_direct,p2_secondary_MAIN_OUTER_AIR_BAG_PRESSURE_auc,0.0
retrospective,Cond3,base_direct,p2_secondary_MAIN_OUTER_AIR_BAG_PRESSURE_mean,0.04784845790527684
retrospective,Cond3,base_direct,p2_secondary_MAIN_OUTER_AIR_BAG_PRESSURE_std,0.0
retrospective,Cond3,base_direct,p2_secondary_PRESSURIZED_CHAMBER_PRESSURE_auc,0.0
retrospective,Cond3,base_direct,p2_secondary_PRESSURIZED_CHAMBER_PRESSURE_mean,0.1360878789217791
retrospective,Cond3,base_direct,p2_secondary_PRESSURIZED_CHAMBER_PRESSURE_std,0.0
retrospective,Cond3,base_direct,p2_secondary_RETAINER_RING_PRESSURE_auc,0.3889723886781976
retrospective,Cond3,base_direct,p2_secondary_RETAINER_RING_PRESSURE_mean,0.19676919628672468
retrospective,Cond3,base_direct,p2_secondary_RETAINER_RING_PRESSURE_std,0.0
retrospective,Cond3,base_direct,p2_secondary_RIPPLE_AIR_BAG_PRESSURE_auc,0.007329432519686641
retrospective,Cond3,base_direct,p2_secondary_RIPPLE_AIR_BAG_PRESSURE_mean,0.0
retrospective,Cond3,base_direct,p2_secondary_RIPPLE_AIR_BAG_PRESSURE_std,0.0
retrospective,Cond3,base_direct,p2_secondary_SLURRY_FLOW_LINE_A_auc,0.0
retrospective,Cond3,base_direct,p2_secondary_SLURRY_FLOW_LINE_A_mean,0.007449538498666426
retrospective,Cond3,base_direct,p2_secondary_SLURRY_FLOW_LINE_A_std,0.0
retrospective,Cond3,base_direct,p2_secondary_SLURRY_FLOW_LINE_B_auc,1.4757442451599787
retrospective,Cond3,base_direct,p2_secondary_SLURRY_FLOW_LINE_B_mean,0.07973055969505533
retrospective,Cond3,base_direct,p2_secondary_SLURRY_FLOW_LINE_B_std,0.0
retrospective,Cond3,base_direct,p2_secondary_SLURRY_FLOW_LINE_C_auc,0.0
retrospective,Cond3,base_direct,p2_secondary_SLURRY_FLOW_LINE_C_mean,0.0
retrospective,Cond3,base_direct,p2_secondary_SLURRY_FLOW_LINE_C_std,0.0
retrospective,Cond3,base_direct,p2_secondary_STAGE_ROTATION_mean,0.2232257120230281
retrospective,Cond3,base_direct,p2_secondary_USAGE_OF_BACKING_FILM_decreasing,0.12885208195676942
retrospective,Cond3,base_direct,p2_secondary_USAGE_OF_BACKING_FILM_mean,1.3071065465278286
retrospective,Cond3,base_direct,p2_secondary_USAGE_OF_BACKING_FILM_std,0.0
retrospective,Cond3,base_direct,p2_secondary_USAGE_OF_DRESSER_TABLE_decreasing,0.045306202366202065
retrospective,Cond3,base_direct,p2_secondary_USAGE_OF_DRESSER_TABLE_mean,1.0160077457118426
retrospective,Cond3,base_direct,p2_secondary_USAGE_OF_DRESSER_TABLE_std,0.0
retrospective,Cond3,base_direct,p2_secondary_USAGE_OF_DRESSER_decreasing,0.0
retrospective,Cond3,base_direct,p2_secondary_USAGE_OF_DRESSER_mean,12.761146441271682
retrospective,Cond3,base_direct,p2_secondary_USAGE_OF_DRESSER_std,0.38321472160245634
retrospective,Cond3,base_direct,p2_secondary_USAGE_OF_MEMBRANE_decreasing,1.1414359132221823
retrospective,Cond3,base_direct,p2_secondary_USAGE_OF_MEMBRANE_mean,0.0
retrospective,Cond3,base_direct,p2_secondary_USAGE_OF_MEMBRANE_std,0.0
retrospective,Cond3,base_direct,p2_secondary_USAGE_OF_POLISHING_TABLE_decreasing,0.3742460760838532
retrospective,Cond3,base_direct,p2_secondary_USAGE_OF_POLISHING_TABLE_mean,1.1256375294982643
retrospective,Cond3,base_direct,p2_secondary_USAGE_OF_POLISHING_TABLE_std,0.30318094164203013
retrospective,Cond3,base_direct,p2_secondary_USAGE_OF_PRESSURIZED_SHEET_decreasing,0.0
retrospective,Cond3,base_direct,p2_secondary_USAGE_OF_PRESSURIZED_SHEET_mean,0.0
retrospective,Cond3,base_direct,p2_secondary_USAGE_OF_PRESSURIZED_SHEET_std,0.0
retrospective,Cond3,base_direct,p2_secondary_WAFER_ROTATION_mean,0.645262317544342
retrospective,Cond3,base_direct,p2_secondary_duration,0.10838118617601657
retrospective,Cond3,joint_direct,lag_1,0.5910270497631844
retrospective,Cond3,joint_direct,lag_2,0.0005456306079289363
retrospective,Cond3,joint_direct,lag_3,0.07197310830004174
retrospective,Cond3,joint_direct,lag_4,0.10363948130885706
retrospective,Cond3,joint_direct,lag_5,0.3669846329123359
retrospective,Cond3,joint_direct,lag_6,0.0001572679713069127
retrospective,Cond3,joint_direct,lag_7,0.9964488817948811
retrospective,Cond3,joint_direct,lag_8,0.45243292988974887
retrospective,Cond3,joint_direct,lag_9,0.0
retrospective,Cond3,joint_direct,lag_10,0.49877967999935513
retrospective,Cond3,joint_direct,lag_11,0.46109726424533387
retrospective,Cond3,joint_direct,neighbor_1,3.2002117668986028
retrospective,Cond3,joint_direct,neighbor_2,2.482416713599926
retrospective,Cond3,joint_direct,neighbor_3,1.5989299451544825
retrospective,Cond3,joint_direct,neighbor_4,5.62680658332038
retrospective,Cond3,joint_direct,neighbor_5,1.123810632725613
retrospective,Cond3,joint_direct,neighbor_6,0.24110992255109887
retrospective,Cond3,joint_direct,neighbor_7,1.6324422423964242
retrospective,Cond3,joint_direct,neighbor_8,0.040804116853488205
retrospective,Cond3,joint_direct,neighbor_9,0.7053660991428843
retrospective,Cond3,joint_direct,neighbor_10,2.3041194108059813
retrospective,Cond3,joint_direct,p2_primary_CENTER_AIR_BAG_PRESSURE_auc,0.0
retrospective,Cond3,joint_direct,p2_primary_CENTER_AIR_BAG_PRESSURE_mean,0.0
retrospective,Cond3,joint_direct,p2_primary_CENTER_AIR_BAG_PRESSURE_std,0.0
retrospective,Cond3,joint_direct,p2_primary_DRESSING_WATER_STATUS_auc,0.15430507630116214
retrospective,Cond3,joint_direct,p2_primary_DRESSING_WATER_STATUS_mean,0.0
retrospective,Cond3,joint_direct,p2_primary_DRESSING_WATER_STATUS_std,1.4473072533264684
retrospective,Cond3,joint_direct,p2_primary_EDGE_AIR_BAG_PRESSURE_auc,0.0
retrospective,Cond3,joint_direct,p2_primary_EDGE_AIR_BAG_PRESSURE_mean,0.0
retrospective,Cond3,joint_direct,p2_primary_EDGE_AIR_BAG_PRESSURE_std,0.0
retrospective,Cond3,joint_direct,p2_primary_HEAD_ROTATION_mean,0.14025708181065288
retrospective,Cond3,joint_direct,p2_primary_MAIN_OUTER_AIR_BAG_PRESSURE_auc,0.0
retrospective,Cond3,joint_direct,p2_primary_MAIN_OUTER_AIR_BAG_PRESSURE_mean,0.0
retrospective,Cond3,joint_direct,p2_primary_MAIN_OUTER_AIR_BAG_PRESSURE_std,0.039139233425039895
retrospective,Cond3,joint_direct,p2_primary_PRESSURIZED_CHAMBER_PRESSURE_auc,0.0
retrospective,Cond3,joint_direct,p2_primary_PRESSURIZED_CHAMBER_PRESSURE_mean,0.0
retrospective,Cond3,joint_direct,p2_primary_PRESSURIZED_CHAMBER_PRESSURE_std,0.0
retrospective,Cond3,joint_direct,p2_primary_RETAINER_RING_PRESSURE_auc,0.0
retrospective,Cond3,joint_direct,p2_primary_RETAINER_RING_PRESSURE_mean,0.0
retrospective,Cond3,joint_direct,p2_primary_RETAINER_RING_PRESSURE_std,2.8370223382755095
retrospective,Cond3,joint_direct,p2_primary_RIPPLE_AIR_BAG_PRESSURE_auc,0.0
retrospective,Cond3,joint_direct,p2_primary_RIPPLE_AIR_BAG_PRESSURE_mean,0.0
retrospective,Cond3,joint_direct,p2_primary_RIPPLE_AIR_BAG_PRESSURE_std,0.06352670176910714
retrospective,Cond3,joint_direct,p2_primary_SLURRY_FLOW_LINE_A_auc,0.3159532066106778
retrospective,Cond3,joint_direct,p2_primary_SLURRY_FLOW_LINE_A_mean,0.010515811401697854
retrospective,Cond3,joint_direct,p2_primary_SLURRY_FLOW_LINE_A_std,0.0
retrospective,Cond3,joint_direct,p2_primary_SLURRY_FLOW_LINE_B_auc,0.04145597298444172
retrospective,Cond3,joint_direct,p2_primary_SLURRY_FLOW_LINE_B_mean,0.0751960706422732
retrospective,Cond3,joint_direct,p2_primary_SLURRY_FLOW_LINE_B_std,0.19188450375527114
retrospective,Cond3,joint_direct,p2_primary_SLURRY_FLOW_LINE_C_auc,0.0
retrospective,Cond3,joint_direct,p2_primary_SLURRY_FLOW_LINE_C_mean,0.0
retrospective,Cond3,joint_direct,p2_primary_SLURRY_FLOW_LINE_C_std,0.0
retrospective,Cond3,joint_direct,p2_primary_STAGE_ROTATION_mean,0.0
retrospective,Cond3,joint_direct,p2_primary_USAGE_OF_BACKING_FILM_decreasing,0.6356105612324503
retrospective,Cond3,joint_direct,p2_primary_USAGE_OF_BACKING_FILM_mean,1.270367214600595
retrospective,Cond3,joint_direct,p2_primary_USAGE_OF_BACKING_FILM_std,0.11179796751572331
retrospective,Cond3,joint_direct,p2_primary_USAGE_OF_DRESSER_TABLE_decreasing,0.11218446757058327
retrospective,Cond3,joint_direct,p2_primary_USAGE_OF_DRESSER_TABLE_mean,23.17807444729591
retrospective,Cond3,joint_direct,p2_primary_USAGE_OF_DRESSER_TABLE_std,0.0
retrospective,Cond3,joint_direct,p2_primary_USAGE_OF_DRESSER_decreasing,0.00035860224274355753
retrospective,Cond3,joint_direct,p2_primary_USAGE_OF_DRESSER_mean,1.5100612532829647
retrospective,Cond3,joint_direct,p2_primary_USAGE_OF_DRESSER_std,0.0
retrospective,Cond3,joint_direct,p2_primary_USAGE_OF_MEMBRANE_decreasing,0.058552265319646385
retrospective,Cond3,joint_direct,p2_primary_USAGE_OF_MEMBRANE_mean,0.0
retrospective,Cond3,joint_direct,p2_primary_USAGE_OF_MEMBRANE_std,0.0
retrospective,Cond3,joint_direct,p2_primary_USAGE_OF_POLISHING_TABLE_decreasing,0.06703158968716338
retrospective,Cond3,joint_direct,p2_primary_USAGE_OF_POLISHING_TABLE_mean,0.2885858755673493
retrospective,Cond3,joint_direct,p2_primary_USAGE_OF_POLISHING_TABLE_std,0.1946417279421985
retrospective,Cond3,joint_direct,p2_primary_USAGE_OF_PRESSURIZED_SHEET_decreasing,0.0029964472243723707
retrospective,Cond3,joint_direct,p2_primary_USAGE_OF_PRESSURIZED_SHEET_mean,0.0
retrospective,Cond3,joint_direct,p2_primary_USAGE_OF_PRESSURIZED_SHEET_std,0.3688450541057513
retrospective,Cond3,joint_direct,p2_primary_WAFER_ROTATION_mean,0.144507548097364
retrospective,Cond3,joint_direct,p2_primary_duration,0.4043493204095649
retrospective,Cond3,joint_direct,p2_secondary_CENTER_AIR_BAG_PRESSURE_auc,0.0
retrospective,Cond3,joint_direct,p2_secondary_CENTER_AIR_BAG_PRESSURE_mean,0.0
retrospective,Cond3,joint_direct,p2_secondary_CENTER_AIR_BAG_PRESSURE_std,0.0
retrospective,Cond3,joint_direct,p2_secondary_DRESSING_WATER_STATUS_auc,0.6649528442943429
retrospective,Cond3,joint_direct,p2_secondary_DRESSING_WATER_STATUS_mean,0.0
retrospective,Cond3,joint_direct,p2_secondary_DRESSING_WATER_STATUS_std,0.2277767177948442
retrospective,Cond3,joint_direct,p2_secondary_EDGE_AIR_BAG_PRESSURE_auc,0.0
retrospective,Cond3,joint_direct,p2_secondary_EDGE_AIR_BAG_PRESSURE_mean,0.08674999962654903
retrospective,Cond3,joint_direct,p2_secondary_EDGE_AIR_BAG_PRESSURE_std,0.0
retrospective,Cond3,joint_direct,p2_secondary_HEAD_ROTATION_mean,0.7972596691632754
retrospective,Cond3,joint_direct,p2_secondary_MAIN_OUTER_AIR_BAG_PRESSURE_auc,0.0
retrospective,Cond3,joint_direct,p2_secondary_MAIN_OUTER_AIR_BAG_PRESSURE_mean,0.0
retrospective,Cond3,joint_direct,p2_secondary_MAIN_OUTER_AIR_BAG_PRESSURE_std,0.0
retrospective,Cond3,joint_direct,p2_secondary_PRESSURIZED_CHAMBER_PRESSURE_auc,0.0
retrospective,Cond3,joint_direct,p2_secondary_PRESSURIZED_CHAMBER_PRESSURE_mean,0.0
retrospective,Cond3,joint_direct,p2_secondary_PRESSURIZED_CHAMBER_PRESSURE_std,0.0
retrospective,Cond3,joint_direct,p2_secondary_RETAINER_RING_PRESSURE_auc,0.42256602123705544
retrospective,Cond3,joint_direct,p2_secondary_RETAINER_RING_PRESSURE_mean,0.0
retrospective,Cond3,joint_direct,p2_secondary_RETAINER_RING_PRESSURE_std,0.0
retrospective,Cond3,joint_direct,p2_secondary_RIPPLE_AIR_BAG_PRESSURE_auc,0.0
retrospective,Cond3,joint_direct,p2_secondary_RIPPLE_AIR_BAG_PRESSURE_mean,0.0
retrospective,Cond3,joint_direct,p2_secondary_RIPPLE_AIR_BAG_PRESSURE_std,0.0
retrospective,Cond3,joint_direct,p2_secondary_SLURRY_FLOW_LINE_A_auc,0.0
retrospective,Cond3,joint_direct,p2_secondary_SLURRY_FLOW_LINE_A_mean,0.0
retrospective,Cond3,joint_direct,p2_secondary_SLURRY_FLOW_LINE_A_std,0.0
retrospective,Cond3,joint_direct,p2_secondary_SLURRY_FLOW_LINE_B_auc,0.0
retrospective,Cond3,joint_direct,p2_secondary_SLURRY_FLOW_LINE_B_mean,0.0
retrospective,Cond3,joint_direct,p2_secondary_SLURRY_FLOW_LINE_B_std,0.0
retrospective,Cond3,joint_direct,p2_secondary_SLURRY_FLOW_LINE_C_auc,0.0
retrospective,Cond3,joint_direct,p2_secondary_SLURRY_FLOW_LINE_C_mean,0.0
retrospective,Cond3,joint_direct,p2_secondary_SLURRY_FLOW_LINE_C_std,0.0
retrospective,Cond3,joint_direct,p2_secondary_STAGE_ROTATION_mean,0.37880371938970325
retrospective,Cond3,joint_direct,p2_secondary_USAGE_OF_BACKING_FILM_decreasing,0.0
retrospective,Cond3,joint_direct,p2_secondary_USAGE_OF_BACKING_FILM_mean,2.637787420008847
retrospective,Cond3,joint_direct,p2_secondary_USAGE_OF_BACKING_FILM_std,0.0
retrospective,Cond3,joint_direct,p2_secondary_USAGE_OF_DRESSER_TABLE_decreasing,0.0
retrospective,Cond3,joint_direct,p2_secondary_USAGE_OF_DRESSER_TABLE_mean,0.0
retrospective,Cond3,joint_direct,p2_secondary_USAGE_OF_DRESSER_TABLE_std,0.0
retrospective,Cond3,joint_direct,p2_secondary_USAGE_OF_DRESSER_decreasing,0.0
retrospective,Cond3,joint_direct,p2_secondary_USAGE_OF_DRESSER_mean,9.246793917017685
retrospective,Cond3,joint_direct,p2_secondary_USAGE_OF_DRESSER_std,0.3685893975787492
retrospective,Cond3,joint_direct,p2_secondary_USAGE_OF_MEMBRANE_decreasing,0.07057168412708167
retrospective,Cond3,joint_direct,p2_secondary_USAGE_OF_MEMBRANE_mean,0.0
retrospective,Cond3,joint_direct,p2_secondary_USAGE_OF_MEMBRANE_std,0.0
retrospective,Cond3,joint_direct,p2_secondary_USAGE_OF_POLISHING_TABLE_decreasing,0.08956436132289199
retrospective,Cond3,joint_direct,p2_secondary_USAGE_OF_POLISHING_TABLE_mean,0.07731234761784371
retrospective,Cond3,joint_direct,p2_secondary_USAGE_OF_POLISHING_TABLE_std,0.1220209789563717
retrospective,Cond3,joint_direct,p2_secondary_USAGE_OF_PRESSURIZED_SHEET_decreasing,0.0
retrospective,Cond3,joint_direct,p2_secondary_USAGE_OF_PRESSURIZED_SHEET_mean,0.0
retrospective,Cond3,joint_direct,p2_secondary_USAGE_OF_PRESSURIZED_SHEET_std,0.0
retrospective,Cond3,joint_direct,p2_secondary_WAFER_ROTATION_mean,0.31940522877281674
retrospective,Cond3,joint_direct,p2_secondary_duration,0.1302898390422729
retrospective,Cond3,joint_direct,history_summary_0,0.0006589283499952426
retrospective,Cond3,joint_direct,history_summary_1,0.0
retrospective,Cond3,joint_direct,history_summary_2,0.0
retrospective,Cond3,joint_direct,history_summary_3,5.823580405794448
retrospective,Cond3,joint_direct,history_summary_4,0.0
retrospective,Cond3,joint_direct,history_summary_5,4.590169906581034
retrospective,Cond3,joint_direct,history_summary_6,4.114447162855838
retrospective,Cond3,joint_direct,history_summary_7,0.0
retrospective,Cond3,joint_direct,history_summary_8,0.340497344873837
retrospective,Cond3,joint_direct,history_summary_9,1.5537093458378621
retrospective,Cond3,joint_direct,gap__p2_primary_CENTER_AIR_BAG_PRESSURE_auc,0.0
retrospective,Cond3,joint_direct,gap__p2_primary_CENTER_AIR_BAG_PRESSURE_mean,0.0
retrospective,Cond3,joint_direct,gap__p2_primary_CENTER_AIR_BAG_PRESSURE_std,0.0
retrospective,Cond3,joint_direct,gap__p2_primary_DRESSING_WATER_STATUS_auc,0.0
retrospective,Cond3,joint_direct,gap__p2_primary_DRESSING_WATER_STATUS_mean,0.0
retrospective,Cond3,joint_direct,gap__p2_primary_DRESSING_WATER_STATUS_std,0.0
retrospective,Cond3,joint_direct,gap__p2_primary_EDGE_AIR_BAG_PRESSURE_auc,0.0
retrospective,Cond3,joint_direct,gap__p2_primary_EDGE_AIR_BAG_PRESSURE_mean,0.0
retrospective,Cond3,joint_direct,gap__p2_primary_EDGE_AIR_BAG_PRESSURE_std,0.0
retrospective,Cond3,joint_direct,gap__p2_primary_HEAD_ROTATION_mean,0.0
retrospective,Cond3,joint_direct,gap__p2_primary_MAIN_OUTER_AIR_BAG_PRESSURE_auc,0.0
retrospective,Cond3,joint_direct,gap__p2_primary_MAIN_OUTER_AIR_BAG_PRESSURE_mean,0.0
retrospective,Cond3,joint_direct,gap__p2_primary_MAIN_OUTER_AIR_BAG_PRESSURE_std,0.0
retrospective,Cond3,joint_direct,gap__p2_primary_PRESSURIZED_CHAMBER_PRESSURE_auc,0.0
retrospective,Cond3,joint_direct,gap__p2_primary_PRESSURIZED_CHAMBER_PRESSURE_mean,0.0
retrospective,Cond3,joint_direct,gap__p2_primary_PRESSURIZED_CHAMBER_PRESSURE_std,0.0
retrospective,Cond3,joint_direct,gap__p2_primary_RETAINER_RING_PRESSURE_auc,0.0
retrospective,Cond3,joint_direct,gap__p2_primary_RETAINER_RING_PRESSURE_mean,0.0
retrospective,Cond3,joint_direct,gap__p2_primary_RETAINER_RING_PRESSURE_std,0.0
retrospective,Cond3,joint_direct,gap__p2_primary_RIPPLE_AIR_BAG_PRESSURE_auc,0.0
retrospective,Cond3,joint_direct,gap__p2_primary_RIPPLE_AIR_BAG_PRESSURE_mean,0.0
retrospective,Cond3,joint_direct,gap__p2_primary_RIPPLE_AIR_BAG_PRESSURE_std,0.0
retrospective,Cond3,joint_direct,gap__p2_primary_SLURRY_FLOW_LINE_A_auc,0.0
retrospective,Cond3,joint_direct,gap__p2_primary_SLURRY_FLOW_LINE_A_mean,0.0
retrospective,Cond3,joint_direct,gap__p2_primary_SLURRY_FLOW_LINE_A_std,0.0
retrospective,Cond3,joint_direct,gap__p2_primary_SLURRY_FLOW_LINE_B_auc,0.0
retrospective,Cond3,joint_direct,gap__p2_primary_SLURRY_FLOW_LINE_B_mean,0.0
retrospective,Cond3,joint_direct,gap__p2_primary_SLURRY_FLOW_LINE_B_std,0.0
retrospective,Cond3,joint_direct,gap__p2_primary_SLURRY_FLOW_LINE_C_auc,0.0
retrospective,Cond3,joint_direct,gap__p2_primary_SLURRY_FLOW_LINE_C_mean,0.0
retrospective,Cond3,joint_direct,gap__p2_primary_SLURRY_FLOW_LINE_C_std,0.0
retrospective,Cond3,joint_direct,gap__p2_primary_STAGE_ROTATION_mean,0.0
retrospective,Cond3,joint_direct,gap__p2_primary_USAGE_OF_BACKING_FILM_decreasing,0.0
retrospective,Cond3,joint_direct,gap__p2_primary_USAGE_OF_BACKING_FILM_mean,0.0
retrospective,Cond3,joint_direct,gap__p2_primary_USAGE_OF_BACKING_FILM_std,0.0
retrospective,Cond3,joint_direct,gap__p2_primary_USAGE_OF_DRESSER_TABLE_decreasing,0.0
retrospective,Cond3,joint_direct,gap__p2_primary_USAGE_OF_DRESSER_TABLE_mean,0.0
retrospective,Cond3,joint_direct,gap__p2_primary_USAGE_OF_DRESSER_TABLE_std,0.0
retrospective,Cond3,joint_direct,gap__p2_primary_USAGE_OF_DRESSER_decreasing,0.0
retrospective,Cond3,joint_direct,gap__p2_primary_USAGE_OF_DRESSER_mean,0.0
retrospective,Cond3,joint_direct,gap__p2_primary_USAGE_OF_DRESSER_std,0.0
retrospective,Cond3,joint_direct,gap__p2_primary_USAGE_OF_MEMBRANE_decreasing,0.0
retrospective,Cond3,joint_direct,gap__p2_primary_USAGE_OF_MEMBRANE_mean,0.0
retrospective,Cond3,joint_direct,gap__p2_primary_USAGE_OF_MEMBRANE_std,0.0
retrospective,Cond3,joint_direct,gap__p2_primary_USAGE_OF_POLISHING_TABLE_decreasing,0.0
retrospective,Cond3,joint_direct,gap__p2_primary_USAGE_OF_POLISHING_TABLE_mean,0.0
retrospective,Cond3,joint_direct,gap__p2_primary_USAGE_OF_POLISHING_TABLE_std,0.0
retrospective,Cond3,joint_direct,gap__p2_primary_USAGE_OF_PRESSURIZED_SHEET_decreasing,0.0
retrospective,Cond3,joint_direct,gap__p2_primary_USAGE_OF_PRESSURIZED_SHEET_mean,0.0
retrospective,Cond3,joint_direct,gap__p2_primary_USAGE_OF_PRESSURIZED_SHEET_std,0.0
retrospective,Cond3,joint_direct,gap__p2_primary_WAFER_ROTATION_mean,0.0
retrospective,Cond3,joint_direct,gap__p2_primary_duration,0.0
retrospective,Cond3,joint_direct,gap__p2_secondary_CENTER_AIR_BAG_PRESSURE_auc,0.0
retrospective,Cond3,joint_direct,gap__p2_secondary_CENTER_AIR_BAG_PRESSURE_mean,0.0
retrospective,Cond3,joint_direct,gap__p2_secondary_CENTER_AIR_BAG_PRESSURE_std,0.0
retrospective,Cond3,joint_direct,gap__p2_secondary_DRESSING_WATER_STATUS_auc,0.0
retrospective,Cond3,joint_direct,gap__p2_secondary_DRESSING_WATER_STATUS_mean,0.0
retrospective,Cond3,joint_direct,gap__p2_secondary_DRESSING_WATER_STATUS_std,0.0
retrospective,Cond3,joint_direct,gap__p2_secondary_EDGE_AIR_BAG_PRESSURE_auc,0.0
retrospective,Cond3,joint_direct,gap__p2_secondary_EDGE_AIR_BAG_PRESSURE_mean,0.0
retrospective,Cond3,joint_direct,gap__p2_secondary_EDGE_AIR_BAG_PRESSURE_std,0.0
retrospective,Cond3,joint_direct,gap__p2_secondary_HEAD_ROTATION_mean,0.0
retrospective,Cond3,joint_direct,gap__p2_secondary_MAIN_OUTER_AIR_BAG_PRESSURE_auc,0.0
retrospective,Cond3,joint_direct,gap__p2_secondary_MAIN_OUTER_AIR_BAG_PRESSURE_mean,0.0
retrospective,Cond3,joint_direct,gap__p2_secondary_MAIN_OUTER_AIR_BAG_PRESSURE_std,0.0
retrospective,Cond3,joint_direct,gap__p2_secondary_PRESSURIZED_CHAMBER_PRESSURE_auc,0.0
retrospective,Cond3,joint_direct,gap__p2_secondary_PRESSURIZED_CHAMBER_PRESSURE_mean,0.0
retrospective,Cond3,joint_direct,gap__p2_secondary_PRESSURIZED_CHAMBER_PRESSURE_std,0.0
retrospective,Cond3,joint_direct,gap__p2_secondary_RETAINER_RING_PRESSURE_auc,0.0
retrospective,Cond3,joint_direct,gap__p2_secondary_RETAINER_RING_PRESSURE_mean,0.0
retrospective,Cond3,joint_direct,gap__p2_secondary_RETAINER_RING_PRESSURE_std,0.0
retrospective,Cond3,joint_direct,gap__p2_secondary_RIPPLE_AIR_BAG_PRESSURE_auc,0.0
retrospective,Cond3,joint_direct,gap__p2_secondary_RIPPLE_AIR_BAG_PRESSURE_mean,0.0
retrospective,Cond3,joint_direct,gap__p2_secondary_RIPPLE_AIR_BAG_PRESSURE_std,0.0
retrospective,Cond3,joint_direct,gap__p2_secondary_SLURRY_FLOW_LINE_A_auc,0.0
retrospective,Cond3,joint_direct,gap__p2_secondary_SLURRY_FLOW_LINE_A_mean,0.0
retrospective,Cond3,joint_direct,gap__p2_secondary_SLURRY_FLOW_LINE_A_std,0.0
retrospective,Cond3,joint_direct,gap__p2_secondary_SLURRY_FLOW_LINE_B_auc,0.0
retrospective,Cond3,joint_direct,gap__p2_secondary_SLURRY_FLOW_LINE_B_mean,0.0
retrospective,Cond3,joint_direct,gap__p2_secondary_SLURRY_FLOW_LINE_B_std,0.0
retrospective,Cond3,joint_direct,gap__p2_secondary_SLURRY_FLOW_LINE_C_auc,0.0
retrospective,Cond3,joint_direct,gap__p2_secondary_SLURRY_FLOW_LINE_C_mean,0.0
retrospective,Cond3,joint_direct,gap__p2_secondary_SLURRY_FLOW_LINE_C_std,0.0
retrospective,Cond3,joint_direct,gap__p2_secondary_STAGE_ROTATION_mean,0.0
retrospective,Cond3,joint_direct,gap__p2_secondary_USAGE_OF_BACKING_FILM_decreasing,0.0
retrospective,Cond3,joint_direct,gap__p2_secondary_USAGE_OF_BACKING_FILM_mean,0.0
retrospective,Cond3,joint_direct,gap__p2_secondary_USAGE_OF_BACKING_FILM_std,0.0
retrospective,Cond3,joint_direct,gap__p2_secondary_USAGE_OF_DRESSER_TABLE_decreasing,0.0
retrospective,Cond3,joint_direct,gap__p2_secondary_USAGE_OF_DRESSER_TABLE_mean,0.0
retrospective,Cond3,joint_direct,gap__p2_secondary_USAGE_OF_DRESSER_TABLE_std,0.0
retrospective,Cond3,joint_direct,gap__p2_secondary_USAGE_OF_DRESSER_decreasing,0.0
retrospective,Cond3,joint_direct,gap__p2_secondary_USAGE_OF_DRESSER_mean,0.0
retrospective,Cond3,joint_direct,gap__p2_secondary_USAGE_OF_DRESSER_std,0.0
retrospective,Cond3,joint_direct,gap__p2_secondary_USAGE_OF_MEMBRANE_decreasing,0.0
retrospective,Cond3,joint_direct,gap__p2_secondary_USAGE_OF_MEMBRANE_mean,0.0
retrospective,Cond3,joint_direct,gap__p2_secondary_USAGE_OF_MEMBRANE_std,0.0
retrospective,Cond3,joint_direct,gap__p2_secondary_USAGE_OF_POLISHING_TABLE_decreasing,0.0
retrospective,Cond3,joint_direct,gap__p2_secondary_USAGE_OF_POLISHING_TABLE_mean,0.0
retrospective,Cond3,joint_direct,gap__p2_secondary_USAGE_OF_POLISHING_TABLE_std,0.0
retrospective,Cond3,joint_direct,gap__p2_secondary_USAGE_OF_PRESSURIZED_SHEET_decreasing,0.0
retrospective,Cond3,joint_direct,gap__p2_secondary_USAGE_OF_PRESSURIZED_SHEET_mean,0.0
retrospective,Cond3,joint_direct,gap__p2_secondary_USAGE_OF_PRESSURIZED_SHEET_std,0.0
retrospective,Cond3,joint_direct,gap__p2_secondary_WAFER_ROTATION_mean,0.0
retrospective,Cond3,joint_direct,gap__p2_secondary_duration,0.0
retrospective,Cond3,joint_direct,multi_primary_active_fraction,0.0
retrospective,Cond3,joint_direct,multi_primary_active_point_fraction,0.0
retrospective,Cond3,joint_direct,multi_primary_active_time,0.0
retrospective,Cond3,joint_direct,multi_primary_episode_count,0.0
retrospective,Cond3,joint_direct,multi_primary_episode_max,0.0
retrospective,Cond3,joint_direct,multi_primary_episode_median,0.0
retrospective,Cond3,joint_direct,multi_primary_episode_min,0.0
retrospective,Cond3,joint_direct,multi_primary_episode_std,0.15500574750692692
retrospective,Cond3,joint_direct,multi_primary_inactive_time,0.04412205757343932
retrospective,Cond3,joint_direct,multi_primary_observed_time,0.0
retrospective,Cond3,joint_direct,multi_primary_pressure_integral,0.0
retrospective,Cond3,joint_direct,multi_primary_pressure_mean,0.0
retrospective,Cond3,joint_direct,multi_primary_pressure_rotation_proxy_integral,0.0
retrospective,Cond3,joint_direct,multi_primary_pressure_rotation_proxy_mean,0.0
retrospective,Cond3,joint_direct,multi_primary_pressure_rotation_proxy_std,0.0
retrospective,Cond3,joint_direct,multi_primary_pressure_std,0.0
retrospective,Cond3,joint_direct,multi_primary_rotation_sum_integral,0.0
retrospective,Cond3,joint_direct,multi_primary_rotation_sum_mean,0.0
retrospective,Cond3,joint_direct,multi_primary_rotation_sum_std,0.0
retrospective,Cond3,joint_direct,multi_primary_slurry_integral,0.0
retrospective,Cond3,joint_direct,multi_primary_slurry_mean,0.0
retrospective,Cond3,joint_direct,multi_primary_slurry_std,0.5947944654937469
retrospective,Cond3,joint_direct,multi_secondary_active_fraction,0.0
retrospective,Cond3,joint_direct,multi_secondary_active_point_fraction,0.0
retrospective,Cond3,joint_direct,multi_secondary_active_time,0.0
retrospective,Cond3,joint_direct,multi_secondary_episode_count,0.0
retrospective,Cond3,joint_direct,multi_secondary_episode_max,0.0
retrospective,Cond3,joint_direct,multi_secondary_episode_median,0.0
retrospective,Cond3,joint_direct,multi_secondary_episode_min,0.0
retrospective,Cond3,joint_direct,multi_secondary_episode_std,0.0
retrospective,Cond3,joint_direct,multi_secondary_inactive_time,0.0
retrospective,Cond3,joint_direct,multi_secondary_observed_time,0.0
retrospective,Cond3,joint_direct,multi_secondary_pressure_integral,0.0
retrospective,Cond3,joint_direct,multi_secondary_pressure_mean,0.0
retrospective,Cond3,joint_direct,multi_secondary_pressure_rotation_proxy_integral,0.0
retrospective,Cond3,joint_direct,multi_secondary_pressure_rotation_proxy_mean,0.0
retrospective,Cond3,joint_direct,multi_secondary_pressure_rotation_proxy_std,0.0
retrospective,Cond3,joint_direct,multi_secondary_pressure_std,0.0
retrospective,Cond3,joint_direct,multi_secondary_rotation_sum_integral,0.0
retrospective,Cond3,joint_direct,multi_secondary_rotation_sum_mean,0.0
retrospective,Cond3,joint_direct,multi_secondary_rotation_sum_std,0.007213293530965108
retrospective,Cond3,joint_direct,multi_secondary_slurry_integral,0.0
retrospective,Cond3,joint_direct,multi_secondary_slurry_mean,0.0
retrospective,Cond3,joint_direct,multi_secondary_slurry_std,0.05657734678246689
retrospective,Cond3,joint_direct,phase__p2_primary_CENTER_AIR_BAG_PRESSURE_auc,0.0
retrospective,Cond3,joint_direct,phase__p2_primary_CENTER_AIR_BAG_PRESSURE_mean,0.0
retrospective,Cond3,joint_direct,phase__p2_primary_CENTER_AIR_BAG_PRESSURE_std,0.0
retrospective,Cond3,joint_direct,phase__p2_primary_DRESSING_WATER_STATUS_auc,0.16316591486576126
retrospective,Cond3,joint_direct,phase__p2_primary_DRESSING_WATER_STATUS_mean,0.00623956538342206
retrospective,Cond3,joint_direct,phase__p2_primary_DRESSING_WATER_STATUS_std,0.14491142959066913
retrospective,Cond3,joint_direct,phase__p2_primary_EDGE_AIR_BAG_PRESSURE_auc,0.0
retrospective,Cond3,joint_direct,phase__p2_primary_EDGE_AIR_BAG_PRESSURE_mean,0.0
retrospective,Cond3,joint_direct,phase__p2_primary_EDGE_AIR_BAG_PRESSURE_std,0.0
retrospective,Cond3,joint_direct,phase__p2_primary_HEAD_ROTATION_mean,1.3069093243342957
retrospective,Cond3,joint_direct,phase__p2_primary_MAIN_OUTER_AIR_BAG_PRESSURE_auc,0.0
retrospective,Cond3,joint_direct,phase__p2_primary_MAIN_OUTER_AIR_BAG_PRESSURE_mean,0.0
retrospective,Cond3,joint_direct,phase__p2_primary_MAIN_OUTER_AIR_BAG_PRESSURE_std,0.0
retrospective,Cond3,joint_direct,phase__p2_primary_PRESSURIZED_CHAMBER_PRESSURE_auc,0.0
retrospective,Cond3,joint_direct,phase__p2_primary_PRESSURIZED_CHAMBER_PRESSURE_mean,0.0
retrospective,Cond3,joint_direct,phase__p2_primary_PRESSURIZED_CHAMBER_PRESSURE_std,0.0
retrospective,Cond3,joint_direct,phase__p2_primary_RETAINER_RING_PRESSURE_auc,0.0
retrospective,Cond3,joint_direct,phase__p2_primary_RETAINER_RING_PRESSURE_mean,0.0
retrospective,Cond3,joint_direct,phase__p2_primary_RETAINER_RING_PRESSURE_std,0.0
retrospective,Cond3,joint_direct,phase__p2_primary_RIPPLE_AIR_BAG_PRESSURE_auc,0.0
retrospective,Cond3,joint_direct,phase__p2_primary_RIPPLE_AIR_BAG_PRESSURE_mean,0.0
retrospective,Cond3,joint_direct,phase__p2_primary_RIPPLE_AIR_BAG_PRESSURE_std,0.0
retrospective,Cond3,joint_direct,phase__p2_primary_SLURRY_FLOW_LINE_A_auc,0.7802967648988324
retrospective,Cond3,joint_direct,phase__p2_primary_SLURRY_FLOW_LINE_A_mean,0.0
retrospective,Cond3,joint_direct,phase__p2_primary_SLURRY_FLOW_LINE_A_std,0.0
retrospective,Cond3,joint_direct,phase__p2_primary_SLURRY_FLOW_LINE_B_auc,0.0
retrospective,Cond3,joint_direct,phase__p2_primary_SLURRY_FLOW_LINE_B_mean,0.0
retrospective,Cond3,joint_direct,phase__p2_primary_SLURRY_FLOW_LINE_B_std,0.016975855973882185
retrospective,Cond3,joint_direct,phase__p2_primary_SLURRY_FLOW_LINE_C_auc,0.0
retrospective,Cond3,joint_direct,phase__p2_primary_SLURRY_FLOW_LINE_C_mean,0.0
retrospective,Cond3,joint_direct,phase__p2_primary_SLURRY_FLOW_LINE_C_std,0.0
retrospective,Cond3,joint_direct,phase__p2_primary_STAGE_ROTATION_mean,0.0
retrospective,Cond3,joint_direct,phase__p2_primary_USAGE_OF_BACKING_FILM_decreasing,0.04318278906644411
retrospective,Cond3,joint_direct,phase__p2_primary_USAGE_OF_BACKING_FILM_mean,0.0
retrospective,Cond3,joint_direct,phase__p2_primary_USAGE_OF_BACKING_FILM_std,0.006579930502579268
retrospective,Cond3,joint_direct,phase__p2_primary_USAGE_OF_DRESSER_TABLE_decreasing,0.0
retrospective,Cond3,joint_direct,phase__p2_primary_USAGE_OF_DRESSER_TABLE_mean,0.0
retrospective,Cond3,joint_direct,phase__p2_primary_USAGE_OF_DRESSER_TABLE_std,0.0
retrospective,Cond3,joint_direct,phase__p2_primary_USAGE_OF_DRESSER_decreasing,0.16318204484760285
retrospective,Cond3,joint_direct,phase__p2_primary_USAGE_OF_DRESSER_mean,0.696867145033747
retrospective,Cond3,joint_direct,phase__p2_primary_USAGE_OF_DRESSER_std,0.0
retrospective,Cond3,joint_direct,phase__p2_primary_USAGE_OF_MEMBRANE_decreasing,0.0
retrospective,Cond3,joint_direct,phase__p2_primary_USAGE_OF_MEMBRANE_mean,0.0
retrospective,Cond3,joint_direct,phase__p2_primary_USAGE_OF_MEMBRANE_std,0.0
retrospective,Cond3,joint_direct,phase__p2_primary_USAGE_OF_POLISHING_TABLE_decreasing,0.0
retrospective,Cond3,joint_direct,phase__p2_primary_USAGE_OF_POLISHING_TABLE_mean,0.37455055429958284
retrospective,Cond3,joint_direct,phase__p2_primary_USAGE_OF_POLISHING_TABLE_std,0.0
retrospective,Cond3,joint_direct,phase__p2_primary_USAGE_OF_PRESSURIZED_SHEET_decreasing,0.0
retrospective,Cond3,joint_direct,phase__p2_primary_USAGE_OF_PRESSURIZED_SHEET_mean,0.0
retrospective,Cond3,joint_direct,phase__p2_primary_USAGE_OF_PRESSURIZED_SHEET_std,0.0
retrospective,Cond3,joint_direct,phase__p2_primary_WAFER_ROTATION_mean,0.0
retrospective,Cond3,joint_direct,phase__p2_primary_duration,0.08564082165161549
retrospective,Cond3,joint_direct,phase__p2_secondary_CENTER_AIR_BAG_PRESSURE_auc,0.0
retrospective,Cond3,joint_direct,phase__p2_secondary_CENTER_AIR_BAG_PRESSURE_mean,0.0
retrospective,Cond3,joint_direct,phase__p2_secondary_CENTER_AIR_BAG_PRESSURE_std,0.0
retrospective,Cond3,joint_direct,phase__p2_secondary_DRESSING_WATER_STATUS_auc,0.08553315034441046
retrospective,Cond3,joint_direct,phase__p2_secondary_DRESSING_WATER_STATUS_mean,0.0
retrospective,Cond3,joint_direct,phase__p2_secondary_DRESSING_WATER_STATUS_std,0.1894993710383361
retrospective,Cond3,joint_direct,phase__p2_secondary_EDGE_AIR_BAG_PRESSURE_auc,0.0
retrospective,Cond3,joint_direct,phase__p2_secondary_EDGE_AIR_BAG_PRESSURE_mean,0.0
retrospective,Cond3,joint_direct,phase__p2_secondary_EDGE_AIR_BAG_PRESSURE_std,0.0
retrospective,Cond3,joint_direct,phase__p2_secondary_HEAD_ROTATION_mean,0.13865129871092793
retrospective,Cond3,joint_direct,phase__p2_secondary_MAIN_OUTER_AIR_BAG_PRESSURE_auc,0.0
retrospective,Cond3,joint_direct,phase__p2_secondary_MAIN_OUTER_AIR_BAG_PRESSURE_mean,0.0
retrospective,Cond3,joint_direct,phase__p2_secondary_MAIN_OUTER_AIR_BAG_PRESSURE_std,0.0
retrospective,Cond3,joint_direct,phase__p2_secondary_PRESSURIZED_CHAMBER_PRESSURE_auc,0.0
retrospective,Cond3,joint_direct,phase__p2_secondary_PRESSURIZED_CHAMBER_PRESSURE_mean,0.0
retrospective,Cond3,joint_direct,phase__p2_secondary_PRESSURIZED_CHAMBER_PRESSURE_std,0.0
retrospective,Cond3,joint_direct,phase__p2_secondary_RETAINER_RING_PRESSURE_auc,0.0
retrospective,Cond3,joint_direct,phase__p2_secondary_RETAINER_RING_PRESSURE_mean,0.0
retrospective,Cond3,joint_direct,phase__p2_secondary_RETAINER_RING_PRESSURE_std,0.0
retrospective,Cond3,joint_direct,phase__p2_secondary_RIPPLE_AIR_BAG_PRESSURE_auc,0.0
retrospective,Cond3,joint_direct,phase__p2_secondary_RIPPLE_AIR_BAG_PRESSURE_mean,0.0
retrospective,Cond3,joint_direct,phase__p2_secondary_RIPPLE_AIR_BAG_PRESSURE_std,0.0
retrospective,Cond3,joint_direct,phase__p2_secondary_SLURRY_FLOW_LINE_A_auc,0.3697052732497147
retrospective,Cond3,joint_direct,phase__p2_secondary_SLURRY_FLOW_LINE_A_mean,0.0
retrospective,Cond3,joint_direct,phase__p2_secondary_SLURRY_FLOW_LINE_A_std,0.0
retrospective,Cond3,joint_direct,phase__p2_secondary_SLURRY_FLOW_LINE_B_auc,0.738988386584239
retrospective,Cond3,joint_direct,phase__p2_secondary_SLURRY_FLOW_LINE_B_mean,0.7003127430195369
retrospective,Cond3,joint_direct,phase__p2_secondary_SLURRY_FLOW_LINE_B_std,0.0
retrospective,Cond3,joint_direct,phase__p2_secondary_SLURRY_FLOW_LINE_C_auc,0.0
retrospective,Cond3,joint_direct,phase__p2_secondary_SLURRY_FLOW_LINE_C_mean,0.0
retrospective,Cond3,joint_direct,phase__p2_secondary_SLURRY_FLOW_LINE_C_std,1.0448667507950782
retrospective,Cond3,joint_direct,phase__p2_secondary_STAGE_ROTATION_mean,0.0
retrospective,Cond3,joint_direct,phase__p2_secondary_USAGE_OF_BACKING_FILM_decreasing,0.0
retrospective,Cond3,joint_direct,phase__p2_secondary_USAGE_OF_BACKING_FILM_mean,0.0
retrospective,Cond3,joint_direct,phase__p2_secondary_USAGE_OF_BACKING_FILM_std,0.0
retrospective,Cond3,joint_direct,phase__p2_secondary_USAGE_OF_DRESSER_TABLE_decreasing,0.0
retrospective,Cond3,joint_direct,phase__p2_secondary_USAGE_OF_DRESSER_TABLE_mean,2.542027762156179
retrospective,Cond3,joint_direct,phase__p2_secondary_USAGE_OF_DRESSER_TABLE_std,0.0
retrospective,Cond3,joint_direct,phase__p2_secondary_USAGE_OF_DRESSER_decreasing,0.08330302158887141
retrospective,Cond3,joint_direct,phase__p2_secondary_USAGE_OF_DRESSER_mean,0.0
retrospective,Cond3,joint_direct,phase__p2_secondary_USAGE_OF_DRESSER_std,0.0
retrospective,Cond3,joint_direct,phase__p2_secondary_USAGE_OF_MEMBRANE_decreasing,0.2207637588720702
retrospective,Cond3,joint_direct,phase__p2_secondary_USAGE_OF_MEMBRANE_mean,0.0
retrospective,Cond3,joint_direct,phase__p2_secondary_USAGE_OF_MEMBRANE_std,0.0
retrospective,Cond3,joint_direct,phase__p2_secondary_USAGE_OF_POLISHING_TABLE_decreasing,0.09973551923572432
retrospective,Cond3,joint_direct,phase__p2_secondary_USAGE_OF_POLISHING_TABLE_mean,0.0
retrospective,Cond3,joint_direct,phase__p2_secondary_USAGE_OF_POLISHING_TABLE_std,0.3641171640980166
retrospective,Cond3,joint_direct,phase__p2_secondary_USAGE_OF_PRESSURIZED_SHEET_decreasing,0.0
retrospective,Cond3,joint_direct,phase__p2_secondary_USAGE_OF_PRESSURIZED_SHEET_mean,0.0
retrospective,Cond3,joint_direct,phase__p2_secondary_USAGE_OF_PRESSURIZED_SHEET_std,0.0
retrospective,Cond3,joint_direct,phase__p2_secondary_WAFER_ROTATION_mean,0.0
retrospective,Cond3,joint_direct,phase__p2_secondary_duration,0.01819997760395697
retrospective,Cond3,joint_direct,qc_primary_ambiguous,0.0
retrospective,Cond3,joint_direct,qc_primary_episodes,0.0
retrospective,Cond3,joint_direct,qc_primary_fallback,0.0
retrospective,Cond3,joint_direct,qc_primary_max_gap,0.5309425784850764
retrospective,Cond3,joint_direct,qc_primary_missing,0.0
retrospective,Cond3,joint_direct,qc_primary_phase_duration,0.0
retrospective,Cond3,joint_direct,qc_primary_span,0.0
retrospective,Cond3,joint_direct,qc_secondary_ambiguous,0.0
retrospective,Cond3,joint_direct,qc_secondary_episodes,0.0
retrospective,Cond3,joint_direct,qc_secondary_fallback,0.0
retrospective,Cond3,joint_direct,qc_secondary_max_gap,0.0
retrospective,Cond3,joint_direct,qc_secondary_missing,0.0
retrospective,Cond3,joint_direct,qc_secondary_phase_duration,0.0
retrospective,Cond3,joint_direct,qc_secondary_span,0.0
retrospective,Cond3,base_residual,lag_1,9.05621576044306
retrospective,Cond3,base_residual,lag_2,0.0
retrospective,Cond3,base_residual,lag_3,1.8700409998468281
retrospective,Cond3,base_residual,lag_4,1.2982410752006994
retrospective,Cond3,base_residual,lag_5,0.5229790736515916
retrospective,Cond3,base_residual,lag_6,9.030732957634699
retrospective,Cond3,base_residual,lag_7,2.4783189844257105
retrospective,Cond3,base_residual,lag_8,1.1774751129614363
retrospective,Cond3,base_residual,lag_9,0.0
retrospective,Cond3,base_residual,lag_10,2.8227886804995075
retrospective,Cond3,base_residual,lag_11,4.035491228737832
retrospective,Cond3,base_residual,neighbor_1,0.8136242454506986
retrospective,Cond3,base_residual,neighbor_2,3.3250609418913615
retrospective,Cond3,base_residual,neighbor_3,0.3887446475982424
retrospective,Cond3,base_residual,neighbor_4,3.6089926234118317
retrospective,Cond3,base_residual,neighbor_5,1.4666648314969812
retrospective,Cond3,base_residual,neighbor_6,0.08608729624055841
retrospective,Cond3,base_residual,neighbor_7,2.5746675624533353
retrospective,Cond3,base_residual,neighbor_8,4.708129858123793
retrospective,Cond3,base_residual,neighbor_9,1.9941649714744103
retrospective,Cond3,base_residual,neighbor_10,8.849914526632768
retrospective,Cond3,base_residual,p2_primary_CENTER_AIR_BAG_PRESSURE_auc,0.0
retrospective,Cond3,base_residual,p2_primary_CENTER_AIR_BAG_PRESSURE_mean,0.0
retrospective,Cond3,base_residual,p2_primary_CENTER_AIR_BAG_PRESSURE_std,0.0
retrospective,Cond3,base_residual,p2_primary_DRESSING_WATER_STATUS_auc,0.0
retrospective,Cond3,base_residual,p2_primary_DRESSING_WATER_STATUS_mean,0.0
retrospective,Cond3,base_residual,p2_primary_DRESSING_WATER_STATUS_std,2.2736024303484332
retrospective,Cond3,base_residual,p2_primary_EDGE_AIR_BAG_PRESSURE_auc,0.0
retrospective,Cond3,base_residual,p2_primary_EDGE_AIR_BAG_PRESSURE_mean,0.0
retrospective,Cond3,base_residual,p2_primary_EDGE_AIR_BAG_PRESSURE_std,0.0
retrospective,Cond3,base_residual,p2_primary_HEAD_ROTATION_mean,1.0108335062232239
retrospective,Cond3,base_residual,p2_primary_MAIN_OUTER_AIR_BAG_PRESSURE_auc,0.0
retrospective,Cond3,base_residual,p2_primary_MAIN_OUTER_AIR_BAG_PRESSURE_mean,0.0
retrospective,Cond3,base_residual,p2_primary_MAIN_OUTER_AIR_BAG_PRESSURE_std,0.0
retrospective,Cond3,base_residual,p2_primary_PRESSURIZED_CHAMBER_PRESSURE_auc,0.0
retrospective,Cond3,base_residual,p2_primary_PRESSURIZED_CHAMBER_PRESSURE_mean,0.0
retrospective,Cond3,base_residual,p2_primary_PRESSURIZED_CHAMBER_PRESSURE_std,0.0
retrospective,Cond3,base_residual,p2_primary_RETAINER_RING_PRESSURE_auc,0.0
retrospective,Cond3,base_residual,p2_primary_RETAINER_RING_PRESSURE_mean,0.0
retrospective,Cond3,base_residual,p2_primary_RETAINER_RING_PRESSURE_std,2.9351066378016477
retrospective,Cond3,base_residual,p2_primary_RIPPLE_AIR_BAG_PRESSURE_auc,0.0
retrospective,Cond3,base_residual,p2_primary_RIPPLE_AIR_BAG_PRESSURE_mean,0.0
retrospective,Cond3,base_residual,p2_primary_RIPPLE_AIR_BAG_PRESSURE_std,0.0
retrospective,Cond3,base_residual,p2_primary_SLURRY_FLOW_LINE_A_auc,0.30423800317190214
retrospective,Cond3,base_residual,p2_primary_SLURRY_FLOW_LINE_A_mean,0.0013082557818393172
retrospective,Cond3,base_residual,p2_primary_SLURRY_FLOW_LINE_A_std,0.1520901520544225
retrospective,Cond3,base_residual,p2_primary_SLURRY_FLOW_LINE_B_auc,0.1846417798069844
retrospective,Cond3,base_residual,p2_primary_SLURRY_FLOW_LINE_B_mean,0.8566834919930234
retrospective,Cond3,base_residual,p2_primary_SLURRY_FLOW_LINE_B_std,0.27862437066042306
retrospective,Cond3,base_residual,p2_primary_SLURRY_FLOW_LINE_C_auc,0.0
retrospective,Cond3,base_residual,p2_primary_SLURRY_FLOW_LINE_C_mean,0.0
retrospective,Cond3,base_residual,p2_primary_SLURRY_FLOW_LINE_C_std,0.0
retrospective,Cond3,base_residual,p2_primary_STAGE_ROTATION_mean,0.0
retrospective,Cond3,base_residual,p2_primary_USAGE_OF_BACKING_FILM_decreasing,0.34382358588691964
retrospective,Cond3,base_residual,p2_primary_USAGE_OF_BACKING_FILM_mean,3.088698899460886
retrospective,Cond3,base_residual,p2_primary_USAGE_OF_BACKING_FILM_std,0.0
retrospective,Cond3,base_residual,p2_primary_USAGE_OF_DRESSER_TABLE_decreasing,0.08358587054738606
retrospective,Cond3,base_residual,p2_primary_USAGE_OF_DRESSER_TABLE_mean,2.31771738402915
retrospective,Cond3,base_residual,p2_primary_USAGE_OF_DRESSER_TABLE_std,0.0
retrospective,Cond3,base_residual,p2_primary_USAGE_OF_DRESSER_decreasing,0.0811666977336484
retrospective,Cond3,base_residual,p2_primary_USAGE_OF_DRESSER_mean,2.053492292655251
retrospective,Cond3,base_residual,p2_primary_USAGE_OF_DRESSER_std,0.11616328670775755
retrospective,Cond3,base_residual,p2_primary_USAGE_OF_MEMBRANE_decreasing,0.2484949159449814
retrospective,Cond3,base_residual,p2_primary_USAGE_OF_MEMBRANE_mean,0.0
retrospective,Cond3,base_residual,p2_primary_USAGE_OF_MEMBRANE_std,0.0
retrospective,Cond3,base_residual,p2_primary_USAGE_OF_POLISHING_TABLE_decreasing,0.35075879514648556
retrospective,Cond3,base_residual,p2_primary_USAGE_OF_POLISHING_TABLE_mean,1.0092886150460654
retrospective,Cond3,base_residual,p2_primary_USAGE_OF_POLISHING_TABLE_std,0.22856946918734297
retrospective,Cond3,base_residual,p2_primary_USAGE_OF_PRESSURIZED_SHEET_decreasing,0.0
retrospective,Cond3,base_residual,p2_primary_USAGE_OF_PRESSURIZED_SHEET_mean,0.0
retrospective,Cond3,base_residual,p2_primary_USAGE_OF_PRESSURIZED_SHEET_std,0.04781032868859009
retrospective,Cond3,base_residual,p2_primary_WAFER_ROTATION_mean,0.09820130073791615
retrospective,Cond3,base_residual,p2_primary_duration,0.012432075759827084
retrospective,Cond3,base_residual,p2_secondary_CENTER_AIR_BAG_PRESSURE_auc,0.0
retrospective,Cond3,base_residual,p2_secondary_CENTER_AIR_BAG_PRESSURE_mean,0.0
retrospective,Cond3,base_residual,p2_secondary_CENTER_AIR_BAG_PRESSURE_std,0.0
retrospective,Cond3,base_residual,p2_secondary_DRESSING_WATER_STATUS_auc,0.0
retrospective,Cond3,base_residual,p2_secondary_DRESSING_WATER_STATUS_mean,0.38603443082319105
retrospective,Cond3,base_residual,p2_secondary_DRESSING_WATER_STATUS_std,0.20464409136413833
retrospective,Cond3,base_residual,p2_secondary_EDGE_AIR_BAG_PRESSURE_auc,0.0
retrospective,Cond3,base_residual,p2_secondary_EDGE_AIR_BAG_PRESSURE_mean,0.0
retrospective,Cond3,base_residual,p2_secondary_EDGE_AIR_BAG_PRESSURE_std,0.0
retrospective,Cond3,base_residual,p2_secondary_HEAD_ROTATION_mean,1.1042937493901506
retrospective,Cond3,base_residual,p2_secondary_MAIN_OUTER_AIR_BAG_PRESSURE_auc,0.0
retrospective,Cond3,base_residual,p2_secondary_MAIN_OUTER_AIR_BAG_PRESSURE_mean,0.0
retrospective,Cond3,base_residual,p2_secondary_MAIN_OUTER_AIR_BAG_PRESSURE_std,0.0
retrospective,Cond3,base_residual,p2_secondary_PRESSURIZED_CHAMBER_PRESSURE_auc,0.0
retrospective,Cond3,base_residual,p2_secondary_PRESSURIZED_CHAMBER_PRESSURE_mean,0.6039375499992227
retrospective,Cond3,base_residual,p2_secondary_PRESSURIZED_CHAMBER_PRESSURE_std,0.0
retrospective,Cond3,base_residual,p2_secondary_RETAINER_RING_PRESSURE_auc,0.5247310055796607
retrospective,Cond3,base_residual,p2_secondary_RETAINER_RING_PRESSURE_mean,0.0
retrospective,Cond3,base_residual,p2_secondary_RETAINER_RING_PRESSURE_std,0.0
retrospective,Cond3,base_residual,p2_secondary_RIPPLE_AIR_BAG_PRESSURE_auc,0.0
retrospective,Cond3,base_residual,p2_secondary_RIPPLE_AIR_BAG_PRESSURE_mean,0.0
retrospective,Cond3,base_residual,p2_secondary_RIPPLE_AIR_BAG_PRESSURE_std,0.0
retrospective,Cond3,base_residual,p2_secondary_SLURRY_FLOW_LINE_A_auc,0.0
retrospective,Cond3,base_residual,p2_secondary_SLURRY_FLOW_LINE_A_mean,0.17713706198421833
retrospective,Cond3,base_residual,p2_secondary_SLURRY_FLOW_LINE_A_std,0.0
retrospective,Cond3,base_residual,p2_secondary_SLURRY_FLOW_LINE_B_auc,1.213697021535687
retrospective,Cond3,base_residual,p2_secondary_SLURRY_FLOW_LINE_B_mean,0.3084105582571072
retrospective,Cond3,base_residual,p2_secondary_SLURRY_FLOW_LINE_B_std,0.46931301056710717
retrospective,Cond3,base_residual,p2_secondary_SLURRY_FLOW_LINE_C_auc,0.0
retrospective,Cond3,base_residual,p2_secondary_SLURRY_FLOW_LINE_C_mean,0.0
retrospective,Cond3,base_residual,p2_secondary_SLURRY_FLOW_LINE_C_std,0.0
retrospective,Cond3,base_residual,p2_secondary_STAGE_ROTATION_mean,2.052669245940404
retrospective,Cond3,base_residual,p2_secondary_USAGE_OF_BACKING_FILM_decreasing,0.003217682150315139
retrospective,Cond3,base_residual,p2_secondary_USAGE_OF_BACKING_FILM_mean,4.1650078783945474
retrospective,Cond3,base_residual,p2_secondary_USAGE_OF_BACKING_FILM_std,0.0
retrospective,Cond3,base_residual,p2_secondary_USAGE_OF_DRESSER_TABLE_decreasing,0.0
retrospective,Cond3,base_residual,p2_secondary_USAGE_OF_DRESSER_TABLE_mean,0.7440601511806894
retrospective,Cond3,base_residual,p2_secondary_USAGE_OF_DRESSER_TABLE_std,0.0
retrospective,Cond3,base_residual,p2_secondary_USAGE_OF_DRESSER_decreasing,0.12486901233744511
retrospective,Cond3,base_residual,p2_secondary_USAGE_OF_DRESSER_mean,5.769601243616347
retrospective,Cond3,base_residual,p2_secondary_USAGE_OF_DRESSER_std,0.8413176137607881
retrospective,Cond3,base_residual,p2_secondary_USAGE_OF_MEMBRANE_decreasing,0.39483054917562954
retrospective,Cond3,base_residual,p2_secondary_USAGE_OF_MEMBRANE_mean,0.0
retrospective,Cond3,base_residual,p2_secondary_USAGE_OF_MEMBRANE_std,0.0
retrospective,Cond3,base_residual,p2_secondary_USAGE_OF_POLISHING_TABLE_decreasing,0.0
retrospective,Cond3,base_residual,p2_secondary_USAGE_OF_POLISHING_TABLE_mean,1.1426997051401209
retrospective,Cond3,base_residual,p2_secondary_USAGE_OF_POLISHING_TABLE_std,0.07576717985424128
retrospective,Cond3,base_residual,p2_secondary_USAGE_OF_PRESSURIZED_SHEET_decreasing,0.0
retrospective,Cond3,base_residual,p2_secondary_USAGE_OF_PRESSURIZED_SHEET_mean,0.0
retrospective,Cond3,base_residual,p2_secondary_USAGE_OF_PRESSURIZED_SHEET_std,0.0
retrospective,Cond3,base_residual,p2_secondary_WAFER_ROTATION_mean,0.6344102124477397
retrospective,Cond3,base_residual,p2_secondary_duration,0.873683522951779
retrospective,Cond3,joint_residual,lag_1,0.47199335339501297
retrospective,Cond3,joint_residual,lag_2,1.9159835438052286
retrospective,Cond3,joint_residual,lag_3,0.6566971120164244
retrospective,Cond3,joint_residual,lag_4,0.6066924452418083
retrospective,Cond3,joint_residual,lag_5,1.0347970781254523
retrospective,Cond3,joint_residual,lag_6,10.386373685810948
retrospective,Cond3,joint_residual,lag_7,0.8549932683827236
retrospective,Cond3,joint_residual,lag_8,0.1277308663225169
retrospective,Cond3,joint_residual,lag_9,0.0
retrospective,Cond3,joint_residual,lag_10,0.1942405977797373
retrospective,Cond3,joint_residual,lag_11,2.4729079592569514
retrospective,Cond3,joint_residual,neighbor_1,0.5601199682996251
retrospective,Cond3,joint_residual,neighbor_2,1.0422433471240597
retrospective,Cond3,joint_residual,neighbor_3,0.1828046189674927
retrospective,Cond3,joint_residual,neighbor_4,2.730036359067832
retrospective,Cond3,joint_residual,neighbor_5,0.9098013455305416
retrospective,Cond3,joint_residual,neighbor_6,0.20739855352238992
retrospective,Cond3,joint_residual,neighbor_7,1.8742154876778843
retrospective,Cond3,joint_residual,neighbor_8,3.3724819851165453
retrospective,Cond3,joint_residual,neighbor_9,1.9816100345367755
retrospective,Cond3,joint_residual,neighbor_10,6.475394752459696
retrospective,Cond3,joint_residual,p2_primary_CENTER_AIR_BAG_PRESSURE_auc,0.008354491621793022
retrospective,Cond3,joint_residual,p2_primary_CENTER_AIR_BAG_PRESSURE_mean,0.0
retrospective,Cond3,joint_residual,p2_primary_CENTER_AIR_BAG_PRESSURE_std,0.0
retrospective,Cond3,joint_residual,p2_primary_DRESSING_WATER_STATUS_auc,0.0
retrospective,Cond3,joint_residual,p2_primary_DRESSING_WATER_STATUS_mean,0.0
retrospective,Cond3,joint_residual,p2_primary_DRESSING_WATER_STATUS_std,1.4943455626294766
retrospective,Cond3,joint_residual,p2_primary_EDGE_AIR_BAG_PRESSURE_auc,0.0
retrospective,Cond3,joint_residual,p2_primary_EDGE_AIR_BAG_PRESSURE_mean,0.0
retrospective,Cond3,joint_residual,p2_primary_EDGE_AIR_BAG_PRESSURE_std,0.0
retrospective,Cond3,joint_residual,p2_primary_HEAD_ROTATION_mean,0.3843531099116536
retrospective,Cond3,joint_residual,p2_primary_MAIN_OUTER_AIR_BAG_PRESSURE_auc,0.0
retrospective,Cond3,joint_residual,p2_primary_MAIN_OUTER_AIR_BAG_PRESSURE_mean,0.0
retrospective,Cond3,joint_residual,p2_primary_MAIN_OUTER_AIR_BAG_PRESSURE_std,0.0
retrospective,Cond3,joint_residual,p2_primary_PRESSURIZED_CHAMBER_PRESSURE_auc,0.0
retrospective,Cond3,joint_residual,p2_primary_PRESSURIZED_CHAMBER_PRESSURE_mean,0.0
retrospective,Cond3,joint_residual,p2_primary_PRESSURIZED_CHAMBER_PRESSURE_std,0.0
retrospective,Cond3,joint_residual,p2_primary_RETAINER_RING_PRESSURE_auc,0.0
retrospective,Cond3,joint_residual,p2_primary_RETAINER_RING_PRESSURE_mean,0.0
retrospective,Cond3,joint_residual,p2_primary_RETAINER_RING_PRESSURE_std,1.8330817921478744
retrospective,Cond3,joint_residual,p2_primary_RIPPLE_AIR_BAG_PRESSURE_auc,0.0
retrospective,Cond3,joint_residual,p2_primary_RIPPLE_AIR_BAG_PRESSURE_mean,0.0
retrospective,Cond3,joint_residual,p2_primary_RIPPLE_AIR_BAG_PRESSURE_std,0.0
retrospective,Cond3,joint_residual,p2_primary_SLURRY_FLOW_LINE_A_auc,0.26418575427762114
retrospective,Cond3,joint_residual,p2_primary_SLURRY_FLOW_LINE_A_mean,0.02167894081308247
retrospective,Cond3,joint_residual,p2_primary_SLURRY_FLOW_LINE_A_std,0.0
retrospective,Cond3,joint_residual,p2_primary_SLURRY_FLOW_LINE_B_auc,0.0
retrospective,Cond3,joint_residual,p2_primary_SLURRY_FLOW_LINE_B_mean,0.04928696545433127
retrospective,Cond3,joint_residual,p2_primary_SLURRY_FLOW_LINE_B_std,0.0
retrospective,Cond3,joint_residual,p2_primary_SLURRY_FLOW_LINE_C_auc,0.0
retrospective,Cond3,joint_residual,p2_primary_SLURRY_FLOW_LINE_C_mean,0.0
retrospective,Cond3,joint_residual,p2_primary_SLURRY_FLOW_LINE_C_std,0.0
retrospective,Cond3,joint_residual,p2_primary_STAGE_ROTATION_mean,0.0
retrospective,Cond3,joint_residual,p2_primary_USAGE_OF_BACKING_FILM_decreasing,0.09919557499588519
retrospective,Cond3,joint_residual,p2_primary_USAGE_OF_BACKING_FILM_mean,0.11325452308116889
retrospective,Cond3,joint_residual,p2_primary_USAGE_OF_BACKING_FILM_std,0.0
retrospective,Cond3,joint_residual,p2_primary_USAGE_OF_DRESSER_TABLE_decreasing,0.004255754330457993
retrospective,Cond3,joint_residual,p2_primary_USAGE_OF_DRESSER_TABLE_mean,1.3057254667141804
retrospective,Cond3,joint_residual,p2_primary_USAGE_OF_DRESSER_TABLE_std,0.0
retrospective,Cond3,joint_residual,p2_primary_USAGE_OF_DRESSER_decreasing,0.17961194234897263
retrospective,Cond3,joint_residual,p2_primary_USAGE_OF_DRESSER_mean,1.1532631760363494
retrospective,Cond3,joint_residual,p2_primary_USAGE_OF_DRESSER_std,0.1236836881542185
retrospective,Cond3,joint_residual,p2_primary_USAGE_OF_MEMBRANE_decreasing,0.0041875662310468945
retrospective,Cond3,joint_residual,p2_primary_USAGE_OF_MEMBRANE_mean,0.0
retrospective,Cond3,joint_residual,p2_primary_USAGE_OF_MEMBRANE_std,0.0
retrospective,Cond3,joint_residual,p2_primary_USAGE_OF_POLISHING_TABLE_decreasing,0.3091784395089114
retrospective,Cond3,joint_residual,p2_primary_USAGE_OF_POLISHING_TABLE_mean,0.0
retrospective,Cond3,joint_residual,p2_primary_USAGE_OF_POLISHING_TABLE_std,0.06936267011394447
retrospective,Cond3,joint_residual,p2_primary_USAGE_OF_PRESSURIZED_SHEET_decreasing,0.0
retrospective,Cond3,joint_residual,p2_primary_USAGE_OF_PRESSURIZED_SHEET_mean,0.0
retrospective,Cond3,joint_residual,p2_primary_USAGE_OF_PRESSURIZED_SHEET_std,0.01992902557245522
retrospective,Cond3,joint_residual,p2_primary_WAFER_ROTATION_mean,0.15862828843929344
retrospective,Cond3,joint_residual,p2_primary_duration,0.2142836906844419
retrospective,Cond3,joint_residual,p2_secondary_CENTER_AIR_BAG_PRESSURE_auc,0.0
retrospective,Cond3,joint_residual,p2_secondary_CENTER_AIR_BAG_PRESSURE_mean,0.0
retrospective,Cond3,joint_residual,p2_secondary_CENTER_AIR_BAG_PRESSURE_std,0.0
retrospective,Cond3,joint_residual,p2_secondary_DRESSING_WATER_STATUS_auc,0.08745038477109345
retrospective,Cond3,joint_residual,p2_secondary_DRESSING_WATER_STATUS_mean,0.539526160602169
retrospective,Cond3,joint_residual,p2_secondary_DRESSING_WATER_STATUS_std,0.0
retrospective,Cond3,joint_residual,p2_secondary_EDGE_AIR_BAG_PRESSURE_auc,0.0
retrospective,Cond3,joint_residual,p2_secondary_EDGE_AIR_BAG_PRESSURE_mean,0.1114807094224978
retrospective,Cond3,joint_residual,p2_secondary_EDGE_AIR_BAG_PRESSURE_std,0.0
retrospective,Cond3,joint_residual,p2_secondary_HEAD_ROTATION_mean,1.1835251049385118
retrospective,Cond3,joint_residual,p2_secondary_MAIN_OUTER_AIR_BAG_PRESSURE_auc,0.0
retrospective,Cond3,joint_residual,p2_secondary_MAIN_OUTER_AIR_BAG_PRESSURE_mean,0.0
retrospective,Cond3,joint_residual,p2_secondary_MAIN_OUTER_AIR_BAG_PRESSURE_std,0.0
retrospective,Cond3,joint_residual,p2_secondary_PRESSURIZED_CHAMBER_PRESSURE_auc,0.0
retrospective,Cond3,joint_residual,p2_secondary_PRESSURIZED_CHAMBER_PRESSURE_mean,0.08194303172929657
retrospective,Cond3,joint_residual,p2_secondary_PRESSURIZED_CHAMBER_PRESSURE_std,0.0
retrospective,Cond3,joint_residual,p2_secondary_RETAINER_RING_PRESSURE_auc,0.7142888900096285
retrospective,Cond3,joint_residual,p2_secondary_RETAINER_RING_PRESSURE_mean,0.0
retrospective,Cond3,joint_residual,p2_secondary_RETAINER_RING_PRESSURE_std,0.0
retrospective,Cond3,joint_residual,p2_secondary_RIPPLE_AIR_BAG_PRESSURE_auc,0.0
retrospective,Cond3,joint_residual,p2_secondary_RIPPLE_AIR_BAG_PRESSURE_mean,0.0
retrospective,Cond3,joint_residual,p2_secondary_RIPPLE_AIR_BAG_PRESSURE_std,0.0
retrospective,Cond3,joint_residual,p2_secondary_SLURRY_FLOW_LINE_A_auc,0.0
retrospective,Cond3,joint_residual,p2_secondary_SLURRY_FLOW_LINE_A_mean,0.0
retrospective,Cond3,joint_residual,p2_secondary_SLURRY_FLOW_LINE_A_std,0.0
retrospective,Cond3,joint_residual,p2_secondary_SLURRY_FLOW_LINE_B_auc,0.0
retrospective,Cond3,joint_residual,p2_secondary_SLURRY_FLOW_LINE_B_mean,0.0
retrospective,Cond3,joint_residual,p2_secondary_SLURRY_FLOW_LINE_B_std,0.19363299509216297
retrospective,Cond3,joint_residual,p2_secondary_SLURRY_FLOW_LINE_C_auc,0.0
retrospective,Cond3,joint_residual,p2_secondary_SLURRY_FLOW_LINE_C_mean,0.0
retrospective,Cond3,joint_residual,p2_secondary_SLURRY_FLOW_LINE_C_std,0.0
retrospective,Cond3,joint_residual,p2_secondary_STAGE_ROTATION_mean,1.3401395190704892
retrospective,Cond3,joint_residual,p2_secondary_USAGE_OF_BACKING_FILM_decreasing,0.0043380046881871534
retrospective,Cond3,joint_residual,p2_secondary_USAGE_OF_BACKING_FILM_mean,3.9784461203412826
retrospective,Cond3,joint_residual,p2_secondary_USAGE_OF_BACKING_FILM_std,0.0
retrospective,Cond3,joint_residual,p2_secondary_USAGE_OF_DRESSER_TABLE_decreasing,0.0
retrospective,Cond3,joint_residual,p2_secondary_USAGE_OF_DRESSER_TABLE_mean,0.6623216915757787
retrospective,Cond3,joint_residual,p2_secondary_USAGE_OF_DRESSER_TABLE_std,0.0034956842816752575
retrospective,Cond3,joint_residual,p2_secondary_USAGE_OF_DRESSER_decreasing,0.11192549745488017
retrospective,Cond3,joint_residual,p2_secondary_USAGE_OF_DRESSER_mean,2.66525898026382
retrospective,Cond3,joint_residual,p2_secondary_USAGE_OF_DRESSER_std,0.5689888346529414
retrospective,Cond3,joint_residual,p2_secondary_USAGE_OF_MEMBRANE_decreasing,0.20500305131137755
retrospective,Cond3,joint_residual,p2_secondary_USAGE_OF_MEMBRANE_mean,0.0
retrospective,Cond3,joint_residual,p2_secondary_USAGE_OF_MEMBRANE_std,0.0
retrospective,Cond3,joint_residual,p2_secondary_USAGE_OF_POLISHING_TABLE_decreasing,0.014458552094687037
retrospective,Cond3,joint_residual,p2_secondary_USAGE_OF_POLISHING_TABLE_mean,0.28834543992471523
retrospective,Cond3,joint_residual,p2_secondary_USAGE_OF_POLISHING_TABLE_std,0.0
retrospective,Cond3,joint_residual,p2_secondary_USAGE_OF_PRESSURIZED_SHEET_decreasing,0.0
retrospective,Cond3,joint_residual,p2_secondary_USAGE_OF_PRESSURIZED_SHEET_mean,0.0
retrospective,Cond3,joint_residual,p2_secondary_USAGE_OF_PRESSURIZED_SHEET_std,0.0
retrospective,Cond3,joint_residual,p2_secondary_WAFER_ROTATION_mean,0.4021511191802953
retrospective,Cond3,joint_residual,p2_secondary_duration,0.49311112965695975
retrospective,Cond3,joint_residual,history_summary_0,0.0
retrospective,Cond3,joint_residual,history_summary_1,1.5973121016690004
retrospective,Cond3,joint_residual,history_summary_2,0.0
retrospective,Cond3,joint_residual,history_summary_3,16.627417767211792
retrospective,Cond3,joint_residual,history_summary_4,0.0
retrospective,Cond3,joint_residual,history_summary_5,0.7405832973421997
retrospective,Cond3,joint_residual,history_summary_6,1.4310203674064583
retrospective,Cond3,joint_residual,history_summary_7,0.0
retrospective,Cond3,joint_residual,history_summary_8,3.615237627206135
retrospective,Cond3,joint_residual,history_summary_9,5.153063293617595
retrospective,Cond3,joint_residual,gap__p2_primary_CENTER_AIR_BAG_PRESSURE_auc,0.0
retrospective,Cond3,joint_residual,gap__p2_primary_CENTER_AIR_BAG_PRESSURE_mean,0.0
retrospective,Cond3,joint_residual,gap__p2_primary_CENTER_AIR_BAG_PRESSURE_std,0.0
retrospective,Cond3,joint_residual,gap__p2_primary_DRESSING_WATER_STATUS_auc,0.0
retrospective,Cond3,joint_residual,gap__p2_primary_DRESSING_WATER_STATUS_mean,0.0
retrospective,Cond3,joint_residual,gap__p2_primary_DRESSING_WATER_STATUS_std,0.0
retrospective,Cond3,joint_residual,gap__p2_primary_EDGE_AIR_BAG_PRESSURE_auc,0.0
retrospective,Cond3,joint_residual,gap__p2_primary_EDGE_AIR_BAG_PRESSURE_mean,0.0
retrospective,Cond3,joint_residual,gap__p2_primary_EDGE_AIR_BAG_PRESSURE_std,0.0
retrospective,Cond3,joint_residual,gap__p2_primary_HEAD_ROTATION_mean,0.0
retrospective,Cond3,joint_residual,gap__p2_primary_MAIN_OUTER_AIR_BAG_PRESSURE_auc,0.0
retrospective,Cond3,joint_residual,gap__p2_primary_MAIN_OUTER_AIR_BAG_PRESSURE_mean,0.0
retrospective,Cond3,joint_residual,gap__p2_primary_MAIN_OUTER_AIR_BAG_PRESSURE_std,0.0
retrospective,Cond3,joint_residual,gap__p2_primary_PRESSURIZED_CHAMBER_PRESSURE_auc,0.0
retrospective,Cond3,joint_residual,gap__p2_primary_PRESSURIZED_CHAMBER_PRESSURE_mean,0.0
retrospective,Cond3,joint_residual,gap__p2_primary_PRESSURIZED_CHAMBER_PRESSURE_std,0.0
retrospective,Cond3,joint_residual,gap__p2_primary_RETAINER_RING_PRESSURE_auc,0.0
retrospective,Cond3,joint_residual,gap__p2_primary_RETAINER_RING_PRESSURE_mean,0.0
retrospective,Cond3,joint_residual,gap__p2_primary_RETAINER_RING_PRESSURE_std,0.0
retrospective,Cond3,joint_residual,gap__p2_primary_RIPPLE_AIR_BAG_PRESSURE_auc,0.0
retrospective,Cond3,joint_residual,gap__p2_primary_RIPPLE_AIR_BAG_PRESSURE_mean,0.0
retrospective,Cond3,joint_residual,gap__p2_primary_RIPPLE_AIR_BAG_PRESSURE_std,0.0
retrospective,Cond3,joint_residual,gap__p2_primary_SLURRY_FLOW_LINE_A_auc,0.0
retrospective,Cond3,joint_residual,gap__p2_primary_SLURRY_FLOW_LINE_A_mean,0.0
retrospective,Cond3,joint_residual,gap__p2_primary_SLURRY_FLOW_LINE_A_std,0.0
retrospective,Cond3,joint_residual,gap__p2_primary_SLURRY_FLOW_LINE_B_auc,0.0
retrospective,Cond3,joint_residual,gap__p2_primary_SLURRY_FLOW_LINE_B_mean,0.0
retrospective,Cond3,joint_residual,gap__p2_primary_SLURRY_FLOW_LINE_B_std,0.0
retrospective,Cond3,joint_residual,gap__p2_primary_SLURRY_FLOW_LINE_C_auc,0.0
retrospective,Cond3,joint_residual,gap__p2_primary_SLURRY_FLOW_LINE_C_mean,0.0
retrospective,Cond3,joint_residual,gap__p2_primary_SLURRY_FLOW_LINE_C_std,0.0
retrospective,Cond3,joint_residual,gap__p2_primary_STAGE_ROTATION_mean,0.0
retrospective,Cond3,joint_residual,gap__p2_primary_USAGE_OF_BACKING_FILM_decreasing,0.0
retrospective,Cond3,joint_residual,gap__p2_primary_USAGE_OF_BACKING_FILM_mean,0.0
retrospective,Cond3,joint_residual,gap__p2_primary_USAGE_OF_BACKING_FILM_std,0.0
retrospective,Cond3,joint_residual,gap__p2_primary_USAGE_OF_DRESSER_TABLE_decreasing,0.0
retrospective,Cond3,joint_residual,gap__p2_primary_USAGE_OF_DRESSER_TABLE_mean,0.0
retrospective,Cond3,joint_residual,gap__p2_primary_USAGE_OF_DRESSER_TABLE_std,0.0
retrospective,Cond3,joint_residual,gap__p2_primary_USAGE_OF_DRESSER_decreasing,0.0
retrospective,Cond3,joint_residual,gap__p2_primary_USAGE_OF_DRESSER_mean,0.0
retrospective,Cond3,joint_residual,gap__p2_primary_USAGE_OF_DRESSER_std,0.0
retrospective,Cond3,joint_residual,gap__p2_primary_USAGE_OF_MEMBRANE_decreasing,0.0
retrospective,Cond3,joint_residual,gap__p2_primary_USAGE_OF_MEMBRANE_mean,0.0
retrospective,Cond3,joint_residual,gap__p2_primary_USAGE_OF_MEMBRANE_std,0.0
retrospective,Cond3,joint_residual,gap__p2_primary_USAGE_OF_POLISHING_TABLE_decreasing,0.0
retrospective,Cond3,joint_residual,gap__p2_primary_USAGE_OF_POLISHING_TABLE_mean,0.0
retrospective,Cond3,joint_residual,gap__p2_primary_USAGE_OF_POLISHING_TABLE_std,0.0
retrospective,Cond3,joint_residual,gap__p2_primary_USAGE_OF_PRESSURIZED_SHEET_decreasing,0.0
retrospective,Cond3,joint_residual,gap__p2_primary_USAGE_OF_PRESSURIZED_SHEET_mean,0.0
retrospective,Cond3,joint_residual,gap__p2_primary_USAGE_OF_PRESSURIZED_SHEET_std,0.0
retrospective,Cond3,joint_residual,gap__p2_primary_WAFER_ROTATION_mean,0.0
retrospective,Cond3,joint_residual,gap__p2_primary_duration,0.0
retrospective,Cond3,joint_residual,gap__p2_secondary_CENTER_AIR_BAG_PRESSURE_auc,0.0
retrospective,Cond3,joint_residual,gap__p2_secondary_CENTER_AIR_BAG_PRESSURE_mean,0.0
retrospective,Cond3,joint_residual,gap__p2_secondary_CENTER_AIR_BAG_PRESSURE_std,0.0
retrospective,Cond3,joint_residual,gap__p2_secondary_DRESSING_WATER_STATUS_auc,0.0
retrospective,Cond3,joint_residual,gap__p2_secondary_DRESSING_WATER_STATUS_mean,0.0
retrospective,Cond3,joint_residual,gap__p2_secondary_DRESSING_WATER_STATUS_std,0.0
retrospective,Cond3,joint_residual,gap__p2_secondary_EDGE_AIR_BAG_PRESSURE_auc,0.0
retrospective,Cond3,joint_residual,gap__p2_secondary_EDGE_AIR_BAG_PRESSURE_mean,0.0
retrospective,Cond3,joint_residual,gap__p2_secondary_EDGE_AIR_BAG_PRESSURE_std,0.0
retrospective,Cond3,joint_residual,gap__p2_secondary_HEAD_ROTATION_mean,0.0
retrospective,Cond3,joint_residual,gap__p2_secondary_MAIN_OUTER_AIR_BAG_PRESSURE_auc,0.0
retrospective,Cond3,joint_residual,gap__p2_secondary_MAIN_OUTER_AIR_BAG_PRESSURE_mean,0.0
retrospective,Cond3,joint_residual,gap__p2_secondary_MAIN_OUTER_AIR_BAG_PRESSURE_std,0.0
retrospective,Cond3,joint_residual,gap__p2_secondary_PRESSURIZED_CHAMBER_PRESSURE_auc,0.0
retrospective,Cond3,joint_residual,gap__p2_secondary_PRESSURIZED_CHAMBER_PRESSURE_mean,0.0
retrospective,Cond3,joint_residual,gap__p2_secondary_PRESSURIZED_CHAMBER_PRESSURE_std,0.0
retrospective,Cond3,joint_residual,gap__p2_secondary_RETAINER_RING_PRESSURE_auc,0.0
retrospective,Cond3,joint_residual,gap__p2_secondary_RETAINER_RING_PRESSURE_mean,0.0
retrospective,Cond3,joint_residual,gap__p2_secondary_RETAINER_RING_PRESSURE_std,0.0
retrospective,Cond3,joint_residual,gap__p2_secondary_RIPPLE_AIR_BAG_PRESSURE_auc,0.0
retrospective,Cond3,joint_residual,gap__p2_secondary_RIPPLE_AIR_BAG_PRESSURE_mean,0.0
retrospective,Cond3,joint_residual,gap__p2_secondary_RIPPLE_AIR_BAG_PRESSURE_std,0.0
retrospective,Cond3,joint_residual,gap__p2_secondary_SLURRY_FLOW_LINE_A_auc,0.0
retrospective,Cond3,joint_residual,gap__p2_secondary_SLURRY_FLOW_LINE_A_mean,0.0
retrospective,Cond3,joint_residual,gap__p2_secondary_SLURRY_FLOW_LINE_A_std,0.0
retrospective,Cond3,joint_residual,gap__p2_secondary_SLURRY_FLOW_LINE_B_auc,0.0
retrospective,Cond3,joint_residual,gap__p2_secondary_SLURRY_FLOW_LINE_B_mean,0.0
retrospective,Cond3,joint_residual,gap__p2_secondary_SLURRY_FLOW_LINE_B_std,0.0
retrospective,Cond3,joint_residual,gap__p2_secondary_SLURRY_FLOW_LINE_C_auc,0.0
retrospective,Cond3,joint_residual,gap__p2_secondary_SLURRY_FLOW_LINE_C_mean,0.0
retrospective,Cond3,joint_residual,gap__p2_secondary_SLURRY_FLOW_LINE_C_std,0.0
retrospective,Cond3,joint_residual,gap__p2_secondary_STAGE_ROTATION_mean,0.0
retrospective,Cond3,joint_residual,gap__p2_secondary_USAGE_OF_BACKING_FILM_decreasing,0.0
retrospective,Cond3,joint_residual,gap__p2_secondary_USAGE_OF_BACKING_FILM_mean,0.0
retrospective,Cond3,joint_residual,gap__p2_secondary_USAGE_OF_BACKING_FILM_std,0.0
retrospective,Cond3,joint_residual,gap__p2_secondary_USAGE_OF_DRESSER_TABLE_decreasing,0.0
retrospective,Cond3,joint_residual,gap__p2_secondary_USAGE_OF_DRESSER_TABLE_mean,0.0
retrospective,Cond3,joint_residual,gap__p2_secondary_USAGE_OF_DRESSER_TABLE_std,0.011486942416914128
retrospective,Cond3,joint_residual,gap__p2_secondary_USAGE_OF_DRESSER_decreasing,0.0
retrospective,Cond3,joint_residual,gap__p2_secondary_USAGE_OF_DRESSER_mean,0.0
retrospective,Cond3,joint_residual,gap__p2_secondary_USAGE_OF_DRESSER_std,0.0
retrospective,Cond3,joint_residual,gap__p2_secondary_USAGE_OF_MEMBRANE_decreasing,0.0
retrospective,Cond3,joint_residual,gap__p2_secondary_USAGE_OF_MEMBRANE_mean,0.0
retrospective,Cond3,joint_residual,gap__p2_secondary_USAGE_OF_MEMBRANE_std,0.0
retrospective,Cond3,joint_residual,gap__p2_secondary_USAGE_OF_POLISHING_TABLE_decreasing,0.0
retrospective,Cond3,joint_residual,gap__p2_secondary_USAGE_OF_POLISHING_TABLE_mean,0.0
retrospective,Cond3,joint_residual,gap__p2_secondary_USAGE_OF_POLISHING_TABLE_std,0.0
retrospective,Cond3,joint_residual,gap__p2_secondary_USAGE_OF_PRESSURIZED_SHEET_decreasing,0.0
retrospective,Cond3,joint_residual,gap__p2_secondary_USAGE_OF_PRESSURIZED_SHEET_mean,0.0
retrospective,Cond3,joint_residual,gap__p2_secondary_USAGE_OF_PRESSURIZED_SHEET_std,0.0
retrospective,Cond3,joint_residual,gap__p2_secondary_WAFER_ROTATION_mean,0.0
retrospective,Cond3,joint_residual,gap__p2_secondary_duration,0.0
retrospective,Cond3,joint_residual,multi_primary_active_fraction,0.0
retrospective,Cond3,joint_residual,multi_primary_active_point_fraction,0.0
retrospective,Cond3,joint_residual,multi_primary_active_time,0.0
retrospective,Cond3,joint_residual,multi_primary_episode_count,0.0
retrospective,Cond3,joint_residual,multi_primary_episode_max,0.0
retrospective,Cond3,joint_residual,multi_primary_episode_median,0.0
retrospective,Cond3,joint_residual,multi_primary_episode_min,0.0
retrospective,Cond3,joint_residual,multi_primary_episode_std,0.0
retrospective,Cond3,joint_residual,multi_primary_inactive_time,0.2732163026039003
retrospective,Cond3,joint_residual,multi_primary_observed_time,0.0
retrospective,Cond3,joint_residual,multi_primary_pressure_integral,0.0
retrospective,Cond3,joint_residual,multi_primary_pressure_mean,0.0
retrospective,Cond3,joint_residual,multi_primary_pressure_rotation_proxy_integral,0.0
retrospective,Cond3,joint_residual,multi_primary_pressure_rotation_proxy_mean,0.0
retrospective,Cond3,joint_residual,multi_primary_pressure_rotation_proxy_std,0.0
retrospective,Cond3,joint_residual,multi_primary_pressure_std,0.0
retrospective,Cond3,joint_residual,multi_primary_rotation_sum_integral,0.0
retrospective,Cond3,joint_residual,multi_primary_rotation_sum_mean,0.0
retrospective,Cond3,joint_residual,multi_primary_rotation_sum_std,0.0
retrospective,Cond3,joint_residual,multi_primary_slurry_integral,0.0
retrospective,Cond3,joint_residual,multi_primary_slurry_mean,0.0
retrospective,Cond3,joint_residual,multi_primary_slurry_std,0.15848658290309903
retrospective,Cond3,joint_residual,multi_secondary_active_fraction,0.0
retrospective,Cond3,joint_residual,multi_secondary_active_point_fraction,0.0
retrospective,Cond3,joint_residual,multi_secondary_active_time,0.0
retrospective,Cond3,joint_residual,multi_secondary_episode_count,0.0
retrospective,Cond3,joint_residual,multi_secondary_episode_max,0.0
retrospective,Cond3,joint_residual,multi_secondary_episode_median,0.0
retrospective,Cond3,joint_residual,multi_secondary_episode_min,0.0
retrospective,Cond3,joint_residual,multi_secondary_episode_std,0.0
retrospective,Cond3,joint_residual,multi_secondary_inactive_time,0.0436919218111144
retrospective,Cond3,joint_residual,multi_secondary_observed_time,0.0
retrospective,Cond3,joint_residual,multi_secondary_pressure_integral,0.0
retrospective,Cond3,joint_residual,multi_secondary_pressure_mean,0.0
retrospective,Cond3,joint_residual,multi_secondary_pressure_rotation_proxy_integral,0.0
retrospective,Cond3,joint_residual,multi_secondary_pressure_rotation_proxy_mean,0.0
retrospective,Cond3,joint_residual,multi_secondary_pressure_rotation_proxy_std,0.0
retrospective,Cond3,joint_residual,multi_secondary_pressure_std,0.0
retrospective,Cond3,joint_residual,multi_secondary_rotation_sum_integral,0.0
retrospective,Cond3,joint_residual,multi_secondary_rotation_sum_mean,0.0
retrospective,Cond3,joint_residual,multi_secondary_rotation_sum_std,0.0
retrospective,Cond3,joint_residual,multi_secondary_slurry_integral,0.0
retrospective,Cond3,joint_residual,multi_secondary_slurry_mean,0.0
retrospective,Cond3,joint_residual,multi_secondary_slurry_std,0.10168500112505827
retrospective,Cond3,joint_residual,phase__p2_primary_CENTER_AIR_BAG_PRESSURE_auc,0.0
retrospective,Cond3,joint_residual,phase__p2_primary_CENTER_AIR_BAG_PRESSURE_mean,0.0
retrospective,Cond3,joint_residual,phase__p2_primary_CENTER_AIR_BAG_PRESSURE_std,0.0
retrospective,Cond3,joint_residual,phase__p2_primary_DRESSING_WATER_STATUS_auc,0.016511073563583067
retrospective,Cond3,joint_residual,phase__p2_primary_DRESSING_WATER_STATUS_mean,0.050668162278963966
retrospective,Cond3,joint_residual,phase__p2_primary_DRESSING_WATER_STATUS_std,0.21289799292802217
retrospective,Cond3,joint_residual,phase__p2_primary_EDGE_AIR_BAG_PRESSURE_auc,0.0
retrospective,Cond3,joint_residual,phase__p2_primary_EDGE_AIR_BAG_PRESSURE_mean,0.0
retrospective,Cond3,joint_residual,phase__p2_primary_EDGE_AIR_BAG_PRESSURE_std,0.0
retrospective,Cond3,joint_residual,phase__p2_primary_HEAD_ROTATION_mean,1.2334506771785645
retrospective,Cond3,joint_residual,phase__p2_primary_MAIN_OUTER_AIR_BAG_PRESSURE_auc,0.0
retrospective,Cond3,joint_residual,phase__p2_primary_MAIN_OUTER_AIR_BAG_PRESSURE_mean,0.0
retrospective,Cond3,joint_residual,phase__p2_primary_MAIN_OUTER_AIR_BAG_PRESSURE_std,0.0
retrospective,Cond3,joint_residual,phase__p2_primary_PRESSURIZED_CHAMBER_PRESSURE_auc,0.0
retrospective,Cond3,joint_residual,phase__p2_primary_PRESSURIZED_CHAMBER_PRESSURE_mean,0.0
retrospective,Cond3,joint_residual,phase__p2_primary_PRESSURIZED_CHAMBER_PRESSURE_std,0.0
retrospective,Cond3,joint_residual,phase__p2_primary_RETAINER_RING_PRESSURE_auc,0.0
retrospective,Cond3,joint_residual,phase__p2_primary_RETAINER_RING_PRESSURE_mean,0.0
retrospective,Cond3,joint_residual,phase__p2_primary_RETAINER_RING_PRESSURE_std,0.0
retrospective,Cond3,joint_residual,phase__p2_primary_RIPPLE_AIR_BAG_PRESSURE_auc,0.0
retrospective,Cond3,joint_residual,phase__p2_primary_RIPPLE_AIR_BAG_PRESSURE_mean,0.0
retrospective,Cond3,joint_residual,phase__p2_primary_RIPPLE_AIR_BAG_PRESSURE_std,0.0
retrospective,Cond3,joint_residual,phase__p2_primary_SLURRY_FLOW_LINE_A_auc,0.772462824321862
retrospective,Cond3,joint_residual,phase__p2_primary_SLURRY_FLOW_LINE_A_mean,0.0
retrospective,Cond3,joint_residual,phase__p2_primary_SLURRY_FLOW_LINE_A_std,0.05686589567655089
retrospective,Cond3,joint_residual,phase__p2_primary_SLURRY_FLOW_LINE_B_auc,0.0
retrospective,Cond3,joint_residual,phase__p2_primary_SLURRY_FLOW_LINE_B_mean,0.014965474936020214
retrospective,Cond3,joint_residual,phase__p2_primary_SLURRY_FLOW_LINE_B_std,0.05500840076161037
retrospective,Cond3,joint_residual,phase__p2_primary_SLURRY_FLOW_LINE_C_auc,0.0
retrospective,Cond3,joint_residual,phase__p2_primary_SLURRY_FLOW_LINE_C_mean,0.17065843207555015
retrospective,Cond3,joint_residual,phase__p2_primary_SLURRY_FLOW_LINE_C_std,0.0
retrospective,Cond3,joint_residual,phase__p2_primary_STAGE_ROTATION_mean,0.17145170891021477
retrospective,Cond3,joint_residual,phase__p2_primary_USAGE_OF_BACKING_FILM_decreasing,0.038636447042072634
retrospective,Cond3,joint_residual,phase__p2_primary_USAGE_OF_BACKING_FILM_mean,0.0
retrospective,Cond3,joint_residual,phase__p2_primary_USAGE_OF_BACKING_FILM_std,0.005140756226246043
retrospective,Cond3,joint_residual,phase__p2_primary_USAGE_OF_DRESSER_TABLE_decreasing,0.0
retrospective,Cond3,joint_residual,phase__p2_primary_USAGE_OF_DRESSER_TABLE_mean,0.9487959148987019
retrospective,Cond3,joint_residual,phase__p2_primary_USAGE_OF_DRESSER_TABLE_std,0.0
retrospective,Cond3,joint_residual,phase__p2_primary_USAGE_OF_DRESSER_decreasing,0.0
retrospective,Cond3,joint_residual,phase__p2_primary_USAGE_OF_DRESSER_mean,0.24766986336556746
retrospective,Cond3,joint_residual,phase__p2_primary_USAGE_OF_DRESSER_std,0.5091190746913674
retrospective,Cond3,joint_residual,phase__p2_primary_USAGE_OF_MEMBRANE_decreasing,0.25702992767045246
retrospective,Cond3,joint_residual,phase__p2_primary_USAGE_OF_MEMBRANE_mean,0.0
retrospective,Cond3,joint_residual,phase__p2_primary_USAGE_OF_MEMBRANE_std,0.0
retrospective,Cond3,joint_residual,phase__p2_primary_USAGE_OF_POLISHING_TABLE_decreasing,0.17768572845241556
retrospective,Cond3,joint_residual,phase__p2_primary_USAGE_OF_POLISHING_TABLE_mean,0.0
retrospective,Cond3,joint_residual,phase__p2_primary_USAGE_OF_POLISHING_TABLE_std,0.0
retrospective,Cond3,joint_residual,phase__p2_primary_USAGE_OF_PRESSURIZED_SHEET_decreasing,0.0
retrospective,Cond3,joint_residual,phase__p2_primary_USAGE_OF_PRESSURIZED_SHEET_mean,0.0
retrospective,Cond3,joint_residual,phase__p2_primary_USAGE_OF_PRESSURIZED_SHEET_std,0.0
retrospective,Cond3,joint_residual,phase__p2_primary_WAFER_ROTATION_mean,0.03322992010335717
retrospective,Cond3,joint_residual,phase__p2_primary_duration,0.07359748872995672
retrospective,Cond3,joint_residual,phase__p2_secondary_CENTER_AIR_BAG_PRESSURE_auc,0.014150835946869306
retrospective,Cond3,joint_residual,phase__p2_secondary_CENTER_AIR_BAG_PRESSURE_mean,0.0
retrospective,Cond3,joint_residual,phase__p2_secondary_CENTER_AIR_BAG_PRESSURE_std,0.0
retrospective,Cond3,joint_residual,phase__p2_secondary_DRESSING_WATER_STATUS_auc,0.0
retrospective,Cond3,joint_residual,phase__p2_secondary_DRESSING_WATER_STATUS_mean,0.0
retrospective,Cond3,joint_residual,phase__p2_secondary_DRESSING_WATER_STATUS_std,0.2555341489319104
retrospective,Cond3,joint_residual,phase__p2_secondary_EDGE_AIR_BAG_PRESSURE_auc,0.0
retrospective,Cond3,joint_residual,phase__p2_secondary_EDGE_AIR_BAG_PRESSURE_mean,0.0
retrospective,Cond3,joint_residual,phase__p2_secondary_EDGE_AIR_BAG_PRESSURE_std,0.0
retrospective,Cond3,joint_residual,phase__p2_secondary_HEAD_ROTATION_mean,0.2693162926178931
retrospective,Cond3,joint_residual,phase__p2_secondary_MAIN_OUTER_AIR_BAG_PRESSURE_auc,0.0
retrospective,Cond3,joint_residual,phase__p2_secondary_MAIN_OUTER_AIR_BAG_PRESSURE_mean,0.0
retrospective,Cond3,joint_residual,phase__p2_secondary_MAIN_OUTER_AIR_BAG_PRESSURE_std,0.0
retrospective,Cond3,joint_residual,phase__p2_secondary_PRESSURIZED_CHAMBER_PRESSURE_auc,0.0
retrospective,Cond3,joint_residual,phase__p2_secondary_PRESSURIZED_CHAMBER_PRESSURE_mean,0.0
retrospective,Cond3,joint_residual,phase__p2_secondary_PRESSURIZED_CHAMBER_PRESSURE_std,0.0
retrospective,Cond3,joint_residual,phase__p2_secondary_RETAINER_RING_PRESSURE_auc,0.0
retrospective,Cond3,joint_residual,phase__p2_secondary_RETAINER_RING_PRESSURE_mean,0.0
retrospective,Cond3,joint_residual,phase__p2_secondary_RETAINER_RING_PRESSURE_std,0.0
retrospective,Cond3,joint_residual,phase__p2_secondary_RIPPLE_AIR_BAG_PRESSURE_auc,0.0
retrospective,Cond3,joint_residual,phase__p2_secondary_RIPPLE_AIR_BAG_PRESSURE_mean,0.0
retrospective,Cond3,joint_residual,phase__p2_secondary_RIPPLE_AIR_BAG_PRESSURE_std,0.0
retrospective,Cond3,joint_residual,phase__p2_secondary_SLURRY_FLOW_LINE_A_auc,0.14944280448954983
retrospective,Cond3,joint_residual,phase__p2_secondary_SLURRY_FLOW_LINE_A_mean,0.0
retrospective,Cond3,joint_residual,phase__p2_secondary_SLURRY_FLOW_LINE_A_std,0.0
retrospective,Cond3,joint_residual,phase__p2_secondary_SLURRY_FLOW_LINE_B_auc,2.173589857476287
retrospective,Cond3,joint_residual,phase__p2_secondary_SLURRY_FLOW_LINE_B_mean,0.5730761138760042
retrospective,Cond3,joint_residual,phase__p2_secondary_SLURRY_FLOW_LINE_B_std,0.0
retrospective,Cond3,joint_residual,phase__p2_secondary_SLURRY_FLOW_LINE_C_auc,0.0
retrospective,Cond3,joint_residual,phase__p2_secondary_SLURRY_FLOW_LINE_C_mean,0.0
retrospective,Cond3,joint_residual,phase__p2_secondary_SLURRY_FLOW_LINE_C_std,0.41049832871392844
retrospective,Cond3,joint_residual,phase__p2_secondary_STAGE_ROTATION_mean,0.0
retrospective,Cond3,joint_residual,phase__p2_secondary_USAGE_OF_BACKING_FILM_decreasing,0.0
retrospective,Cond3,joint_residual,phase__p2_secondary_USAGE_OF_BACKING_FILM_mean,0.0
retrospective,Cond3,joint_residual,phase__p2_secondary_USAGE_OF_BACKING_FILM_std,0.0
retrospective,Cond3,joint_residual,phase__p2_secondary_USAGE_OF_DRESSER_TABLE_decreasing,0.0
retrospective,Cond3,joint_residual,phase__p2_secondary_USAGE_OF_DRESSER_TABLE_mean,0.0
retrospective,Cond3,joint_residual,phase__p2_secondary_USAGE_OF_DRESSER_TABLE_std,0.0
retrospective,Cond3,joint_residual,phase__p2_secondary_USAGE_OF_DRESSER_decreasing,0.08316820015347651
retrospective,Cond3,joint_residual,phase__p2_secondary_USAGE_OF_DRESSER_mean,0.699518392810127
retrospective,Cond3,joint_residual,phase__p2_secondary_USAGE_OF_DRESSER_std,0.0
retrospective,Cond3,joint_residual,phase__p2_secondary_USAGE_OF_MEMBRANE_decreasing,0.23295843061337634
retrospective,Cond3,joint_residual,phase__p2_secondary_USAGE_OF_MEMBRANE_mean,0.0
retrospective,Cond3,joint_residual,phase__p2_secondary_USAGE_OF_MEMBRANE_std,0.2383724454641463
retrospective,Cond3,joint_residual,phase__p2_secondary_USAGE_OF_POLISHING_TABLE_decreasing,0.0
retrospective,Cond3,joint_residual,phase__p2_secondary_USAGE_OF_POLISHING_TABLE_mean,0.06986851608525037
retrospective,Cond3,joint_residual,phase__p2_secondary_USAGE_OF_POLISHING_TABLE_std,0.035745048229167686
retrospective,Cond3,joint_residual,phase__p2_secondary_USAGE_OF_PRESSURIZED_SHEET_decreasing,0.0
retrospective,Cond3,joint_residual,phase__p2_secondary_USAGE_OF_PRESSURIZED_SHEET_mean,0.0
retrospective,Cond3,joint_residual,phase__p2_secondary_USAGE_OF_PRESSURIZED_SHEET_std,0.0
retrospective,Cond3,joint_residual,phase__p2_secondary_WAFER_ROTATION_mean,0.0
retrospective,Cond3,joint_residual,phase__p2_secondary_duration,0.0
retrospective,Cond3,joint_residual,qc_primary_ambiguous,0.0
retrospective,Cond3,joint_residual,qc_primary_episodes,0.0
retrospective,Cond3,joint_residual,qc_primary_fallback,0.0
retrospective,Cond3,joint_residual,qc_primary_max_gap,0.4305028484080623
retrospective,Cond3,joint_residual,qc_primary_missing,0.0
retrospective,Cond3,joint_residual,qc_primary_phase_duration,0.0
retrospective,Cond3,joint_residual,qc_primary_span,0.0
retrospective,Cond3,joint_residual,qc_secondary_ambiguous,0.0
retrospective,Cond3,joint_residual,qc_secondary_episodes,0.0
retrospective,Cond3,joint_residual,qc_secondary_fallback,0.0
retrospective,Cond3,joint_residual,qc_secondary_max_gap,0.047017080490347286
retrospective,Cond3,joint_residual,qc_secondary_missing,0.0
retrospective,Cond3,joint_residual,qc_secondary_phase_duration,0.0
retrospective,Cond3,joint_residual,qc_secondary_span,0.0
completed,Cond1,base_direct,lag_1,17.877242652108794
completed,Cond1,base_direct,lag_2,0.0
completed,Cond1,base_direct,lag_3,0.5675911156367341
completed,Cond1,base_direct,lag_4,0.13978939495137893
completed,Cond1,base_direct,lag_5,0.0
completed,Cond1,base_direct,lag_6,0.0
completed,Cond1,base_direct,lag_7,0.025649165998876254
completed,Cond1,base_direct,lag_8,0.4264179974045395
completed,Cond1,base_direct,lag_9,0.14531238310536065
completed,Cond1,base_direct,lag_10,0.009423290118074234
completed,Cond1,base_direct,lag_11,1.6907499731334397
completed,Cond1,base_direct,neighbor_1,1.9758189961264903
completed,Cond1,base_direct,neighbor_2,1.0642885202326964
completed,Cond1,base_direct,neighbor_3,0.7267178037681885
completed,Cond1,base_direct,neighbor_4,2.9619762724140726
completed,Cond1,base_direct,neighbor_5,0.35805127905192796
completed,Cond1,base_direct,neighbor_6,0.3639557579067864
completed,Cond1,base_direct,neighbor_7,1.0505493947697286
completed,Cond1,base_direct,neighbor_8,0.4743613803802842
completed,Cond1,base_direct,neighbor_9,0.47951608740555285
completed,Cond1,base_direct,neighbor_10,0.3864068606105616
completed,Cond1,base_direct,p2_primary_CENTER_AIR_BAG_PRESSURE_auc,0.8572310932888544
completed,Cond1,base_direct,p2_primary_CENTER_AIR_BAG_PRESSURE_mean,0.0
completed,Cond1,base_direct,p2_primary_CENTER_AIR_BAG_PRESSURE_std,0.0
completed,Cond1,base_direct,p2_primary_DRESSING_WATER_STATUS_auc,0.8364240986348086
completed,Cond1,base_direct,p2_primary_DRESSING_WATER_STATUS_mean,1.0974235691117642
completed,Cond1,base_direct,p2_primary_DRESSING_WATER_STATUS_std,0.0
completed,Cond1,base_direct,p2_primary_EDGE_AIR_BAG_PRESSURE_auc,1.5655160926818135
completed,Cond1,base_direct,p2_primary_EDGE_AIR_BAG_PRESSURE_mean,0.0
completed,Cond1,base_direct,p2_primary_EDGE_AIR_BAG_PRESSURE_std,0.07954443656627345
completed,Cond1,base_direct,p2_primary_HEAD_ROTATION_mean,0.12752178812658405
completed,Cond1,base_direct,p2_primary_MAIN_OUTER_AIR_BAG_PRESSURE_auc,7.885303911698237
completed,Cond1,base_direct,p2_primary_MAIN_OUTER_AIR_BAG_PRESSURE_mean,0.0
completed,Cond1,base_direct,p2_primary_MAIN_OUTER_AIR_BAG_PRESSURE_std,1.6563080559502745
completed,Cond1,base_direct,p2_primary_PRESSURIZED_CHAMBER_PRESSURE_auc,16.355590667349933
completed,Cond1,base_direct,p2_primary_PRESSURIZED_CHAMBER_PRESSURE_mean,1.2786835737756634
completed,Cond1,base_direct,p2_primary_PRESSURIZED_CHAMBER_PRESSURE_std,0.0
completed,Cond1,base_direct,p2_primary_RETAINER_RING_PRESSURE_auc,0.1330152122193746
completed,Cond1,base_direct,p2_primary_RETAINER_RING_PRESSURE_mean,0.6256071878087308
completed,Cond1,base_direct,p2_primary_RETAINER_RING_PRESSURE_std,0.47606949926694025
completed,Cond1,base_direct,p2_primary_RIPPLE_AIR_BAG_PRESSURE_auc,0.40775372950586924
completed,Cond1,base_direct,p2_primary_RIPPLE_AIR_BAG_PRESSURE_mean,0.0
completed,Cond1,base_direct,p2_primary_RIPPLE_AIR_BAG_PRESSURE_std,0.8811326685532047
completed,Cond1,base_direct,p2_primary_SLURRY_FLOW_LINE_A_auc,2.3596796913353106
completed,Cond1,base_direct,p2_primary_SLURRY_FLOW_LINE_A_mean,0.9986756240044272
completed,Cond1,base_direct,p2_primary_SLURRY_FLOW_LINE_A_std,0.7014236163999148
completed,Cond1,base_direct,p2_primary_SLURRY_FLOW_LINE_B_auc,0.0
completed,Cond1,base_direct,p2_primary_SLURRY_FLOW_LINE_B_mean,0.25439138862990185
completed,Cond1,base_direct,p2_primary_SLURRY_FLOW_LINE_B_std,0.0
completed,Cond1,base_direct,p2_primary_SLURRY_FLOW_LINE_C_auc,1.5909810907456383
completed,Cond1,base_direct,p2_primary_SLURRY_FLOW_LINE_C_mean,0.47794290810610596
completed,Cond1,base_direct,p2_primary_SLURRY_FLOW_LINE_C_std,0.5021522927601199
completed,Cond1,base_direct,p2_primary_STAGE_ROTATION_mean,0.006980017157258115
completed,Cond1,base_direct,p2_primary_USAGE_OF_BACKING_FILM_decreasing,0.4293667177711195
completed,Cond1,base_direct,p2_primary_USAGE_OF_BACKING_FILM_mean,3.2749411979866556
completed,Cond1,base_direct,p2_primary_USAGE_OF_BACKING_FILM_std,0.1033472409556767
completed,Cond1,base_direct,p2_primary_USAGE_OF_DRESSER_TABLE_decreasing,0.03238611866176644
completed,Cond1,base_direct,p2_primary_USAGE_OF_DRESSER_TABLE_mean,2.5022459641960335
completed,Cond1,base_direct,p2_primary_USAGE_OF_DRESSER_TABLE_std,0.06892120792451473
completed,Cond1,base_direct,p2_primary_USAGE_OF_DRESSER_decreasing,0.023259031511156415
completed,Cond1,base_direct,p2_primary_USAGE_OF_DRESSER_mean,9.028505811896801
completed,Cond1,base_direct,p2_primary_USAGE_OF_DRESSER_std,0.22029120212267458
completed,Cond1,base_direct,p2_primary_USAGE_OF_MEMBRANE_decreasing,0.1363157209613059
completed,Cond1,base_direct,p2_primary_USAGE_OF_MEMBRANE_mean,0.0
completed,Cond1,base_direct,p2_primary_USAGE_OF_MEMBRANE_std,0.0
completed,Cond1,base_direct,p2_primary_USAGE_OF_POLISHING_TABLE_decreasing,0.45595476141513985
completed,Cond1,base_direct,p2_primary_USAGE_OF_POLISHING_TABLE_mean,0.6109132118292556
completed,Cond1,base_direct,p2_primary_USAGE_OF_POLISHING_TABLE_std,0.19015419375030854
completed,Cond1,base_direct,p2_primary_USAGE_OF_PRESSURIZED_SHEET_decreasing,0.0
completed,Cond1,base_direct,p2_primary_USAGE_OF_PRESSURIZED_SHEET_mean,0.0
completed,Cond1,base_direct,p2_primary_USAGE_OF_PRESSURIZED_SHEET_std,0.0
completed,Cond1,base_direct,p2_primary_WAFER_ROTATION_mean,0.3491849154723089
completed,Cond1,base_direct,p2_primary_duration,0.0
completed,Cond1,base_direct,p2_secondary_CENTER_AIR_BAG_PRESSURE_auc,0.0
completed,Cond1,base_direct,p2_secondary_CENTER_AIR_BAG_PRESSURE_mean,0.0
completed,Cond1,base_direct,p2_secondary_CENTER_AIR_BAG_PRESSURE_std,0.21846842365724833
completed,Cond1,base_direct,p2_secondary_DRESSING_WATER_STATUS_auc,0.00868278286697612
completed,Cond1,base_direct,p2_secondary_DRESSING_WATER_STATUS_mean,0.0976398654739007
completed,Cond1,base_direct,p2_secondary_DRESSING_WATER_STATUS_std,0.03250586578418527
completed,Cond1,base_direct,p2_secondary_EDGE_AIR_BAG_PRESSURE_auc,0.06654183380186522
completed,Cond1,base_direct,p2_secondary_EDGE_AIR_BAG_PRESSURE_mean,0.0
completed,Cond1,base_direct,p2_secondary_EDGE_AIR_BAG_PRESSURE_std,0.0
completed,Cond1,base_direct,p2_secondary_HEAD_ROTATION_mean,0.27576149301624236
completed,Cond1,base_direct,p2_secondary_MAIN_OUTER_AIR_BAG_PRESSURE_auc,0.15689284684305788
completed,Cond1,base_direct,p2_secondary_MAIN_OUTER_AIR_BAG_PRESSURE_mean,0.10510368098048094
completed,Cond1,base_direct,p2_secondary_MAIN_OUTER_AIR_BAG_PRESSURE_std,0.0
completed,Cond1,base_direct,p2_secondary_PRESSURIZED_CHAMBER_PRESSURE_auc,0.0
completed,Cond1,base_direct,p2_secondary_PRESSURIZED_CHAMBER_PRESSURE_mean,0.0
completed,Cond1,base_direct,p2_secondary_PRESSURIZED_CHAMBER_PRESSURE_std,0.0
completed,Cond1,base_direct,p2_secondary_RETAINER_RING_PRESSURE_auc,0.0
completed,Cond1,base_direct,p2_secondary_RETAINER_RING_PRESSURE_mean,0.0
completed,Cond1,base_direct,p2_secondary_RETAINER_RING_PRESSURE_std,0.0
completed,Cond1,base_direct,p2_secondary_RIPPLE_AIR_BAG_PRESSURE_auc,0.35790090380333145
completed,Cond1,base_direct,p2_secondary_RIPPLE_AIR_BAG_PRESSURE_mean,0.0
completed,Cond1,base_direct,p2_secondary_RIPPLE_AIR_BAG_PRESSURE_std,0.0
completed,Cond1,base_direct,p2_secondary_SLURRY_FLOW_LINE_A_auc,0.10068018217548749
completed,Cond1,base_direct,p2_secondary_SLURRY_FLOW_LINE_A_mean,0.06378824733614971
completed,Cond1,base_direct,p2_secondary_SLURRY_FLOW_LINE_A_std,0.5863598297143613
completed,Cond1,base_direct,p2_secondary_SLURRY_FLOW_LINE_B_auc,0.015073417886303161
completed,Cond1,base_direct,p2_secondary_SLURRY_FLOW_LINE_B_mean,0.0
completed,Cond1,base_direct,p2_secondary_SLURRY_FLOW_LINE_B_std,0.04576017982667987
completed,Cond1,base_direct,p2_secondary_SLURRY_FLOW_LINE_C_auc,0.9622447271166891
completed,Cond1,base_direct,p2_secondary_SLURRY_FLOW_LINE_C_mean,0.0
completed,Cond1,base_direct,p2_secondary_SLURRY_FLOW_LINE_C_std,0.12022804093932025
completed,Cond1,base_direct,p2_secondary_STAGE_ROTATION_mean,0.2541924737059956
completed,Cond1,base_direct,p2_secondary_USAGE_OF_BACKING_FILM_decreasing,0.0
completed,Cond1,base_direct,p2_secondary_USAGE_OF_BACKING_FILM_mean,1.2614635175783047
completed,Cond1,base_direct,p2_secondary_USAGE_OF_BACKING_FILM_std,0.0
completed,Cond1,base_direct,p2_secondary_USAGE_OF_DRESSER_TABLE_decreasing,0.03102706343676543
completed,Cond1,base_direct,p2_secondary_USAGE_OF_DRESSER_TABLE_mean,1.8688748087699698
completed,Cond1,base_direct,p2_secondary_USAGE_OF_DRESSER_TABLE_std,0.0
completed,Cond1,base_direct,p2_secondary_USAGE_OF_DRESSER_decreasing,0.04376110442476268
completed,Cond1,base_direct,p2_secondary_USAGE_OF_DRESSER_mean,2.5819413265519415
completed,Cond1,base_direct,p2_secondary_USAGE_OF_DRESSER_std,0.0
completed,Cond1,base_direct,p2_secondary_USAGE_OF_MEMBRANE_decreasing,0.024716534146383418
completed,Cond1,base_direct,p2_secondary_USAGE_OF_MEMBRANE_mean,0.0
completed,Cond1,base_direct,p2_secondary_USAGE_OF_MEMBRANE_std,0.0
completed,Cond1,base_direct,p2_secondary_USAGE_OF_POLISHING_TABLE_decreasing,0.018496442515183634
completed,Cond1,base_direct,p2_secondary_USAGE_OF_POLISHING_TABLE_mean,0.7966703982511898
completed,Cond1,base_direct,p2_secondary_USAGE_OF_POLISHING_TABLE_std,0.12439863027477642
completed,Cond1,base_direct,p2_secondary_USAGE_OF_PRESSURIZED_SHEET_decreasing,0.11376689951231059
completed,Cond1,base_direct,p2_secondary_USAGE_OF_PRESSURIZED_SHEET_mean,0.0
completed,Cond1,base_direct,p2_secondary_USAGE_OF_PRESSURIZED_SHEET_std,0.0
completed,Cond1,base_direct,p2_secondary_WAFER_ROTATION_mean,0.1334241204396661
completed,Cond1,base_direct,p2_secondary_duration,0.22867652391524762
completed,Cond1,joint_direct,lag_1,11.406219765659717
completed,Cond1,joint_direct,lag_2,0.0
completed,Cond1,joint_direct,lag_3,0.6251521385694797
completed,Cond1,joint_direct,lag_4,0.30534834556348395
completed,Cond1,joint_direct,lag_5,0.0
completed,Cond1,joint_direct,lag_6,0.2995964742042987
completed,Cond1,joint_direct,lag_7,0.026440842748375243
completed,Cond1,joint_direct,lag_8,0.16005336051291683
completed,Cond1,joint_direct,lag_9,0.02226319120608161
completed,Cond1,joint_direct,lag_10,0.0
completed,Cond1,joint_direct,lag_11,0.6405883038494933
completed,Cond1,joint_direct,neighbor_1,1.2646497105611794
completed,Cond1,joint_direct,neighbor_2,1.4743371483227334
completed,Cond1,joint_direct,neighbor_3,0.15998290934033832
completed,Cond1,joint_direct,neighbor_4,2.558838041579497
completed,Cond1,joint_direct,neighbor_5,0.34583114060750514
completed,Cond1,joint_direct,neighbor_6,0.44216998956441955
completed,Cond1,joint_direct,neighbor_7,0.45893617232871103
completed,Cond1,joint_direct,neighbor_8,0.015488605912372708
completed,Cond1,joint_direct,neighbor_9,0.4585893177856955
completed,Cond1,joint_direct,neighbor_10,0.5784967719079112
completed,Cond1,joint_direct,p2_primary_CENTER_AIR_BAG_PRESSURE_auc,0.9306045242707172
completed,Cond1,joint_direct,p2_primary_CENTER_AIR_BAG_PRESSURE_mean,0.07701380118419421
completed,Cond1,joint_direct,p2_primary_CENTER_AIR_BAG_PRESSURE_std,0.017674893743315212
completed,Cond1,joint_direct,p2_primary_DRESSING_WATER_STATUS_auc,0.4884930943480448
completed,Cond1,joint_direct,p2_primary_DRESSING_WATER_STATUS_mean,0.6308760368272046
completed,Cond1,joint_direct,p2_primary_DRESSING_WATER_STATUS_std,0.030449515282495905
completed,Cond1,joint_direct,p2_primary_EDGE_AIR_BAG_PRESSURE_auc,0.28919335504470395
completed,Cond1,joint_direct,p2_primary_EDGE_AIR_BAG_PRESSURE_mean,0.012026154372645627
completed,Cond1,joint_direct,p2_primary_EDGE_AIR_BAG_PRESSURE_std,0.02772655519959639
completed,Cond1,joint_direct,p2_primary_HEAD_ROTATION_mean,0.5680392063758231
completed,Cond1,joint_direct,p2_primary_MAIN_OUTER_AIR_BAG_PRESSURE_auc,5.29895843547285
completed,Cond1,joint_direct,p2_primary_MAIN_OUTER_AIR_BAG_PRESSURE_mean,0.13945697603043294
completed,Cond1,joint_direct,p2_primary_MAIN_OUTER_AIR_BAG_PRESSURE_std,1.179218682492179
completed,Cond1,joint_direct,p2_primary_PRESSURIZED_CHAMBER_PRESSURE_auc,15.568726051635556
completed,Cond1,joint_direct,p2_primary_PRESSURIZED_CHAMBER_PRESSURE_mean,0.4206608914238947
completed,Cond1,joint_direct,p2_primary_PRESSURIZED_CHAMBER_PRESSURE_std,0.11595573795531092
completed,Cond1,joint_direct,p2_primary_RETAINER_RING_PRESSURE_auc,0.14107859452134178
completed,Cond1,joint_direct,p2_primary_RETAINER_RING_PRESSURE_mean,0.15902147197648855
completed,Cond1,joint_direct,p2_primary_RETAINER_RING_PRESSURE_std,0.168083867440186
completed,Cond1,joint_direct,p2_primary_RIPPLE_AIR_BAG_PRESSURE_auc,0.7662038842804553
completed,Cond1,joint_direct,p2_primary_RIPPLE_AIR_BAG_PRESSURE_mean,0.01502244024746441
completed,Cond1,joint_direct,p2_primary_RIPPLE_AIR_BAG_PRESSURE_std,0.8702776584207269
completed,Cond1,joint_direct,p2_primary_SLURRY_FLOW_LINE_A_auc,1.67102672789115
completed,Cond1,joint_direct,p2_primary_SLURRY_FLOW_LINE_A_mean,0.2946504597036741
completed,Cond1,joint_direct,p2_primary_SLURRY_FLOW_LINE_A_std,0.4130890341379791
completed,Cond1,joint_direct,p2_primary_SLURRY_FLOW_LINE_B_auc,0.061417218558272035
completed,Cond1,joint_direct,p2_primary_SLURRY_FLOW_LINE_B_mean,0.14773470367769914
completed,Cond1,joint_direct,p2_primary_SLURRY_FLOW_LINE_B_std,0.022784915535059846
completed,Cond1,joint_direct,p2_primary_SLURRY_FLOW_LINE_C_auc,2.1065945750686317
completed,Cond1,joint_direct,p2_primary_SLURRY_FLOW_LINE_C_mean,0.37723657593922383
completed,Cond1,joint_direct,p2_primary_SLURRY_FLOW_LINE_C_std,0.33467186750320815
completed,Cond1,joint_direct,p2_primary_STAGE_ROTATION_mean,0.03771586190371322
completed,Cond1,joint_direct,p2_primary_USAGE_OF_BACKING_FILM_decreasing,0.34624332650458467
completed,Cond1,joint_direct,p2_primary_USAGE_OF_BACKING_FILM_mean,3.4551137373922263
completed,Cond1,joint_direct,p2_primary_USAGE_OF_BACKING_FILM_std,0.009850299414965456
completed,Cond1,joint_direct,p2_primary_USAGE_OF_DRESSER_TABLE_decreasing,0.027214238408970783
completed,Cond1,joint_direct,p2_primary_USAGE_OF_DRESSER_TABLE_mean,0.4577443273012535
completed,Cond1,joint_direct,p2_primary_USAGE_OF_DRESSER_TABLE_std,0.0
completed,Cond1,joint_direct,p2_primary_USAGE_OF_DRESSER_decreasing,0.1751633855813894
completed,Cond1,joint_direct,p2_primary_USAGE_OF_DRESSER_mean,2.0883186299589824
completed,Cond1,joint_direct,p2_primary_USAGE_OF_DRESSER_std,0.03915213695529059
completed,Cond1,joint_direct,p2_primary_USAGE_OF_MEMBRANE_decreasing,0.02481826344173529
completed,Cond1,joint_direct,p2_primary_USAGE_OF_MEMBRANE_mean,0.0
completed,Cond1,joint_direct,p2_primary_USAGE_OF_MEMBRANE_std,0.03115973688745457
completed,Cond1,joint_direct,p2_primary_USAGE_OF_POLISHING_TABLE_decreasing,0.28423531130376245
completed,Cond1,joint_direct,p2_primary_USAGE_OF_POLISHING_TABLE_mean,0.3030540193695006
completed,Cond1,joint_direct,p2_primary_USAGE_OF_POLISHING_TABLE_std,0.10017029160014587
completed,Cond1,joint_direct,p2_primary_USAGE_OF_PRESSURIZED_SHEET_decreasing,0.0
completed,Cond1,joint_direct,p2_primary_USAGE_OF_PRESSURIZED_SHEET_mean,0.0
completed,Cond1,joint_direct,p2_primary_USAGE_OF_PRESSURIZED_SHEET_std,0.0
completed,Cond1,joint_direct,p2_primary_WAFER_ROTATION_mean,0.1463990467434985
completed,Cond1,joint_direct,p2_primary_duration,0.0
completed,Cond1,joint_direct,p2_secondary_CENTER_AIR_BAG_PRESSURE_auc,0.0
completed,Cond1,joint_direct,p2_secondary_CENTER_AIR_BAG_PRESSURE_mean,0.0
completed,Cond1,joint_direct,p2_secondary_CENTER_AIR_BAG_PRESSURE_std,0.0
completed,Cond1,joint_direct,p2_secondary_DRESSING_WATER_STATUS_auc,0.045004270797240044
completed,Cond1,joint_direct,p2_secondary_DRESSING_WATER_STATUS_mean,0.02583366861853915
completed,Cond1,joint_direct,p2_secondary_DRESSING_WATER_STATUS_std,0.018520512431204922
completed,Cond1,joint_direct,p2_secondary_EDGE_AIR_BAG_PRESSURE_auc,0.0
completed,Cond1,joint_direct,p2_secondary_EDGE_AIR_BAG_PRESSURE_mean,0.0
completed,Cond1,joint_direct,p2_secondary_EDGE_AIR_BAG_PRESSURE_std,0.030833982735641433
completed,Cond1,joint_direct,p2_secondary_HEAD_ROTATION_mean,0.0927824323376061
completed,Cond1,joint_direct,p2_secondary_MAIN_OUTER_AIR_BAG_PRESSURE_auc,0.03564589829687744
completed,Cond1,joint_direct,p2_secondary_MAIN_OUTER_AIR_BAG_PRESSURE_mean,0.0
completed,Cond1,joint_direct,p2_secondary_MAIN_OUTER_AIR_BAG_PRESSURE_std,0.019389172799445468
completed,Cond1,joint_direct,p2_secondary_PRESSURIZED_CHAMBER_PRESSURE_auc,0.019549998886467745
completed,Cond1,joint_direct,p2_secondary_PRESSURIZED_CHAMBER_PRESSURE_mean,0.08831251993227228
completed,Cond1,joint_direct,p2_secondary_PRESSURIZED_CHAMBER_PRESSURE_std,0.03813341137746064
completed,Cond1,joint_direct,p2_secondary_RETAINER_RING_PRESSURE_auc,0.0
completed,Cond1,joint_direct,p2_secondary_RETAINER_RING_PRESSURE_mean,0.011015927913285317
completed,Cond1,joint_direct,p2_secondary_RETAINER_RING_PRESSURE_std,0.0
completed,Cond1,joint_direct,p2_secondary_RIPPLE_AIR_BAG_PRESSURE_auc,0.0
completed,Cond1,joint_direct,p2_secondary_RIPPLE_AIR_BAG_PRESSURE_mean,0.0638741781060997
completed,Cond1,joint_direct,p2_secondary_RIPPLE_AIR_BAG_PRESSURE_std,0.0
completed,Cond1,joint_direct,p2_secondary_SLURRY_FLOW_LINE_A_auc,0.08761125580089806
completed,Cond1,joint_direct,p2_secondary_SLURRY_FLOW_LINE_A_mean,0.0
completed,Cond1,joint_direct,p2_secondary_SLURRY_FLOW_LINE_A_std,0.7850599971645553
completed,Cond1,joint_direct,p2_secondary_SLURRY_FLOW_LINE_B_auc,0.0
completed,Cond1,joint_direct,p2_secondary_SLURRY_FLOW_LINE_B_mean,0.0
completed,Cond1,joint_direct,p2_secondary_SLURRY_FLOW_LINE_B_std,0.09079555620028705
completed,Cond1,joint_direct,p2_secondary_SLURRY_FLOW_LINE_C_auc,0.27304932590492387
completed,Cond1,joint_direct,p2_secondary_SLURRY_FLOW_LINE_C_mean,0.017632895207346323
completed,Cond1,joint_direct,p2_secondary_SLURRY_FLOW_LINE_C_std,0.13037283701534466
completed,Cond1,joint_direct,p2_secondary_STAGE_ROTATION_mean,0.37948151757455245
completed,Cond1,joint_direct,p2_secondary_USAGE_OF_BACKING_FILM_decreasing,0.05340976880079794
completed,Cond1,joint_direct,p2_secondary_USAGE_OF_BACKING_FILM_mean,0.6593001231219008
completed,Cond1,joint_direct,p2_secondary_USAGE_OF_BACKING_FILM_std,0.05711640756730929
completed,Cond1,joint_direct,p2_secondary_USAGE_OF_DRESSER_TABLE_decreasing,0.0
completed,Cond1,joint_direct,p2_secondary_USAGE_OF_DRESSER_TABLE_mean,1.186371528855907
completed,Cond1,joint_direct,p2_secondary_USAGE_OF_DRESSER_TABLE_std,0.0
completed,Cond1,joint_direct,p2_secondary_USAGE_OF_DRESSER_decreasing,0.0
completed,Cond1,joint_direct,p2_secondary_USAGE_OF_DRESSER_mean,1.3635580144785981
completed,Cond1,joint_direct,p2_secondary_USAGE_OF_DRESSER_std,0.0
completed,Cond1,joint_direct,p2_secondary_USAGE_OF_MEMBRANE_decreasing,0.03669715545424789
completed,Cond1,joint_direct,p2_secondary_USAGE_OF_MEMBRANE_mean,0.0
completed,Cond1,joint_direct,p2_secondary_USAGE_OF_MEMBRANE_std,0.02735826038553351
completed,Cond1,joint_direct,p2_secondary_USAGE_OF_POLISHING_TABLE_decreasing,0.06175822983755163
completed,Cond1,joint_direct,p2_secondary_USAGE_OF_POLISHING_TABLE_mean,0.532242418513096
completed,Cond1,joint_direct,p2_secondary_USAGE_OF_POLISHING_TABLE_std,0.0
completed,Cond1,joint_direct,p2_secondary_USAGE_OF_PRESSURIZED_SHEET_decreasing,0.0
completed,Cond1,joint_direct,p2_secondary_USAGE_OF_PRESSURIZED_SHEET_mean,0.0
completed,Cond1,joint_direct,p2_secondary_USAGE_OF_PRESSURIZED_SHEET_std,0.0
completed,Cond1,joint_direct,p2_secondary_WAFER_ROTATION_mean,0.14277913969497788
completed,Cond1,joint_direct,p2_secondary_duration,0.14033267640933697
completed,Cond1,joint_direct,history_summary_0,0.21584476914587952
completed,Cond1,joint_direct,history_summary_1,0.30973545544922826
completed,Cond1,joint_direct,history_summary_2,0.0
completed,Cond1,joint_direct,history_summary_3,0.043746916486086966
completed,Cond1,joint_direct,history_summary_4,0.4070696448936516
completed,Cond1,joint_direct,history_summary_5,1.9400858349874706
completed,Cond1,joint_direct,history_summary_6,2.1029395125048813
completed,Cond1,joint_direct,history_summary_7,0.0
completed,Cond1,joint_direct,history_summary_8,1.7256536288985456
completed,Cond1,joint_direct,history_summary_9,4.271340808812441
completed,Cond1,joint_direct,gap__p2_primary_CENTER_AIR_BAG_PRESSURE_auc,0.0
completed,Cond1,joint_direct,gap__p2_primary_CENTER_AIR_BAG_PRESSURE_mean,0.0
completed,Cond1,joint_direct,gap__p2_primary_CENTER_AIR_BAG_PRESSURE_std,0.0
completed,Cond1,joint_direct,gap__p2_primary_DRESSING_WATER_STATUS_auc,0.0
completed,Cond1,joint_direct,gap__p2_primary_DRESSING_WATER_STATUS_mean,0.0
completed,Cond1,joint_direct,gap__p2_primary_DRESSING_WATER_STATUS_std,0.0
completed,Cond1,joint_direct,gap__p2_primary_EDGE_AIR_BAG_PRESSURE_auc,0.0
completed,Cond1,joint_direct,gap__p2_primary_EDGE_AIR_BAG_PRESSURE_mean,0.0
completed,Cond1,joint_direct,gap__p2_primary_EDGE_AIR_BAG_PRESSURE_std,0.0
completed,Cond1,joint_direct,gap__p2_primary_HEAD_ROTATION_mean,0.0
completed,Cond1,joint_direct,gap__p2_primary_MAIN_OUTER_AIR_BAG_PRESSURE_auc,0.0
completed,Cond1,joint_direct,gap__p2_primary_MAIN_OUTER_AIR_BAG_PRESSURE_mean,0.0
completed,Cond1,joint_direct,gap__p2_primary_MAIN_OUTER_AIR_BAG_PRESSURE_std,0.0
completed,Cond1,joint_direct,gap__p2_primary_PRESSURIZED_CHAMBER_PRESSURE_auc,0.0
completed,Cond1,joint_direct,gap__p2_primary_PRESSURIZED_CHAMBER_PRESSURE_mean,0.0
completed,Cond1,joint_direct,gap__p2_primary_PRESSURIZED_CHAMBER_PRESSURE_std,0.0
completed,Cond1,joint_direct,gap__p2_primary_RETAINER_RING_PRESSURE_auc,0.0
completed,Cond1,joint_direct,gap__p2_primary_RETAINER_RING_PRESSURE_mean,0.0
completed,Cond1,joint_direct,gap__p2_primary_RETAINER_RING_PRESSURE_std,0.0
completed,Cond1,joint_direct,gap__p2_primary_RIPPLE_AIR_BAG_PRESSURE_auc,0.0
completed,Cond1,joint_direct,gap__p2_primary_RIPPLE_AIR_BAG_PRESSURE_mean,0.0
completed,Cond1,joint_direct,gap__p2_primary_RIPPLE_AIR_BAG_PRESSURE_std,0.0
completed,Cond1,joint_direct,gap__p2_primary_SLURRY_FLOW_LINE_A_auc,0.0
completed,Cond1,joint_direct,gap__p2_primary_SLURRY_FLOW_LINE_A_mean,0.0
completed,Cond1,joint_direct,gap__p2_primary_SLURRY_FLOW_LINE_A_std,0.0
completed,Cond1,joint_direct,gap__p2_primary_SLURRY_FLOW_LINE_B_auc,0.0
completed,Cond1,joint_direct,gap__p2_primary_SLURRY_FLOW_LINE_B_mean,0.0
completed,Cond1,joint_direct,gap__p2_primary_SLURRY_FLOW_LINE_B_std,0.0
completed,Cond1,joint_direct,gap__p2_primary_SLURRY_FLOW_LINE_C_auc,0.0
completed,Cond1,joint_direct,gap__p2_primary_SLURRY_FLOW_LINE_C_mean,0.0
completed,Cond1,joint_direct,gap__p2_primary_SLURRY_FLOW_LINE_C_std,0.0
completed,Cond1,joint_direct,gap__p2_primary_STAGE_ROTATION_mean,0.0
completed,Cond1,joint_direct,gap__p2_primary_USAGE_OF_BACKING_FILM_decreasing,0.0
completed,Cond1,joint_direct,gap__p2_primary_USAGE_OF_BACKING_FILM_mean,0.0
completed,Cond1,joint_direct,gap__p2_primary_USAGE_OF_BACKING_FILM_std,0.0
completed,Cond1,joint_direct,gap__p2_primary_USAGE_OF_DRESSER_TABLE_decreasing,0.0
completed,Cond1,joint_direct,gap__p2_primary_USAGE_OF_DRESSER_TABLE_mean,0.0
completed,Cond1,joint_direct,gap__p2_primary_USAGE_OF_DRESSER_TABLE_std,0.0
completed,Cond1,joint_direct,gap__p2_primary_USAGE_OF_DRESSER_decreasing,0.0
completed,Cond1,joint_direct,gap__p2_primary_USAGE_OF_DRESSER_mean,0.0
completed,Cond1,joint_direct,gap__p2_primary_USAGE_OF_DRESSER_std,0.0
completed,Cond1,joint_direct,gap__p2_primary_USAGE_OF_MEMBRANE_decreasing,0.0
completed,Cond1,joint_direct,gap__p2_primary_USAGE_OF_MEMBRANE_mean,0.0
completed,Cond1,joint_direct,gap__p2_primary_USAGE_OF_MEMBRANE_std,0.0
completed,Cond1,joint_direct,gap__p2_primary_USAGE_OF_POLISHING_TABLE_decreasing,0.0
completed,Cond1,joint_direct,gap__p2_primary_USAGE_OF_POLISHING_TABLE_mean,0.0
completed,Cond1,joint_direct,gap__p2_primary_USAGE_OF_POLISHING_TABLE_std,0.0
completed,Cond1,joint_direct,gap__p2_primary_USAGE_OF_PRESSURIZED_SHEET_decreasing,0.0
completed,Cond1,joint_direct,gap__p2_primary_USAGE_OF_PRESSURIZED_SHEET_mean,0.0
completed,Cond1,joint_direct,gap__p2_primary_USAGE_OF_PRESSURIZED_SHEET_std,0.0
completed,Cond1,joint_direct,gap__p2_primary_WAFER_ROTATION_mean,0.0
completed,Cond1,joint_direct,gap__p2_primary_duration,0.0
completed,Cond1,joint_direct,gap__p2_secondary_CENTER_AIR_BAG_PRESSURE_auc,0.1180618011423906
completed,Cond1,joint_direct,gap__p2_secondary_CENTER_AIR_BAG_PRESSURE_mean,0.0
completed,Cond1,joint_direct,gap__p2_secondary_CENTER_AIR_BAG_PRESSURE_std,0.0
completed,Cond1,joint_direct,gap__p2_secondary_DRESSING_WATER_STATUS_auc,0.05426565192834052
completed,Cond1,joint_direct,gap__p2_secondary_DRESSING_WATER_STATUS_mean,0.0
completed,Cond1,joint_direct,gap__p2_secondary_DRESSING_WATER_STATUS_std,0.0
completed,Cond1,joint_direct,gap__p2_secondary_EDGE_AIR_BAG_PRESSURE_auc,0.0
completed,Cond1,joint_direct,gap__p2_secondary_EDGE_AIR_BAG_PRESSURE_mean,0.0
completed,Cond1,joint_direct,gap__p2_secondary_EDGE_AIR_BAG_PRESSURE_std,0.0
completed,Cond1,joint_direct,gap__p2_secondary_HEAD_ROTATION_mean,0.0
completed,Cond1,joint_direct,gap__p2_secondary_MAIN_OUTER_AIR_BAG_PRESSURE_auc,0.03484604822282926
completed,Cond1,joint_direct,gap__p2_secondary_MAIN_OUTER_AIR_BAG_PRESSURE_mean,0.0
completed,Cond1,joint_direct,gap__p2_secondary_MAIN_OUTER_AIR_BAG_PRESSURE_std,0.0
completed,Cond1,joint_direct,gap__p2_secondary_PRESSURIZED_CHAMBER_PRESSURE_auc,0.0
completed,Cond1,joint_direct,gap__p2_secondary_PRESSURIZED_CHAMBER_PRESSURE_mean,0.0
completed,Cond1,joint_direct,gap__p2_secondary_PRESSURIZED_CHAMBER_PRESSURE_std,0.0
completed,Cond1,joint_direct,gap__p2_secondary_RETAINER_RING_PRESSURE_auc,0.0
completed,Cond1,joint_direct,gap__p2_secondary_RETAINER_RING_PRESSURE_mean,0.0
completed,Cond1,joint_direct,gap__p2_secondary_RETAINER_RING_PRESSURE_std,0.0
completed,Cond1,joint_direct,gap__p2_secondary_RIPPLE_AIR_BAG_PRESSURE_auc,0.0
completed,Cond1,joint_direct,gap__p2_secondary_RIPPLE_AIR_BAG_PRESSURE_mean,0.0
completed,Cond1,joint_direct,gap__p2_secondary_RIPPLE_AIR_BAG_PRESSURE_std,0.0
completed,Cond1,joint_direct,gap__p2_secondary_SLURRY_FLOW_LINE_A_auc,0.0
completed,Cond1,joint_direct,gap__p2_secondary_SLURRY_FLOW_LINE_A_mean,0.0
completed,Cond1,joint_direct,gap__p2_secondary_SLURRY_FLOW_LINE_A_std,0.0
completed,Cond1,joint_direct,gap__p2_secondary_SLURRY_FLOW_LINE_B_auc,0.0
completed,Cond1,joint_direct,gap__p2_secondary_SLURRY_FLOW_LINE_B_mean,0.0
completed,Cond1,joint_direct,gap__p2_secondary_SLURRY_FLOW_LINE_B_std,0.0
completed,Cond1,joint_direct,gap__p2_secondary_SLURRY_FLOW_LINE_C_auc,0.22943191729431864
completed,Cond1,joint_direct,gap__p2_secondary_SLURRY_FLOW_LINE_C_mean,0.0
completed,Cond1,joint_direct,gap__p2_secondary_SLURRY_FLOW_LINE_C_std,0.0
completed,Cond1,joint_direct,gap__p2_secondary_STAGE_ROTATION_mean,0.0
completed,Cond1,joint_direct,gap__p2_secondary_USAGE_OF_BACKING_FILM_decreasing,0.0
completed,Cond1,joint_direct,gap__p2_secondary_USAGE_OF_BACKING_FILM_mean,0.0
completed,Cond1,joint_direct,gap__p2_secondary_USAGE_OF_BACKING_FILM_std,0.0
completed,Cond1,joint_direct,gap__p2_secondary_USAGE_OF_DRESSER_TABLE_decreasing,0.0
completed,Cond1,joint_direct,gap__p2_secondary_USAGE_OF_DRESSER_TABLE_mean,0.0
completed,Cond1,joint_direct,gap__p2_secondary_USAGE_OF_DRESSER_TABLE_std,0.0
completed,Cond1,joint_direct,gap__p2_secondary_USAGE_OF_DRESSER_decreasing,0.02010072374270887
completed,Cond1,joint_direct,gap__p2_secondary_USAGE_OF_DRESSER_mean,0.0
completed,Cond1,joint_direct,gap__p2_secondary_USAGE_OF_DRESSER_std,0.0
completed,Cond1,joint_direct,gap__p2_secondary_USAGE_OF_MEMBRANE_decreasing,0.0
completed,Cond1,joint_direct,gap__p2_secondary_USAGE_OF_MEMBRANE_mean,0.0
completed,Cond1,joint_direct,gap__p2_secondary_USAGE_OF_MEMBRANE_std,0.0
completed,Cond1,joint_direct,gap__p2_secondary_USAGE_OF_POLISHING_TABLE_decreasing,0.0
completed,Cond1,joint_direct,gap__p2_secondary_USAGE_OF_POLISHING_TABLE_mean,0.0
completed,Cond1,joint_direct,gap__p2_secondary_USAGE_OF_POLISHING_TABLE_std,0.0
completed,Cond1,joint_direct,gap__p2_secondary_USAGE_OF_PRESSURIZED_SHEET_decreasing,0.0
completed,Cond1,joint_direct,gap__p2_secondary_USAGE_OF_PRESSURIZED_SHEET_mean,0.0
completed,Cond1,joint_direct,gap__p2_secondary_USAGE_OF_PRESSURIZED_SHEET_std,0.0
completed,Cond1,joint_direct,gap__p2_secondary_WAFER_ROTATION_mean,0.0
completed,Cond1,joint_direct,gap__p2_secondary_duration,0.0712270571964713
completed,Cond1,joint_direct,multi_primary_active_fraction,0.0
completed,Cond1,joint_direct,multi_primary_active_point_fraction,0.017697296137312423
completed,Cond1,joint_direct,multi_primary_active_time,0.009570647875727633
completed,Cond1,joint_direct,multi_primary_episode_count,0.0
completed,Cond1,joint_direct,multi_primary_episode_max,0.024502920369010882
completed,Cond1,joint_direct,multi_primary_episode_median,0.10091738381700002
completed,Cond1,joint_direct,multi_primary_episode_min,0.07467863967218694
completed,Cond1,joint_direct,multi_primary_episode_std,0.0
completed,Cond1,joint_direct,multi_primary_inactive_time,0.02750130731491326
completed,Cond1,joint_direct,multi_primary_observed_time,0.0
completed,Cond1,joint_direct,multi_primary_pressure_integral,0.0
completed,Cond1,joint_direct,multi_primary_pressure_mean,0.6160477932539296
completed,Cond1,joint_direct,multi_primary_pressure_rotation_proxy_integral,0.027128295607408582
completed,Cond1,joint_direct,multi_primary_pressure_rotation_proxy_mean,0.03327850274768787
completed,Cond1,joint_direct,multi_primary_pressure_rotation_proxy_std,0.0
completed,Cond1,joint_direct,multi_primary_pressure_std,0.043127632573811456
completed,Cond1,joint_direct,multi_primary_rotation_sum_integral,0.0
completed,Cond1,joint_direct,multi_primary_rotation_sum_mean,0.07186485769958934
completed,Cond1,joint_direct,multi_primary_rotation_sum_std,0.38810416761853844
completed,Cond1,joint_direct,multi_primary_slurry_integral,0.06816351616964579
completed,Cond1,joint_direct,multi_primary_slurry_mean,0.38048901695841053
completed,Cond1,joint_direct,multi_primary_slurry_std,0.00811722497436816
completed,Cond1,joint_direct,multi_secondary_active_fraction,0.0255671688174072
completed,Cond1,joint_direct,multi_secondary_active_point_fraction,0.037334209686899295
completed,Cond1,joint_direct,multi_secondary_active_time,0.0
completed,Cond1,joint_direct,multi_secondary_episode_count,0.0
completed,Cond1,joint_direct,multi_secondary_episode_max,0.0
completed,Cond1,joint_direct,multi_secondary_episode_median,0.0
completed,Cond1,joint_direct,multi_secondary_episode_min,0.0
completed,Cond1,joint_direct,multi_secondary_episode_std,0.0
completed,Cond1,joint_direct,multi_secondary_inactive_time,0.0
completed,Cond1,joint_direct,multi_secondary_observed_time,0.0
completed,Cond1,joint_direct,multi_secondary_pressure_integral,0.0
completed,Cond1,joint_direct,multi_secondary_pressure_mean,0.02535146473030426
completed,Cond1,joint_direct,multi_secondary_pressure_rotation_proxy_integral,0.09764370080480242
completed,Cond1,joint_direct,multi_secondary_pressure_rotation_proxy_mean,0.033683880646783515
completed,Cond1,joint_direct,multi_secondary_pressure_rotation_proxy_std,0.2950453395884222
completed,Cond1,joint_direct,multi_secondary_pressure_std,0.03684816120861872
completed,Cond1,joint_direct,multi_secondary_rotation_sum_integral,0.05414218571539861
completed,Cond1,joint_direct,multi_secondary_rotation_sum_mean,0.0
completed,Cond1,joint_direct,multi_secondary_rotation_sum_std,0.15994061957634
completed,Cond1,joint_direct,multi_secondary_slurry_integral,0.03195076938575201
completed,Cond1,joint_direct,multi_secondary_slurry_mean,0.0
completed,Cond1,joint_direct,multi_secondary_slurry_std,0.15753827873564544
completed,Cond1,joint_direct,phase__p2_primary_CENTER_AIR_BAG_PRESSURE_auc,0.0
completed,Cond1,joint_direct,phase__p2_primary_CENTER_AIR_BAG_PRESSURE_mean,0.11169441445954165
completed,Cond1,joint_direct,phase__p2_primary_CENTER_AIR_BAG_PRESSURE_std,0.011033876431701528
completed,Cond1,joint_direct,phase__p2_primary_DRESSING_WATER_STATUS_auc,0.002053750130522911
completed,Cond1,joint_direct,phase__p2_primary_DRESSING_WATER_STATUS_mean,0.0
completed,Cond1,joint_direct,phase__p2_primary_DRESSING_WATER_STATUS_std,0.0
completed,Cond1,joint_direct,phase__p2_primary_EDGE_AIR_BAG_PRESSURE_auc,0.0
completed,Cond1,joint_direct,phase__p2_primary_EDGE_AIR_BAG_PRESSURE_mean,0.0
completed,Cond1,joint_direct,phase__p2_primary_EDGE_AIR_BAG_PRESSURE_std,0.06740894652811585
completed,Cond1,joint_direct,phase__p2_primary_HEAD_ROTATION_mean,0.22025745127622373
completed,Cond1,joint_direct,phase__p2_primary_MAIN_OUTER_AIR_BAG_PRESSURE_auc,0.024543819999942453
completed,Cond1,joint_direct,phase__p2_primary_MAIN_OUTER_AIR_BAG_PRESSURE_mean,0.01913912046647021
completed,Cond1,joint_direct,phase__p2_primary_MAIN_OUTER_AIR_BAG_PRESSURE_std,0.03910950989444204
completed,Cond1,joint_direct,phase__p2_primary_PRESSURIZED_CHAMBER_PRESSURE_auc,0.18301406195257644
completed,Cond1,joint_direct,phase__p2_primary_PRESSURIZED_CHAMBER_PRESSURE_mean,0.2390724351958306
completed,Cond1,joint_direct,phase__p2_primary_PRESSURIZED_CHAMBER_PRESSURE_std,0.18594336440941261
completed,Cond1,joint_direct,phase__p2_primary_RETAINER_RING_PRESSURE_auc,0.02446781541568299
completed,Cond1,joint_direct,phase__p2_primary_RETAINER_RING_PRESSURE_mean,0.10262167359616853
completed,Cond1,joint_direct,phase__p2_primary_RETAINER_RING_PRESSURE_std,0.1780874075824549
completed,Cond1,joint_direct,phase__p2_primary_RIPPLE_AIR_BAG_PRESSURE_auc,0.0
completed,Cond1,joint_direct,phase__p2_primary_RIPPLE_AIR_BAG_PRESSURE_mean,0.02454190300781118
completed,Cond1,joint_direct,phase__p2_primary_RIPPLE_AIR_BAG_PRESSURE_std,0.08767698675584046
completed,Cond1,joint_direct,phase__p2_primary_SLURRY_FLOW_LINE_A_auc,0.007060226722723865
completed,Cond1,joint_direct,phase__p2_primary_SLURRY_FLOW_LINE_A_mean,0.006397245436242631
completed,Cond1,joint_direct,phase__p2_primary_SLURRY_FLOW_LINE_A_std,0.15887208522979485
completed,Cond1,joint_direct,phase__p2_primary_SLURRY_FLOW_LINE_B_auc,0.0
completed,Cond1,joint_direct,phase__p2_primary_SLURRY_FLOW_LINE_B_mean,0.0
completed,Cond1,joint_direct,phase__p2_primary_SLURRY_FLOW_LINE_B_std,0.25619763946607826
completed,Cond1,joint_direct,phase__p2_primary_SLURRY_FLOW_LINE_C_auc,1.4366545705718585
completed,Cond1,joint_direct,phase__p2_primary_SLURRY_FLOW_LINE_C_mean,0.0317675661703216
completed,Cond1,joint_direct,phase__p2_primary_SLURRY_FLOW_LINE_C_std,0.18391683968585187
completed,Cond1,joint_direct,phase__p2_primary_STAGE_ROTATION_mean,0.0
completed,Cond1,joint_direct,phase__p2_primary_USAGE_OF_BACKING_FILM_decreasing,0.05778865901806419
completed,Cond1,joint_direct,phase__p2_primary_USAGE_OF_BACKING_FILM_mean,0.0
completed,Cond1,joint_direct,phase__p2_primary_USAGE_OF_BACKING_FILM_std,0.0
completed,Cond1,joint_direct,phase__p2_primary_USAGE_OF_DRESSER_TABLE_decreasing,0.0
completed,Cond1,joint_direct,phase__p2_primary_USAGE_OF_DRESSER_TABLE_mean,0.8830387885588366
completed,Cond1,joint_direct,phase__p2_primary_USAGE_OF_DRESSER_TABLE_std,0.0
completed,Cond1,joint_direct,phase__p2_primary_USAGE_OF_DRESSER_decreasing,0.09713298967142968
completed,Cond1,joint_direct,phase__p2_primary_USAGE_OF_DRESSER_mean,7.1306948328157285
completed,Cond1,joint_direct,phase__p2_primary_USAGE_OF_DRESSER_std,0.0
completed,Cond1,joint_direct,phase__p2_primary_USAGE_OF_MEMBRANE_decreasing,0.028201798201244348
completed,Cond1,joint_direct,phase__p2_primary_USAGE_OF_MEMBRANE_mean,0.0
completed,Cond1,joint_direct,phase__p2_primary_USAGE_OF_MEMBRANE_std,0.0
completed,Cond1,joint_direct,phase__p2_primary_USAGE_OF_POLISHING_TABLE_decreasing,0.1623760804184928
completed,Cond1,joint_direct,phase__p2_primary_USAGE_OF_POLISHING_TABLE_mean,0.5420612434888461
completed,Cond1,joint_direct,phase__p2_primary_USAGE_OF_POLISHING_TABLE_std,0.2200139066215904
completed,Cond1,joint_direct,phase__p2_primary_USAGE_OF_PRESSURIZED_SHEET_decreasing,0.14804141011332322
completed,Cond1,joint_direct,phase__p2_primary_USAGE_OF_PRESSURIZED_SHEET_mean,0.0
completed,Cond1,joint_direct,phase__p2_primary_USAGE_OF_PRESSURIZED_SHEET_std,0.0
completed,Cond1,joint_direct,phase__p2_primary_WAFER_ROTATION_mean,1.8533632786986871
completed,Cond1,joint_direct,phase__p2_primary_duration,0.0
completed,Cond1,joint_direct,phase__p2_secondary_CENTER_AIR_BAG_PRESSURE_auc,0.008519995960345281
completed,Cond1,joint_direct,phase__p2_secondary_CENTER_AIR_BAG_PRESSURE_mean,0.02747175270218522
completed,Cond1,joint_direct,phase__p2_secondary_CENTER_AIR_BAG_PRESSURE_std,0.010040448435367822
completed,Cond1,joint_direct,phase__p2_secondary_DRESSING_WATER_STATUS_auc,0.16433885905407764
completed,Cond1,joint_direct,phase__p2_secondary_DRESSING_WATER_STATUS_mean,0.0
completed,Cond1,joint_direct,phase__p2_secondary_DRESSING_WATER_STATUS_std,0.0
completed,Cond1,joint_direct,phase__p2_secondary_EDGE_AIR_BAG_PRESSURE_auc,0.044787762006929105
completed,Cond1,joint_direct,phase__p2_secondary_EDGE_AIR_BAG_PRESSURE_mean,0.0
completed,Cond1,joint_direct,phase__p2_secondary_EDGE_AIR_BAG_PRESSURE_std,0.0
completed,Cond1,joint_direct,phase__p2_secondary_HEAD_ROTATION_mean,0.2668833896774446
completed,Cond1,joint_direct,phase__p2_secondary_MAIN_OUTER_AIR_BAG_PRESSURE_auc,0.025978682429266976
completed,Cond1,joint_direct,phase__p2_secondary_MAIN_OUTER_AIR_BAG_PRESSURE_mean,0.01934245838594644
completed,Cond1,joint_direct,phase__p2_secondary_MAIN_OUTER_AIR_BAG_PRESSURE_std,0.01312437147988977
completed,Cond1,joint_direct,phase__p2_secondary_PRESSURIZED_CHAMBER_PRESSURE_auc,0.07490083959253543
completed,Cond1,joint_direct,phase__p2_secondary_PRESSURIZED_CHAMBER_PRESSURE_mean,0.023049561436377552
completed,Cond1,joint_direct,phase__p2_secondary_PRESSURIZED_CHAMBER_PRESSURE_std,0.12461585570429724
completed,Cond1,joint_direct,phase__p2_secondary_RETAINER_RING_PRESSURE_auc,0.0
completed,Cond1,joint_direct,phase__p2_secondary_RETAINER_RING_PRESSURE_mean,0.0
completed,Cond1,joint_direct,phase__p2_secondary_RETAINER_RING_PRESSURE_std,0.03185531088381758
completed,Cond1,joint_direct,phase__p2_secondary_RIPPLE_AIR_BAG_PRESSURE_auc,0.18978257084208242
completed,Cond1,joint_direct,phase__p2_secondary_RIPPLE_AIR_BAG_PRESSURE_mean,0.0
completed,Cond1,joint_direct,phase__p2_secondary_RIPPLE_AIR_BAG_PRESSURE_std,0.0
completed,Cond1,joint_direct,phase__p2_secondary_SLURRY_FLOW_LINE_A_auc,0.023156990029966018
completed,Cond1,joint_direct,phase__p2_secondary_SLURRY_FLOW_LINE_A_mean,0.0
completed,Cond1,joint_direct,phase__p2_secondary_SLURRY_FLOW_LINE_A_std,0.07490600201493018
completed,Cond1,joint_direct,phase__p2_secondary_SLURRY_FLOW_LINE_B_auc,0.006031857862784476
completed,Cond1,joint_direct,phase__p2_secondary_SLURRY_FLOW_LINE_B_mean,0.0
completed,Cond1,joint_direct,phase__p2_secondary_SLURRY_FLOW_LINE_B_std,0.06269620113256853
completed,Cond1,joint_direct,phase__p2_secondary_SLURRY_FLOW_LINE_C_auc,0.0
completed,Cond1,joint_direct,phase__p2_secondary_SLURRY_FLOW_LINE_C_mean,0.07912229349034164
completed,Cond1,joint_direct,phase__p2_secondary_SLURRY_FLOW_LINE_C_std,0.13079204210725245
completed,Cond1,joint_direct,phase__p2_secondary_STAGE_ROTATION_mean,0.0
completed,Cond1,joint_direct,phase__p2_secondary_USAGE_OF_BACKING_FILM_decreasing,0.010840927049734198
completed,Cond1,joint_direct,phase__p2_secondary_USAGE_OF_BACKING_FILM_mean,0.0
completed,Cond1,joint_direct,phase__p2_secondary_USAGE_OF_BACKING_FILM_std,0.025423014949647278
completed,Cond1,joint_direct,phase__p2_secondary_USAGE_OF_DRESSER_TABLE_decreasing,0.0
completed,Cond1,joint_direct,phase__p2_secondary_USAGE_OF_DRESSER_TABLE_mean,0.0
completed,Cond1,joint_direct,phase__p2_secondary_USAGE_OF_DRESSER_TABLE_std,0.0
completed,Cond1,joint_direct,phase__p2_secondary_USAGE_OF_DRESSER_decreasing,0.03915041051577473
completed,Cond1,joint_direct,phase__p2_secondary_USAGE_OF_DRESSER_mean,0.0
completed,Cond1,joint_direct,phase__p2_secondary_USAGE_OF_DRESSER_std,0.03969648187855704
completed,Cond1,joint_direct,phase__p2_secondary_USAGE_OF_MEMBRANE_decreasing,0.048275766038115876
completed,Cond1,joint_direct,phase__p2_secondary_USAGE_OF_MEMBRANE_mean,0.0
completed,Cond1,joint_direct,phase__p2_secondary_USAGE_OF_MEMBRANE_std,0.02398505766484372
completed,Cond1,joint_direct,phase__p2_secondary_USAGE_OF_POLISHING_TABLE_decreasing,0.0
completed,Cond1,joint_direct,phase__p2_secondary_USAGE_OF_POLISHING_TABLE_mean,0.11934721485276988
completed,Cond1,joint_direct,phase__p2_secondary_USAGE_OF_POLISHING_TABLE_std,0.034108245566327196
completed,Cond1,joint_direct,phase__p2_secondary_USAGE_OF_PRESSURIZED_SHEET_decreasing,0.048504393884680704
completed,Cond1,joint_direct,phase__p2_secondary_USAGE_OF_PRESSURIZED_SHEET_mean,0.0
completed,Cond1,joint_direct,phase__p2_secondary_USAGE_OF_PRESSURIZED_SHEET_std,0.0
completed,Cond1,joint_direct,phase__p2_secondary_WAFER_ROTATION_mean,0.04546290651531149
completed,Cond1,joint_direct,phase__p2_secondary_duration,0.014902528761123204
completed,Cond1,joint_direct,qc_primary_ambiguous,0.0
completed,Cond1,joint_direct,qc_primary_episodes,0.0
completed,Cond1,joint_direct,qc_primary_fallback,0.0
completed,Cond1,joint_direct,qc_primary_max_gap,0.3740776723487857
completed,Cond1,joint_direct,qc_primary_missing,0.0
completed,Cond1,joint_direct,qc_primary_phase_duration,0.0
completed,Cond1,joint_direct,qc_primary_span,0.0
completed,Cond1,joint_direct,qc_secondary_ambiguous,0.0
completed,Cond1,joint_direct,qc_secondary_episodes,0.0
completed,Cond1,joint_direct,qc_secondary_fallback,0.0
completed,Cond1,joint_direct,qc_secondary_max_gap,0.03287185259143129
completed,Cond1,joint_direct,qc_secondary_missing,0.0
completed,Cond1,joint_direct,qc_secondary_phase_duration,0.0
completed,Cond1,joint_direct,qc_secondary_span,0.0
completed,Cond1,base_residual,lag_1,9.674085914719486
completed,Cond1,base_residual,lag_2,0.0
completed,Cond1,base_residual,lag_3,0.0
completed,Cond1,base_residual,lag_4,0.0
completed,Cond1,base_residual,lag_5,0.9362748272656912
completed,Cond1,base_residual,lag_6,2.250627961593582
completed,Cond1,base_residual,lag_7,0.019384467797032845
completed,Cond1,base_residual,lag_8,0.0
completed,Cond1,base_residual,lag_9,1.2272339228934537
completed,Cond1,base_residual,lag_10,3.058736432957859
completed,Cond1,base_residual,lag_11,0.559047944730611
completed,Cond1,base_residual,neighbor_1,2.7173296499649013
completed,Cond1,base_residual,neighbor_2,1.7883817353292641
completed,Cond1,base_residual,neighbor_3,8.52209374383217
completed,Cond1,base_residual,neighbor_4,5.64064394656588
completed,Cond1,base_residual,neighbor_5,2.245087329063959
completed,Cond1,base_residual,neighbor_6,2.0156565512769755
completed,Cond1,base_residual,neighbor_7,1.8925698039677554
completed,Cond1,base_residual,neighbor_8,2.1176321707497716
completed,Cond1,base_residual,neighbor_9,0.9109571550841326
completed,Cond1,base_residual,neighbor_10,0.908889262885813
completed,Cond1,base_residual,p2_primary_CENTER_AIR_BAG_PRESSURE_auc,0.12614505270671747
completed,Cond1,base_residual,p2_primary_CENTER_AIR_BAG_PRESSURE_mean,0.01308554767546302
completed,Cond1,base_residual,p2_primary_CENTER_AIR_BAG_PRESSURE_std,0.0
completed,Cond1,base_residual,p2_primary_DRESSING_WATER_STATUS_auc,0.10953413525844827
completed,Cond1,base_residual,p2_primary_DRESSING_WATER_STATUS_mean,0.2064496786996541
completed,Cond1,base_residual,p2_primary_DRESSING_WATER_STATUS_std,0.07780346021015846
completed,Cond1,base_residual,p2_primary_EDGE_AIR_BAG_PRESSURE_auc,0.31328614578812475
completed,Cond1,base_residual,p2_primary_EDGE_AIR_BAG_PRESSURE_mean,0.01672562539312046
completed,Cond1,base_residual,p2_primary_EDGE_AIR_BAG_PRESSURE_std,0.13935619676842462
completed,Cond1,base_residual,p2_primary_HEAD_ROTATION_mean,0.05098699991709335
completed,Cond1,base_residual,p2_primary_MAIN_OUTER_AIR_BAG_PRESSURE_auc,0.1816846048650047
completed,Cond1,base_residual,p2_primary_MAIN_OUTER_AIR_BAG_PRESSURE_mean,0.0
completed,Cond1,base_residual,p2_primary_MAIN_OUTER_AIR_BAG_PRESSURE_std,0.7403688870372711
completed,Cond1,base_residual,p2_primary_PRESSURIZED_CHAMBER_PRESSURE_auc,6.1322969744925615
completed,Cond1,base_residual,p2_primary_PRESSURIZED_CHAMBER_PRESSURE_mean,0.219814194073504
completed,Cond1,base_residual,p2_primary_PRESSURIZED_CHAMBER_PRESSURE_std,0.0349250478507504
completed,Cond1,base_residual,p2_primary_RETAINER_RING_PRESSURE_auc,0.0775827879690917
completed,Cond1,base_residual,p2_primary_RETAINER_RING_PRESSURE_mean,0.11894068228590465
completed,Cond1,base_residual,p2_primary_RETAINER_RING_PRESSURE_std,0.244074657798898
completed,Cond1,base_residual,p2_primary_RIPPLE_AIR_BAG_PRESSURE_auc,0.4680194341386498
completed,Cond1,base_residual,p2_primary_RIPPLE_AIR_BAG_PRESSURE_mean,0.01308904258272486
completed,Cond1,base_residual,p2_primary_RIPPLE_AIR_BAG_PRESSURE_std,0.2051508424479805
completed,Cond1,base_residual,p2_primary_SLURRY_FLOW_LINE_A_auc,1.668297156046766
completed,Cond1,base_residual,p2_primary_SLURRY_FLOW_LINE_A_mean,0.10154988045717157
completed,Cond1,base_residual,p2_primary_SLURRY_FLOW_LINE_A_std,0.3080592100332724
completed,Cond1,base_residual,p2_primary_SLURRY_FLOW_LINE_B_auc,0.0
completed,Cond1,base_residual,p2_primary_SLURRY_FLOW_LINE_B_mean,0.07379769875239638
completed,Cond1,base_residual,p2_primary_SLURRY_FLOW_LINE_B_std,0.014094428176581592
completed,Cond1,base_residual,p2_primary_SLURRY_FLOW_LINE_C_auc,0.3991420876966688
completed,Cond1,base_residual,p2_primary_SLURRY_FLOW_LINE_C_mean,0.05373342542228468
completed,Cond1,base_residual,p2_primary_SLURRY_FLOW_LINE_C_std,0.02037353039729713
completed,Cond1,base_residual,p2_primary_STAGE_ROTATION_mean,0.006212595429733758
completed,Cond1,base_residual,p2_primary_USAGE_OF_BACKING_FILM_decreasing,0.09676074603573237
completed,Cond1,base_residual,p2_primary_USAGE_OF_BACKING_FILM_mean,0.5867022463663767
completed,Cond1,base_residual,p2_primary_USAGE_OF_BACKING_FILM_std,0.0
completed,Cond1,base_residual,p2_primary_USAGE_OF_DRESSER_TABLE_decreasing,0.0
completed,Cond1,base_residual,p2_primary_USAGE_OF_DRESSER_TABLE_mean,9.419542894833512
completed,Cond1,base_residual,p2_primary_USAGE_OF_DRESSER_TABLE_std,0.0
completed,Cond1,base_residual,p2_primary_USAGE_OF_DRESSER_decreasing,0.06724422331067115
completed,Cond1,base_residual,p2_primary_USAGE_OF_DRESSER_mean,23.617643277884042
completed,Cond1,base_residual,p2_primary_USAGE_OF_DRESSER_std,0.0812827671194903
completed,Cond1,base_residual,p2_primary_USAGE_OF_MEMBRANE_decreasing,0.06741873137448173
completed,Cond1,base_residual,p2_primary_USAGE_OF_MEMBRANE_mean,0.0
completed,Cond1,base_residual,p2_primary_USAGE_OF_MEMBRANE_std,0.027280373010972633
completed,Cond1,base_residual,p2_primary_USAGE_OF_POLISHING_TABLE_decreasing,0.21728351251190023
completed,Cond1,base_residual,p2_primary_USAGE_OF_POLISHING_TABLE_mean,0.25260256694210015
completed,Cond1,base_residual,p2_primary_USAGE_OF_POLISHING_TABLE_std,0.09919000476272365
completed,Cond1,base_residual,p2_primary_USAGE_OF_PRESSURIZED_SHEET_decreasing,0.017544248298919513
completed,Cond1,base_residual,p2_primary_USAGE_OF_PRESSURIZED_SHEET_mean,0.0
completed,Cond1,base_residual,p2_primary_USAGE_OF_PRESSURIZED_SHEET_std,0.0
completed,Cond1,base_residual,p2_primary_WAFER_ROTATION_mean,0.1349235787291137
completed,Cond1,base_residual,p2_primary_duration,0.0
completed,Cond1,base_residual,p2_secondary_CENTER_AIR_BAG_PRESSURE_auc,0.0
completed,Cond1,base_residual,p2_secondary_CENTER_AIR_BAG_PRESSURE_mean,0.0
completed,Cond1,base_residual,p2_secondary_CENTER_AIR_BAG_PRESSURE_std,0.0
completed,Cond1,base_residual,p2_secondary_DRESSING_WATER_STATUS_auc,0.09913618792104137
completed,Cond1,base_residual,p2_secondary_DRESSING_WATER_STATUS_mean,0.03216521622598231
completed,Cond1,base_residual,p2_secondary_DRESSING_WATER_STATUS_std,0.015514582414852703
completed,Cond1,base_residual,p2_secondary_EDGE_AIR_BAG_PRESSURE_auc,0.01752792482045086
completed,Cond1,base_residual,p2_secondary_EDGE_AIR_BAG_PRESSURE_mean,0.0
completed,Cond1,base_residual,p2_secondary_EDGE_AIR_BAG_PRESSURE_std,0.003081469037273521
completed,Cond1,base_residual,p2_secondary_HEAD_ROTATION_mean,0.05297955234796284
completed,Cond1,base_residual,p2_secondary_MAIN_OUTER_AIR_BAG_PRESSURE_auc,0.0
completed,Cond1,base_residual,p2_secondary_MAIN_OUTER_AIR_BAG_PRESSURE_mean,0.0
completed,Cond1,base_residual,p2_secondary_MAIN_OUTER_AIR_BAG_PRESSURE_std,0.0
completed,Cond1,base_residual,p2_secondary_PRESSURIZED_CHAMBER_PRESSURE_auc,0.017025045622812564
completed,Cond1,base_residual,p2_secondary_PRESSURIZED_CHAMBER_PRESSURE_mean,0.0
completed,Cond1,base_residual,p2_secondary_PRESSURIZED_CHAMBER_PRESSURE_std,0.0
completed,Cond1,base_residual,p2_secondary_RETAINER_RING_PRESSURE_auc,0.0
completed,Cond1,base_residual,p2_secondary_RETAINER_RING_PRESSURE_mean,0.0
completed,Cond1,base_residual,p2_secondary_RETAINER_RING_PRESSURE_std,0.01359476265783681
completed,Cond1,base_residual,p2_secondary_RIPPLE_AIR_BAG_PRESSURE_auc,0.0
completed,Cond1,base_residual,p2_secondary_RIPPLE_AIR_BAG_PRESSURE_mean,0.0
completed,Cond1,base_residual,p2_secondary_RIPPLE_AIR_BAG_PRESSURE_std,0.0
completed,Cond1,base_residual,p2_secondary_SLURRY_FLOW_LINE_A_auc,0.0
completed,Cond1,base_residual,p2_secondary_SLURRY_FLOW_LINE_A_mean,0.0
completed,Cond1,base_residual,p2_secondary_SLURRY_FLOW_LINE_A_std,0.21322875370832145
completed,Cond1,base_residual,p2_secondary_SLURRY_FLOW_LINE_B_auc,0.005304091485876775
completed,Cond1,base_residual,p2_secondary_SLURRY_FLOW_LINE_B_mean,0.028643336613730638
completed,Cond1,base_residual,p2_secondary_SLURRY_FLOW_LINE_B_std,0.04360911517246353
completed,Cond1,base_residual,p2_secondary_SLURRY_FLOW_LINE_C_auc,0.022674200795590904
completed,Cond1,base_residual,p2_secondary_SLURRY_FLOW_LINE_C_mean,0.0
completed,Cond1,base_residual,p2_secondary_SLURRY_FLOW_LINE_C_std,0.012771262889136761
completed,Cond1,base_residual,p2_secondary_STAGE_ROTATION_mean,0.07895787747021986
completed,Cond1,base_residual,p2_secondary_USAGE_OF_BACKING_FILM_decreasing,0.0
completed,Cond1,base_residual,p2_secondary_USAGE_OF_BACKING_FILM_mean,0.2150288058442074
completed,Cond1,base_residual,p2_secondary_USAGE_OF_BACKING_FILM_std,0.0
completed,Cond1,base_residual,p2_secondary_USAGE_OF_DRESSER_TABLE_decreasing,0.0
completed,Cond1,base_residual,p2_secondary_USAGE_OF_DRESSER_TABLE_mean,0.3421469452713933
completed,Cond1,base_residual,p2_secondary_USAGE_OF_DRESSER_TABLE_std,0.0
completed,Cond1,base_residual,p2_secondary_USAGE_OF_DRESSER_decreasing,0.06278134567518687
completed,Cond1,base_residual,p2_secondary_USAGE_OF_DRESSER_mean,4.987612323242533
completed,Cond1,base_residual,p2_secondary_USAGE_OF_DRESSER_std,0.001847261566209645
completed,Cond1,base_residual,p2_secondary_USAGE_OF_MEMBRANE_decreasing,0.0
completed,Cond1,base_residual,p2_secondary_USAGE_OF_MEMBRANE_mean,0.0
completed,Cond1,base_residual,p2_secondary_USAGE_OF_MEMBRANE_std,0.009020816512340638
completed,Cond1,base_residual,p2_secondary_USAGE_OF_POLISHING_TABLE_decreasing,0.0
completed,Cond1,base_residual,p2_secondary_USAGE_OF_POLISHING_TABLE_mean,0.2488395608749318
completed,Cond1,base_residual,p2_secondary_USAGE_OF_POLISHING_TABLE_std,0.01723204819285867
completed,Cond1,base_residual,p2_secondary_USAGE_OF_PRESSURIZED_SHEET_decreasing,0.0
completed,Cond1,base_residual,p2_secondary_USAGE_OF_PRESSURIZED_SHEET_mean,0.0
completed,Cond1,base_residual,p2_secondary_USAGE_OF_PRESSURIZED_SHEET_std,0.07585662691976512
completed,Cond1,base_residual,p2_secondary_WAFER_ROTATION_mean,0.008564833880216857
completed,Cond1,base_residual,p2_secondary_duration,0.07022405060674905
completed,Cond1,joint_residual,lag_1,0.0
completed,Cond1,joint_residual,lag_2,0.0
completed,Cond1,joint_residual,lag_3,0.0
completed,Cond1,joint_residual,lag_4,0.0
completed,Cond1,joint_residual,lag_5,0.9172961437919372
completed,Cond1,joint_residual,lag_6,1.7916581059593415
completed,Cond1,joint_residual,lag_7,0.0006766094706603405
completed,Cond1,joint_residual,lag_8,0.003052560010885771
completed,Cond1,joint_residual,lag_9,0.016724945916907985
completed,Cond1,joint_residual,lag_10,0.15943425027505867
completed,Cond1,joint_residual,lag_11,0.19316014075688379
completed,Cond1,joint_residual,neighbor_1,0.8003735104115195
completed,Cond1,joint_residual,neighbor_2,0.28594228269039534
completed,Cond1,joint_residual,neighbor_3,0.7009210857642408
completed,Cond1,joint_residual,neighbor_4,2.062014062230289
completed,Cond1,joint_residual,neighbor_5,1.0540688283790434
completed,Cond1,joint_residual,neighbor_6,0.15501989343326922
completed,Cond1,joint_residual,neighbor_7,0.1715369982649033
completed,Cond1,joint_residual,neighbor_8,0.011419286311276323
completed,Cond1,joint_residual,neighbor_9,0.24323575192008004
completed,Cond1,joint_residual,neighbor_10,0.029521511098733893
completed,Cond1,joint_residual,p2_primary_CENTER_AIR_BAG_PRESSURE_auc,0.01920233644887406
completed,Cond1,joint_residual,p2_primary_CENTER_AIR_BAG_PRESSURE_mean,0.0
completed,Cond1,joint_residual,p2_primary_CENTER_AIR_BAG_PRESSURE_std,0.0
completed,Cond1,joint_residual,p2_primary_DRESSING_WATER_STATUS_auc,0.01818935103898272
completed,Cond1,joint_residual,p2_primary_DRESSING_WATER_STATUS_mean,0.04351433823457698
completed,Cond1,joint_residual,p2_primary_DRESSING_WATER_STATUS_std,0.0
completed,Cond1,joint_residual,p2_primary_EDGE_AIR_BAG_PRESSURE_auc,0.28810918738650715
completed,Cond1,joint_residual,p2_primary_EDGE_AIR_BAG_PRESSURE_mean,0.0
completed,Cond1,joint_residual,p2_primary_EDGE_AIR_BAG_PRESSURE_std,0.18596096453764047
completed,Cond1,joint_residual,p2_primary_HEAD_ROTATION_mean,0.010792227555105486
completed,Cond1,joint_residual,p2_primary_MAIN_OUTER_AIR_BAG_PRESSURE_auc,0.08449938233024597
completed,Cond1,joint_residual,p2_primary_MAIN_OUTER_AIR_BAG_PRESSURE_mean,0.0
completed,Cond1,joint_residual,p2_primary_MAIN_OUTER_AIR_BAG_PRESSURE_std,0.10822361127375285
completed,Cond1,joint_residual,p2_primary_PRESSURIZED_CHAMBER_PRESSURE_auc,3.4032414305303345
completed,Cond1,joint_residual,p2_primary_PRESSURIZED_CHAMBER_PRESSURE_mean,0.12457930765695588
completed,Cond1,joint_residual,p2_primary_PRESSURIZED_CHAMBER_PRESSURE_std,0.0
completed,Cond1,joint_residual,p2_primary_RETAINER_RING_PRESSURE_auc,0.0005820402700432845
completed,Cond1,joint_residual,p2_primary_RETAINER_RING_PRESSURE_mean,0.028410391498935286
completed,Cond1,joint_residual,p2_primary_RETAINER_RING_PRESSURE_std,0.023338092580053146
completed,Cond1,joint_residual,p2_primary_RIPPLE_AIR_BAG_PRESSURE_auc,0.3202839378874186
completed,Cond1,joint_residual,p2_primary_RIPPLE_AIR_BAG_PRESSURE_mean,0.0
completed,Cond1,joint_residual,p2_primary_RIPPLE_AIR_BAG_PRESSURE_std,0.3821600978175763
completed,Cond1,joint_residual,p2_primary_SLURRY_FLOW_LINE_A_auc,1.364560627055484
completed,Cond1,joint_residual,p2_primary_SLURRY_FLOW_LINE_A_mean,0.10870079625463984
completed,Cond1,joint_residual,p2_primary_SLURRY_FLOW_LINE_A_std,0.006478148851513728
completed,Cond1,joint_residual,p2_primary_SLURRY_FLOW_LINE_B_auc,0.0
completed,Cond1,joint_residual,p2_primary_SLURRY_FLOW_LINE_B_mean,0.011640308842494474
completed,Cond1,joint_residual,p2_primary_SLURRY_FLOW_LINE_B_std,0.01471176495657145
completed,Cond1,joint_residual,p2_primary_SLURRY_FLOW_LINE_C_auc,0.11689425886635114
completed,Cond1,joint_residual,p2_primary_SLURRY_FLOW_LINE_C_mean,0.041568101377883596
completed,Cond1,joint_residual,p2_primary_SLURRY_FLOW_LINE_C_std,0.034331115468156786
completed,Cond1,joint_residual,p2_primary_STAGE_ROTATION_mean,0.02037235862401502
completed,Cond1,joint_residual,p2_primary_USAGE_OF_BACKING_FILM_decreasing,0.04198297423170735
completed,Cond1,joint_residual,p2_primary_USAGE_OF_BACKING_FILM_mean,0.03825329424134436
completed,Cond1,joint_residual,p2_primary_USAGE_OF_BACKING_FILM_std,0.016987934377980938
completed,Cond1,joint_residual,p2_primary_USAGE_OF_DRESSER_TABLE_decreasing,0.0
completed,Cond1,joint_residual,p2_primary_USAGE_OF_DRESSER_TABLE_mean,1.0218300268581388
completed,Cond1,joint_residual,p2_primary_USAGE_OF_DRESSER_TABLE_std,0.0
completed,Cond1,joint_residual,p2_primary_USAGE_OF_DRESSER_decreasing,0.0
completed,Cond1,joint_residual,p2_primary_USAGE_OF_DRESSER_mean,0.5607090427714853
completed,Cond1,joint_residual,p2_primary_USAGE_OF_DRESSER_std,0.05099034473697558
completed,Cond1,joint_residual,p2_primary_USAGE_OF_MEMBRANE_decreasing,0.019783264581498244
completed,Cond1,joint_residual,p2_primary_USAGE_OF_MEMBRANE_mean,0.0
completed,Cond1,joint_residual,p2_primary_USAGE_OF_MEMBRANE_std,0.0
completed,Cond1,joint_residual,p2_primary_USAGE_OF_POLISHING_TABLE_decreasing,0.0
completed,Cond1,joint_residual,p2_primary_USAGE_OF_POLISHING_TABLE_mean,0.011623022610495767
completed,Cond1,joint_residual,p2_primary_USAGE_OF_POLISHING_TABLE_std,0.0
completed,Cond1,joint_residual,p2_primary_USAGE_OF_PRESSURIZED_SHEET_decreasing,0.010885961033150137
completed,Cond1,joint_residual,p2_primary_USAGE_OF_PRESSURIZED_SHEET_mean,0.0
completed,Cond1,joint_residual,p2_primary_USAGE_OF_PRESSURIZED_SHEET_std,0.0
completed,Cond1,joint_residual,p2_primary_WAFER_ROTATION_mean,0.061568102120413054
completed,Cond1,joint_residual,p2_primary_duration,0.001892190303120548
completed,Cond1,joint_residual,p2_secondary_CENTER_AIR_BAG_PRESSURE_auc,0.0
completed,Cond1,joint_residual,p2_secondary_CENTER_AIR_BAG_PRESSURE_mean,0.0
completed,Cond1,joint_residual,p2_secondary_CENTER_AIR_BAG_PRESSURE_std,0.0
completed,Cond1,joint_residual,p2_secondary_DRESSING_WATER_STATUS_auc,0.0
completed,Cond1,joint_residual,p2_secondary_DRESSING_WATER_STATUS_mean,0.0
completed,Cond1,joint_residual,p2_secondary_DRESSING_WATER_STATUS_std,0.0
completed,Cond1,joint_residual,p2_secondary_EDGE_AIR_BAG_PRESSURE_auc,0.0
completed,Cond1,joint_residual,p2_secondary_EDGE_AIR_BAG_PRESSURE_mean,0.0
completed,Cond1,joint_residual,p2_secondary_EDGE_AIR_BAG_PRESSURE_std,0.0
completed,Cond1,joint_residual,p2_secondary_HEAD_ROTATION_mean,0.0221427722834737
completed,Cond1,joint_residual,p2_secondary_MAIN_OUTER_AIR_BAG_PRESSURE_auc,0.0
completed,Cond1,joint_residual,p2_secondary_MAIN_OUTER_AIR_BAG_PRESSURE_mean,0.0
completed,Cond1,joint_residual,p2_secondary_MAIN_OUTER_AIR_BAG_PRESSURE_std,0.0
completed,Cond1,joint_residual,p2_secondary_PRESSURIZED_CHAMBER_PRESSURE_auc,0.0
completed,Cond1,joint_residual,p2_secondary_PRESSURIZED_CHAMBER_PRESSURE_mean,0.029089469044250325
completed,Cond1,joint_residual,p2_secondary_PRESSURIZED_CHAMBER_PRESSURE_std,0.0
completed,Cond1,joint_residual,p2_secondary_RETAINER_RING_PRESSURE_auc,0.0
completed,Cond1,joint_residual,p2_secondary_RETAINER_RING_PRESSURE_mean,0.0
completed,Cond1,joint_residual,p2_secondary_RETAINER_RING_PRESSURE_std,0.0
completed,Cond1,joint_residual,p2_secondary_RIPPLE_AIR_BAG_PRESSURE_auc,0.0
completed,Cond1,joint_residual,p2_secondary_RIPPLE_AIR_BAG_PRESSURE_mean,0.0
completed,Cond1,joint_residual,p2_secondary_RIPPLE_AIR_BAG_PRESSURE_std,0.0
completed,Cond1,joint_residual,p2_secondary_SLURRY_FLOW_LINE_A_auc,0.0
completed,Cond1,joint_residual,p2_secondary_SLURRY_FLOW_LINE_A_mean,0.0
completed,Cond1,joint_residual,p2_secondary_SLURRY_FLOW_LINE_A_std,0.10123231568593549
completed,Cond1,joint_residual,p2_secondary_SLURRY_FLOW_LINE_B_auc,0.0
completed,Cond1,joint_residual,p2_secondary_SLURRY_FLOW_LINE_B_mean,0.0
completed,Cond1,joint_residual,p2_secondary_SLURRY_FLOW_LINE_B_std,0.007469902904586566
completed,Cond1,joint_residual,p2_secondary_SLURRY_FLOW_LINE_C_auc,0.0
completed,Cond1,joint_residual,p2_secondary_SLURRY_FLOW_LINE_C_mean,0.0
completed,Cond1,joint_residual,p2_secondary_SLURRY_FLOW_LINE_C_std,0.0
completed,Cond1,joint_residual,p2_secondary_STAGE_ROTATION_mean,0.01270560117697201
completed,Cond1,joint_residual,p2_secondary_USAGE_OF_BACKING_FILM_decreasing,0.0
completed,Cond1,joint_residual,p2_secondary_USAGE_OF_BACKING_FILM_mean,0.11122023791874563
completed,Cond1,joint_residual,p2_secondary_USAGE_OF_BACKING_FILM_std,0.0
completed,Cond1,joint_residual,p2_secondary_USAGE_OF_DRESSER_TABLE_decreasing,0.0
completed,Cond1,joint_residual,p2_secondary_USAGE_OF_DRESSER_TABLE_mean,1.2760517834134084
completed,Cond1,joint_residual,p2_secondary_USAGE_OF_DRESSER_TABLE_std,0.0
completed,Cond1,joint_residual,p2_secondary_USAGE_OF_DRESSER_decreasing,0.007082368148315843
completed,Cond1,joint_residual,p2_secondary_USAGE_OF_DRESSER_mean,3.340074895903773
completed,Cond1,joint_residual,p2_secondary_USAGE_OF_DRESSER_std,0.01195485991412439
completed,Cond1,joint_residual,p2_secondary_USAGE_OF_MEMBRANE_decreasing,0.0
completed,Cond1,joint_residual,p2_secondary_USAGE_OF_MEMBRANE_mean,0.0
completed,Cond1,joint_residual,p2_secondary_USAGE_OF_MEMBRANE_std,0.007835016342032092
completed,Cond1,joint_residual,p2_secondary_USAGE_OF_POLISHING_TABLE_decreasing,0.0
completed,Cond1,joint_residual,p2_secondary_USAGE_OF_POLISHING_TABLE_mean,0.13777721911012372
completed,Cond1,joint_residual,p2_secondary_USAGE_OF_POLISHING_TABLE_std,0.0
completed,Cond1,joint_residual,p2_secondary_USAGE_OF_PRESSURIZED_SHEET_decreasing,0.0
completed,Cond1,joint_residual,p2_secondary_USAGE_OF_PRESSURIZED_SHEET_mean,0.0
completed,Cond1,joint_residual,p2_secondary_USAGE_OF_PRESSURIZED_SHEET_std,0.0
completed,Cond1,joint_residual,p2_secondary_WAFER_ROTATION_mean,0.009075932619909704
completed,Cond1,joint_residual,p2_secondary_duration,0.024328520582132526
completed,Cond1,joint_residual,history_summary_0,0.0
completed,Cond1,joint_residual,history_summary_1,39.82076548528246
completed,Cond1,joint_residual,history_summary_2,0.0
completed,Cond1,joint_residual,history_summary_3,0.07301165113852422
completed,Cond1,joint_residual,history_summary_4,19.48911137578294
completed,Cond1,joint_residual,history_summary_5,5.823667279962341
completed,Cond1,joint_residual,history_summary_6,0.5619327440436294
completed,Cond1,joint_residual,history_summary_7,0.0
completed,Cond1,joint_residual,history_summary_8,1.434875659334629
completed,Cond1,joint_residual,history_summary_9,0.5586449058792882
completed,Cond1,joint_residual,gap__p2_primary_CENTER_AIR_BAG_PRESSURE_auc,0.0
completed,Cond1,joint_residual,gap__p2_primary_CENTER_AIR_BAG_PRESSURE_mean,0.0
completed,Cond1,joint_residual,gap__p2_primary_CENTER_AIR_BAG_PRESSURE_std,0.0
completed,Cond1,joint_residual,gap__p2_primary_DRESSING_WATER_STATUS_auc,0.0
completed,Cond1,joint_residual,gap__p2_primary_DRESSING_WATER_STATUS_mean,0.0
completed,Cond1,joint_residual,gap__p2_primary_DRESSING_WATER_STATUS_std,0.0
completed,Cond1,joint_residual,gap__p2_primary_EDGE_AIR_BAG_PRESSURE_auc,0.0
completed,Cond1,joint_residual,gap__p2_primary_EDGE_AIR_BAG_PRESSURE_mean,0.0
completed,Cond1,joint_residual,gap__p2_primary_EDGE_AIR_BAG_PRESSURE_std,0.0
completed,Cond1,joint_residual,gap__p2_primary_HEAD_ROTATION_mean,0.0
completed,Cond1,joint_residual,gap__p2_primary_MAIN_OUTER_AIR_BAG_PRESSURE_auc,0.0
completed,Cond1,joint_residual,gap__p2_primary_MAIN_OUTER_AIR_BAG_PRESSURE_mean,0.0
completed,Cond1,joint_residual,gap__p2_primary_MAIN_OUTER_AIR_BAG_PRESSURE_std,0.0
completed,Cond1,joint_residual,gap__p2_primary_PRESSURIZED_CHAMBER_PRESSURE_auc,0.0
completed,Cond1,joint_residual,gap__p2_primary_PRESSURIZED_CHAMBER_PRESSURE_mean,0.0
completed,Cond1,joint_residual,gap__p2_primary_PRESSURIZED_CHAMBER_PRESSURE_std,0.0
completed,Cond1,joint_residual,gap__p2_primary_RETAINER_RING_PRESSURE_auc,0.0
completed,Cond1,joint_residual,gap__p2_primary_RETAINER_RING_PRESSURE_mean,0.0
completed,Cond1,joint_residual,gap__p2_primary_RETAINER_RING_PRESSURE_std,0.0
completed,Cond1,joint_residual,gap__p2_primary_RIPPLE_AIR_BAG_PRESSURE_auc,0.0
completed,Cond1,joint_residual,gap__p2_primary_RIPPLE_AIR_BAG_PRESSURE_mean,0.0
completed,Cond1,joint_residual,gap__p2_primary_RIPPLE_AIR_BAG_PRESSURE_std,0.0
completed,Cond1,joint_residual,gap__p2_primary_SLURRY_FLOW_LINE_A_auc,0.0
completed,Cond1,joint_residual,gap__p2_primary_SLURRY_FLOW_LINE_A_mean,0.0
completed,Cond1,joint_residual,gap__p2_primary_SLURRY_FLOW_LINE_A_std,0.0
completed,Cond1,joint_residual,gap__p2_primary_SLURRY_FLOW_LINE_B_auc,0.0
completed,Cond1,joint_residual,gap__p2_primary_SLURRY_FLOW_LINE_B_mean,0.0
completed,Cond1,joint_residual,gap__p2_primary_SLURRY_FLOW_LINE_B_std,0.0
completed,Cond1,joint_residual,gap__p2_primary_SLURRY_FLOW_LINE_C_auc,0.0
completed,Cond1,joint_residual,gap__p2_primary_SLURRY_FLOW_LINE_C_mean,0.0
completed,Cond1,joint_residual,gap__p2_primary_SLURRY_FLOW_LINE_C_std,0.0
completed,Cond1,joint_residual,gap__p2_primary_STAGE_ROTATION_mean,0.0
completed,Cond1,joint_residual,gap__p2_primary_USAGE_OF_BACKING_FILM_decreasing,0.0
completed,Cond1,joint_residual,gap__p2_primary_USAGE_OF_BACKING_FILM_mean,0.0
completed,Cond1,joint_residual,gap__p2_primary_USAGE_OF_BACKING_FILM_std,0.0
completed,Cond1,joint_residual,gap__p2_primary_USAGE_OF_DRESSER_TABLE_decreasing,0.0
completed,Cond1,joint_residual,gap__p2_primary_USAGE_OF_DRESSER_TABLE_mean,0.0
completed,Cond1,joint_residual,gap__p2_primary_USAGE_OF_DRESSER_TABLE_std,0.0
completed,Cond1,joint_residual,gap__p2_primary_USAGE_OF_DRESSER_decreasing,0.0
completed,Cond1,joint_residual,gap__p2_primary_USAGE_OF_DRESSER_mean,0.0
completed,Cond1,joint_residual,gap__p2_primary_USAGE_OF_DRESSER_std,0.0
completed,Cond1,joint_residual,gap__p2_primary_USAGE_OF_MEMBRANE_decreasing,0.0
completed,Cond1,joint_residual,gap__p2_primary_USAGE_OF_MEMBRANE_mean,0.0
completed,Cond1,joint_residual,gap__p2_primary_USAGE_OF_MEMBRANE_std,0.0
completed,Cond1,joint_residual,gap__p2_primary_USAGE_OF_POLISHING_TABLE_decreasing,0.0
completed,Cond1,joint_residual,gap__p2_primary_USAGE_OF_POLISHING_TABLE_mean,0.0
completed,Cond1,joint_residual,gap__p2_primary_USAGE_OF_POLISHING_TABLE_std,0.0
completed,Cond1,joint_residual,gap__p2_primary_USAGE_OF_PRESSURIZED_SHEET_decreasing,0.0
completed,Cond1,joint_residual,gap__p2_primary_USAGE_OF_PRESSURIZED_SHEET_mean,0.0
completed,Cond1,joint_residual,gap__p2_primary_USAGE_OF_PRESSURIZED_SHEET_std,0.0
completed,Cond1,joint_residual,gap__p2_primary_WAFER_ROTATION_mean,0.0
completed,Cond1,joint_residual,gap__p2_primary_duration,0.0
completed,Cond1,joint_residual,gap__p2_secondary_CENTER_AIR_BAG_PRESSURE_auc,0.0
completed,Cond1,joint_residual,gap__p2_secondary_CENTER_AIR_BAG_PRESSURE_mean,0.0
completed,Cond1,joint_residual,gap__p2_secondary_CENTER_AIR_BAG_PRESSURE_std,0.0
completed,Cond1,joint_residual,gap__p2_secondary_DRESSING_WATER_STATUS_auc,0.021991387896185616
completed,Cond1,joint_residual,gap__p2_secondary_DRESSING_WATER_STATUS_mean,0.0
completed,Cond1,joint_residual,gap__p2_secondary_DRESSING_WATER_STATUS_std,0.0
completed,Cond1,joint_residual,gap__p2_secondary_EDGE_AIR_BAG_PRESSURE_auc,0.0
completed,Cond1,joint_residual,gap__p2_secondary_EDGE_AIR_BAG_PRESSURE_mean,0.0
completed,Cond1,joint_residual,gap__p2_secondary_EDGE_AIR_BAG_PRESSURE_std,0.0
completed,Cond1,joint_residual,gap__p2_secondary_HEAD_ROTATION_mean,0.0
completed,Cond1,joint_residual,gap__p2_secondary_MAIN_OUTER_AIR_BAG_PRESSURE_auc,0.0
completed,Cond1,joint_residual,gap__p2_secondary_MAIN_OUTER_AIR_BAG_PRESSURE_mean,0.0
completed,Cond1,joint_residual,gap__p2_secondary_MAIN_OUTER_AIR_BAG_PRESSURE_std,0.0
completed,Cond1,joint_residual,gap__p2_secondary_PRESSURIZED_CHAMBER_PRESSURE_auc,0.0
completed,Cond1,joint_residual,gap__p2_secondary_PRESSURIZED_CHAMBER_PRESSURE_mean,0.0
completed,Cond1,joint_residual,gap__p2_secondary_PRESSURIZED_CHAMBER_PRESSURE_std,0.0
completed,Cond1,joint_residual,gap__p2_secondary_RETAINER_RING_PRESSURE_auc,0.0
completed,Cond1,joint_residual,gap__p2_secondary_RETAINER_RING_PRESSURE_mean,0.0
completed,Cond1,joint_residual,gap__p2_secondary_RETAINER_RING_PRESSURE_std,0.0
completed,Cond1,joint_residual,gap__p2_secondary_RIPPLE_AIR_BAG_PRESSURE_auc,0.0
completed,Cond1,joint_residual,gap__p2_secondary_RIPPLE_AIR_BAG_PRESSURE_mean,0.0
completed,Cond1,joint_residual,gap__p2_secondary_RIPPLE_AIR_BAG_PRESSURE_std,0.0
completed,Cond1,joint_residual,gap__p2_secondary_SLURRY_FLOW_LINE_A_auc,0.0
completed,Cond1,joint_residual,gap__p2_secondary_SLURRY_FLOW_LINE_A_mean,0.0
completed,Cond1,joint_residual,gap__p2_secondary_SLURRY_FLOW_LINE_A_std,0.0
completed,Cond1,joint_residual,gap__p2_secondary_SLURRY_FLOW_LINE_B_auc,0.0
completed,Cond1,joint_residual,gap__p2_secondary_SLURRY_FLOW_LINE_B_mean,0.0
completed,Cond1,joint_residual,gap__p2_secondary_SLURRY_FLOW_LINE_B_std,0.0
completed,Cond1,joint_residual,gap__p2_secondary_SLURRY_FLOW_LINE_C_auc,0.0
completed,Cond1,joint_residual,gap__p2_secondary_SLURRY_FLOW_LINE_C_mean,0.0
completed,Cond1,joint_residual,gap__p2_secondary_SLURRY_FLOW_LINE_C_std,0.0
completed,Cond1,joint_residual,gap__p2_secondary_STAGE_ROTATION_mean,0.0
completed,Cond1,joint_residual,gap__p2_secondary_USAGE_OF_BACKING_FILM_decreasing,0.0
completed,Cond1,joint_residual,gap__p2_secondary_USAGE_OF_BACKING_FILM_mean,0.0
completed,Cond1,joint_residual,gap__p2_secondary_USAGE_OF_BACKING_FILM_std,0.0
completed,Cond1,joint_residual,gap__p2_secondary_USAGE_OF_DRESSER_TABLE_decreasing,0.0
completed,Cond1,joint_residual,gap__p2_secondary_USAGE_OF_DRESSER_TABLE_mean,0.0
completed,Cond1,joint_residual,gap__p2_secondary_USAGE_OF_DRESSER_TABLE_std,0.0
completed,Cond1,joint_residual,gap__p2_secondary_USAGE_OF_DRESSER_decreasing,0.0
completed,Cond1,joint_residual,gap__p2_secondary_USAGE_OF_DRESSER_mean,0.0
completed,Cond1,joint_residual,gap__p2_secondary_USAGE_OF_DRESSER_std,0.0
completed,Cond1,joint_residual,gap__p2_secondary_USAGE_OF_MEMBRANE_decreasing,0.0
completed,Cond1,joint_residual,gap__p2_secondary_USAGE_OF_MEMBRANE_mean,0.0
completed,Cond1,joint_residual,gap__p2_secondary_USAGE_OF_MEMBRANE_std,0.0
completed,Cond1,joint_residual,gap__p2_secondary_USAGE_OF_POLISHING_TABLE_decreasing,0.0
completed,Cond1,joint_residual,gap__p2_secondary_USAGE_OF_POLISHING_TABLE_mean,0.0
completed,Cond1,joint_residual,gap__p2_secondary_USAGE_OF_POLISHING_TABLE_std,0.0
completed,Cond1,joint_residual,gap__p2_secondary_USAGE_OF_PRESSURIZED_SHEET_decreasing,0.0
completed,Cond1,joint_residual,gap__p2_secondary_USAGE_OF_PRESSURIZED_SHEET_mean,0.0
completed,Cond1,joint_residual,gap__p2_secondary_USAGE_OF_PRESSURIZED_SHEET_std,0.0
completed,Cond1,joint_residual,gap__p2_secondary_WAFER_ROTATION_mean,0.0
completed,Cond1,joint_residual,gap__p2_secondary_duration,0.0
completed,Cond1,joint_residual,multi_primary_active_fraction,0.01728904859079584
completed,Cond1,joint_residual,multi_primary_active_point_fraction,0.0
completed,Cond1,joint_residual,multi_primary_active_time,0.0
completed,Cond1,joint_residual,multi_primary_episode_count,0.0
completed,Cond1,joint_residual,multi_primary_episode_max,0.006372322326438889
completed,Cond1,joint_residual,multi_primary_episode_median,0.0
completed,Cond1,joint_residual,multi_primary_episode_min,0.0
completed,Cond1,joint_residual,multi_primary_episode_std,0.0
completed,Cond1,joint_residual,multi_primary_inactive_time,0.0
completed,Cond1,joint_residual,multi_primary_observed_time,0.0
completed,Cond1,joint_residual,multi_primary_pressure_integral,0.0
completed,Cond1,joint_residual,multi_primary_pressure_mean,0.27271561692611607
completed,Cond1,joint_residual,multi_primary_pressure_rotation_proxy_integral,0.0
completed,Cond1,joint_residual,multi_primary_pressure_rotation_proxy_mean,0.0
completed,Cond1,joint_residual,multi_primary_pressure_rotation_proxy_std,0.0
completed,Cond1,joint_residual,multi_primary_pressure_std,0.006299418109712441
completed,Cond1,joint_residual,multi_primary_rotation_sum_integral,0.0
completed,Cond1,joint_residual,multi_primary_rotation_sum_mean,0.02516576224221862
completed,Cond1,joint_residual,multi_primary_rotation_sum_std,0.09218651533742873
completed,Cond1,joint_residual,multi_primary_slurry_integral,0.0
completed,Cond1,joint_residual,multi_primary_slurry_mean,0.006694182004582964
completed,Cond1,joint_residual,multi_primary_slurry_std,0.02924651754206614
completed,Cond1,joint_residual,multi_secondary_active_fraction,0.0
completed,Cond1,joint_residual,multi_secondary_active_point_fraction,0.0
completed,Cond1,joint_residual,multi_secondary_active_time,0.0
completed,Cond1,joint_residual,multi_secondary_episode_count,0.0
completed,Cond1,joint_residual,multi_secondary_episode_max,0.0
completed,Cond1,joint_residual,multi_secondary_episode_median,0.0
completed,Cond1,joint_residual,multi_secondary_episode_min,0.0
completed,Cond1,joint_residual,multi_secondary_episode_std,0.0037539323961696103
completed,Cond1,joint_residual,multi_secondary_inactive_time,0.003969557032081984
completed,Cond1,joint_residual,multi_secondary_observed_time,0.0
completed,Cond1,joint_residual,multi_secondary_pressure_integral,0.0
completed,Cond1,joint_residual,multi_secondary_pressure_mean,0.0
completed,Cond1,joint_residual,multi_secondary_pressure_rotation_proxy_integral,0.0
completed,Cond1,joint_residual,multi_secondary_pressure_rotation_proxy_mean,0.0
completed,Cond1,joint_residual,multi_secondary_pressure_rotation_proxy_std,0.09287340081184056
completed,Cond1,joint_residual,multi_secondary_pressure_std,0.0
completed,Cond1,joint_residual,multi_secondary_rotation_sum_integral,0.005036555139058924
completed,Cond1,joint_residual,multi_secondary_rotation_sum_mean,0.014331073228087259
completed,Cond1,joint_residual,multi_secondary_rotation_sum_std,0.033403676982711294
completed,Cond1,joint_residual,multi_secondary_slurry_integral,0.0
completed,Cond1,joint_residual,multi_secondary_slurry_mean,0.0
completed,Cond1,joint_residual,multi_secondary_slurry_std,0.0
completed,Cond1,joint_residual,phase__p2_primary_CENTER_AIR_BAG_PRESSURE_auc,0.0
completed,Cond1,joint_residual,phase__p2_primary_CENTER_AIR_BAG_PRESSURE_mean,0.0
completed,Cond1,joint_residual,phase__p2_primary_CENTER_AIR_BAG_PRESSURE_std,0.0
completed,Cond1,joint_residual,phase__p2_primary_DRESSING_WATER_STATUS_auc,0.002239835567512448
completed,Cond1,joint_residual,phase__p2_primary_DRESSING_WATER_STATUS_mean,0.0
completed,Cond1,joint_residual,phase__p2_primary_DRESSING_WATER_STATUS_std,0.0
completed,Cond1,joint_residual,phase__p2_primary_EDGE_AIR_BAG_PRESSURE_auc,0.0
completed,Cond1,joint_residual,phase__p2_primary_EDGE_AIR_BAG_PRESSURE_mean,0.0
completed,Cond1,joint_residual,phase__p2_primary_EDGE_AIR_BAG_PRESSURE_std,0.0
completed,Cond1,joint_residual,phase__p2_primary_HEAD_ROTATION_mean,0.035251293034887034
completed,Cond1,joint_residual,phase__p2_primary_MAIN_OUTER_AIR_BAG_PRESSURE_auc,0.0
completed,Cond1,joint_residual,phase__p2_primary_MAIN_OUTER_AIR_BAG_PRESSURE_mean,0.0
completed,Cond1,joint_residual,phase__p2_primary_MAIN_OUTER_AIR_BAG_PRESSURE_std,0.026290172640327666
completed,Cond1,joint_residual,phase__p2_primary_PRESSURIZED_CHAMBER_PRESSURE_auc,0.0
completed,Cond1,joint_residual,phase__p2_primary_PRESSURIZED_CHAMBER_PRESSURE_mean,0.0
completed,Cond1,joint_residual,phase__p2_primary_PRESSURIZED_CHAMBER_PRESSURE_std,0.0
completed,Cond1,joint_residual,phase__p2_primary_RETAINER_RING_PRESSURE_auc,0.03183393214994362
completed,Cond1,joint_residual,phase__p2_primary_RETAINER_RING_PRESSURE_mean,0.012729139779278477
completed,Cond1,joint_residual,phase__p2_primary_RETAINER_RING_PRESSURE_std,0.0066471693717892
completed,Cond1,joint_residual,phase__p2_primary_RIPPLE_AIR_BAG_PRESSURE_auc,0.05833392470872632
completed,Cond1,joint_residual,phase__p2_primary_RIPPLE_AIR_BAG_PRESSURE_mean,0.0
completed,Cond1,joint_residual,phase__p2_primary_RIPPLE_AIR_BAG_PRESSURE_std,0.05489048057828072
completed,Cond1,joint_residual,phase__p2_primary_SLURRY_FLOW_LINE_A_auc,0.12845836105522143
completed,Cond1,joint_residual,phase__p2_primary_SLURRY_FLOW_LINE_A_mean,0.0
completed,Cond1,joint_residual,phase__p2_primary_SLURRY_FLOW_LINE_A_std,0.062396323194092565
completed,Cond1,joint_residual,phase__p2_primary_SLURRY_FLOW_LINE_B_auc,0.0
completed,Cond1,joint_residual,phase__p2_primary_SLURRY_FLOW_LINE_B_mean,0.0
completed,Cond1,joint_residual,phase__p2_primary_SLURRY_FLOW_LINE_B_std,0.0
completed,Cond1,joint_residual,phase__p2_primary_SLURRY_FLOW_LINE_C_auc,0.0
completed,Cond1,joint_residual,phase__p2_primary_SLURRY_FLOW_LINE_C_mean,0.005535109105988742
completed,Cond1,joint_residual,phase__p2_primary_SLURRY_FLOW_LINE_C_std,0.01843342266081515
completed,Cond1,joint_residual,phase__p2_primary_STAGE_ROTATION_mean,0.0
completed,Cond1,joint_residual,phase__p2_primary_USAGE_OF_BACKING_FILM_decreasing,0.0
completed,Cond1,joint_residual,phase__p2_primary_USAGE_OF_BACKING_FILM_mean,0.0
completed,Cond1,joint_residual,phase__p2_primary_USAGE_OF_BACKING_FILM_std,0.0
completed,Cond1,joint_residual,phase__p2_primary_USAGE_OF_DRESSER_TABLE_decreasing,0.013183956334460529
completed,Cond1,joint_residual,phase__p2_primary_USAGE_OF_DRESSER_TABLE_mean,0.19078563967217146
completed,Cond1,joint_residual,phase__p2_primary_USAGE_OF_DRESSER_TABLE_std,0.006398147118220365
completed,Cond1,joint_residual,phase__p2_primary_USAGE_OF_DRESSER_decreasing,0.01825929671426497
completed,Cond1,joint_residual,phase__p2_primary_USAGE_OF_DRESSER_mean,8.151222422612495
completed,Cond1,joint_residual,phase__p2_primary_USAGE_OF_DRESSER_std,0.0
completed,Cond1,joint_residual,phase__p2_primary_USAGE_OF_MEMBRANE_decreasing,0.003103043397821406
completed,Cond1,joint_residual,phase__p2_primary_USAGE_OF_MEMBRANE_mean,0.0
completed,Cond1,joint_residual,phase__p2_primary_USAGE_OF_MEMBRANE_std,0.0
completed,Cond1,joint_residual,phase__p2_primary_USAGE_OF_POLISHING_TABLE_decreasing,0.0064600826710927975
completed,Cond1,joint_residual,phase__p2_primary_USAGE_OF_POLISHING_TABLE_mean,0.08442474567116237
completed,Cond1,joint_residual,phase__p2_primary_USAGE_OF_POLISHING_TABLE_std,0.010029162965495558
completed,Cond1,joint_residual,phase__p2_primary_USAGE_OF_PRESSURIZED_SHEET_decreasing,0.0
completed,Cond1,joint_residual,phase__p2_primary_USAGE_OF_PRESSURIZED_SHEET_mean,0.0
completed,Cond1,joint_residual,phase__p2_primary_USAGE_OF_PRESSURIZED_SHEET_std,0.0
completed,Cond1,joint_residual,phase__p2_primary_WAFER_ROTATION_mean,0.13542958501421673
completed,Cond1,joint_residual,phase__p2_primary_duration,0.0
completed,Cond1,joint_residual,phase__p2_secondary_CENTER_AIR_BAG_PRESSURE_auc,0.0
completed,Cond1,joint_residual,phase__p2_secondary_CENTER_AIR_BAG_PRESSURE_mean,0.0
completed,Cond1,joint_residual,phase__p2_secondary_CENTER_AIR_BAG_PRESSURE_std,0.0
completed,Cond1,joint_residual,phase__p2_secondary_DRESSING_WATER_STATUS_auc,0.06532107727976164
completed,Cond1,joint_residual,phase__p2_secondary_DRESSING_WATER_STATUS_mean,0.0
completed,Cond1,joint_residual,phase__p2_secondary_DRESSING_WATER_STATUS_std,0.0
completed,Cond1,joint_residual,phase__p2_secondary_EDGE_AIR_BAG_PRESSURE_auc,0.0
completed,Cond1,joint_residual,phase__p2_secondary_EDGE_AIR_BAG_PRESSURE_mean,0.0
completed,Cond1,joint_residual,phase__p2_secondary_EDGE_AIR_BAG_PRESSURE_std,0.0
completed,Cond1,joint_residual,phase__p2_secondary_HEAD_ROTATION_mean,0.0
completed,Cond1,joint_residual,phase__p2_secondary_MAIN_OUTER_AIR_BAG_PRESSURE_auc,0.0
completed,Cond1,joint_residual,phase__p2_secondary_MAIN_OUTER_AIR_BAG_PRESSURE_mean,0.0
completed,Cond1,joint_residual,phase__p2_secondary_MAIN_OUTER_AIR_BAG_PRESSURE_std,0.0
completed,Cond1,joint_residual,phase__p2_secondary_PRESSURIZED_CHAMBER_PRESSURE_auc,0.0
completed,Cond1,joint_residual,phase__p2_secondary_PRESSURIZED_CHAMBER_PRESSURE_mean,0.0
completed,Cond1,joint_residual,phase__p2_secondary_PRESSURIZED_CHAMBER_PRESSURE_std,0.0077200244296711466
completed,Cond1,joint_residual,phase__p2_secondary_RETAINER_RING_PRESSURE_auc,0.0
completed,Cond1,joint_residual,phase__p2_secondary_RETAINER_RING_PRESSURE_mean,0.007131161936768655
completed,Cond1,joint_residual,phase__p2_secondary_RETAINER_RING_PRESSURE_std,0.003846256821488001
completed,Cond1,joint_residual,phase__p2_secondary_RIPPLE_AIR_BAG_PRESSURE_auc,0.0
completed,Cond1,joint_residual,phase__p2_secondary_RIPPLE_AIR_BAG_PRESSURE_mean,0.008847707450241148
completed,Cond1,joint_residual,phase__p2_secondary_RIPPLE_AIR_BAG_PRESSURE_std,0.004851454558518912
completed,Cond1,joint_residual,phase__p2_secondary_SLURRY_FLOW_LINE_A_auc,0.0
completed,Cond1,joint_residual,phase__p2_secondary_SLURRY_FLOW_LINE_A_mean,0.0
completed,Cond1,joint_residual,phase__p2_secondary_SLURRY_FLOW_LINE_A_std,0.0
completed,Cond1,joint_residual,phase__p2_secondary_SLURRY_FLOW_LINE_B_auc,0.0
completed,Cond1,joint_residual,phase__p2_secondary_SLURRY_FLOW_LINE_B_mean,0.0
completed,Cond1,joint_residual,phase__p2_secondary_SLURRY_FLOW_LINE_B_std,0.0610120068692659
completed,Cond1,joint_residual,phase__p2_secondary_SLURRY_FLOW_LINE_C_auc,0.013012362432688723
completed,Cond1,joint_residual,phase__p2_secondary_SLURRY_FLOW_LINE_C_mean,0.0
completed,Cond1,joint_residual,phase__p2_secondary_SLURRY_FLOW_LINE_C_std,0.007556566797277749
completed,Cond1,joint_residual,phase__p2_secondary_STAGE_ROTATION_mean,0.0
completed,Cond1,joint_residual,phase__p2_secondary_USAGE_OF_BACKING_FILM_decreasing,0.0
completed,Cond1,joint_residual,phase__p2_secondary_USAGE_OF_BACKING_FILM_mean,0.0
completed,Cond1,joint_residual,phase__p2_secondary_USAGE_OF_BACKING_FILM_std,0.0
completed,Cond1,joint_residual,phase__p2_secondary_USAGE_OF_DRESSER_TABLE_decreasing,0.0
completed,Cond1,joint_residual,phase__p2_secondary_USAGE_OF_DRESSER_TABLE_mean,0.0
completed,Cond1,joint_residual,phase__p2_secondary_USAGE_OF_DRESSER_TABLE_std,0.0
completed,Cond1,joint_residual,phase__p2_secondary_USAGE_OF_DRESSER_decreasing,0.0
completed,Cond1,joint_residual,phase__p2_secondary_USAGE_OF_DRESSER_mean,0.0
completed,Cond1,joint_residual,phase__p2_secondary_USAGE_OF_DRESSER_std,0.0
completed,Cond1,joint_residual,phase__p2_secondary_USAGE_OF_MEMBRANE_decreasing,0.0035414547133657045
completed,Cond1,joint_residual,phase__p2_secondary_USAGE_OF_MEMBRANE_mean,0.0
completed,Cond1,joint_residual,phase__p2_secondary_USAGE_OF_MEMBRANE_std,0.0
completed,Cond1,joint_residual,phase__p2_secondary_USAGE_OF_POLISHING_TABLE_decreasing,0.0
completed,Cond1,joint_residual,phase__p2_secondary_USAGE_OF_POLISHING_TABLE_mean,0.0454107576175944
completed,Cond1,joint_residual,phase__p2_secondary_USAGE_OF_POLISHING_TABLE_std,0.0
completed,Cond1,joint_residual,phase__p2_secondary_USAGE_OF_PRESSURIZED_SHEET_decreasing,0.0
completed,Cond1,joint_residual,phase__p2_secondary_USAGE_OF_PRESSURIZED_SHEET_mean,0.0
completed,Cond1,joint_residual,phase__p2_secondary_USAGE_OF_PRESSURIZED_SHEET_std,0.0
completed,Cond1,joint_residual,phase__p2_secondary_WAFER_ROTATION_mean,0.0
completed,Cond1,joint_residual,phase__p2_secondary_duration,0.0
completed,Cond1,joint_residual,qc_primary_ambiguous,0.0
completed,Cond1,joint_residual,qc_primary_episodes,0.0
completed,Cond1,joint_residual,qc_primary_fallback,0.0
completed,Cond1,joint_residual,qc_primary_max_gap,0.025114296893858235
completed,Cond1,joint_residual,qc_primary_missing,0.0
completed,Cond1,joint_residual,qc_primary_phase_duration,0.0
completed,Cond1,joint_residual,qc_primary_span,0.0
completed,Cond1,joint_residual,qc_secondary_ambiguous,0.0
completed,Cond1,joint_residual,qc_secondary_episodes,0.0
completed,Cond1,joint_residual,qc_secondary_fallback,0.0
completed,Cond1,joint_residual,qc_secondary_max_gap,1.4361248304437489e-05
completed,Cond1,joint_residual,qc_secondary_missing,0.0
completed,Cond1,joint_residual,qc_secondary_phase_duration,0.0
completed,Cond1,joint_residual,qc_secondary_span,0.0
completed,Cond2,base_direct,lag_1,0.021166795093586942
completed,Cond2,base_direct,lag_2,3.4028728397220838
completed,Cond2,base_direct,lag_3,0.5156310388818892
completed,Cond2,base_direct,lag_4,0.028664079301815207
completed,Cond2,base_direct,lag_5,0.08390137796251476
completed,Cond2,base_direct,lag_6,4.184348825184025
completed,Cond2,base_direct,lag_7,0.007415481969049303
completed,Cond2,base_direct,lag_8,0.0948639834484367
completed,Cond2,base_direct,lag_9,0.38655429219977583
completed,Cond2,base_direct,lag_10,0.0
completed,Cond2,base_direct,lag_11,0.0
completed,Cond2,base_direct,neighbor_1,0.637237005072599
completed,Cond2,base_direct,neighbor_2,0.037111014339968475
completed,Cond2,base_direct,neighbor_3,0.013569286622329986
completed,Cond2,base_direct,neighbor_4,0.49971947218587837
completed,Cond2,base_direct,neighbor_5,0.14476685264847805
completed,Cond2,base_direct,neighbor_6,0.017715509410276203
completed,Cond2,base_direct,neighbor_7,0.14186057981711142
completed,Cond2,base_direct,neighbor_8,0.06131588301558672
completed,Cond2,base_direct,neighbor_9,0.06179963697398369
completed,Cond2,base_direct,neighbor_10,0.07429376764931334
completed,Cond2,base_direct,p2_primary_CENTER_AIR_BAG_PRESSURE_auc,12.077812031278697
completed,Cond2,base_direct,p2_primary_CENTER_AIR_BAG_PRESSURE_mean,0.014202181294581695
completed,Cond2,base_direct,p2_primary_CENTER_AIR_BAG_PRESSURE_std,0.014282809799812316
completed,Cond2,base_direct,p2_primary_DRESSING_WATER_STATUS_auc,0.08109735249263718
completed,Cond2,base_direct,p2_primary_DRESSING_WATER_STATUS_mean,0.15220610454491562
completed,Cond2,base_direct,p2_primary_DRESSING_WATER_STATUS_std,0.18496410290822296
completed,Cond2,base_direct,p2_primary_EDGE_AIR_BAG_PRESSURE_auc,0.08588476472001573
completed,Cond2,base_direct,p2_primary_EDGE_AIR_BAG_PRESSURE_mean,0.08323221202062724
completed,Cond2,base_direct,p2_primary_EDGE_AIR_BAG_PRESSURE_std,3.0380401750214885
completed,Cond2,base_direct,p2_primary_HEAD_ROTATION_mean,0.034816980153022016
completed,Cond2,base_direct,p2_primary_MAIN_OUTER_AIR_BAG_PRESSURE_auc,5.368658606470777
completed,Cond2,base_direct,p2_primary_MAIN_OUTER_AIR_BAG_PRESSURE_mean,0.09644870499755408
completed,Cond2,base_direct,p2_primary_MAIN_OUTER_AIR_BAG_PRESSURE_std,0.0
completed,Cond2,base_direct,p2_primary_PRESSURIZED_CHAMBER_PRESSURE_auc,10.094976436471656
completed,Cond2,base_direct,p2_primary_PRESSURIZED_CHAMBER_PRESSURE_mean,0.0022040692609726774
completed,Cond2,base_direct,p2_primary_PRESSURIZED_CHAMBER_PRESSURE_std,0.6930254127718803
completed,Cond2,base_direct,p2_primary_RETAINER_RING_PRESSURE_auc,0.7510965901268417
completed,Cond2,base_direct,p2_primary_RETAINER_RING_PRESSURE_mean,0.0
completed,Cond2,base_direct,p2_primary_RETAINER_RING_PRESSURE_std,0.11988654078448163
completed,Cond2,base_direct,p2_primary_RIPPLE_AIR_BAG_PRESSURE_auc,22.153173160272953
completed,Cond2,base_direct,p2_primary_RIPPLE_AIR_BAG_PRESSURE_mean,0.8348594096551815
completed,Cond2,base_direct,p2_primary_RIPPLE_AIR_BAG_PRESSURE_std,0.0619709834325935
completed,Cond2,base_direct,p2_primary_SLURRY_FLOW_LINE_A_auc,1.1964232376824122
completed,Cond2,base_direct,p2_primary_SLURRY_FLOW_LINE_A_mean,0.05380330778039437
completed,Cond2,base_direct,p2_primary_SLURRY_FLOW_LINE_A_std,0.31588630128540357
completed,Cond2,base_direct,p2_primary_SLURRY_FLOW_LINE_B_auc,0.5743305311464617
completed,Cond2,base_direct,p2_primary_SLURRY_FLOW_LINE_B_mean,0.0947595470736007
completed,Cond2,base_direct,p2_primary_SLURRY_FLOW_LINE_B_std,0.0
completed,Cond2,base_direct,p2_primary_SLURRY_FLOW_LINE_C_auc,9.70723297719414
completed,Cond2,base_direct,p2_primary_SLURRY_FLOW_LINE_C_mean,1.663270468851926
completed,Cond2,base_direct,p2_primary_SLURRY_FLOW_LINE_C_std,0.19652299999226755
completed,Cond2,base_direct,p2_primary_STAGE_ROTATION_mean,0.3056224836795956
completed,Cond2,base_direct,p2_primary_USAGE_OF_BACKING_FILM_decreasing,0.0
completed,Cond2,base_direct,p2_primary_USAGE_OF_BACKING_FILM_mean,0.4328734015120792
completed,Cond2,base_direct,p2_primary_USAGE_OF_BACKING_FILM_std,1.797300001749973
completed,Cond2,base_direct,p2_primary_USAGE_OF_DRESSER_TABLE_decreasing,0.023576236978112373
completed,Cond2,base_direct,p2_primary_USAGE_OF_DRESSER_TABLE_mean,1.428917167876098
completed,Cond2,base_direct,p2_primary_USAGE_OF_DRESSER_TABLE_std,0.02710961214795542
completed,Cond2,base_direct,p2_primary_USAGE_OF_DRESSER_decreasing,0.04305148790285001
completed,Cond2,base_direct,p2_primary_USAGE_OF_DRESSER_mean,2.6176912421772927
completed,Cond2,base_direct,p2_primary_USAGE_OF_DRESSER_std,0.3292560830319337
completed,Cond2,base_direct,p2_primary_USAGE_OF_MEMBRANE_decreasing,0.035888982884939906
completed,Cond2,base_direct,p2_primary_USAGE_OF_MEMBRANE_mean,0.0
completed,Cond2,base_direct,p2_primary_USAGE_OF_MEMBRANE_std,0.11943737095599447
completed,Cond2,base_direct,p2_primary_USAGE_OF_POLISHING_TABLE_decreasing,0.018358899011869812
completed,Cond2,base_direct,p2_primary_USAGE_OF_POLISHING_TABLE_mean,1.030847792945492
completed,Cond2,base_direct,p2_primary_USAGE_OF_POLISHING_TABLE_std,0.5931854838997381
completed,Cond2,base_direct,p2_primary_USAGE_OF_PRESSURIZED_SHEET_decreasing,0.0
completed,Cond2,base_direct,p2_primary_USAGE_OF_PRESSURIZED_SHEET_mean,0.0
completed,Cond2,base_direct,p2_primary_USAGE_OF_PRESSURIZED_SHEET_std,0.16000133251499707
completed,Cond2,base_direct,p2_primary_WAFER_ROTATION_mean,0.12986913002703532
completed,Cond2,base_direct,p2_primary_duration,0.0
completed,Cond2,base_direct,p2_secondary_CENTER_AIR_BAG_PRESSURE_auc,0.057494688250421914
completed,Cond2,base_direct,p2_secondary_CENTER_AIR_BAG_PRESSURE_mean,0.0039976741897128016
completed,Cond2,base_direct,p2_secondary_CENTER_AIR_BAG_PRESSURE_std,0.037012124165214794
completed,Cond2,base_direct,p2_secondary_DRESSING_WATER_STATUS_auc,0.024498938235073188
completed,Cond2,base_direct,p2_secondary_DRESSING_WATER_STATUS_mean,0.0031771023250197795
completed,Cond2,base_direct,p2_secondary_DRESSING_WATER_STATUS_std,0.028100035493759213
completed,Cond2,base_direct,p2_secondary_EDGE_AIR_BAG_PRESSURE_auc,0.0
completed,Cond2,base_direct,p2_secondary_EDGE_AIR_BAG_PRESSURE_mean,0.0
completed,Cond2,base_direct,p2_secondary_EDGE_AIR_BAG_PRESSURE_std,0.01012926209173748
completed,Cond2,base_direct,p2_secondary_HEAD_ROTATION_mean,0.16130925639646726
completed,Cond2,base_direct,p2_secondary_MAIN_OUTER_AIR_BAG_PRESSURE_auc,0.0
completed,Cond2,base_direct,p2_secondary_MAIN_OUTER_AIR_BAG_PRESSURE_mean,0.08116196167827376
completed,Cond2,base_direct,p2_secondary_MAIN_OUTER_AIR_BAG_PRESSURE_std,0.0
completed,Cond2,base_direct,p2_secondary_PRESSURIZED_CHAMBER_PRESSURE_auc,0.0
completed,Cond2,base_direct,p2_secondary_PRESSURIZED_CHAMBER_PRESSURE_mean,0.18168178379464012
completed,Cond2,base_direct,p2_secondary_PRESSURIZED_CHAMBER_PRESSURE_std,0.07701472778593461
completed,Cond2,base_direct,p2_secondary_RETAINER_RING_PRESSURE_auc,0.0
completed,Cond2,base_direct,p2_secondary_RETAINER_RING_PRESSURE_mean,0.015684563654329364
completed,Cond2,base_direct,p2_secondary_RETAINER_RING_PRESSURE_std,0.0
completed,Cond2,base_direct,p2_secondary_RIPPLE_AIR_BAG_PRESSURE_auc,0.041013298599678186
completed,Cond2,base_direct,p2_secondary_RIPPLE_AIR_BAG_PRESSURE_mean,0.24545607544274378
completed,Cond2,base_direct,p2_secondary_RIPPLE_AIR_BAG_PRESSURE_std,0.0
completed,Cond2,base_direct,p2_secondary_SLURRY_FLOW_LINE_A_auc,0.07742247679419591
completed,Cond2,base_direct,p2_secondary_SLURRY_FLOW_LINE_A_mean,0.1397517500816119
completed,Cond2,base_direct,p2_secondary_SLURRY_FLOW_LINE_A_std,0.057254192396501674
completed,Cond2,base_direct,p2_secondary_SLURRY_FLOW_LINE_B_auc,0.06953459849321693
completed,Cond2,base_direct,p2_secondary_SLURRY_FLOW_LINE_B_mean,0.0
completed,Cond2,base_direct,p2_secondary_SLURRY_FLOW_LINE_B_std,0.0
completed,Cond2,base_direct,p2_secondary_SLURRY_FLOW_LINE_C_auc,0.01923455878473815
completed,Cond2,base_direct,p2_secondary_SLURRY_FLOW_LINE_C_mean,0.11605467962010906
completed,Cond2,base_direct,p2_secondary_SLURRY_FLOW_LINE_C_std,0.022504668371260136
completed,Cond2,base_direct,p2_secondary_STAGE_ROTATION_mean,0.12165620721137752
completed,Cond2,base_direct,p2_secondary_USAGE_OF_BACKING_FILM_decreasing,0.0
completed,Cond2,base_direct,p2_secondary_USAGE_OF_BACKING_FILM_mean,0.025773883533796182
completed,Cond2,base_direct,p2_secondary_USAGE_OF_BACKING_FILM_std,0.020330380256040982
completed,Cond2,base_direct,p2_secondary_USAGE_OF_DRESSER_TABLE_decreasing,0.0
completed,Cond2,base_direct,p2_secondary_USAGE_OF_DRESSER_TABLE_mean,0.6851605853749838
completed,Cond2,base_direct,p2_secondary_USAGE_OF_DRESSER_TABLE_std,0.0
completed,Cond2,base_direct,p2_secondary_USAGE_OF_DRESSER_decreasing,0.16163842216930496
completed,Cond2,base_direct,p2_secondary_USAGE_OF_DRESSER_mean,4.8094010097252795
completed,Cond2,base_direct,p2_secondary_USAGE_OF_DRESSER_std,0.0
completed,Cond2,base_direct,p2_secondary_USAGE_OF_MEMBRANE_decreasing,0.0
completed,Cond2,base_direct,p2_secondary_USAGE_OF_MEMBRANE_mean,0.0
completed,Cond2,base_direct,p2_secondary_USAGE_OF_MEMBRANE_std,0.020546245566667985
completed,Cond2,base_direct,p2_secondary_USAGE_OF_POLISHING_TABLE_decreasing,0.08102508225413842
completed,Cond2,base_direct,p2_secondary_USAGE_OF_POLISHING_TABLE_mean,3.2106222583331903
completed,Cond2,base_direct,p2_secondary_USAGE_OF_POLISHING_TABLE_std,0.0
completed,Cond2,base_direct,p2_secondary_USAGE_OF_PRESSURIZED_SHEET_decreasing,0.0
completed,Cond2,base_direct,p2_secondary_USAGE_OF_PRESSURIZED_SHEET_mean,0.0
completed,Cond2,base_direct,p2_secondary_USAGE_OF_PRESSURIZED_SHEET_std,0.057255700201418666
completed,Cond2,base_direct,p2_secondary_WAFER_ROTATION_mean,0.05671052560386848
completed,Cond2,base_direct,p2_secondary_duration,0.027528852845109707
completed,Cond2,joint_direct,lag_1,0.05583091789249319
completed,Cond2,joint_direct,lag_2,2.0631203239294638
completed,Cond2,joint_direct,lag_3,2.889640326829452
completed,Cond2,joint_direct,lag_4,0.031024792741157364
completed,Cond2,joint_direct,lag_5,0.0
completed,Cond2,joint_direct,lag_6,2.1729298283312617
completed,Cond2,joint_direct,lag_7,0.04476742783884232
completed,Cond2,joint_direct,lag_8,0.0
completed,Cond2,joint_direct,lag_9,0.06471545365365967
completed,Cond2,joint_direct,lag_10,0.03567736657090062
completed,Cond2,joint_direct,lag_11,0.0
completed,Cond2,joint_direct,neighbor_1,0.2561335888780451
completed,Cond2,joint_direct,neighbor_2,0.02727629849242708
completed,Cond2,joint_direct,neighbor_3,0.0
completed,Cond2,joint_direct,neighbor_4,0.1348718169688802
completed,Cond2,joint_direct,neighbor_5,0.06867637089006362
completed,Cond2,joint_direct,neighbor_6,0.0
completed,Cond2,joint_direct,neighbor_7,0.030634444329044046
completed,Cond2,joint_direct,neighbor_8,0.11046516855806286
completed,Cond2,joint_direct,neighbor_9,0.11952406039484881
completed,Cond2,joint_direct,neighbor_10,0.020651503184571127
completed,Cond2,joint_direct,p2_primary_CENTER_AIR_BAG_PRESSURE_auc,11.744276191181692
completed,Cond2,joint_direct,p2_primary_CENTER_AIR_BAG_PRESSURE_mean,0.0
completed,Cond2,joint_direct,p2_primary_CENTER_AIR_BAG_PRESSURE_std,0.012709899634467
completed,Cond2,joint_direct,p2_primary_DRESSING_WATER_STATUS_auc,0.07032172428921454
completed,Cond2,joint_direct,p2_primary_DRESSING_WATER_STATUS_mean,0.0528511939947884
completed,Cond2,joint_direct,p2_primary_DRESSING_WATER_STATUS_std,0.1657143234419566
completed,Cond2,joint_direct,p2_primary_EDGE_AIR_BAG_PRESSURE_auc,0.041708413866873156
completed,Cond2,joint_direct,p2_primary_EDGE_AIR_BAG_PRESSURE_mean,0.04368476430426603
completed,Cond2,joint_direct,p2_primary_EDGE_AIR_BAG_PRESSURE_std,2.220694659401108
completed,Cond2,joint_direct,p2_primary_HEAD_ROTATION_mean,0.0
completed,Cond2,joint_direct,p2_primary_MAIN_OUTER_AIR_BAG_PRESSURE_auc,4.476784654375758
completed,Cond2,joint_direct,p2_primary_MAIN_OUTER_AIR_BAG_PRESSURE_mean,0.0
completed,Cond2,joint_direct,p2_primary_MAIN_OUTER_AIR_BAG_PRESSURE_std,0.0
completed,Cond2,joint_direct,p2_primary_PRESSURIZED_CHAMBER_PRESSURE_auc,7.371865032225031
completed,Cond2,joint_direct,p2_primary_PRESSURIZED_CHAMBER_PRESSURE_mean,0.0
completed,Cond2,joint_direct,p2_primary_PRESSURIZED_CHAMBER_PRESSURE_std,0.7604587360499401
completed,Cond2,joint_direct,p2_primary_RETAINER_RING_PRESSURE_auc,0.853068750132344
completed,Cond2,joint_direct,p2_primary_RETAINER_RING_PRESSURE_mean,0.0
completed,Cond2,joint_direct,p2_primary_RETAINER_RING_PRESSURE_std,0.0740370984297334
completed,Cond2,joint_direct,p2_primary_RIPPLE_AIR_BAG_PRESSURE_auc,20.17046599866247
completed,Cond2,joint_direct,p2_primary_RIPPLE_AIR_BAG_PRESSURE_mean,0.47998949388065887
completed,Cond2,joint_direct,p2_primary_RIPPLE_AIR_BAG_PRESSURE_std,0.0
completed,Cond2,joint_direct,p2_primary_SLURRY_FLOW_LINE_A_auc,1.2374873046899655
completed,Cond2,joint_direct,p2_primary_SLURRY_FLOW_LINE_A_mean,0.017596617599310114
completed,Cond2,joint_direct,p2_primary_SLURRY_FLOW_LINE_A_std,0.068336758892765
completed,Cond2,joint_direct,p2_primary_SLURRY_FLOW_LINE_B_auc,0.2002086653553637
completed,Cond2,joint_direct,p2_primary_SLURRY_FLOW_LINE_B_mean,0.028563355309305916
completed,Cond2,joint_direct,p2_primary_SLURRY_FLOW_LINE_B_std,0.04202376453887427
completed,Cond2,joint_direct,p2_primary_SLURRY_FLOW_LINE_C_auc,11.270313507088382
completed,Cond2,joint_direct,p2_primary_SLURRY_FLOW_LINE_C_mean,0.8882727618061889
completed,Cond2,joint_direct,p2_primary_SLURRY_FLOW_LINE_C_std,0.07205864881105528
completed,Cond2,joint_direct,p2_primary_STAGE_ROTATION_mean,0.0
completed,Cond2,joint_direct,p2_primary_USAGE_OF_BACKING_FILM_decreasing,0.0
completed,Cond2,joint_direct,p2_primary_USAGE_OF_BACKING_FILM_mean,0.12914429663366425
completed,Cond2,joint_direct,p2_primary_USAGE_OF_BACKING_FILM_std,1.0700868110232067
completed,Cond2,joint_direct,p2_primary_USAGE_OF_DRESSER_TABLE_decreasing,0.0
completed,Cond2,joint_direct,p2_primary_USAGE_OF_DRESSER_TABLE_mean,0.21015841640569788
completed,Cond2,joint_direct,p2_primary_USAGE_OF_DRESSER_TABLE_std,0.0
completed,Cond2,joint_direct,p2_primary_USAGE_OF_DRESSER_decreasing,0.056766247440825354
completed,Cond2,joint_direct,p2_primary_USAGE_OF_DRESSER_mean,0.8987061385545807
completed,Cond2,joint_direct,p2_primary_USAGE_OF_DRESSER_std,0.19845121577277913
completed,Cond2,joint_direct,p2_primary_USAGE_OF_MEMBRANE_decreasing,0.0
completed,Cond2,joint_direct,p2_primary_USAGE_OF_MEMBRANE_mean,0.0
completed,Cond2,joint_direct,p2_primary_USAGE_OF_MEMBRANE_std,0.0
completed,Cond2,joint_direct,p2_primary_USAGE_OF_POLISHING_TABLE_decreasing,0.010865583167742993
completed,Cond2,joint_direct,p2_primary_USAGE_OF_POLISHING_TABLE_mean,0.7703002095731031
completed,Cond2,joint_direct,p2_primary_USAGE_OF_POLISHING_TABLE_std,0.5463976425872019
completed,Cond2,joint_direct,p2_primary_USAGE_OF_PRESSURIZED_SHEET_decreasing,0.0
completed,Cond2,joint_direct,p2_primary_USAGE_OF_PRESSURIZED_SHEET_mean,0.0
completed,Cond2,joint_direct,p2_primary_USAGE_OF_PRESSURIZED_SHEET_std,0.0
completed,Cond2,joint_direct,p2_primary_WAFER_ROTATION_mean,0.0
completed,Cond2,joint_direct,p2_primary_duration,0.0
completed,Cond2,joint_direct,p2_secondary_CENTER_AIR_BAG_PRESSURE_auc,0.0
completed,Cond2,joint_direct,p2_secondary_CENTER_AIR_BAG_PRESSURE_mean,0.0
completed,Cond2,joint_direct,p2_secondary_CENTER_AIR_BAG_PRESSURE_std,0.0
completed,Cond2,joint_direct,p2_secondary_DRESSING_WATER_STATUS_auc,0.0
completed,Cond2,joint_direct,p2_secondary_DRESSING_WATER_STATUS_mean,0.0
completed,Cond2,joint_direct,p2_secondary_DRESSING_WATER_STATUS_std,0.01187509137976874
completed,Cond2,joint_direct,p2_secondary_EDGE_AIR_BAG_PRESSURE_auc,0.0
completed,Cond2,joint_direct,p2_secondary_EDGE_AIR_BAG_PRESSURE_mean,0.014678336064508173
completed,Cond2,joint_direct,p2_secondary_EDGE_AIR_BAG_PRESSURE_std,0.0
completed,Cond2,joint_direct,p2_secondary_HEAD_ROTATION_mean,0.06858756829968841
completed,Cond2,joint_direct,p2_secondary_MAIN_OUTER_AIR_BAG_PRESSURE_auc,0.0
completed,Cond2,joint_direct,p2_secondary_MAIN_OUTER_AIR_BAG_PRESSURE_mean,0.1383556255762128
completed,Cond2,joint_direct,p2_secondary_MAIN_OUTER_AIR_BAG_PRESSURE_std,0.0
completed,Cond2,joint_direct,p2_secondary_PRESSURIZED_CHAMBER_PRESSURE_auc,0.12204349277150484
completed,Cond2,joint_direct,p2_secondary_PRESSURIZED_CHAMBER_PRESSURE_mean,0.05329544211625082
completed,Cond2,joint_direct,p2_secondary_PRESSURIZED_CHAMBER_PRESSURE_std,0.0
completed,Cond2,joint_direct,p2_secondary_RETAINER_RING_PRESSURE_auc,0.0
completed,Cond2,joint_direct,p2_secondary_RETAINER_RING_PRESSURE_mean,0.0
completed,Cond2,joint_direct,p2_secondary_RETAINER_RING_PRESSURE_std,0.0
completed,Cond2,joint_direct,p2_secondary_RIPPLE_AIR_BAG_PRESSURE_auc,0.036950316032197915
completed,Cond2,joint_direct,p2_secondary_RIPPLE_AIR_BAG_PRESSURE_mean,0.2073667502626043
completed,Cond2,joint_direct,p2_secondary_RIPPLE_AIR_BAG_PRESSURE_std,0.0
completed,Cond2,joint_direct,p2_secondary_SLURRY_FLOW_LINE_A_auc,0.09471393552566404
completed,Cond2,joint_direct,p2_secondary_SLURRY_FLOW_LINE_A_mean,0.012122091109468434
completed,Cond2,joint_direct,p2_secondary_SLURRY_FLOW_LINE_A_std,0.04679277637859895
completed,Cond2,joint_direct,p2_secondary_SLURRY_FLOW_LINE_B_auc,0.0
completed,Cond2,joint_direct,p2_secondary_SLURRY_FLOW_LINE_B_mean,0.0
completed,Cond2,joint_direct,p2_secondary_SLURRY_FLOW_LINE_B_std,0.0
completed,Cond2,joint_direct,p2_secondary_SLURRY_FLOW_LINE_C_auc,0.0
completed,Cond2,joint_direct,p2_secondary_SLURRY_FLOW_LINE_C_mean,0.0
completed,Cond2,joint_direct,p2_secondary_SLURRY_FLOW_LINE_C_std,0.0
completed,Cond2,joint_direct,p2_secondary_STAGE_ROTATION_mean,0.04284686439064868
completed,Cond2,joint_direct,p2_secondary_USAGE_OF_BACKING_FILM_decreasing,0.0
completed,Cond2,joint_direct,p2_secondary_USAGE_OF_BACKING_FILM_mean,0.0
completed,Cond2,joint_direct,p2_secondary_USAGE_OF_BACKING_FILM_std,0.0
completed,Cond2,joint_direct,p2_secondary_USAGE_OF_DRESSER_TABLE_decreasing,0.0
completed,Cond2,joint_direct,p2_secondary_USAGE_OF_DRESSER_TABLE_mean,0.09253405618104994
completed,Cond2,joint_direct,p2_secondary_USAGE_OF_DRESSER_TABLE_std,0.0
completed,Cond2,joint_direct,p2_secondary_USAGE_OF_DRESSER_decreasing,0.03597296379316631
completed,Cond2,joint_direct,p2_secondary_USAGE_OF_DRESSER_mean,3.882212851811186
completed,Cond2,joint_direct,p2_secondary_USAGE_OF_DRESSER_std,0.0
completed,Cond2,joint_direct,p2_secondary_USAGE_OF_MEMBRANE_decreasing,0.01048506955426186
completed,Cond2,joint_direct,p2_secondary_USAGE_OF_MEMBRANE_mean,0.0
completed,Cond2,joint_direct,p2_secondary_USAGE_OF_MEMBRANE_std,0.0
completed,Cond2,joint_direct,p2_secondary_USAGE_OF_POLISHING_TABLE_decreasing,0.0
completed,Cond2,joint_direct,p2_secondary_USAGE_OF_POLISHING_TABLE_mean,1.9994740773882511
completed,Cond2,joint_direct,p2_secondary_USAGE_OF_POLISHING_TABLE_std,0.0
completed,Cond2,joint_direct,p2_secondary_USAGE_OF_PRESSURIZED_SHEET_decreasing,0.0
completed,Cond2,joint_direct,p2_secondary_USAGE_OF_PRESSURIZED_SHEET_mean,0.0
completed,Cond2,joint_direct,p2_secondary_USAGE_OF_PRESSURIZED_SHEET_std,0.05726673738883203
completed,Cond2,joint_direct,p2_secondary_WAFER_ROTATION_mean,0.054027014134552534
completed,Cond2,joint_direct,p2_secondary_duration,0.0
completed,Cond2,joint_direct,history_summary_0,0.5381352507441065
completed,Cond2,joint_direct,history_summary_1,1.4794440499227717
completed,Cond2,joint_direct,history_summary_2,0.0
completed,Cond2,joint_direct,history_summary_3,0.5873819207944028
completed,Cond2,joint_direct,history_summary_4,2.283929331000922
completed,Cond2,joint_direct,history_summary_5,0.21622781377261838
completed,Cond2,joint_direct,history_summary_6,0.19437833557049347
completed,Cond2,joint_direct,history_summary_7,0.0
completed,Cond2,joint_direct,history_summary_8,0.8867238882258137
completed,Cond2,joint_direct,history_summary_9,0.40454297391786526
completed,Cond2,joint_direct,gap__p2_primary_CENTER_AIR_BAG_PRESSURE_auc,0.0
completed,Cond2,joint_direct,gap__p2_primary_CENTER_AIR_BAG_PRESSURE_mean,0.0
completed,Cond2,joint_direct,gap__p2_primary_CENTER_AIR_BAG_PRESSURE_std,0.0
completed,Cond2,joint_direct,gap__p2_primary_DRESSING_WATER_STATUS_auc,0.0
completed,Cond2,joint_direct,gap__p2_primary_DRESSING_WATER_STATUS_mean,0.0
completed,Cond2,joint_direct,gap__p2_primary_DRESSING_WATER_STATUS_std,0.0
completed,Cond2,joint_direct,gap__p2_primary_EDGE_AIR_BAG_PRESSURE_auc,0.0
completed,Cond2,joint_direct,gap__p2_primary_EDGE_AIR_BAG_PRESSURE_mean,0.0
completed,Cond2,joint_direct,gap__p2_primary_EDGE_AIR_BAG_PRESSURE_std,0.0
completed,Cond2,joint_direct,gap__p2_primary_HEAD_ROTATION_mean,0.0
completed,Cond2,joint_direct,gap__p2_primary_MAIN_OUTER_AIR_BAG_PRESSURE_auc,0.0
completed,Cond2,joint_direct,gap__p2_primary_MAIN_OUTER_AIR_BAG_PRESSURE_mean,0.0
completed,Cond2,joint_direct,gap__p2_primary_MAIN_OUTER_AIR_BAG_PRESSURE_std,0.0
completed,Cond2,joint_direct,gap__p2_primary_PRESSURIZED_CHAMBER_PRESSURE_auc,0.0
completed,Cond2,joint_direct,gap__p2_primary_PRESSURIZED_CHAMBER_PRESSURE_mean,0.0
completed,Cond2,joint_direct,gap__p2_primary_PRESSURIZED_CHAMBER_PRESSURE_std,0.0
completed,Cond2,joint_direct,gap__p2_primary_RETAINER_RING_PRESSURE_auc,0.0
completed,Cond2,joint_direct,gap__p2_primary_RETAINER_RING_PRESSURE_mean,0.0
completed,Cond2,joint_direct,gap__p2_primary_RETAINER_RING_PRESSURE_std,0.0
completed,Cond2,joint_direct,gap__p2_primary_RIPPLE_AIR_BAG_PRESSURE_auc,0.0
completed,Cond2,joint_direct,gap__p2_primary_RIPPLE_AIR_BAG_PRESSURE_mean,0.0
completed,Cond2,joint_direct,gap__p2_primary_RIPPLE_AIR_BAG_PRESSURE_std,0.0
completed,Cond2,joint_direct,gap__p2_primary_SLURRY_FLOW_LINE_A_auc,0.0
completed,Cond2,joint_direct,gap__p2_primary_SLURRY_FLOW_LINE_A_mean,0.0
completed,Cond2,joint_direct,gap__p2_primary_SLURRY_FLOW_LINE_A_std,0.0
completed,Cond2,joint_direct,gap__p2_primary_SLURRY_FLOW_LINE_B_auc,0.0
completed,Cond2,joint_direct,gap__p2_primary_SLURRY_FLOW_LINE_B_mean,0.0
completed,Cond2,joint_direct,gap__p2_primary_SLURRY_FLOW_LINE_B_std,0.0
completed,Cond2,joint_direct,gap__p2_primary_SLURRY_FLOW_LINE_C_auc,0.0
completed,Cond2,joint_direct,gap__p2_primary_SLURRY_FLOW_LINE_C_mean,0.0
completed,Cond2,joint_direct,gap__p2_primary_SLURRY_FLOW_LINE_C_std,0.0
completed,Cond2,joint_direct,gap__p2_primary_STAGE_ROTATION_mean,0.0
completed,Cond2,joint_direct,gap__p2_primary_USAGE_OF_BACKING_FILM_decreasing,0.0
completed,Cond2,joint_direct,gap__p2_primary_USAGE_OF_BACKING_FILM_mean,0.0
completed,Cond2,joint_direct,gap__p2_primary_USAGE_OF_BACKING_FILM_std,0.0
completed,Cond2,joint_direct,gap__p2_primary_USAGE_OF_DRESSER_TABLE_decreasing,0.0
completed,Cond2,joint_direct,gap__p2_primary_USAGE_OF_DRESSER_TABLE_mean,0.0
completed,Cond2,joint_direct,gap__p2_primary_USAGE_OF_DRESSER_TABLE_std,0.0
completed,Cond2,joint_direct,gap__p2_primary_USAGE_OF_DRESSER_decreasing,0.0
completed,Cond2,joint_direct,gap__p2_primary_USAGE_OF_DRESSER_mean,0.0
completed,Cond2,joint_direct,gap__p2_primary_USAGE_OF_DRESSER_std,0.0
completed,Cond2,joint_direct,gap__p2_primary_USAGE_OF_MEMBRANE_decreasing,0.0
completed,Cond2,joint_direct,gap__p2_primary_USAGE_OF_MEMBRANE_mean,0.0
completed,Cond2,joint_direct,gap__p2_primary_USAGE_OF_MEMBRANE_std,0.0
completed,Cond2,joint_direct,gap__p2_primary_USAGE_OF_POLISHING_TABLE_decreasing,0.0
completed,Cond2,joint_direct,gap__p2_primary_USAGE_OF_POLISHING_TABLE_mean,0.0
completed,Cond2,joint_direct,gap__p2_primary_USAGE_OF_POLISHING_TABLE_std,0.0
completed,Cond2,joint_direct,gap__p2_primary_USAGE_OF_PRESSURIZED_SHEET_decreasing,0.0
completed,Cond2,joint_direct,gap__p2_primary_USAGE_OF_PRESSURIZED_SHEET_mean,0.0
completed,Cond2,joint_direct,gap__p2_primary_USAGE_OF_PRESSURIZED_SHEET_std,0.0
completed,Cond2,joint_direct,gap__p2_primary_WAFER_ROTATION_mean,0.04524725071625626
completed,Cond2,joint_direct,gap__p2_primary_duration,0.0
completed,Cond2,joint_direct,gap__p2_secondary_CENTER_AIR_BAG_PRESSURE_auc,0.0
completed,Cond2,joint_direct,gap__p2_secondary_CENTER_AIR_BAG_PRESSURE_mean,0.0
completed,Cond2,joint_direct,gap__p2_secondary_CENTER_AIR_BAG_PRESSURE_std,0.0
completed,Cond2,joint_direct,gap__p2_secondary_DRESSING_WATER_STATUS_auc,0.0
completed,Cond2,joint_direct,gap__p2_secondary_DRESSING_WATER_STATUS_mean,0.0
completed,Cond2,joint_direct,gap__p2_secondary_DRESSING_WATER_STATUS_std,0.0
completed,Cond2,joint_direct,gap__p2_secondary_EDGE_AIR_BAG_PRESSURE_auc,0.0
completed,Cond2,joint_direct,gap__p2_secondary_EDGE_AIR_BAG_PRESSURE_mean,0.0
completed,Cond2,joint_direct,gap__p2_secondary_EDGE_AIR_BAG_PRESSURE_std,0.0
completed,Cond2,joint_direct,gap__p2_secondary_HEAD_ROTATION_mean,0.0
completed,Cond2,joint_direct,gap__p2_secondary_MAIN_OUTER_AIR_BAG_PRESSURE_auc,0.0
completed,Cond2,joint_direct,gap__p2_secondary_MAIN_OUTER_AIR_BAG_PRESSURE_mean,0.0
completed,Cond2,joint_direct,gap__p2_secondary_MAIN_OUTER_AIR_BAG_PRESSURE_std,0.0
completed,Cond2,joint_direct,gap__p2_secondary_PRESSURIZED_CHAMBER_PRESSURE_auc,0.0
completed,Cond2,joint_direct,gap__p2_secondary_PRESSURIZED_CHAMBER_PRESSURE_mean,0.0
completed,Cond2,joint_direct,gap__p2_secondary_PRESSURIZED_CHAMBER_PRESSURE_std,0.0
completed,Cond2,joint_direct,gap__p2_secondary_RETAINER_RING_PRESSURE_auc,0.0
completed,Cond2,joint_direct,gap__p2_secondary_RETAINER_RING_PRESSURE_mean,0.0
completed,Cond2,joint_direct,gap__p2_secondary_RETAINER_RING_PRESSURE_std,0.0
completed,Cond2,joint_direct,gap__p2_secondary_RIPPLE_AIR_BAG_PRESSURE_auc,0.0
completed,Cond2,joint_direct,gap__p2_secondary_RIPPLE_AIR_BAG_PRESSURE_mean,0.0
completed,Cond2,joint_direct,gap__p2_secondary_RIPPLE_AIR_BAG_PRESSURE_std,0.0
completed,Cond2,joint_direct,gap__p2_secondary_SLURRY_FLOW_LINE_A_auc,0.0
completed,Cond2,joint_direct,gap__p2_secondary_SLURRY_FLOW_LINE_A_mean,0.0
completed,Cond2,joint_direct,gap__p2_secondary_SLURRY_FLOW_LINE_A_std,0.0
completed,Cond2,joint_direct,gap__p2_secondary_SLURRY_FLOW_LINE_B_auc,0.0
completed,Cond2,joint_direct,gap__p2_secondary_SLURRY_FLOW_LINE_B_mean,0.0
completed,Cond2,joint_direct,gap__p2_secondary_SLURRY_FLOW_LINE_B_std,0.0
completed,Cond2,joint_direct,gap__p2_secondary_SLURRY_FLOW_LINE_C_auc,0.0
completed,Cond2,joint_direct,gap__p2_secondary_SLURRY_FLOW_LINE_C_mean,0.0
completed,Cond2,joint_direct,gap__p2_secondary_SLURRY_FLOW_LINE_C_std,0.0
completed,Cond2,joint_direct,gap__p2_secondary_STAGE_ROTATION_mean,0.0
completed,Cond2,joint_direct,gap__p2_secondary_USAGE_OF_BACKING_FILM_decreasing,0.0
completed,Cond2,joint_direct,gap__p2_secondary_USAGE_OF_BACKING_FILM_mean,0.0
completed,Cond2,joint_direct,gap__p2_secondary_USAGE_OF_BACKING_FILM_std,0.0
completed,Cond2,joint_direct,gap__p2_secondary_USAGE_OF_DRESSER_TABLE_decreasing,0.0
completed,Cond2,joint_direct,gap__p2_secondary_USAGE_OF_DRESSER_TABLE_mean,0.0
completed,Cond2,joint_direct,gap__p2_secondary_USAGE_OF_DRESSER_TABLE_std,0.0
completed,Cond2,joint_direct,gap__p2_secondary_USAGE_OF_DRESSER_decreasing,0.00954226581594519
completed,Cond2,joint_direct,gap__p2_secondary_USAGE_OF_DRESSER_mean,0.0
completed,Cond2,joint_direct,gap__p2_secondary_USAGE_OF_DRESSER_std,0.0
completed,Cond2,joint_direct,gap__p2_secondary_USAGE_OF_MEMBRANE_decreasing,0.0
completed,Cond2,joint_direct,gap__p2_secondary_USAGE_OF_MEMBRANE_mean,0.0
completed,Cond2,joint_direct,gap__p2_secondary_USAGE_OF_MEMBRANE_std,0.0
completed,Cond2,joint_direct,gap__p2_secondary_USAGE_OF_POLISHING_TABLE_decreasing,0.0
completed,Cond2,joint_direct,gap__p2_secondary_USAGE_OF_POLISHING_TABLE_mean,0.0
completed,Cond2,joint_direct,gap__p2_secondary_USAGE_OF_POLISHING_TABLE_std,0.0
completed,Cond2,joint_direct,gap__p2_secondary_USAGE_OF_PRESSURIZED_SHEET_decreasing,0.0
completed,Cond2,joint_direct,gap__p2_secondary_USAGE_OF_PRESSURIZED_SHEET_mean,0.0
completed,Cond2,joint_direct,gap__p2_secondary_USAGE_OF_PRESSURIZED_SHEET_std,0.0
completed,Cond2,joint_direct,gap__p2_secondary_WAFER_ROTATION_mean,0.0
completed,Cond2,joint_direct,gap__p2_secondary_duration,0.0
completed,Cond2,joint_direct,multi_primary_active_fraction,0.10173938026498464
completed,Cond2,joint_direct,multi_primary_active_point_fraction,0.0
completed,Cond2,joint_direct,multi_primary_active_time,0.0
completed,Cond2,joint_direct,multi_primary_episode_count,0.0
completed,Cond2,joint_direct,multi_primary_episode_max,0.0
completed,Cond2,joint_direct,multi_primary_episode_median,0.0
completed,Cond2,joint_direct,multi_primary_episode_min,0.00313514432530277
completed,Cond2,joint_direct,multi_primary_episode_std,0.0
completed,Cond2,joint_direct,multi_primary_inactive_time,0.13304081789652528
completed,Cond2,joint_direct,multi_primary_observed_time,0.0
completed,Cond2,joint_direct,multi_primary_pressure_integral,0.18845206358362945
completed,Cond2,joint_direct,multi_primary_pressure_mean,0.7862939089687617
completed,Cond2,joint_direct,multi_primary_pressure_rotation_proxy_integral,0.0
completed,Cond2,joint_direct,multi_primary_pressure_rotation_proxy_mean,0.03224206990470726
completed,Cond2,joint_direct,multi_primary_pressure_rotation_proxy_std,0.0
completed,Cond2,joint_direct,multi_primary_pressure_std,0.015190055185301511
completed,Cond2,joint_direct,multi_primary_rotation_sum_integral,0.03405042045726743
completed,Cond2,joint_direct,multi_primary_rotation_sum_mean,0.024351480342906868
completed,Cond2,joint_direct,multi_primary_rotation_sum_std,0.02287484979143821
completed,Cond2,joint_direct,multi_primary_slurry_integral,2.074115399312855
completed,Cond2,joint_direct,multi_primary_slurry_mean,0.13209811673378652
completed,Cond2,joint_direct,multi_primary_slurry_std,2.049896570796759
completed,Cond2,joint_direct,multi_secondary_active_fraction,0.0
completed,Cond2,joint_direct,multi_secondary_active_point_fraction,0.0
completed,Cond2,joint_direct,multi_secondary_active_time,0.01675476332453265
completed,Cond2,joint_direct,multi_secondary_episode_count,0.0
completed,Cond2,joint_direct,multi_secondary_episode_max,0.0
completed,Cond2,joint_direct,multi_secondary_episode_median,0.014386028710797168
completed,Cond2,joint_direct,multi_secondary_episode_min,0.0
completed,Cond2,joint_direct,multi_secondary_episode_std,0.057961138808449685
completed,Cond2,joint_direct,multi_secondary_inactive_time,0.0
completed,Cond2,joint_direct,multi_secondary_observed_time,0.0
completed,Cond2,joint_direct,multi_secondary_pressure_integral,0.1476475102112057
completed,Cond2,joint_direct,multi_secondary_pressure_mean,0.0
completed,Cond2,joint_direct,multi_secondary_pressure_rotation_proxy_integral,0.14716748192591186
completed,Cond2,joint_direct,multi_secondary_pressure_rotation_proxy_mean,0.0
completed,Cond2,joint_direct,multi_secondary_pressure_rotation_proxy_std,0.0
completed,Cond2,joint_direct,multi_secondary_pressure_std,0.01893657598725519
completed,Cond2,joint_direct,multi_secondary_rotation_sum_integral,0.03646401649274274
completed,Cond2,joint_direct,multi_secondary_rotation_sum_mean,0.012941292311995749
completed,Cond2,joint_direct,multi_secondary_rotation_sum_std,0.0
completed,Cond2,joint_direct,multi_secondary_slurry_integral,0.0
completed,Cond2,joint_direct,multi_secondary_slurry_mean,0.0
completed,Cond2,joint_direct,multi_secondary_slurry_std,0.020242338674817065
completed,Cond2,joint_direct,phase__p2_primary_CENTER_AIR_BAG_PRESSURE_auc,0.0
completed,Cond2,joint_direct,phase__p2_primary_CENTER_AIR_BAG_PRESSURE_mean,0.019856125035324208
completed,Cond2,joint_direct,phase__p2_primary_CENTER_AIR_BAG_PRESSURE_std,0.0
completed,Cond2,joint_direct,phase__p2_primary_DRESSING_WATER_STATUS_auc,0.10640777081892511
completed,Cond2,joint_direct,phase__p2_primary_DRESSING_WATER_STATUS_mean,0.0
completed,Cond2,joint_direct,phase__p2_primary_DRESSING_WATER_STATUS_std,0.0
completed,Cond2,joint_direct,phase__p2_primary_EDGE_AIR_BAG_PRESSURE_auc,0.0
completed,Cond2,joint_direct,phase__p2_primary_EDGE_AIR_BAG_PRESSURE_mean,0.02320460514901753
completed,Cond2,joint_direct,phase__p2_primary_EDGE_AIR_BAG_PRESSURE_std,0.0
completed,Cond2,joint_direct,phase__p2_primary_HEAD_ROTATION_mean,0.24707535098414804
completed,Cond2,joint_direct,phase__p2_primary_MAIN_OUTER_AIR_BAG_PRESSURE_auc,0.02728248832020372
completed,Cond2,joint_direct,phase__p2_primary_MAIN_OUTER_AIR_BAG_PRESSURE_mean,0.07598588971832543
completed,Cond2,joint_direct,phase__p2_primary_MAIN_OUTER_AIR_BAG_PRESSURE_std,0.0
completed,Cond2,joint_direct,phase__p2_primary_PRESSURIZED_CHAMBER_PRESSURE_auc,0.016823560476216658
completed,Cond2,joint_direct,phase__p2_primary_PRESSURIZED_CHAMBER_PRESSURE_mean,0.0
completed,Cond2,joint_direct,phase__p2_primary_PRESSURIZED_CHAMBER_PRESSURE_std,0.19656556445296494
completed,Cond2,joint_direct,phase__p2_primary_RETAINER_RING_PRESSURE_auc,0.0
completed,Cond2,joint_direct,phase__p2_primary_RETAINER_RING_PRESSURE_mean,0.0
completed,Cond2,joint_direct,phase__p2_primary_RETAINER_RING_PRESSURE_std,0.035780812120688205
completed,Cond2,joint_direct,phase__p2_primary_RIPPLE_AIR_BAG_PRESSURE_auc,0.0
completed,Cond2,joint_direct,phase__p2_primary_RIPPLE_AIR_BAG_PRESSURE_mean,0.012644171206790625
completed,Cond2,joint_direct,phase__p2_primary_RIPPLE_AIR_BAG_PRESSURE_std,0.11596478792911252
completed,Cond2,joint_direct,phase__p2_primary_SLURRY_FLOW_LINE_A_auc,0.14197753373233185
completed,Cond2,joint_direct,phase__p2_primary_SLURRY_FLOW_LINE_A_mean,0.023015591470692952
completed,Cond2,joint_direct,phase__p2_primary_SLURRY_FLOW_LINE_A_std,0.4103406450162489
completed,Cond2,joint_direct,phase__p2_primary_SLURRY_FLOW_LINE_B_auc,0.0
completed,Cond2,joint_direct,phase__p2_primary_SLURRY_FLOW_LINE_B_mean,0.0
completed,Cond2,joint_direct,phase__p2_primary_SLURRY_FLOW_LINE_B_std,0.0
completed,Cond2,joint_direct,phase__p2_primary_SLURRY_FLOW_LINE_C_auc,0.25343445724211244
completed,Cond2,joint_direct,phase__p2_primary_SLURRY_FLOW_LINE_C_mean,0.03272534357797361
completed,Cond2,joint_direct,phase__p2_primary_SLURRY_FLOW_LINE_C_std,0.11270370331337481
completed,Cond2,joint_direct,phase__p2_primary_STAGE_ROTATION_mean,0.0
completed,Cond2,joint_direct,phase__p2_primary_USAGE_OF_BACKING_FILM_decreasing,0.3925377948044674
completed,Cond2,joint_direct,phase__p2_primary_USAGE_OF_BACKING_FILM_mean,0.0
completed,Cond2,joint_direct,phase__p2_primary_USAGE_OF_BACKING_FILM_std,0.0
completed,Cond2,joint_direct,phase__p2_primary_USAGE_OF_DRESSER_TABLE_decreasing,0.0
completed,Cond2,joint_direct,phase__p2_primary_USAGE_OF_DRESSER_TABLE_mean,0.0
completed,Cond2,joint_direct,phase__p2_primary_USAGE_OF_DRESSER_TABLE_std,0.0
completed,Cond2,joint_direct,phase__p2_primary_USAGE_OF_DRESSER_decreasing,0.12800820145403918
completed,Cond2,joint_direct,phase__p2_primary_USAGE_OF_DRESSER_mean,0.2271453400041806
completed,Cond2,joint_direct,phase__p2_primary_USAGE_OF_DRESSER_std,0.0438768788257963
completed,Cond2,joint_direct,phase__p2_primary_USAGE_OF_MEMBRANE_decreasing,0.0
completed,Cond2,joint_direct,phase__p2_primary_USAGE_OF_MEMBRANE_mean,0.0
completed,Cond2,joint_direct,phase__p2_primary_USAGE_OF_MEMBRANE_std,0.0
completed,Cond2,joint_direct,phase__p2_primary_USAGE_OF_POLISHING_TABLE_decreasing,0.13175260569387048
completed,Cond2,joint_direct,phase__p2_primary_USAGE_OF_POLISHING_TABLE_mean,0.12556232441123277
completed,Cond2,joint_direct,phase__p2_primary_USAGE_OF_POLISHING_TABLE_std,0.057740217090144166
completed,Cond2,joint_direct,phase__p2_primary_USAGE_OF_PRESSURIZED_SHEET_decreasing,0.0
completed,Cond2,joint_direct,phase__p2_primary_USAGE_OF_PRESSURIZED_SHEET_mean,0.0
completed,Cond2,joint_direct,phase__p2_primary_USAGE_OF_PRESSURIZED_SHEET_std,0.11645358967177634
completed,Cond2,joint_direct,phase__p2_primary_WAFER_ROTATION_mean,0.0
completed,Cond2,joint_direct,phase__p2_primary_duration,0.0
completed,Cond2,joint_direct,phase__p2_secondary_CENTER_AIR_BAG_PRESSURE_auc,0.0
completed,Cond2,joint_direct,phase__p2_secondary_CENTER_AIR_BAG_PRESSURE_mean,0.012325169058495783
completed,Cond2,joint_direct,phase__p2_secondary_CENTER_AIR_BAG_PRESSURE_std,0.04967169535919136
completed,Cond2,joint_direct,phase__p2_secondary_DRESSING_WATER_STATUS_auc,0.0
completed,Cond2,joint_direct,phase__p2_secondary_DRESSING_WATER_STATUS_mean,0.0
completed,Cond2,joint_direct,phase__p2_secondary_DRESSING_WATER_STATUS_std,0.0
completed,Cond2,joint_direct,phase__p2_secondary_EDGE_AIR_BAG_PRESSURE_auc,0.0
completed,Cond2,joint_direct,phase__p2_secondary_EDGE_AIR_BAG_PRESSURE_mean,0.020297142897123102
completed,Cond2,joint_direct,phase__p2_secondary_EDGE_AIR_BAG_PRESSURE_std,0.0
completed,Cond2,joint_direct,phase__p2_secondary_HEAD_ROTATION_mean,0.0
completed,Cond2,joint_direct,phase__p2_secondary_MAIN_OUTER_AIR_BAG_PRESSURE_auc,0.02093142156085814
completed,Cond2,joint_direct,phase__p2_secondary_MAIN_OUTER_AIR_BAG_PRESSURE_mean,0.0
completed,Cond2,joint_direct,phase__p2_secondary_MAIN_OUTER_AIR_BAG_PRESSURE_std,0.0
completed,Cond2,joint_direct,phase__p2_secondary_PRESSURIZED_CHAMBER_PRESSURE_auc,0.0
completed,Cond2,joint_direct,phase__p2_secondary_PRESSURIZED_CHAMBER_PRESSURE_mean,0.03275217822834498
completed,Cond2,joint_direct,phase__p2_secondary_PRESSURIZED_CHAMBER_PRESSURE_std,0.0
completed,Cond2,joint_direct,phase__p2_secondary_RETAINER_RING_PRESSURE_auc,0.0
completed,Cond2,joint_direct,phase__p2_secondary_RETAINER_RING_PRESSURE_mean,0.0
completed,Cond2,joint_direct,phase__p2_secondary_RETAINER_RING_PRESSURE_std,0.09913486779638582
completed,Cond2,joint_direct,phase__p2_secondary_RIPPLE_AIR_BAG_PRESSURE_auc,0.04318597698294084
completed,Cond2,joint_direct,phase__p2_secondary_RIPPLE_AIR_BAG_PRESSURE_mean,0.0
completed,Cond2,joint_direct,phase__p2_secondary_RIPPLE_AIR_BAG_PRESSURE_std,0.03343736361597423
completed,Cond2,joint_direct,phase__p2_secondary_SLURRY_FLOW_LINE_A_auc,0.0016216356175115213
completed,Cond2,joint_direct,phase__p2_secondary_SLURRY_FLOW_LINE_A_mean,0.0821341328628899
completed,Cond2,joint_direct,phase__p2_secondary_SLURRY_FLOW_LINE_A_std,0.19875371770962832
completed,Cond2,joint_direct,phase__p2_secondary_SLURRY_FLOW_LINE_B_auc,0.0
completed,Cond2,joint_direct,phase__p2_secondary_SLURRY_FLOW_LINE_B_mean,0.0
completed,Cond2,joint_direct,phase__p2_secondary_SLURRY_FLOW_LINE_B_std,0.0
completed,Cond2,joint_direct,phase__p2_secondary_SLURRY_FLOW_LINE_C_auc,0.010661592850937377
completed,Cond2,joint_direct,phase__p2_secondary_SLURRY_FLOW_LINE_C_mean,0.18013437452444925
completed,Cond2,joint_direct,phase__p2_secondary_SLURRY_FLOW_LINE_C_std,0.007896209692147297
completed,Cond2,joint_direct,phase__p2_secondary_STAGE_ROTATION_mean,0.0
completed,Cond2,joint_direct,phase__p2_secondary_USAGE_OF_BACKING_FILM_decreasing,0.0
completed,Cond2,joint_direct,phase__p2_secondary_USAGE_OF_BACKING_FILM_mean,0.0
completed,Cond2,joint_direct,phase__p2_secondary_USAGE_OF_BACKING_FILM_std,0.0
completed,Cond2,joint_direct,phase__p2_secondary_USAGE_OF_DRESSER_TABLE_decreasing,0.0
completed,Cond2,joint_direct,phase__p2_secondary_USAGE_OF_DRESSER_TABLE_mean,0.0
completed,Cond2,joint_direct,phase__p2_secondary_USAGE_OF_DRESSER_TABLE_std,0.0
completed,Cond2,joint_direct,phase__p2_secondary_USAGE_OF_DRESSER_decreasing,0.01663835432223225
completed,Cond2,joint_direct,phase__p2_secondary_USAGE_OF_DRESSER_mean,0.6968295600134228
completed,Cond2,joint_direct,phase__p2_secondary_USAGE_OF_DRESSER_std,0.0
completed,Cond2,joint_direct,phase__p2_secondary_USAGE_OF_MEMBRANE_decreasing,0.0
completed,Cond2,joint_direct,phase__p2_secondary_USAGE_OF_MEMBRANE_mean,0.0
completed,Cond2,joint_direct,phase__p2_secondary_USAGE_OF_MEMBRANE_std,0.0
completed,Cond2,joint_direct,phase__p2_secondary_USAGE_OF_POLISHING_TABLE_decreasing,0.011028411539042476
completed,Cond2,joint_direct,phase__p2_secondary_USAGE_OF_POLISHING_TABLE_mean,0.7906405636437679
completed,Cond2,joint_direct,phase__p2_secondary_USAGE_OF_POLISHING_TABLE_std,0.04020538847771253
completed,Cond2,joint_direct,phase__p2_secondary_USAGE_OF_PRESSURIZED_SHEET_decreasing,0.0
completed,Cond2,joint_direct,phase__p2_secondary_USAGE_OF_PRESSURIZED_SHEET_mean,0.0
completed,Cond2,joint_direct,phase__p2_secondary_USAGE_OF_PRESSURIZED_SHEET_std,0.3195030261054815
completed,Cond2,joint_direct,phase__p2_secondary_WAFER_ROTATION_mean,0.05114935972689704
completed,Cond2,joint_direct,phase__p2_secondary_duration,0.07560190946314177
completed,Cond2,joint_direct,qc_primary_ambiguous,0.0
completed,Cond2,joint_direct,qc_primary_episodes,0.0
completed,Cond2,joint_direct,qc_primary_fallback,0.0
completed,Cond2,joint_direct,qc_primary_max_gap,0.0
completed,Cond2,joint_direct,qc_primary_missing,0.0
completed,Cond2,joint_direct,qc_primary_phase_duration,0.0
completed,Cond2,joint_direct,qc_primary_span,0.0
completed,Cond2,joint_direct,qc_secondary_ambiguous,0.0
completed,Cond2,joint_direct,qc_secondary_episodes,0.0
completed,Cond2,joint_direct,qc_secondary_fallback,0.0
completed,Cond2,joint_direct,qc_secondary_max_gap,0.05315646217642881
completed,Cond2,joint_direct,qc_secondary_missing,0.0
completed,Cond2,joint_direct,qc_secondary_phase_duration,0.0
completed,Cond2,joint_direct,qc_secondary_span,0.0
completed,Cond2,base_residual,lag_1,5.342125589517498
completed,Cond2,base_residual,lag_2,0.012726987496734423
completed,Cond2,base_residual,lag_3,0.014275055842949998
completed,Cond2,base_residual,lag_4,0.24235920153243587
completed,Cond2,base_residual,lag_5,1.2136252157889922
completed,Cond2,base_residual,lag_6,0.23043654907609698
completed,Cond2,base_residual,lag_7,1.9530246039752315
completed,Cond2,base_residual,lag_8,32.87013849907313
completed,Cond2,base_residual,lag_9,0.027479773672789354
completed,Cond2,base_residual,lag_10,0.0
completed,Cond2,base_residual,lag_11,0.034324652517610965
completed,Cond2,base_residual,neighbor_1,0.4645441834121037
completed,Cond2,base_residual,neighbor_2,0.343741247823532
completed,Cond2,base_residual,neighbor_3,0.7390629277637045
completed,Cond2,base_residual,neighbor_4,4.393973509482903
completed,Cond2,base_residual,neighbor_5,0.1953018748130355
completed,Cond2,base_residual,neighbor_6,1.020641454523667
completed,Cond2,base_residual,neighbor_7,6.443078975655817
completed,Cond2,base_residual,neighbor_8,0.6778934781655319
completed,Cond2,base_residual,neighbor_9,1.3654249163168921
completed,Cond2,base_residual,neighbor_10,1.431292108231305
completed,Cond2,base_residual,p2_primary_CENTER_AIR_BAG_PRESSURE_auc,2.2676001916662494
completed,Cond2,base_residual,p2_primary_CENTER_AIR_BAG_PRESSURE_mean,0.16400333393483513
completed,Cond2,base_residual,p2_primary_CENTER_AIR_BAG_PRESSURE_std,0.007440356021643323
completed,Cond2,base_residual,p2_primary_DRESSING_WATER_STATUS_auc,0.013359927292848583
completed,Cond2,base_residual,p2_primary_DRESSING_WATER_STATUS_mean,0.05311383836045337
completed,Cond2,base_residual,p2_primary_DRESSING_WATER_STATUS_std,0.12723401827055367
completed,Cond2,base_residual,p2_primary_EDGE_AIR_BAG_PRESSURE_auc,0.09182768964546577
completed,Cond2,base_residual,p2_primary_EDGE_AIR_BAG_PRESSURE_mean,0.08623583908916288
completed,Cond2,base_residual,p2_primary_EDGE_AIR_BAG_PRESSURE_std,1.7617230634052172
completed,Cond2,base_residual,p2_primary_HEAD_ROTATION_mean,0.03762308060835489
completed,Cond2,base_residual,p2_primary_MAIN_OUTER_AIR_BAG_PRESSURE_auc,0.5866065933084822
completed,Cond2,base_residual,p2_primary_MAIN_OUTER_AIR_BAG_PRESSURE_mean,0.07771010144051102
completed,Cond2,base_residual,p2_primary_MAIN_OUTER_AIR_BAG_PRESSURE_std,0.011317946344709064
completed,Cond2,base_residual,p2_primary_PRESSURIZED_CHAMBER_PRESSURE_auc,3.1324303475349207
completed,Cond2,base_residual,p2_primary_PRESSURIZED_CHAMBER_PRESSURE_mean,0.23158962431745406
completed,Cond2,base_residual,p2_primary_PRESSURIZED_CHAMBER_PRESSURE_std,0.19403057454055106
completed,Cond2,base_residual,p2_primary_RETAINER_RING_PRESSURE_auc,0.2757179487548932
completed,Cond2,base_residual,p2_primary_RETAINER_RING_PRESSURE_mean,0.032950390665634266
completed,Cond2,base_residual,p2_primary_RETAINER_RING_PRESSURE_std,0.10499403329970168
completed,Cond2,base_residual,p2_primary_RIPPLE_AIR_BAG_PRESSURE_auc,2.830818152593716
completed,Cond2,base_residual,p2_primary_RIPPLE_AIR_BAG_PRESSURE_mean,0.026485257082105685
completed,Cond2,base_residual,p2_primary_RIPPLE_AIR_BAG_PRESSURE_std,0.1145059028804834
completed,Cond2,base_residual,p2_primary_SLURRY_FLOW_LINE_A_auc,1.8620099518308255
completed,Cond2,base_residual,p2_primary_SLURRY_FLOW_LINE_A_mean,0.038086989245941345
completed,Cond2,base_residual,p2_primary_SLURRY_FLOW_LINE_A_std,0.25401122189746705
completed,Cond2,base_residual,p2_primary_SLURRY_FLOW_LINE_B_auc,0.11857220741195025
completed,Cond2,base_residual,p2_primary_SLURRY_FLOW_LINE_B_mean,0.051144337414968974
completed,Cond2,base_residual,p2_primary_SLURRY_FLOW_LINE_B_std,0.10671203947969067
completed,Cond2,base_residual,p2_primary_SLURRY_FLOW_LINE_C_auc,11.169317182643997
completed,Cond2,base_residual,p2_primary_SLURRY_FLOW_LINE_C_mean,0.4623895566650806
completed,Cond2,base_residual,p2_primary_SLURRY_FLOW_LINE_C_std,0.2103046722814417
completed,Cond2,base_residual,p2_primary_STAGE_ROTATION_mean,0.22616459526386548
completed,Cond2,base_residual,p2_primary_USAGE_OF_BACKING_FILM_decreasing,0.017209826640167392
completed,Cond2,base_residual,p2_primary_USAGE_OF_BACKING_FILM_mean,0.20022519203465736
completed,Cond2,base_residual,p2_primary_USAGE_OF_BACKING_FILM_std,0.32508101969199116
completed,Cond2,base_residual,p2_primary_USAGE_OF_DRESSER_TABLE_decreasing,0.017607412495268728
completed,Cond2,base_residual,p2_primary_USAGE_OF_DRESSER_TABLE_mean,1.0201321388039406
completed,Cond2,base_residual,p2_primary_USAGE_OF_DRESSER_TABLE_std,0.020495702999271087
completed,Cond2,base_residual,p2_primary_USAGE_OF_DRESSER_decreasing,0.051842385059477566
completed,Cond2,base_residual,p2_primary_USAGE_OF_DRESSER_mean,2.61768270148028
completed,Cond2,base_residual,p2_primary_USAGE_OF_DRESSER_std,0.10757495892187309
completed,Cond2,base_residual,p2_primary_USAGE_OF_MEMBRANE_decreasing,0.04095030935139706
completed,Cond2,base_residual,p2_primary_USAGE_OF_MEMBRANE_mean,0.0
completed,Cond2,base_residual,p2_primary_USAGE_OF_MEMBRANE_std,0.39641253073434213
completed,Cond2,base_residual,p2_primary_USAGE_OF_POLISHING_TABLE_decreasing,0.03758752648883751
completed,Cond2,base_residual,p2_primary_USAGE_OF_POLISHING_TABLE_mean,0.6195265826516478
completed,Cond2,base_residual,p2_primary_USAGE_OF_POLISHING_TABLE_std,0.16056028194934302
completed,Cond2,base_residual,p2_primary_USAGE_OF_PRESSURIZED_SHEET_decreasing,0.023544918404260824
completed,Cond2,base_residual,p2_primary_USAGE_OF_PRESSURIZED_SHEET_mean,0.0
completed,Cond2,base_residual,p2_primary_USAGE_OF_PRESSURIZED_SHEET_std,0.0181654118105065
completed,Cond2,base_residual,p2_primary_WAFER_ROTATION_mean,0.2056852991128539
completed,Cond2,base_residual,p2_primary_duration,0.32512105238349537
completed,Cond2,base_residual,p2_secondary_CENTER_AIR_BAG_PRESSURE_auc,0.026891897525760773
completed,Cond2,base_residual,p2_secondary_CENTER_AIR_BAG_PRESSURE_mean,0.01329253633713036
completed,Cond2,base_residual,p2_secondary_CENTER_AIR_BAG_PRESSURE_std,0.009326186730705637
completed,Cond2,base_residual,p2_secondary_DRESSING_WATER_STATUS_auc,0.030097362789695617
completed,Cond2,base_residual,p2_secondary_DRESSING_WATER_STATUS_mean,0.017487447615844802
completed,Cond2,base_residual,p2_secondary_DRESSING_WATER_STATUS_std,0.03834933622438588
completed,Cond2,base_residual,p2_secondary_EDGE_AIR_BAG_PRESSURE_auc,0.02105538134507771
completed,Cond2,base_residual,p2_secondary_EDGE_AIR_BAG_PRESSURE_mean,0.0008420931677499814
completed,Cond2,base_residual,p2_secondary_EDGE_AIR_BAG_PRESSURE_std,0.004562338398806602
completed,Cond2,base_residual,p2_secondary_HEAD_ROTATION_mean,0.036025747780801566
completed,Cond2,base_residual,p2_secondary_MAIN_OUTER_AIR_BAG_PRESSURE_auc,0.017930802727292812
completed,Cond2,base_residual,p2_secondary_MAIN_OUTER_AIR_BAG_PRESSURE_mean,0.0
completed,Cond2,base_residual,p2_secondary_MAIN_OUTER_AIR_BAG_PRESSURE_std,0.0
completed,Cond2,base_residual,p2_secondary_PRESSURIZED_CHAMBER_PRESSURE_auc,0.019793750851384864
completed,Cond2,base_residual,p2_secondary_PRESSURIZED_CHAMBER_PRESSURE_mean,0.05753102609599308
completed,Cond2,base_residual,p2_secondary_PRESSURIZED_CHAMBER_PRESSURE_std,0.08529560546809445
completed,Cond2,base_residual,p2_secondary_RETAINER_RING_PRESSURE_auc,0.007155732700917811
completed,Cond2,base_residual,p2_secondary_RETAINER_RING_PRESSURE_mean,0.04000688894711276
completed,Cond2,base_residual,p2_secondary_RETAINER_RING_PRESSURE_std,0.003512298613246378
completed,Cond2,base_residual,p2_secondary_RIPPLE_AIR_BAG_PRESSURE_auc,0.00025553728173915064
completed,Cond2,base_residual,p2_secondary_RIPPLE_AIR_BAG_PRESSURE_mean,0.09401921872651106
completed,Cond2,base_residual,p2_secondary_RIPPLE_AIR_BAG_PRESSURE_std,0.0
completed,Cond2,base_residual,p2_secondary_SLURRY_FLOW_LINE_A_auc,0.028786254760534723
completed,Cond2,base_residual,p2_secondary_SLURRY_FLOW_LINE_A_mean,0.0749728933390551
completed,Cond2,base_residual,p2_secondary_SLURRY_FLOW_LINE_A_std,0.15626088537511046
completed,Cond2,base_residual,p2_secondary_SLURRY_FLOW_LINE_B_auc,0.11965646898461024
completed,Cond2,base_residual,p2_secondary_SLURRY_FLOW_LINE_B_mean,0.018050883075936903
completed,Cond2,base_residual,p2_secondary_SLURRY_FLOW_LINE_B_std,0.0
completed,Cond2,base_residual,p2_secondary_SLURRY_FLOW_LINE_C_auc,0.010975202835001866
completed,Cond2,base_residual,p2_secondary_SLURRY_FLOW_LINE_C_mean,0.1326445337383578
completed,Cond2,base_residual,p2_secondary_SLURRY_FLOW_LINE_C_std,0.018475329329472667
completed,Cond2,base_residual,p2_secondary_STAGE_ROTATION_mean,0.021696076853367864
completed,Cond2,base_residual,p2_secondary_USAGE_OF_BACKING_FILM_decreasing,0.0
completed,Cond2,base_residual,p2_secondary_USAGE_OF_BACKING_FILM_mean,0.10721585456620385
completed,Cond2,base_residual,p2_secondary_USAGE_OF_BACKING_FILM_std,0.008948048570871689
completed,Cond2,base_residual,p2_secondary_USAGE_OF_DRESSER_TABLE_decreasing,0.0
completed,Cond2,base_residual,p2_secondary_USAGE_OF_DRESSER_TABLE_mean,2.1015478462087236
completed,Cond2,base_residual,p2_secondary_USAGE_OF_DRESSER_TABLE_std,0.0040511904217627355
completed,Cond2,base_residual,p2_secondary_USAGE_OF_DRESSER_decreasing,0.06711178600545872
completed,Cond2,base_residual,p2_secondary_USAGE_OF_DRESSER_mean,3.0801206673767476
completed,Cond2,base_residual,p2_secondary_USAGE_OF_DRESSER_std,0.0021656187264157923
completed,Cond2,base_residual,p2_secondary_USAGE_OF_MEMBRANE_decreasing,0.006643689353460952
completed,Cond2,base_residual,p2_secondary_USAGE_OF_MEMBRANE_mean,0.0
completed,Cond2,base_residual,p2_secondary_USAGE_OF_MEMBRANE_std,0.01089118309566764
completed,Cond2,base_residual,p2_secondary_USAGE_OF_POLISHING_TABLE_decreasing,0.07000679134793496
completed,Cond2,base_residual,p2_secondary_USAGE_OF_POLISHING_TABLE_mean,1.2397128592845679
completed,Cond2,base_residual,p2_secondary_USAGE_OF_POLISHING_TABLE_std,0.02997985550574853
completed,Cond2,base_residual,p2_secondary_USAGE_OF_PRESSURIZED_SHEET_decreasing,0.015205701227878572
completed,Cond2,base_residual,p2_secondary_USAGE_OF_PRESSURIZED_SHEET_mean,0.0
completed,Cond2,base_residual,p2_secondary_USAGE_OF_PRESSURIZED_SHEET_std,0.032889767098769895
completed,Cond2,base_residual,p2_secondary_WAFER_ROTATION_mean,0.08729584652162417
completed,Cond2,base_residual,p2_secondary_duration,0.08235655617969535
completed,Cond2,joint_residual,lag_1,2.257874923884294
completed,Cond2,joint_residual,lag_2,0.0
completed,Cond2,joint_residual,lag_3,0.03391507535543863
completed,Cond2,joint_residual,lag_4,1.9738861486315022
completed,Cond2,joint_residual,lag_5,0.805089160323276
completed,Cond2,joint_residual,lag_6,0.10506755391028841
completed,Cond2,joint_residual,lag_7,0.5531966054810729
completed,Cond2,joint_residual,lag_8,20.046750226207077
completed,Cond2,joint_residual,lag_9,0.9632928893880607
completed,Cond2,joint_residual,lag_10,0.0
completed,Cond2,joint_residual,lag_11,0.0
completed,Cond2,joint_residual,neighbor_1,0.23763463713972707
completed,Cond2,joint_residual,neighbor_2,0.03726130709252464
completed,Cond2,joint_residual,neighbor_3,0.04076123472517871
completed,Cond2,joint_residual,neighbor_4,3.674418760179428
completed,Cond2,joint_residual,neighbor_5,0.1236109730614174
completed,Cond2,joint_residual,neighbor_6,0.48624452993714257
completed,Cond2,joint_residual,neighbor_7,0.4322263278768451
completed,Cond2,joint_residual,neighbor_8,0.3851089482496636
completed,Cond2,joint_residual,neighbor_9,0.05361963958507184
completed,Cond2,joint_residual,neighbor_10,0.026837238401703253
completed,Cond2,joint_residual,p2_primary_CENTER_AIR_BAG_PRESSURE_auc,2.401509604550663
completed,Cond2,joint_residual,p2_primary_CENTER_AIR_BAG_PRESSURE_mean,0.02495291575285601
completed,Cond2,joint_residual,p2_primary_CENTER_AIR_BAG_PRESSURE_std,0.0
completed,Cond2,joint_residual,p2_primary_DRESSING_WATER_STATUS_auc,0.02034861324228803
completed,Cond2,joint_residual,p2_primary_DRESSING_WATER_STATUS_mean,0.04293841265078786
completed,Cond2,joint_residual,p2_primary_DRESSING_WATER_STATUS_std,0.04919481199830809
completed,Cond2,joint_residual,p2_primary_EDGE_AIR_BAG_PRESSURE_auc,0.08546765354470108
completed,Cond2,joint_residual,p2_primary_EDGE_AIR_BAG_PRESSURE_mean,0.0
completed,Cond2,joint_residual,p2_primary_EDGE_AIR_BAG_PRESSURE_std,1.754629054889987
completed,Cond2,joint_residual,p2_primary_HEAD_ROTATION_mean,0.0
completed,Cond2,joint_residual,p2_primary_MAIN_OUTER_AIR_BAG_PRESSURE_auc,3.5256494185415033
completed,Cond2,joint_residual,p2_primary_MAIN_OUTER_AIR_BAG_PRESSURE_mean,0.00971992165624241
completed,Cond2,joint_residual,p2_primary_MAIN_OUTER_AIR_BAG_PRESSURE_std,0.0
completed,Cond2,joint_residual,p2_primary_PRESSURIZED_CHAMBER_PRESSURE_auc,1.7864388651988177
completed,Cond2,joint_residual,p2_primary_PRESSURIZED_CHAMBER_PRESSURE_mean,0.07406357968678022
completed,Cond2,joint_residual,p2_primary_PRESSURIZED_CHAMBER_PRESSURE_std,0.421864053071744
completed,Cond2,joint_residual,p2_primary_RETAINER_RING_PRESSURE_auc,0.4321475151460417
completed,Cond2,joint_residual,p2_primary_RETAINER_RING_PRESSURE_mean,0.0
completed,Cond2,joint_residual,p2_primary_RETAINER_RING_PRESSURE_std,0.11824422677080623
completed,Cond2,joint_residual,p2_primary_RIPPLE_AIR_BAG_PRESSURE_auc,1.7505381419170651
completed,Cond2,joint_residual,p2_primary_RIPPLE_AIR_BAG_PRESSURE_mean,0.0
completed,Cond2,joint_residual,p2_primary_RIPPLE_AIR_BAG_PRESSURE_std,0.15923901442725683
completed,Cond2,joint_residual,p2_primary_SLURRY_FLOW_LINE_A_auc,3.1954572019412155
completed,Cond2,joint_residual,p2_primary_SLURRY_FLOW_LINE_A_mean,0.03264641931786778
completed,Cond2,joint_residual,p2_primary_SLURRY_FLOW_LINE_A_std,0.019087902835320743
completed,Cond2,joint_residual,p2_primary_SLURRY_FLOW_LINE_B_auc,0.0
completed,Cond2,joint_residual,p2_primary_SLURRY_FLOW_LINE_B_mean,0.0
completed,Cond2,joint_residual,p2_primary_SLURRY_FLOW_LINE_B_std,0.0
completed,Cond2,joint_residual,p2_primary_SLURRY_FLOW_LINE_C_auc,5.222941213526317
completed,Cond2,joint_residual,p2_primary_SLURRY_FLOW_LINE_C_mean,0.5757062194781838
completed,Cond2,joint_residual,p2_primary_SLURRY_FLOW_LINE_C_std,0.03930843981892562
completed,Cond2,joint_residual,p2_primary_STAGE_ROTATION_mean,0.015885720648401595
completed,Cond2,joint_residual,p2_primary_USAGE_OF_BACKING_FILM_decreasing,0.017058991747117273
completed,Cond2,joint_residual,p2_primary_USAGE_OF_BACKING_FILM_mean,0.0
completed,Cond2,joint_residual,p2_primary_USAGE_OF_BACKING_FILM_std,0.6024866828539183
completed,Cond2,joint_residual,p2_primary_USAGE_OF_DRESSER_TABLE_decreasing,0.007182228192119704
completed,Cond2,joint_residual,p2_primary_USAGE_OF_DRESSER_TABLE_mean,0.0375286869763729
completed,Cond2,joint_residual,p2_primary_USAGE_OF_DRESSER_TABLE_std,0.0
completed,Cond2,joint_residual,p2_primary_USAGE_OF_DRESSER_decreasing,0.07322983356441637
completed,Cond2,joint_residual,p2_primary_USAGE_OF_DRESSER_mean,1.027072019923798
completed,Cond2,joint_residual,p2_primary_USAGE_OF_DRESSER_std,0.0
completed,Cond2,joint_residual,p2_primary_USAGE_OF_MEMBRANE_decreasing,0.0
completed,Cond2,joint_residual,p2_primary_USAGE_OF_MEMBRANE_mean,0.0
completed,Cond2,joint_residual,p2_primary_USAGE_OF_MEMBRANE_std,0.2166420104538674
completed,Cond2,joint_residual,p2_primary_USAGE_OF_POLISHING_TABLE_decreasing,0.005580411097710613
completed,Cond2,joint_residual,p2_primary_USAGE_OF_POLISHING_TABLE_mean,0.41325708058436267
completed,Cond2,joint_residual,p2_primary_USAGE_OF_POLISHING_TABLE_std,0.11068966114580114
completed,Cond2,joint_residual,p2_primary_USAGE_OF_PRESSURIZED_SHEET_decreasing,0.0
completed,Cond2,joint_residual,p2_primary_USAGE_OF_PRESSURIZED_SHEET_mean,0.0
completed,Cond2,joint_residual,p2_primary_USAGE_OF_PRESSURIZED_SHEET_std,0.01735848574497238
completed,Cond2,joint_residual,p2_primary_WAFER_ROTATION_mean,0.0
completed,Cond2,joint_residual,p2_primary_duration,0.1704904320872785
completed,Cond2,joint_residual,p2_secondary_CENTER_AIR_BAG_PRESSURE_auc,0.0
completed,Cond2,joint_residual,p2_secondary_CENTER_AIR_BAG_PRESSURE_mean,0.0
completed,Cond2,joint_residual,p2_secondary_CENTER_AIR_BAG_PRESSURE_std,0.0
completed,Cond2,joint_residual,p2_secondary_DRESSING_WATER_STATUS_auc,0.0
completed,Cond2,joint_residual,p2_secondary_DRESSING_WATER_STATUS_mean,0.018052030511551395
completed,Cond2,joint_residual,p2_secondary_DRESSING_WATER_STATUS_std,0.011579881103025729
completed,Cond2,joint_residual,p2_secondary_EDGE_AIR_BAG_PRESSURE_auc,0.0
completed,Cond2,joint_residual,p2_secondary_EDGE_AIR_BAG_PRESSURE_mean,0.0
completed,Cond2,joint_residual,p2_secondary_EDGE_AIR_BAG_PRESSURE_std,0.0
completed,Cond2,joint_residual,p2_secondary_HEAD_ROTATION_mean,0.011886384813998651
completed,Cond2,joint_residual,p2_secondary_MAIN_OUTER_AIR_BAG_PRESSURE_auc,0.0
completed,Cond2,joint_residual,p2_secondary_MAIN_OUTER_AIR_BAG_PRESSURE_mean,0.03674213722922638
completed,Cond2,joint_residual,p2_secondary_MAIN_OUTER_AIR_BAG_PRESSURE_std,0.0
completed,Cond2,joint_residual,p2_secondary_PRESSURIZED_CHAMBER_PRESSURE_auc,0.035766174236710295
completed,Cond2,joint_residual,p2_secondary_PRESSURIZED_CHAMBER_PRESSURE_mean,0.0
completed,Cond2,joint_residual,p2_secondary_PRESSURIZED_CHAMBER_PRESSURE_std,0.038479276048096034
completed,Cond2,joint_residual,p2_secondary_RETAINER_RING_PRESSURE_auc,0.008287423920599746
completed,Cond2,joint_residual,p2_secondary_RETAINER_RING_PRESSURE_mean,0.0
completed,Cond2,joint_residual,p2_secondary_RETAINER_RING_PRESSURE_std,0.040302807600202384
completed,Cond2,joint_residual,p2_secondary_RIPPLE_AIR_BAG_PRESSURE_auc,0.0
completed,Cond2,joint_residual,p2_secondary_RIPPLE_AIR_BAG_PRESSURE_mean,0.0
completed,Cond2,joint_residual,p2_secondary_RIPPLE_AIR_BAG_PRESSURE_std,0.0
completed,Cond2,joint_residual,p2_secondary_SLURRY_FLOW_LINE_A_auc,0.004515282357949898
completed,Cond2,joint_residual,p2_secondary_SLURRY_FLOW_LINE_A_mean,0.04586799498818621
completed,Cond2,joint_residual,p2_secondary_SLURRY_FLOW_LINE_A_std,0.06485128838168602
completed,Cond2,joint_residual,p2_secondary_SLURRY_FLOW_LINE_B_auc,0.0
completed,Cond2,joint_residual,p2_secondary_SLURRY_FLOW_LINE_B_mean,0.0
completed,Cond2,joint_residual,p2_secondary_SLURRY_FLOW_LINE_B_std,0.0
completed,Cond2,joint_residual,p2_secondary_SLURRY_FLOW_LINE_C_auc,0.0
completed,Cond2,joint_residual,p2_secondary_SLURRY_FLOW_LINE_C_mean,0.0
completed,Cond2,joint_residual,p2_secondary_SLURRY_FLOW_LINE_C_std,0.007941065957656363
completed,Cond2,joint_residual,p2_secondary_STAGE_ROTATION_mean,0.017954700673739783
completed,Cond2,joint_residual,p2_secondary_USAGE_OF_BACKING_FILM_decreasing,0.0
completed,Cond2,joint_residual,p2_secondary_USAGE_OF_BACKING_FILM_mean,0.03762035607593173
completed,Cond2,joint_residual,p2_secondary_USAGE_OF_BACKING_FILM_std,0.0050346101456517365
completed,Cond2,joint_residual,p2_secondary_USAGE_OF_DRESSER_TABLE_decreasing,0.0
completed,Cond2,joint_residual,p2_secondary_USAGE_OF_DRESSER_TABLE_mean,0.0
completed,Cond2,joint_residual,p2_secondary_USAGE_OF_DRESSER_TABLE_std,0.0
completed,Cond2,joint_residual,p2_secondary_USAGE_OF_DRESSER_decreasing,0.017840013270721006
completed,Cond2,joint_residual,p2_secondary_USAGE_OF_DRESSER_mean,2.2178036905257295
completed,Cond2,joint_residual,p2_secondary_USAGE_OF_DRESSER_std,0.0
completed,Cond2,joint_residual,p2_secondary_USAGE_OF_MEMBRANE_decreasing,0.0
completed,Cond2,joint_residual,p2_secondary_USAGE_OF_MEMBRANE_mean,0.0
completed,Cond2,joint_residual,p2_secondary_USAGE_OF_MEMBRANE_std,0.02384439099082265
completed,Cond2,joint_residual,p2_secondary_USAGE_OF_POLISHING_TABLE_decreasing,0.0
completed,Cond2,joint_residual,p2_secondary_USAGE_OF_POLISHING_TABLE_mean,0.9987190139441637
completed,Cond2,joint_residual,p2_secondary_USAGE_OF_POLISHING_TABLE_std,0.0
completed,Cond2,joint_residual,p2_secondary_USAGE_OF_PRESSURIZED_SHEET_decreasing,0.0
completed,Cond2,joint_residual,p2_secondary_USAGE_OF_PRESSURIZED_SHEET_mean,0.0
completed,Cond2,joint_residual,p2_secondary_USAGE_OF_PRESSURIZED_SHEET_std,0.0
completed,Cond2,joint_residual,p2_secondary_WAFER_ROTATION_mean,0.0
completed,Cond2,joint_residual,p2_secondary_duration,0.0
completed,Cond2,joint_residual,history_summary_0,0.439229071286389
completed,Cond2,joint_residual,history_summary_1,16.27985213216454
completed,Cond2,joint_residual,history_summary_2,0.0
completed,Cond2,joint_residual,history_summary_3,0.7687198395711077
completed,Cond2,joint_residual,history_summary_4,1.7872451853339217
completed,Cond2,joint_residual,history_summary_5,9.427974378497504
completed,Cond2,joint_residual,history_summary_6,0.05141759441169743
completed,Cond2,joint_residual,history_summary_7,0.0
completed,Cond2,joint_residual,history_summary_8,0.7449384774955384
completed,Cond2,joint_residual,history_summary_9,0.26982840063322605
completed,Cond2,joint_residual,gap__p2_primary_CENTER_AIR_BAG_PRESSURE_auc,0.0
completed,Cond2,joint_residual,gap__p2_primary_CENTER_AIR_BAG_PRESSURE_mean,0.0
completed,Cond2,joint_residual,gap__p2_primary_CENTER_AIR_BAG_PRESSURE_std,0.0
completed,Cond2,joint_residual,gap__p2_primary_DRESSING_WATER_STATUS_auc,0.0
completed,Cond2,joint_residual,gap__p2_primary_DRESSING_WATER_STATUS_mean,0.0
completed,Cond2,joint_residual,gap__p2_primary_DRESSING_WATER_STATUS_std,0.0
completed,Cond2,joint_residual,gap__p2_primary_EDGE_AIR_BAG_PRESSURE_auc,0.0
completed,Cond2,joint_residual,gap__p2_primary_EDGE_AIR_BAG_PRESSURE_mean,0.0
completed,Cond2,joint_residual,gap__p2_primary_EDGE_AIR_BAG_PRESSURE_std,0.0
completed,Cond2,joint_residual,gap__p2_primary_HEAD_ROTATION_mean,0.0
completed,Cond2,joint_residual,gap__p2_primary_MAIN_OUTER_AIR_BAG_PRESSURE_auc,0.0
completed,Cond2,joint_residual,gap__p2_primary_MAIN_OUTER_AIR_BAG_PRESSURE_mean,0.0
completed,Cond2,joint_residual,gap__p2_primary_MAIN_OUTER_AIR_BAG_PRESSURE_std,0.0
completed,Cond2,joint_residual,gap__p2_primary_PRESSURIZED_CHAMBER_PRESSURE_auc,0.0
completed,Cond2,joint_residual,gap__p2_primary_PRESSURIZED_CHAMBER_PRESSURE_mean,0.0
completed,Cond2,joint_residual,gap__p2_primary_PRESSURIZED_CHAMBER_PRESSURE_std,0.0
completed,Cond2,joint_residual,gap__p2_primary_RETAINER_RING_PRESSURE_auc,0.0
completed,Cond2,joint_residual,gap__p2_primary_RETAINER_RING_PRESSURE_mean,0.0
completed,Cond2,joint_residual,gap__p2_primary_RETAINER_RING_PRESSURE_std,0.0
completed,Cond2,joint_residual,gap__p2_primary_RIPPLE_AIR_BAG_PRESSURE_auc,0.0
completed,Cond2,joint_residual,gap__p2_primary_RIPPLE_AIR_BAG_PRESSURE_mean,0.0
completed,Cond2,joint_residual,gap__p2_primary_RIPPLE_AIR_BAG_PRESSURE_std,0.0
completed,Cond2,joint_residual,gap__p2_primary_SLURRY_FLOW_LINE_A_auc,0.0
completed,Cond2,joint_residual,gap__p2_primary_SLURRY_FLOW_LINE_A_mean,0.0
completed,Cond2,joint_residual,gap__p2_primary_SLURRY_FLOW_LINE_A_std,0.0
completed,Cond2,joint_residual,gap__p2_primary_SLURRY_FLOW_LINE_B_auc,0.0
completed,Cond2,joint_residual,gap__p2_primary_SLURRY_FLOW_LINE_B_mean,0.0
completed,Cond2,joint_residual,gap__p2_primary_SLURRY_FLOW_LINE_B_std,0.0
completed,Cond2,joint_residual,gap__p2_primary_SLURRY_FLOW_LINE_C_auc,0.0
completed,Cond2,joint_residual,gap__p2_primary_SLURRY_FLOW_LINE_C_mean,0.0
completed,Cond2,joint_residual,gap__p2_primary_SLURRY_FLOW_LINE_C_std,0.0
completed,Cond2,joint_residual,gap__p2_primary_STAGE_ROTATION_mean,0.0
completed,Cond2,joint_residual,gap__p2_primary_USAGE_OF_BACKING_FILM_decreasing,0.0
completed,Cond2,joint_residual,gap__p2_primary_USAGE_OF_BACKING_FILM_mean,0.0
completed,Cond2,joint_residual,gap__p2_primary_USAGE_OF_BACKING_FILM_std,0.0
completed,Cond2,joint_residual,gap__p2_primary_USAGE_OF_DRESSER_TABLE_decreasing,0.0
completed,Cond2,joint_residual,gap__p2_primary_USAGE_OF_DRESSER_TABLE_mean,0.0
completed,Cond2,joint_residual,gap__p2_primary_USAGE_OF_DRESSER_TABLE_std,0.0
completed,Cond2,joint_residual,gap__p2_primary_USAGE_OF_DRESSER_decreasing,0.0
completed,Cond2,joint_residual,gap__p2_primary_USAGE_OF_DRESSER_mean,0.0
completed,Cond2,joint_residual,gap__p2_primary_USAGE_OF_DRESSER_std,0.0
completed,Cond2,joint_residual,gap__p2_primary_USAGE_OF_MEMBRANE_decreasing,0.0
completed,Cond2,joint_residual,gap__p2_primary_USAGE_OF_MEMBRANE_mean,0.0
completed,Cond2,joint_residual,gap__p2_primary_USAGE_OF_MEMBRANE_std,0.0
completed,Cond2,joint_residual,gap__p2_primary_USAGE_OF_POLISHING_TABLE_decreasing,0.0
completed,Cond2,joint_residual,gap__p2_primary_USAGE_OF_POLISHING_TABLE_mean,0.0
completed,Cond2,joint_residual,gap__p2_primary_USAGE_OF_POLISHING_TABLE_std,0.0
completed,Cond2,joint_residual,gap__p2_primary_USAGE_OF_PRESSURIZED_SHEET_decreasing,0.0
completed,Cond2,joint_residual,gap__p2_primary_USAGE_OF_PRESSURIZED_SHEET_mean,0.0
completed,Cond2,joint_residual,gap__p2_primary_USAGE_OF_PRESSURIZED_SHEET_std,0.0
completed,Cond2,joint_residual,gap__p2_primary_WAFER_ROTATION_mean,0.04996110012924693
completed,Cond2,joint_residual,gap__p2_primary_duration,0.0
completed,Cond2,joint_residual,gap__p2_secondary_CENTER_AIR_BAG_PRESSURE_auc,0.0
completed,Cond2,joint_residual,gap__p2_secondary_CENTER_AIR_BAG_PRESSURE_mean,0.0
completed,Cond2,joint_residual,gap__p2_secondary_CENTER_AIR_BAG_PRESSURE_std,0.0
completed,Cond2,joint_residual,gap__p2_secondary_DRESSING_WATER_STATUS_auc,0.0
completed,Cond2,joint_residual,gap__p2_secondary_DRESSING_WATER_STATUS_mean,0.0
completed,Cond2,joint_residual,gap__p2_secondary_DRESSING_WATER_STATUS_std,0.0
completed,Cond2,joint_residual,gap__p2_secondary_EDGE_AIR_BAG_PRESSURE_auc,0.0
completed,Cond2,joint_residual,gap__p2_secondary_EDGE_AIR_BAG_PRESSURE_mean,0.0
completed,Cond2,joint_residual,gap__p2_secondary_EDGE_AIR_BAG_PRESSURE_std,0.0
completed,Cond2,joint_residual,gap__p2_secondary_HEAD_ROTATION_mean,0.0
completed,Cond2,joint_residual,gap__p2_secondary_MAIN_OUTER_AIR_BAG_PRESSURE_auc,0.0
completed,Cond2,joint_residual,gap__p2_secondary_MAIN_OUTER_AIR_BAG_PRESSURE_mean,0.0
completed,Cond2,joint_residual,gap__p2_secondary_MAIN_OUTER_AIR_BAG_PRESSURE_std,0.0
completed,Cond2,joint_residual,gap__p2_secondary_PRESSURIZED_CHAMBER_PRESSURE_auc,0.0
completed,Cond2,joint_residual,gap__p2_secondary_PRESSURIZED_CHAMBER_PRESSURE_mean,0.0
completed,Cond2,joint_residual,gap__p2_secondary_PRESSURIZED_CHAMBER_PRESSURE_std,0.0
completed,Cond2,joint_residual,gap__p2_secondary_RETAINER_RING_PRESSURE_auc,0.0
completed,Cond2,joint_residual,gap__p2_secondary_RETAINER_RING_PRESSURE_mean,0.0
completed,Cond2,joint_residual,gap__p2_secondary_RETAINER_RING_PRESSURE_std,0.0
completed,Cond2,joint_residual,gap__p2_secondary_RIPPLE_AIR_BAG_PRESSURE_auc,0.0
completed,Cond2,joint_residual,gap__p2_secondary_RIPPLE_AIR_BAG_PRESSURE_mean,0.0
completed,Cond2,joint_residual,gap__p2_secondary_RIPPLE_AIR_BAG_PRESSURE_std,0.0
completed,Cond2,joint_residual,gap__p2_secondary_SLURRY_FLOW_LINE_A_auc,0.0
completed,Cond2,joint_residual,gap__p2_secondary_SLURRY_FLOW_LINE_A_mean,0.0
completed,Cond2,joint_residual,gap__p2_secondary_SLURRY_FLOW_LINE_A_std,0.0
completed,Cond2,joint_residual,gap__p2_secondary_SLURRY_FLOW_LINE_B_auc,0.0
completed,Cond2,joint_residual,gap__p2_secondary_SLURRY_FLOW_LINE_B_mean,0.0
completed,Cond2,joint_residual,gap__p2_secondary_SLURRY_FLOW_LINE_B_std,0.0
completed,Cond2,joint_residual,gap__p2_secondary_SLURRY_FLOW_LINE_C_auc,0.0
completed,Cond2,joint_residual,gap__p2_secondary_SLURRY_FLOW_LINE_C_mean,0.0
completed,Cond2,joint_residual,gap__p2_secondary_SLURRY_FLOW_LINE_C_std,0.0
completed,Cond2,joint_residual,gap__p2_secondary_STAGE_ROTATION_mean,0.0
completed,Cond2,joint_residual,gap__p2_secondary_USAGE_OF_BACKING_FILM_decreasing,0.0
completed,Cond2,joint_residual,gap__p2_secondary_USAGE_OF_BACKING_FILM_mean,0.0
completed,Cond2,joint_residual,gap__p2_secondary_USAGE_OF_BACKING_FILM_std,0.0
completed,Cond2,joint_residual,gap__p2_secondary_USAGE_OF_DRESSER_TABLE_decreasing,0.0
completed,Cond2,joint_residual,gap__p2_secondary_USAGE_OF_DRESSER_TABLE_mean,0.0
completed,Cond2,joint_residual,gap__p2_secondary_USAGE_OF_DRESSER_TABLE_std,0.0
completed,Cond2,joint_residual,gap__p2_secondary_USAGE_OF_DRESSER_decreasing,0.0
completed,Cond2,joint_residual,gap__p2_secondary_USAGE_OF_DRESSER_mean,0.0
completed,Cond2,joint_residual,gap__p2_secondary_USAGE_OF_DRESSER_std,0.0
completed,Cond2,joint_residual,gap__p2_secondary_USAGE_OF_MEMBRANE_decreasing,0.0
completed,Cond2,joint_residual,gap__p2_secondary_USAGE_OF_MEMBRANE_mean,0.0
completed,Cond2,joint_residual,gap__p2_secondary_USAGE_OF_MEMBRANE_std,0.0
completed,Cond2,joint_residual,gap__p2_secondary_USAGE_OF_POLISHING_TABLE_decreasing,0.0
completed,Cond2,joint_residual,gap__p2_secondary_USAGE_OF_POLISHING_TABLE_mean,0.0
completed,Cond2,joint_residual,gap__p2_secondary_USAGE_OF_POLISHING_TABLE_std,0.0
completed,Cond2,joint_residual,gap__p2_secondary_USAGE_OF_PRESSURIZED_SHEET_decreasing,0.0
completed,Cond2,joint_residual,gap__p2_secondary_USAGE_OF_PRESSURIZED_SHEET_mean,0.0
completed,Cond2,joint_residual,gap__p2_secondary_USAGE_OF_PRESSURIZED_SHEET_std,0.0
completed,Cond2,joint_residual,gap__p2_secondary_WAFER_ROTATION_mean,0.0
completed,Cond2,joint_residual,gap__p2_secondary_duration,0.0
completed,Cond2,joint_residual,multi_primary_active_fraction,0.0
completed,Cond2,joint_residual,multi_primary_active_point_fraction,0.0
completed,Cond2,joint_residual,multi_primary_active_time,0.06202629118946251
completed,Cond2,joint_residual,multi_primary_episode_count,0.0
completed,Cond2,joint_residual,multi_primary_episode_max,0.0
completed,Cond2,joint_residual,multi_primary_episode_median,0.0
completed,Cond2,joint_residual,multi_primary_episode_min,0.007724743119680594
completed,Cond2,joint_residual,multi_primary_episode_std,0.0
completed,Cond2,joint_residual,multi_primary_inactive_time,0.09204069493261485
completed,Cond2,joint_residual,multi_primary_observed_time,0.0
completed,Cond2,joint_residual,multi_primary_pressure_integral,0.08770154207117846
completed,Cond2,joint_residual,multi_primary_pressure_mean,0.8361940823613371
completed,Cond2,joint_residual,multi_primary_pressure_rotation_proxy_integral,0.0
completed,Cond2,joint_residual,multi_primary_pressure_rotation_proxy_mean,0.028132731549899495
completed,Cond2,joint_residual,multi_primary_pressure_rotation_proxy_std,0.0
completed,Cond2,joint_residual,multi_primary_pressure_std,0.0
completed,Cond2,joint_residual,multi_primary_rotation_sum_integral,0.005629934768496416
completed,Cond2,joint_residual,multi_primary_rotation_sum_mean,0.023798530878779735
completed,Cond2,joint_residual,multi_primary_rotation_sum_std,0.0
completed,Cond2,joint_residual,multi_primary_slurry_integral,3.754197013900357
completed,Cond2,joint_residual,multi_primary_slurry_mean,0.08735901940928426
completed,Cond2,joint_residual,multi_primary_slurry_std,0.03634444342763213
completed,Cond2,joint_residual,multi_secondary_active_fraction,0.0
completed,Cond2,joint_residual,multi_secondary_active_point_fraction,0.11668665831163208
completed,Cond2,joint_residual,multi_secondary_active_time,0.01551813881340523
completed,Cond2,joint_residual,multi_secondary_episode_count,0.0
completed,Cond2,joint_residual,multi_secondary_episode_max,0.0
completed,Cond2,joint_residual,multi_secondary_episode_median,0.023632447037627836
completed,Cond2,joint_residual,multi_secondary_episode_min,0.0
completed,Cond2,joint_residual,multi_secondary_episode_std,0.0
completed,Cond2,joint_residual,multi_secondary_inactive_time,0.0
completed,Cond2,joint_residual,multi_secondary_observed_time,0.0
completed,Cond2,joint_residual,multi_secondary_pressure_integral,0.11405526454412002
completed,Cond2,joint_residual,multi_secondary_pressure_mean,0.0
completed,Cond2,joint_residual,multi_secondary_pressure_rotation_proxy_integral,0.0
completed,Cond2,joint_residual,multi_secondary_pressure_rotation_proxy_mean,0.0
completed,Cond2,joint_residual,multi_secondary_pressure_rotation_proxy_std,0.0
completed,Cond2,joint_residual,multi_secondary_pressure_std,0.02005547100065393
completed,Cond2,joint_residual,multi_secondary_rotation_sum_integral,0.0
completed,Cond2,joint_residual,multi_secondary_rotation_sum_mean,0.0
completed,Cond2,joint_residual,multi_secondary_rotation_sum_std,0.022097259748131523
completed,Cond2,joint_residual,multi_secondary_slurry_integral,0.0
completed,Cond2,joint_residual,multi_secondary_slurry_mean,0.0
completed,Cond2,joint_residual,multi_secondary_slurry_std,0.09922881347215319
completed,Cond2,joint_residual,phase__p2_primary_CENTER_AIR_BAG_PRESSURE_auc,0.03074380041346903
completed,Cond2,joint_residual,phase__p2_primary_CENTER_AIR_BAG_PRESSURE_mean,0.007411349705174115
completed,Cond2,joint_residual,phase__p2_primary_CENTER_AIR_BAG_PRESSURE_std,0.06579525899797176
completed,Cond2,joint_residual,phase__p2_primary_DRESSING_WATER_STATUS_auc,0.0
completed,Cond2,joint_residual,phase__p2_primary_DRESSING_WATER_STATUS_mean,0.0
completed,Cond2,joint_residual,phase__p2_primary_DRESSING_WATER_STATUS_std,0.0
completed,Cond2,joint_residual,phase__p2_primary_EDGE_AIR_BAG_PRESSURE_auc,0.0
completed,Cond2,joint_residual,phase__p2_primary_EDGE_AIR_BAG_PRESSURE_mean,0.05036755122535689
completed,Cond2,joint_residual,phase__p2_primary_EDGE_AIR_BAG_PRESSURE_std,0.0
completed,Cond2,joint_residual,phase__p2_primary_HEAD_ROTATION_mean,0.15964068166106044
completed,Cond2,joint_residual,phase__p2_primary_MAIN_OUTER_AIR_BAG_PRESSURE_auc,0.0
completed,Cond2,joint_residual,phase__p2_primary_MAIN_OUTER_AIR_BAG_PRESSURE_mean,0.0
completed,Cond2,joint_residual,phase__p2_primary_MAIN_OUTER_AIR_BAG_PRESSURE_std,0.0
completed,Cond2,joint_residual,phase__p2_primary_PRESSURIZED_CHAMBER_PRESSURE_auc,0.0
completed,Cond2,joint_residual,phase__p2_primary_PRESSURIZED_CHAMBER_PRESSURE_mean,0.03256231894007696
completed,Cond2,joint_residual,phase__p2_primary_PRESSURIZED_CHAMBER_PRESSURE_std,0.05080602549991129
completed,Cond2,joint_residual,phase__p2_primary_RETAINER_RING_PRESSURE_auc,0.0
completed,Cond2,joint_residual,phase__p2_primary_RETAINER_RING_PRESSURE_mean,0.0661260604711073
completed,Cond2,joint_residual,phase__p2_primary_RETAINER_RING_PRESSURE_std,0.0
completed,Cond2,joint_residual,phase__p2_primary_RIPPLE_AIR_BAG_PRESSURE_auc,0.015605391490493649
completed,Cond2,joint_residual,phase__p2_primary_RIPPLE_AIR_BAG_PRESSURE_mean,0.01040806231413975
completed,Cond2,joint_residual,phase__p2_primary_RIPPLE_AIR_BAG_PRESSURE_std,0.0
completed,Cond2,joint_residual,phase__p2_primary_SLURRY_FLOW_LINE_A_auc,0.0
completed,Cond2,joint_residual,phase__p2_primary_SLURRY_FLOW_LINE_A_mean,0.0
completed,Cond2,joint_residual,phase__p2_primary_SLURRY_FLOW_LINE_A_std,0.24025325314683832
completed,Cond2,joint_residual,phase__p2_primary_SLURRY_FLOW_LINE_B_auc,0.0
completed,Cond2,joint_residual,phase__p2_primary_SLURRY_FLOW_LINE_B_mean,0.0
completed,Cond2,joint_residual,phase__p2_primary_SLURRY_FLOW_LINE_B_std,0.0
completed,Cond2,joint_residual,phase__p2_primary_SLURRY_FLOW_LINE_C_auc,0.08351836868371804
completed,Cond2,joint_residual,phase__p2_primary_SLURRY_FLOW_LINE_C_mean,0.0713109990694377
completed,Cond2,joint_residual,phase__p2_primary_SLURRY_FLOW_LINE_C_std,0.22052160981032623
completed,Cond2,joint_residual,phase__p2_primary_STAGE_ROTATION_mean,0.0
completed,Cond2,joint_residual,phase__p2_primary_USAGE_OF_BACKING_FILM_decreasing,0.05927931618954536
completed,Cond2,joint_residual,phase__p2_primary_USAGE_OF_BACKING_FILM_mean,0.0
completed,Cond2,joint_residual,phase__p2_primary_USAGE_OF_BACKING_FILM_std,0.0
completed,Cond2,joint_residual,phase__p2_primary_USAGE_OF_DRESSER_TABLE_decreasing,0.0
completed,Cond2,joint_residual,phase__p2_primary_USAGE_OF_DRESSER_TABLE_mean,0.0
completed,Cond2,joint_residual,phase__p2_primary_USAGE_OF_DRESSER_TABLE_std,0.0
completed,Cond2,joint_residual,phase__p2_primary_USAGE_OF_DRESSER_decreasing,0.02045495888329902
completed,Cond2,joint_residual,phase__p2_primary_USAGE_OF_DRESSER_mean,1.4601104231854083
completed,Cond2,joint_residual,phase__p2_primary_USAGE_OF_DRESSER_std,0.0
completed,Cond2,joint_residual,phase__p2_primary_USAGE_OF_MEMBRANE_decreasing,0.10373526372256392
completed,Cond2,joint_residual,phase__p2_primary_USAGE_OF_MEMBRANE_mean,0.0
completed,Cond2,joint_residual,phase__p2_primary_USAGE_OF_MEMBRANE_std,0.07264955487619858
completed,Cond2,joint_residual,phase__p2_primary_USAGE_OF_POLISHING_TABLE_decreasing,0.06751213347092992
completed,Cond2,joint_residual,phase__p2_primary_USAGE_OF_POLISHING_TABLE_mean,0.49132232430291667
completed,Cond2,joint_residual,phase__p2_primary_USAGE_OF_POLISHING_TABLE_std,0.06752758109006873
completed,Cond2,joint_residual,phase__p2_primary_USAGE_OF_PRESSURIZED_SHEET_decreasing,0.02944830121499575
completed,Cond2,joint_residual,phase__p2_primary_USAGE_OF_PRESSURIZED_SHEET_mean,0.0
completed,Cond2,joint_residual,phase__p2_primary_USAGE_OF_PRESSURIZED_SHEET_std,0.0
completed,Cond2,joint_residual,phase__p2_primary_WAFER_ROTATION_mean,0.0
completed,Cond2,joint_residual,phase__p2_primary_duration,0.0
completed,Cond2,joint_residual,phase__p2_secondary_CENTER_AIR_BAG_PRESSURE_auc,0.010395375622684345
completed,Cond2,joint_residual,phase__p2_secondary_CENTER_AIR_BAG_PRESSURE_mean,0.0
completed,Cond2,joint_residual,phase__p2_secondary_CENTER_AIR_BAG_PRESSURE_std,0.0
completed,Cond2,joint_residual,phase__p2_secondary_DRESSING_WATER_STATUS_auc,0.0
completed,Cond2,joint_residual,phase__p2_secondary_DRESSING_WATER_STATUS_mean,0.0
completed,Cond2,joint_residual,phase__p2_secondary_DRESSING_WATER_STATUS_std,0.0
completed,Cond2,joint_residual,phase__p2_secondary_EDGE_AIR_BAG_PRESSURE_auc,0.0
completed,Cond2,joint_residual,phase__p2_secondary_EDGE_AIR_BAG_PRESSURE_mean,0.027399735020368916
completed,Cond2,joint_residual,phase__p2_secondary_EDGE_AIR_BAG_PRESSURE_std,0.02919952586672115
completed,Cond2,joint_residual,phase__p2_secondary_HEAD_ROTATION_mean,0.007316919227379387
completed,Cond2,joint_residual,phase__p2_secondary_MAIN_OUTER_AIR_BAG_PRESSURE_auc,0.0
completed,Cond2,joint_residual,phase__p2_secondary_MAIN_OUTER_AIR_BAG_PRESSURE_mean,0.0
completed,Cond2,joint_residual,phase__p2_secondary_MAIN_OUTER_AIR_BAG_PRESSURE_std,0.0
completed,Cond2,joint_residual,phase__p2_secondary_PRESSURIZED_CHAMBER_PRESSURE_auc,0.0
completed,Cond2,joint_residual,phase__p2_secondary_PRESSURIZED_CHAMBER_PRESSURE_mean,0.02031017259698527
completed,Cond2,joint_residual,phase__p2_secondary_PRESSURIZED_CHAMBER_PRESSURE_std,0.014943295102733335
completed,Cond2,joint_residual,phase__p2_secondary_RETAINER_RING_PRESSURE_auc,0.0
completed,Cond2,joint_residual,phase__p2_secondary_RETAINER_RING_PRESSURE_mean,0.0
completed,Cond2,joint_residual,phase__p2_secondary_RETAINER_RING_PRESSURE_std,0.04499127180033987
completed,Cond2,joint_residual,phase__p2_secondary_RIPPLE_AIR_BAG_PRESSURE_auc,0.01403774707151787
completed,Cond2,joint_residual,phase__p2_secondary_RIPPLE_AIR_BAG_PRESSURE_mean,0.0
completed,Cond2,joint_residual,phase__p2_secondary_RIPPLE_AIR_BAG_PRESSURE_std,0.011104826245320025
completed,Cond2,joint_residual,phase__p2_secondary_SLURRY_FLOW_LINE_A_auc,0.0040001730935778695
completed,Cond2,joint_residual,phase__p2_secondary_SLURRY_FLOW_LINE_A_mean,0.2160911754305263
completed,Cond2,joint_residual,phase__p2_secondary_SLURRY_FLOW_LINE_A_std,0.0
completed,Cond2,joint_residual,phase__p2_secondary_SLURRY_FLOW_LINE_B_auc,0.0
completed,Cond2,joint_residual,phase__p2_secondary_SLURRY_FLOW_LINE_B_mean,0.0
completed,Cond2,joint_residual,phase__p2_secondary_SLURRY_FLOW_LINE_B_std,0.0
completed,Cond2,joint_residual,phase__p2_secondary_SLURRY_FLOW_LINE_C_auc,0.0
completed,Cond2,joint_residual,phase__p2_secondary_SLURRY_FLOW_LINE_C_mean,0.0
completed,Cond2,joint_residual,phase__p2_secondary_SLURRY_FLOW_LINE_C_std,0.0
completed,Cond2,joint_residual,phase__p2_secondary_STAGE_ROTATION_mean,0.0
completed,Cond2,joint_residual,phase__p2_secondary_USAGE_OF_BACKING_FILM_decreasing,0.0
completed,Cond2,joint_residual,phase__p2_secondary_USAGE_OF_BACKING_FILM_mean,0.0
completed,Cond2,joint_residual,phase__p2_secondary_USAGE_OF_BACKING_FILM_std,0.09012013406114965
completed,Cond2,joint_residual,phase__p2_secondary_USAGE_OF_DRESSER_TABLE_decreasing,0.0
completed,Cond2,joint_residual,phase__p2_secondary_USAGE_OF_DRESSER_TABLE_mean,0.0
completed,Cond2,joint_residual,phase__p2_secondary_USAGE_OF_DRESSER_TABLE_std,0.0
completed,Cond2,joint_residual,phase__p2_secondary_USAGE_OF_DRESSER_decreasing,0.005845630055230141
completed,Cond2,joint_residual,phase__p2_secondary_USAGE_OF_DRESSER_mean,0.3033048137226334
completed,Cond2,joint_residual,phase__p2_secondary_USAGE_OF_DRESSER_std,0.0
completed,Cond2,joint_residual,phase__p2_secondary_USAGE_OF_MEMBRANE_decreasing,0.0
completed,Cond2,joint_residual,phase__p2_secondary_USAGE_OF_MEMBRANE_mean,0.0
completed,Cond2,joint_residual,phase__p2_secondary_USAGE_OF_MEMBRANE_std,0.0
completed,Cond2,joint_residual,phase__p2_secondary_USAGE_OF_POLISHING_TABLE_decreasing,0.0
completed,Cond2,joint_residual,phase__p2_secondary_USAGE_OF_POLISHING_TABLE_mean,0.028805394690312142
completed,Cond2,joint_residual,phase__p2_secondary_USAGE_OF_POLISHING_TABLE_std,0.0
completed,Cond2,joint_residual,phase__p2_secondary_USAGE_OF_PRESSURIZED_SHEET_decreasing,0.0
completed,Cond2,joint_residual,phase__p2_secondary_USAGE_OF_PRESSURIZED_SHEET_mean,0.0
completed,Cond2,joint_residual,phase__p2_secondary_USAGE_OF_PRESSURIZED_SHEET_std,0.008739393800040837
completed,Cond2,joint_residual,phase__p2_secondary_WAFER_ROTATION_mean,0.0
completed,Cond2,joint_residual,phase__p2_secondary_duration,0.0728228729389935
completed,Cond2,joint_residual,qc_primary_ambiguous,0.0
completed,Cond2,joint_residual,qc_primary_episodes,0.0
completed,Cond2,joint_residual,qc_primary_fallback,0.0
completed,Cond2,joint_residual,qc_primary_max_gap,0.0
completed,Cond2,joint_residual,qc_primary_missing,0.0
completed,Cond2,joint_residual,qc_primary_phase_duration,0.0
completed,Cond2,joint_residual,qc_primary_span,0.0
completed,Cond2,joint_residual,qc_secondary_ambiguous,0.0
completed,Cond2,joint_residual,qc_secondary_episodes,0.0
completed,Cond2,joint_residual,qc_secondary_fallback,0.0
completed,Cond2,joint_residual,qc_secondary_max_gap,0.02543154803954734
completed,Cond2,joint_residual,qc_secondary_missing,0.0
completed,Cond2,joint_residual,qc_secondary_phase_duration,0.0
completed,Cond2,joint_residual,qc_secondary_span,0.0
completed,Cond3,base_direct,lag_1,0.9724823260777086
completed,Cond3,base_direct,lag_2,0.01879559760507803
completed,Cond3,base_direct,lag_3,0.0910478079412988
completed,Cond3,base_direct,lag_4,0.11545256043455145
completed,Cond3,base_direct,lag_5,0.29313574896520683
completed,Cond3,base_direct,lag_6,0.005623850415547262
completed,Cond3,base_direct,lag_7,0.21666637958461235
completed,Cond3,base_direct,lag_8,0.2806766925410604
completed,Cond3,base_direct,lag_9,0.24843434873497858
completed,Cond3,base_direct,lag_10,1.0874807302274616
completed,Cond3,base_direct,lag_11,2.1751165943718727
completed,Cond3,base_direct,neighbor_1,2.124456745896034
completed,Cond3,base_direct,neighbor_2,5.957678361849748
completed,Cond3,base_direct,neighbor_3,0.21630907737125113
completed,Cond3,base_direct,neighbor_4,5.350227589877375
completed,Cond3,base_direct,neighbor_5,0.26714987924564143
completed,Cond3,base_direct,neighbor_6,11.864101862922146
completed,Cond3,base_direct,neighbor_7,1.1694507831992345
completed,Cond3,base_direct,neighbor_8,0.24516191631506642
completed,Cond3,base_direct,neighbor_9,1.3364174910730795
completed,Cond3,base_direct,neighbor_10,1.9991082776388736
completed,Cond3,base_direct,p2_primary_CENTER_AIR_BAG_PRESSURE_auc,0.015119152032431263
completed,Cond3,base_direct,p2_primary_CENTER_AIR_BAG_PRESSURE_mean,0.023918590859827386
completed,Cond3,base_direct,p2_primary_CENTER_AIR_BAG_PRESSURE_std,0.0
completed,Cond3,base_direct,p2_primary_DRESSING_WATER_STATUS_auc,0.44201918554292746
completed,Cond3,base_direct,p2_primary_DRESSING_WATER_STATUS_mean,0.0
completed,Cond3,base_direct,p2_primary_DRESSING_WATER_STATUS_std,1.500512564070883
completed,Cond3,base_direct,p2_primary_EDGE_AIR_BAG_PRESSURE_auc,0.0
completed,Cond3,base_direct,p2_primary_EDGE_AIR_BAG_PRESSURE_mean,0.0
completed,Cond3,base_direct,p2_primary_EDGE_AIR_BAG_PRESSURE_std,0.09128643552865918
completed,Cond3,base_direct,p2_primary_HEAD_ROTATION_mean,1.0823788034895983
completed,Cond3,base_direct,p2_primary_MAIN_OUTER_AIR_BAG_PRESSURE_auc,0.0
completed,Cond3,base_direct,p2_primary_MAIN_OUTER_AIR_BAG_PRESSURE_mean,0.0
completed,Cond3,base_direct,p2_primary_MAIN_OUTER_AIR_BAG_PRESSURE_std,0.07155064378819673
completed,Cond3,base_direct,p2_primary_PRESSURIZED_CHAMBER_PRESSURE_auc,0.0
completed,Cond3,base_direct,p2_primary_PRESSURIZED_CHAMBER_PRESSURE_mean,0.01655931061837254
completed,Cond3,base_direct,p2_primary_PRESSURIZED_CHAMBER_PRESSURE_std,0.022434955456744312
completed,Cond3,base_direct,p2_primary_RETAINER_RING_PRESSURE_auc,0.08219418167334493
completed,Cond3,base_direct,p2_primary_RETAINER_RING_PRESSURE_mean,0.0
completed,Cond3,base_direct,p2_primary_RETAINER_RING_PRESSURE_std,2.2175554337208325
completed,Cond3,base_direct,p2_primary_RIPPLE_AIR_BAG_PRESSURE_auc,0.0
completed,Cond3,base_direct,p2_primary_RIPPLE_AIR_BAG_PRESSURE_mean,0.0
completed,Cond3,base_direct,p2_primary_RIPPLE_AIR_BAG_PRESSURE_std,0.10000081598632266
completed,Cond3,base_direct,p2_primary_SLURRY_FLOW_LINE_A_auc,0.34939391443413476
completed,Cond3,base_direct,p2_primary_SLURRY_FLOW_LINE_A_mean,0.004409644571387266
completed,Cond3,base_direct,p2_primary_SLURRY_FLOW_LINE_A_std,0.06333960614597571
completed,Cond3,base_direct,p2_primary_SLURRY_FLOW_LINE_B_auc,0.026303073048674557
completed,Cond3,base_direct,p2_primary_SLURRY_FLOW_LINE_B_mean,0.6318971570871315
completed,Cond3,base_direct,p2_primary_SLURRY_FLOW_LINE_B_std,0.26986991661812365
completed,Cond3,base_direct,p2_primary_SLURRY_FLOW_LINE_C_auc,0.0
completed,Cond3,base_direct,p2_primary_SLURRY_FLOW_LINE_C_mean,0.0
completed,Cond3,base_direct,p2_primary_SLURRY_FLOW_LINE_C_std,0.0
completed,Cond3,base_direct,p2_primary_STAGE_ROTATION_mean,0.2159597987151542
completed,Cond3,base_direct,p2_primary_USAGE_OF_BACKING_FILM_decreasing,0.5499783488675046
completed,Cond3,base_direct,p2_primary_USAGE_OF_BACKING_FILM_mean,4.695859225868815
completed,Cond3,base_direct,p2_primary_USAGE_OF_BACKING_FILM_std,0.0
completed,Cond3,base_direct,p2_primary_USAGE_OF_DRESSER_TABLE_decreasing,0.16135989365511996
completed,Cond3,base_direct,p2_primary_USAGE_OF_DRESSER_TABLE_mean,9.650564551834687
completed,Cond3,base_direct,p2_primary_USAGE_OF_DRESSER_TABLE_std,0.0
completed,Cond3,base_direct,p2_primary_USAGE_OF_DRESSER_decreasing,0.343897202055788
completed,Cond3,base_direct,p2_primary_USAGE_OF_DRESSER_mean,4.5380054290869465
completed,Cond3,base_direct,p2_primary_USAGE_OF_DRESSER_std,0.21573116678846999
completed,Cond3,base_direct,p2_primary_USAGE_OF_MEMBRANE_decreasing,0.07267489173461744
completed,Cond3,base_direct,p2_primary_USAGE_OF_MEMBRANE_mean,0.0
completed,Cond3,base_direct,p2_primary_USAGE_OF_MEMBRANE_std,0.12972729682470135
completed,Cond3,base_direct,p2_primary_USAGE_OF_POLISHING_TABLE_decreasing,1.4546472776639807
completed,Cond3,base_direct,p2_primary_USAGE_OF_POLISHING_TABLE_mean,2.497483858582788
completed,Cond3,base_direct,p2_primary_USAGE_OF_POLISHING_TABLE_std,0.41821491403284194
completed,Cond3,base_direct,p2_primary_USAGE_OF_PRESSURIZED_SHEET_decreasing,0.010675613965995005
completed,Cond3,base_direct,p2_primary_USAGE_OF_PRESSURIZED_SHEET_mean,0.0
completed,Cond3,base_direct,p2_primary_USAGE_OF_PRESSURIZED_SHEET_std,0.19659079729185386
completed,Cond3,base_direct,p2_primary_WAFER_ROTATION_mean,0.2903201269083834
completed,Cond3,base_direct,p2_primary_duration,0.5562179071264798
completed,Cond3,base_direct,p2_secondary_CENTER_AIR_BAG_PRESSURE_auc,0.0
completed,Cond3,base_direct,p2_secondary_CENTER_AIR_BAG_PRESSURE_mean,0.0
completed,Cond3,base_direct,p2_secondary_CENTER_AIR_BAG_PRESSURE_std,0.0
completed,Cond3,base_direct,p2_secondary_DRESSING_WATER_STATUS_auc,0.23695564850355652
completed,Cond3,base_direct,p2_secondary_DRESSING_WATER_STATUS_mean,0.472431969513423
completed,Cond3,base_direct,p2_secondary_DRESSING_WATER_STATUS_std,1.5249067356456523
completed,Cond3,base_direct,p2_secondary_EDGE_AIR_BAG_PRESSURE_auc,0.1158430151686897
completed,Cond3,base_direct,p2_secondary_EDGE_AIR_BAG_PRESSURE_mean,0.09341936860286468
completed,Cond3,base_direct,p2_secondary_EDGE_AIR_BAG_PRESSURE_std,0.0
completed,Cond3,base_direct,p2_secondary_HEAD_ROTATION_mean,2.7707255745790498
completed,Cond3,base_direct,p2_secondary_MAIN_OUTER_AIR_BAG_PRESSURE_auc,0.0
completed,Cond3,base_direct,p2_secondary_MAIN_OUTER_AIR_BAG_PRESSURE_mean,0.0
completed,Cond3,base_direct,p2_secondary_MAIN_OUTER_AIR_BAG_PRESSURE_std,0.027474649516447167
completed,Cond3,base_direct,p2_secondary_PRESSURIZED_CHAMBER_PRESSURE_auc,0.0
completed,Cond3,base_direct,p2_secondary_PRESSURIZED_CHAMBER_PRESSURE_mean,0.0
completed,Cond3,base_direct,p2_secondary_PRESSURIZED_CHAMBER_PRESSURE_std,0.0
completed,Cond3,base_direct,p2_secondary_RETAINER_RING_PRESSURE_auc,0.43973862447338813
completed,Cond3,base_direct,p2_secondary_RETAINER_RING_PRESSURE_mean,0.0
completed,Cond3,base_direct,p2_secondary_RETAINER_RING_PRESSURE_std,0.0014688214712120094
completed,Cond3,base_direct,p2_secondary_RIPPLE_AIR_BAG_PRESSURE_auc,0.0
completed,Cond3,base_direct,p2_secondary_RIPPLE_AIR_BAG_PRESSURE_mean,0.0
completed,Cond3,base_direct,p2_secondary_RIPPLE_AIR_BAG_PRESSURE_std,0.0009895499286350546
completed,Cond3,base_direct,p2_secondary_SLURRY_FLOW_LINE_A_auc,0.01910369234753877
completed,Cond3,base_direct,p2_secondary_SLURRY_FLOW_LINE_A_mean,0.014973614251025084
completed,Cond3,base_direct,p2_secondary_SLURRY_FLOW_LINE_A_std,0.0
completed,Cond3,base_direct,p2_secondary_SLURRY_FLOW_LINE_B_auc,0.979636079166895
completed,Cond3,base_direct,p2_secondary_SLURRY_FLOW_LINE_B_mean,0.3776158541509341
completed,Cond3,base_direct,p2_secondary_SLURRY_FLOW_LINE_B_std,0.12336392552132383
completed,Cond3,base_direct,p2_secondary_SLURRY_FLOW_LINE_C_auc,0.0
completed,Cond3,base_direct,p2_secondary_SLURRY_FLOW_LINE_C_mean,0.1484043090961891
completed,Cond3,base_direct,p2_secondary_SLURRY_FLOW_LINE_C_std,0.0
completed,Cond3,base_direct,p2_secondary_STAGE_ROTATION_mean,0.2853055991758804
completed,Cond3,base_direct,p2_secondary_USAGE_OF_BACKING_FILM_decreasing,0.07018990677199761
completed,Cond3,base_direct,p2_secondary_USAGE_OF_BACKING_FILM_mean,0.0026177705347113058
completed,Cond3,base_direct,p2_secondary_USAGE_OF_BACKING_FILM_std,0.0875976093731421
completed,Cond3,base_direct,p2_secondary_USAGE_OF_DRESSER_TABLE_decreasing,0.0
completed,Cond3,base_direct,p2_secondary_USAGE_OF_DRESSER_TABLE_mean,0.03211729744592731
completed,Cond3,base_direct,p2_secondary_USAGE_OF_DRESSER_TABLE_std,0.07411432918206998
completed,Cond3,base_direct,p2_secondary_USAGE_OF_DRESSER_decreasing,0.12590957936035427
completed,Cond3,base_direct,p2_secondary_USAGE_OF_DRESSER_mean,17.021606922574513
completed,Cond3,base_direct,p2_secondary_USAGE_OF_DRESSER_std,0.31440314835182526
completed,Cond3,base_direct,p2_secondary_USAGE_OF_MEMBRANE_decreasing,0.32370200064658633
completed,Cond3,base_direct,p2_secondary_USAGE_OF_MEMBRANE_mean,0.0
completed,Cond3,base_direct,p2_secondary_USAGE_OF_MEMBRANE_std,0.6616172788072592
completed,Cond3,base_direct,p2_secondary_USAGE_OF_POLISHING_TABLE_decreasing,1.280892548552603
completed,Cond3,base_direct,p2_secondary_USAGE_OF_POLISHING_TABLE_mean,1.7577599599199456
completed,Cond3,base_direct,p2_secondary_USAGE_OF_POLISHING_TABLE_std,0.7993580712116752
completed,Cond3,base_direct,p2_secondary_USAGE_OF_PRESSURIZED_SHEET_decreasing,0.0
completed,Cond3,base_direct,p2_secondary_USAGE_OF_PRESSURIZED_SHEET_mean,0.0
completed,Cond3,base_direct,p2_secondary_USAGE_OF_PRESSURIZED_SHEET_std,0.0
completed,Cond3,base_direct,p2_secondary_WAFER_ROTATION_mean,0.2502007426516225
completed,Cond3,base_direct,p2_secondary_duration,0.5219294955375269
completed,Cond3,joint_direct,lag_1,1.5549404972967409
completed,Cond3,joint_direct,lag_2,0.0
completed,Cond3,joint_direct,lag_3,0.0
completed,Cond3,joint_direct,lag_4,0.3370857741351242
completed,Cond3,joint_direct,lag_5,0.0
completed,Cond3,joint_direct,lag_6,0.013348597035087643
completed,Cond3,joint_direct,lag_7,0.11089481874775264
completed,Cond3,joint_direct,lag_8,0.0
completed,Cond3,joint_direct,lag_9,0.3877283087887678
completed,Cond3,joint_direct,lag_10,1.8968720635934837
completed,Cond3,joint_direct,lag_11,0.7861099415163663
completed,Cond3,joint_direct,neighbor_1,5.612920335150537
completed,Cond3,joint_direct,neighbor_2,2.2448999085582204
completed,Cond3,joint_direct,neighbor_3,0.28459264355323727
completed,Cond3,joint_direct,neighbor_4,3.8734617668876665
completed,Cond3,joint_direct,neighbor_5,1.1647399299089043
completed,Cond3,joint_direct,neighbor_6,14.602462243027828
completed,Cond3,joint_direct,neighbor_7,0.05732587614859041
completed,Cond3,joint_direct,neighbor_8,0.11471181386908533
completed,Cond3,joint_direct,neighbor_9,0.5317422624939006
completed,Cond3,joint_direct,neighbor_10,2.7399524192352125
completed,Cond3,joint_direct,p2_primary_CENTER_AIR_BAG_PRESSURE_auc,0.0
completed,Cond3,joint_direct,p2_primary_CENTER_AIR_BAG_PRESSURE_mean,0.0
completed,Cond3,joint_direct,p2_primary_CENTER_AIR_BAG_PRESSURE_std,0.0
completed,Cond3,joint_direct,p2_primary_DRESSING_WATER_STATUS_auc,0.37840950833140813
completed,Cond3,joint_direct,p2_primary_DRESSING_WATER_STATUS_mean,0.003689979827925362
completed,Cond3,joint_direct,p2_primary_DRESSING_WATER_STATUS_std,0.42720666596217455
completed,Cond3,joint_direct,p2_primary_EDGE_AIR_BAG_PRESSURE_auc,0.0
completed,Cond3,joint_direct,p2_primary_EDGE_AIR_BAG_PRESSURE_mean,0.0
completed,Cond3,joint_direct,p2_primary_EDGE_AIR_BAG_PRESSURE_std,0.0
completed,Cond3,joint_direct,p2_primary_HEAD_ROTATION_mean,0.29278999505625125
completed,Cond3,joint_direct,p2_primary_MAIN_OUTER_AIR_BAG_PRESSURE_auc,0.0
completed,Cond3,joint_direct,p2_primary_MAIN_OUTER_AIR_BAG_PRESSURE_mean,0.0
completed,Cond3,joint_direct,p2_primary_MAIN_OUTER_AIR_BAG_PRESSURE_std,0.09664622023986223
completed,Cond3,joint_direct,p2_primary_PRESSURIZED_CHAMBER_PRESSURE_auc,0.0
completed,Cond3,joint_direct,p2_primary_PRESSURIZED_CHAMBER_PRESSURE_mean,0.0
completed,Cond3,joint_direct,p2_primary_PRESSURIZED_CHAMBER_PRESSURE_std,0.0
completed,Cond3,joint_direct,p2_primary_RETAINER_RING_PRESSURE_auc,0.0
completed,Cond3,joint_direct,p2_primary_RETAINER_RING_PRESSURE_mean,0.0089345290296315
completed,Cond3,joint_direct,p2_primary_RETAINER_RING_PRESSURE_std,1.660007283467795
completed,Cond3,joint_direct,p2_primary_RIPPLE_AIR_BAG_PRESSURE_auc,0.0
completed,Cond3,joint_direct,p2_primary_RIPPLE_AIR_BAG_PRESSURE_mean,0.0
completed,Cond3,joint_direct,p2_primary_RIPPLE_AIR_BAG_PRESSURE_std,0.0
completed,Cond3,joint_direct,p2_primary_SLURRY_FLOW_LINE_A_auc,0.40907264921971026
completed,Cond3,joint_direct,p2_primary_SLURRY_FLOW_LINE_A_mean,0.0
completed,Cond3,joint_direct,p2_primary_SLURRY_FLOW_LINE_A_std,0.0
completed,Cond3,joint_direct,p2_primary_SLURRY_FLOW_LINE_B_auc,0.0
completed,Cond3,joint_direct,p2_primary_SLURRY_FLOW_LINE_B_mean,0.0
completed,Cond3,joint_direct,p2_primary_SLURRY_FLOW_LINE_B_std,0.06382114874421332
completed,Cond3,joint_direct,p2_primary_SLURRY_FLOW_LINE_C_auc,0.0
completed,Cond3,joint_direct,p2_primary_SLURRY_FLOW_LINE_C_mean,0.0
completed,Cond3,joint_direct,p2_primary_SLURRY_FLOW_LINE_C_std,0.0
completed,Cond3,joint_direct,p2_primary_STAGE_ROTATION_mean,0.008805182479755556
completed,Cond3,joint_direct,p2_primary_USAGE_OF_BACKING_FILM_decreasing,0.20880019394990013
completed,Cond3,joint_direct,p2_primary_USAGE_OF_BACKING_FILM_mean,4.130945908288838
completed,Cond3,joint_direct,p2_primary_USAGE_OF_BACKING_FILM_std,0.19021693865463887
completed,Cond3,joint_direct,p2_primary_USAGE_OF_DRESSER_TABLE_decreasing,0.04716809202395429
completed,Cond3,joint_direct,p2_primary_USAGE_OF_DRESSER_TABLE_mean,8.189921507494782
completed,Cond3,joint_direct,p2_primary_USAGE_OF_DRESSER_TABLE_std,0.0
completed,Cond3,joint_direct,p2_primary_USAGE_OF_DRESSER_decreasing,0.16819938334329093
completed,Cond3,joint_direct,p2_primary_USAGE_OF_DRESSER_mean,0.23454105388192506
completed,Cond3,joint_direct,p2_primary_USAGE_OF_DRESSER_std,0.12072727384693806
completed,Cond3,joint_direct,p2_primary_USAGE_OF_MEMBRANE_decreasing,0.1306527065118041
completed,Cond3,joint_direct,p2_primary_USAGE_OF_MEMBRANE_mean,0.0
completed,Cond3,joint_direct,p2_primary_USAGE_OF_MEMBRANE_std,0.06890784812557896
completed,Cond3,joint_direct,p2_primary_USAGE_OF_POLISHING_TABLE_decreasing,0.22752654370110162
completed,Cond3,joint_direct,p2_primary_USAGE_OF_POLISHING_TABLE_mean,0.14719041916468595
completed,Cond3,joint_direct,p2_primary_USAGE_OF_POLISHING_TABLE_std,0.0
completed,Cond3,joint_direct,p2_primary_USAGE_OF_PRESSURIZED_SHEET_decreasing,0.051545045566504424
completed,Cond3,joint_direct,p2_primary_USAGE_OF_PRESSURIZED_SHEET_mean,0.0
completed,Cond3,joint_direct,p2_primary_USAGE_OF_PRESSURIZED_SHEET_std,0.0
completed,Cond3,joint_direct,p2_primary_WAFER_ROTATION_mean,0.04555971973589643
completed,Cond3,joint_direct,p2_primary_duration,0.012805823974809819
completed,Cond3,joint_direct,p2_secondary_CENTER_AIR_BAG_PRESSURE_auc,0.0
completed,Cond3,joint_direct,p2_secondary_CENTER_AIR_BAG_PRESSURE_mean,0.0
completed,Cond3,joint_direct,p2_secondary_CENTER_AIR_BAG_PRESSURE_std,0.0
completed,Cond3,joint_direct,p2_secondary_DRESSING_WATER_STATUS_auc,0.09246390202782838
completed,Cond3,joint_direct,p2_secondary_DRESSING_WATER_STATUS_mean,0.6786427285020402
completed,Cond3,joint_direct,p2_secondary_DRESSING_WATER_STATUS_std,1.0148898961446569
completed,Cond3,joint_direct,p2_secondary_EDGE_AIR_BAG_PRESSURE_auc,0.0
completed,Cond3,joint_direct,p2_secondary_EDGE_AIR_BAG_PRESSURE_mean,0.0
completed,Cond3,joint_direct,p2_secondary_EDGE_AIR_BAG_PRESSURE_std,0.0
completed,Cond3,joint_direct,p2_secondary_HEAD_ROTATION_mean,2.1358148079431603
completed,Cond3,joint_direct,p2_secondary_MAIN_OUTER_AIR_BAG_PRESSURE_auc,0.0
completed,Cond3,joint_direct,p2_secondary_MAIN_OUTER_AIR_BAG_PRESSURE_mean,0.0
completed,Cond3,joint_direct,p2_secondary_MAIN_OUTER_AIR_BAG_PRESSURE_std,0.011266221084935038
completed,Cond3,joint_direct,p2_secondary_PRESSURIZED_CHAMBER_PRESSURE_auc,0.0
completed,Cond3,joint_direct,p2_secondary_PRESSURIZED_CHAMBER_PRESSURE_mean,0.0
completed,Cond3,joint_direct,p2_secondary_PRESSURIZED_CHAMBER_PRESSURE_std,0.0
completed,Cond3,joint_direct,p2_secondary_RETAINER_RING_PRESSURE_auc,0.6047836199746359
completed,Cond3,joint_direct,p2_secondary_RETAINER_RING_PRESSURE_mean,0.0
completed,Cond3,joint_direct,p2_secondary_RETAINER_RING_PRESSURE_std,0.0
completed,Cond3,joint_direct,p2_secondary_RIPPLE_AIR_BAG_PRESSURE_auc,0.0
completed,Cond3,joint_direct,p2_secondary_RIPPLE_AIR_BAG_PRESSURE_mean,0.0
completed,Cond3,joint_direct,p2_secondary_RIPPLE_AIR_BAG_PRESSURE_std,0.0
completed,Cond3,joint_direct,p2_secondary_SLURRY_FLOW_LINE_A_auc,0.0
completed,Cond3,joint_direct,p2_secondary_SLURRY_FLOW_LINE_A_mean,0.0
completed,Cond3,joint_direct,p2_secondary_SLURRY_FLOW_LINE_A_std,0.0
completed,Cond3,joint_direct,p2_secondary_SLURRY_FLOW_LINE_B_auc,0.0
completed,Cond3,joint_direct,p2_secondary_SLURRY_FLOW_LINE_B_mean,0.0
completed,Cond3,joint_direct,p2_secondary_SLURRY_FLOW_LINE_B_std,0.0
completed,Cond3,joint_direct,p2_secondary_SLURRY_FLOW_LINE_C_auc,0.0
completed,Cond3,joint_direct,p2_secondary_SLURRY_FLOW_LINE_C_mean,0.0
completed,Cond3,joint_direct,p2_secondary_SLURRY_FLOW_LINE_C_std,0.0
completed,Cond3,joint_direct,p2_secondary_STAGE_ROTATION_mean,0.24973831369398736
completed,Cond3,joint_direct,p2_secondary_USAGE_OF_BACKING_FILM_decreasing,0.03474955801535335
completed,Cond3,joint_direct,p2_secondary_USAGE_OF_BACKING_FILM_mean,0.6601786184555912
completed,Cond3,joint_direct,p2_secondary_USAGE_OF_BACKING_FILM_std,0.026724961426675513
completed,Cond3,joint_direct,p2_secondary_USAGE_OF_DRESSER_TABLE_decreasing,0.0
completed,Cond3,joint_direct,p2_secondary_USAGE_OF_DRESSER_TABLE_mean,0.0
completed,Cond3,joint_direct,p2_secondary_USAGE_OF_DRESSER_TABLE_std,0.037342125330209947
completed,Cond3,joint_direct,p2_secondary_USAGE_OF_DRESSER_decreasing,0.0
completed,Cond3,joint_direct,p2_secondary_USAGE_OF_DRESSER_mean,11.64107221662014
completed,Cond3,joint_direct,p2_secondary_USAGE_OF_DRESSER_std,0.30335843860299627
completed,Cond3,joint_direct,p2_secondary_USAGE_OF_MEMBRANE_decreasing,0.0
completed,Cond3,joint_direct,p2_secondary_USAGE_OF_MEMBRANE_mean,0.0
completed,Cond3,joint_direct,p2_secondary_USAGE_OF_MEMBRANE_std,0.0
completed,Cond3,joint_direct,p2_secondary_USAGE_OF_POLISHING_TABLE_decreasing,0.0
completed,Cond3,joint_direct,p2_secondary_USAGE_OF_POLISHING_TABLE_mean,0.5387151183117591
completed,Cond3,joint_direct,p2_secondary_USAGE_OF_POLISHING_TABLE_std,0.39918711130468104
completed,Cond3,joint_direct,p2_secondary_USAGE_OF_PRESSURIZED_SHEET_decreasing,0.0
completed,Cond3,joint_direct,p2_secondary_USAGE_OF_PRESSURIZED_SHEET_mean,0.0
completed,Cond3,joint_direct,p2_secondary_USAGE_OF_PRESSURIZED_SHEET_std,0.0
completed,Cond3,joint_direct,p2_secondary_WAFER_ROTATION_mean,0.2886314707357308
completed,Cond3,joint_direct,p2_secondary_duration,0.06465968169638454
completed,Cond3,joint_direct,history_summary_0,0.0
completed,Cond3,joint_direct,history_summary_1,0.0
completed,Cond3,joint_direct,history_summary_2,0.0
completed,Cond3,joint_direct,history_summary_3,4.741056386752141
completed,Cond3,joint_direct,history_summary_4,0.0
completed,Cond3,joint_direct,history_summary_5,0.231571628665926
completed,Cond3,joint_direct,history_summary_6,2.088911757657938
completed,Cond3,joint_direct,history_summary_7,0.0
completed,Cond3,joint_direct,history_summary_8,0.07917326120459922
completed,Cond3,joint_direct,history_summary_9,11.545772333641208
completed,Cond3,joint_direct,gap__p2_primary_CENTER_AIR_BAG_PRESSURE_auc,0.0
completed,Cond3,joint_direct,gap__p2_primary_CENTER_AIR_BAG_PRESSURE_mean,0.0
completed,Cond3,joint_direct,gap__p2_primary_CENTER_AIR_BAG_PRESSURE_std,0.0
completed,Cond3,joint_direct,gap__p2_primary_DRESSING_WATER_STATUS_auc,0.0
completed,Cond3,joint_direct,gap__p2_primary_DRESSING_WATER_STATUS_mean,0.0
completed,Cond3,joint_direct,gap__p2_primary_DRESSING_WATER_STATUS_std,0.0
completed,Cond3,joint_direct,gap__p2_primary_EDGE_AIR_BAG_PRESSURE_auc,0.0
completed,Cond3,joint_direct,gap__p2_primary_EDGE_AIR_BAG_PRESSURE_mean,0.0
completed,Cond3,joint_direct,gap__p2_primary_EDGE_AIR_BAG_PRESSURE_std,0.0
completed,Cond3,joint_direct,gap__p2_primary_HEAD_ROTATION_mean,0.0
completed,Cond3,joint_direct,gap__p2_primary_MAIN_OUTER_AIR_BAG_PRESSURE_auc,0.0
completed,Cond3,joint_direct,gap__p2_primary_MAIN_OUTER_AIR_BAG_PRESSURE_mean,0.0
completed,Cond3,joint_direct,gap__p2_primary_MAIN_OUTER_AIR_BAG_PRESSURE_std,0.0
completed,Cond3,joint_direct,gap__p2_primary_PRESSURIZED_CHAMBER_PRESSURE_auc,0.0
completed,Cond3,joint_direct,gap__p2_primary_PRESSURIZED_CHAMBER_PRESSURE_mean,0.0
completed,Cond3,joint_direct,gap__p2_primary_PRESSURIZED_CHAMBER_PRESSURE_std,0.0
completed,Cond3,joint_direct,gap__p2_primary_RETAINER_RING_PRESSURE_auc,0.0
completed,Cond3,joint_direct,gap__p2_primary_RETAINER_RING_PRESSURE_mean,0.0
completed,Cond3,joint_direct,gap__p2_primary_RETAINER_RING_PRESSURE_std,0.0
completed,Cond3,joint_direct,gap__p2_primary_RIPPLE_AIR_BAG_PRESSURE_auc,0.0
completed,Cond3,joint_direct,gap__p2_primary_RIPPLE_AIR_BAG_PRESSURE_mean,0.0
completed,Cond3,joint_direct,gap__p2_primary_RIPPLE_AIR_BAG_PRESSURE_std,0.0
completed,Cond3,joint_direct,gap__p2_primary_SLURRY_FLOW_LINE_A_auc,0.0
completed,Cond3,joint_direct,gap__p2_primary_SLURRY_FLOW_LINE_A_mean,0.0
completed,Cond3,joint_direct,gap__p2_primary_SLURRY_FLOW_LINE_A_std,0.0
completed,Cond3,joint_direct,gap__p2_primary_SLURRY_FLOW_LINE_B_auc,0.0
completed,Cond3,joint_direct,gap__p2_primary_SLURRY_FLOW_LINE_B_mean,0.0
completed,Cond3,joint_direct,gap__p2_primary_SLURRY_FLOW_LINE_B_std,0.0
completed,Cond3,joint_direct,gap__p2_primary_SLURRY_FLOW_LINE_C_auc,0.0
completed,Cond3,joint_direct,gap__p2_primary_SLURRY_FLOW_LINE_C_mean,0.0
completed,Cond3,joint_direct,gap__p2_primary_SLURRY_FLOW_LINE_C_std,0.0
completed,Cond3,joint_direct,gap__p2_primary_STAGE_ROTATION_mean,0.0
completed,Cond3,joint_direct,gap__p2_primary_USAGE_OF_BACKING_FILM_decreasing,0.0
completed,Cond3,joint_direct,gap__p2_primary_USAGE_OF_BACKING_FILM_mean,0.0
completed,Cond3,joint_direct,gap__p2_primary_USAGE_OF_BACKING_FILM_std,0.0
completed,Cond3,joint_direct,gap__p2_primary_USAGE_OF_DRESSER_TABLE_decreasing,0.0
completed,Cond3,joint_direct,gap__p2_primary_USAGE_OF_DRESSER_TABLE_mean,0.0
completed,Cond3,joint_direct,gap__p2_primary_USAGE_OF_DRESSER_TABLE_std,0.0
completed,Cond3,joint_direct,gap__p2_primary_USAGE_OF_DRESSER_decreasing,0.0
completed,Cond3,joint_direct,gap__p2_primary_USAGE_OF_DRESSER_mean,0.0
completed,Cond3,joint_direct,gap__p2_primary_USAGE_OF_DRESSER_std,0.0
completed,Cond3,joint_direct,gap__p2_primary_USAGE_OF_MEMBRANE_decreasing,0.0
completed,Cond3,joint_direct,gap__p2_primary_USAGE_OF_MEMBRANE_mean,0.0
completed,Cond3,joint_direct,gap__p2_primary_USAGE_OF_MEMBRANE_std,0.0
completed,Cond3,joint_direct,gap__p2_primary_USAGE_OF_POLISHING_TABLE_decreasing,0.0
completed,Cond3,joint_direct,gap__p2_primary_USAGE_OF_POLISHING_TABLE_mean,0.0
completed,Cond3,joint_direct,gap__p2_primary_USAGE_OF_POLISHING_TABLE_std,0.0
completed,Cond3,joint_direct,gap__p2_primary_USAGE_OF_PRESSURIZED_SHEET_decreasing,0.0
completed,Cond3,joint_direct,gap__p2_primary_USAGE_OF_PRESSURIZED_SHEET_mean,0.0
completed,Cond3,joint_direct,gap__p2_primary_USAGE_OF_PRESSURIZED_SHEET_std,0.0
completed,Cond3,joint_direct,gap__p2_primary_WAFER_ROTATION_mean,0.0
completed,Cond3,joint_direct,gap__p2_primary_duration,0.0
completed,Cond3,joint_direct,gap__p2_secondary_CENTER_AIR_BAG_PRESSURE_auc,0.0
completed,Cond3,joint_direct,gap__p2_secondary_CENTER_AIR_BAG_PRESSURE_mean,0.0
completed,Cond3,joint_direct,gap__p2_secondary_CENTER_AIR_BAG_PRESSURE_std,0.0
completed,Cond3,joint_direct,gap__p2_secondary_DRESSING_WATER_STATUS_auc,0.0
completed,Cond3,joint_direct,gap__p2_secondary_DRESSING_WATER_STATUS_mean,0.0
completed,Cond3,joint_direct,gap__p2_secondary_DRESSING_WATER_STATUS_std,0.0
completed,Cond3,joint_direct,gap__p2_secondary_EDGE_AIR_BAG_PRESSURE_auc,0.0
completed,Cond3,joint_direct,gap__p2_secondary_EDGE_AIR_BAG_PRESSURE_mean,0.0
completed,Cond3,joint_direct,gap__p2_secondary_EDGE_AIR_BAG_PRESSURE_std,0.0
completed,Cond3,joint_direct,gap__p2_secondary_HEAD_ROTATION_mean,0.0
completed,Cond3,joint_direct,gap__p2_secondary_MAIN_OUTER_AIR_BAG_PRESSURE_auc,0.0
completed,Cond3,joint_direct,gap__p2_secondary_MAIN_OUTER_AIR_BAG_PRESSURE_mean,0.0
completed,Cond3,joint_direct,gap__p2_secondary_MAIN_OUTER_AIR_BAG_PRESSURE_std,0.0
completed,Cond3,joint_direct,gap__p2_secondary_PRESSURIZED_CHAMBER_PRESSURE_auc,0.0
completed,Cond3,joint_direct,gap__p2_secondary_PRESSURIZED_CHAMBER_PRESSURE_mean,0.0
completed,Cond3,joint_direct,gap__p2_secondary_PRESSURIZED_CHAMBER_PRESSURE_std,0.0
completed,Cond3,joint_direct,gap__p2_secondary_RETAINER_RING_PRESSURE_auc,0.0
completed,Cond3,joint_direct,gap__p2_secondary_RETAINER_RING_PRESSURE_mean,0.0
completed,Cond3,joint_direct,gap__p2_secondary_RETAINER_RING_PRESSURE_std,0.0
completed,Cond3,joint_direct,gap__p2_secondary_RIPPLE_AIR_BAG_PRESSURE_auc,0.0
completed,Cond3,joint_direct,gap__p2_secondary_RIPPLE_AIR_BAG_PRESSURE_mean,0.0
completed,Cond3,joint_direct,gap__p2_secondary_RIPPLE_AIR_BAG_PRESSURE_std,0.0
completed,Cond3,joint_direct,gap__p2_secondary_SLURRY_FLOW_LINE_A_auc,0.0
completed,Cond3,joint_direct,gap__p2_secondary_SLURRY_FLOW_LINE_A_mean,0.0
completed,Cond3,joint_direct,gap__p2_secondary_SLURRY_FLOW_LINE_A_std,0.0
completed,Cond3,joint_direct,gap__p2_secondary_SLURRY_FLOW_LINE_B_auc,0.0
completed,Cond3,joint_direct,gap__p2_secondary_SLURRY_FLOW_LINE_B_mean,0.0
completed,Cond3,joint_direct,gap__p2_secondary_SLURRY_FLOW_LINE_B_std,0.0
completed,Cond3,joint_direct,gap__p2_secondary_SLURRY_FLOW_LINE_C_auc,0.0
completed,Cond3,joint_direct,gap__p2_secondary_SLURRY_FLOW_LINE_C_mean,0.0
completed,Cond3,joint_direct,gap__p2_secondary_SLURRY_FLOW_LINE_C_std,0.0
completed,Cond3,joint_direct,gap__p2_secondary_STAGE_ROTATION_mean,0.0
completed,Cond3,joint_direct,gap__p2_secondary_USAGE_OF_BACKING_FILM_decreasing,0.0
completed,Cond3,joint_direct,gap__p2_secondary_USAGE_OF_BACKING_FILM_mean,0.0
completed,Cond3,joint_direct,gap__p2_secondary_USAGE_OF_BACKING_FILM_std,0.0
completed,Cond3,joint_direct,gap__p2_secondary_USAGE_OF_DRESSER_TABLE_decreasing,0.0
completed,Cond3,joint_direct,gap__p2_secondary_USAGE_OF_DRESSER_TABLE_mean,0.0
completed,Cond3,joint_direct,gap__p2_secondary_USAGE_OF_DRESSER_TABLE_std,0.0
completed,Cond3,joint_direct,gap__p2_secondary_USAGE_OF_DRESSER_decreasing,0.0
completed,Cond3,joint_direct,gap__p2_secondary_USAGE_OF_DRESSER_mean,0.0
completed,Cond3,joint_direct,gap__p2_secondary_USAGE_OF_DRESSER_std,0.0
completed,Cond3,joint_direct,gap__p2_secondary_USAGE_OF_MEMBRANE_decreasing,0.0
completed,Cond3,joint_direct,gap__p2_secondary_USAGE_OF_MEMBRANE_mean,0.0
completed,Cond3,joint_direct,gap__p2_secondary_USAGE_OF_MEMBRANE_std,0.0
completed,Cond3,joint_direct,gap__p2_secondary_USAGE_OF_POLISHING_TABLE_decreasing,0.0
completed,Cond3,joint_direct,gap__p2_secondary_USAGE_OF_POLISHING_TABLE_mean,0.0
completed,Cond3,joint_direct,gap__p2_secondary_USAGE_OF_POLISHING_TABLE_std,0.0
completed,Cond3,joint_direct,gap__p2_secondary_USAGE_OF_PRESSURIZED_SHEET_decreasing,0.0
completed,Cond3,joint_direct,gap__p2_secondary_USAGE_OF_PRESSURIZED_SHEET_mean,0.0
completed,Cond3,joint_direct,gap__p2_secondary_USAGE_OF_PRESSURIZED_SHEET_std,0.0
completed,Cond3,joint_direct,gap__p2_secondary_WAFER_ROTATION_mean,0.0
completed,Cond3,joint_direct,gap__p2_secondary_duration,0.0
completed,Cond3,joint_direct,multi_primary_active_fraction,0.06518300888513119
completed,Cond3,joint_direct,multi_primary_active_point_fraction,0.0
completed,Cond3,joint_direct,multi_primary_active_time,0.0
completed,Cond3,joint_direct,multi_primary_episode_count,0.0
completed,Cond3,joint_direct,multi_primary_episode_max,0.0
completed,Cond3,joint_direct,multi_primary_episode_median,0.0
completed,Cond3,joint_direct,multi_primary_episode_min,0.0
completed,Cond3,joint_direct,multi_primary_episode_std,0.0
completed,Cond3,joint_direct,multi_primary_inactive_time,0.2744366585648763
completed,Cond3,joint_direct,multi_primary_observed_time,0.0
completed,Cond3,joint_direct,multi_primary_pressure_integral,0.0
completed,Cond3,joint_direct,multi_primary_pressure_mean,0.0
completed,Cond3,joint_direct,multi_primary_pressure_rotation_proxy_integral,0.0
completed,Cond3,joint_direct,multi_primary_pressure_rotation_proxy_mean,0.0
completed,Cond3,joint_direct,multi_primary_pressure_rotation_proxy_std,0.0
completed,Cond3,joint_direct,multi_primary_pressure_std,0.0
completed,Cond3,joint_direct,multi_primary_rotation_sum_integral,0.057527284972840625
completed,Cond3,joint_direct,multi_primary_rotation_sum_mean,0.0
completed,Cond3,joint_direct,multi_primary_rotation_sum_std,0.0
completed,Cond3,joint_direct,multi_primary_slurry_integral,0.0
completed,Cond3,joint_direct,multi_primary_slurry_mean,0.0
completed,Cond3,joint_direct,multi_primary_slurry_std,0.019120454425060798
completed,Cond3,joint_direct,multi_secondary_active_fraction,0.0
completed,Cond3,joint_direct,multi_secondary_active_point_fraction,0.0
completed,Cond3,joint_direct,multi_secondary_active_time,0.0
completed,Cond3,joint_direct,multi_secondary_episode_count,0.0
completed,Cond3,joint_direct,multi_secondary_episode_max,0.0
completed,Cond3,joint_direct,multi_secondary_episode_median,0.0
completed,Cond3,joint_direct,multi_secondary_episode_min,0.0
completed,Cond3,joint_direct,multi_secondary_episode_std,0.0
completed,Cond3,joint_direct,multi_secondary_inactive_time,0.14837012964012108
completed,Cond3,joint_direct,multi_secondary_observed_time,0.0
completed,Cond3,joint_direct,multi_secondary_pressure_integral,0.0
completed,Cond3,joint_direct,multi_secondary_pressure_mean,0.043014889847212405
completed,Cond3,joint_direct,multi_secondary_pressure_rotation_proxy_integral,0.04308354323461415
completed,Cond3,joint_direct,multi_secondary_pressure_rotation_proxy_mean,0.0
completed,Cond3,joint_direct,multi_secondary_pressure_rotation_proxy_std,0.0
completed,Cond3,joint_direct,multi_secondary_pressure_std,0.0
completed,Cond3,joint_direct,multi_secondary_rotation_sum_integral,0.0
completed,Cond3,joint_direct,multi_secondary_rotation_sum_mean,0.0
completed,Cond3,joint_direct,multi_secondary_rotation_sum_std,0.0
completed,Cond3,joint_direct,multi_secondary_slurry_integral,0.07350779975767482
completed,Cond3,joint_direct,multi_secondary_slurry_mean,0.0
completed,Cond3,joint_direct,multi_secondary_slurry_std,0.054539111340709115
completed,Cond3,joint_direct,phase__p2_primary_CENTER_AIR_BAG_PRESSURE_auc,0.0
completed,Cond3,joint_direct,phase__p2_primary_CENTER_AIR_BAG_PRESSURE_mean,0.0
completed,Cond3,joint_direct,phase__p2_primary_CENTER_AIR_BAG_PRESSURE_std,0.0
completed,Cond3,joint_direct,phase__p2_primary_DRESSING_WATER_STATUS_auc,0.025361053692198075
completed,Cond3,joint_direct,phase__p2_primary_DRESSING_WATER_STATUS_mean,0.0
completed,Cond3,joint_direct,phase__p2_primary_DRESSING_WATER_STATUS_std,0.48590840686658865
completed,Cond3,joint_direct,phase__p2_primary_EDGE_AIR_BAG_PRESSURE_auc,0.0
completed,Cond3,joint_direct,phase__p2_primary_EDGE_AIR_BAG_PRESSURE_mean,0.0
completed,Cond3,joint_direct,phase__p2_primary_EDGE_AIR_BAG_PRESSURE_std,0.0
completed,Cond3,joint_direct,phase__p2_primary_HEAD_ROTATION_mean,1.081363263069374
completed,Cond3,joint_direct,phase__p2_primary_MAIN_OUTER_AIR_BAG_PRESSURE_auc,0.0
completed,Cond3,joint_direct,phase__p2_primary_MAIN_OUTER_AIR_BAG_PRESSURE_mean,0.0
completed,Cond3,joint_direct,phase__p2_primary_MAIN_OUTER_AIR_BAG_PRESSURE_std,0.0
completed,Cond3,joint_direct,phase__p2_primary_PRESSURIZED_CHAMBER_PRESSURE_auc,0.0
completed,Cond3,joint_direct,phase__p2_primary_PRESSURIZED_CHAMBER_PRESSURE_mean,0.0
completed,Cond3,joint_direct,phase__p2_primary_PRESSURIZED_CHAMBER_PRESSURE_std,0.0
completed,Cond3,joint_direct,phase__p2_primary_RETAINER_RING_PRESSURE_auc,0.0
completed,Cond3,joint_direct,phase__p2_primary_RETAINER_RING_PRESSURE_mean,0.0
completed,Cond3,joint_direct,phase__p2_primary_RETAINER_RING_PRESSURE_std,0.0
completed,Cond3,joint_direct,phase__p2_primary_RIPPLE_AIR_BAG_PRESSURE_auc,0.0
completed,Cond3,joint_direct,phase__p2_primary_RIPPLE_AIR_BAG_PRESSURE_mean,0.0
completed,Cond3,joint_direct,phase__p2_primary_RIPPLE_AIR_BAG_PRESSURE_std,0.0
completed,Cond3,joint_direct,phase__p2_primary_SLURRY_FLOW_LINE_A_auc,0.0
completed,Cond3,joint_direct,phase__p2_primary_SLURRY_FLOW_LINE_A_mean,0.0
completed,Cond3,joint_direct,phase__p2_primary_SLURRY_FLOW_LINE_A_std,0.08013344136760751
completed,Cond3,joint_direct,phase__p2_primary_SLURRY_FLOW_LINE_B_auc,0.0
completed,Cond3,joint_direct,phase__p2_primary_SLURRY_FLOW_LINE_B_mean,0.0
completed,Cond3,joint_direct,phase__p2_primary_SLURRY_FLOW_LINE_B_std,0.0
completed,Cond3,joint_direct,phase__p2_primary_SLURRY_FLOW_LINE_C_auc,0.0
completed,Cond3,joint_direct,phase__p2_primary_SLURRY_FLOW_LINE_C_mean,0.0
completed,Cond3,joint_direct,phase__p2_primary_SLURRY_FLOW_LINE_C_std,0.0
completed,Cond3,joint_direct,phase__p2_primary_STAGE_ROTATION_mean,0.0
completed,Cond3,joint_direct,phase__p2_primary_USAGE_OF_BACKING_FILM_decreasing,0.013628633720703012
completed,Cond3,joint_direct,phase__p2_primary_USAGE_OF_BACKING_FILM_mean,0.0
completed,Cond3,joint_direct,phase__p2_primary_USAGE_OF_BACKING_FILM_std,0.0
completed,Cond3,joint_direct,phase__p2_primary_USAGE_OF_DRESSER_TABLE_decreasing,0.0
completed,Cond3,joint_direct,phase__p2_primary_USAGE_OF_DRESSER_TABLE_mean,0.0
completed,Cond3,joint_direct,phase__p2_primary_USAGE_OF_DRESSER_TABLE_std,0.0
completed,Cond3,joint_direct,phase__p2_primary_USAGE_OF_DRESSER_decreasing,0.0
completed,Cond3,joint_direct,phase__p2_primary_USAGE_OF_DRESSER_mean,0.0
completed,Cond3,joint_direct,phase__p2_primary_USAGE_OF_DRESSER_std,0.0
completed,Cond3,joint_direct,phase__p2_primary_USAGE_OF_MEMBRANE_decreasing,0.07587715439703192
completed,Cond3,joint_direct,phase__p2_primary_USAGE_OF_MEMBRANE_mean,0.0
completed,Cond3,joint_direct,phase__p2_primary_USAGE_OF_MEMBRANE_std,0.056990640235536995
completed,Cond3,joint_direct,phase__p2_primary_USAGE_OF_POLISHING_TABLE_decreasing,0.025224307231129398
completed,Cond3,joint_direct,phase__p2_primary_USAGE_OF_POLISHING_TABLE_mean,0.30196921323764475
completed,Cond3,joint_direct,phase__p2_primary_USAGE_OF_POLISHING_TABLE_std,0.0
completed,Cond3,joint_direct,phase__p2_primary_USAGE_OF_PRESSURIZED_SHEET_decreasing,0.0
completed,Cond3,joint_direct,phase__p2_primary_USAGE_OF_PRESSURIZED_SHEET_mean,0.0
completed,Cond3,joint_direct,phase__p2_primary_USAGE_OF_PRESSURIZED_SHEET_std,0.0
completed,Cond3,joint_direct,phase__p2_primary_WAFER_ROTATION_mean,0.0
completed,Cond3,joint_direct,phase__p2_primary_duration,0.24760802067366808
completed,Cond3,joint_direct,phase__p2_secondary_CENTER_AIR_BAG_PRESSURE_auc,0.04879761968188324
completed,Cond3,joint_direct,phase__p2_secondary_CENTER_AIR_BAG_PRESSURE_mean,0.0
completed,Cond3,joint_direct,phase__p2_secondary_CENTER_AIR_BAG_PRESSURE_std,0.0
completed,Cond3,joint_direct,phase__p2_secondary_DRESSING_WATER_STATUS_auc,0.3295134028468559
completed,Cond3,joint_direct,phase__p2_secondary_DRESSING_WATER_STATUS_mean,0.0
completed,Cond3,joint_direct,phase__p2_secondary_DRESSING_WATER_STATUS_std,0.0
completed,Cond3,joint_direct,phase__p2_secondary_EDGE_AIR_BAG_PRESSURE_auc,0.0
completed,Cond3,joint_direct,phase__p2_secondary_EDGE_AIR_BAG_PRESSURE_mean,0.0
completed,Cond3,joint_direct,phase__p2_secondary_EDGE_AIR_BAG_PRESSURE_std,0.0
completed,Cond3,joint_direct,phase__p2_secondary_HEAD_ROTATION_mean,0.3530647156824591
completed,Cond3,joint_direct,phase__p2_secondary_MAIN_OUTER_AIR_BAG_PRESSURE_auc,0.0
completed,Cond3,joint_direct,phase__p2_secondary_MAIN_OUTER_AIR_BAG_PRESSURE_mean,0.0
completed,Cond3,joint_direct,phase__p2_secondary_MAIN_OUTER_AIR_BAG_PRESSURE_std,0.0
completed,Cond3,joint_direct,phase__p2_secondary_PRESSURIZED_CHAMBER_PRESSURE_auc,0.0
completed,Cond3,joint_direct,phase__p2_secondary_PRESSURIZED_CHAMBER_PRESSURE_mean,0.0
completed,Cond3,joint_direct,phase__p2_secondary_PRESSURIZED_CHAMBER_PRESSURE_std,0.0
completed,Cond3,joint_direct,phase__p2_secondary_RETAINER_RING_PRESSURE_auc,0.0
completed,Cond3,joint_direct,phase__p2_secondary_RETAINER_RING_PRESSURE_mean,0.0
completed,Cond3,joint_direct,phase__p2_secondary_RETAINER_RING_PRESSURE_std,0.0
completed,Cond3,joint_direct,phase__p2_secondary_RIPPLE_AIR_BAG_PRESSURE_auc,0.0
completed,Cond3,joint_direct,phase__p2_secondary_RIPPLE_AIR_BAG_PRESSURE_mean,0.0
completed,Cond3,joint_direct,phase__p2_secondary_RIPPLE_AIR_BAG_PRESSURE_std,0.09613211013229855
completed,Cond3,joint_direct,phase__p2_secondary_SLURRY_FLOW_LINE_A_auc,0.697054823088632
completed,Cond3,joint_direct,phase__p2_secondary_SLURRY_FLOW_LINE_A_mean,0.0
completed,Cond3,joint_direct,phase__p2_secondary_SLURRY_FLOW_LINE_A_std,0.0
completed,Cond3,joint_direct,phase__p2_secondary_SLURRY_FLOW_LINE_B_auc,0.3444434676288321
completed,Cond3,joint_direct,phase__p2_secondary_SLURRY_FLOW_LINE_B_mean,0.7391321060588023
completed,Cond3,joint_direct,phase__p2_secondary_SLURRY_FLOW_LINE_B_std,0.0
completed,Cond3,joint_direct,phase__p2_secondary_SLURRY_FLOW_LINE_C_auc,0.0
completed,Cond3,joint_direct,phase__p2_secondary_SLURRY_FLOW_LINE_C_mean,0.0
completed,Cond3,joint_direct,phase__p2_secondary_SLURRY_FLOW_LINE_C_std,0.5042492855301819
completed,Cond3,joint_direct,phase__p2_secondary_STAGE_ROTATION_mean,0.0
completed,Cond3,joint_direct,phase__p2_secondary_USAGE_OF_BACKING_FILM_decreasing,0.06686133170267954
completed,Cond3,joint_direct,phase__p2_secondary_USAGE_OF_BACKING_FILM_mean,0.0
completed,Cond3,joint_direct,phase__p2_secondary_USAGE_OF_BACKING_FILM_std,0.0
completed,Cond3,joint_direct,phase__p2_secondary_USAGE_OF_DRESSER_TABLE_decreasing,0.0
completed,Cond3,joint_direct,phase__p2_secondary_USAGE_OF_DRESSER_TABLE_mean,0.0
completed,Cond3,joint_direct,phase__p2_secondary_USAGE_OF_DRESSER_TABLE_std,0.0
completed,Cond3,joint_direct,phase__p2_secondary_USAGE_OF_DRESSER_decreasing,0.22634178927997875
completed,Cond3,joint_direct,phase__p2_secondary_USAGE_OF_DRESSER_mean,0.0
completed,Cond3,joint_direct,phase__p2_secondary_USAGE_OF_DRESSER_std,0.0
completed,Cond3,joint_direct,phase__p2_secondary_USAGE_OF_MEMBRANE_decreasing,0.0
completed,Cond3,joint_direct,phase__p2_secondary_USAGE_OF_MEMBRANE_mean,0.0
completed,Cond3,joint_direct,phase__p2_secondary_USAGE_OF_MEMBRANE_std,0.04439984909430698
completed,Cond3,joint_direct,phase__p2_secondary_USAGE_OF_POLISHING_TABLE_decreasing,0.10032182257214244
completed,Cond3,joint_direct,phase__p2_secondary_USAGE_OF_POLISHING_TABLE_mean,0.15128710874811407
completed,Cond3,joint_direct,phase__p2_secondary_USAGE_OF_POLISHING_TABLE_std,0.0916169279870722
completed,Cond3,joint_direct,phase__p2_secondary_USAGE_OF_PRESSURIZED_SHEET_decreasing,0.0
completed,Cond3,joint_direct,phase__p2_secondary_USAGE_OF_PRESSURIZED_SHEET_mean,0.0
completed,Cond3,joint_direct,phase__p2_secondary_USAGE_OF_PRESSURIZED_SHEET_std,0.0
completed,Cond3,joint_direct,phase__p2_secondary_WAFER_ROTATION_mean,0.0
completed,Cond3,joint_direct,phase__p2_secondary_duration,0.030706532004716486
completed,Cond3,joint_direct,qc_primary_ambiguous,0.0
completed,Cond3,joint_direct,qc_primary_episodes,0.0
completed,Cond3,joint_direct,qc_primary_fallback,0.0
completed,Cond3,joint_direct,qc_primary_max_gap,1.8516781953691048
completed,Cond3,joint_direct,qc_primary_missing,0.0
completed,Cond3,joint_direct,qc_primary_phase_duration,0.0
completed,Cond3,joint_direct,qc_primary_span,0.0
completed,Cond3,joint_direct,qc_secondary_ambiguous,0.0
completed,Cond3,joint_direct,qc_secondary_episodes,0.0
completed,Cond3,joint_direct,qc_secondary_fallback,0.0
completed,Cond3,joint_direct,qc_secondary_max_gap,0.04496691906977723
completed,Cond3,joint_direct,qc_secondary_missing,0.0
completed,Cond3,joint_direct,qc_secondary_phase_duration,0.0
completed,Cond3,joint_direct,qc_secondary_span,0.0
completed,Cond3,base_residual,lag_1,8.523308988999037
completed,Cond3,base_residual,lag_2,4.741857567303973
completed,Cond3,base_residual,lag_3,2.492382029880019
completed,Cond3,base_residual,lag_4,0.777000273001088
completed,Cond3,base_residual,lag_5,0.32224471460359466
completed,Cond3,base_residual,lag_6,10.474311702361371
completed,Cond3,base_residual,lag_7,1.2461941629850217
completed,Cond3,base_residual,lag_8,1.6113151153294774
completed,Cond3,base_residual,lag_9,0.5651996308647214
completed,Cond3,base_residual,lag_10,0.2602989960829543
completed,Cond3,base_residual,lag_11,1.0172028570963874
completed,Cond3,base_residual,neighbor_1,2.897660491239635
completed,Cond3,base_residual,neighbor_2,0.885505309022433
completed,Cond3,base_residual,neighbor_3,4.295281697137955
completed,Cond3,base_residual,neighbor_4,4.155065725891404
completed,Cond3,base_residual,neighbor_5,0.8704697243984054
completed,Cond3,base_residual,neighbor_6,0.1448017151200499
completed,Cond3,base_residual,neighbor_7,0.3440637402072905
completed,Cond3,base_residual,neighbor_8,8.34983209045872
completed,Cond3,base_residual,neighbor_9,2.6175007745596885
completed,Cond3,base_residual,neighbor_10,2.5031742985244643
completed,Cond3,base_residual,p2_primary_CENTER_AIR_BAG_PRESSURE_auc,0.0
completed,Cond3,base_residual,p2_primary_CENTER_AIR_BAG_PRESSURE_mean,0.0
completed,Cond3,base_residual,p2_primary_CENTER_AIR_BAG_PRESSURE_std,0.0
completed,Cond3,base_residual,p2_primary_DRESSING_WATER_STATUS_auc,0.07642311767684119
completed,Cond3,base_residual,p2_primary_DRESSING_WATER_STATUS_mean,0.0502812991440288
completed,Cond3,base_residual,p2_primary_DRESSING_WATER_STATUS_std,0.8652164492717015
completed,Cond3,base_residual,p2_primary_EDGE_AIR_BAG_PRESSURE_auc,0.0
completed,Cond3,base_residual,p2_primary_EDGE_AIR_BAG_PRESSURE_mean,0.004037550028181754
completed,Cond3,base_residual,p2_primary_EDGE_AIR_BAG_PRESSURE_std,0.0
completed,Cond3,base_residual,p2_primary_HEAD_ROTATION_mean,1.548288583851046
completed,Cond3,base_residual,p2_primary_MAIN_OUTER_AIR_BAG_PRESSURE_auc,0.01938490640828345
completed,Cond3,base_residual,p2_primary_MAIN_OUTER_AIR_BAG_PRESSURE_mean,0.0
completed,Cond3,base_residual,p2_primary_MAIN_OUTER_AIR_BAG_PRESSURE_std,0.11229721611939066
completed,Cond3,base_residual,p2_primary_PRESSURIZED_CHAMBER_PRESSURE_auc,0.0
completed,Cond3,base_residual,p2_primary_PRESSURIZED_CHAMBER_PRESSURE_mean,0.0
completed,Cond3,base_residual,p2_primary_PRESSURIZED_CHAMBER_PRESSURE_std,0.031700867343750744
completed,Cond3,base_residual,p2_primary_RETAINER_RING_PRESSURE_auc,0.0
completed,Cond3,base_residual,p2_primary_RETAINER_RING_PRESSURE_mean,0.0
completed,Cond3,base_residual,p2_primary_RETAINER_RING_PRESSURE_std,1.9365242770825613
completed,Cond3,base_residual,p2_primary_RIPPLE_AIR_BAG_PRESSURE_auc,0.0
completed,Cond3,base_residual,p2_primary_RIPPLE_AIR_BAG_PRESSURE_mean,0.0
completed,Cond3,base_residual,p2_primary_RIPPLE_AIR_BAG_PRESSURE_std,0.0
completed,Cond3,base_residual,p2_primary_SLURRY_FLOW_LINE_A_auc,0.21659469969572123
completed,Cond3,base_residual,p2_primary_SLURRY_FLOW_LINE_A_mean,0.07544146195859873
completed,Cond3,base_residual,p2_primary_SLURRY_FLOW_LINE_A_std,0.0
completed,Cond3,base_residual,p2_primary_SLURRY_FLOW_LINE_B_auc,0.5241609547334998
completed,Cond3,base_residual,p2_primary_SLURRY_FLOW_LINE_B_mean,0.23410914666404073
completed,Cond3,base_residual,p2_primary_SLURRY_FLOW_LINE_B_std,0.09068686271906717
completed,Cond3,base_residual,p2_primary_SLURRY_FLOW_LINE_C_auc,0.0634152200114694
completed,Cond3,base_residual,p2_primary_SLURRY_FLOW_LINE_C_mean,0.02154078641266014
completed,Cond3,base_residual,p2_primary_SLURRY_FLOW_LINE_C_std,0.038389841405975095
completed,Cond3,base_residual,p2_primary_STAGE_ROTATION_mean,0.30113518493946684
completed,Cond3,base_residual,p2_primary_USAGE_OF_BACKING_FILM_decreasing,0.5185007934873339
completed,Cond3,base_residual,p2_primary_USAGE_OF_BACKING_FILM_mean,4.915967764424489
completed,Cond3,base_residual,p2_primary_USAGE_OF_BACKING_FILM_std,0.012943469304238042
completed,Cond3,base_residual,p2_primary_USAGE_OF_DRESSER_TABLE_decreasing,0.0689123283322638
completed,Cond3,base_residual,p2_primary_USAGE_OF_DRESSER_TABLE_mean,0.9807728651604884
completed,Cond3,base_residual,p2_primary_USAGE_OF_DRESSER_TABLE_std,0.11456802500432628
completed,Cond3,base_residual,p2_primary_USAGE_OF_DRESSER_decreasing,0.2824636335272671
completed,Cond3,base_residual,p2_primary_USAGE_OF_DRESSER_mean,4.71699522612571
completed,Cond3,base_residual,p2_primary_USAGE_OF_DRESSER_std,0.2922582953480278
completed,Cond3,base_residual,p2_primary_USAGE_OF_MEMBRANE_decreasing,0.2557674928616709
completed,Cond3,base_residual,p2_primary_USAGE_OF_MEMBRANE_mean,0.0
completed,Cond3,base_residual,p2_primary_USAGE_OF_MEMBRANE_std,0.32073885827129395
completed,Cond3,base_residual,p2_primary_USAGE_OF_POLISHING_TABLE_decreasing,0.7508112607185431
completed,Cond3,base_residual,p2_primary_USAGE_OF_POLISHING_TABLE_mean,1.9901307878120273
completed,Cond3,base_residual,p2_primary_USAGE_OF_POLISHING_TABLE_std,0.1647476626772434
completed,Cond3,base_residual,p2_primary_USAGE_OF_PRESSURIZED_SHEET_decreasing,0.04825585609541436
completed,Cond3,base_residual,p2_primary_USAGE_OF_PRESSURIZED_SHEET_mean,0.0
completed,Cond3,base_residual,p2_primary_USAGE_OF_PRESSURIZED_SHEET_std,0.06728083797791741
completed,Cond3,base_residual,p2_primary_WAFER_ROTATION_mean,0.11248081439368265
completed,Cond3,base_residual,p2_primary_duration,0.5391692037994075
completed,Cond3,base_residual,p2_secondary_CENTER_AIR_BAG_PRESSURE_auc,0.0
completed,Cond3,base_residual,p2_secondary_CENTER_AIR_BAG_PRESSURE_mean,0.00900620659946571
completed,Cond3,base_residual,p2_secondary_CENTER_AIR_BAG_PRESSURE_std,0.0
completed,Cond3,base_residual,p2_secondary_DRESSING_WATER_STATUS_auc,0.12677368643938197
completed,Cond3,base_residual,p2_secondary_DRESSING_WATER_STATUS_mean,0.9194916076304118
completed,Cond3,base_residual,p2_secondary_DRESSING_WATER_STATUS_std,0.3867978615360576
completed,Cond3,base_residual,p2_secondary_EDGE_AIR_BAG_PRESSURE_auc,0.026942231313849024
completed,Cond3,base_residual,p2_secondary_EDGE_AIR_BAG_PRESSURE_mean,0.0
completed,Cond3,base_residual,p2_secondary_EDGE_AIR_BAG_PRESSURE_std,0.0
completed,Cond3,base_residual,p2_secondary_HEAD_ROTATION_mean,1.4322534484190301
completed,Cond3,base_residual,p2_secondary_MAIN_OUTER_AIR_BAG_PRESSURE_auc,0.0
completed,Cond3,base_residual,p2_secondary_MAIN_OUTER_AIR_BAG_PRESSURE_mean,0.0
completed,Cond3,base_residual,p2_secondary_MAIN_OUTER_AIR_BAG_PRESSURE_std,0.0032815577949907426
completed,Cond3,base_residual,p2_secondary_PRESSURIZED_CHAMBER_PRESSURE_auc,0.0
completed,Cond3,base_residual,p2_secondary_PRESSURIZED_CHAMBER_PRESSURE_mean,0.0
completed,Cond3,base_residual,p2_secondary_PRESSURIZED_CHAMBER_PRESSURE_std,0.0
completed,Cond3,base_residual,p2_secondary_RETAINER_RING_PRESSURE_auc,0.5114155928759039
completed,Cond3,base_residual,p2_secondary_RETAINER_RING_PRESSURE_mean,0.0
completed,Cond3,base_residual,p2_secondary_RETAINER_RING_PRESSURE_std,0.1259930310920908
completed,Cond3,base_residual,p2_secondary_RIPPLE_AIR_BAG_PRESSURE_auc,0.0
completed,Cond3,base_residual,p2_secondary_RIPPLE_AIR_BAG_PRESSURE_mean,0.0
completed,Cond3,base_residual,p2_secondary_RIPPLE_AIR_BAG_PRESSURE_std,0.0
completed,Cond3,base_residual,p2_secondary_SLURRY_FLOW_LINE_A_auc,0.07759271809884007
completed,Cond3,base_residual,p2_secondary_SLURRY_FLOW_LINE_A_mean,0.12120516250031473
completed,Cond3,base_residual,p2_secondary_SLURRY_FLOW_LINE_A_std,0.0
completed,Cond3,base_residual,p2_secondary_SLURRY_FLOW_LINE_B_auc,0.28094948498946415
completed,Cond3,base_residual,p2_secondary_SLURRY_FLOW_LINE_B_mean,0.2950928911058306
completed,Cond3,base_residual,p2_secondary_SLURRY_FLOW_LINE_B_std,0.05554904161707567
completed,Cond3,base_residual,p2_secondary_SLURRY_FLOW_LINE_C_auc,0.02152216160339714
completed,Cond3,base_residual,p2_secondary_SLURRY_FLOW_LINE_C_mean,0.06766378018580667
completed,Cond3,base_residual,p2_secondary_SLURRY_FLOW_LINE_C_std,0.04513952883651377
completed,Cond3,base_residual,p2_secondary_STAGE_ROTATION_mean,0.5983701178958594
completed,Cond3,base_residual,p2_secondary_USAGE_OF_BACKING_FILM_decreasing,0.14057525332431195
completed,Cond3,base_residual,p2_secondary_USAGE_OF_BACKING_FILM_mean,1.9999601466065158
completed,Cond3,base_residual,p2_secondary_USAGE_OF_BACKING_FILM_std,0.05334849115120505
completed,Cond3,base_residual,p2_secondary_USAGE_OF_DRESSER_TABLE_decreasing,0.04443790264228534
completed,Cond3,base_residual,p2_secondary_USAGE_OF_DRESSER_TABLE_mean,0.5902891641907233
completed,Cond3,base_residual,p2_secondary_USAGE_OF_DRESSER_TABLE_std,0.12420611464687209
completed,Cond3,base_residual,p2_secondary_USAGE_OF_DRESSER_decreasing,0.09520350604541411
completed,Cond3,base_residual,p2_secondary_USAGE_OF_DRESSER_mean,7.287443332390877
completed,Cond3,base_residual,p2_secondary_USAGE_OF_DRESSER_std,0.13539489108694647
completed,Cond3,base_residual,p2_secondary_USAGE_OF_MEMBRANE_decreasing,0.4653175346760763
completed,Cond3,base_residual,p2_secondary_USAGE_OF_MEMBRANE_mean,0.0
completed,Cond3,base_residual,p2_secondary_USAGE_OF_MEMBRANE_std,0.30878076048789294
completed,Cond3,base_residual,p2_secondary_USAGE_OF_POLISHING_TABLE_decreasing,0.28592400251768557
completed,Cond3,base_residual,p2_secondary_USAGE_OF_POLISHING_TABLE_mean,0.6219449180555949
completed,Cond3,base_residual,p2_secondary_USAGE_OF_POLISHING_TABLE_std,0.45665629716111295
completed,Cond3,base_residual,p2_secondary_USAGE_OF_PRESSURIZED_SHEET_decreasing,0.041474905921294776
completed,Cond3,base_residual,p2_secondary_USAGE_OF_PRESSURIZED_SHEET_mean,0.0
completed,Cond3,base_residual,p2_secondary_USAGE_OF_PRESSURIZED_SHEET_std,0.009753756064684229
completed,Cond3,base_residual,p2_secondary_WAFER_ROTATION_mean,0.5657176506984815
completed,Cond3,base_residual,p2_secondary_duration,0.21146605594237855
completed,Cond3,joint_residual,lag_1,0.7854691492247221
completed,Cond3,joint_residual,lag_2,0.024558718213442972
completed,Cond3,joint_residual,lag_3,7.066963277494524
completed,Cond3,joint_residual,lag_4,1.0053678935402723
completed,Cond3,joint_residual,lag_5,1.0991198397588964
completed,Cond3,joint_residual,lag_6,5.418295905709429
completed,Cond3,joint_residual,lag_7,0.9352921756904621
completed,Cond3,joint_residual,lag_8,0.7846994021838296
completed,Cond3,joint_residual,lag_9,0.08233284553239385
completed,Cond3,joint_residual,lag_10,0.0
completed,Cond3,joint_residual,lag_11,0.3795765492716253
completed,Cond3,joint_residual,neighbor_1,0.5220341019430448
completed,Cond3,joint_residual,neighbor_2,0.0
completed,Cond3,joint_residual,neighbor_3,0.22964138931153896
completed,Cond3,joint_residual,neighbor_4,2.1928534195727987
completed,Cond3,joint_residual,neighbor_5,0.22803442993201956
completed,Cond3,joint_residual,neighbor_6,0.17764112662388054
completed,Cond3,joint_residual,neighbor_7,0.41342562261328114
completed,Cond3,joint_residual,neighbor_8,7.656824559665098
completed,Cond3,joint_residual,neighbor_9,1.6990744187279254
completed,Cond3,joint_residual,neighbor_10,1.9670980000309501
completed,Cond3,joint_residual,p2_primary_CENTER_AIR_BAG_PRESSURE_auc,0.0
completed,Cond3,joint_residual,p2_primary_CENTER_AIR_BAG_PRESSURE_mean,0.0
completed,Cond3,joint_residual,p2_primary_CENTER_AIR_BAG_PRESSURE_std,0.0
completed,Cond3,joint_residual,p2_primary_DRESSING_WATER_STATUS_auc,0.09366224015423016
completed,Cond3,joint_residual,p2_primary_DRESSING_WATER_STATUS_mean,0.024269005598910192
completed,Cond3,joint_residual,p2_primary_DRESSING_WATER_STATUS_std,0.4232562448817139
completed,Cond3,joint_residual,p2_primary_EDGE_AIR_BAG_PRESSURE_auc,0.0077526266061742986
completed,Cond3,joint_residual,p2_primary_EDGE_AIR_BAG_PRESSURE_mean,0.0
completed,Cond3,joint_residual,p2_primary_EDGE_AIR_BAG_PRESSURE_std,0.0
completed,Cond3,joint_residual,p2_primary_HEAD_ROTATION_mean,0.37487323265706834
completed,Cond3,joint_residual,p2_primary_MAIN_OUTER_AIR_BAG_PRESSURE_auc,0.0
completed,Cond3,joint_residual,p2_primary_MAIN_OUTER_AIR_BAG_PRESSURE_mean,0.0
completed,Cond3,joint_residual,p2_primary_MAIN_OUTER_AIR_BAG_PRESSURE_std,0.007745336976658831
completed,Cond3,joint_residual,p2_primary_PRESSURIZED_CHAMBER_PRESSURE_auc,0.0
completed,Cond3,joint_residual,p2_primary_PRESSURIZED_CHAMBER_PRESSURE_mean,0.03430355696784488
completed,Cond3,joint_residual,p2_primary_PRESSURIZED_CHAMBER_PRESSURE_std,0.0
completed,Cond3,joint_residual,p2_primary_RETAINER_RING_PRESSURE_auc,0.0
completed,Cond3,joint_residual,p2_primary_RETAINER_RING_PRESSURE_mean,0.04702519070449553
completed,Cond3,joint_residual,p2_primary_RETAINER_RING_PRESSURE_std,0.6981641863416537
completed,Cond3,joint_residual,p2_primary_RIPPLE_AIR_BAG_PRESSURE_auc,0.0
completed,Cond3,joint_residual,p2_primary_RIPPLE_AIR_BAG_PRESSURE_mean,0.0
completed,Cond3,joint_residual,p2_primary_RIPPLE_AIR_BAG_PRESSURE_std,0.0
completed,Cond3,joint_residual,p2_primary_SLURRY_FLOW_LINE_A_auc,0.3666894294937854
completed,Cond3,joint_residual,p2_primary_SLURRY_FLOW_LINE_A_mean,0.005245840833942255
completed,Cond3,joint_residual,p2_primary_SLURRY_FLOW_LINE_A_std,0.0
completed,Cond3,joint_residual,p2_primary_SLURRY_FLOW_LINE_B_auc,0.0
completed,Cond3,joint_residual,p2_primary_SLURRY_FLOW_LINE_B_mean,0.41034628597934814
completed,Cond3,joint_residual,p2_primary_SLURRY_FLOW_LINE_B_std,0.13347475554937263
completed,Cond3,joint_residual,p2_primary_SLURRY_FLOW_LINE_C_auc,0.0
completed,Cond3,joint_residual,p2_primary_SLURRY_FLOW_LINE_C_mean,0.0
completed,Cond3,joint_residual,p2_primary_SLURRY_FLOW_LINE_C_std,0.12023197411687826
completed,Cond3,joint_residual,p2_primary_STAGE_ROTATION_mean,0.00458973811923902
completed,Cond3,joint_residual,p2_primary_USAGE_OF_BACKING_FILM_decreasing,0.034177455649302906
completed,Cond3,joint_residual,p2_primary_USAGE_OF_BACKING_FILM_mean,3.2320187157283446
completed,Cond3,joint_residual,p2_primary_USAGE_OF_BACKING_FILM_std,0.04805794860813666
completed,Cond3,joint_residual,p2_primary_USAGE_OF_DRESSER_TABLE_decreasing,0.0944781192938442
completed,Cond3,joint_residual,p2_primary_USAGE_OF_DRESSER_TABLE_mean,1.488923866067649
completed,Cond3,joint_residual,p2_primary_USAGE_OF_DRESSER_TABLE_std,0.0293032486295249
completed,Cond3,joint_residual,p2_primary_USAGE_OF_DRESSER_decreasing,0.13692142461545104
completed,Cond3,joint_residual,p2_primary_USAGE_OF_DRESSER_mean,0.5836870098159366
completed,Cond3,joint_residual,p2_primary_USAGE_OF_DRESSER_std,0.27409378266309076
completed,Cond3,joint_residual,p2_primary_USAGE_OF_MEMBRANE_decreasing,0.16490053007313488
completed,Cond3,joint_residual,p2_primary_USAGE_OF_MEMBRANE_mean,0.0
completed,Cond3,joint_residual,p2_primary_USAGE_OF_MEMBRANE_std,0.9994900533883616
completed,Cond3,joint_residual,p2_primary_USAGE_OF_POLISHING_TABLE_decreasing,0.23049806626253605
completed,Cond3,joint_residual,p2_primary_USAGE_OF_POLISHING_TABLE_mean,0.4068794192424008
completed,Cond3,joint_residual,p2_primary_USAGE_OF_POLISHING_TABLE_std,0.0
completed,Cond3,joint_residual,p2_primary_USAGE_OF_PRESSURIZED_SHEET_decreasing,0.00011059264395377426
completed,Cond3,joint_residual,p2_primary_USAGE_OF_PRESSURIZED_SHEET_mean,0.0
completed,Cond3,joint_residual,p2_primary_USAGE_OF_PRESSURIZED_SHEET_std,0.0
completed,Cond3,joint_residual,p2_primary_WAFER_ROTATION_mean,0.0
completed,Cond3,joint_residual,p2_primary_duration,0.39827491304283164
completed,Cond3,joint_residual,p2_secondary_CENTER_AIR_BAG_PRESSURE_auc,0.0
completed,Cond3,joint_residual,p2_secondary_CENTER_AIR_BAG_PRESSURE_mean,0.0
completed,Cond3,joint_residual,p2_secondary_CENTER_AIR_BAG_PRESSURE_std,0.0
completed,Cond3,joint_residual,p2_secondary_DRESSING_WATER_STATUS_auc,0.3796367553452704
completed,Cond3,joint_residual,p2_secondary_DRESSING_WATER_STATUS_mean,0.2107084408206735
completed,Cond3,joint_residual,p2_secondary_DRESSING_WATER_STATUS_std,0.030435413193136404
completed,Cond3,joint_residual,p2_secondary_EDGE_AIR_BAG_PRESSURE_auc,0.0
completed,Cond3,joint_residual,p2_secondary_EDGE_AIR_BAG_PRESSURE_mean,0.0
completed,Cond3,joint_residual,p2_secondary_EDGE_AIR_BAG_PRESSURE_std,0.0
completed,Cond3,joint_residual,p2_secondary_HEAD_ROTATION_mean,1.1960258499170668
completed,Cond3,joint_residual,p2_secondary_MAIN_OUTER_AIR_BAG_PRESSURE_auc,0.0
completed,Cond3,joint_residual,p2_secondary_MAIN_OUTER_AIR_BAG_PRESSURE_mean,0.0
completed,Cond3,joint_residual,p2_secondary_MAIN_OUTER_AIR_BAG_PRESSURE_std,0.02952295479657342
completed,Cond3,joint_residual,p2_secondary_PRESSURIZED_CHAMBER_PRESSURE_auc,0.023323820948981278
completed,Cond3,joint_residual,p2_secondary_PRESSURIZED_CHAMBER_PRESSURE_mean,0.0
completed,Cond3,joint_residual,p2_secondary_PRESSURIZED_CHAMBER_PRESSURE_std,0.01717278358245558
completed,Cond3,joint_residual,p2_secondary_RETAINER_RING_PRESSURE_auc,0.48923842519318944
completed,Cond3,joint_residual,p2_secondary_RETAINER_RING_PRESSURE_mean,0.0
completed,Cond3,joint_residual,p2_secondary_RETAINER_RING_PRESSURE_std,0.0
completed,Cond3,joint_residual,p2_secondary_RIPPLE_AIR_BAG_PRESSURE_auc,0.0
completed,Cond3,joint_residual,p2_secondary_RIPPLE_AIR_BAG_PRESSURE_mean,0.0
completed,Cond3,joint_residual,p2_secondary_RIPPLE_AIR_BAG_PRESSURE_std,0.0
completed,Cond3,joint_residual,p2_secondary_SLURRY_FLOW_LINE_A_auc,0.0
completed,Cond3,joint_residual,p2_secondary_SLURRY_FLOW_LINE_A_mean,0.0
completed,Cond3,joint_residual,p2_secondary_SLURRY_FLOW_LINE_A_std,0.007343324139698064
completed,Cond3,joint_residual,p2_secondary_SLURRY_FLOW_LINE_B_auc,0.0
completed,Cond3,joint_residual,p2_secondary_SLURRY_FLOW_LINE_B_mean,0.0
completed,Cond3,joint_residual,p2_secondary_SLURRY_FLOW_LINE_B_std,0.0
completed,Cond3,joint_residual,p2_secondary_SLURRY_FLOW_LINE_C_auc,0.0
completed,Cond3,joint_residual,p2_secondary_SLURRY_FLOW_LINE_C_mean,0.0
completed,Cond3,joint_residual,p2_secondary_SLURRY_FLOW_LINE_C_std,0.043122048580155774
completed,Cond3,joint_residual,p2_secondary_STAGE_ROTATION_mean,0.43037469049759786
completed,Cond3,joint_residual,p2_secondary_USAGE_OF_BACKING_FILM_decreasing,0.2715652941053298
completed,Cond3,joint_residual,p2_secondary_USAGE_OF_BACKING_FILM_mean,3.414571102839232
completed,Cond3,joint_residual,p2_secondary_USAGE_OF_BACKING_FILM_std,0.0
completed,Cond3,joint_residual,p2_secondary_USAGE_OF_DRESSER_TABLE_decreasing,0.0
completed,Cond3,joint_residual,p2_secondary_USAGE_OF_DRESSER_TABLE_mean,0.07226198225604334
completed,Cond3,joint_residual,p2_secondary_USAGE_OF_DRESSER_TABLE_std,0.0
completed,Cond3,joint_residual,p2_secondary_USAGE_OF_DRESSER_decreasing,0.0638390182467291
completed,Cond3,joint_residual,p2_secondary_USAGE_OF_DRESSER_mean,2.359766707967031
completed,Cond3,joint_residual,p2_secondary_USAGE_OF_DRESSER_std,0.5554207847728074
completed,Cond3,joint_residual,p2_secondary_USAGE_OF_MEMBRANE_decreasing,0.18749615981155615
completed,Cond3,joint_residual,p2_secondary_USAGE_OF_MEMBRANE_mean,0.0
completed,Cond3,joint_residual,p2_secondary_USAGE_OF_MEMBRANE_std,0.03959291642420192
completed,Cond3,joint_residual,p2_secondary_USAGE_OF_POLISHING_TABLE_decreasing,0.017539913897368788
completed,Cond3,joint_residual,p2_secondary_USAGE_OF_POLISHING_TABLE_mean,0.5923238346623849
completed,Cond3,joint_residual,p2_secondary_USAGE_OF_POLISHING_TABLE_std,0.0646802892653183
completed,Cond3,joint_residual,p2_secondary_USAGE_OF_PRESSURIZED_SHEET_decreasing,0.0
completed,Cond3,joint_residual,p2_secondary_USAGE_OF_PRESSURIZED_SHEET_mean,0.0
completed,Cond3,joint_residual,p2_secondary_USAGE_OF_PRESSURIZED_SHEET_std,0.0
completed,Cond3,joint_residual,p2_secondary_WAFER_ROTATION_mean,0.10686362723070642
completed,Cond3,joint_residual,p2_secondary_duration,0.07957780757754526
completed,Cond3,joint_residual,history_summary_0,0.8725336266933174
completed,Cond3,joint_residual,history_summary_1,2.664089711223135
completed,Cond3,joint_residual,history_summary_2,0.0
completed,Cond3,joint_residual,history_summary_3,15.415620876534177
completed,Cond3,joint_residual,history_summary_4,0.12724909508950039
completed,Cond3,joint_residual,history_summary_5,0.20221168161203898
completed,Cond3,joint_residual,history_summary_6,1.7847689289644495
completed,Cond3,joint_residual,history_summary_7,0.0
completed,Cond3,joint_residual,history_summary_8,2.9152260081527652
completed,Cond3,joint_residual,history_summary_9,10.860995545909237
completed,Cond3,joint_residual,gap__p2_primary_CENTER_AIR_BAG_PRESSURE_auc,0.0
completed,Cond3,joint_residual,gap__p2_primary_CENTER_AIR_BAG_PRESSURE_mean,0.0
completed,Cond3,joint_residual,gap__p2_primary_CENTER_AIR_BAG_PRESSURE_std,0.0
completed,Cond3,joint_residual,gap__p2_primary_DRESSING_WATER_STATUS_auc,0.0
completed,Cond3,joint_residual,gap__p2_primary_DRESSING_WATER_STATUS_mean,0.0
completed,Cond3,joint_residual,gap__p2_primary_DRESSING_WATER_STATUS_std,0.0
completed,Cond3,joint_residual,gap__p2_primary_EDGE_AIR_BAG_PRESSURE_auc,0.0
completed,Cond3,joint_residual,gap__p2_primary_EDGE_AIR_BAG_PRESSURE_mean,0.0
completed,Cond3,joint_residual,gap__p2_primary_EDGE_AIR_BAG_PRESSURE_std,0.0
completed,Cond3,joint_residual,gap__p2_primary_HEAD_ROTATION_mean,0.0
completed,Cond3,joint_residual,gap__p2_primary_MAIN_OUTER_AIR_BAG_PRESSURE_auc,0.0
completed,Cond3,joint_residual,gap__p2_primary_MAIN_OUTER_AIR_BAG_PRESSURE_mean,0.0
completed,Cond3,joint_residual,gap__p2_primary_MAIN_OUTER_AIR_BAG_PRESSURE_std,0.0
completed,Cond3,joint_residual,gap__p2_primary_PRESSURIZED_CHAMBER_PRESSURE_auc,0.0
completed,Cond3,joint_residual,gap__p2_primary_PRESSURIZED_CHAMBER_PRESSURE_mean,0.0
completed,Cond3,joint_residual,gap__p2_primary_PRESSURIZED_CHAMBER_PRESSURE_std,0.0
completed,Cond3,joint_residual,gap__p2_primary_RETAINER_RING_PRESSURE_auc,0.0
completed,Cond3,joint_residual,gap__p2_primary_RETAINER_RING_PRESSURE_mean,0.0
completed,Cond3,joint_residual,gap__p2_primary_RETAINER_RING_PRESSURE_std,0.0
completed,Cond3,joint_residual,gap__p2_primary_RIPPLE_AIR_BAG_PRESSURE_auc,0.0
completed,Cond3,joint_residual,gap__p2_primary_RIPPLE_AIR_BAG_PRESSURE_mean,0.0
completed,Cond3,joint_residual,gap__p2_primary_RIPPLE_AIR_BAG_PRESSURE_std,0.0
completed,Cond3,joint_residual,gap__p2_primary_SLURRY_FLOW_LINE_A_auc,0.0
completed,Cond3,joint_residual,gap__p2_primary_SLURRY_FLOW_LINE_A_mean,0.0
completed,Cond3,joint_residual,gap__p2_primary_SLURRY_FLOW_LINE_A_std,0.0
completed,Cond3,joint_residual,gap__p2_primary_SLURRY_FLOW_LINE_B_auc,0.0
completed,Cond3,joint_residual,gap__p2_primary_SLURRY_FLOW_LINE_B_mean,0.0
completed,Cond3,joint_residual,gap__p2_primary_SLURRY_FLOW_LINE_B_std,0.0
completed,Cond3,joint_residual,gap__p2_primary_SLURRY_FLOW_LINE_C_auc,0.0
completed,Cond3,joint_residual,gap__p2_primary_SLURRY_FLOW_LINE_C_mean,0.0
completed,Cond3,joint_residual,gap__p2_primary_SLURRY_FLOW_LINE_C_std,0.0
completed,Cond3,joint_residual,gap__p2_primary_STAGE_ROTATION_mean,0.0
completed,Cond3,joint_residual,gap__p2_primary_USAGE_OF_BACKING_FILM_decreasing,0.0
completed,Cond3,joint_residual,gap__p2_primary_USAGE_OF_BACKING_FILM_mean,0.0
completed,Cond3,joint_residual,gap__p2_primary_USAGE_OF_BACKING_FILM_std,0.0
completed,Cond3,joint_residual,gap__p2_primary_USAGE_OF_DRESSER_TABLE_decreasing,0.0
completed,Cond3,joint_residual,gap__p2_primary_USAGE_OF_DRESSER_TABLE_mean,0.0
completed,Cond3,joint_residual,gap__p2_primary_USAGE_OF_DRESSER_TABLE_std,0.0
completed,Cond3,joint_residual,gap__p2_primary_USAGE_OF_DRESSER_decreasing,0.0
completed,Cond3,joint_residual,gap__p2_primary_USAGE_OF_DRESSER_mean,0.0
completed,Cond3,joint_residual,gap__p2_primary_USAGE_OF_DRESSER_std,0.0
completed,Cond3,joint_residual,gap__p2_primary_USAGE_OF_MEMBRANE_decreasing,0.0
completed,Cond3,joint_residual,gap__p2_primary_USAGE_OF_MEMBRANE_mean,0.0
completed,Cond3,joint_residual,gap__p2_primary_USAGE_OF_MEMBRANE_std,0.0
completed,Cond3,joint_residual,gap__p2_primary_USAGE_OF_POLISHING_TABLE_decreasing,0.0
completed,Cond3,joint_residual,gap__p2_primary_USAGE_OF_POLISHING_TABLE_mean,0.0
completed,Cond3,joint_residual,gap__p2_primary_USAGE_OF_POLISHING_TABLE_std,0.0
completed,Cond3,joint_residual,gap__p2_primary_USAGE_OF_PRESSURIZED_SHEET_decreasing,0.0
completed,Cond3,joint_residual,gap__p2_primary_USAGE_OF_PRESSURIZED_SHEET_mean,0.0
completed,Cond3,joint_residual,gap__p2_primary_USAGE_OF_PRESSURIZED_SHEET_std,0.0
completed,Cond3,joint_residual,gap__p2_primary_WAFER_ROTATION_mean,0.0
completed,Cond3,joint_residual,gap__p2_primary_duration,0.0
completed,Cond3,joint_residual,gap__p2_secondary_CENTER_AIR_BAG_PRESSURE_auc,0.0
completed,Cond3,joint_residual,gap__p2_secondary_CENTER_AIR_BAG_PRESSURE_mean,0.0
completed,Cond3,joint_residual,gap__p2_secondary_CENTER_AIR_BAG_PRESSURE_std,0.0
completed,Cond3,joint_residual,gap__p2_secondary_DRESSING_WATER_STATUS_auc,0.0
completed,Cond3,joint_residual,gap__p2_secondary_DRESSING_WATER_STATUS_mean,0.0
completed,Cond3,joint_residual,gap__p2_secondary_DRESSING_WATER_STATUS_std,0.0
completed,Cond3,joint_residual,gap__p2_secondary_EDGE_AIR_BAG_PRESSURE_auc,0.0
completed,Cond3,joint_residual,gap__p2_secondary_EDGE_AIR_BAG_PRESSURE_mean,0.0
completed,Cond3,joint_residual,gap__p2_secondary_EDGE_AIR_BAG_PRESSURE_std,0.0
completed,Cond3,joint_residual,gap__p2_secondary_HEAD_ROTATION_mean,0.0
completed,Cond3,joint_residual,gap__p2_secondary_MAIN_OUTER_AIR_BAG_PRESSURE_auc,0.0
completed,Cond3,joint_residual,gap__p2_secondary_MAIN_OUTER_AIR_BAG_PRESSURE_mean,0.0
completed,Cond3,joint_residual,gap__p2_secondary_MAIN_OUTER_AIR_BAG_PRESSURE_std,0.0
completed,Cond3,joint_residual,gap__p2_secondary_PRESSURIZED_CHAMBER_PRESSURE_auc,0.0
completed,Cond3,joint_residual,gap__p2_secondary_PRESSURIZED_CHAMBER_PRESSURE_mean,0.0
completed,Cond3,joint_residual,gap__p2_secondary_PRESSURIZED_CHAMBER_PRESSURE_std,0.0
completed,Cond3,joint_residual,gap__p2_secondary_RETAINER_RING_PRESSURE_auc,0.0
completed,Cond3,joint_residual,gap__p2_secondary_RETAINER_RING_PRESSURE_mean,0.0
completed,Cond3,joint_residual,gap__p2_secondary_RETAINER_RING_PRESSURE_std,0.0
completed,Cond3,joint_residual,gap__p2_secondary_RIPPLE_AIR_BAG_PRESSURE_auc,0.0
completed,Cond3,joint_residual,gap__p2_secondary_RIPPLE_AIR_BAG_PRESSURE_mean,0.0
completed,Cond3,joint_residual,gap__p2_secondary_RIPPLE_AIR_BAG_PRESSURE_std,0.0
completed,Cond3,joint_residual,gap__p2_secondary_SLURRY_FLOW_LINE_A_auc,0.0
completed,Cond3,joint_residual,gap__p2_secondary_SLURRY_FLOW_LINE_A_mean,0.0
completed,Cond3,joint_residual,gap__p2_secondary_SLURRY_FLOW_LINE_A_std,0.0
completed,Cond3,joint_residual,gap__p2_secondary_SLURRY_FLOW_LINE_B_auc,0.0
completed,Cond3,joint_residual,gap__p2_secondary_SLURRY_FLOW_LINE_B_mean,0.0
completed,Cond3,joint_residual,gap__p2_secondary_SLURRY_FLOW_LINE_B_std,0.0
completed,Cond3,joint_residual,gap__p2_secondary_SLURRY_FLOW_LINE_C_auc,0.0
completed,Cond3,joint_residual,gap__p2_secondary_SLURRY_FLOW_LINE_C_mean,0.0
completed,Cond3,joint_residual,gap__p2_secondary_SLURRY_FLOW_LINE_C_std,0.0
completed,Cond3,joint_residual,gap__p2_secondary_STAGE_ROTATION_mean,0.0
completed,Cond3,joint_residual,gap__p2_secondary_USAGE_OF_BACKING_FILM_decreasing,0.0
completed,Cond3,joint_residual,gap__p2_secondary_USAGE_OF_BACKING_FILM_mean,0.0
completed,Cond3,joint_residual,gap__p2_secondary_USAGE_OF_BACKING_FILM_std,0.0
completed,Cond3,joint_residual,gap__p2_secondary_USAGE_OF_DRESSER_TABLE_decreasing,0.0
completed,Cond3,joint_residual,gap__p2_secondary_USAGE_OF_DRESSER_TABLE_mean,0.0
completed,Cond3,joint_residual,gap__p2_secondary_USAGE_OF_DRESSER_TABLE_std,0.0
completed,Cond3,joint_residual,gap__p2_secondary_USAGE_OF_DRESSER_decreasing,0.0
completed,Cond3,joint_residual,gap__p2_secondary_USAGE_OF_DRESSER_mean,0.0
completed,Cond3,joint_residual,gap__p2_secondary_USAGE_OF_DRESSER_std,0.0
completed,Cond3,joint_residual,gap__p2_secondary_USAGE_OF_MEMBRANE_decreasing,0.0
completed,Cond3,joint_residual,gap__p2_secondary_USAGE_OF_MEMBRANE_mean,0.0
completed,Cond3,joint_residual,gap__p2_secondary_USAGE_OF_MEMBRANE_std,0.0
completed,Cond3,joint_residual,gap__p2_secondary_USAGE_OF_POLISHING_TABLE_decreasing,0.0
completed,Cond3,joint_residual,gap__p2_secondary_USAGE_OF_POLISHING_TABLE_mean,0.0
completed,Cond3,joint_residual,gap__p2_secondary_USAGE_OF_POLISHING_TABLE_std,0.0
completed,Cond3,joint_residual,gap__p2_secondary_USAGE_OF_PRESSURIZED_SHEET_decreasing,0.0
completed,Cond3,joint_residual,gap__p2_secondary_USAGE_OF_PRESSURIZED_SHEET_mean,0.0
completed,Cond3,joint_residual,gap__p2_secondary_USAGE_OF_PRESSURIZED_SHEET_std,0.0
completed,Cond3,joint_residual,gap__p2_secondary_WAFER_ROTATION_mean,0.0
completed,Cond3,joint_residual,gap__p2_secondary_duration,0.0
completed,Cond3,joint_residual,multi_primary_active_fraction,0.0
completed,Cond3,joint_residual,multi_primary_active_point_fraction,0.0
completed,Cond3,joint_residual,multi_primary_active_time,0.0
completed,Cond3,joint_residual,multi_primary_episode_count,0.0
completed,Cond3,joint_residual,multi_primary_episode_max,0.0
completed,Cond3,joint_residual,multi_primary_episode_median,0.0
completed,Cond3,joint_residual,multi_primary_episode_min,0.0
completed,Cond3,joint_residual,multi_primary_episode_std,0.0
completed,Cond3,joint_residual,multi_primary_inactive_time,0.24749357559356863
completed,Cond3,joint_residual,multi_primary_observed_time,0.0
completed,Cond3,joint_residual,multi_primary_pressure_integral,0.0
completed,Cond3,joint_residual,multi_primary_pressure_mean,0.0033305614378881525
completed,Cond3,joint_residual,multi_primary_pressure_rotation_proxy_integral,0.05856004140220825
completed,Cond3,joint_residual,multi_primary_pressure_rotation_proxy_mean,0.0
completed,Cond3,joint_residual,multi_primary_pressure_rotation_proxy_std,0.0
completed,Cond3,joint_residual,multi_primary_pressure_std,0.0
completed,Cond3,joint_residual,multi_primary_rotation_sum_integral,0.0
completed,Cond3,joint_residual,multi_primary_rotation_sum_mean,0.0
completed,Cond3,joint_residual,multi_primary_rotation_sum_std,0.06870912028673454
completed,Cond3,joint_residual,multi_primary_slurry_integral,0.0002597908036096926
completed,Cond3,joint_residual,multi_primary_slurry_mean,0.0
completed,Cond3,joint_residual,multi_primary_slurry_std,0.12529593582775908
completed,Cond3,joint_residual,multi_secondary_active_fraction,0.0
completed,Cond3,joint_residual,multi_secondary_active_point_fraction,0.0
completed,Cond3,joint_residual,multi_secondary_active_time,0.0
completed,Cond3,joint_residual,multi_secondary_episode_count,0.0
completed,Cond3,joint_residual,multi_secondary_episode_max,0.0
completed,Cond3,joint_residual,multi_secondary_episode_median,0.0
completed,Cond3,joint_residual,multi_secondary_episode_min,7.654582176909165e-05
completed,Cond3,joint_residual,multi_secondary_episode_std,0.0
completed,Cond3,joint_residual,multi_secondary_inactive_time,0.08545367298960135
completed,Cond3,joint_residual,multi_secondary_observed_time,0.0
completed,Cond3,joint_residual,multi_secondary_pressure_integral,0.0
completed,Cond3,joint_residual,multi_secondary_pressure_mean,0.15825358252889374
completed,Cond3,joint_residual,multi_secondary_pressure_rotation_proxy_integral,0.0
completed,Cond3,joint_residual,multi_secondary_pressure_rotation_proxy_mean,0.0
completed,Cond3,joint_residual,multi_secondary_pressure_rotation_proxy_std,0.0
completed,Cond3,joint_residual,multi_secondary_pressure_std,0.0
completed,Cond3,joint_residual,multi_secondary_rotation_sum_integral,0.038909429002661186
completed,Cond3,joint_residual,multi_secondary_rotation_sum_mean,0.0
completed,Cond3,joint_residual,multi_secondary_rotation_sum_std,0.0
completed,Cond3,joint_residual,multi_secondary_slurry_integral,0.04339096237497804
completed,Cond3,joint_residual,multi_secondary_slurry_mean,0.0
completed,Cond3,joint_residual,multi_secondary_slurry_std,0.004391288624919986
completed,Cond3,joint_residual,phase__p2_primary_CENTER_AIR_BAG_PRESSURE_auc,0.0
completed,Cond3,joint_residual,phase__p2_primary_CENTER_AIR_BAG_PRESSURE_mean,0.0
completed,Cond3,joint_residual,phase__p2_primary_CENTER_AIR_BAG_PRESSURE_std,0.0
completed,Cond3,joint_residual,phase__p2_primary_DRESSING_WATER_STATUS_auc,0.06578895514187456
completed,Cond3,joint_residual,phase__p2_primary_DRESSING_WATER_STATUS_mean,0.047276293031573255
completed,Cond3,joint_residual,phase__p2_primary_DRESSING_WATER_STATUS_std,0.47261953975093146
completed,Cond3,joint_residual,phase__p2_primary_EDGE_AIR_BAG_PRESSURE_auc,0.0
completed,Cond3,joint_residual,phase__p2_primary_EDGE_AIR_BAG_PRESSURE_mean,0.0
completed,Cond3,joint_residual,phase__p2_primary_EDGE_AIR_BAG_PRESSURE_std,0.052693901056775044
completed,Cond3,joint_residual,phase__p2_primary_HEAD_ROTATION_mean,0.6744115361860634
completed,Cond3,joint_residual,phase__p2_primary_MAIN_OUTER_AIR_BAG_PRESSURE_auc,0.0
completed,Cond3,joint_residual,phase__p2_primary_MAIN_OUTER_AIR_BAG_PRESSURE_mean,0.0
completed,Cond3,joint_residual,phase__p2_primary_MAIN_OUTER_AIR_BAG_PRESSURE_std,0.0
completed,Cond3,joint_residual,phase__p2_primary_PRESSURIZED_CHAMBER_PRESSURE_auc,0.0
completed,Cond3,joint_residual,phase__p2_primary_PRESSURIZED_CHAMBER_PRESSURE_mean,0.0
completed,Cond3,joint_residual,phase__p2_primary_PRESSURIZED_CHAMBER_PRESSURE_std,0.0
completed,Cond3,joint_residual,phase__p2_primary_RETAINER_RING_PRESSURE_auc,0.0
completed,Cond3,joint_residual,phase__p2_primary_RETAINER_RING_PRESSURE_mean,0.06276100266496384
completed,Cond3,joint_residual,phase__p2_primary_RETAINER_RING_PRESSURE_std,0.0
completed,Cond3,joint_residual,phase__p2_primary_RIPPLE_AIR_BAG_PRESSURE_auc,0.0
completed,Cond3,joint_residual,phase__p2_primary_RIPPLE_AIR_BAG_PRESSURE_mean,0.012889687222669515
completed,Cond3,joint_residual,phase__p2_primary_RIPPLE_AIR_BAG_PRESSURE_std,0.0
completed,Cond3,joint_residual,phase__p2_primary_SLURRY_FLOW_LINE_A_auc,0.0
completed,Cond3,joint_residual,phase__p2_primary_SLURRY_FLOW_LINE_A_mean,0.00012481069772137215
completed,Cond3,joint_residual,phase__p2_primary_SLURRY_FLOW_LINE_A_std,0.0
completed,Cond3,joint_residual,phase__p2_primary_SLURRY_FLOW_LINE_B_auc,0.11235205261744409
completed,Cond3,joint_residual,phase__p2_primary_SLURRY_FLOW_LINE_B_mean,0.0
completed,Cond3,joint_residual,phase__p2_primary_SLURRY_FLOW_LINE_B_std,0.02835484238789606
completed,Cond3,joint_residual,phase__p2_primary_SLURRY_FLOW_LINE_C_auc,0.0
completed,Cond3,joint_residual,phase__p2_primary_SLURRY_FLOW_LINE_C_mean,0.0
completed,Cond3,joint_residual,phase__p2_primary_SLURRY_FLOW_LINE_C_std,0.09164238826164521
completed,Cond3,joint_residual,phase__p2_primary_STAGE_ROTATION_mean,0.0
completed,Cond3,joint_residual,phase__p2_primary_USAGE_OF_BACKING_FILM_decreasing,0.2029868644706976
completed,Cond3,joint_residual,phase__p2_primary_USAGE_OF_BACKING_FILM_mean,0.0
completed,Cond3,joint_residual,phase__p2_primary_USAGE_OF_BACKING_FILM_std,0.0
completed,Cond3,joint_residual,phase__p2_primary_USAGE_OF_DRESSER_TABLE_decreasing,0.0
completed,Cond3,joint_residual,phase__p2_primary_USAGE_OF_DRESSER_TABLE_mean,0.5214610325743673
completed,Cond3,joint_residual,phase__p2_primary_USAGE_OF_DRESSER_TABLE_std,0.0
completed,Cond3,joint_residual,phase__p2_primary_USAGE_OF_DRESSER_decreasing,0.027796913460386805
completed,Cond3,joint_residual,phase__p2_primary_USAGE_OF_DRESSER_mean,0.45389568328116286
completed,Cond3,joint_residual,phase__p2_primary_USAGE_OF_DRESSER_std,0.0
completed,Cond3,joint_residual,phase__p2_primary_USAGE_OF_MEMBRANE_decreasing,0.1820771366128413
completed,Cond3,joint_residual,phase__p2_primary_USAGE_OF_MEMBRANE_mean,0.0
completed,Cond3,joint_residual,phase__p2_primary_USAGE_OF_MEMBRANE_std,0.47493077645267695
completed,Cond3,joint_residual,phase__p2_primary_USAGE_OF_POLISHING_TABLE_decreasing,0.0680009438648848
completed,Cond3,joint_residual,phase__p2_primary_USAGE_OF_POLISHING_TABLE_mean,0.19989072831134347
completed,Cond3,joint_residual,phase__p2_primary_USAGE_OF_POLISHING_TABLE_std,0.07516656979817132
completed,Cond3,joint_residual,phase__p2_primary_USAGE_OF_PRESSURIZED_SHEET_decreasing,0.0
completed,Cond3,joint_residual,phase__p2_primary_USAGE_OF_PRESSURIZED_SHEET_mean,0.0
completed,Cond3,joint_residual,phase__p2_primary_USAGE_OF_PRESSURIZED_SHEET_std,0.0
completed,Cond3,joint_residual,phase__p2_primary_WAFER_ROTATION_mean,0.040647483044594854
completed,Cond3,joint_residual,phase__p2_primary_duration,0.06659037994333798
completed,Cond3,joint_residual,phase__p2_secondary_CENTER_AIR_BAG_PRESSURE_auc,0.05029190002110262
completed,Cond3,joint_residual,phase__p2_secondary_CENTER_AIR_BAG_PRESSURE_mean,0.005769129611982621
completed,Cond3,joint_residual,phase__p2_secondary_CENTER_AIR_BAG_PRESSURE_std,0.0
completed,Cond3,joint_residual,phase__p2_secondary_DRESSING_WATER_STATUS_auc,0.4439726250700192
completed,Cond3,joint_residual,phase__p2_secondary_DRESSING_WATER_STATUS_mean,0.331564210770322
completed,Cond3,joint_residual,phase__p2_secondary_DRESSING_WATER_STATUS_std,0.19439268966286108
completed,Cond3,joint_residual,phase__p2_secondary_EDGE_AIR_BAG_PRESSURE_auc,0.0
completed,Cond3,joint_residual,phase__p2_secondary_EDGE_AIR_BAG_PRESSURE_mean,0.0
completed,Cond3,joint_residual,phase__p2_secondary_EDGE_AIR_BAG_PRESSURE_std,0.0
completed,Cond3,joint_residual,phase__p2_secondary_HEAD_ROTATION_mean,0.1915636999220357
completed,Cond3,joint_residual,phase__p2_secondary_MAIN_OUTER_AIR_BAG_PRESSURE_auc,0.10853197557058893
completed,Cond3,joint_residual,phase__p2_secondary_MAIN_OUTER_AIR_BAG_PRESSURE_mean,0.0
completed,Cond3,joint_residual,phase__p2_secondary_MAIN_OUTER_AIR_BAG_PRESSURE_std,0.003198238941193306
completed,Cond3,joint_residual,phase__p2_secondary_PRESSURIZED_CHAMBER_PRESSURE_auc,0.0
completed,Cond3,joint_residual,phase__p2_secondary_PRESSURIZED_CHAMBER_PRESSURE_mean,0.021929927498104494
completed,Cond3,joint_residual,phase__p2_secondary_PRESSURIZED_CHAMBER_PRESSURE_std,0.029571265669529917
completed,Cond3,joint_residual,phase__p2_secondary_RETAINER_RING_PRESSURE_auc,0.0
completed,Cond3,joint_residual,phase__p2_secondary_RETAINER_RING_PRESSURE_mean,0.0
completed,Cond3,joint_residual,phase__p2_secondary_RETAINER_RING_PRESSURE_std,0.0
completed,Cond3,joint_residual,phase__p2_secondary_RIPPLE_AIR_BAG_PRESSURE_auc,0.0
completed,Cond3,joint_residual,phase__p2_secondary_RIPPLE_AIR_BAG_PRESSURE_mean,0.0
completed,Cond3,joint_residual,phase__p2_secondary_RIPPLE_AIR_BAG_PRESSURE_std,0.09255069262635889
completed,Cond3,joint_residual,phase__p2_secondary_SLURRY_FLOW_LINE_A_auc,0.5248826198954752
completed,Cond3,joint_residual,phase__p2_secondary_SLURRY_FLOW_LINE_A_mean,0.0
completed,Cond3,joint_residual,phase__p2_secondary_SLURRY_FLOW_LINE_A_std,0.0
completed,Cond3,joint_residual,phase__p2_secondary_SLURRY_FLOW_LINE_B_auc,0.14134301070097935
completed,Cond3,joint_residual,phase__p2_secondary_SLURRY_FLOW_LINE_B_mean,0.09376116781204795
completed,Cond3,joint_residual,phase__p2_secondary_SLURRY_FLOW_LINE_B_std,0.0
completed,Cond3,joint_residual,phase__p2_secondary_SLURRY_FLOW_LINE_C_auc,0.0
completed,Cond3,joint_residual,phase__p2_secondary_SLURRY_FLOW_LINE_C_mean,0.0
completed,Cond3,joint_residual,phase__p2_secondary_SLURRY_FLOW_LINE_C_std,0.38561605382853953
completed,Cond3,joint_residual,phase__p2_secondary_STAGE_ROTATION_mean,0.0
completed,Cond3,joint_residual,phase__p2_secondary_USAGE_OF_BACKING_FILM_decreasing,0.013742083719112466
completed,Cond3,joint_residual,phase__p2_secondary_USAGE_OF_BACKING_FILM_mean,0.0
completed,Cond3,joint_residual,phase__p2_secondary_USAGE_OF_BACKING_FILM_std,0.0
completed,Cond3,joint_residual,phase__p2_secondary_USAGE_OF_DRESSER_TABLE_decreasing,0.0
completed,Cond3,joint_residual,phase__p2_secondary_USAGE_OF_DRESSER_TABLE_mean,0.4107274921309749
completed,Cond3,joint_residual,phase__p2_secondary_USAGE_OF_DRESSER_TABLE_std,0.0
completed,Cond3,joint_residual,phase__p2_secondary_USAGE_OF_DRESSER_decreasing,0.2318832704918973
completed,Cond3,joint_residual,phase__p2_secondary_USAGE_OF_DRESSER_mean,0.6821663050899847
completed,Cond3,joint_residual,phase__p2_secondary_USAGE_OF_DRESSER_std,0.012307111566145224
completed,Cond3,joint_residual,phase__p2_secondary_USAGE_OF_MEMBRANE_decreasing,0.31156281529307933
completed,Cond3,joint_residual,phase__p2_secondary_USAGE_OF_MEMBRANE_mean,0.0
completed,Cond3,joint_residual,phase__p2_secondary_USAGE_OF_MEMBRANE_std,0.0
completed,Cond3,joint_residual,phase__p2_secondary_USAGE_OF_POLISHING_TABLE_decreasing,0.10531048478985663
completed,Cond3,joint_residual,phase__p2_secondary_USAGE_OF_POLISHING_TABLE_mean,0.17197552903976046
completed,Cond3,joint_residual,phase__p2_secondary_USAGE_OF_POLISHING_TABLE_std,0.317460958537791
completed,Cond3,joint_residual,phase__p2_secondary_USAGE_OF_PRESSURIZED_SHEET_decreasing,0.0
completed,Cond3,joint_residual,phase__p2_secondary_USAGE_OF_PRESSURIZED_SHEET_mean,0.0
completed,Cond3,joint_residual,phase__p2_secondary_USAGE_OF_PRESSURIZED_SHEET_std,0.0
completed,Cond3,joint_residual,phase__p2_secondary_WAFER_ROTATION_mean,0.05446419871067026
completed,Cond3,joint_residual,phase__p2_secondary_duration,0.1941725177017368
completed,Cond3,joint_residual,qc_primary_ambiguous,0.0
completed,Cond3,joint_residual,qc_primary_episodes,0.0
completed,Cond3,joint_residual,qc_primary_fallback,0.0
completed,Cond3,joint_residual,qc_primary_max_gap,0.9204345702083421
completed,Cond3,joint_residual,qc_primary_missing,0.0
completed,Cond3,joint_residual,qc_primary_phase_duration,0.0
completed,Cond3,joint_residual,qc_primary_span,0.0
completed,Cond3,joint_residual,qc_secondary_ambiguous,0.0
completed,Cond3,joint_residual,qc_secondary_episodes,0.0
completed,Cond3,joint_residual,qc_secondary_fallback,0.0
completed,Cond3,joint_residual,qc_secondary_max_gap,0.1195223915952208
completed,Cond3,joint_residual,qc_secondary_missing,0.0
completed,Cond3,joint_residual,qc_secondary_phase_duration,0.0
completed,Cond3,joint_residual,qc_secondary_span,0.0
