fold,feature,t_abs,oob_importance,selected
0,lag_1,2.028639127992926,0.5188424529759619,True
0,lag_2,1.1630383729021165,0.2920024436400409,True
0,lag_3,0.7076925567239749,0.3381173221831034,True
0,lag_4,0.5739044414510446,0.1741234989486007,True
0,lag_5,0.1540420190485116,-0.2388049465441927,False
0,lag_6,0.8247669422084593,-0.09613792597271612,False
0,lag_7,0.6842234984326511,0.08726360333751565,False
0,lag_8,1.5783775426377515,0.1574950832616416,True
0,lag_9,1.6012830282121517,0.33196966473160644,True
0,lag_10,1.515930146956019,0.24975165502096283,True
0,lag_11,1.6946207633751293,0.3336439101216331,True
0,neighbor_1,3.550472691113238,2.1609971499073577,True
0,neighbor_2,0.2583456622407683,0.47575864432331905,True
0,neighbor_3,1.6440167707991906,0.6942099690794374,True
0,neighbor_4,1.4969766440436711,0.4122462831042069,True
0,neighbor_5,0.9523246566641288,0.32537207052532013,True
0,neighbor_6,0.6230700991205598,0.36782782260203933,True
0,neighbor_7,0.03394855443336462,0.560943920636335,True
0,neighbor_8,0.5143428923781518,0.49170817833200364,True
0,neighbor_9,0.692646815810717,0.3725552113412916,True
0,neighbor_10,0.3086491433495146,0.2149898682196673,True
0,p2_primary_CENTER_AIR_BAG_PRESSURE_auc,0.6184642014834761,0.0,False
0,p2_primary_CENTER_AIR_BAG_PRESSURE_mean,0.43713100616467465,0.0,False
0,p2_primary_CENTER_AIR_BAG_PRESSURE_std,0.8606319089004222,-0.1767766952966369,False
0,p2_primary_DRESSING_WATER_STATUS_auc,0.049857812521857704,-0.05577597633553146,False
0,p2_primary_DRESSING_WATER_STATUS_mean,0.03341932856127685,0.054055214990015275,False
0,p2_primary_DRESSING_WATER_STATUS_std,0.8338372678309218,0.22207381824021935,True
0,p2_primary_EDGE_AIR_BAG_PRESSURE_auc,0.058026156421895195,0.0,False
0,p2_primary_EDGE_AIR_BAG_PRESSURE_mean,0.10382080331098309,-0.17677669529663684,False
0,p2_primary_EDGE_AIR_BAG_PRESSURE_std,0.5945350565395993,0.0,False
0,p2_primary_HEAD_ROTATION_mean,0.04679705812367712,-0.236934198745334,False
0,p2_primary_MAIN_OUTER_AIR_BAG_PRESSURE_auc,0.34308277210347493,0.17677669529663687,True
0,p2_primary_MAIN_OUTER_AIR_BAG_PRESSURE_mean,0.4176668200354889,0.0,False
0,p2_primary_MAIN_OUTER_AIR_BAG_PRESSURE_std,1.2637417371481892,0.1767766952966368,True
0,p2_primary_PRESSURIZED_CHAMBER_PRESSURE_auc,0.1029955142350112,0.17677669529663684,True
0,p2_primary_PRESSURIZED_CHAMBER_PRESSURE_mean,0.11137141808587718,0.0,False
0,p2_primary_PRESSURIZED_CHAMBER_PRESSURE_std,0.6134293255735424,0.0,False
0,p2_primary_RETAINER_RING_PRESSURE_auc,0.4847133622935095,0.0,False
0,p2_primary_RETAINER_RING_PRESSURE_mean,0.6676875575968464,0.0,False
0,p2_primary_RETAINER_RING_PRESSURE_std,0.43760646418109383,0.25253425676736707,True
0,p2_primary_RIPPLE_AIR_BAG_PRESSURE_auc,0.6488862155724237,0.0,False
0,p2_primary_RIPPLE_AIR_BAG_PRESSURE_mean,0.533723748536809,0.17677669529663687,True
0,p2_primary_RIPPLE_AIR_BAG_PRESSURE_std,0.36772580630033064,0.0,False
0,p2_primary_SLURRY_FLOW_LINE_A_auc,1.0392423276540703,-0.17677669529663675,False
0,p2_primary_SLURRY_FLOW_LINE_A_mean,0.8490466425572863,0.1767766952966369,True
0,p2_primary_SLURRY_FLOW_LINE_A_std,0.9639150987581669,0.012208333797692688,False
0,p2_primary_SLURRY_FLOW_LINE_B_auc,1.0844983178197942,-0.1773361590263901,False
0,p2_primary_SLURRY_FLOW_LINE_B_mean,0.918749099566515,0.04617495664879294,False
0,p2_primary_SLURRY_FLOW_LINE_B_std,0.6772925933670694,-0.004399419174030819,False
0,p2_primary_SLURRY_FLOW_LINE_C_auc,0.4572730556780164,0.17677669529663675,True
0,p2_primary_SLURRY_FLOW_LINE_C_mean,0.5474124544891408,0.06099721791312327,False
0,p2_primary_SLURRY_FLOW_LINE_C_std,0.4036712145666291,0.010828412006655977,False
0,p2_primary_STAGE_ROTATION_mean,0.8787056906486184,0.19300709472756897,True
0,p2_primary_USAGE_OF_BACKING_FILM_decreasing,11.58729694711965,0.0,True
0,p2_primary_USAGE_OF_BACKING_FILM_mean,381441.52850129415,0.344007827505207,True
0,p2_primary_USAGE_OF_BACKING_FILM_std,11.126652228549174,0.0,True
0,p2_primary_USAGE_OF_DRESSER_TABLE_decreasing,0.004297977502267833,0.0,False
0,p2_primary_USAGE_OF_DRESSER_TABLE_mean,2184.1884243518334,0.22093687987531305,True
0,p2_primary_USAGE_OF_DRESSER_TABLE_std,0.1364557918393147,0.0,False
0,p2_primary_USAGE_OF_DRESSER_decreasing,0.28978944960422615,0.17677669529663687,True
0,p2_primary_USAGE_OF_DRESSER_mean,225.53688042822102,0.244964551357677,True
0,p2_primary_USAGE_OF_DRESSER_std,0.5082877139703379,0.0,False
0,p2_primary_USAGE_OF_MEMBRANE_decreasing,7.843597903258071,0.0,True
0,p2_primary_USAGE_OF_MEMBRANE_mean,192469.19346358877,0.19476533445248526,True
0,p2_primary_USAGE_OF_MEMBRANE_std,13.435541446056236,0.0,True
0,p2_primary_USAGE_OF_POLISHING_TABLE_decreasing,0.9278466335021631,0.0,False
0,p2_primary_USAGE_OF_POLISHING_TABLE_mean,6.399278226016503,0.38030003127408823,True
0,p2_primary_USAGE_OF_POLISHING_TABLE_std,1.05908070103511,0.0,False
0,p2_primary_USAGE_OF_PRESSURIZED_SHEET_decreasing,15.015371197784033,0.0,True
0,p2_primary_USAGE_OF_PRESSURIZED_SHEET_mean,192469.66755827836,-0.18621623774117085,True
0,p2_primary_USAGE_OF_PRESSURIZED_SHEET_std,8.1861333188334,0.0,True
0,p2_primary_WAFER_ROTATION_mean,0.05893910799618607,0.23726809623232645,True
0,p2_primary_duration,0.41276472073681375,-0.032762019849632305,False
0,p2_secondary_CENTER_AIR_BAG_PRESSURE_auc,0.6326494033712483,0.0,False
0,p2_secondary_CENTER_AIR_BAG_PRESSURE_mean,0.5514524068762849,0.0,False
0,p2_secondary_CENTER_AIR_BAG_PRESSURE_std,0.8516608053561852,-0.17677669529663678,False
0,p2_secondary_DRESSING_WATER_STATUS_auc,0.3667926059892448,0.2151157556568763,True
0,p2_secondary_DRESSING_WATER_STATUS_mean,0.4472849182723617,0.21952885860295424,True
0,p2_secondary_DRESSING_WATER_STATUS_std,1.645358407787111,-0.13705803325890667,True
0,p2_secondary_EDGE_AIR_BAG_PRESSURE_auc,0.3524973981401472,0.0,False
0,p2_secondary_EDGE_AIR_BAG_PRESSURE_mean,0.576807400515759,0.0,False
0,p2_secondary_EDGE_AIR_BAG_PRESSURE_std,0.8375326484000397,0.0,False
0,p2_secondary_HEAD_ROTATION_mean,0.09885731101013663,0.0576187029694149,False
0,p2_secondary_MAIN_OUTER_AIR_BAG_PRESSURE_auc,0.3179735624742934,0.0,False
0,p2_secondary_MAIN_OUTER_AIR_BAG_PRESSURE_mean,0.24521694358051618,-0.17677669529663698,False
0,p2_secondary_MAIN_OUTER_AIR_BAG_PRESSURE_std,0.9823272487996503,0.0,False
0,p2_secondary_PRESSURIZED_CHAMBER_PRESSURE_auc,1.2176223905965464,0.0,False
0,p2_secondary_PRESSURIZED_CHAMBER_PRESSURE_mean,1.3863846753016669,0.0,False
0,p2_secondary_PRESSURIZED_CHAMBER_PRESSURE_std,0.4415154618737371,0.0,False
0,p2_secondary_RETAINER_RING_PRESSURE_auc,0.26914727878548533,0.0,False
0,p2_secondary_RETAINER_RING_PRESSURE_mean,0.5818146159872434,-0.17677669529663692,False
0,p2_secondary_RETAINER_RING_PRESSURE_std,0.5162466169464834,0.0,False
0,p2_secondary_RIPPLE_AIR_BAG_PRESSURE_auc,0.914880311540925,0.0,False
0,p2_secondary_RIPPLE_AIR_BAG_PRESSURE_mean,0.9497600576114836,0.0,False
0,p2_secondary_RIPPLE_AIR_BAG_PRESSURE_std,0.11628940422410076,0.0,False
0,p2_secondary_SLURRY_FLOW_LINE_A_auc,0.18466708314029628,0.17110983469951777,True
0,p2_secondary_SLURRY_FLOW_LINE_A_mean,0.13790384146896462,0.17677669529663695,True
0,p2_secondary_SLURRY_FLOW_LINE_A_std,0.3362043066168672,-0.1767766952966368,False
0,p2_secondary_SLURRY_FLOW_LINE_B_auc,0.48321870198452216,0.2378131469024403,True
0,p2_secondary_SLURRY_FLOW_LINE_B_mean,0.47892499891375806,0.20618485939180206,True
0,p2_secondary_SLURRY_FLOW_LINE_B_std,0.47109457246041686,-0.17914709067901136,False
0,p2_secondary_SLURRY_FLOW_LINE_C_auc,0.11804076694471416,0.0,False
0,p2_secondary_SLURRY_FLOW_LINE_C_mean,0.1043906204404339,0.1767766952966368,True
0,p2_secondary_SLURRY_FLOW_LINE_C_std,0.5253982232422805,0.24110770757389283,True
0,p2_secondary_STAGE_ROTATION_mean,1.0323614916574302,-0.11890461997964431,False
0,p2_secondary_USAGE_OF_BACKING_FILM_decreasing,14.767845890867715,0.0,True
0,p2_secondary_USAGE_OF_BACKING_FILM_mean,102223.24897486849,0.2520323957125329,True
0,p2_secondary_USAGE_OF_BACKING_FILM_std,10.83826387874056,0.0,True
0,p2_secondary_USAGE_OF_DRESSER_TABLE_decreasing,0.0017377512753865333,0.0,False
0,p2_secondary_USAGE_OF_DRESSER_TABLE_mean,2191.5307317598904,0.6160841319460673,True
0,p2_secondary_USAGE_OF_DRESSER_TABLE_std,0.42694599586424,0.0,False
0,p2_secondary_USAGE_OF_DRESSER_decreasing,0.41135582899789014,0.0,False
0,p2_secondary_USAGE_OF_DRESSER_mean,226.05351314598337,0.3169941859799428,True
0,p2_secondary_USAGE_OF_DRESSER_std,0.01874274806476055,0.1767766952966368,True
0,p2_secondary_USAGE_OF_MEMBRANE_decreasing,3026.888213957918,0.0,True
0,p2_secondary_USAGE_OF_MEMBRANE_mean,41093.39675353269,0.03586431061654431,True
0,p2_secondary_USAGE_OF_MEMBRANE_std,1606.2797945476427,0.0,True
0,p2_secondary_USAGE_OF_POLISHING_TABLE_decreasing,0.05391502793484251,0.0,False
0,p2_secondary_USAGE_OF_POLISHING_TABLE_mean,6.40102747582535,0.27658411007369077,True
0,p2_secondary_USAGE_OF_POLISHING_TABLE_std,0.13054400173080338,0.0,False
0,p2_secondary_USAGE_OF_PRESSURIZED_SHEET_decreasing,177.44632653050476,0.0,True
0,p2_secondary_USAGE_OF_PRESSURIZED_SHEET_mean,60546.0948417337,0.19075622603934278,True
0,p2_secondary_USAGE_OF_PRESSURIZED_SHEET_std,168.67611309163902,0.0,True
0,p2_secondary_WAFER_ROTATION_mean,2.0621977072359985,-0.1975749891969566,True
0,p2_secondary_duration,0.08475371358505548,0.03860275088198881,False
1,lag_1,1.7190576412577248,1.0290087184908703,True
1,lag_2,1.316531383418589,0.43527695426493557,True
1,lag_3,1.1514265499825946,0.08728290932668503,False
1,lag_4,0.5267178694765542,0.24104227452566387,True
1,lag_5,0.4627828183963385,-0.06624681782055884,False
1,lag_6,0.7264622287521204,0.10144803045605834,False
1,lag_7,1.523004056114305,-0.4264989357688534,True
1,lag_8,1.2454771811625285,0.05177578538412436,False
1,lag_9,0.737319370108347,0.2727518604903311,True
1,lag_10,0.6636549650861724,0.34523034873540454,True
1,lag_11,0.8855869782084407,0.08615734948652891,False
1,neighbor_1,2.9841763431552604,0.7429610656060599,True
1,neighbor_2,0.4075393037056539,0.2367840143009931,True
1,neighbor_3,1.2847942431522812,0.31265980368787893,True
1,neighbor_4,0.349927954308767,0.41140338926295744,True
1,neighbor_5,0.7320086860380371,0.6528762348772031,True
1,neighbor_6,0.8788263499723308,0.088767213560903,False
1,neighbor_7,1.870008098468309,0.39942988955368114,True
1,neighbor_8,0.4097884642936262,0.30792920084740094,True
1,neighbor_9,1.1534684398017685,0.36671394711267324,True
1,neighbor_10,0.8435952882499681,0.31821771105780183,True
1,p2_primary_CENTER_AIR_BAG_PRESSURE_auc,1.013163552690661,0.0,False
1,p2_primary_CENTER_AIR_BAG_PRESSURE_mean,0.9309371845853209,0.0,False
1,p2_primary_CENTER_AIR_BAG_PRESSURE_std,0.19624411817171702,0.0,False
1,p2_primary_DRESSING_WATER_STATUS_auc,0.07647207441353492,-0.20590188113659652,False
1,p2_primary_DRESSING_WATER_STATUS_mean,0.06270358028556369,0.2891861143560295,True
1,p2_primary_DRESSING_WATER_STATUS_std,1.2184502310859522,-0.35545915018580676,False
1,p2_primary_EDGE_AIR_BAG_PRESSURE_auc,0.46348066320477593,0.0,False
1,p2_primary_EDGE_AIR_BAG_PRESSURE_mean,0.45931089400221803,-0.17677669529663703,False
1,p2_primary_EDGE_AIR_BAG_PRESSURE_std,0.04507341840323719,0.0,False
1,p2_primary_HEAD_ROTATION_mean,0.2159763772609778,0.3470820278139017,True
1,p2_primary_MAIN_OUTER_AIR_BAG_PRESSURE_auc,0.9622055285668957,0.0,False
1,p2_primary_MAIN_OUTER_AIR_BAG_PRESSURE_mean,0.8809720099232901,0.0,False
1,p2_primary_MAIN_OUTER_AIR_BAG_PRESSURE_std,0.5769683241056278,0.0,False
1,p2_primary_PRESSURIZED_CHAMBER_PRESSURE_auc,0.3747005348347149,0.0,False
1,p2_primary_PRESSURIZED_CHAMBER_PRESSURE_mean,0.30216746723805404,-0.08335124382249466,False
1,p2_primary_PRESSURIZED_CHAMBER_PRESSURE_std,0.815206258469203,0.17677669529663695,True
1,p2_primary_RETAINER_RING_PRESSURE_auc,0.3887122531160356,0.17954564029341466,True
1,p2_primary_RETAINER_RING_PRESSURE_mean,0.7103138968463415,0.0,False
1,p2_primary_RETAINER_RING_PRESSURE_std,0.3734542734193485,0.19461860989355065,True
1,p2_primary_RIPPLE_AIR_BAG_PRESSURE_auc,1.4872231797522564,0.0,False
1,p2_primary_RIPPLE_AIR_BAG_PRESSURE_mean,1.423924120472079,0.0,False
1,p2_primary_RIPPLE_AIR_BAG_PRESSURE_std,1.057958801672648,0.236199560045426,True
1,p2_primary_SLURRY_FLOW_LINE_A_auc,0.6416057439736814,-0.1767766952966367,False
1,p2_primary_SLURRY_FLOW_LINE_A_mean,0.7811169006614491,0.21200670288962117,True
1,p2_primary_SLURRY_FLOW_LINE_A_std,0.6331967959742102,-0.17677669529663695,False
1,p2_primary_SLURRY_FLOW_LINE_B_auc,0.6473752538518855,0.26520439949307795,True
1,p2_primary_SLURRY_FLOW_LINE_B_mean,0.20535348103651027,0.207043286993657,True
1,p2_primary_SLURRY_FLOW_LINE_B_std,1.0672694426058122,0.24983901254343113,True
1,p2_primary_SLURRY_FLOW_LINE_C_auc,0.03970294271980199,0.0,False
1,p2_primary_SLURRY_FLOW_LINE_C_mean,0.22265335615026277,0.0,False
1,p2_primary_SLURRY_FLOW_LINE_C_std,1.3341948554885525,0.14802012300569958,False
1,p2_primary_STAGE_ROTATION_mean,0.05817993322098329,-0.07376822054665552,False
1,p2_primary_USAGE_OF_BACKING_FILM_decreasing,14.251148253982995,0.0,True
1,p2_primary_USAGE_OF_BACKING_FILM_mean,429256.6107267138,0.2608464601622783,True
1,p2_primary_USAGE_OF_BACKING_FILM_std,14.057835873141594,0.0,True
1,p2_primary_USAGE_OF_DRESSER_TABLE_decreasing,0.6820874418549515,-0.20987388552472644,False
1,p2_primary_USAGE_OF_DRESSER_TABLE_mean,2718.2464791398957,0.3761552869622087,True
1,p2_primary_USAGE_OF_DRESSER_TABLE_std,0.27350340746696844,0.0,False
1,p2_primary_USAGE_OF_DRESSER_decreasing,0.31295691586107144,0.0,False
1,p2_primary_USAGE_OF_DRESSER_mean,289.6652753477536,0.3936721694103363,True
1,p2_primary_USAGE_OF_DRESSER_std,0.09794370446530976,0.0,False
1,p2_primary_USAGE_OF_MEMBRANE_decreasing,16.102527181716052,0.0,True
1,p2_primary_USAGE_OF_MEMBRANE_mean,217466.95896714384,0.31361440087319414,True
1,p2_primary_USAGE_OF_MEMBRANE_std,41.50362058564802,0.0,True
1,p2_primary_USAGE_OF_POLISHING_TABLE_decreasing,1.1474323146731966,-0.1767766952966369,False
1,p2_primary_USAGE_OF_POLISHING_TABLE_mean,1.0599898726946173,0.1652716377435009,True
1,p2_primary_USAGE_OF_POLISHING_TABLE_std,1.339946218121182,-0.17677669529663678,False
1,p2_primary_USAGE_OF_PRESSURIZED_SHEET_decreasing,43.62259276760773,0.0,True
1,p2_primary_USAGE_OF_PRESSURIZED_SHEET_mean,217469.75529288992,0.17677669529663698,True
1,p2_primary_USAGE_OF_PRESSURIZED_SHEET_std,14.015986934311949,0.0,True
1,p2_primary_WAFER_ROTATION_mean,1.6192340440659168,-0.2809938336444053,True
1,p2_primary_duration,0.1244506488653712,-0.04186349458878707,False
1,p2_secondary_CENTER_AIR_BAG_PRESSURE_auc,0.14141660154194902,0.0,False
1,p2_secondary_CENTER_AIR_BAG_PRESSURE_mean,0.008326013900418977,0.17677669529663678,True
1,p2_secondary_CENTER_AIR_BAG_PRESSURE_std,0.6800313384588026,0.2175472655187475,True
1,p2_secondary_DRESSING_WATER_STATUS_auc,0.30408023477254303,-0.08409293348852405,False
1,p2_secondary_DRESSING_WATER_STATUS_mean,0.25616263001914374,-0.228729046360929,False
1,p2_secondary_DRESSING_WATER_STATUS_std,0.25200084215024326,-0.14948193858863312,False
1,p2_secondary_EDGE_AIR_BAG_PRESSURE_auc,0.8809630966936554,0.0,False
1,p2_secondary_EDGE_AIR_BAG_PRESSURE_mean,1.3631079431874873,0.0,False
1,p2_secondary_EDGE_AIR_BAG_PRESSURE_std,2.396621839690622,0.0,True
1,p2_secondary_HEAD_ROTATION_mean,0.16975589140778424,-0.22476561495215322,False
1,p2_secondary_MAIN_OUTER_AIR_BAG_PRESSURE_auc,0.6828548516839565,0.0,False
1,p2_secondary_MAIN_OUTER_AIR_BAG_PRESSURE_mean,0.6293369111944629,0.0,False
1,p2_secondary_MAIN_OUTER_AIR_BAG_PRESSURE_std,0.04198602599606139,0.0,False
1,p2_secondary_PRESSURIZED_CHAMBER_PRESSURE_auc,0.5694702802922108,0.0,False
1,p2_secondary_PRESSURIZED_CHAMBER_PRESSURE_mean,0.5177634814558993,0.0,False
1,p2_secondary_PRESSURIZED_CHAMBER_PRESSURE_std,0.2926271829603382,-0.19967580001200969,False
1,p2_secondary_RETAINER_RING_PRESSURE_auc,0.46364129778301516,0.0,False
1,p2_secondary_RETAINER_RING_PRESSURE_mean,0.12042767269038232,-0.1767766952966369,False
1,p2_secondary_RETAINER_RING_PRESSURE_std,1.5657238391357369,-0.17677669529663684,True
1,p2_secondary_RIPPLE_AIR_BAG_PRESSURE_auc,0.08547652490898823,-0.1817466745993079,False
1,p2_secondary_RIPPLE_AIR_BAG_PRESSURE_mean,0.0592817485856216,0.0,False
1,p2_secondary_RIPPLE_AIR_BAG_PRESSURE_std,0.3163566460844722,0.0,False
1,p2_secondary_SLURRY_FLOW_LINE_A_auc,0.37779287787400506,0.1767766952966368,True
1,p2_secondary_SLURRY_FLOW_LINE_A_mean,0.3298772548824258,0.0,False
1,p2_secondary_SLURRY_FLOW_LINE_A_std,2.2110738707727746,0.0,True
1,p2_secondary_SLURRY_FLOW_LINE_B_auc,0.5408705271437326,0.11535443436264321,False
1,p2_secondary_SLURRY_FLOW_LINE_B_mean,0.04798329669274785,0.14756080003828292,False
1,p2_secondary_SLURRY_FLOW_LINE_B_std,2.1490481629229277,0.0,True
1,p2_secondary_SLURRY_FLOW_LINE_C_auc,0.29206168056766113,0.0,False
1,p2_secondary_SLURRY_FLOW_LINE_C_mean,0.246355931271003,0.2463309490466369,True
1,p2_secondary_SLURRY_FLOW_LINE_C_std,0.7343154014188563,-0.04633531409067049,False
1,p2_secondary_STAGE_ROTATION_mean,1.1849710382615406,-0.17977792926085068,False
1,p2_secondary_USAGE_OF_BACKING_FILM_decreasing,1.9456060989382098,0.0,True
1,p2_secondary_USAGE_OF_BACKING_FILM_mean,1293700.4370146294,0.23819288090667112,True
1,p2_secondary_USAGE_OF_BACKING_FILM_std,3.124947202316444,-0.17677669529663698,True
1,p2_secondary_USAGE_OF_DRESSER_TABLE_decreasing,1.4495906988743934,0.17677669529663687,True
1,p2_secondary_USAGE_OF_DRESSER_TABLE_mean,2746.218954145739,0.3076684853165997,True
1,p2_secondary_USAGE_OF_DRESSER_TABLE_std,1.7789165346400198,0.17677669529663698,True
1,p2_secondary_USAGE_OF_DRESSER_decreasing,0.42727658760713777,0.17677669529663687,True
1,p2_secondary_USAGE_OF_DRESSER_mean,291.5883492498773,0.27883537013960225,True
1,p2_secondary_USAGE_OF_DRESSER_std,0.32334868460538363,-0.16031958659254947,False
1,p2_secondary_USAGE_OF_MEMBRANE_decreasing,361.38300384212886,0.0,True
1,p2_secondary_USAGE_OF_MEMBRANE_mean,469267.75872185803,0.1767766952966369,True
1,p2_secondary_USAGE_OF_MEMBRANE_std,427.9418923232553,0.0,True
1,p2_secondary_USAGE_OF_POLISHING_TABLE_decreasing,0.47827786412889556,0.0,False
1,p2_secondary_USAGE_OF_POLISHING_TABLE_mean,1.0627747713944438,0.28552139269287885,True
1,p2_secondary_USAGE_OF_POLISHING_TABLE_std,0.6408075191466004,0.0,False
1,p2_secondary_USAGE_OF_PRESSURIZED_SHEET_decreasing,120.61287097897176,0.0,True
1,p2_secondary_USAGE_OF_PRESSURIZED_SHEET_mean,835025.54640955,-0.1767766952966369,True
1,p2_secondary_USAGE_OF_PRESSURIZED_SHEET_std,122.79447220995394,0.17677669529663687,True
1,p2_secondary_WAFER_ROTATION_mean,2.777885858513059,-0.2656089658938416,True
1,p2_secondary_duration,0.42561152559818627,-0.01718428495046311,False
2,lag_1,2.7793710519864363,1.1171973275658202,True
2,lag_2,0.7216735688626081,0.46628318782188444,True
2,lag_3,0.810399795613027,0.23452515037355334,True
2,lag_4,2.3175898553343557,0.4534357267733232,True
2,lag_5,0.4197400099766064,0.19120059774215525,True
2,lag_6,0.9001874868367155,-0.014932629386143245,False
2,lag_7,1.0370223937284664,0.02111571086594743,False
2,lag_8,1.4514038236871138,0.04801845118444835,False
2,lag_9,1.0683612160053546,0.12431343912537236,False
2,lag_10,0.8749382553394572,0.11373880267729998,False
2,lag_11,0.45375449727628303,0.29311034282886644,True
2,neighbor_1,2.9689092986154466,1.1308262955217385,True
2,neighbor_2,1.0626410439694876,0.37736527034602,True
2,neighbor_3,0.9179579471083427,0.3650301420157663,True
2,neighbor_4,1.3393701079170162,0.4218393269520836,True
2,neighbor_5,0.9513553947093399,0.36440036221872407,True
2,neighbor_6,0.1464127952944391,0.26251792445496924,True
2,neighbor_7,0.7589750564246557,0.0491616646837264,False
2,neighbor_8,1.427390802441776,0.3966308559938988,True
2,neighbor_9,1.2432180723624486,-0.15496075145526192,False
2,neighbor_10,1.0813455736795226,0.040454659306594226,False
2,p2_primary_CENTER_AIR_BAG_PRESSURE_auc,0.08883255380027641,0.0,False
2,p2_primary_CENTER_AIR_BAG_PRESSURE_mean,0.08005323605649822,0.0,False
2,p2_primary_CENTER_AIR_BAG_PRESSURE_std,0.3814782555486842,0.0,False
2,p2_primary_DRESSING_WATER_STATUS_auc,0.29318218720692063,0.10116354553865914,False
2,p2_primary_DRESSING_WATER_STATUS_mean,0.25192052186373914,-0.03289652530553479,False
2,p2_primary_DRESSING_WATER_STATUS_std,0.11104439249319498,-0.11055405666436338,False
2,p2_primary_EDGE_AIR_BAG_PRESSURE_auc,0.7097486557769025,0.0,False
2,p2_primary_EDGE_AIR_BAG_PRESSURE_mean,0.9790751629779216,0.0,False
2,p2_primary_EDGE_AIR_BAG_PRESSURE_std,1.2214825388848687,0.07081579827370779,False
2,p2_primary_HEAD_ROTATION_mean,0.5844989238437099,-0.1511552676545656,False
2,p2_primary_MAIN_OUTER_AIR_BAG_PRESSURE_auc,0.9930015602404743,0.0,False
2,p2_primary_MAIN_OUTER_AIR_BAG_PRESSURE_mean,0.7669091550773233,0.0,False
2,p2_primary_MAIN_OUTER_AIR_BAG_PRESSURE_std,0.755324472080931,0.1767766952966368,True
2,p2_primary_PRESSURIZED_CHAMBER_PRESSURE_auc,1.3471940471587938,-0.17677669529663673,False
2,p2_primary_PRESSURIZED_CHAMBER_PRESSURE_mean,1.3769478774217856,0.0,False
2,p2_primary_PRESSURIZED_CHAMBER_PRESSURE_std,0.16065239305559925,0.3288100604507616,True
2,p2_primary_RETAINER_RING_PRESSURE_auc,0.0839799721610381,0.0,False
2,p2_primary_RETAINER_RING_PRESSURE_mean,0.06302973845725154,0.03451624651187243,False
2,p2_primary_RETAINER_RING_PRESSURE_std,1.016006235029035,-0.17677669529663692,False
2,p2_primary_RIPPLE_AIR_BAG_PRESSURE_auc,0.5676184130850728,0.0,False
2,p2_primary_RIPPLE_AIR_BAG_PRESSURE_mean,0.48660538076453086,0.0,False
2,p2_primary_RIPPLE_AIR_BAG_PRESSURE_std,0.046453790894754945,0.17677669529663687,True
2,p2_primary_SLURRY_FLOW_LINE_A_auc,0.7630514800544207,-0.14227167665178828,False
2,p2_primary_SLURRY_FLOW_LINE_A_mean,0.577685811211741,0.1772808745528931,True
2,p2_primary_SLURRY_FLOW_LINE_A_std,0.40758434581455816,-0.021847497604627977,False
2,p2_primary_SLURRY_FLOW_LINE_B_auc,0.5488136393968317,0.18170315743425058,True
2,p2_primary_SLURRY_FLOW_LINE_B_mean,0.6239218876114918,0.07974743354699368,False
2,p2_primary_SLURRY_FLOW_LINE_B_std,0.234449599630321,0.023417636319484327,False
2,p2_primary_SLURRY_FLOW_LINE_C_auc,0.4629288359899094,0.09326279477173105,False
2,p2_primary_SLURRY_FLOW_LINE_C_mean,0.18298883712491543,-0.17677669529663698,False
2,p2_primary_SLURRY_FLOW_LINE_C_std,0.006398692311640829,0.08416398232101456,False
2,p2_primary_STAGE_ROTATION_mean,0.10167955626282829,0.13582408835754103,False
2,p2_primary_USAGE_OF_BACKING_FILM_decreasing,7.510819526768232,0.0,True
2,p2_primary_USAGE_OF_BACKING_FILM_mean,44745.13706186195,-0.18963949181815257,True
2,p2_primary_USAGE_OF_BACKING_FILM_std,4.467591334523647,0.0,True
2,p2_primary_USAGE_OF_DRESSER_TABLE_decreasing,0.13751389012611342,0.0,False
2,p2_primary_USAGE_OF_DRESSER_TABLE_mean,3386.421936825331,0.30222026615514286,True
2,p2_primary_USAGE_OF_DRESSER_TABLE_std,0.16900624953837787,0.0,False
2,p2_primary_USAGE_OF_DRESSER_decreasing,0.5870178900421706,0.0,False
2,p2_primary_USAGE_OF_DRESSER_mean,143.9367343723449,0.2873529321554867,True
2,p2_primary_USAGE_OF_DRESSER_std,0.5886791665894596,0.17677669529663687,True
2,p2_primary_USAGE_OF_MEMBRANE_decreasing,9.781324232412414,0.0,True
2,p2_primary_USAGE_OF_MEMBRANE_mean,20958.120144055796,0.12692050816265776,True
2,p2_primary_USAGE_OF_MEMBRANE_std,2.4988146956548873,0.0,True
2,p2_primary_USAGE_OF_POLISHING_TABLE_decreasing,0.4815846569939584,-0.1767766952966369,False
2,p2_primary_USAGE_OF_POLISHING_TABLE_mean,7.546739784594929,0.1062299155028413,True
2,p2_primary_USAGE_OF_POLISHING_TABLE_std,0.4331021851610607,-0.1767766952966369,False
2,p2_primary_USAGE_OF_PRESSURIZED_SHEET_decreasing,5.5371178285647344,-0.176776695296637,True
2,p2_primary_USAGE_OF_PRESSURIZED_SHEET_mean,20958.209011200415,-0.2978889963434437,True
2,p2_primary_USAGE_OF_PRESSURIZED_SHEET_std,6.506640462687149,0.0,True
2,p2_primary_WAFER_ROTATION_mean,0.6363650351268644,-0.36181482809935867,False
2,p2_primary_duration,0.14084816992363106,0.42760964872359575,True
2,p2_secondary_CENTER_AIR_BAG_PRESSURE_auc,0.9086043607111686,0.0,False
2,p2_secondary_CENTER_AIR_BAG_PRESSURE_mean,0.9349203032619092,0.0,False
2,p2_secondary_CENTER_AIR_BAG_PRESSURE_std,0.029110814254982055,0.0,False
2,p2_secondary_DRESSING_WATER_STATUS_auc,0.09356763670310601,-0.07951495689673538,False
2,p2_secondary_DRESSING_WATER_STATUS_mean,0.020420041162473784,0.17572704962486393,True
2,p2_secondary_DRESSING_WATER_STATUS_std,0.3521205506576425,0.017256473733011535,False
2,p2_secondary_EDGE_AIR_BAG_PRESSURE_auc,0.17599486997488914,0.0,False
2,p2_secondary_EDGE_AIR_BAG_PRESSURE_mean,0.3817492965777688,0.0,False
2,p2_secondary_EDGE_AIR_BAG_PRESSURE_std,0.8825629765357442,0.0,False
2,p2_secondary_HEAD_ROTATION_mean,0.6486528426781105,-0.20266275300531705,False
2,p2_secondary_MAIN_OUTER_AIR_BAG_PRESSURE_auc,0.9315038260535977,0.0,False
2,p2_secondary_MAIN_OUTER_AIR_BAG_PRESSURE_mean,0.9936782074438564,0.0,False
2,p2_secondary_MAIN_OUTER_AIR_BAG_PRESSURE_std,0.7530937408131467,0.0,False
2,p2_secondary_PRESSURIZED_CHAMBER_PRESSURE_auc,0.7828281383648006,0.0,False
2,p2_secondary_PRESSURIZED_CHAMBER_PRESSURE_mean,0.7488674712126225,0.0,False
2,p2_secondary_PRESSURIZED_CHAMBER_PRESSURE_std,0.8222153659038811,0.0,False
2,p2_secondary_RETAINER_RING_PRESSURE_auc,0.7271578239718801,0.0,False
2,p2_secondary_RETAINER_RING_PRESSURE_mean,0.2290201782854272,-0.17677669529663692,False
2,p2_secondary_RETAINER_RING_PRESSURE_std,1.908376632008521,0.0,True
2,p2_secondary_RIPPLE_AIR_BAG_PRESSURE_auc,0.6934423301582,0.0,False
2,p2_secondary_RIPPLE_AIR_BAG_PRESSURE_mean,0.7794433854275571,0.0,False
2,p2_secondary_RIPPLE_AIR_BAG_PRESSURE_std,1.0787693807666772,0.0,False
2,p2_secondary_SLURRY_FLOW_LINE_A_auc,0.029774132658315623,-0.16897063723850633,False
2,p2_secondary_SLURRY_FLOW_LINE_A_mean,0.09206184701851959,0.17677669529663692,True
2,p2_secondary_SLURRY_FLOW_LINE_A_std,0.1430249869414492,0.10595478054391386,False
2,p2_secondary_SLURRY_FLOW_LINE_B_auc,0.3329748230996442,-0.2466708437870132,False
2,p2_secondary_SLURRY_FLOW_LINE_B_mean,0.5219909711241387,-0.09496461880450204,False
2,p2_secondary_SLURRY_FLOW_LINE_B_std,0.9354109360997185,0.15929407992069106,True
2,p2_secondary_SLURRY_FLOW_LINE_C_auc,0.25157779328246316,-0.1338316897952553,False
2,p2_secondary_SLURRY_FLOW_LINE_C_mean,0.21518790595175663,0.0,False
2,p2_secondary_SLURRY_FLOW_LINE_C_std,0.43005590943992394,-0.16589381776289283,False
2,p2_secondary_STAGE_ROTATION_mean,1.117560171153442,0.17677669529663695,True
2,p2_secondary_USAGE_OF_BACKING_FILM_decreasing,56.198028963338864,0.0,True
2,p2_secondary_USAGE_OF_BACKING_FILM_mean,1014.2174809793677,0.18481604588828374,True
2,p2_secondary_USAGE_OF_BACKING_FILM_std,115.86586117473271,0.0,True
2,p2_secondary_USAGE_OF_DRESSER_TABLE_decreasing,0.40450807206149886,0.0,False
2,p2_secondary_USAGE_OF_DRESSER_TABLE_mean,3399.394052261177,0.4508274953355006,True
2,p2_secondary_USAGE_OF_DRESSER_TABLE_std,0.31322757047050576,0.0,False
2,p2_secondary_USAGE_OF_DRESSER_decreasing,0.030233766621805935,0.1767766952966368,True
2,p2_secondary_USAGE_OF_DRESSER_mean,144.40010162256505,0.23438815818055947,True
2,p2_secondary_USAGE_OF_DRESSER_std,0.3452979868062445,0.17677669529663695,True
2,p2_secondary_USAGE_OF_MEMBRANE_decreasing,55.44649647372276,0.17677669529663687,True
2,p2_secondary_USAGE_OF_MEMBRANE_mean,1025.3809845656292,0.22426175515321187,True
2,p2_secondary_USAGE_OF_MEMBRANE_std,203.50418526964455,0.0,True
2,p2_secondary_USAGE_OF_POLISHING_TABLE_decreasing,0.8148287163323498,-0.25412129464132027,False
2,p2_secondary_USAGE_OF_POLISHING_TABLE_mean,7.586530207884607,0.18773554397562048,True
2,p2_secondary_USAGE_OF_POLISHING_TABLE_std,0.9075032581933717,0.17677669529663692,True
2,p2_secondary_USAGE_OF_PRESSURIZED_SHEET_decreasing,30.294386841104984,0.0,True
2,p2_secondary_USAGE_OF_PRESSURIZED_SHEET_mean,1025.2041464546555,0.12627760266642105,True
2,p2_secondary_USAGE_OF_PRESSURIZED_SHEET_std,32.02570084117121,0.0,True
2,p2_secondary_WAFER_ROTATION_mean,1.5319381700422705,0.17677669529663684,True
2,p2_secondary_duration,0.4420950408636748,-0.0791499184091126,False
3,lag_1,1.2899620263847444,1.0636283866356613,True
3,lag_2,1.5162398747037718,0.4348109820459512,True
3,lag_3,1.106240342106327,0.38743553482140697,True
3,lag_4,1.5105440371502061,0.38202748141038717,True
3,lag_5,0.4771442405262176,0.10539555452349028,False
3,lag_6,0.5333456220931486,0.3355470169198599,True
3,lag_7,1.3840503290338002,-0.0435322181652902,False
3,lag_8,0.9967595065099288,0.07286231157486481,False
3,lag_9,1.0389354281050938,0.20327400830954037,True
3,lag_10,0.46101081938414007,0.11086075425194744,False
3,lag_11,0.33249059468976155,0.05056509486239126,False
3,neighbor_1,3.010007053063048,0.8777010686624737,True
3,neighbor_2,0.3605906589312841,0.15271123130165876,True
3,neighbor_3,1.3491099811331246,0.647744006253335,True
3,neighbor_4,1.5282669380793499,0.3068163328243576,True
3,neighbor_5,2.3593440048661916,0.7037379707984953,True
3,neighbor_6,0.5955174664661084,0.3059194393664588,True
3,neighbor_7,0.47547619658556717,-0.2348005350904831,False
3,neighbor_8,0.42067402574401125,0.40330055545533844,True
3,neighbor_9,1.3191144114270743,-0.1474882770916272,False
3,neighbor_10,0.22731419104775843,0.26372333455276126,True
3,p2_primary_CENTER_AIR_BAG_PRESSURE_auc,1.4132811395458702,0.0,False
3,p2_primary_CENTER_AIR_BAG_PRESSURE_mean,1.4860243830849444,0.0,False
3,p2_primary_CENTER_AIR_BAG_PRESSURE_std,0.12044282476062117,-0.13366542884656735,False
3,p2_primary_DRESSING_WATER_STATUS_auc,0.2697935033638501,0.0442946154477969,False
3,p2_primary_DRESSING_WATER_STATUS_mean,0.2699202751444582,0.2051388588937631,True
3,p2_primary_DRESSING_WATER_STATUS_std,0.37152999097092976,0.07965921671318005,False
3,p2_primary_EDGE_AIR_BAG_PRESSURE_auc,0.2932209036745042,0.17677669529663698,True
3,p2_primary_EDGE_AIR_BAG_PRESSURE_mean,0.19132272839272116,0.0,False
3,p2_primary_EDGE_AIR_BAG_PRESSURE_std,0.7857389040698417,0.0,False
3,p2_primary_HEAD_ROTATION_mean,0.27337007679520553,-0.14480603827137137,False
3,p2_primary_MAIN_OUTER_AIR_BAG_PRESSURE_auc,1.3082949119747478,0.1767766952966368,True
3,p2_primary_MAIN_OUTER_AIR_BAG_PRESSURE_mean,1.020912476543243,0.17677669529663687,True
3,p2_primary_MAIN_OUTER_AIR_BAG_PRESSURE_std,1.2082154422967184,0.0,False
3,p2_primary_PRESSURIZED_CHAMBER_PRESSURE_auc,1.009042831648393,0.0,False
3,p2_primary_PRESSURIZED_CHAMBER_PRESSURE_mean,0.6956777233921521,0.0,False
3,p2_primary_PRESSURIZED_CHAMBER_PRESSURE_std,1.2785747625919124,-0.17677669529663678,False
3,p2_primary_RETAINER_RING_PRESSURE_auc,1.0329444701905872,0.2554013838505552,True
3,p2_primary_RETAINER_RING_PRESSURE_mean,0.5633214055218131,0.0,False
3,p2_primary_RETAINER_RING_PRESSURE_std,1.3524384289415834,-0.01085064966177907,False
3,p2_primary_RIPPLE_AIR_BAG_PRESSURE_auc,1.9635785797382417,-0.17677669529663698,True
3,p2_primary_RIPPLE_AIR_BAG_PRESSURE_mean,1.8762068811194186,0.0,True
3,p2_primary_RIPPLE_AIR_BAG_PRESSURE_std,0.5139005914008303,-0.21156199912766713,False
3,p2_primary_SLURRY_FLOW_LINE_A_auc,0.675861328484454,0.22473327774824672,True
3,p2_primary_SLURRY_FLOW_LINE_A_mean,0.5545718801493887,0.08130363411581985,False
3,p2_primary_SLURRY_FLOW_LINE_A_std,0.46676983132859107,-0.21952945302406168,False
3,p2_primary_SLURRY_FLOW_LINE_B_auc,0.17331556355523645,0.18532092993804972,True
3,p2_primary_SLURRY_FLOW_LINE_B_mean,0.4149882878191335,0.2141259848347213,True
3,p2_primary_SLURRY_FLOW_LINE_B_std,0.9495687153795943,-0.07443881846336566,False
3,p2_primary_SLURRY_FLOW_LINE_C_auc,1.1454684757433826,-0.17677669529663687,False
3,p2_primary_SLURRY_FLOW_LINE_C_mean,0.9182103247698082,-0.1767766952966369,False
3,p2_primary_SLURRY_FLOW_LINE_C_std,0.7113979091292724,0.22537839776542948,True
3,p2_primary_STAGE_ROTATION_mean,0.19439911502330107,0.165316074416436,True
3,p2_primary_USAGE_OF_BACKING_FILM_decreasing,7.046442550180297,0.0,True
3,p2_primary_USAGE_OF_BACKING_FILM_mean,163952.10741921994,0.30952311689344,True
3,p2_primary_USAGE_OF_BACKING_FILM_std,5.378291604931894,0.0,True
3,p2_primary_USAGE_OF_DRESSER_TABLE_decreasing,0.8790028377506488,0.0,False
3,p2_primary_USAGE_OF_DRESSER_TABLE_mean,1827.5129362379253,0.41575349058256356,True
3,p2_primary_USAGE_OF_DRESSER_TABLE_std,0.6976474230695363,0.0,False
3,p2_primary_USAGE_OF_DRESSER_decreasing,1.1820077228218637,0.0,False
3,p2_primary_USAGE_OF_DRESSER_mean,98.76570140165074,-0.019158580104207148,True
3,p2_primary_USAGE_OF_DRESSER_std,0.9823387923487499,0.0,False
3,p2_primary_USAGE_OF_MEMBRANE_decreasing,15.801081089637153,0.0,True
3,p2_primary_USAGE_OF_MEMBRANE_mean,83441.36925564977,0.20271704455486309,True
3,p2_primary_USAGE_OF_MEMBRANE_std,26.844577866008336,0.0,True
3,p2_primary_USAGE_OF_POLISHING_TABLE_decreasing,0.6038825223290648,0.0,False
3,p2_primary_USAGE_OF_POLISHING_TABLE_mean,3.0752363432872927,0.42788133380882737,True
3,p2_primary_USAGE_OF_POLISHING_TABLE_std,0.7554360390109441,0.0,False
3,p2_primary_USAGE_OF_PRESSURIZED_SHEET_decreasing,30.579610901523132,0.0,True
3,p2_primary_USAGE_OF_PRESSURIZED_SHEET_mean,83441.72598821115,-0.25313482449311797,True
3,p2_primary_USAGE_OF_PRESSURIZED_SHEET_std,15.798623629819938,0.0,True
3,p2_primary_WAFER_ROTATION_mean,0.43180321266325716,-0.20406797124808845,False
3,p2_primary_duration,0.5248081965193058,0.2009002954743463,True
3,p2_secondary_CENTER_AIR_BAG_PRESSURE_auc,1.579664770430307,0.0,True
3,p2_secondary_CENTER_AIR_BAG_PRESSURE_mean,1.6944334750369205,0.0,True
3,p2_secondary_CENTER_AIR_BAG_PRESSURE_std,1.1385256113672049,-0.1767766952966368,False
3,p2_secondary_DRESSING_WATER_STATUS_auc,0.6677163344743592,-0.04009189829682692,False
3,p2_secondary_DRESSING_WATER_STATUS_mean,0.6658692875989506,-0.18680760790871834,False
3,p2_secondary_DRESSING_WATER_STATUS_std,0.868326194713331,0.15519457165673917,True
3,p2_secondary_EDGE_AIR_BAG_PRESSURE_auc,0.16391924428932161,0.0,False
3,p2_secondary_EDGE_AIR_BAG_PRESSURE_mean,0.0591495879408014,0.0,False
3,p2_secondary_EDGE_AIR_BAG_PRESSURE_std,0.4306654735822868,0.17677669529663695,True
3,p2_secondary_HEAD_ROTATION_mean,0.212556248218321,0.3159601944618567,True
3,p2_secondary_MAIN_OUTER_AIR_BAG_PRESSURE_auc,0.8929428336977872,0.0,False
3,p2_secondary_MAIN_OUTER_AIR_BAG_PRESSURE_mean,0.9384175181903629,0.0,False
3,p2_secondary_MAIN_OUTER_AIR_BAG_PRESSURE_std,0.7305197150858738,0.0,False
3,p2_secondary_PRESSURIZED_CHAMBER_PRESSURE_auc,0.262874998323814,0.0,False
3,p2_secondary_PRESSURIZED_CHAMBER_PRESSURE_mean,0.17438085680158696,0.0,False
3,p2_secondary_PRESSURIZED_CHAMBER_PRESSURE_std,0.14827987441825807,-0.17638700290830645,False
3,p2_secondary_RETAINER_RING_PRESSURE_auc,0.7878444659513737,0.0,False
3,p2_secondary_RETAINER_RING_PRESSURE_mean,1.5027824285451565,0.0,True
3,p2_secondary_RETAINER_RING_PRESSURE_std,0.45971876346418233,-0.17794255826818317,False
3,p2_secondary_RIPPLE_AIR_BAG_PRESSURE_auc,0.7718042262314704,0.0,False
3,p2_secondary_RIPPLE_AIR_BAG_PRESSURE_mean,0.8158582424809686,0.0,False
3,p2_secondary_RIPPLE_AIR_BAG_PRESSURE_std,0.39270638301792704,0.0,False
3,p2_secondary_SLURRY_FLOW_LINE_A_auc,0.4148334532575746,0.0,False
3,p2_secondary_SLURRY_FLOW_LINE_A_mean,0.9855911941124792,-0.1767766952966369,False
3,p2_secondary_SLURRY_FLOW_LINE_A_std,0.7381020800701992,0.18137386330743557,True
3,p2_secondary_SLURRY_FLOW_LINE_B_auc,0.5745561203310181,-0.17677669529663695,False
3,p2_secondary_SLURRY_FLOW_LINE_B_mean,0.23813910288318885,-0.03315032962152717,False
3,p2_secondary_SLURRY_FLOW_LINE_B_std,0.45592259930923257,-0.17677669529663695,False
3,p2_secondary_SLURRY_FLOW_LINE_C_auc,0.5140816260372937,-0.17677669529663706,False
3,p2_secondary_SLURRY_FLOW_LINE_C_mean,0.30732413537464387,-0.05477247283912531,False
3,p2_secondary_SLURRY_FLOW_LINE_C_std,0.9968400728344592,0.0,False
3,p2_secondary_STAGE_ROTATION_mean,0.8577109228834845,-0.24267761129375653,False
3,p2_secondary_USAGE_OF_BACKING_FILM_decreasing,51.92899573557317,0.0,True
3,p2_secondary_USAGE_OF_BACKING_FILM_mean,856.8998229552329,0.0,True
3,p2_secondary_USAGE_OF_BACKING_FILM_std,13.108653910529037,0.0,True
3,p2_secondary_USAGE_OF_DRESSER_TABLE_decreasing,0.6738449949503282,0.0,False
3,p2_secondary_USAGE_OF_DRESSER_TABLE_mean,1815.853772272897,0.27993275754300506,True
3,p2_secondary_USAGE_OF_DRESSER_TABLE_std,0.6856643501468306,0.0,False
3,p2_secondary_USAGE_OF_DRESSER_decreasing,1.1489876310947589,0.0,False
3,p2_secondary_USAGE_OF_DRESSER_mean,98.87001736349744,0.08050411794585106,True
3,p2_secondary_USAGE_OF_DRESSER_std,1.3336847538288856,0.176776695296637,True
3,p2_secondary_USAGE_OF_MEMBRANE_decreasing,234.51903791626444,0.0,True
3,p2_secondary_USAGE_OF_MEMBRANE_mean,866.5036945462815,0.0,True
3,p2_secondary_USAGE_OF_MEMBRANE_std,402.01705766151116,0.0,True
3,p2_secondary_USAGE_OF_POLISHING_TABLE_decreasing,0.10736946638842743,0.0,False
3,p2_secondary_USAGE_OF_POLISHING_TABLE_mean,3.0812896865816017,0.3165845973932476,True
3,p2_secondary_USAGE_OF_POLISHING_TABLE_std,0.0915703809270317,0.0,False
3,p2_secondary_USAGE_OF_PRESSURIZED_SHEET_decreasing,140.92837209409075,0.0,True
3,p2_secondary_USAGE_OF_PRESSURIZED_SHEET_mean,849.185350890372,0.17824785403978655,True
3,p2_secondary_USAGE_OF_PRESSURIZED_SHEET_std,184.36469888055024,0.0,True
3,p2_secondary_WAFER_ROTATION_mean,0.8543630059711134,-0.19266840066206628,False
3,p2_secondary_duration,0.4971215984107794,-0.28176200411376146,False
4,lag_1,1.756985737528919,0.683036474270123,True
4,lag_2,1.3755229942639748,0.5624360225009234,True
4,lag_3,1.6651304684621016,0.29323428348854946,True
4,lag_4,0.3007154976155647,0.12008289276754587,False
4,lag_5,0.1845188557539437,-0.14241551429487687,False
4,lag_6,0.8004120870890249,0.31884373744411315,True
4,lag_7,0.5512277492502505,0.45238386062311237,True
4,lag_8,0.10864932156418279,0.3371874660139966,True
4,lag_9,0.2906341335439281,-0.0481487044356024,False
4,lag_10,0.4727759086744866,0.4333918063187254,True
4,lag_11,0.5767984503666397,-0.1883021047244214,False
4,neighbor_1,2.687850831945979,1.266531645370814,True
4,neighbor_2,1.5011819771014856,0.47927624015379916,True
4,neighbor_3,0.6728877891835333,0.20314937274675277,True
4,neighbor_4,0.6563852816948551,0.5494642317813274,True
4,neighbor_5,0.6770830865692369,0.29393807810604444,True
4,neighbor_6,2.1997379254416405,0.29645535568188414,True
4,neighbor_7,0.2759359207735006,0.008536545451094207,False
4,neighbor_8,2.6304883687033604,0.11132154228580668,True
4,neighbor_9,0.47852068925395247,-0.10992278530951237,False
4,neighbor_10,1.1697144412187384,0.27586186642160376,True
4,p2_primary_CENTER_AIR_BAG_PRESSURE_auc,2.0888991768038396,0.0,True
4,p2_primary_CENTER_AIR_BAG_PRESSURE_mean,2.1371374215747863,0.0,True
4,p2_primary_CENTER_AIR_BAG_PRESSURE_std,0.46920584011840527,0.0,False
4,p2_primary_DRESSING_WATER_STATUS_auc,0.3108846714496473,0.023946889140131482,False
4,p2_primary_DRESSING_WATER_STATUS_mean,0.40812953374775196,-0.1589845374031193,False
4,p2_primary_DRESSING_WATER_STATUS_std,1.553368959223286,0.03967609659528569,True
4,p2_primary_EDGE_AIR_BAG_PRESSURE_auc,0.2561651278488769,0.0,False
4,p2_primary_EDGE_AIR_BAG_PRESSURE_mean,0.30275115701712546,-0.17677669529663692,False
4,p2_primary_EDGE_AIR_BAG_PRESSURE_std,0.0613597857311225,0.0,False
4,p2_primary_HEAD_ROTATION_mean,0.21719579326800764,0.2790774297150094,True
4,p2_primary_MAIN_OUTER_AIR_BAG_PRESSURE_auc,0.5332513069121553,-0.17677669529663695,False
4,p2_primary_MAIN_OUTER_AIR_BAG_PRESSURE_mean,0.49145126557967583,0.0,False
4,p2_primary_MAIN_OUTER_AIR_BAG_PRESSURE_std,0.08724409846580726,0.17677669529663692,True
4,p2_primary_PRESSURIZED_CHAMBER_PRESSURE_auc,0.4683595777414517,0.0,False
4,p2_primary_PRESSURIZED_CHAMBER_PRESSURE_mean,0.21962010167113125,0.1767766952966369,True
4,p2_primary_PRESSURIZED_CHAMBER_PRESSURE_std,0.6201715950643549,0.0428324726894859,False
4,p2_primary_RETAINER_RING_PRESSURE_auc,0.8002907727034391,0.17677669529663687,True
4,p2_primary_RETAINER_RING_PRESSURE_mean,0.5811558765694687,-0.0791625345493486,False
4,p2_primary_RETAINER_RING_PRESSURE_std,0.09697439038473608,0.030319311687515373,False
4,p2_primary_RIPPLE_AIR_BAG_PRESSURE_auc,1.93597295895468,0.0,True
4,p2_primary_RIPPLE_AIR_BAG_PRESSURE_mean,2.0329560014582615,0.0,True
4,p2_primary_RIPPLE_AIR_BAG_PRESSURE_std,0.5556845231675819,-0.17677669529663695,False
4,p2_primary_SLURRY_FLOW_LINE_A_auc,0.8511435057148056,0.0,False
4,p2_primary_SLURRY_FLOW_LINE_A_mean,0.09869005073612616,-0.19380399850917768,False
4,p2_primary_SLURRY_FLOW_LINE_A_std,2.884961045801958,0.14469697711372678,True
4,p2_primary_SLURRY_FLOW_LINE_B_auc,0.08982131537993775,-0.0023195779214801576,False
4,p2_primary_SLURRY_FLOW_LINE_B_mean,0.3429271997176765,0.0,False
4,p2_primary_SLURRY_FLOW_LINE_B_std,1.6518130920989618,-0.19874093619941097,True
4,p2_primary_SLURRY_FLOW_LINE_C_auc,0.9132832472809411,0.0,False
4,p2_primary_SLURRY_FLOW_LINE_C_mean,1.029273841848799,0.19712879295555405,True
4,p2_primary_SLURRY_FLOW_LINE_C_std,0.5837253136722207,0.20887654161037614,True
4,p2_primary_STAGE_ROTATION_mean,1.2734675755602687,0.27823964589173744,True
4,p2_primary_USAGE_OF_BACKING_FILM_decreasing,68.239715603077,-0.1767766952966369,True
4,p2_primary_USAGE_OF_BACKING_FILM_mean,11075.608690800396,0.0,True
4,p2_primary_USAGE_OF_BACKING_FILM_std,13.965774395828715,0.0,True
4,p2_primary_USAGE_OF_DRESSER_TABLE_decreasing,0.26508024723160084,0.0,False
4,p2_primary_USAGE_OF_DRESSER_TABLE_mean,3756.1660688859897,0.4064709174161256,True
4,p2_primary_USAGE_OF_DRESSER_TABLE_std,0.9528577592114239,0.0,False
4,p2_primary_USAGE_OF_DRESSER_decreasing,1.0664048015141216,0.0,False
4,p2_primary_USAGE_OF_DRESSER_mean,104.88486238866517,0.09595080810638452,True
4,p2_primary_USAGE_OF_DRESSER_std,1.1218736768278001,-0.17677669529663687,False
4,p2_primary_USAGE_OF_MEMBRANE_decreasing,399.5347744488252,0.0,True
4,p2_primary_USAGE_OF_MEMBRANE_mean,1926.874985670115,0.1767766952966369,True
4,p2_primary_USAGE_OF_MEMBRANE_std,400.2097570519827,0.0,True
4,p2_primary_USAGE_OF_POLISHING_TABLE_decreasing,0.21150857521792807,-0.17677669529663698,False
4,p2_primary_USAGE_OF_POLISHING_TABLE_mean,22.436863999877144,0.13985857145100197,True
4,p2_primary_USAGE_OF_POLISHING_TABLE_std,0.07227220272184885,0.1767766952966369,True
4,p2_primary_USAGE_OF_PRESSURIZED_SHEET_decreasing,324.88243040353996,0.0,True
4,p2_primary_USAGE_OF_PRESSURIZED_SHEET_mean,1926.62970232699,0.0679393664214821,True
4,p2_primary_USAGE_OF_PRESSURIZED_SHEET_std,380.35935399573054,0.0,True
4,p2_primary_WAFER_ROTATION_mean,1.150628647243637,-0.1047595225157306,False
4,p2_primary_duration,0.9283220008551298,0.05661995280169547,False
4,p2_secondary_CENTER_AIR_BAG_PRESSURE_auc,0.7815019105807046,0.0,False
4,p2_secondary_CENTER_AIR_BAG_PRESSURE_mean,0.6897667944370525,0.0,False
4,p2_secondary_CENTER_AIR_BAG_PRESSURE_std,1.3247446421148859,0.0,False
4,p2_secondary_DRESSING_WATER_STATUS_auc,0.4102955734601884,0.06618003398198953,False
4,p2_secondary_DRESSING_WATER_STATUS_mean,0.46238158980238775,0.18483636573891632,True
4,p2_secondary_DRESSING_WATER_STATUS_std,0.08723984870388331,-0.04258629690658276,False
4,p2_secondary_EDGE_AIR_BAG_PRESSURE_auc,0.20278874196807517,-0.17677669529663687,False
4,p2_secondary_EDGE_AIR_BAG_PRESSURE_mean,0.12912244966154765,0.0,False
4,p2_secondary_EDGE_AIR_BAG_PRESSURE_std,1.9275327212610862,0.0,True
4,p2_secondary_HEAD_ROTATION_mean,0.21642140064812057,0.16318230019778293,True
4,p2_secondary_MAIN_OUTER_AIR_BAG_PRESSURE_auc,1.3377107433586404,0.0,False
4,p2_secondary_MAIN_OUTER_AIR_BAG_PRESSURE_mean,1.313269808239571,0.0,False
4,p2_secondary_MAIN_OUTER_AIR_BAG_PRESSURE_std,0.03004774150348781,0.2539333220394004,True
4,p2_secondary_PRESSURIZED_CHAMBER_PRESSURE_auc,1.4926267967157831,0.0,False
4,p2_secondary_PRESSURIZED_CHAMBER_PRESSURE_mean,1.3500995115478032,0.17677669529663698,True
4,p2_secondary_PRESSURIZED_CHAMBER_PRESSURE_std,0.4434103904862858,-0.040799781480643164,False
4,p2_secondary_RETAINER_RING_PRESSURE_auc,0.45731498654163155,-0.1767766952966369,False
4,p2_secondary_RETAINER_RING_PRESSURE_mean,0.3006729928868069,0.0,False
4,p2_secondary_RETAINER_RING_PRESSURE_std,0.5906998765054996,0.17677669529663692,True
4,p2_secondary_RIPPLE_AIR_BAG_PRESSURE_auc,0.590784496956927,0.17677669529663684,True
4,p2_secondary_RIPPLE_AIR_BAG_PRESSURE_mean,0.6386231655759156,-0.17677669529663703,False
4,p2_secondary_RIPPLE_AIR_BAG_PRESSURE_std,0.9260546536447627,0.1767766952966369,True
4,p2_secondary_SLURRY_FLOW_LINE_A_auc,0.688984819804732,-0.1339680432256208,False
4,p2_secondary_SLURRY_FLOW_LINE_A_mean,0.4922235860474985,0.1767766952966369,True
4,p2_secondary_SLURRY_FLOW_LINE_A_std,0.3890006977063475,0.0,False
4,p2_secondary_SLURRY_FLOW_LINE_B_auc,0.9464205564993458,0.17677669529663678,True
4,p2_secondary_SLURRY_FLOW_LINE_B_mean,0.7931744217796936,0.24007568518935285,True
4,p2_secondary_SLURRY_FLOW_LINE_B_std,0.2601180644507268,0.0,False
4,p2_secondary_SLURRY_FLOW_LINE_C_auc,1.1146894693126057,0.0,False
4,p2_secondary_SLURRY_FLOW_LINE_C_mean,1.3020749978896498,0.00896709993157856,False
4,p2_secondary_SLURRY_FLOW_LINE_C_std,1.663115667814518,0.17677669529663687,True
4,p2_secondary_STAGE_ROTATION_mean,1.420109943373531,0.014132980778108812,False
4,p2_secondary_USAGE_OF_BACKING_FILM_decreasing,5.248702029687194,0.0,True
4,p2_secondary_USAGE_OF_BACKING_FILM_mean,812024.4556667261,0.11574210128650879,True
4,p2_secondary_USAGE_OF_BACKING_FILM_std,0.9167215160586178,0.0,False
4,p2_secondary_USAGE_OF_DRESSER_TABLE_decreasing,1.3115992081628645,0.0,False
4,p2_secondary_USAGE_OF_DRESSER_TABLE_mean,3755.3881330492322,0.4130835202611937,True
4,p2_secondary_USAGE_OF_DRESSER_TABLE_std,1.9432350968665995,0.0,True
4,p2_secondary_USAGE_OF_DRESSER_decreasing,0.7921142932029224,-0.17677669529663687,False
4,p2_secondary_USAGE_OF_DRESSER_mean,105.15578567512782,0.17577993818089235,True
4,p2_secondary_USAGE_OF_DRESSER_std,0.872332342499134,0.1767766952966369,True
4,p2_secondary_USAGE_OF_MEMBRANE_decreasing,368.21803402397455,0.0,True
4,p2_secondary_USAGE_OF_MEMBRANE_mean,355509.8388361076,0.33200956458110903,True
4,p2_secondary_USAGE_OF_MEMBRANE_std,203.86151806822133,0.0,True
4,p2_secondary_USAGE_OF_POLISHING_TABLE_decreasing,0.5424781909537721,0.0,False
4,p2_secondary_USAGE_OF_POLISHING_TABLE_mean,22.475034518559582,0.2736948110099062,True
4,p2_secondary_USAGE_OF_POLISHING_TABLE_std,0.38894538012977026,-0.176776695296637,False
4,p2_secondary_USAGE_OF_PRESSURIZED_SHEET_decreasing,29.78780288566823,0.0,True
4,p2_secondary_USAGE_OF_PRESSURIZED_SHEET_mean,427477.0781704239,-0.17677669529663692,True
4,p2_secondary_USAGE_OF_PRESSURIZED_SHEET_std,25.780204647679703,0.0,True
4,p2_secondary_WAFER_ROTATION_mean,1.8980617282568317,-0.06060225223153427,True
4,p2_secondary_duration,0.9742489549685525,-0.010334382718760221,False
5,lag_1,1.476924930453713,1.1613470100872354,True
5,lag_2,0.3510435188767561,0.5418648300190766,True
5,lag_3,0.21478371673103078,0.3166520605223455,True
5,lag_4,0.25133473820405394,0.29014402836032305,True
5,lag_5,0.6194386644530243,0.34101197701902863,True
5,lag_6,1.6742007481516596,0.2868055143963658,True
5,lag_7,0.11795757901921206,-0.05184406725398193,False
5,lag_8,0.5426602520460463,0.13672867287838422,False
5,lag_9,1.0692218465241539,0.2013260900179515,True
5,lag_10,0.5878714119217027,0.11679910102272215,False
5,lag_11,0.5140260016778592,0.23289276497604997,True
5,neighbor_1,2.94699284994289,0.8572528987456952,True
5,neighbor_2,1.0159783620771514,0.2772312291916867,True
5,neighbor_3,0.9856547926650355,0.8223333857027033,True
5,neighbor_4,0.6923904406498763,0.35399476816295206,True
5,neighbor_5,0.01300456399804304,0.5256479740999244,True
5,neighbor_6,0.20621379312112678,-0.03320734244796875,False
5,neighbor_7,0.15136263620770593,0.1736251442449951,True
5,neighbor_8,0.2732650113927315,0.28267020596970305,True
5,neighbor_9,0.2780825807231199,0.023027575643539792,False
5,neighbor_10,1.7989946294735042,0.36666142687422526,True
5,p2_primary_CENTER_AIR_BAG_PRESSURE_auc,0.19429809867615247,0.0,False
5,p2_primary_CENTER_AIR_BAG_PRESSURE_mean,0.19173101089673625,0.0,False
5,p2_primary_CENTER_AIR_BAG_PRESSURE_std,0.4563361368620901,0.17677669529663687,True
5,p2_primary_DRESSING_WATER_STATUS_auc,0.09077112951173817,-0.06088727641396279,False
5,p2_primary_DRESSING_WATER_STATUS_mean,0.22715072806664285,0.157454742578334,True
5,p2_primary_DRESSING_WATER_STATUS_std,0.029545836679951976,-0.17395523458712436,False
5,p2_primary_EDGE_AIR_BAG_PRESSURE_auc,2.116244966105413,0.0,True
5,p2_primary_EDGE_AIR_BAG_PRESSURE_mean,2.199291660156046,0.0,True
5,p2_primary_EDGE_AIR_BAG_PRESSURE_std,0.6785045057587588,0.0,False
5,p2_primary_HEAD_ROTATION_mean,0.5179254862268678,-0.10763535097049692,False
5,p2_primary_MAIN_OUTER_AIR_BAG_PRESSURE_auc,1.2305142023203388,0.0,False
5,p2_primary_MAIN_OUTER_AIR_BAG_PRESSURE_mean,1.1717835201971243,0.0,False
5,p2_primary_MAIN_OUTER_AIR_BAG_PRESSURE_std,0.465541172357475,0.20650488369475384,True
5,p2_primary_PRESSURIZED_CHAMBER_PRESSURE_auc,0.4929070547587834,0.17677669529663695,True
5,p2_primary_PRESSURIZED_CHAMBER_PRESSURE_mean,0.6966341840481844,0.17677669529663692,True
5,p2_primary_PRESSURIZED_CHAMBER_PRESSURE_std,0.34608002167541385,0.029729222041074397,False
5,p2_primary_RETAINER_RING_PRESSURE_auc,0.5231720516071623,0.0,False
5,p2_primary_RETAINER_RING_PRESSURE_mean,0.7673802271318959,0.17677669529663692,True
5,p2_primary_RETAINER_RING_PRESSURE_std,0.2163633971195441,0.0,False
5,p2_primary_RIPPLE_AIR_BAG_PRESSURE_auc,0.5802558072468169,0.0,False
5,p2_primary_RIPPLE_AIR_BAG_PRESSURE_mean,0.5294409293039847,0.0,False
5,p2_primary_RIPPLE_AIR_BAG_PRESSURE_std,0.13156457216641304,0.0,False
5,p2_primary_SLURRY_FLOW_LINE_A_auc,0.33059253407094535,-0.12040852782686436,False
5,p2_primary_SLURRY_FLOW_LINE_A_mean,0.5972811518855246,0.0,False
5,p2_primary_SLURRY_FLOW_LINE_A_std,0.8633270715793093,-0.03935594266082558,False
5,p2_primary_SLURRY_FLOW_LINE_B_auc,0.07751426750331304,0.32546271385729086,True
5,p2_primary_SLURRY_FLOW_LINE_B_mean,0.16087190161439355,0.22352481857974055,True
5,p2_primary_SLURRY_FLOW_LINE_B_std,1.1588441492170716,-0.000172633205175231,False
5,p2_primary_SLURRY_FLOW_LINE_C_auc,0.5916242852316127,-0.17677669529663687,False
5,p2_primary_SLURRY_FLOW_LINE_C_mean,1.1161787656163351,-0.14484812975063294,False
5,p2_primary_SLURRY_FLOW_LINE_C_std,1.1498106494130365,0.22900869156020476,True
5,p2_primary_STAGE_ROTATION_mean,0.23370108586098118,0.38864750841595913,True
5,p2_primary_USAGE_OF_BACKING_FILM_decreasing,23.442997186846664,0.0,True
5,p2_primary_USAGE_OF_BACKING_FILM_mean,752135.5991401271,-0.29113721539803894,True
5,p2_primary_USAGE_OF_BACKING_FILM_std,39.010396091314924,0.0,True
5,p2_primary_USAGE_OF_DRESSER_TABLE_decreasing,0.42392529303427795,0.0,False
5,p2_primary_USAGE_OF_DRESSER_TABLE_mean,1858.025892632469,0.20876235632172646,True
5,p2_primary_USAGE_OF_DRESSER_TABLE_std,0.5027327015608284,-0.17677669529663692,False
5,p2_primary_USAGE_OF_DRESSER_decreasing,1.4636819870483533,-0.17677669529663698,False
5,p2_primary_USAGE_OF_DRESSER_mean,209.17804701979972,0.36845954437530937,True
5,p2_primary_USAGE_OF_DRESSER_std,1.273238407179825,0.1767766952966369,True
5,p2_primary_USAGE_OF_MEMBRANE_decreasing,64.2492796432811,-0.17677669529663692,True
5,p2_primary_USAGE_OF_MEMBRANE_mean,373588.54350484145,0.12204875759890947,True
5,p2_primary_USAGE_OF_MEMBRANE_std,110.22923880995594,0.0,True
5,p2_primary_USAGE_OF_POLISHING_TABLE_decreasing,0.7403223693827979,0.0,False
5,p2_primary_USAGE_OF_POLISHING_TABLE_mean,13.34862788739004,0.33228879150647295,True
5,p2_primary_USAGE_OF_POLISHING_TABLE_std,0.6696218556846565,0.0,False
5,p2_primary_USAGE_OF_PRESSURIZED_SHEET_decreasing,103.26190812016988,0.0,True
5,p2_primary_USAGE_OF_PRESSURIZED_SHEET_mean,373589.29812987783,0.13238006311090428,True
5,p2_primary_USAGE_OF_PRESSURIZED_SHEET_std,49.33738232303803,0.0,True
5,p2_primary_WAFER_ROTATION_mean,0.121078664789033,-0.021360784772693715,False
5,p2_primary_duration,0.6948018368895937,0.06712193861280327,False
5,p2_secondary_CENTER_AIR_BAG_PRESSURE_auc,0.5555927919848754,0.0,False
5,p2_secondary_CENTER_AIR_BAG_PRESSURE_mean,0.6560544605256621,0.0,False
5,p2_secondary_CENTER_AIR_BAG_PRESSURE_std,0.7852088100216075,0.0,False
5,p2_secondary_DRESSING_WATER_STATUS_auc,0.0965666316274697,0.13201286220246655,False
5,p2_secondary_DRESSING_WATER_STATUS_mean,0.12259425189307908,0.028793368829457135,False
5,p2_secondary_DRESSING_WATER_STATUS_std,0.35253649405425974,0.03722908369522134,False
5,p2_secondary_EDGE_AIR_BAG_PRESSURE_auc,0.5004298838496162,0.0,False
5,p2_secondary_EDGE_AIR_BAG_PRESSURE_mean,0.14593971739039394,-0.17677669529663698,False
5,p2_secondary_EDGE_AIR_BAG_PRESSURE_std,2.174954394993329,0.0,True
5,p2_secondary_HEAD_ROTATION_mean,0.577952774632545,0.21150035364888767,True
5,p2_secondary_MAIN_OUTER_AIR_BAG_PRESSURE_auc,0.24009033581741127,0.0,False
5,p2_secondary_MAIN_OUTER_AIR_BAG_PRESSURE_mean,0.21839598537760677,-0.1767766952966369,False
5,p2_secondary_MAIN_OUTER_AIR_BAG_PRESSURE_std,0.5867036086215631,0.0,False
5,p2_secondary_PRESSURIZED_CHAMBER_PRESSURE_auc,0.432411762262093,0.0,False
5,p2_secondary_PRESSURIZED_CHAMBER_PRESSURE_mean,0.12753781896957084,0.0,False
5,p2_secondary_PRESSURIZED_CHAMBER_PRESSURE_std,1.3367890284444564,0.17677669529663684,True
5,p2_secondary_RETAINER_RING_PRESSURE_auc,0.7078076300724615,0.0,False
5,p2_secondary_RETAINER_RING_PRESSURE_mean,0.7282651749608616,0.24142857341209112,True
5,p2_secondary_RETAINER_RING_PRESSURE_std,2.424825982693604,0.0830006525490042,True
5,p2_secondary_RIPPLE_AIR_BAG_PRESSURE_auc,1.370519894493203,0.0,False
5,p2_secondary_RIPPLE_AIR_BAG_PRESSURE_mean,1.4440538240125207,-0.17677669529663687,False
5,p2_secondary_RIPPLE_AIR_BAG_PRESSURE_std,0.16970937799799718,0.0,False
5,p2_secondary_SLURRY_FLOW_LINE_A_auc,0.7997065269459592,0.06616910100323974,False
5,p2_secondary_SLURRY_FLOW_LINE_A_mean,0.7019206905396832,0.17677669529663695,True
5,p2_secondary_SLURRY_FLOW_LINE_A_std,0.7507547637579225,0.1767766952966369,True
5,p2_secondary_SLURRY_FLOW_LINE_B_auc,0.4100030289220542,0.12298309979090279,False
5,p2_secondary_SLURRY_FLOW_LINE_B_mean,0.3666634291576126,0.08302925008821212,False
5,p2_secondary_SLURRY_FLOW_LINE_B_std,0.22011223537076496,-0.2503056973220262,False
5,p2_secondary_SLURRY_FLOW_LINE_C_auc,0.4708237862853368,0.1767766952966368,True
5,p2_secondary_SLURRY_FLOW_LINE_C_mean,0.6137656283415485,0.17677669529663695,True
5,p2_secondary_SLURRY_FLOW_LINE_C_std,0.12610699302472683,-0.12772777409247488,False
5,p2_secondary_STAGE_ROTATION_mean,0.6116292133522822,0.26463647620819225,True
5,p2_secondary_USAGE_OF_BACKING_FILM_decreasing,9.458008412881812,0.0,True
5,p2_secondary_USAGE_OF_BACKING_FILM_mean,352864.9626671817,0.17677669529663687,True
5,p2_secondary_USAGE_OF_BACKING_FILM_std,11.181591444041608,0.0,True
5,p2_secondary_USAGE_OF_DRESSER_TABLE_decreasing,0.466869987954902,0.0,False
5,p2_secondary_USAGE_OF_DRESSER_TABLE_mean,1854.8240158622073,0.4388336875761246,True
5,p2_secondary_USAGE_OF_DRESSER_TABLE_std,0.36413358699108855,0.0,False
5,p2_secondary_USAGE_OF_DRESSER_decreasing,0.9559233851489887,0.0,False
5,p2_secondary_USAGE_OF_DRESSER_mean,213.05450728038912,0.2106525889003128,True
5,p2_secondary_USAGE_OF_DRESSER_std,1.040462917782303,0.0,False
5,p2_secondary_USAGE_OF_MEMBRANE_decreasing,1080.6795432140993,0.0,True
5,p2_secondary_USAGE_OF_MEMBRANE_mean,149240.49541383734,0.24982984381888068,True
5,p2_secondary_USAGE_OF_MEMBRANE_std,759.0854153891024,0.0,True
5,p2_secondary_USAGE_OF_POLISHING_TABLE_decreasing,0.7559849864026771,0.0,False
5,p2_secondary_USAGE_OF_POLISHING_TABLE_mean,13.358684600793206,-0.10763943243064439,True
5,p2_secondary_USAGE_OF_POLISHING_TABLE_std,0.7389616306707658,0.0,False
5,p2_secondary_USAGE_OF_PRESSURIZED_SHEET_decreasing,138.083533570703,0.17677669529663687,True
5,p2_secondary_USAGE_OF_PRESSURIZED_SHEET_mean,184832.62484209548,0.213224402100164,True
5,p2_secondary_USAGE_OF_PRESSURIZED_SHEET_std,135.17740945523104,0.0,True
5,p2_secondary_WAFER_ROTATION_mean,2.004149808589811,0.1767766952966369,True
5,p2_secondary_duration,0.3641798906701612,0.02207415274230303,False
6,lag_1,2.066371978788775,0.848804568896215,True
6,lag_2,1.1325661583054243,-0.25925808773737885,False
6,lag_3,1.2946267572678718,0.22607328341361713,True
6,lag_4,0.9208380826844789,0.3338829425904619,True
6,lag_5,0.8548908044736598,0.25753704554680296,True
6,lag_6,0.7628468406383785,-0.1876835260016159,False
6,lag_7,0.8154916546068544,0.4842456262776766,True
6,lag_8,1.1239214005199207,0.11769177409314657,False
6,lag_9,0.9601022989764517,0.09917928360638716,False
6,lag_10,1.4189316079771566,0.10895197521009153,False
6,lag_11,2.3569112847162326,0.21035650006809534,True
6,neighbor_1,3.9019808896597543,1.0687160928858173,True
6,neighbor_2,0.2699337030980134,0.4327909486660633,True
6,neighbor_3,0.6842160251454567,0.09990180415982583,False
6,neighbor_4,0.6567653253708772,0.287964578941501,True
6,neighbor_5,0.18486597096883328,0.43864264505456707,True
6,neighbor_6,1.4301599182457232,0.42677570833241535,True
6,neighbor_7,0.7065805241600241,0.3441258434852667,True
6,neighbor_8,0.36777045460203206,0.3574202199298023,True
6,neighbor_9,0.1078426529914178,0.134328461461275,False
6,neighbor_10,0.194009862180264,0.3237270677700147,True
6,p2_primary_CENTER_AIR_BAG_PRESSURE_auc,0.4490173921351553,0.0,False
6,p2_primary_CENTER_AIR_BAG_PRESSURE_mean,0.3649603294947728,0.0,False
6,p2_primary_CENTER_AIR_BAG_PRESSURE_std,0.049571415232208926,0.0,False
6,p2_primary_DRESSING_WATER_STATUS_auc,0.5191055451952247,-0.14119303678136752,False
6,p2_primary_DRESSING_WATER_STATUS_mean,0.4487684308451452,0.3590577927612847,True
6,p2_primary_DRESSING_WATER_STATUS_std,0.17014476066612755,-0.00581644304420573,False
6,p2_primary_EDGE_AIR_BAG_PRESSURE_auc,0.6234820261549795,0.17677669529663692,True
6,p2_primary_EDGE_AIR_BAG_PRESSURE_mean,0.9036388545612998,0.0,False
6,p2_primary_EDGE_AIR_BAG_PRESSURE_std,0.6260151865050838,0.2092000940738039,True
6,p2_primary_HEAD_ROTATION_mean,0.7661905136038935,0.12688896989395423,False
6,p2_primary_MAIN_OUTER_AIR_BAG_PRESSURE_auc,1.060968370492471,0.0,False
6,p2_primary_MAIN_OUTER_AIR_BAG_PRESSURE_mean,0.9215006199702364,0.0,False
6,p2_primary_MAIN_OUTER_AIR_BAG_PRESSURE_std,0.10590324760312922,0.0,False
6,p2_primary_PRESSURIZED_CHAMBER_PRESSURE_auc,0.23812873176378938,0.0,False
6,p2_primary_PRESSURIZED_CHAMBER_PRESSURE_mean,0.0844307788058174,0.17677669529663675,True
6,p2_primary_PRESSURIZED_CHAMBER_PRESSURE_std,0.09478074976205622,0.0,False
6,p2_primary_RETAINER_RING_PRESSURE_auc,0.387218416346989,0.244163346608,True
6,p2_primary_RETAINER_RING_PRESSURE_mean,0.004547847644781558,0.0,False
6,p2_primary_RETAINER_RING_PRESSURE_std,0.7132231293695207,-0.17677669529663678,False
6,p2_primary_RIPPLE_AIR_BAG_PRESSURE_auc,1.0956932312212897,0.0,False
6,p2_primary_RIPPLE_AIR_BAG_PRESSURE_mean,1.0902465473730631,0.0,False
6,p2_primary_RIPPLE_AIR_BAG_PRESSURE_std,0.5247806267787954,0.17677669529663692,True
6,p2_primary_SLURRY_FLOW_LINE_A_auc,0.7184111145578184,0.2475977894268015,True
6,p2_primary_SLURRY_FLOW_LINE_A_mean,1.2321423518897119,0.17677669529663695,True
6,p2_primary_SLURRY_FLOW_LINE_A_std,1.4903194895267229,0.1767766952966369,True
6,p2_primary_SLURRY_FLOW_LINE_B_auc,0.8806708555125468,-0.17677669529663695,False
6,p2_primary_SLURRY_FLOW_LINE_B_mean,1.0557500222943255,0.12882132194639345,False
6,p2_primary_SLURRY_FLOW_LINE_B_std,0.7248241018319381,0.10119423696850094,False
6,p2_primary_SLURRY_FLOW_LINE_C_auc,1.8895510598932543,0.0,True
6,p2_primary_SLURRY_FLOW_LINE_C_mean,1.5240274683448256,-0.17677669529663678,True
6,p2_primary_SLURRY_FLOW_LINE_C_std,0.24633923955452014,0.17677669529663687,True
6,p2_primary_STAGE_ROTATION_mean,0.22726386174483612,0.3585371982073201,True
6,p2_primary_USAGE_OF_BACKING_FILM_decreasing,35.72157053582866,0.17677669529663684,True
6,p2_primary_USAGE_OF_BACKING_FILM_mean,1246719.7772898043,0.09423142317471836,True
6,p2_primary_USAGE_OF_BACKING_FILM_std,24.866845470321557,0.0,True
6,p2_primary_USAGE_OF_DRESSER_TABLE_decreasing,2.359020379799093,-0.1767766952966369,True
6,p2_primary_USAGE_OF_DRESSER_TABLE_mean,1251.7173655383183,0.20583461168037998,True
6,p2_primary_USAGE_OF_DRESSER_TABLE_std,2.290986408957694,0.0,True
6,p2_primary_USAGE_OF_DRESSER_decreasing,1.1250025939361428,0.0,False
6,p2_primary_USAGE_OF_DRESSER_mean,150.6036737474363,-0.058054467464536026,True
6,p2_primary_USAGE_OF_DRESSER_std,1.095627575569757,0.0,False
6,p2_primary_USAGE_OF_MEMBRANE_decreasing,15.597592336780073,0.0,True
6,p2_primary_USAGE_OF_MEMBRANE_mean,626108.7768581669,-0.021113728338488888,True
6,p2_primary_USAGE_OF_MEMBRANE_std,39.49802676730645,0.0,True
6,p2_primary_USAGE_OF_POLISHING_TABLE_decreasing,0.28040376964975056,0.0,False
6,p2_primary_USAGE_OF_POLISHING_TABLE_mean,1.696906013595497,0.37063094617421843,True
6,p2_primary_USAGE_OF_POLISHING_TABLE_std,0.14474334406638234,0.0,False
6,p2_primary_USAGE_OF_PRESSURIZED_SHEET_decreasing,55.01828619335154,0.0,True
6,p2_primary_USAGE_OF_PRESSURIZED_SHEET_mean,626109.7955616532,0.23823262385801738,True
6,p2_primary_USAGE_OF_PRESSURIZED_SHEET_std,10.468713495134075,0.0,True
6,p2_primary_WAFER_ROTATION_mean,0.10922918299045868,-0.17677669529663687,False
6,p2_primary_duration,0.5950957099843123,-0.007624002989709549,False
6,p2_secondary_CENTER_AIR_BAG_PRESSURE_auc,1.8099371763704943,0.0,True
6,p2_secondary_CENTER_AIR_BAG_PRESSURE_mean,1.7843035713204225,0.0,True
6,p2_secondary_CENTER_AIR_BAG_PRESSURE_std,0.42022792227738914,-0.17677669529663692,False
6,p2_secondary_DRESSING_WATER_STATUS_auc,0.6645053449488036,-0.07500656967257327,False
6,p2_secondary_DRESSING_WATER_STATUS_mean,0.7995461258840305,0.40659067954394074,True
6,p2_secondary_DRESSING_WATER_STATUS_std,0.2160756276492918,0.007891597397319296,False
6,p2_secondary_EDGE_AIR_BAG_PRESSURE_auc,0.24020912269000716,0.0,False
6,p2_secondary_EDGE_AIR_BAG_PRESSURE_mean,0.18594044446383073,0.0,False
6,p2_secondary_EDGE_AIR_BAG_PRESSURE_std,0.13777915119098152,0.0,False
6,p2_secondary_HEAD_ROTATION_mean,0.7611728808656477,-0.14785492903864686,False
6,p2_secondary_MAIN_OUTER_AIR_BAG_PRESSURE_auc,2.4396278530484077,-0.17677669529663684,True
6,p2_secondary_MAIN_OUTER_AIR_BAG_PRESSURE_mean,2.505066139658501,0.17677669529663684,True
6,p2_secondary_MAIN_OUTER_AIR_BAG_PRESSURE_std,1.0981230215961284,0.0,False
6,p2_secondary_PRESSURIZED_CHAMBER_PRESSURE_auc,0.30312884068735624,0.0,False
6,p2_secondary_PRESSURIZED_CHAMBER_PRESSURE_mean,0.012193608128311361,-0.17677669529663675,False
6,p2_secondary_PRESSURIZED_CHAMBER_PRESSURE_std,0.07557487571695942,-0.17677669529663687,False
6,p2_secondary_RETAINER_RING_PRESSURE_auc,0.7518241252004536,-0.17677669529663684,False
6,p2_secondary_RETAINER_RING_PRESSURE_mean,1.1076329109128025,-0.08017342705424417,False
6,p2_secondary_RETAINER_RING_PRESSURE_std,0.03212656085555461,-0.10408710605758961,False
6,p2_secondary_RIPPLE_AIR_BAG_PRESSURE_auc,0.502601711716687,0.0,False
6,p2_secondary_RIPPLE_AIR_BAG_PRESSURE_mean,0.49138683780749853,0.0,False
6,p2_secondary_RIPPLE_AIR_BAG_PRESSURE_std,0.38701680122589543,0.1767766952966368,True
6,p2_secondary_SLURRY_FLOW_LINE_A_auc,0.7119253750302503,-0.21699457527703878,False
6,p2_secondary_SLURRY_FLOW_LINE_A_mean,0.6926726318800177,0.2501608804326152,True
6,p2_secondary_SLURRY_FLOW_LINE_A_std,0.4766407547577607,0.1518402008086084,True
6,p2_secondary_SLURRY_FLOW_LINE_B_auc,0.3752534720610803,-0.16490767418458477,False
6,p2_secondary_SLURRY_FLOW_LINE_B_mean,0.5830236875518688,0.2680829421936509,True
6,p2_secondary_SLURRY_FLOW_LINE_B_std,0.4624207480562549,0.3095320026899542,True
6,p2_secondary_SLURRY_FLOW_LINE_C_auc,0.36116233506369577,-0.17677669529663673,False
6,p2_secondary_SLURRY_FLOW_LINE_C_mean,0.3014086185428291,0.17677669529663692,True
6,p2_secondary_SLURRY_FLOW_LINE_C_std,0.930308537552165,-0.19465312015955516,False
6,p2_secondary_STAGE_ROTATION_mean,1.543608083423089,0.06558190853819036,True
6,p2_secondary_USAGE_OF_BACKING_FILM_decreasing,25.723719700979387,0.0,True
6,p2_secondary_USAGE_OF_BACKING_FILM_mean,634158.6609213153,0.03211790648245272,True
6,p2_secondary_USAGE_OF_BACKING_FILM_std,21.790467318442367,0.0,True
6,p2_secondary_USAGE_OF_DRESSER_TABLE_decreasing,3.7434896645191195e-05,0.0,False
6,p2_secondary_USAGE_OF_DRESSER_TABLE_mean,1250.3225055788932,0.35173056247664664,True
6,p2_secondary_USAGE_OF_DRESSER_TABLE_std,0.1735844148419697,0.0,False
6,p2_secondary_USAGE_OF_DRESSER_decreasing,1.6141672751834664,0.0,True
6,p2_secondary_USAGE_OF_DRESSER_mean,150.49601749223265,0.1986386557418494,True
6,p2_secondary_USAGE_OF_DRESSER_std,2.0120349288611945,0.0,True
6,p2_secondary_USAGE_OF_MEMBRANE_decreasing,642.7864132288007,0.0,True
6,p2_secondary_USAGE_OF_MEMBRANE_mean,252567.48720188098,-0.08725839030756229,True
6,p2_secondary_USAGE_OF_MEMBRANE_std,928.8773757894985,0.0,True
6,p2_secondary_USAGE_OF_POLISHING_TABLE_decreasing,0.7428651799659521,0.0,False
6,p2_secondary_USAGE_OF_POLISHING_TABLE_mean,1.6932554680779768,0.2534382020315547,True
6,p2_secondary_USAGE_OF_POLISHING_TABLE_std,0.6203490962903105,0.1767766952966369,True
6,p2_secondary_USAGE_OF_PRESSURIZED_SHEET_decreasing,78.6364261250949,0.0,True
6,p2_secondary_USAGE_OF_PRESSURIZED_SHEET_mean,387147.67994994053,0.0989808713519711,True
6,p2_secondary_USAGE_OF_PRESSURIZED_SHEET_std,83.357603750046,0.0,True
6,p2_secondary_WAFER_ROTATION_mean,1.1700851854722902,-0.2463198256391386,False
6,p2_secondary_duration,0.2982643714001076,0.01266736207040271,False
7,lag_1,0.6132176022409144,0.42293419722063574,True
7,lag_2,1.7270350276914506,0.4674416699594119,True
7,lag_3,0.6221223734534687,0.2467680463372398,True
7,lag_4,0.6627242272273746,-0.355847796169404,False
7,lag_5,1.5605222079621484,0.0463900567015843,True
7,lag_6,0.6787641654806471,-0.20704699983479644,False
7,lag_7,0.5947797233206777,0.20329527866035113,True
7,lag_8,0.9067442438796129,-0.16217353349384472,False
7,lag_9,0.8978880311785823,0.040093117390130203,False
7,lag_10,2.0756976131367106,-0.22064050707132407,True
7,lag_11,3.6912827335672715,0.37016378184352894,True
7,neighbor_1,6.230958846866899,3.0996071128518503,True
7,neighbor_2,0.45173920892095765,0.2058140536792739,True
7,neighbor_3,1.9719623706814675,0.47116138189511025,True
7,neighbor_4,0.8748846485507303,0.15478907300665284,True
7,neighbor_5,0.9227337214223985,-0.08102579075578173,False
7,neighbor_6,1.757828853634217,-0.049448963659221426,True
7,neighbor_7,0.716009019683917,0.249136824786111,True
7,neighbor_8,0.16262088129632668,0.6471579417352818,True
7,neighbor_9,0.4262077363418521,0.5188452406467502,True
7,neighbor_10,1.3642047127526584,0.39362524185458253,True
7,p2_primary_CENTER_AIR_BAG_PRESSURE_auc,0.23358102995849028,0.0,False
7,p2_primary_CENTER_AIR_BAG_PRESSURE_mean,0.0038212005450149753,0.0,False
7,p2_primary_CENTER_AIR_BAG_PRESSURE_std,1.357661188912724,0.176776695296637,True
7,p2_primary_DRESSING_WATER_STATUS_auc,0.8068737249068997,-0.1368670326331368,False
7,p2_primary_DRESSING_WATER_STATUS_mean,0.8301361568327181,0.2956568097888921,True
7,p2_primary_DRESSING_WATER_STATUS_std,0.4490131808124571,-0.27436429632482645,False
7,p2_primary_EDGE_AIR_BAG_PRESSURE_auc,0.3416612696229273,0.0,False
7,p2_primary_EDGE_AIR_BAG_PRESSURE_mean,0.5347626827861256,0.0,False
7,p2_primary_EDGE_AIR_BAG_PRESSURE_std,1.0934258806389467,0.24995484129535817,True
7,p2_primary_HEAD_ROTATION_mean,1.3456494773302299,0.1955144587947323,True
7,p2_primary_MAIN_OUTER_AIR_BAG_PRESSURE_auc,1.8777656602430195,0.0,True
7,p2_primary_MAIN_OUTER_AIR_BAG_PRESSURE_mean,1.897317487429725,0.0,True
7,p2_primary_MAIN_OUTER_AIR_BAG_PRESSURE_std,1.4928469309750676,0.0,False
7,p2_primary_PRESSURIZED_CHAMBER_PRESSURE_auc,0.9576252483884075,0.0,False
7,p2_primary_PRESSURIZED_CHAMBER_PRESSURE_mean,1.1282290268647601,0.0,False
7,p2_primary_PRESSURIZED_CHAMBER_PRESSURE_std,0.8651951177974763,-0.2916064874482462,False
7,p2_primary_RETAINER_RING_PRESSURE_auc,0.11107351679726363,0.0,False
7,p2_primary_RETAINER_RING_PRESSURE_mean,0.509680819014741,0.0,False
7,p2_primary_RETAINER_RING_PRESSURE_std,0.6405908838718002,-0.08403517141233689,False
7,p2_primary_RIPPLE_AIR_BAG_PRESSURE_auc,1.3730284026479238,0.0,False
7,p2_primary_RIPPLE_AIR_BAG_PRESSURE_mean,1.2407033650896828,0.17677669529663684,True
7,p2_primary_RIPPLE_AIR_BAG_PRESSURE_std,0.17752181552903748,0.0,False
7,p2_primary_SLURRY_FLOW_LINE_A_auc,0.10851332978073572,-0.1767766952966369,False
7,p2_primary_SLURRY_FLOW_LINE_A_mean,0.147127758740022,-0.2418655699828415,False
7,p2_primary_SLURRY_FLOW_LINE_A_std,0.40143597392715363,0.0,False
7,p2_primary_SLURRY_FLOW_LINE_B_auc,0.07744768659743603,0.23448767953037963,True
7,p2_primary_SLURRY_FLOW_LINE_B_mean,0.022091256782051434,0.1767766952966368,True
7,p2_primary_SLURRY_FLOW_LINE_B_std,0.2968214668457431,-0.0069890641558004035,False
7,p2_primary_SLURRY_FLOW_LINE_C_auc,0.52992872640181,0.17677669529663678,True
7,p2_primary_SLURRY_FLOW_LINE_C_mean,0.6230984419882132,0.17677669529663692,True
7,p2_primary_SLURRY_FLOW_LINE_C_std,0.07298005674446612,0.1989686676594503,True
7,p2_primary_STAGE_ROTATION_mean,0.8752608801640112,0.052730308246754204,False
7,p2_primary_USAGE_OF_BACKING_FILM_decreasing,21.227418941757133,0.0,True
7,p2_primary_USAGE_OF_BACKING_FILM_mean,2216613.604270377,0.29304886378489814,True
7,p2_primary_USAGE_OF_BACKING_FILM_std,7.814579193852462,0.1767766952966369,True
7,p2_primary_USAGE_OF_DRESSER_TABLE_decreasing,0.6696179868072202,0.0,False
7,p2_primary_USAGE_OF_DRESSER_TABLE_mean,117.16976542805503,0.6508017131258484,True
7,p2_primary_USAGE_OF_DRESSER_TABLE_std,0.5273050676805043,0.0,False
7,p2_primary_USAGE_OF_DRESSER_decreasing,1.2804837103366054,-0.17677669529663698,False
7,p2_primary_USAGE_OF_DRESSER_mean,181.0817861634186,0.26772802386872346,True
7,p2_primary_USAGE_OF_DRESSER_std,1.4674851077868816,0.0,False
7,p2_primary_USAGE_OF_MEMBRANE_decreasing,844.4714708012324,0.0,True
7,p2_primary_USAGE_OF_MEMBRANE_mean,1116430.679291348,0.047914002106864494,True
7,p2_primary_USAGE_OF_MEMBRANE_std,825.8083752057312,0.0,True
7,p2_primary_USAGE_OF_POLISHING_TABLE_decreasing,1.2432439991579378,-0.17677669529663692,False
7,p2_primary_USAGE_OF_POLISHING_TABLE_mean,29.664474154677098,0.289989603825588,True
7,p2_primary_USAGE_OF_POLISHING_TABLE_std,1.6230280554603544,-0.17677669529663687,True
7,p2_primary_USAGE_OF_PRESSURIZED_SHEET_decreasing,876.9981299422158,0.0,True
7,p2_primary_USAGE_OF_PRESSURIZED_SHEET_mean,1116434.9241509547,-0.1767766952966369,True
7,p2_primary_USAGE_OF_PRESSURIZED_SHEET_std,839.7353400313795,-0.06328239454492199,True
7,p2_primary_WAFER_ROTATION_mean,0.9355715053661701,0.26504441729433814,True
7,p2_primary_duration,1.280033153760715,-0.21055752995302557,False
7,p2_secondary_CENTER_AIR_BAG_PRESSURE_auc,1.4948359858123017,0.0,False
7,p2_secondary_CENTER_AIR_BAG_PRESSURE_mean,1.5204862594492454,0.0,True
7,p2_secondary_CENTER_AIR_BAG_PRESSURE_std,0.04189737502303083,0.0,False
7,p2_secondary_DRESSING_WATER_STATUS_auc,0.9703101210770978,0.28360885767700655,True
7,p2_secondary_DRESSING_WATER_STATUS_mean,0.9895343869180304,-0.19157093953905724,False
7,p2_secondary_DRESSING_WATER_STATUS_std,0.35687771984021727,0.4434420319479341,True
7,p2_secondary_EDGE_AIR_BAG_PRESSURE_auc,1.6284909876960094,0.0,True
7,p2_secondary_EDGE_AIR_BAG_PRESSURE_mean,2.07503481894634,0.0,True
7,p2_secondary_EDGE_AIR_BAG_PRESSURE_std,1.4897396840482284,0.0,False
7,p2_secondary_HEAD_ROTATION_mean,1.2078031656222215,0.24767936089477482,True
7,p2_secondary_MAIN_OUTER_AIR_BAG_PRESSURE_auc,0.7334466393569682,0.0,False
7,p2_secondary_MAIN_OUTER_AIR_BAG_PRESSURE_mean,0.7388283119481208,0.0,False
7,p2_secondary_MAIN_OUTER_AIR_BAG_PRESSURE_std,0.5418079962307154,0.0,False
7,p2_secondary_PRESSURIZED_CHAMBER_PRESSURE_auc,0.6256139515680793,0.0,False
7,p2_secondary_PRESSURIZED_CHAMBER_PRESSURE_mean,0.6360605683284515,0.1767766952966369,True
7,p2_secondary_PRESSURIZED_CHAMBER_PRESSURE_std,0.26937496712049086,-0.1883992999149489,False
7,p2_secondary_RETAINER_RING_PRESSURE_auc,0.170798601490078,0.0,False
7,p2_secondary_RETAINER_RING_PRESSURE_mean,0.1696556536916902,-0.17677669529663687,False
7,p2_secondary_RETAINER_RING_PRESSURE_std,0.46125299382948814,0.19078052619944522,True
7,p2_secondary_RIPPLE_AIR_BAG_PRESSURE_auc,0.2067168620605158,0.0,False
7,p2_secondary_RIPPLE_AIR_BAG_PRESSURE_mean,0.3018063856081004,0.17677669529663684,True
7,p2_secondary_RIPPLE_AIR_BAG_PRESSURE_std,1.0588622049313015,0.0,False
7,p2_secondary_SLURRY_FLOW_LINE_A_auc,1.1565046139395607,0.0,False
7,p2_secondary_SLURRY_FLOW_LINE_A_mean,0.6755957195935215,-0.17677669529663675,False
7,p2_secondary_SLURRY_FLOW_LINE_A_std,0.6636034654618319,-0.1767766952966368,False
7,p2_secondary_SLURRY_FLOW_LINE_B_auc,0.6403543123386533,0.24746355261345626,True
7,p2_secondary_SLURRY_FLOW_LINE_B_mean,0.49474214872497746,0.24128949433974328,True
7,p2_secondary_SLURRY_FLOW_LINE_B_std,0.36232056570992,-0.14151234262062226,False
7,p2_secondary_SLURRY_FLOW_LINE_C_auc,0.9692502643596352,0.0,False
7,p2_secondary_SLURRY_FLOW_LINE_C_mean,1.3534332965140636,0.19521334246100988,True
7,p2_secondary_SLURRY_FLOW_LINE_C_std,0.3488722244023365,0.2108815938924794,True
7,p2_secondary_STAGE_ROTATION_mean,1.57164358487742,-0.06010467546293292,True
7,p2_secondary_USAGE_OF_BACKING_FILM_decreasing,29.762885344146508,0.0,True
7,p2_secondary_USAGE_OF_BACKING_FILM_mean,3437790.545200608,0.02788195103950053,True
7,p2_secondary_USAGE_OF_BACKING_FILM_std,7.177968461664189,0.0,True
7,p2_secondary_USAGE_OF_DRESSER_TABLE_decreasing,0.05871222267397095,0.0,False
7,p2_secondary_USAGE_OF_DRESSER_TABLE_mean,120.64806714291697,0.6210259189317734,True
7,p2_secondary_USAGE_OF_DRESSER_TABLE_std,0.3101585004506755,0.0,False
7,p2_secondary_USAGE_OF_DRESSER_decreasing,1.4718259994451501,-0.17677669529663687,False
7,p2_secondary_USAGE_OF_DRESSER_mean,182.98860487837072,0.258801072804053,True
7,p2_secondary_USAGE_OF_DRESSER_std,1.8982300373188623,0.0,True
7,p2_secondary_USAGE_OF_MEMBRANE_decreasing,106.12817114852808,0.0,True
7,p2_secondary_USAGE_OF_MEMBRANE_mean,1726179.6395312126,0.009004923295949808,True
7,p2_secondary_USAGE_OF_MEMBRANE_std,41.28954521416299,0.0,True
7,p2_secondary_USAGE_OF_POLISHING_TABLE_decreasing,1.1194648339099782,0.0,False
7,p2_secondary_USAGE_OF_POLISHING_TABLE_mean,29.661439061436948,-0.08461692407825598,True
7,p2_secondary_USAGE_OF_POLISHING_TABLE_std,1.536444041024267,0.0,True
7,p2_secondary_USAGE_OF_PRESSURIZED_SHEET_decreasing,5.200545667455453,0.0,True
7,p2_secondary_USAGE_OF_PRESSURIZED_SHEET_mean,1725840.2118421372,0.2684551022494233,True
7,p2_secondary_USAGE_OF_PRESSURIZED_SHEET_std,5.880488165116275,0.0,True
7,p2_secondary_WAFER_ROTATION_mean,1.2047877879238782,-0.17677669529663673,False
7,p2_secondary_duration,0.13308446941507784,0.3855548006415567,True
8,lag_1,1.5654603559275415,0.5773524386426632,True
8,lag_2,2.4018751079421445,0.5204045733423772,True
8,lag_3,1.4672471430922167,0.35445932451262874,True
8,lag_4,1.7862048605030334,0.19251233885533564,True
8,lag_5,0.37085049885349414,0.4481131319011288,True
8,lag_6,1.99831503798892,0.027004790525591016,True
8,lag_7,1.515779531644955,0.3750482785886572,True
8,lag_8,1.3435409375772878,0.12803902732298744,False
8,lag_9,0.6862381744388447,0.19188332735045702,True
8,lag_10,1.408937208058264,-0.10048404114533964,False
8,lag_11,0.22954491607477392,0.5497736287679903,True
8,neighbor_1,2.6550478232266714,1.0036676619339484,True
8,neighbor_2,0.8839225427894356,0.7183885306324636,True
8,neighbor_3,1.1587657248489835,0.617683410561663,True
8,neighbor_4,0.21828810021934023,0.2294157047619155,True
8,neighbor_5,1.117682110780588,0.27265534357565074,True
8,neighbor_6,0.4263989390727949,0.38605977156672916,True
8,neighbor_7,0.6191285752054015,0.3339038548477973,True
8,neighbor_8,1.4542317506630706,0.6089006886667915,True
8,neighbor_9,0.8461672475276208,0.234275792593811,True
8,neighbor_10,0.39215206593821167,0.19682958055091054,True
8,p2_primary_CENTER_AIR_BAG_PRESSURE_auc,0.7927472640956459,0.0,False
8,p2_primary_CENTER_AIR_BAG_PRESSURE_mean,0.7597565074213212,0.0,False
8,p2_primary_CENTER_AIR_BAG_PRESSURE_std,0.3506203635637962,0.1767766952966369,True
8,p2_primary_DRESSING_WATER_STATUS_auc,0.2744708646656824,-0.05856398626461906,False
8,p2_primary_DRESSING_WATER_STATUS_mean,0.34999882052274084,0.30037001545745295,True
8,p2_primary_DRESSING_WATER_STATUS_std,0.1628488936221016,-0.030057487195946007,False
8,p2_primary_EDGE_AIR_BAG_PRESSURE_auc,1.4034578860135862,0.0,False
8,p2_primary_EDGE_AIR_BAG_PRESSURE_mean,1.2771563629457452,0.0,False
8,p2_primary_EDGE_AIR_BAG_PRESSURE_std,0.6521310608895465,-0.17677669529663687,False
8,p2_primary_HEAD_ROTATION_mean,0.7357888922075745,0.3835681063000671,True
8,p2_primary_MAIN_OUTER_AIR_BAG_PRESSURE_auc,0.2619596672458285,0.0,False
8,p2_primary_MAIN_OUTER_AIR_BAG_PRESSURE_mean,0.35477037695582636,0.0,False
8,p2_primary_MAIN_OUTER_AIR_BAG_PRESSURE_std,0.30817785049923474,0.0,False
8,p2_primary_PRESSURIZED_CHAMBER_PRESSURE_auc,0.21276690479400692,0.0,False
8,p2_primary_PRESSURIZED_CHAMBER_PRESSURE_mean,0.01476989069429755,0.0,False
8,p2_primary_PRESSURIZED_CHAMBER_PRESSURE_std,0.6337638307280233,-0.1798572904719791,False
8,p2_primary_RETAINER_RING_PRESSURE_auc,0.8035391930795953,0.0,False
8,p2_primary_RETAINER_RING_PRESSURE_mean,0.6209691118036165,0.0,False
8,p2_primary_RETAINER_RING_PRESSURE_std,0.34075349659746373,-0.03263510471608949,False
8,p2_primary_RIPPLE_AIR_BAG_PRESSURE_auc,0.5657223212281942,0.0,False
8,p2_primary_RIPPLE_AIR_BAG_PRESSURE_mean,0.5173533797333513,0.0,False
8,p2_primary_RIPPLE_AIR_BAG_PRESSURE_std,0.5754245317597804,0.0,False
8,p2_primary_SLURRY_FLOW_LINE_A_auc,0.9829576052020901,0.08409299687129003,False
8,p2_primary_SLURRY_FLOW_LINE_A_mean,0.8157446825691497,-0.1965395886572529,False
8,p2_primary_SLURRY_FLOW_LINE_A_std,1.1541890054622324,0.1525387708494792,True
8,p2_primary_SLURRY_FLOW_LINE_B_auc,0.8794040935523749,0.15864404318995357,True
8,p2_primary_SLURRY_FLOW_LINE_B_mean,0.9718102155518742,-0.21037518857045714,False
8,p2_primary_SLURRY_FLOW_LINE_B_std,0.1083210049756406,-0.07098485882136518,False
8,p2_primary_SLURRY_FLOW_LINE_C_auc,0.006217313279075563,0.0,False
8,p2_primary_SLURRY_FLOW_LINE_C_mean,0.05214018280210485,0.1767766952966369,True
8,p2_primary_SLURRY_FLOW_LINE_C_std,0.338854928776929,0.11486953891690757,False
8,p2_primary_STAGE_ROTATION_mean,0.01792797013210493,0.04010596044730205,False
8,p2_primary_USAGE_OF_BACKING_FILM_decreasing,16.906540708211285,0.0,True
8,p2_primary_USAGE_OF_BACKING_FILM_mean,1158991.752121199,-0.2931391434937668,True
8,p2_primary_USAGE_OF_BACKING_FILM_std,12.150711763929237,0.0,True
8,p2_primary_USAGE_OF_DRESSER_TABLE_decreasing,0.7099599240405888,0.1767766952966369,True
8,p2_primary_USAGE_OF_DRESSER_TABLE_mean,1863.1686069771902,0.2760512236286381,True
8,p2_primary_USAGE_OF_DRESSER_TABLE_std,0.8725250545323863,0.0,False
8,p2_primary_USAGE_OF_DRESSER_decreasing,1.0958739156941628,0.0,False
8,p2_primary_USAGE_OF_DRESSER_mean,76.53055059940003,0.31243195317423966,True
8,p2_primary_USAGE_OF_DRESSER_std,0.8274877472721665,0.0,False
8,p2_primary_USAGE_OF_MEMBRANE_decreasing,32.60796821361255,0.0,True
8,p2_primary_USAGE_OF_MEMBRANE_mean,576128.3547403517,0.19836181745461842,True
8,p2_primary_USAGE_OF_MEMBRANE_std,53.61695894120762,0.0,True
8,p2_primary_USAGE_OF_POLISHING_TABLE_decreasing,0.09380970577145739,0.0,False
8,p2_primary_USAGE_OF_POLISHING_TABLE_mean,12.373509223300239,0.18278721724989955,True
8,p2_primary_USAGE_OF_POLISHING_TABLE_std,0.21659864751839886,0.0,False
8,p2_primary_USAGE_OF_PRESSURIZED_SHEET_decreasing,66.94229728254639,0.0,True
8,p2_primary_USAGE_OF_PRESSURIZED_SHEET_mean,576130.672561331,-0.1767766952966369,True
8,p2_primary_USAGE_OF_PRESSURIZED_SHEET_std,29.634339400997128,0.0,True
8,p2_primary_WAFER_ROTATION_mean,0.5001892774159997,0.13506628947890498,False
8,p2_primary_duration,0.7820626851832078,-0.0645776689213038,False
8,p2_secondary_CENTER_AIR_BAG_PRESSURE_auc,0.17744209865210253,0.0,False
8,p2_secondary_CENTER_AIR_BAG_PRESSURE_mean,0.3614182706813864,0.17677669529663695,True
8,p2_secondary_CENTER_AIR_BAG_PRESSURE_std,1.6142125286245803,0.1767766952966369,True
8,p2_secondary_DRESSING_WATER_STATUS_auc,1.1334297920089549,0.4228412830857721,True
8,p2_secondary_DRESSING_WATER_STATUS_mean,1.0871226902999327,-0.2091514200069356,False
8,p2_secondary_DRESSING_WATER_STATUS_std,0.5460516723105263,0.018731934749470464,False
8,p2_secondary_EDGE_AIR_BAG_PRESSURE_auc,0.3759205966881115,0.0,False
8,p2_secondary_EDGE_AIR_BAG_PRESSURE_mean,0.03333777145917187,0.0,False
8,p2_secondary_EDGE_AIR_BAG_PRESSURE_std,1.900617291323512,0.0,True
8,p2_secondary_HEAD_ROTATION_mean,0.6272081833557548,0.11995733180791186,False
8,p2_secondary_MAIN_OUTER_AIR_BAG_PRESSURE_auc,0.2327041442438721,0.0,False
8,p2_secondary_MAIN_OUTER_AIR_BAG_PRESSURE_mean,0.36383596655223327,0.0,False
8,p2_secondary_MAIN_OUTER_AIR_BAG_PRESSURE_std,2.106983942774105,0.0,True
8,p2_secondary_PRESSURIZED_CHAMBER_PRESSURE_auc,0.9173324495774461,0.0,False
8,p2_secondary_PRESSURIZED_CHAMBER_PRESSURE_mean,0.7577100835095457,0.0,False
8,p2_secondary_PRESSURIZED_CHAMBER_PRESSURE_std,0.9538652653595359,0.0,False
8,p2_secondary_RETAINER_RING_PRESSURE_auc,0.06862529436737884,0.0,False
8,p2_secondary_RETAINER_RING_PRESSURE_mean,0.2658922696126873,0.0,False
8,p2_secondary_RETAINER_RING_PRESSURE_std,0.7255902452727434,0.0,False
8,p2_secondary_RIPPLE_AIR_BAG_PRESSURE_auc,0.06948489704389632,0.0,False
8,p2_secondary_RIPPLE_AIR_BAG_PRESSURE_mean,0.0313059206869641,0.0,False
8,p2_secondary_RIPPLE_AIR_BAG_PRESSURE_std,0.2876600303017753,0.17677669529663692,True
8,p2_secondary_SLURRY_FLOW_LINE_A_auc,0.4823442934523905,0.005387748869105615,False
8,p2_secondary_SLURRY_FLOW_LINE_A_mean,0.08478245403531098,0.17677669529663678,True
8,p2_secondary_SLURRY_FLOW_LINE_A_std,0.6265571981464546,-0.30204502146035606,False
8,p2_secondary_SLURRY_FLOW_LINE_B_auc,0.25542005721441935,0.17722583883909174,True
8,p2_secondary_SLURRY_FLOW_LINE_B_mean,0.13095292023733743,0.24592603147568232,True
8,p2_secondary_SLURRY_FLOW_LINE_B_std,0.2835253851277985,0.21207072196082388,True
8,p2_secondary_SLURRY_FLOW_LINE_C_auc,0.7424460084177468,0.0,False
8,p2_secondary_SLURRY_FLOW_LINE_C_mean,0.9997003515109821,0.1785928516543271,True
8,p2_secondary_SLURRY_FLOW_LINE_C_std,1.2345184821553992,0.1767766952966369,True
8,p2_secondary_STAGE_ROTATION_mean,0.8326865944948877,0.24934443731043834,True
8,p2_secondary_USAGE_OF_BACKING_FILM_decreasing,21.734514113695223,0.0,True
8,p2_secondary_USAGE_OF_BACKING_FILM_mean,316461.97758596175,-0.12359133280385155,True
8,p2_secondary_USAGE_OF_BACKING_FILM_std,11.088584092100874,0.0,True
8,p2_secondary_USAGE_OF_DRESSER_TABLE_decreasing,0.9728468226421166,-0.1767766952966369,False
8,p2_secondary_USAGE_OF_DRESSER_TABLE_mean,1878.1296011135073,0.34228911115743227,True
8,p2_secondary_USAGE_OF_DRESSER_TABLE_std,1.1551808870160414,0.0,False
8,p2_secondary_USAGE_OF_DRESSER_decreasing,1.1606116414913747,0.0,False
8,p2_secondary_USAGE_OF_DRESSER_mean,76.794888191658,0.01985512614220715,True
8,p2_secondary_USAGE_OF_DRESSER_std,1.1263272863228604,0.0,False
8,p2_secondary_USAGE_OF_MEMBRANE_decreasing,1801.7552361917935,0.0,True
8,p2_secondary_USAGE_OF_MEMBRANE_mean,133208.45894065095,-0.010533697518720063,True
8,p2_secondary_USAGE_OF_MEMBRANE_std,1397.116339687817,0.0,True
8,p2_secondary_USAGE_OF_POLISHING_TABLE_decreasing,0.1194190244240201,0.0,False
8,p2_secondary_USAGE_OF_POLISHING_TABLE_mean,12.39244079061291,0.006948083839698258,True
8,p2_secondary_USAGE_OF_POLISHING_TABLE_std,0.09892948233504613,0.0,False
8,p2_secondary_USAGE_OF_PRESSURIZED_SHEET_decreasing,354.87082899474416,0.0,True
8,p2_secondary_USAGE_OF_PRESSURIZED_SHEET_mean,178649.11365664186,0.2964869710319268,True
8,p2_secondary_USAGE_OF_PRESSURIZED_SHEET_std,344.4412787592318,0.0,True
8,p2_secondary_WAFER_ROTATION_mean,2.552223553290696,0.24177943297952972,True
8,p2_secondary_duration,0.6483657734672427,0.10796024891370155,False
9,lag_1,1.8706794979650037,0.9884588182952906,True
9,lag_2,1.6829394153081356,0.41172561967215043,True
9,lag_3,0.8308508270152004,0.6216901040164211,True
9,lag_4,0.6303638728717125,0.32819640314958576,True
9,lag_5,0.6758909547204124,0.2789647897398177,True
9,lag_6,0.22091673805770554,0.005392833721009708,False
9,lag_7,0.6031067394745028,-0.18170715946415852,False
9,lag_8,0.20751203012754385,0.36414943885028894,True
9,lag_9,0.8861078114446705,-0.005672950701360578,False
9,lag_10,1.904453378267597,0.39240660295851926,True
9,lag_11,1.1240458046337776,-0.11515651103305531,False
9,neighbor_1,3.604904877479212,1.0533324202241099,True
9,neighbor_2,1.2407229650369516,0.1553178360821199,True
9,neighbor_3,0.8236647406404436,0.29847542238878516,True
9,neighbor_4,0.504381959740682,-0.04815273381770214,False
9,neighbor_5,0.037882120016460887,-0.072478418382551,False
9,neighbor_6,0.5382324265282667,0.24316716600864371,True
9,neighbor_7,0.3771194563432461,0.1803899231961343,True
9,neighbor_8,1.0661480583843541,0.54566883590897,True
9,neighbor_9,0.46709684790112915,0.0036010630426644395,False
9,neighbor_10,1.2986538698392847,0.17433209668005506,True
9,p2_primary_CENTER_AIR_BAG_PRESSURE_auc,1.4360769176179897,0.0,False
9,p2_primary_CENTER_AIR_BAG_PRESSURE_mean,1.4871217738646618,-0.1767766952966369,False
9,p2_primary_CENTER_AIR_BAG_PRESSURE_std,0.015446468289770875,0.0,False
9,p2_primary_DRESSING_WATER_STATUS_auc,0.5760909254492114,0.3292363045821344,True
9,p2_primary_DRESSING_WATER_STATUS_mean,0.6798634566449769,-0.28296072334845374,False
9,p2_primary_DRESSING_WATER_STATUS_std,0.2577026841617125,0.07111978509384916,False
9,p2_primary_EDGE_AIR_BAG_PRESSURE_auc,1.4006077045215681,0.176776695296637,True
9,p2_primary_EDGE_AIR_BAG_PRESSURE_mean,1.4158752337325347,-0.17677669529663684,False
9,p2_primary_EDGE_AIR_BAG_PRESSURE_std,0.6254662504815699,-0.17677669529663673,False
9,p2_primary_HEAD_ROTATION_mean,0.19962580035875183,0.09733248107699799,False
9,p2_primary_MAIN_OUTER_AIR_BAG_PRESSURE_auc,0.817828070116506,0.0,False
9,p2_primary_MAIN_OUTER_AIR_BAG_PRESSURE_mean,0.7928657180841249,0.0,False
9,p2_primary_MAIN_OUTER_AIR_BAG_PRESSURE_std,0.8120490910946965,0.1767766952966368,True
9,p2_primary_PRESSURIZED_CHAMBER_PRESSURE_auc,0.8062375381787863,-0.17677669529663675,False
9,p2_primary_PRESSURIZED_CHAMBER_PRESSURE_mean,0.6151734507258428,0.0,False
9,p2_primary_PRESSURIZED_CHAMBER_PRESSURE_std,0.6841064082625706,0.0,False
9,p2_primary_RETAINER_RING_PRESSURE_auc,0.4537772808672797,0.0,False
9,p2_primary_RETAINER_RING_PRESSURE_mean,0.5950596623839463,0.0,False
9,p2_primary_RETAINER_RING_PRESSURE_std,0.34488152187364723,0.16941647345863323,True
9,p2_primary_RIPPLE_AIR_BAG_PRESSURE_auc,1.8066097186810548,0.0,True
9,p2_primary_RIPPLE_AIR_BAG_PRESSURE_mean,1.8659306948384362,0.1767766952966369,True
9,p2_primary_RIPPLE_AIR_BAG_PRESSURE_std,0.7171030061325998,0.08551723337716967,False
9,p2_primary_SLURRY_FLOW_LINE_A_auc,0.7972929367376691,0.17677669529663675,True
9,p2_primary_SLURRY_FLOW_LINE_A_mean,1.0220601054494707,0.17677669529663698,True
9,p2_primary_SLURRY_FLOW_LINE_A_std,0.7011189539226057,0.08678121312714529,False
9,p2_primary_SLURRY_FLOW_LINE_B_auc,0.06521155082260739,-0.057608276561386264,False
9,p2_primary_SLURRY_FLOW_LINE_B_mean,0.111135606821825,0.176776695296637,True
9,p2_primary_SLURRY_FLOW_LINE_B_std,0.6177218358851945,-0.3100857547836127,False
9,p2_primary_SLURRY_FLOW_LINE_C_auc,0.07299039387226328,-0.015043371247492202,False
9,p2_primary_SLURRY_FLOW_LINE_C_mean,0.40255130045953447,0.22489702131904732,True
9,p2_primary_SLURRY_FLOW_LINE_C_std,1.0858793268559825,0.13248345484061255,False
9,p2_primary_STAGE_ROTATION_mean,0.058053365836385984,0.03408180532122599,False
9,p2_primary_USAGE_OF_BACKING_FILM_decreasing,7.566736233063495,0.0,True
9,p2_primary_USAGE_OF_BACKING_FILM_mean,179754.87549093366,0.04776888082836638,True
9,p2_primary_USAGE_OF_BACKING_FILM_std,6.411116291590212,0.0,True
9,p2_primary_USAGE_OF_DRESSER_TABLE_decreasing,0.2673102137587159,0.0,False
9,p2_primary_USAGE_OF_DRESSER_TABLE_mean,2014.022245154495,0.4222466936441979,True
9,p2_primary_USAGE_OF_DRESSER_TABLE_std,0.027760768626717006,-0.17677669529663692,False
9,p2_primary_USAGE_OF_DRESSER_decreasing,1.5520582364576525,0.0,True
9,p2_primary_USAGE_OF_DRESSER_mean,97.87138157961643,0.5253048303237723,True
9,p2_primary_USAGE_OF_DRESSER_std,1.3651789594882693,0.0,False
9,p2_primary_USAGE_OF_MEMBRANE_decreasing,46.81584182081944,0.0,True
9,p2_primary_USAGE_OF_MEMBRANE_mean,90447.04957878176,0.17902013670335534,True
9,p2_primary_USAGE_OF_MEMBRANE_std,26.146442731580855,0.17677669529663695,True
9,p2_primary_USAGE_OF_POLISHING_TABLE_decreasing,0.2233540635765024,0.0,False
9,p2_primary_USAGE_OF_POLISHING_TABLE_mean,2.4470631297849077,0.2286653977606432,True
9,p2_primary_USAGE_OF_POLISHING_TABLE_std,0.13685439774066882,0.0,False
9,p2_primary_USAGE_OF_PRESSURIZED_SHEET_decreasing,31.29881771863072,0.0,True
9,p2_primary_USAGE_OF_PRESSURIZED_SHEET_mean,90447.35352537238,0.016821211917820125,True
9,p2_primary_USAGE_OF_PRESSURIZED_SHEET_std,38.58927652637996,0.0,True
9,p2_primary_WAFER_ROTATION_mean,0.43683179326853716,0.3109261166162317,True
9,p2_primary_duration,0.2698014258966967,0.10700814558870204,False
9,p2_secondary_CENTER_AIR_BAG_PRESSURE_auc,0.6736607107193252,-0.1767766952966367,False
9,p2_secondary_CENTER_AIR_BAG_PRESSURE_mean,0.8550023751106999,0.0,False
9,p2_secondary_CENTER_AIR_BAG_PRESSURE_std,1.6625799890188617,0.0,True
9,p2_secondary_DRESSING_WATER_STATUS_auc,0.7329916259790207,0.2923665261234807,True
9,p2_secondary_DRESSING_WATER_STATUS_mean,0.810406327195684,0.15163005603625687,True
9,p2_secondary_DRESSING_WATER_STATUS_std,0.32247555144910156,0.3310706165167193,True
9,p2_secondary_EDGE_AIR_BAG_PRESSURE_auc,0.08078369809833454,0.0,False
9,p2_secondary_EDGE_AIR_BAG_PRESSURE_mean,0.09663134624538287,0.17677669529663678,True
9,p2_secondary_EDGE_AIR_BAG_PRESSURE_std,1.1762529573972906,0.0,False
9,p2_secondary_HEAD_ROTATION_mean,0.22004578781818182,0.21496527744156363,True
9,p2_secondary_MAIN_OUTER_AIR_BAG_PRESSURE_auc,0.5953578253203335,0.0,False
9,p2_secondary_MAIN_OUTER_AIR_BAG_PRESSURE_mean,0.6892096297215617,0.0,False
9,p2_secondary_MAIN_OUTER_AIR_BAG_PRESSURE_std,1.502760357086993,0.0,True
9,p2_secondary_PRESSURIZED_CHAMBER_PRESSURE_auc,0.5623885475527678,0.0,False
9,p2_secondary_PRESSURIZED_CHAMBER_PRESSURE_mean,0.5260651205802999,0.0,False
9,p2_secondary_PRESSURIZED_CHAMBER_PRESSURE_std,0.15837384931368767,0.0,False
9,p2_secondary_RETAINER_RING_PRESSURE_auc,0.785074072388233,0.23870391792691686,True
9,p2_secondary_RETAINER_RING_PRESSURE_mean,0.7225592677308004,0.0,False
9,p2_secondary_RETAINER_RING_PRESSURE_std,1.5047527828871445,-0.21739289568413134,True
9,p2_secondary_RIPPLE_AIR_BAG_PRESSURE_auc,0.4182353112540992,0.0,False
9,p2_secondary_RIPPLE_AIR_BAG_PRESSURE_mean,0.34816752806082196,0.0,False
9,p2_secondary_RIPPLE_AIR_BAG_PRESSURE_std,0.11549458293701699,-0.17677669529663695,False
9,p2_secondary_SLURRY_FLOW_LINE_A_auc,1.490468892710267,-0.21975896546319704,False
9,p2_secondary_SLURRY_FLOW_LINE_A_mean,1.2711798237287164,0.1767766952966368,True
9,p2_secondary_SLURRY_FLOW_LINE_A_std,0.48594056023601595,0.0,False
9,p2_secondary_SLURRY_FLOW_LINE_B_auc,0.9431941487518967,0.21228366054360073,True
9,p2_secondary_SLURRY_FLOW_LINE_B_mean,0.8732986671760885,0.23210850936803015,True
9,p2_secondary_SLURRY_FLOW_LINE_B_std,0.5746450454322091,-0.1767766952966369,False
9,p2_secondary_SLURRY_FLOW_LINE_C_auc,0.017678699197932975,-0.1767766952966371,False
9,p2_secondary_SLURRY_FLOW_LINE_C_mean,0.06534089166527256,0.17677669529663678,True
9,p2_secondary_SLURRY_FLOW_LINE_C_std,0.33030800300827945,0.17029076835670934,True
9,p2_secondary_STAGE_ROTATION_mean,0.5087925775440547,-0.2504645639207753,False
9,p2_secondary_USAGE_OF_BACKING_FILM_decreasing,10.229680651150064,0.17677669529663692,True
9,p2_secondary_USAGE_OF_BACKING_FILM_mean,277327.5188110433,0.2221048306850465,True
9,p2_secondary_USAGE_OF_BACKING_FILM_std,10.294528301885467,0.0,True
9,p2_secondary_USAGE_OF_DRESSER_TABLE_decreasing,1.4907925407156943,0.0,False
9,p2_secondary_USAGE_OF_DRESSER_TABLE_mean,2009.3199077743027,0.3690233552465693,True
9,p2_secondary_USAGE_OF_DRESSER_TABLE_std,1.4909717254198496,0.0,False
9,p2_secondary_USAGE_OF_DRESSER_decreasing,0.16271489482473067,-0.17677669529663687,False
9,p2_secondary_USAGE_OF_DRESSER_mean,98.80002998491324,0.44398645514607277,True
9,p2_secondary_USAGE_OF_DRESSER_std,0.31710054841770163,0.0,False
9,p2_secondary_USAGE_OF_MEMBRANE_decreasing,963.7673365219508,0.0,True
9,p2_secondary_USAGE_OF_MEMBRANE_mean,122143.0512016891,0.17677669529663675,True
9,p2_secondary_USAGE_OF_MEMBRANE_std,663.0084871871248,0.0,True
9,p2_secondary_USAGE_OF_POLISHING_TABLE_decreasing,0.7626652477320666,0.0,False
9,p2_secondary_USAGE_OF_POLISHING_TABLE_mean,2.4455306610490517,0.029554733597400712,True
9,p2_secondary_USAGE_OF_POLISHING_TABLE_std,0.7560785208752318,0.0,False
9,p2_secondary_USAGE_OF_PRESSURIZED_SHEET_decreasing,126.34915392991856,0.0,True
9,p2_secondary_USAGE_OF_PRESSURIZED_SHEET_mean,154085.81735787087,-0.27269014839149436,True
9,p2_secondary_USAGE_OF_PRESSURIZED_SHEET_std,120.56401439443856,0.0,True
9,p2_secondary_WAFER_ROTATION_mean,2.655907370234365,0.0,True
9,p2_secondary_duration,0.30405869872556884,0.197840175965546,True
10,lag_1,1.4900004633327442,0.48729104877992124,True
10,lag_2,0.3459816352586061,0.1513057842006703,True
10,lag_3,1.0259441895843402,0.42227504429131196,True
10,lag_4,0.6134640043824144,0.5244475466802028,True
10,lag_5,0.10350553645750295,0.2912102620073501,True
10,lag_6,1.4573896586064905,0.36854016243189347,True
10,lag_7,0.7994134215554541,-0.12644435437110002,False
10,lag_8,0.44659647334590846,0.045449123606064325,False
10,lag_9,0.6876827516220276,0.2583616883942703,True
10,lag_10,0.4871510014154823,0.22328534163535285,True
10,lag_11,0.9433019442000596,-0.17553940486699154,False
10,neighbor_1,3.720110963804442,1.7544742136458333,True
10,neighbor_2,1.8111192945244177,0.9355451518125923,True
10,neighbor_3,0.2602026180545974,0.2876526344840823,True
10,neighbor_4,0.4195412794470709,0.37310951808466747,True
10,neighbor_5,1.442619001653678,0.7912785174156899,True
10,neighbor_6,0.5102587683125653,0.08522466039077772,False
10,neighbor_7,0.9507287785123228,0.5000981542039338,True
10,neighbor_8,0.4428075906396453,0.0752434087622764,False
10,neighbor_9,0.3193140971954419,0.09370253937771314,False
10,neighbor_10,0.04513876241400077,0.17094009530710694,True
10,p2_primary_CENTER_AIR_BAG_PRESSURE_auc,0.22120219860723805,-0.17677669529663692,False
10,p2_primary_CENTER_AIR_BAG_PRESSURE_mean,0.2516598945828342,0.0,False
10,p2_primary_CENTER_AIR_BAG_PRESSURE_std,0.5474651601842129,0.0,False
10,p2_primary_DRESSING_WATER_STATUS_auc,0.5837584265784413,-0.007954484685158058,False
10,p2_primary_DRESSING_WATER_STATUS_mean,0.6000132483914197,-0.14220299155950447,False
10,p2_primary_DRESSING_WATER_STATUS_std,0.844513503531084,-0.07651676704113858,False
10,p2_primary_EDGE_AIR_BAG_PRESSURE_auc,2.897140499146822,0.0,True
10,p2_primary_EDGE_AIR_BAG_PRESSURE_mean,2.9068202862642583,0.0,True
10,p2_primary_EDGE_AIR_BAG_PRESSURE_std,0.4577903038140854,0.1767766952966369,True
10,p2_primary_HEAD_ROTATION_mean,0.6420124721949604,0.19360612840717398,True
10,p2_primary_MAIN_OUTER_AIR_BAG_PRESSURE_auc,0.23967581233292273,0.0,False
10,p2_primary_MAIN_OUTER_AIR_BAG_PRESSURE_mean,0.24556652791681208,0.0,False
10,p2_primary_MAIN_OUTER_AIR_BAG_PRESSURE_std,0.7812173772935976,0.0,False
10,p2_primary_PRESSURIZED_CHAMBER_PRESSURE_auc,0.70438847487974,0.0,False
10,p2_primary_PRESSURIZED_CHAMBER_PRESSURE_mean,0.5307873506862655,0.1623017680933605,True
10,p2_primary_PRESSURIZED_CHAMBER_PRESSURE_std,0.4460598510724012,0.17677669529663673,True
10,p2_primary_RETAINER_RING_PRESSURE_auc,0.08933058773314127,0.17677669529663684,True
10,p2_primary_RETAINER_RING_PRESSURE_mean,0.02124616408368195,0.1767766952966368,True
10,p2_primary_RETAINER_RING_PRESSURE_std,0.4410710095648675,-0.2426161574003925,False
10,p2_primary_RIPPLE_AIR_BAG_PRESSURE_auc,0.9111088709826227,0.1767766952966367,True
10,p2_primary_RIPPLE_AIR_BAG_PRESSURE_mean,0.9777152331516249,0.0,False
10,p2_primary_RIPPLE_AIR_BAG_PRESSURE_std,0.43147697704919036,0.0,False
10,p2_primary_SLURRY_FLOW_LINE_A_auc,0.4950670819047838,0.09256422347955352,False
10,p2_primary_SLURRY_FLOW_LINE_A_mean,0.5148518645667206,-0.14568883893984047,False
10,p2_primary_SLURRY_FLOW_LINE_A_std,0.026250430873336974,0.008582424958184225,False
10,p2_primary_SLURRY_FLOW_LINE_B_auc,0.025493686636300365,0.3067619321747908,True
10,p2_primary_SLURRY_FLOW_LINE_B_mean,0.07944905375116705,0.21100292486164657,True
10,p2_primary_SLURRY_FLOW_LINE_B_std,0.4113431456313417,0.019473335962100036,False
10,p2_primary_SLURRY_FLOW_LINE_C_auc,0.05349921427749051,0.17677669529663673,True
10,p2_primary_SLURRY_FLOW_LINE_C_mean,0.17983887967362522,0.08935831902096604,False
10,p2_primary_SLURRY_FLOW_LINE_C_std,0.8000464304093085,0.217462771778982,True
10,p2_primary_STAGE_ROTATION_mean,0.975073640316509,0.23807393733763638,True
10,p2_primary_USAGE_OF_BACKING_FILM_decreasing,11.09699765926189,-0.24470915629916057,True
10,p2_primary_USAGE_OF_BACKING_FILM_mean,742576.376804132,0.16598069189671188,True
10,p2_primary_USAGE_OF_BACKING_FILM_std,7.876956210081825,0.0,True
10,p2_primary_USAGE_OF_DRESSER_TABLE_decreasing,0.5270824831612234,0.17677669529663695,True
10,p2_primary_USAGE_OF_DRESSER_TABLE_mean,585.0423651677331,0.4037192483537202,True
10,p2_primary_USAGE_OF_DRESSER_TABLE_std,0.24350526112289964,0.0,False
10,p2_primary_USAGE_OF_DRESSER_decreasing,1.7017980287974186,0.0,True
10,p2_primary_USAGE_OF_DRESSER_mean,183.85450699039185,0.24263715683811277,True
10,p2_primary_USAGE_OF_DRESSER_std,1.5500678377398913,0.0,True
10,p2_primary_USAGE_OF_MEMBRANE_decreasing,3.0999364437678287,0.0,True
10,p2_primary_USAGE_OF_MEMBRANE_mean,375492.0728984737,0.0,True
10,p2_primary_USAGE_OF_MEMBRANE_std,21.36651260010904,0.0,True
10,p2_primary_USAGE_OF_POLISHING_TABLE_decreasing,0.3053140753637693,-0.2508459834890945,False
10,p2_primary_USAGE_OF_POLISHING_TABLE_mean,4.392230852702284,-0.11167196289537448,True
10,p2_primary_USAGE_OF_POLISHING_TABLE_std,0.4481172976135987,0.17677669529663692,True
10,p2_primary_USAGE_OF_PRESSURIZED_SHEET_decreasing,25.63760098171382,-0.1767766952966369,True
10,p2_primary_USAGE_OF_PRESSURIZED_SHEET_mean,375493.9216057727,-0.24066252820313644,True
10,p2_primary_USAGE_OF_PRESSURIZED_SHEET_std,5.715030564566654,0.0,True
10,p2_primary_WAFER_ROTATION_mean,0.26133521861157194,0.2722921690222401,True
10,p2_primary_duration,0.9137382770571263,0.2504938575044207,True
10,p2_secondary_CENTER_AIR_BAG_PRESSURE_auc,1.2913312436588533,0.0,False
10,p2_secondary_CENTER_AIR_BAG_PRESSURE_mean,1.4840552972484784,0.0,False
10,p2_secondary_CENTER_AIR_BAG_PRESSURE_std,1.5039471553837473,0.0,True
10,p2_secondary_DRESSING_WATER_STATUS_auc,1.113562805104481,0.3049881139778892,True
10,p2_secondary_DRESSING_WATER_STATUS_mean,1.1392512636095,0.09321409313556528,False
10,p2_secondary_DRESSING_WATER_STATUS_std,0.7416241255964419,0.26811445205540235,True
10,p2_secondary_EDGE_AIR_BAG_PRESSURE_auc,0.41309529918032234,0.0,False
10,p2_secondary_EDGE_AIR_BAG_PRESSURE_mean,0.6044887358655529,0.17677669529663687,True
10,p2_secondary_EDGE_AIR_BAG_PRESSURE_std,1.5079795394321132,0.17677669529663678,True
10,p2_secondary_HEAD_ROTATION_mean,0.5473349824652819,0.10402699013963765,False
10,p2_secondary_MAIN_OUTER_AIR_BAG_PRESSURE_auc,0.14138317599429334,0.0,False
10,p2_secondary_MAIN_OUTER_AIR_BAG_PRESSURE_mean,0.23171315062217648,0.0,False
10,p2_secondary_MAIN_OUTER_AIR_BAG_PRESSURE_std,1.3882663948016203,0.0,False
10,p2_secondary_PRESSURIZED_CHAMBER_PRESSURE_auc,1.0906116576438576,0.0,False
10,p2_secondary_PRESSURIZED_CHAMBER_PRESSURE_mean,1.001637690620305,0.21868069551657535,True
10,p2_secondary_PRESSURIZED_CHAMBER_PRESSURE_std,0.37169862397684617,-0.18211382103272558,False
10,p2_secondary_RETAINER_RING_PRESSURE_auc,0.7245456817295218,0.0,False
10,p2_secondary_RETAINER_RING_PRESSURE_mean,0.5510894560834398,0.0,False
10,p2_secondary_RETAINER_RING_PRESSURE_std,1.0502358401823002,0.0,False
10,p2_secondary_RIPPLE_AIR_BAG_PRESSURE_auc,0.6287546028299694,0.0,False
10,p2_secondary_RIPPLE_AIR_BAG_PRESSURE_mean,0.7186720129566009,0.0,False
10,p2_secondary_RIPPLE_AIR_BAG_PRESSURE_std,0.26838510111180525,0.0,False
10,p2_secondary_SLURRY_FLOW_LINE_A_auc,0.5186306265713099,-0.21755530220959227,False
10,p2_secondary_SLURRY_FLOW_LINE_A_mean,0.619895845337954,-0.17677669529663687,False
10,p2_secondary_SLURRY_FLOW_LINE_A_std,0.205600062130467,-0.24288341342427056,False
10,p2_secondary_SLURRY_FLOW_LINE_B_auc,0.48670611635173827,0.0,False
10,p2_secondary_SLURRY_FLOW_LINE_B_mean,0.6643332944699876,-0.1767766952966368,False
10,p2_secondary_SLURRY_FLOW_LINE_B_std,0.58410439970431,-0.1767766952966368,False
10,p2_secondary_SLURRY_FLOW_LINE_C_auc,0.47163352842926254,0.0,False
10,p2_secondary_SLURRY_FLOW_LINE_C_mean,0.7269242302719836,0.0,False
10,p2_secondary_SLURRY_FLOW_LINE_C_std,0.8763697754547611,0.1143834498055859,False
10,p2_secondary_STAGE_ROTATION_mean,1.0529504431888284,0.2345926108137857,True
10,p2_secondary_USAGE_OF_BACKING_FILM_decreasing,14.327719438391979,0.0,True
10,p2_secondary_USAGE_OF_BACKING_FILM_mean,178587.0146456656,0.09915425448827087,True
10,p2_secondary_USAGE_OF_BACKING_FILM_std,13.97748421590809,0.0,True
10,p2_secondary_USAGE_OF_DRESSER_TABLE_decreasing,0.7249028189919718,0.0,False
10,p2_secondary_USAGE_OF_DRESSER_TABLE_mean,591.5180195504108,0.4181319409605036,True
10,p2_secondary_USAGE_OF_DRESSER_TABLE_std,0.8129026688644881,0.0,False
10,p2_secondary_USAGE_OF_DRESSER_decreasing,0.8344023578530062,0.0,False
10,p2_secondary_USAGE_OF_DRESSER_mean,184.37729748542648,0.18002100879649116,True
10,p2_secondary_USAGE_OF_DRESSER_std,0.9854172292957267,0.0,False
10,p2_secondary_USAGE_OF_MEMBRANE_decreasing,151.79910983195498,0.0,True
10,p2_secondary_USAGE_OF_MEMBRANE_mean,76690.9108907143,0.1760766837089192,True
10,p2_secondary_USAGE_OF_MEMBRANE_std,94.71014689352184,0.0,True
10,p2_secondary_USAGE_OF_POLISHING_TABLE_decreasing,0.386899538329451,0.0,False
10,p2_secondary_USAGE_OF_POLISHING_TABLE_mean,4.399507343753563,0.17097723973520243,True
10,p2_secondary_USAGE_OF_POLISHING_TABLE_std,0.5108072862860087,0.0,False
10,p2_secondary_USAGE_OF_PRESSURIZED_SHEET_decreasing,10.570120075690978,-0.17677669529663695,True
10,p2_secondary_USAGE_OF_PRESSURIZED_SHEET_mean,98352.47087835749,0.12234442137292274,True
10,p2_secondary_USAGE_OF_PRESSURIZED_SHEET_std,6.892809239512142,0.0,True
10,p2_secondary_WAFER_ROTATION_mean,1.8329887660073494,0.22559902424598027,True
10,p2_secondary_duration,0.4611488003776252,-0.22505658700976472,False
11,lag_1,1.8234164871958798,0.7608841376184564,True
11,lag_2,1.8254058710296728,0.5633351764319655,True
11,lag_3,0.3573774866313472,0.038967235646303944,False
11,lag_4,0.7235019667804491,0.5184684474123287,True
11,lag_5,0.5439701749521976,-0.03343086647007473,False
11,lag_6,0.6769981938681007,0.17594677655319563,True
11,lag_7,0.9568565209751572,0.20436554913681634,True
11,lag_8,0.8876452252659325,0.0459636701746936,False
11,lag_9,0.08931922778772865,0.12363936982235459,False
11,lag_10,0.14042045679189308,0.006674296867965201,False
11,lag_11,0.6794506859867511,-0.10417799393186154,False
11,neighbor_1,1.9212589486959235,0.9163168233828416,True
11,neighbor_2,2.90389515430464,0.7878357403667158,True
11,neighbor_3,1.829843176815058,0.6224936546590204,True
11,neighbor_4,0.3323290079828269,0.25038844415084693,True
11,neighbor_5,0.34181609609481367,0.31960198759358466,True
11,neighbor_6,0.04624728890219527,0.2373042310466768,True
11,neighbor_7,0.2998093534239867,0.22487952691168736,True
11,neighbor_8,0.954371659792238,0.37193519379667617,True
11,neighbor_9,0.8402453788787639,0.1542598738047933,True
11,neighbor_10,0.07317464055899903,0.4080791909486438,True
11,p2_primary_CENTER_AIR_BAG_PRESSURE_auc,0.293669040507654,0.0,False
11,p2_primary_CENTER_AIR_BAG_PRESSURE_mean,0.3105802170745483,0.0,False
11,p2_primary_CENTER_AIR_BAG_PRESSURE_std,0.1888508518729852,0.0,False
11,p2_primary_DRESSING_WATER_STATUS_auc,0.5593135914073946,-0.04718630416642097,False
11,p2_primary_DRESSING_WATER_STATUS_mean,0.4970527305334743,-0.07441434827924753,False
11,p2_primary_DRESSING_WATER_STATUS_std,0.043351524274441944,-0.019194569108697577,False
11,p2_primary_EDGE_AIR_BAG_PRESSURE_auc,0.36612098903994,0.0,False
11,p2_primary_EDGE_AIR_BAG_PRESSURE_mean,0.20586549530271234,0.0,False
11,p2_primary_EDGE_AIR_BAG_PRESSURE_std,1.2303797315016747,-0.05545582765394348,False
11,p2_primary_HEAD_ROTATION_mean,0.0806763956052515,-0.20178790388814893,False
11,p2_primary_MAIN_OUTER_AIR_BAG_PRESSURE_auc,0.0606857626066488,0.0,False
11,p2_primary_MAIN_OUTER_AIR_BAG_PRESSURE_mean,0.050354602627176566,0.0,False
11,p2_primary_MAIN_OUTER_AIR_BAG_PRESSURE_std,0.5543412434791241,-0.172405772448365,False
11,p2_primary_PRESSURIZED_CHAMBER_PRESSURE_auc,0.5064384074341166,0.0,False
11,p2_primary_PRESSURIZED_CHAMBER_PRESSURE_mean,0.5630825467755826,0.0,False
11,p2_primary_PRESSURIZED_CHAMBER_PRESSURE_std,0.8789184854709752,-0.17677669529663675,False
11,p2_primary_RETAINER_RING_PRESSURE_auc,0.03812420564507785,0.0,False
11,p2_primary_RETAINER_RING_PRESSURE_mean,0.12636542488910024,0.0,False
11,p2_primary_RETAINER_RING_PRESSURE_std,0.7854861411001367,-0.07937842763878443,False
11,p2_primary_RIPPLE_AIR_BAG_PRESSURE_auc,0.2414564110837031,0.0,False
11,p2_primary_RIPPLE_AIR_BAG_PRESSURE_mean,0.2818550496515245,0.0,False
11,p2_primary_RIPPLE_AIR_BAG_PRESSURE_std,0.35283265063451064,0.0,False
11,p2_primary_SLURRY_FLOW_LINE_A_auc,0.5650649239566141,-0.0874467327361211,False
11,p2_primary_SLURRY_FLOW_LINE_A_mean,0.3667349651503486,0.0234836136761055,False
11,p2_primary_SLURRY_FLOW_LINE_A_std,1.2337789954119873,-0.17677669529663684,False
11,p2_primary_SLURRY_FLOW_LINE_B_auc,0.5993071809156912,0.23104050734924456,True
11,p2_primary_SLURRY_FLOW_LINE_B_mean,0.37574995671101663,0.17677669529663684,True
11,p2_primary_SLURRY_FLOW_LINE_B_std,1.0434506503211196,-0.24968985494099252,False
11,p2_primary_SLURRY_FLOW_LINE_C_auc,0.9488654310809302,0.0,False
11,p2_primary_SLURRY_FLOW_LINE_C_mean,1.0400026260641706,0.0,False
11,p2_primary_SLURRY_FLOW_LINE_C_std,0.185657024165028,0.1767766952966369,True
11,p2_primary_STAGE_ROTATION_mean,0.37571090141836955,-0.38329652701007416,False
11,p2_primary_USAGE_OF_BACKING_FILM_decreasing,31.48581460213444,0.0,True
11,p2_primary_USAGE_OF_BACKING_FILM_mean,1472512.7016278724,0.17677669529663695,True
11,p2_primary_USAGE_OF_BACKING_FILM_std,22.39487385678536,0.0,True
11,p2_primary_USAGE_OF_DRESSER_TABLE_decreasing,0.7306652285300423,0.0,False
11,p2_primary_USAGE_OF_DRESSER_TABLE_mean,2159.1126543509745,0.3019843302514427,True
11,p2_primary_USAGE_OF_DRESSER_TABLE_std,0.5412961782547169,0.0,False
11,p2_primary_USAGE_OF_DRESSER_decreasing,1.3440297016949727,0.0,False
11,p2_primary_USAGE_OF_DRESSER_mean,96.07619864373147,0.23355409515240658,True
11,p2_primary_USAGE_OF_DRESSER_std,1.2882740360277443,0.0,False
11,p2_primary_USAGE_OF_MEMBRANE_decreasing,72.44655943441128,0.0,True
11,p2_primary_USAGE_OF_MEMBRANE_mean,739043.7462397177,0.25190554987623226,True
11,p2_primary_USAGE_OF_MEMBRANE_std,0.6069087716997402,0.0,False
11,p2_primary_USAGE_OF_POLISHING_TABLE_decreasing,0.4270590454016644,0.0,False
11,p2_primary_USAGE_OF_POLISHING_TABLE_mean,10.9246884131802,0.042718621902986836,True
11,p2_primary_USAGE_OF_POLISHING_TABLE_std,0.32036373982397526,0.0,False
11,p2_primary_USAGE_OF_PRESSURIZED_SHEET_decreasing,9.481460950785577,0.0,True
11,p2_primary_USAGE_OF_PRESSURIZED_SHEET_mean,739043.0460540687,0.13732618028170226,True
11,p2_primary_USAGE_OF_PRESSURIZED_SHEET_std,43.69423346452582,0.0,True
11,p2_primary_WAFER_ROTATION_mean,0.608454389730349,0.13659427337664323,False
11,p2_primary_duration,0.12044054772232696,-0.3994536776252638,False
11,p2_secondary_CENTER_AIR_BAG_PRESSURE_auc,0.754287017184727,0.0,False
11,p2_secondary_CENTER_AIR_BAG_PRESSURE_mean,0.900625104328044,0.0,False
11,p2_secondary_CENTER_AIR_BAG_PRESSURE_std,1.7261928395713688,-0.17677669529663673,True
11,p2_secondary_DRESSING_WATER_STATUS_auc,0.5055292395411578,-0.18065981749367713,False
11,p2_secondary_DRESSING_WATER_STATUS_mean,0.48752938990112676,0.010320253466049839,False
11,p2_secondary_DRESSING_WATER_STATUS_std,0.9851623543783444,0.01752206436957858,False
11,p2_secondary_EDGE_AIR_BAG_PRESSURE_auc,0.4964307928201,0.0,False
11,p2_secondary_EDGE_AIR_BAG_PRESSURE_mean,0.5832097726267762,0.0,False
11,p2_secondary_EDGE_AIR_BAG_PRESSURE_std,0.5836340564669052,0.0,False
11,p2_secondary_HEAD_ROTATION_mean,0.025375790662287408,-0.021079029282966923,False
11,p2_secondary_MAIN_OUTER_AIR_BAG_PRESSURE_auc,0.10432083226942966,0.0,False
11,p2_secondary_MAIN_OUTER_AIR_BAG_PRESSURE_mean,0.08909022857236573,0.0,False
11,p2_secondary_MAIN_OUTER_AIR_BAG_PRESSURE_std,1.0145588450812686,0.1767766952966369,True
11,p2_secondary_PRESSURIZED_CHAMBER_PRESSURE_auc,1.6408479787159846,0.0,True
11,p2_secondary_PRESSURIZED_CHAMBER_PRESSURE_mean,1.6482071384551091,0.17677669529663695,True
11,p2_secondary_PRESSURIZED_CHAMBER_PRESSURE_std,0.32133497014447027,-0.17677669529663687,False
11,p2_secondary_RETAINER_RING_PRESSURE_auc,0.5800848950428313,0.0,False
11,p2_secondary_RETAINER_RING_PRESSURE_mean,0.08910946831999886,0.0,False
11,p2_secondary_RETAINER_RING_PRESSURE_std,0.2111480914326117,0.2033022427170872,True
11,p2_secondary_RIPPLE_AIR_BAG_PRESSURE_auc,0.020183391133140875,-0.17677669529663687,False
11,p2_secondary_RIPPLE_AIR_BAG_PRESSURE_mean,0.24630847231496544,0.0,False
11,p2_secondary_RIPPLE_AIR_BAG_PRESSURE_std,0.7256696190659256,0.0,False
11,p2_secondary_SLURRY_FLOW_LINE_A_auc,0.6566763094386481,0.23201849075349432,True
11,p2_secondary_SLURRY_FLOW_LINE_A_mean,0.572719938752295,0.1767766952966368,True
11,p2_secondary_SLURRY_FLOW_LINE_A_std,0.14474245881926323,0.14799987805188558,False
11,p2_secondary_SLURRY_FLOW_LINE_B_auc,0.11243692129014898,-0.10813360008472105,False
11,p2_secondary_SLURRY_FLOW_LINE_B_mean,0.020934917215245763,0.13832374390600463,False
11,p2_secondary_SLURRY_FLOW_LINE_B_std,0.11119204331665472,0.0,False
11,p2_secondary_SLURRY_FLOW_LINE_C_auc,1.4389532922146036,-0.17677669529663703,False
11,p2_secondary_SLURRY_FLOW_LINE_C_mean,1.3821950088576547,-0.17677669529663695,False
11,p2_secondary_SLURRY_FLOW_LINE_C_std,0.11071313528298726,-0.186741319698378,False
11,p2_secondary_STAGE_ROTATION_mean,1.3263377935779304,0.21983535689716546,True
11,p2_secondary_USAGE_OF_BACKING_FILM_decreasing,0.7993983735922152,-0.17677669529663687,False
11,p2_secondary_USAGE_OF_BACKING_FILM_mean,967383.6927779602,0.20814393435936446,True
11,p2_secondary_USAGE_OF_BACKING_FILM_std,1.1755920116782759,0.0,False
11,p2_secondary_USAGE_OF_DRESSER_TABLE_decreasing,0.8185961899839699,0.0,False
11,p2_secondary_USAGE_OF_DRESSER_TABLE_mean,2167.5992508502363,0.2724583778478844,True
11,p2_secondary_USAGE_OF_DRESSER_TABLE_std,0.673994567653269,0.0,False
11,p2_secondary_USAGE_OF_DRESSER_decreasing,1.0638026137763765,0.0,False
11,p2_secondary_USAGE_OF_DRESSER_mean,96.11434269200473,0.21623359544347687,True
11,p2_secondary_USAGE_OF_DRESSER_std,1.3750877892416054,0.0,False
11,p2_secondary_USAGE_OF_MEMBRANE_decreasing,4426.373835336853,0.0,True
11,p2_secondary_USAGE_OF_MEMBRANE_mean,475676.2178968141,-0.24528381746137096,True
11,p2_secondary_USAGE_OF_MEMBRANE_std,3040.8672817391803,0.0,True
11,p2_secondary_USAGE_OF_POLISHING_TABLE_decreasing,0.08366257969932052,0.0,False
11,p2_secondary_USAGE_OF_POLISHING_TABLE_mean,10.952449966163243,0.058718497104876144,True
11,p2_secondary_USAGE_OF_POLISHING_TABLE_std,0.0705010754908765,0.0,False
11,p2_secondary_USAGE_OF_PRESSURIZED_SHEET_decreasing,556.4756307514946,0.0,True
11,p2_secondary_USAGE_OF_PRESSURIZED_SHEET_mean,469996.4505365934,-0.11782637810945999,True
11,p2_secondary_USAGE_OF_PRESSURIZED_SHEET_std,555.6273605915214,0.0,True
11,p2_secondary_WAFER_ROTATION_mean,0.9181187458049314,0.25292662379066955,True
11,p2_secondary_duration,0.4877499597555263,-0.018832842236248825,False
12,lag_1,2.478851769552817,1.0264479228808823,True
12,lag_2,1.4705148543916706,0.567306062560363,True
12,lag_3,0.5449736879060552,0.3333713283299094,True
12,lag_4,0.30697638979717484,0.07452158836403755,False
12,lag_5,0.3055979280186111,0.17877710875097727,True
12,lag_6,1.7512328386104525,0.2791974051197559,True
12,lag_7,0.9259281623632389,0.27456854671750985,True
12,lag_8,1.2239327829555473,0.32803989444059695,True
12,lag_9,1.6665250816450128,-0.00756699819531203,True
12,lag_10,0.9572770603690189,0.26439439368899287,True
12,lag_11,0.8153525337437985,-0.010056235742650823,False
12,neighbor_1,0.9257954857588303,0.9641819015275126,True
12,neighbor_2,3.0043388804535125,0.5824332393721019,True
12,neighbor_3,0.5295703926108198,0.6803326366765946,True
12,neighbor_4,0.6446815577549659,0.8079240139468661,True
12,neighbor_5,0.7553414984991446,0.43359720412969643,True
12,neighbor_6,0.17484066358506783,-0.26311249132852477,False
12,neighbor_7,1.4390662399969398,0.4078498838015011,True
12,neighbor_8,0.8565351647277613,0.33945843444142465,True
12,neighbor_9,0.40105835197203626,0.15251719255872123,True
12,neighbor_10,0.1896960114752357,0.23473816325542043,True
12,p2_primary_CENTER_AIR_BAG_PRESSURE_auc,0.6781539018088102,0.0,False
12,p2_primary_CENTER_AIR_BAG_PRESSURE_mean,0.8693289742223247,0.0,False
12,p2_primary_CENTER_AIR_BAG_PRESSURE_std,1.1682406812165482,0.17677669529663678,True
12,p2_primary_DRESSING_WATER_STATUS_auc,1.047020456812173,0.15956312638100176,True
12,p2_primary_DRESSING_WATER_STATUS_mean,1.0742826244643464,0.07306926242296953,False
12,p2_primary_DRESSING_WATER_STATUS_std,0.14483654294515766,-0.2679403192619311,False
12,p2_primary_EDGE_AIR_BAG_PRESSURE_auc,1.8392434746337145,0.0,True
12,p2_primary_EDGE_AIR_BAG_PRESSURE_mean,1.8190270972492593,0.17677669529663667,True
12,p2_primary_EDGE_AIR_BAG_PRESSURE_std,0.5305292975267234,0.1767766952966369,True
12,p2_primary_HEAD_ROTATION_mean,0.3299317495469243,0.21510511573786018,True
12,p2_primary_MAIN_OUTER_AIR_BAG_PRESSURE_auc,0.16548887425098419,0.0,False
12,p2_primary_MAIN_OUTER_AIR_BAG_PRESSURE_mean,0.09239574714280034,0.0,False
12,p2_primary_MAIN_OUTER_AIR_BAG_PRESSURE_std,0.8133827062027281,0.0,False
12,p2_primary_PRESSURIZED_CHAMBER_PRESSURE_auc,0.1660829280706279,0.0,False
12,p2_primary_PRESSURIZED_CHAMBER_PRESSURE_mean,0.24703837562944556,0.0,False
12,p2_primary_PRESSURIZED_CHAMBER_PRESSURE_std,0.8000679594727791,-0.17677669529663687,False
12,p2_primary_RETAINER_RING_PRESSURE_auc,0.8066767945043966,0.17677669529663698,True
12,p2_primary_RETAINER_RING_PRESSURE_mean,1.07061765418587,0.17677669529663675,True
12,p2_primary_RETAINER_RING_PRESSURE_std,1.7287003882236158,-0.27444914130966536,True
12,p2_primary_RIPPLE_AIR_BAG_PRESSURE_auc,0.7933834889006667,0.17677669529663684,True
12,p2_primary_RIPPLE_AIR_BAG_PRESSURE_mean,0.8652915464904732,0.0,False
12,p2_primary_RIPPLE_AIR_BAG_PRESSURE_std,0.8003104231406324,0.0,False
12,p2_primary_SLURRY_FLOW_LINE_A_auc,0.2267375175001705,-0.0016360319905413063,False
12,p2_primary_SLURRY_FLOW_LINE_A_mean,0.27499222004203117,-0.1430503504184937,False
12,p2_primary_SLURRY_FLOW_LINE_A_std,0.4208270645535878,-0.17677669529663698,False
12,p2_primary_SLURRY_FLOW_LINE_B_auc,0.23214374415081557,-0.022668606108570466,False
12,p2_primary_SLURRY_FLOW_LINE_B_mean,0.25804248341852876,0.14885076535198677,False
12,p2_primary_SLURRY_FLOW_LINE_B_std,0.10695326565568546,-0.09934647349606285,False
12,p2_primary_SLURRY_FLOW_LINE_C_auc,0.17786152694253754,0.0,False
12,p2_primary_SLURRY_FLOW_LINE_C_mean,0.13257660182646003,-0.17677669529663684,False
12,p2_primary_SLURRY_FLOW_LINE_C_std,0.16699102499709179,0.2498411525535727,True
12,p2_primary_STAGE_ROTATION_mean,0.33205641206698633,-0.13241381299188498,False
12,p2_primary_USAGE_OF_BACKING_FILM_decreasing,20.73675520354392,0.0,True
12,p2_primary_USAGE_OF_BACKING_FILM_mean,196116.764519691,-0.06797775277949412,True
12,p2_primary_USAGE_OF_BACKING_FILM_std,14.878853324660804,0.0,True
12,p2_primary_USAGE_OF_DRESSER_TABLE_decreasing,0.6945507120846487,-0.24670761397176783,False
12,p2_primary_USAGE_OF_DRESSER_TABLE_mean,1632.7475286735862,0.37687005675505625,True
12,p2_primary_USAGE_OF_DRESSER_TABLE_std,0.2733874525791418,-0.17677669529663698,False
12,p2_primary_USAGE_OF_DRESSER_decreasing,2.590725367676513,0.0,True
12,p2_primary_USAGE_OF_DRESSER_mean,312.23765413821866,0.13397711170498722,True
12,p2_primary_USAGE_OF_DRESSER_std,2.915777219062087,0.0,True
12,p2_primary_USAGE_OF_MEMBRANE_decreasing,6.616696123728532,0.0,True
12,p2_primary_USAGE_OF_MEMBRANE_mean,97788.23203447103,-0.13540279648886977,True
12,p2_primary_USAGE_OF_MEMBRANE_std,39.22457036745295,-0.1767766952966369,True
12,p2_primary_USAGE_OF_POLISHING_TABLE_decreasing,0.0076699739108092935,-0.17677669529663692,False
12,p2_primary_USAGE_OF_POLISHING_TABLE_mean,1.8733514628911239,0.198017494010737,True
12,p2_primary_USAGE_OF_POLISHING_TABLE_std,0.028388268908383654,-0.1767766952966369,False
12,p2_primary_USAGE_OF_PRESSURIZED_SHEET_decreasing,48.48950828663606,0.0,True
12,p2_primary_USAGE_OF_PRESSURIZED_SHEET_mean,97788.45903536574,0.1767766952966369,True
12,p2_primary_USAGE_OF_PRESSURIZED_SHEET_std,9.474781331483898,0.0,True
12,p2_primary_WAFER_ROTATION_mean,0.3549907470782076,0.25098086478809933,True
12,p2_primary_duration,0.869674554539724,-0.11608804816168591,False
12,p2_secondary_CENTER_AIR_BAG_PRESSURE_auc,1.0769787484944386,0.0,False
12,p2_secondary_CENTER_AIR_BAG_PRESSURE_mean,1.287061250114958,0.0,False
12,p2_secondary_CENTER_AIR_BAG_PRESSURE_std,1.7368082793064108,-0.176776695296637,True
12,p2_secondary_DRESSING_WATER_STATUS_auc,0.2520670430706852,0.2200353972903608,True
12,p2_secondary_DRESSING_WATER_STATUS_mean,0.13263437506290382,0.3437086175496726,True
12,p2_secondary_DRESSING_WATER_STATUS_std,0.7258026711606115,-0.019518056657918895,False
12,p2_secondary_EDGE_AIR_BAG_PRESSURE_auc,0.9165261111158004,0.0,False
12,p2_secondary_EDGE_AIR_BAG_PRESSURE_mean,1.3792304187849305,0.0,False
12,p2_secondary_EDGE_AIR_BAG_PRESSURE_std,2.5754105781651093,0.0,True
12,p2_secondary_HEAD_ROTATION_mean,0.35553075058969863,-0.06704630835713074,False
12,p2_secondary_MAIN_OUTER_AIR_BAG_PRESSURE_auc,0.14257298958495684,0.0,False
12,p2_secondary_MAIN_OUTER_AIR_BAG_PRESSURE_mean,0.2577435067180849,0.0,False
12,p2_secondary_MAIN_OUTER_AIR_BAG_PRESSURE_std,1.9777499537921979,0.17677669529663692,True
12,p2_secondary_PRESSURIZED_CHAMBER_PRESSURE_auc,0.954329140756192,0.17677669529663687,True
12,p2_secondary_PRESSURIZED_CHAMBER_PRESSURE_mean,0.7042504174049935,0.0,False
12,p2_secondary_PRESSURIZED_CHAMBER_PRESSURE_std,1.2438099652826142,0.0,False
12,p2_secondary_RETAINER_RING_PRESSURE_auc,0.33878266296403353,0.0,False
12,p2_secondary_RETAINER_RING_PRESSURE_mean,0.1733582882937028,0.1767766952966369,True
12,p2_secondary_RETAINER_RING_PRESSURE_std,0.6313620303538432,0.17677669529663678,True
12,p2_secondary_RIPPLE_AIR_BAG_PRESSURE_auc,0.5433338831268384,0.0,False
12,p2_secondary_RIPPLE_AIR_BAG_PRESSURE_mean,0.5864199370167317,0.0,False
12,p2_secondary_RIPPLE_AIR_BAG_PRESSURE_std,0.6702961331618443,0.0,False
12,p2_secondary_SLURRY_FLOW_LINE_A_auc,0.14474981404377696,-0.018160648185485864,False
12,p2_secondary_SLURRY_FLOW_LINE_A_mean,0.15967248667953216,0.2131744774113659,True
12,p2_secondary_SLURRY_FLOW_LINE_A_std,0.2690083269798675,0.2533906713692248,True
12,p2_secondary_SLURRY_FLOW_LINE_B_auc,0.13910435818965988,0.23492460885214925,True
12,p2_secondary_SLURRY_FLOW_LINE_B_mean,0.05083839356120647,0.11169668639176047,False
12,p2_secondary_SLURRY_FLOW_LINE_B_std,0.23122898488329544,-0.08282595228194883,False
12,p2_secondary_SLURRY_FLOW_LINE_C_auc,0.3823596729077187,-0.17677669529663675,False
12,p2_secondary_SLURRY_FLOW_LINE_C_mean,0.3533788654955977,0.0,False
12,p2_secondary_SLURRY_FLOW_LINE_C_std,0.36521968472946287,-0.1767766952966369,False
12,p2_secondary_STAGE_ROTATION_mean,0.6808025018139761,-0.16370984115049145,False
12,p2_secondary_USAGE_OF_BACKING_FILM_decreasing,51.230122020960486,-0.17677669529663692,True
12,p2_secondary_USAGE_OF_BACKING_FILM_mean,13482.944971254878,0.17677669529663675,True
12,p2_secondary_USAGE_OF_BACKING_FILM_std,36.50304625856226,0.0,True
12,p2_secondary_USAGE_OF_DRESSER_TABLE_decreasing,0.18662501281101448,0.0,False
12,p2_secondary_USAGE_OF_DRESSER_TABLE_mean,1645.1977465447023,0.26104018407150115,True
12,p2_secondary_USAGE_OF_DRESSER_TABLE_std,0.15683605559628327,0.0,False
12,p2_secondary_USAGE_OF_DRESSER_decreasing,0.7483702116912038,0.17677669529663687,True
12,p2_secondary_USAGE_OF_DRESSER_mean,311.69267156545953,0.2441063185231879,True
12,p2_secondary_USAGE_OF_DRESSER_std,1.2307809941878896,0.0,False
12,p2_secondary_USAGE_OF_MEMBRANE_decreasing,1246.5424823054268,0.0,True
12,p2_secondary_USAGE_OF_MEMBRANE_mean,5504.856746201408,0.09174130767305776,True
12,p2_secondary_USAGE_OF_MEMBRANE_std,1044.9028015021495,0.1767766952966369,True
12,p2_secondary_USAGE_OF_POLISHING_TABLE_decreasing,0.2932565855578653,0.0,False
12,p2_secondary_USAGE_OF_POLISHING_TABLE_mean,1.8718535998181312,0.34365569303768,True
12,p2_secondary_USAGE_OF_POLISHING_TABLE_std,0.3522113928115287,0.0,False
12,p2_secondary_USAGE_OF_PRESSURIZED_SHEET_decreasing,170.86534436404003,0.0,True
12,p2_secondary_USAGE_OF_PRESSURIZED_SHEET_mean,7359.056818147884,0.23142202307163506,True
12,p2_secondary_USAGE_OF_PRESSURIZED_SHEET_std,152.22743469579953,0.0,True
12,p2_secondary_WAFER_ROTATION_mean,2.6767287401067725,-0.17677669529663673,True
12,p2_secondary_duration,0.1978609232480831,-0.3192655343752373,False
13,lag_1,0.9472758043134772,0.6483438080096752,True
13,lag_2,1.040562244262884,0.4267764424487451,True
13,lag_3,0.854104400434273,-0.07285729908309432,False
13,lag_4,1.3623929184634864,0.33256528499816274,True
13,lag_5,0.10136649973755973,0.4065665010718266,True
13,lag_6,0.03186020935205603,-0.07715423395827732,False
13,lag_7,0.032529641566345156,0.16727540502244437,True
13,lag_8,1.5302101007203108,-0.05835314181892586,True
13,lag_9,0.9753662215623731,-0.2304642057367704,False
13,lag_10,0.01977438586005383,0.1694356844932208,True
13,lag_11,2.020195719294361,0.18571201806684448,True
13,neighbor_1,3.7081764648164732,1.5555004227583509,True
13,neighbor_2,1.1741400044242771,0.370156621416064,True
13,neighbor_3,1.9994615987915718,0.37857539105683546,True
13,neighbor_4,0.47775407959879207,0.35857311069574815,True
13,neighbor_5,1.83975710037697,-0.12608537559331046,True
13,neighbor_6,0.9239425723228196,0.07497315986431626,False
13,neighbor_7,0.3822718522275359,-0.1488265467083938,False
13,neighbor_8,0.0789189275547893,0.1926218580089043,True
13,neighbor_9,1.6747418470003541,0.40285830016659374,True
13,neighbor_10,0.5972921536263383,0.10225009507490915,False
13,p2_primary_CENTER_AIR_BAG_PRESSURE_auc,0.0304302104970084,0.0,False
13,p2_primary_CENTER_AIR_BAG_PRESSURE_mean,0.1532509103308114,0.0,False
13,p2_primary_CENTER_AIR_BAG_PRESSURE_std,1.0532805437138053,0.0,False
13,p2_primary_DRESSING_WATER_STATUS_auc,1.373099267417362,-0.06338281573915394,False
13,p2_primary_DRESSING_WATER_STATUS_mean,1.488325946223799,-0.10560740267026762,False
13,p2_primary_DRESSING_WATER_STATUS_std,1.8554340882031828,-0.029718488383958304,True
13,p2_primary_EDGE_AIR_BAG_PRESSURE_auc,0.33811100978282205,0.0,False
13,p2_primary_EDGE_AIR_BAG_PRESSURE_mean,0.2391910161437994,0.0,False
13,p2_primary_EDGE_AIR_BAG_PRESSURE_std,0.28851164339597035,0.0,False
13,p2_primary_HEAD_ROTATION_mean,1.0976118019410313,0.06786027999986255,False
13,p2_primary_MAIN_OUTER_AIR_BAG_PRESSURE_auc,0.3109905201470821,0.0,False
13,p2_primary_MAIN_OUTER_AIR_BAG_PRESSURE_mean,0.4110737988690519,0.0,False
13,p2_primary_MAIN_OUTER_AIR_BAG_PRESSURE_std,0.35438003524074524,0.0,False
13,p2_primary_PRESSURIZED_CHAMBER_PRESSURE_auc,0.7585170270253231,0.0,False
13,p2_primary_PRESSURIZED_CHAMBER_PRESSURE_mean,1.0592836356276252,0.0,False
13,p2_primary_PRESSURIZED_CHAMBER_PRESSURE_std,0.6913005481766731,-0.28708490360106387,False
13,p2_primary_RETAINER_RING_PRESSURE_auc,0.26981317040721314,0.0,False
13,p2_primary_RETAINER_RING_PRESSURE_mean,0.30875982937689295,0.1767766952966368,True
13,p2_primary_RETAINER_RING_PRESSURE_std,0.44928569802700546,0.3420095894228454,True
13,p2_primary_RIPPLE_AIR_BAG_PRESSURE_auc,0.11225153517238999,0.0,False
13,p2_primary_RIPPLE_AIR_BAG_PRESSURE_mean,0.012556500180578883,0.0,False
13,p2_primary_RIPPLE_AIR_BAG_PRESSURE_std,0.6920141962880797,0.0,False
13,p2_primary_SLURRY_FLOW_LINE_A_auc,0.12664412450990772,0.16987878426559383,True
13,p2_primary_SLURRY_FLOW_LINE_A_mean,0.05795523007134187,-0.17677669529663684,False
13,p2_primary_SLURRY_FLOW_LINE_A_std,0.4827477698331378,0.1012718090372397,False
13,p2_primary_SLURRY_FLOW_LINE_B_auc,0.09485093113997346,0.3097977785872889,True
13,p2_primary_SLURRY_FLOW_LINE_B_mean,0.04098796117506082,-0.22792439916043117,False
13,p2_primary_SLURRY_FLOW_LINE_B_std,0.3012487191409409,0.19549973761821812,True
13,p2_primary_SLURRY_FLOW_LINE_C_auc,0.01569289044077407,-0.17351402673786726,False
13,p2_primary_SLURRY_FLOW_LINE_C_mean,0.22437855026202014,0.0,False
13,p2_primary_SLURRY_FLOW_LINE_C_std,0.9387745771376024,0.0,False
13,p2_primary_STAGE_ROTATION_mean,0.13693301636736924,0.31308446287524544,True
13,p2_primary_USAGE_OF_BACKING_FILM_decreasing,26.052393017408516,0.0,True
13,p2_primary_USAGE_OF_BACKING_FILM_mean,1140665.9963848016,0.0,True
13,p2_primary_USAGE_OF_BACKING_FILM_std,16.12423535332811,0.0,True
13,p2_primary_USAGE_OF_DRESSER_TABLE_decreasing,0.6542715168250396,-0.1767766952966369,False
13,p2_primary_USAGE_OF_DRESSER_TABLE_mean,784.0478711676272,0.7066685624982618,True
13,p2_primary_USAGE_OF_DRESSER_TABLE_std,0.5463560208537284,0.0,False
13,p2_primary_USAGE_OF_DRESSER_decreasing,1.4734751577534322,0.0,False
13,p2_primary_USAGE_OF_DRESSER_mean,144.41956730835534,0.2455668122794442,True
13,p2_primary_USAGE_OF_DRESSER_std,1.086047549775547,0.1767766952966369,True
13,p2_primary_USAGE_OF_MEMBRANE_decreasing,6.835719938905479,0.0,True
13,p2_primary_USAGE_OF_MEMBRANE_mean,574496.2066809252,0.22494786065368394,True
13,p2_primary_USAGE_OF_MEMBRANE_std,31.223900037070962,0.0,True
13,p2_primary_USAGE_OF_POLISHING_TABLE_decreasing,0.3101636641981435,0.0,False
13,p2_primary_USAGE_OF_POLISHING_TABLE_mean,11.462719826766767,0.1848491050123848,True
13,p2_primary_USAGE_OF_POLISHING_TABLE_std,0.10354297754736982,0.0,False
13,p2_primary_USAGE_OF_PRESSURIZED_SHEET_decreasing,46.05191507052571,0.0,True
13,p2_primary_USAGE_OF_PRESSURIZED_SHEET_mean,574495.6884125331,0.10838876099949521,True
13,p2_primary_USAGE_OF_PRESSURIZED_SHEET_std,0.7731618636350703,0.0,False
13,p2_primary_WAFER_ROTATION_mean,0.05562706349284943,0.3249979328499655,True
13,p2_primary_duration,1.098745740503175,0.1542468174466269,True
13,p2_secondary_CENTER_AIR_BAG_PRESSURE_auc,0.7030426823232536,0.0,False
13,p2_secondary_CENTER_AIR_BAG_PRESSURE_mean,0.8316575634268063,0.0,False
13,p2_secondary_CENTER_AIR_BAG_PRESSURE_std,1.2143823701813423,-0.17677669529663684,False
13,p2_secondary_DRESSING_WATER_STATUS_auc,0.2155409055328124,-0.013940537625130704,False
13,p2_secondary_DRESSING_WATER_STATUS_mean,0.26693219079958025,0.01915321224727333,False
13,p2_secondary_DRESSING_WATER_STATUS_std,0.11364863038467228,-0.09520497135587307,False
13,p2_secondary_EDGE_AIR_BAG_PRESSURE_auc,0.4606662568243231,0.0,False
13,p2_secondary_EDGE_AIR_BAG_PRESSURE_mean,0.2339957761473452,-0.176776695296637,False
13,p2_secondary_EDGE_AIR_BAG_PRESSURE_std,1.4345138695983894,0.17677669529663692,True
13,p2_secondary_HEAD_ROTATION_mean,0.11273352967461835,0.28361263714541546,True
13,p2_secondary_MAIN_OUTER_AIR_BAG_PRESSURE_auc,0.4792114324436101,0.1767766952966369,True
13,p2_secondary_MAIN_OUTER_AIR_BAG_PRESSURE_mean,0.5875401286086778,0.0,False
13,p2_secondary_MAIN_OUTER_AIR_BAG_PRESSURE_std,1.5391646216883863,0.17677669529663687,True
13,p2_secondary_PRESSURIZED_CHAMBER_PRESSURE_auc,1.2470505415625435,0.0,False
13,p2_secondary_PRESSURIZED_CHAMBER_PRESSURE_mean,1.0439842835544597,0.2538944116127466,True
13,p2_secondary_PRESSURIZED_CHAMBER_PRESSURE_std,0.7079386387842166,0.0,False
13,p2_secondary_RETAINER_RING_PRESSURE_auc,0.48495792859504483,0.0,False
13,p2_secondary_RETAINER_RING_PRESSURE_mean,0.004642710337244494,-0.176776695296637,False
13,p2_secondary_RETAINER_RING_PRESSURE_std,0.6011237102724297,0.19545870780359956,True
13,p2_secondary_RIPPLE_AIR_BAG_PRESSURE_auc,0.2502315541318054,-0.17677669529663687,False
13,p2_secondary_RIPPLE_AIR_BAG_PRESSURE_mean,0.2585646319162301,0.0,False
13,p2_secondary_RIPPLE_AIR_BAG_PRESSURE_std,0.3139636836482898,0.0,False
13,p2_secondary_SLURRY_FLOW_LINE_A_auc,0.27825597269317426,0.0,False
13,p2_secondary_SLURRY_FLOW_LINE_A_mean,0.49861270136996966,0.25103415059343004,True
13,p2_secondary_SLURRY_FLOW_LINE_A_std,0.12125949692005328,0.08955690313299497,False
13,p2_secondary_SLURRY_FLOW_LINE_B_auc,0.08947407032532956,0.21603693689479017,True
13,p2_secondary_SLURRY_FLOW_LINE_B_mean,0.14126336016982896,0.10419190588497347,False
13,p2_secondary_SLURRY_FLOW_LINE_B_std,0.8248836463303,-0.1767766952966369,False
13,p2_secondary_SLURRY_FLOW_LINE_C_auc,0.2526759493054708,0.176776695296637,True
13,p2_secondary_SLURRY_FLOW_LINE_C_mean,0.4104234358686702,0.17677669529663698,True
13,p2_secondary_SLURRY_FLOW_LINE_C_std,0.32534469208862454,-0.15107036967786378,False
13,p2_secondary_STAGE_ROTATION_mean,0.6892748910431639,-0.1767766952966369,False
13,p2_secondary_USAGE_OF_BACKING_FILM_decreasing,45.34352347964647,0.0,True
13,p2_secondary_USAGE_OF_BACKING_FILM_mean,70286.25643076666,0.1803869150269502,True
13,p2_secondary_USAGE_OF_BACKING_FILM_std,33.09086209910434,0.17677669529663698,True
13,p2_secondary_USAGE_OF_DRESSER_TABLE_decreasing,0.15612209580802458,0.0,False
13,p2_secondary_USAGE_OF_DRESSER_TABLE_mean,782.6484629247767,0.4895111160509682,True
13,p2_secondary_USAGE_OF_DRESSER_TABLE_std,0.17322526239301603,0.0,False
13,p2_secondary_USAGE_OF_DRESSER_decreasing,0.3044102514751052,0.0,False
13,p2_secondary_USAGE_OF_DRESSER_mean,144.55801399003815,0.2598506990236286,True
13,p2_secondary_USAGE_OF_DRESSER_std,0.43397323660360365,0.0,False
13,p2_secondary_USAGE_OF_MEMBRANE_decreasing,1494.174833018186,0.0,True
13,p2_secondary_USAGE_OF_MEMBRANE_mean,37560.45965922025,0.23573466744722185,True
13,p2_secondary_USAGE_OF_MEMBRANE_std,906.6146480487719,0.0,True
13,p2_secondary_USAGE_OF_POLISHING_TABLE_decreasing,1.4480808803583165,0.0,False
13,p2_secondary_USAGE_OF_POLISHING_TABLE_mean,11.48541007663265,-0.21632513552181235,True
13,p2_secondary_USAGE_OF_POLISHING_TABLE_std,1.7291947406942243,-0.17677669529663695,True
13,p2_secondary_USAGE_OF_PRESSURIZED_SHEET_decreasing,290.233717671605,0.0,True
13,p2_secondary_USAGE_OF_PRESSURIZED_SHEET_mean,37385.75830810003,0.17677669529663678,True
13,p2_secondary_USAGE_OF_PRESSURIZED_SHEET_std,292.0626980740611,0.0,True
13,p2_secondary_WAFER_ROTATION_mean,2.329568229791195,-0.14613783817208825,True
13,p2_secondary_duration,0.1133874689552435,0.2386255845737578,True
14,lag_1,1.8363255108806602,0.7425329129571122,True
14,lag_2,2.530921206183822,0.2854471295890619,True
14,lag_3,0.15659790817796884,0.39659731249472635,True
14,lag_4,0.1730486886162417,0.4457622179916923,True
14,lag_5,2.096665501916849,0.24593778439179376,True
14,lag_6,2.025240855945903,0.27500921799481903,True
14,lag_7,0.40679080039268206,0.06788091344098078,False
14,lag_8,1.67428753397401,0.13231541871119717,True
14,lag_9,0.028945238545062556,-0.013220093219387646,False
14,lag_10,0.5549729664000583,0.059604149785443546,False
14,lag_11,0.1943379582234306,-0.1648731153234306,False
14,neighbor_1,2.332336088624017,1.2374611678815606,True
14,neighbor_2,3.1119511515472356,0.40724164652117045,True
14,neighbor_3,0.5774304210684578,0.5494097705376674,True
14,neighbor_4,0.3945252822006306,0.37984740612733353,True
14,neighbor_5,0.20542268302762015,0.2871484603016488,True
14,neighbor_6,0.5675802305149432,0.4371853136977555,True
14,neighbor_7,0.5949293257661851,0.07811855272999121,False
14,neighbor_8,1.535058475973283,0.35814275750665114,True
14,neighbor_9,0.8621941688593653,0.39779684295242956,True
14,neighbor_10,0.3396445160094976,0.2692557505135305,True
14,p2_primary_CENTER_AIR_BAG_PRESSURE_auc,2.0065764383570937,0.0,True
14,p2_primary_CENTER_AIR_BAG_PRESSURE_mean,1.9224008981752312,0.0,True
14,p2_primary_CENTER_AIR_BAG_PRESSURE_std,0.2008857000429138,0.0,False
14,p2_primary_DRESSING_WATER_STATUS_auc,0.2730513185519383,-0.02531416191425578,False
14,p2_primary_DRESSING_WATER_STATUS_mean,0.37057403478973866,0.04350921895565566,False
14,p2_primary_DRESSING_WATER_STATUS_std,0.34153680864036684,-0.4163867047141509,False
14,p2_primary_EDGE_AIR_BAG_PRESSURE_auc,0.9382680995516395,0.0,False
14,p2_primary_EDGE_AIR_BAG_PRESSURE_mean,0.9097736682712866,0.0,False
14,p2_primary_EDGE_AIR_BAG_PRESSURE_std,0.12887676788854893,0.22674808150321815,True
14,p2_primary_HEAD_ROTATION_mean,1.45294582325033,0.2749841340414296,True
14,p2_primary_MAIN_OUTER_AIR_BAG_PRESSURE_auc,0.2476458403562955,0.0,False
14,p2_primary_MAIN_OUTER_AIR_BAG_PRESSURE_mean,0.034764300623464535,0.0,False
14,p2_primary_MAIN_OUTER_AIR_BAG_PRESSURE_std,0.0032449047571331243,0.0,False
14,p2_primary_PRESSURIZED_CHAMBER_PRESSURE_auc,0.7670675406434843,0.17677669529663673,True
14,p2_primary_PRESSURIZED_CHAMBER_PRESSURE_mean,1.2859350595654633,0.0,False
14,p2_primary_PRESSURIZED_CHAMBER_PRESSURE_std,1.261049111048604,0.21544626884230114,True
14,p2_primary_RETAINER_RING_PRESSURE_auc,1.3627247966175091,0.13173499355251655,False
14,p2_primary_RETAINER_RING_PRESSURE_mean,1.5331497705856172,0.0,True
14,p2_primary_RETAINER_RING_PRESSURE_std,0.7219785305028978,-0.1767766952966368,False
14,p2_primary_RIPPLE_AIR_BAG_PRESSURE_auc,1.959778182688442,0.0,True
14,p2_primary_RIPPLE_AIR_BAG_PRESSURE_mean,1.8230158975013562,0.0,True
14,p2_primary_RIPPLE_AIR_BAG_PRESSURE_std,0.020009026923070453,-0.23043302706688792,False
14,p2_primary_SLURRY_FLOW_LINE_A_auc,0.318108897779853,0.041509501713538684,False
14,p2_primary_SLURRY_FLOW_LINE_A_mean,0.573553430502439,-0.11495284800126572,False
14,p2_primary_SLURRY_FLOW_LINE_A_std,0.025215954623662617,0.0,False
14,p2_primary_SLURRY_FLOW_LINE_B_auc,0.40782818336605536,0.1383208803216247,False
14,p2_primary_SLURRY_FLOW_LINE_B_mean,0.5155946752559504,-0.17677669529663687,False
14,p2_primary_SLURRY_FLOW_LINE_B_std,0.5922321879931154,0.19436491879546425,True
14,p2_primary_SLURRY_FLOW_LINE_C_auc,0.2940038564497391,0.0,False
14,p2_primary_SLURRY_FLOW_LINE_C_mean,0.41723463574624,0.0,False
14,p2_primary_SLURRY_FLOW_LINE_C_std,1.5831253326816497,-0.23883780258477902,True
14,p2_primary_STAGE_ROTATION_mean,0.48552669119361297,0.010181758696521258,False
14,p2_primary_USAGE_OF_BACKING_FILM_decreasing,36.35468765424871,0.0,True
14,p2_primary_USAGE_OF_BACKING_FILM_mean,632591.5552489918,0.25280207288453066,True
14,p2_primary_USAGE_OF_BACKING_FILM_std,22.746957186416807,0.0,True
14,p2_primary_USAGE_OF_DRESSER_TABLE_decreasing,0.5886403381163502,0.0,False
14,p2_primary_USAGE_OF_DRESSER_TABLE_mean,1968.6694295001917,0.784976889446068,True
14,p2_primary_USAGE_OF_DRESSER_TABLE_std,0.4307965708305422,0.0,False
14,p2_primary_USAGE_OF_DRESSER_decreasing,0.8574264730079357,0.0,False
14,p2_primary_USAGE_OF_DRESSER_mean,108.87248582778898,0.39347942530288293,True
14,p2_primary_USAGE_OF_DRESSER_std,0.9775801451393806,0.0,False
14,p2_primary_USAGE_OF_MEMBRANE_decreasing,87.51318550587747,0.0,True
14,p2_primary_USAGE_OF_MEMBRANE_mean,314260.856570504,0.24933196485262785,True
14,p2_primary_USAGE_OF_MEMBRANE_std,33.845460543949564,0.0,True
14,p2_primary_USAGE_OF_POLISHING_TABLE_decreasing,0.4946368468445561,0.0,False
14,p2_primary_USAGE_OF_POLISHING_TABLE_mean,13.170353895124872,0.10845086989563368,True
14,p2_primary_USAGE_OF_POLISHING_TABLE_std,0.4161162369886114,0.0,False
14,p2_primary_USAGE_OF_PRESSURIZED_SHEET_decreasing,31.121538047157255,0.0,True
14,p2_primary_USAGE_OF_PRESSURIZED_SHEET_mean,314260.51437183126,-0.1820968248616187,True
14,p2_primary_USAGE_OF_PRESSURIZED_SHEET_std,77.04820815293759,-0.17677669529663675,True
14,p2_primary_WAFER_ROTATION_mean,0.43446392653872545,-0.18730481021688616,False
14,p2_primary_duration,0.6190107984733385,0.023777703197914817,False
14,p2_secondary_CENTER_AIR_BAG_PRESSURE_auc,0.5675592509243814,0.0,False
14,p2_secondary_CENTER_AIR_BAG_PRESSURE_mean,0.6725579610135781,0.0,False
14,p2_secondary_CENTER_AIR_BAG_PRESSURE_std,1.2026794580529088,0.17677669529663687,True
14,p2_secondary_DRESSING_WATER_STATUS_auc,0.7092550360660735,-0.21631560221103202,False
14,p2_secondary_DRESSING_WATER_STATUS_mean,0.7813031029329095,-0.23301888034552198,False
14,p2_secondary_DRESSING_WATER_STATUS_std,1.1070254174319691,-0.18092927991831406,False
14,p2_secondary_EDGE_AIR_BAG_PRESSURE_auc,0.5675598590660368,0.0,False
14,p2_secondary_EDGE_AIR_BAG_PRESSURE_mean,0.0617982980312657,0.0,False
14,p2_secondary_EDGE_AIR_BAG_PRESSURE_std,3.037318042925722,0.0,True
14,p2_secondary_HEAD_ROTATION_mean,1.382622889015449,-0.004065462195051728,False
14,p2_secondary_MAIN_OUTER_AIR_BAG_PRESSURE_auc,2.9709811644699844,0.0,True
14,p2_secondary_MAIN_OUTER_AIR_BAG_PRESSURE_mean,2.9961991296160497,0.0,True
14,p2_secondary_MAIN_OUTER_AIR_BAG_PRESSURE_std,0.9006284972645249,0.0,False
14,p2_secondary_PRESSURIZED_CHAMBER_PRESSURE_auc,2.6069456048200434,0.17677669529663695,True
14,p2_secondary_PRESSURIZED_CHAMBER_PRESSURE_mean,1.985931715212317,0.17677669529663692,True
14,p2_secondary_PRESSURIZED_CHAMBER_PRESSURE_std,1.6542573203354927,0.0,True
14,p2_secondary_RETAINER_RING_PRESSURE_auc,0.8851061683475832,0.17677669529663692,True
14,p2_secondary_RETAINER_RING_PRESSURE_mean,0.4503089091960492,-0.17677669529663687,False
14,p2_secondary_RETAINER_RING_PRESSURE_std,0.5573317322714555,0.0,False
14,p2_secondary_RIPPLE_AIR_BAG_PRESSURE_auc,1.8390654937185362,0.0,True
14,p2_secondary_RIPPLE_AIR_BAG_PRESSURE_mean,1.8056962332911013,0.0,True
14,p2_secondary_RIPPLE_AIR_BAG_PRESSURE_std,1.7523976354561783,0.0,True
14,p2_secondary_SLURRY_FLOW_LINE_A_auc,0.1996637999580688,-0.17677669529663687,False
14,p2_secondary_SLURRY_FLOW_LINE_A_mean,0.20918406409441503,-0.22987601279468575,False
14,p2_secondary_SLURRY_FLOW_LINE_A_std,0.5478856376469052,0.19500744715618534,True
14,p2_secondary_SLURRY_FLOW_LINE_B_auc,0.8515361246529541,0.025624687707563727,False
14,p2_secondary_SLURRY_FLOW_LINE_B_mean,0.7446935887520909,0.26750745584922964,True
14,p2_secondary_SLURRY_FLOW_LINE_B_std,0.2345213469064707,-0.05771971686694164,False
14,p2_secondary_SLURRY_FLOW_LINE_C_auc,0.21183715547333415,0.1767766952966369,True
14,p2_secondary_SLURRY_FLOW_LINE_C_mean,0.31760904305908566,-0.24936409342210583,False
14,p2_secondary_SLURRY_FLOW_LINE_C_std,0.05463231754978315,0.1767766952966369,True
14,p2_secondary_STAGE_ROTATION_mean,0.8736052914231922,0.0,False
14,p2_secondary_USAGE_OF_BACKING_FILM_decreasing,3.548198829423012,0.0,True
14,p2_secondary_USAGE_OF_BACKING_FILM_mean,269285.4952038212,-0.19354966711648486,True
14,p2_secondary_USAGE_OF_BACKING_FILM_std,5.029894378713128,0.1767766952966369,True
14,p2_secondary_USAGE_OF_DRESSER_TABLE_decreasing,1.1073489154620344,0.0,False
14,p2_secondary_USAGE_OF_DRESSER_TABLE_mean,1970.5859969614346,0.46793144449175295,True
14,p2_secondary_USAGE_OF_DRESSER_TABLE_std,0.7617305275539751,0.0,False
14,p2_secondary_USAGE_OF_DRESSER_decreasing,1.0712594151821662,-0.17677669529663673,False
14,p2_secondary_USAGE_OF_DRESSER_mean,108.66408739712965,0.19240681184110378,True
14,p2_secondary_USAGE_OF_DRESSER_std,1.2057875498816493,0.0,False
14,p2_secondary_USAGE_OF_MEMBRANE_decreasing,2184.5045820481228,0.0,True
14,p2_secondary_USAGE_OF_MEMBRANE_mean,117468.66734160556,0.3647503867537373,True
14,p2_secondary_USAGE_OF_MEMBRANE_std,1450.3460089910554,0.0,True
14,p2_secondary_USAGE_OF_POLISHING_TABLE_decreasing,0.9441354857340274,0.0,False
14,p2_secondary_USAGE_OF_POLISHING_TABLE_mean,13.197312987829855,0.2501168553287277,True
14,p2_secondary_USAGE_OF_POLISHING_TABLE_std,0.7982191963193772,-0.17677669529663687,False
14,p2_secondary_USAGE_OF_PRESSURIZED_SHEET_decreasing,207.96940610341045,0.0,True
14,p2_secondary_USAGE_OF_PRESSURIZED_SHEET_mean,139787.24119137423,0.08479989504188087,True
14,p2_secondary_USAGE_OF_PRESSURIZED_SHEET_std,210.43257842717577,0.0,True
14,p2_secondary_WAFER_ROTATION_mean,1.6749059186134798,0.2044365923312593,True
14,p2_secondary_duration,0.45448903187949397,0.004809311406199847,False
15,lag_1,0.0889234175354867,0.7912233187825813,True
15,lag_2,2.1817516142803868,0.4440829508800544,True
15,lag_3,1.094464123943412,0.44926781307753405,True
15,lag_4,0.28144951756067343,0.3591795035675418,True
15,lag_5,0.378199100857993,0.2888779760916563,True
15,lag_6,1.5477089383411455,0.2687630024772625,True
15,lag_7,0.1939135042871738,0.14337329010217184,False
15,lag_8,0.19875934569642154,-0.23560342172079426,False
15,lag_9,0.604976419446015,0.3380608285161246,True
15,lag_10,0.5644172325439611,0.23333555967952468,True
15,lag_11,0.6356048553045798,-0.49018574421202105,False
15,neighbor_1,2.78292360705691,1.0199355825502474,True
15,neighbor_2,2.42150978490138,0.6281001821754192,True
15,neighbor_3,0.712849382760021,0.4496298071278002,True
15,neighbor_4,0.29056268597449303,0.36760459923385064,True
15,neighbor_5,0.8237989113916179,0.3312020219923213,True
15,neighbor_6,0.29730535129900926,0.32362175143603633,True
15,neighbor_7,1.4946367724287146,0.2420660157773187,True
15,neighbor_8,0.873980822323939,0.43552099196719307,True
15,neighbor_9,0.35884484464684335,0.06736080523506681,False
15,neighbor_10,1.1354354582917299,0.0928840291661556,False
15,p2_primary_CENTER_AIR_BAG_PRESSURE_auc,1.2873165273465483,0.0,False
15,p2_primary_CENTER_AIR_BAG_PRESSURE_mean,1.2104344663065445,-0.0024973342727379303,False
15,p2_primary_CENTER_AIR_BAG_PRESSURE_std,1.1395563754098772,-0.1767766952966368,False
15,p2_primary_DRESSING_WATER_STATUS_auc,0.4856504599692466,-0.2725888506135338,False
15,p2_primary_DRESSING_WATER_STATUS_mean,0.44966487719664716,0.3007669537275244,True
15,p2_primary_DRESSING_WATER_STATUS_std,0.8780497156303093,0.049340790028407994,False
15,p2_primary_EDGE_AIR_BAG_PRESSURE_auc,1.1061693797857024,0.0,False
15,p2_primary_EDGE_AIR_BAG_PRESSURE_mean,1.3074441742630452,0.0,False
15,p2_primary_EDGE_AIR_BAG_PRESSURE_std,0.6573978365158525,0.17677669529663687,True
15,p2_primary_HEAD_ROTATION_mean,0.3975421373255847,0.18382370186756591,True
15,p2_primary_MAIN_OUTER_AIR_BAG_PRESSURE_auc,1.2942136763284895,0.0,False
15,p2_primary_MAIN_OUTER_AIR_BAG_PRESSURE_mean,1.3271809492500821,0.0,False
15,p2_primary_MAIN_OUTER_AIR_BAG_PRESSURE_std,1.1909186905349418,0.23814869239316838,True
15,p2_primary_PRESSURIZED_CHAMBER_PRESSURE_auc,1.5642057334486736,0.0,True
15,p2_primary_PRESSURIZED_CHAMBER_PRESSURE_mean,1.4990565985044209,0.0,False
15,p2_primary_PRESSURIZED_CHAMBER_PRESSURE_std,0.07775382330328803,0.0,False
15,p2_primary_RETAINER_RING_PRESSURE_auc,0.471623401332325,-0.176776695296637,False
15,p2_primary_RETAINER_RING_PRESSURE_mean,0.3455870515275783,-0.18856153216102467,False
15,p2_primary_RETAINER_RING_PRESSURE_std,0.2951203100775912,-0.2820615964816863,False
15,p2_primary_RIPPLE_AIR_BAG_PRESSURE_auc,1.6218931353994746,0.0,True
15,p2_primary_RIPPLE_AIR_BAG_PRESSURE_mean,1.6498060645610244,0.0,True
15,p2_primary_RIPPLE_AIR_BAG_PRESSURE_std,0.16433903563012162,0.0,False
15,p2_primary_SLURRY_FLOW_LINE_A_auc,0.6131750163045248,0.09329838486171288,False
15,p2_primary_SLURRY_FLOW_LINE_A_mean,0.5216945892693099,0.1767766952966369,True
15,p2_primary_SLURRY_FLOW_LINE_A_std,0.2600084363550392,0.14570429943189508,False
15,p2_primary_SLURRY_FLOW_LINE_B_auc,0.1586603136165573,0.25878451663932506,True
15,p2_primary_SLURRY_FLOW_LINE_B_mean,0.07534064106903522,0.22203868787539038,True
15,p2_primary_SLURRY_FLOW_LINE_B_std,0.04023697630104919,0.15634721820482705,True
15,p2_primary_SLURRY_FLOW_LINE_C_auc,0.25303775142670204,-0.17677669529663687,False
15,p2_primary_SLURRY_FLOW_LINE_C_mean,0.22711646376267045,-0.17677669529663692,False
15,p2_primary_SLURRY_FLOW_LINE_C_std,0.33776149253862314,0.049508977346432684,False
15,p2_primary_STAGE_ROTATION_mean,0.4956211786961784,0.17898220190590883,True
15,p2_primary_USAGE_OF_BACKING_FILM_decreasing,15.904511131630702,0.0,True
15,p2_primary_USAGE_OF_BACKING_FILM_mean,505979.878865187,0.12019263394247692,True
15,p2_primary_USAGE_OF_BACKING_FILM_std,12.497586068610637,0.0,True
15,p2_primary_USAGE_OF_DRESSER_TABLE_decreasing,0.5021661449835694,0.0,False
15,p2_primary_USAGE_OF_DRESSER_TABLE_mean,3219.272751092321,0.47941102080513875,True
15,p2_primary_USAGE_OF_DRESSER_TABLE_std,0.3224565698997029,0.0,False
15,p2_primary_USAGE_OF_DRESSER_decreasing,1.321139035951728,0.0,False
15,p2_primary_USAGE_OF_DRESSER_mean,56.353562362349045,0.34724116370799735,True
15,p2_primary_USAGE_OF_DRESSER_std,1.127403808015282,0.0,False
15,p2_primary_USAGE_OF_MEMBRANE_decreasing,4.112720645941293,0.18944115502011527,True
15,p2_primary_USAGE_OF_MEMBRANE_mean,254934.92432138466,0.22951242895104143,True
15,p2_primary_USAGE_OF_MEMBRANE_std,32.239736154949604,0.0,True
15,p2_primary_USAGE_OF_POLISHING_TABLE_decreasing,0.13963166090044013,0.17677669529663673,True
15,p2_primary_USAGE_OF_POLISHING_TABLE_mean,4.937169606569093,0.13272741067846527,True
15,p2_primary_USAGE_OF_POLISHING_TABLE_std,0.07319617002418217,0.0,False
15,p2_primary_USAGE_OF_PRESSURIZED_SHEET_decreasing,36.21227930972574,0.17677669529663692,True
15,p2_primary_USAGE_OF_PRESSURIZED_SHEET_mean,254935.8365019148,-0.14997328595899675,True
15,p2_primary_USAGE_OF_PRESSURIZED_SHEET_std,7.381452560721812,0.0,True
15,p2_primary_WAFER_ROTATION_mean,0.07517841508427096,-0.044433372802768954,False
15,p2_primary_duration,1.1321818302291513,-0.08833759527949786,False
15,p2_secondary_CENTER_AIR_BAG_PRESSURE_auc,0.7497411923780204,0.0,False
15,p2_secondary_CENTER_AIR_BAG_PRESSURE_mean,0.9067388748055302,0.0,False
15,p2_secondary_CENTER_AIR_BAG_PRESSURE_std,0.716602660354289,0.0,False
15,p2_secondary_DRESSING_WATER_STATUS_auc,0.07457239765393668,-0.03376659332084517,False
15,p2_secondary_DRESSING_WATER_STATUS_mean,0.17194580241528337,0.259202967418624,True
15,p2_secondary_DRESSING_WATER_STATUS_std,0.6161984411770373,-0.15165167668109,False
15,p2_secondary_EDGE_AIR_BAG_PRESSURE_auc,0.5723108147023686,0.0,False
15,p2_secondary_EDGE_AIR_BAG_PRESSURE_mean,0.8129591130942532,0.0,False
15,p2_secondary_EDGE_AIR_BAG_PRESSURE_std,1.0917148734623092,0.0,False
15,p2_secondary_HEAD_ROTATION_mean,0.5246530553595825,0.2529961949952389,True
15,p2_secondary_MAIN_OUTER_AIR_BAG_PRESSURE_auc,0.4668332577778977,0.0,False
15,p2_secondary_MAIN_OUTER_AIR_BAG_PRESSURE_mean,0.45135669311579796,0.0,False
15,p2_secondary_MAIN_OUTER_AIR_BAG_PRESSURE_std,0.6009309076964362,0.0,False
15,p2_secondary_PRESSURIZED_CHAMBER_PRESSURE_auc,0.07615667926674637,0.0,False
15,p2_secondary_PRESSURIZED_CHAMBER_PRESSURE_mean,0.027188435698946495,0.17677669529663687,True
15,p2_secondary_PRESSURIZED_CHAMBER_PRESSURE_std,0.41927924745610534,-0.17677669529663703,False
15,p2_secondary_RETAINER_RING_PRESSURE_auc,0.2829687314856494,0.0,False
15,p2_secondary_RETAINER_RING_PRESSURE_mean,0.33620996933164476,0.1767766952966369,True
15,p2_secondary_RETAINER_RING_PRESSURE_std,0.560682568737125,-0.1767766952966369,False
15,p2_secondary_RIPPLE_AIR_BAG_PRESSURE_auc,0.4070073902325215,0.17677669529663684,True
15,p2_secondary_RIPPLE_AIR_BAG_PRESSURE_mean,0.3146907141183313,0.0,False
15,p2_secondary_RIPPLE_AIR_BAG_PRESSURE_std,0.926000794203425,0.0,False
15,p2_secondary_SLURRY_FLOW_LINE_A_auc,0.3528735329421606,0.12065145449508578,False
15,p2_secondary_SLURRY_FLOW_LINE_A_mean,0.2850277967025821,0.10783233810464204,False
15,p2_secondary_SLURRY_FLOW_LINE_A_std,0.027055684681816884,-0.1476311266675613,False
15,p2_secondary_SLURRY_FLOW_LINE_B_auc,0.5742704064818385,0.0,False
15,p2_secondary_SLURRY_FLOW_LINE_B_mean,0.7034110543426869,0.13598212108917107,False
15,p2_secondary_SLURRY_FLOW_LINE_B_std,0.3112513081124793,0.17677669529663706,True
15,p2_secondary_SLURRY_FLOW_LINE_C_auc,0.9439414617506939,0.20148130100549727,True
15,p2_secondary_SLURRY_FLOW_LINE_C_mean,0.8527981794396065,-0.17677669529663687,False
15,p2_secondary_SLURRY_FLOW_LINE_C_std,0.4289838194120907,0.06545849898082032,False
15,p2_secondary_STAGE_ROTATION_mean,0.3653841871037723,-0.21474003316484253,False
15,p2_secondary_USAGE_OF_BACKING_FILM_decreasing,0.01580064169212248,0.0,False
15,p2_secondary_USAGE_OF_BACKING_FILM_mean,8993.735452619141,-0.031412377082621096,True
15,p2_secondary_USAGE_OF_BACKING_FILM_std,46.13273583339376,0.0,True
15,p2_secondary_USAGE_OF_DRESSER_TABLE_decreasing,1.0050130094985517,0.0,False
15,p2_secondary_USAGE_OF_DRESSER_TABLE_mean,3220.255877282845,0.3141778752669953,True
15,p2_secondary_USAGE_OF_DRESSER_TABLE_std,1.2487805594533568,0.0,False
15,p2_secondary_USAGE_OF_DRESSER_decreasing,0.2199767296625091,0.0,False
15,p2_secondary_USAGE_OF_DRESSER_mean,56.833492194411235,0.16110280318433784,True
15,p2_secondary_USAGE_OF_DRESSER_std,0.5809572033724512,0.0,False
15,p2_secondary_USAGE_OF_MEMBRANE_decreasing,117.80466397469769,0.0,True
15,p2_secondary_USAGE_OF_MEMBRANE_mean,4233.380831147314,-0.17677669529663675,True
15,p2_secondary_USAGE_OF_MEMBRANE_std,251.66138960245726,0.0,True
15,p2_secondary_USAGE_OF_POLISHING_TABLE_decreasing,0.6110492683007538,0.0,False
15,p2_secondary_USAGE_OF_POLISHING_TABLE_mean,4.944952268923704,0.11900247138730799,True
15,p2_secondary_USAGE_OF_POLISHING_TABLE_std,0.29473043134192267,0.0,False
15,p2_secondary_USAGE_OF_PRESSURIZED_SHEET_decreasing,32.03330772662953,0.0,True
15,p2_secondary_USAGE_OF_PRESSURIZED_SHEET_mean,4203.148995230537,0.0,True
15,p2_secondary_USAGE_OF_PRESSURIZED_SHEET_std,34.12841647989526,0.0,True
15,p2_secondary_WAFER_ROTATION_mean,1.1665419776563983,0.027565587461728793,False
15,p2_secondary_duration,0.7484799758512497,-0.01724233860224324,False
16,lag_1,2.6371632467539854,0.9845652658681243,True
16,lag_2,0.13047261728473525,0.36866717523852416,True
16,lag_3,2.3722706757157908,0.28913866143849903,True
16,lag_4,1.013468996450233,0.15776468352730239,True
16,lag_5,0.7459668222654537,0.24704301958656266,True
16,lag_6,0.6420554869969242,0.10116888686182723,False
16,lag_7,0.7685595079023199,-0.27334433564810284,False
16,lag_8,0.22582744037914354,0.12815811044411168,False
16,lag_9,1.6993074366912164,0.1671698176588927,True
16,lag_10,0.6856030809250235,0.08389617665674458,False
16,lag_11,0.8869693902127374,0.25845938598146273,True
16,neighbor_1,2.1229898283821873,0.6975548336786819,True
16,neighbor_2,1.3865886167207762,0.5893765685848521,True
16,neighbor_3,1.2242279369450215,0.30254162230806436,True
16,neighbor_4,0.29182652762556477,0.4716609549595028,True
16,neighbor_5,0.7588339541410635,0.3109602208389967,True
16,neighbor_6,0.8100697309057414,0.3124413480478277,True
16,neighbor_7,0.8133463003825145,0.44829443083990383,True
16,neighbor_8,0.6541666893969267,0.40266053519204753,True
16,neighbor_9,2.1718364878753755,0.2289922037371771,True
16,neighbor_10,0.5208518440355647,0.47117020687493333,True
16,p2_primary_CENTER_AIR_BAG_PRESSURE_auc,1.6446186518161081,0.0,True
16,p2_primary_CENTER_AIR_BAG_PRESSURE_mean,1.6182267237666756,0.0,True
16,p2_primary_CENTER_AIR_BAG_PRESSURE_std,0.31628163910339135,0.25114940367475136,True
16,p2_primary_DRESSING_WATER_STATUS_auc,0.12126527067081976,-0.1282459094776519,False
16,p2_primary_DRESSING_WATER_STATUS_mean,0.03254722580575208,-0.33349651332827795,False
16,p2_primary_DRESSING_WATER_STATUS_std,0.11739637573119503,-0.04693433230480053,False
16,p2_primary_EDGE_AIR_BAG_PRESSURE_auc,0.22216065624878212,0.0,False
16,p2_primary_EDGE_AIR_BAG_PRESSURE_mean,0.19398216816348252,0.0,False
16,p2_primary_EDGE_AIR_BAG_PRESSURE_std,0.12514685511456075,-0.1767766952966369,False
16,p2_primary_HEAD_ROTATION_mean,1.0945439666442873,0.28224121975282346,True
16,p2_primary_MAIN_OUTER_AIR_BAG_PRESSURE_auc,0.3035132413259196,0.0,False
16,p2_primary_MAIN_OUTER_AIR_BAG_PRESSURE_mean,0.4246541459544949,0.0,False
16,p2_primary_MAIN_OUTER_AIR_BAG_PRESSURE_std,0.10954005862252998,-0.17677669529663684,False
16,p2_primary_PRESSURIZED_CHAMBER_PRESSURE_auc,0.9394523210119337,0.1767766952966369,True
16,p2_primary_PRESSURIZED_CHAMBER_PRESSURE_mean,0.8387720177704596,0.17677669529663703,True
16,p2_primary_PRESSURIZED_CHAMBER_PRESSURE_std,0.06446889986800992,0.04578686875523449,False
16,p2_primary_RETAINER_RING_PRESSURE_auc,0.7748392566813905,0.0,False
16,p2_primary_RETAINER_RING_PRESSURE_mean,0.3326399697715675,0.0,False
16,p2_primary_RETAINER_RING_PRESSURE_std,0.8726023861515719,0.25031140499157256,True
16,p2_primary_RIPPLE_AIR_BAG_PRESSURE_auc,0.7006508854932993,0.0,False
16,p2_primary_RIPPLE_AIR_BAG_PRESSURE_mean,0.6249893388765225,0.0,False
16,p2_primary_RIPPLE_AIR_BAG_PRESSURE_std,0.24660723937804638,-0.17677669529663673,False
16,p2_primary_SLURRY_FLOW_LINE_A_auc,0.3164748887917153,-0.34106328850661755,False
16,p2_primary_SLURRY_FLOW_LINE_A_mean,0.07891948538266814,0.18018535982691725,True
16,p2_primary_SLURRY_FLOW_LINE_A_std,1.8399170999910508,0.2514549725085097,True
16,p2_primary_SLURRY_FLOW_LINE_B_auc,0.3402395144993843,0.02149637858266608,False
16,p2_primary_SLURRY_FLOW_LINE_B_mean,0.2581969891208486,-0.19724174757794952,False
16,p2_primary_SLURRY_FLOW_LINE_B_std,0.6856343881099906,0.13210677723282585,False
16,p2_primary_SLURRY_FLOW_LINE_C_auc,0.3548325515160886,0.1767766952966369,True
16,p2_primary_SLURRY_FLOW_LINE_C_mean,0.1032690169262525,0.16590230532340333,True
16,p2_primary_SLURRY_FLOW_LINE_C_std,0.7294023413214527,0.13326562873911826,False
16,p2_primary_STAGE_ROTATION_mean,0.45061346173412925,0.10766944569673391,False
16,p2_primary_USAGE_OF_BACKING_FILM_decreasing,68.59924029933347,0.0,True
16,p2_primary_USAGE_OF_BACKING_FILM_mean,535009.8650796652,-0.0566544481674054,True
16,p2_primary_USAGE_OF_BACKING_FILM_std,47.79235970871938,0.0,True
16,p2_primary_USAGE_OF_DRESSER_TABLE_decreasing,0.4441752837877307,0.0,False
16,p2_primary_USAGE_OF_DRESSER_TABLE_mean,3295.16130135566,0.3785633025892936,True
16,p2_primary_USAGE_OF_DRESSER_TABLE_std,0.9729441031139808,0.0,False
16,p2_primary_USAGE_OF_DRESSER_decreasing,1.275985222530689,0.0,False
16,p2_primary_USAGE_OF_DRESSER_mean,108.35236131151171,0.33780771006811927,True
16,p2_primary_USAGE_OF_DRESSER_std,1.1377352617732819,0.0,False
16,p2_primary_USAGE_OF_MEMBRANE_decreasing,415.91564175211204,-0.1767766952966367,True
16,p2_primary_USAGE_OF_MEMBRANE_mean,267851.0041215951,0.1767766952966369,True
16,p2_primary_USAGE_OF_MEMBRANE_std,318.8519498566958,0.0,True
16,p2_primary_USAGE_OF_POLISHING_TABLE_decreasing,1.1939321401764527,0.0,False
16,p2_primary_USAGE_OF_POLISHING_TABLE_mean,1.4005165715655088,0.2479638495769439,True
16,p2_primary_USAGE_OF_POLISHING_TABLE_std,1.1934668528221368,0.17677669529663687,True
16,p2_primary_USAGE_OF_PRESSURIZED_SHEET_decreasing,308.06816941551483,0.0,True
16,p2_primary_USAGE_OF_PRESSURIZED_SHEET_mean,267850.658449176,-0.15475713919102696,True
16,p2_primary_USAGE_OF_PRESSURIZED_SHEET_std,409.89781042005325,0.0,True
16,p2_primary_WAFER_ROTATION_mean,0.012122632936520928,0.0667577808722065,False
16,p2_primary_duration,0.4880454079151215,0.16117318237215858,True
16,p2_secondary_CENTER_AIR_BAG_PRESSURE_auc,0.45084196744402594,0.0,False
16,p2_secondary_CENTER_AIR_BAG_PRESSURE_mean,0.4977852064882694,0.0,False
16,p2_secondary_CENTER_AIR_BAG_PRESSURE_std,1.3280806828180118,0.17677669529663687,True
16,p2_secondary_DRESSING_WATER_STATUS_auc,0.8108884749333428,-0.16091493132787124,False
16,p2_secondary_DRESSING_WATER_STATUS_mean,1.007707808517963,-0.06891032440032506,False
16,p2_secondary_DRESSING_WATER_STATUS_std,0.5393739504249656,0.04944562949826952,False
16,p2_secondary_EDGE_AIR_BAG_PRESSURE_auc,0.2492611713788088,0.0,False
16,p2_secondary_EDGE_AIR_BAG_PRESSURE_mean,0.600086598301202,0.0,False
16,p2_secondary_EDGE_AIR_BAG_PRESSURE_std,1.8834764961562298,0.1767766952966369,True
16,p2_secondary_HEAD_ROTATION_mean,1.0265225671150175,-0.16271269802465774,False
16,p2_secondary_MAIN_OUTER_AIR_BAG_PRESSURE_auc,0.1203422494846379,0.0,False
16,p2_secondary_MAIN_OUTER_AIR_BAG_PRESSURE_mean,0.18777051296144226,0.0,False
16,p2_secondary_MAIN_OUTER_AIR_BAG_PRESSURE_std,0.6834599378126488,0.0,False
16,p2_secondary_PRESSURIZED_CHAMBER_PRESSURE_auc,1.0732535334556363,0.0,False
16,p2_secondary_PRESSURIZED_CHAMBER_PRESSURE_mean,0.9311422222000251,0.0,False
16,p2_secondary_PRESSURIZED_CHAMBER_PRESSURE_std,0.419783159198413,0.0,False
16,p2_secondary_RETAINER_RING_PRESSURE_auc,0.042507877804369196,0.0,False
16,p2_secondary_RETAINER_RING_PRESSURE_mean,0.2843756707709617,0.0,False
16,p2_secondary_RETAINER_RING_PRESSURE_std,0.9711640070427942,0.1767766952966368,True
16,p2_secondary_RIPPLE_AIR_BAG_PRESSURE_auc,0.13192935962480126,0.0,False
16,p2_secondary_RIPPLE_AIR_BAG_PRESSURE_mean,0.00969713998856289,0.0,False
16,p2_secondary_RIPPLE_AIR_BAG_PRESSURE_std,0.2272771447171116,0.22685059433166646,True
16,p2_secondary_SLURRY_FLOW_LINE_A_auc,0.05595694194744715,0.0,False
16,p2_secondary_SLURRY_FLOW_LINE_A_mean,0.5781457738563738,0.17677669529663698,True
16,p2_secondary_SLURRY_FLOW_LINE_A_std,1.4182512122853757,0.17677669529663687,True
16,p2_secondary_SLURRY_FLOW_LINE_B_auc,0.8637650190454744,0.19767959127219245,True
16,p2_secondary_SLURRY_FLOW_LINE_B_mean,1.0578007116182022,0.0,False
16,p2_secondary_SLURRY_FLOW_LINE_B_std,1.2221102075096906,0.02346984654250556,False
16,p2_secondary_SLURRY_FLOW_LINE_C_auc,0.5600654151653754,0.0,False
16,p2_secondary_SLURRY_FLOW_LINE_C_mean,0.6525196509678541,-0.17677669529663678,False
16,p2_secondary_SLURRY_FLOW_LINE_C_std,0.4946732971679654,0.1767766952966368,True
16,p2_secondary_STAGE_ROTATION_mean,0.4941944134095983,0.08432616726761019,False
16,p2_secondary_USAGE_OF_BACKING_FILM_decreasing,2.8495099349354573,0.0,True
16,p2_secondary_USAGE_OF_BACKING_FILM_mean,856799.0493369576,-0.2106357116749014,True
16,p2_secondary_USAGE_OF_BACKING_FILM_std,3.536069024238637,0.0,True
16,p2_secondary_USAGE_OF_DRESSER_TABLE_decreasing,1.0575566732686859,0.0,False
16,p2_secondary_USAGE_OF_DRESSER_TABLE_mean,3351.73989405424,0.5126155240886636,True
16,p2_secondary_USAGE_OF_DRESSER_TABLE_std,1.5766713584596623,0.0,True
16,p2_secondary_USAGE_OF_DRESSER_decreasing,0.14140191215334796,0.0,False
16,p2_secondary_USAGE_OF_DRESSER_mean,108.07294184167208,0.3371170376056787,True
16,p2_secondary_USAGE_OF_DRESSER_std,0.4083558727032742,0.0,False
16,p2_secondary_USAGE_OF_MEMBRANE_decreasing,10.10455418455598,0.0,True
16,p2_secondary_USAGE_OF_MEMBRANE_mean,426594.2466954857,0.12190572217832549,True
16,p2_secondary_USAGE_OF_MEMBRANE_std,4.8260665683107185,0.0,True
16,p2_secondary_USAGE_OF_POLISHING_TABLE_decreasing,0.9161585451316488,0.0,False
16,p2_secondary_USAGE_OF_POLISHING_TABLE_mean,1.4028321222717204,0.2047089599995386,True
16,p2_secondary_USAGE_OF_POLISHING_TABLE_std,0.9854215478504307,0.0,False
16,p2_secondary_USAGE_OF_PRESSURIZED_SHEET_decreasing,6.138043583137827,0.0,True
16,p2_secondary_USAGE_OF_PRESSURIZED_SHEET_mean,425672.62892606744,-0.02879993933599006,True
16,p2_secondary_USAGE_OF_PRESSURIZED_SHEET_std,3.0345018810164364,0.0,True
16,p2_secondary_WAFER_ROTATION_mean,2.132146071412987,0.14530818085339584,True
16,p2_secondary_duration,1.3498133086740036,0.07058687873276479,False
17,lag_1,1.0805711044756332,0.902178465220345,True
17,lag_2,0.9615249646076762,0.4281528849128123,True
17,lag_3,1.1601830320892068,0.3308811550703082,True
17,lag_4,1.0702393649853619,0.3974636379793924,True
17,lag_5,0.5478820104674202,0.20663886547759278,True
17,lag_6,0.8494322518587484,0.21095448874572262,True
17,lag_7,0.3970131465473868,0.021410678491222978,False
17,lag_8,1.5684883232408886,0.4739388430017751,True
17,lag_9,1.0111170068600381,0.123555183340042,False
17,lag_10,0.08738076925506809,-0.12307704349496681,False
17,lag_11,0.1303837795169131,-0.07893539834551824,False
17,neighbor_1,3.6377769620593,0.6385327838671829,True
17,neighbor_2,1.7757106551215205,0.38558183805047375,True
17,neighbor_3,1.0537666455702195,0.14472338340446014,False
17,neighbor_4,0.3374988568406624,0.6562565864417539,True
17,neighbor_5,0.658646325482305,0.27324974567134847,True
17,neighbor_6,1.0032021813487348,0.5127054077638855,True
17,neighbor_7,1.808542185470663,0.1700290233015805,True
17,neighbor_8,0.1587266598448452,0.18652380696681176,True
17,neighbor_9,0.445225057235078,0.09465260331511315,False
17,neighbor_10,0.23096651843357144,0.2857274309803644,True
17,p2_primary_CENTER_AIR_BAG_PRESSURE_auc,0.574231907951397,0.0,False
17,p2_primary_CENTER_AIR_BAG_PRESSURE_mean,0.6128234473755354,0.0,False
17,p2_primary_CENTER_AIR_BAG_PRESSURE_std,0.692929286753775,-0.17677669529663698,False
17,p2_primary_DRESSING_WATER_STATUS_auc,0.5098425966822687,0.1604947760085685,True
17,p2_primary_DRESSING_WATER_STATUS_mean,0.4061887730082414,0.07915637782789696,False
17,p2_primary_DRESSING_WATER_STATUS_std,0.08493296946770874,-0.038073570817002494,False
17,p2_primary_EDGE_AIR_BAG_PRESSURE_auc,0.6992088233981816,0.0,False
17,p2_primary_EDGE_AIR_BAG_PRESSURE_mean,0.597324689843567,0.0,False
17,p2_primary_EDGE_AIR_BAG_PRESSURE_std,0.7039388234583828,0.22291531636980225,True
17,p2_primary_HEAD_ROTATION_mean,0.391511615771156,-0.14187987104635424,False
17,p2_primary_MAIN_OUTER_AIR_BAG_PRESSURE_auc,0.32534637416925793,0.0,False
17,p2_primary_MAIN_OUTER_AIR_BAG_PRESSURE_mean,0.26592128541218846,0.1767766952966369,True
17,p2_primary_MAIN_OUTER_AIR_BAG_PRESSURE_std,0.04070704839291457,0.17677669529663687,True
17,p2_primary_PRESSURIZED_CHAMBER_PRESSURE_auc,0.08476271222701307,0.0,False
17,p2_primary_PRESSURIZED_CHAMBER_PRESSURE_mean,0.1662787075420759,0.0,False
17,p2_primary_PRESSURIZED_CHAMBER_PRESSURE_std,1.134968742995727,0.15938225062106098,True
17,p2_primary_RETAINER_RING_PRESSURE_auc,0.8662118512500782,0.0,False
17,p2_primary_RETAINER_RING_PRESSURE_mean,0.8480372891626636,0.0,False
17,p2_primary_RETAINER_RING_PRESSURE_std,0.12968774721854878,-0.20159414390032027,False
17,p2_primary_RIPPLE_AIR_BAG_PRESSURE_auc,0.6372952490291777,0.0,False
17,p2_primary_RIPPLE_AIR_BAG_PRESSURE_mean,0.6421103432196628,0.0,False
17,p2_primary_RIPPLE_AIR_BAG_PRESSURE_std,0.6329775818302481,0.0,False
17,p2_primary_SLURRY_FLOW_LINE_A_auc,0.9379382370185441,-0.2541321023424529,False
17,p2_primary_SLURRY_FLOW_LINE_A_mean,0.7854053036499867,-0.17677669529663692,False
17,p2_primary_SLURRY_FLOW_LINE_A_std,0.3463676334871187,0.0,False
17,p2_primary_SLURRY_FLOW_LINE_B_auc,0.20298597115974434,0.20393923849403864,True
17,p2_primary_SLURRY_FLOW_LINE_B_mean,0.207859948612182,0.18942899975118432,True
17,p2_primary_SLURRY_FLOW_LINE_B_std,0.10951513962418481,-0.10010316686638725,False
17,p2_primary_SLURRY_FLOW_LINE_C_auc,0.14972822076768516,0.17677669529663692,True
17,p2_primary_SLURRY_FLOW_LINE_C_mean,0.16377510780984658,-0.17677669529663703,False
17,p2_primary_SLURRY_FLOW_LINE_C_std,0.9796560880246211,0.17677669529663684,True
17,p2_primary_STAGE_ROTATION_mean,0.4805881422178985,0.1757409121888475,True
17,p2_primary_USAGE_OF_BACKING_FILM_decreasing,61.52980552681462,0.1767766952966369,True
17,p2_primary_USAGE_OF_BACKING_FILM_mean,110.20050602852436,0.26182277393512093,True
17,p2_primary_USAGE_OF_BACKING_FILM_std,22.891600302103544,0.0,True
17,p2_primary_USAGE_OF_DRESSER_TABLE_decreasing,0.33634093183107394,0.0,False
17,p2_primary_USAGE_OF_DRESSER_TABLE_mean,2164.2336912914584,0.5707472717828503,True
17,p2_primary_USAGE_OF_DRESSER_TABLE_std,0.510982108199524,-0.17677669529663692,False
17,p2_primary_USAGE_OF_DRESSER_decreasing,1.4002589032291226,0.0,False
17,p2_primary_USAGE_OF_DRESSER_mean,46.72284946573423,0.3670953469344663,True
17,p2_primary_USAGE_OF_DRESSER_std,1.5755491065910148,0.0,True
17,p2_primary_USAGE_OF_MEMBRANE_decreasing,51.899613597227415,0.0,True
17,p2_primary_USAGE_OF_MEMBRANE_mean,100.305842836285,0.27674136507463054,True
17,p2_primary_USAGE_OF_MEMBRANE_std,23.10632814329336,0.0,True
17,p2_primary_USAGE_OF_POLISHING_TABLE_decreasing,0.41954680947921763,0.0,False
17,p2_primary_USAGE_OF_POLISHING_TABLE_mean,1.7176467485023788,-0.004716919540384425,True
17,p2_primary_USAGE_OF_POLISHING_TABLE_std,0.4269064687783942,0.0,False
17,p2_primary_USAGE_OF_PRESSURIZED_SHEET_decreasing,51.39675882119197,0.0,True
17,p2_primary_USAGE_OF_PRESSURIZED_SHEET_mean,100.30667395164187,-0.21369516065743763,True
17,p2_primary_USAGE_OF_PRESSURIZED_SHEET_std,23.58857491062216,0.0,True
17,p2_primary_WAFER_ROTATION_mean,1.4273191866773531,0.21925656448311334,True
17,p2_primary_duration,0.06615342774953022,-0.26290570653108025,False
17,p2_secondary_CENTER_AIR_BAG_PRESSURE_auc,0.5314225485972204,0.0,False
17,p2_secondary_CENTER_AIR_BAG_PRESSURE_mean,0.5911660487861031,0.0,False
17,p2_secondary_CENTER_AIR_BAG_PRESSURE_std,0.4801467870584119,0.0,False
17,p2_secondary_DRESSING_WATER_STATUS_auc,0.26971555212728326,0.15898300303752214,True
17,p2_secondary_DRESSING_WATER_STATUS_mean,0.18499757080889986,0.1264822298977787,False
17,p2_secondary_DRESSING_WATER_STATUS_std,0.2588470661137875,0.3362423640225265,True
17,p2_secondary_EDGE_AIR_BAG_PRESSURE_auc,0.6823531025608515,0.0,False
17,p2_secondary_EDGE_AIR_BAG_PRESSURE_mean,0.9680414680607642,0.0,False
17,p2_secondary_EDGE_AIR_BAG_PRESSURE_std,1.4385392469963807,-0.1767766952966368,False
17,p2_secondary_HEAD_ROTATION_mean,0.6011007115143423,-0.26714247931879165,False
17,p2_secondary_MAIN_OUTER_AIR_BAG_PRESSURE_auc,0.6912153712618506,0.0,False
17,p2_secondary_MAIN_OUTER_AIR_BAG_PRESSURE_mean,0.7912518828606483,0.0,False
17,p2_secondary_MAIN_OUTER_AIR_BAG_PRESSURE_std,1.7867867402610826,0.0,True
17,p2_secondary_PRESSURIZED_CHAMBER_PRESSURE_auc,0.00476080882003477,-0.1767766952966368,False
17,p2_secondary_PRESSURIZED_CHAMBER_PRESSURE_mean,0.09519582538844215,-0.1767766952966369,False
17,p2_secondary_PRESSURIZED_CHAMBER_PRESSURE_std,0.3225851284162664,0.0,False
17,p2_secondary_RETAINER_RING_PRESSURE_auc,1.0196222917289315,0.0,False
17,p2_secondary_RETAINER_RING_PRESSURE_mean,1.426858036772547,0.0,False
17,p2_secondary_RETAINER_RING_PRESSURE_std,0.03327947745821718,-0.1767766952966368,False
17,p2_secondary_RIPPLE_AIR_BAG_PRESSURE_auc,0.4153889525034907,0.0,False
17,p2_secondary_RIPPLE_AIR_BAG_PRESSURE_mean,0.5491194039538403,0.0,False
17,p2_secondary_RIPPLE_AIR_BAG_PRESSURE_std,1.1770523766027812,0.0,False
17,p2_secondary_SLURRY_FLOW_LINE_A_auc,0.46211366479487115,-0.18575983496386317,False
17,p2_secondary_SLURRY_FLOW_LINE_A_mean,0.4677708350478376,0.0,False
17,p2_secondary_SLURRY_FLOW_LINE_A_std,0.4066574366521098,-0.24756604557116496,False
17,p2_secondary_SLURRY_FLOW_LINE_B_auc,0.23853741291305106,0.0,False
17,p2_secondary_SLURRY_FLOW_LINE_B_mean,0.24428272177274243,0.0,False
17,p2_secondary_SLURRY_FLOW_LINE_B_std,0.5459606406245069,0.022891447303964033,False
17,p2_secondary_SLURRY_FLOW_LINE_C_auc,0.3598000227713924,0.0,False
17,p2_secondary_SLURRY_FLOW_LINE_C_mean,0.5148782577692799,0.0,False
17,p2_secondary_SLURRY_FLOW_LINE_C_std,0.5599346979272515,0.17677669529663692,True
17,p2_secondary_STAGE_ROTATION_mean,1.7407685666688655,-0.19859439699559703,True
17,p2_secondary_USAGE_OF_BACKING_FILM_decreasing,17.68416127765129,0.0,True
17,p2_secondary_USAGE_OF_BACKING_FILM_mean,9.110613401027733,-0.24175949027233004,True
17,p2_secondary_USAGE_OF_BACKING_FILM_std,17.454983443171628,0.0,True
17,p2_secondary_USAGE_OF_DRESSER_TABLE_decreasing,0.9362729545762887,0.0,False
17,p2_secondary_USAGE_OF_DRESSER_TABLE_mean,2145.120354746599,0.3332320692022763,True
17,p2_secondary_USAGE_OF_DRESSER_TABLE_std,1.0950835165654214,0.0,False
17,p2_secondary_USAGE_OF_DRESSER_decreasing,1.5531039067453738,0.18827322727032675,True
17,p2_secondary_USAGE_OF_DRESSER_mean,46.84641692854507,0.2754674027322174,True
17,p2_secondary_USAGE_OF_DRESSER_std,1.802891290633377,0.0,True
17,p2_secondary_USAGE_OF_MEMBRANE_decreasing,824.886772445969,0.0,True
17,p2_secondary_USAGE_OF_MEMBRANE_mean,14.252042515351528,0.2621176547451424,True
17,p2_secondary_USAGE_OF_MEMBRANE_std,1031.0638559436893,0.0,True
17,p2_secondary_USAGE_OF_POLISHING_TABLE_decreasing,1.112634667642703,0.0,False
17,p2_secondary_USAGE_OF_POLISHING_TABLE_mean,1.714783331131559,-0.31479409213807386,True
17,p2_secondary_USAGE_OF_POLISHING_TABLE_std,1.0030787739660207,0.0,False
17,p2_secondary_USAGE_OF_PRESSURIZED_SHEET_decreasing,165.8589760700016,0.0,True
17,p2_secondary_USAGE_OF_PRESSURIZED_SHEET_mean,304.4631613866715,-0.23098299737177094,True
17,p2_secondary_USAGE_OF_PRESSURIZED_SHEET_std,166.29324679242197,0.0,True
17,p2_secondary_WAFER_ROTATION_mean,1.7030897989666205,-0.024849459297517175,True
17,p2_secondary_duration,0.13764330569657351,0.21050165128260573,True
18,lag_1,1.7319869175200096,1.4558309976386878,True
18,lag_2,1.8218753570665682,0.41849266839009047,True
18,lag_3,0.4555286385307103,0.2654771000401685,True
18,lag_4,1.0768048560937988,0.18292244687050402,True
18,lag_5,1.0553458880746498,0.15802725478786303,True
18,lag_6,1.150999901297073,-0.09579321831255348,False
18,lag_7,0.809014356879687,0.40101440576334135,True
18,lag_8,1.3449071635478684,0.23600673823246004,True
18,lag_9,0.956578395053125,0.10794453564205364,False
18,lag_10,0.4276548232550172,0.11335375241365747,False
18,lag_11,0.32607757796421216,-0.1931104768971019,False
18,neighbor_1,2.0112637647258014,0.6416232744987984,True
18,neighbor_2,1.4953183285672504,0.3814175008592154,True
18,neighbor_3,2.119480174649506,0.5097188148967292,True
18,neighbor_4,1.299098562383318,0.2589569241324638,True
18,neighbor_5,0.2992541022935598,0.32585673730307735,True
18,neighbor_6,1.6208803273518404,0.33574771996603997,True
18,neighbor_7,1.1904630468308113,0.30733762812034177,True
18,neighbor_8,0.19520706474719535,-0.0624126407473024,False
18,neighbor_9,1.6482878209293597,0.055082689957117605,True
18,neighbor_10,0.8197595173805032,0.3688761493110812,True
18,p2_primary_CENTER_AIR_BAG_PRESSURE_auc,1.3981462536134364,0.21530829736956342,True
18,p2_primary_CENTER_AIR_BAG_PRESSURE_mean,1.3750034840529184,0.0,False
18,p2_primary_CENTER_AIR_BAG_PRESSURE_std,0.29154142664942817,-0.17129772242358815,False
18,p2_primary_DRESSING_WATER_STATUS_auc,1.112659235204815,-0.18381757238049778,False
18,p2_primary_DRESSING_WATER_STATUS_mean,1.1147652513347832,0.07841787506489988,False
18,p2_primary_DRESSING_WATER_STATUS_std,0.1572893340105808,0.32720332815735886,True
18,p2_primary_EDGE_AIR_BAG_PRESSURE_auc,0.36386060298286077,0.0,False
18,p2_primary_EDGE_AIR_BAG_PRESSURE_mean,0.32946982757708326,0.17677669529663692,True
18,p2_primary_EDGE_AIR_BAG_PRESSURE_std,0.23808695139091987,-0.1358732959337137,False
18,p2_primary_HEAD_ROTATION_mean,1.1260081145545764,0.20218971481933357,True
18,p2_primary_MAIN_OUTER_AIR_BAG_PRESSURE_auc,0.11428477026916423,0.0,False
18,p2_primary_MAIN_OUTER_AIR_BAG_PRESSURE_mean,0.02004979463479365,0.0,False
18,p2_primary_MAIN_OUTER_AIR_BAG_PRESSURE_std,0.2593786923970391,0.0,False
18,p2_primary_PRESSURIZED_CHAMBER_PRESSURE_auc,0.9618599909659743,-0.17677669529663692,False
18,p2_primary_PRESSURIZED_CHAMBER_PRESSURE_mean,0.8143296909073606,0.25109769891381767,True
18,p2_primary_PRESSURIZED_CHAMBER_PRESSURE_std,0.4288490180901477,0.17677669529663687,True
18,p2_primary_RETAINER_RING_PRESSURE_auc,0.9968044052254768,0.17677669529663687,True
18,p2_primary_RETAINER_RING_PRESSURE_mean,1.087004452609196,0.0,False
18,p2_primary_RETAINER_RING_PRESSURE_std,0.0460181184153498,0.0926568479630148,False
18,p2_primary_RIPPLE_AIR_BAG_PRESSURE_auc,0.944037696572962,0.0,False
18,p2_primary_RIPPLE_AIR_BAG_PRESSURE_mean,0.904832672404047,0.0,False
18,p2_primary_RIPPLE_AIR_BAG_PRESSURE_std,0.0890124632301608,-0.1767766952966368,False
18,p2_primary_SLURRY_FLOW_LINE_A_auc,0.5287621397637992,0.20783303301941863,True
18,p2_primary_SLURRY_FLOW_LINE_A_mean,0.6350375062220943,0.037320759932068875,False
18,p2_primary_SLURRY_FLOW_LINE_A_std,0.9455846832473411,0.2110750524299589,True
18,p2_primary_SLURRY_FLOW_LINE_B_auc,0.8834898062616949,0.24915040328770965,True
18,p2_primary_SLURRY_FLOW_LINE_B_mean,1.1320716550006054,0.1767766952966368,True
18,p2_primary_SLURRY_FLOW_LINE_B_std,0.9662460397536883,0.07751561000863702,False
18,p2_primary_SLURRY_FLOW_LINE_C_auc,0.7296496123359547,0.17677669529663692,True
18,p2_primary_SLURRY_FLOW_LINE_C_mean,0.6059259625405061,0.22856345733133288,True
18,p2_primary_SLURRY_FLOW_LINE_C_std,0.6391800616895111,0.2755991073902588,True
18,p2_primary_STAGE_ROTATION_mean,0.49906498501887375,-0.1898484435616049,False
18,p2_primary_USAGE_OF_BACKING_FILM_decreasing,25.55462688294392,0.0,True
18,p2_primary_USAGE_OF_BACKING_FILM_mean,569596.9673231336,0.3969215115177474,True
18,p2_primary_USAGE_OF_BACKING_FILM_std,18.888935817403187,0.0,True
18,p2_primary_USAGE_OF_DRESSER_TABLE_decreasing,0.15375147589220062,-0.1767766952966369,False
18,p2_primary_USAGE_OF_DRESSER_TABLE_mean,2582.303962329011,0.3657955348339014,True
18,p2_primary_USAGE_OF_DRESSER_TABLE_std,0.1411849539690485,-0.17677669529663698,False
18,p2_primary_USAGE_OF_DRESSER_decreasing,0.6725667062457659,-0.1767766952966369,False
18,p2_primary_USAGE_OF_DRESSER_mean,97.08251045829607,0.347469529032583,True
18,p2_primary_USAGE_OF_DRESSER_std,0.9549301997918105,0.0,False
18,p2_primary_USAGE_OF_MEMBRANE_decreasing,1.5427183164022695,0.0,True
18,p2_primary_USAGE_OF_MEMBRANE_mean,284361.49527300504,-0.23557226458638408,True
18,p2_primary_USAGE_OF_MEMBRANE_std,39.32315522501115,0.0,True
18,p2_primary_USAGE_OF_POLISHING_TABLE_decreasing,0.6432145784854704,0.0,False
18,p2_primary_USAGE_OF_POLISHING_TABLE_mean,13.77692411574772,0.09977605098383391,True
18,p2_primary_USAGE_OF_POLISHING_TABLE_std,0.9174287804866712,0.0,False
18,p2_primary_USAGE_OF_PRESSURIZED_SHEET_decreasing,48.652310036652686,0.0,True
18,p2_primary_USAGE_OF_PRESSURIZED_SHEET_mean,284362.7640000489,0.17036788078413545,True
18,p2_primary_USAGE_OF_PRESSURIZED_SHEET_std,1.862174582780047,0.0,True
18,p2_primary_WAFER_ROTATION_mean,0.6340363813127561,0.2828811215401124,True
18,p2_primary_duration,1.013441272664518,-0.32754574058980135,False
18,p2_secondary_CENTER_AIR_BAG_PRESSURE_auc,0.6597083493722652,0.0,False
18,p2_secondary_CENTER_AIR_BAG_PRESSURE_mean,0.7321170410099961,0.0,False
18,p2_secondary_CENTER_AIR_BAG_PRESSURE_std,0.5659019263291696,0.1767766952966369,True
18,p2_secondary_DRESSING_WATER_STATUS_auc,0.5420433758227572,-0.0698580048923846,False
18,p2_secondary_DRESSING_WATER_STATUS_mean,0.5095983959310718,0.2155254731403022,True
18,p2_secondary_DRESSING_WATER_STATUS_std,0.7586885244534458,-0.007839388567962801,False
18,p2_secondary_EDGE_AIR_BAG_PRESSURE_auc,0.2769828289920245,0.0,False
18,p2_secondary_EDGE_AIR_BAG_PRESSURE_mean,0.6671569281159938,0.0,False
18,p2_secondary_EDGE_AIR_BAG_PRESSURE_std,1.0059156027383112,0.0,False
18,p2_secondary_HEAD_ROTATION_mean,0.27340629057346083,0.42453072291885424,True
18,p2_secondary_MAIN_OUTER_AIR_BAG_PRESSURE_auc,0.44897186513386494,0.0,False
18,p2_secondary_MAIN_OUTER_AIR_BAG_PRESSURE_mean,0.4437228252790818,0.0,False
18,p2_secondary_MAIN_OUTER_AIR_BAG_PRESSURE_std,0.09852780733076044,0.157640347365941,True
18,p2_secondary_PRESSURIZED_CHAMBER_PRESSURE_auc,0.9103164080390745,0.0,False
18,p2_secondary_PRESSURIZED_CHAMBER_PRESSURE_mean,0.6690276659129676,0.0,False
18,p2_secondary_PRESSURIZED_CHAMBER_PRESSURE_std,0.4138777320322456,-0.1767766952966369,False
18,p2_secondary_RETAINER_RING_PRESSURE_auc,0.2657230432865842,-0.1767766952966368,False
18,p2_secondary_RETAINER_RING_PRESSURE_mean,0.7985142405121911,0.17677669529663684,True
18,p2_secondary_RETAINER_RING_PRESSURE_std,0.5077397249157863,0.2296841917907447,True
18,p2_secondary_RIPPLE_AIR_BAG_PRESSURE_auc,0.34349422150224007,0.0,False
18,p2_secondary_RIPPLE_AIR_BAG_PRESSURE_mean,0.2925499955754658,0.0,False
18,p2_secondary_RIPPLE_AIR_BAG_PRESSURE_std,0.330549645477976,0.0,False
18,p2_secondary_SLURRY_FLOW_LINE_A_auc,0.24017297295238987,0.034571717178541975,False
18,p2_secondary_SLURRY_FLOW_LINE_A_mean,0.38071715733928263,0.21310038904066556,True
18,p2_secondary_SLURRY_FLOW_LINE_A_std,0.6219095419022576,0.2008994516995462,True
18,p2_secondary_SLURRY_FLOW_LINE_B_auc,0.12751313726796612,0.2450835407389886,True
18,p2_secondary_SLURRY_FLOW_LINE_B_mean,0.0034737636109865504,0.18978179522051028,True
18,p2_secondary_SLURRY_FLOW_LINE_B_std,0.09802321978085324,0.12837981597202347,False
18,p2_secondary_SLURRY_FLOW_LINE_C_auc,0.060375361498448916,0.0,False
18,p2_secondary_SLURRY_FLOW_LINE_C_mean,0.3153387769469652,0.0,False
18,p2_secondary_SLURRY_FLOW_LINE_C_std,0.8923534428362901,-0.1656219545688927,False
18,p2_secondary_STAGE_ROTATION_mean,0.5466654097159496,0.020004723534928135,False
18,p2_secondary_USAGE_OF_BACKING_FILM_decreasing,12.910218367607083,0.0,True
18,p2_secondary_USAGE_OF_BACKING_FILM_mean,360741.2385553304,0.28655513732438104,True
18,p2_secondary_USAGE_OF_BACKING_FILM_std,12.430845718581857,0.17677669529663684,True
18,p2_secondary_USAGE_OF_DRESSER_TABLE_decreasing,1.1049242382623632,0.0,False
18,p2_secondary_USAGE_OF_DRESSER_TABLE_mean,2574.9215386406327,0.37512187791469825,True
18,p2_secondary_USAGE_OF_DRESSER_TABLE_std,1.3704200899908114,0.0,False
18,p2_secondary_USAGE_OF_DRESSER_decreasing,1.2324483364691514,0.0,False
18,p2_secondary_USAGE_OF_DRESSER_mean,98.52167339173943,0.311867953424528,True
18,p2_secondary_USAGE_OF_DRESSER_std,1.3720037974684243,0.0,False
18,p2_secondary_USAGE_OF_MEMBRANE_decreasing,473.4773727793584,0.0,True
18,p2_secondary_USAGE_OF_MEMBRANE_mean,153406.82982036402,0.08891993742715298,True
18,p2_secondary_USAGE_OF_MEMBRANE_std,399.4811026069583,0.0,True
18,p2_secondary_USAGE_OF_POLISHING_TABLE_decreasing,0.836800751881964,0.17677669529663684,True
18,p2_secondary_USAGE_OF_POLISHING_TABLE_mean,13.808111369966394,0.2824498196742708,True
18,p2_secondary_USAGE_OF_POLISHING_TABLE_std,0.878193869060473,0.0,False
18,p2_secondary_USAGE_OF_PRESSURIZED_SHEET_decreasing,58.8797433922298,0.0,True
18,p2_secondary_USAGE_OF_PRESSURIZED_SHEET_mean,212315.3785212025,0.21036120329230557,True
18,p2_secondary_USAGE_OF_PRESSURIZED_SHEET_std,58.672266291443705,0.0,True
18,p2_secondary_WAFER_ROTATION_mean,1.7424437898896585,0.24918699877200087,True
18,p2_secondary_duration,0.5293560324091771,-0.020122595676722626,False
19,lag_1,1.2500898795413038,0.6534689125960094,True
19,lag_2,1.6959336483678853,0.5273460444062935,True
19,lag_3,0.5248725879379299,0.5554328646137199,True
19,lag_4,0.2291397990001156,0.35159166627807675,True
19,lag_5,0.49127272164876584,0.23602629803871394,True
19,lag_6,0.22675370242277168,0.4880752060974761,True
19,lag_7,1.292971486657722,0.4860930175919988,True
19,lag_8,0.7389276976347257,-0.14938384882281155,False
19,lag_9,1.12037363657163,0.5852808748603874,True
19,lag_10,1.235837799509597,0.1490973839524563,False
19,lag_11,1.3083878459958365,0.28874748013911017,True
19,neighbor_1,2.8900061145829565,1.1500410406164123,True
19,neighbor_2,1.6129988036808285,0.6582284511120284,True
19,neighbor_3,1.9919645159084007,0.44439829650938845,True
19,neighbor_4,0.0546984878340359,0.38614446529416463,True
19,neighbor_5,1.6202856571000033,0.12591843486195,True
19,neighbor_6,0.28893867216554314,0.3680731763412516,True
19,neighbor_7,0.3539127419722621,0.23966672154848506,True
19,neighbor_8,0.004519555731297142,0.42603573079897333,True
19,neighbor_9,0.09266681769499709,0.26351841575288054,True
19,neighbor_10,1.3594572893368988,0.30254553807118784,True
19,p2_primary_CENTER_AIR_BAG_PRESSURE_auc,0.18417677895121323,0.1767766952966369,True
19,p2_primary_CENTER_AIR_BAG_PRESSURE_mean,0.29710983936742724,0.0,False
19,p2_primary_CENTER_AIR_BAG_PRESSURE_std,0.7081900087638674,0.0,False
19,p2_primary_DRESSING_WATER_STATUS_auc,1.0429822880329682,0.17808370237220172,True
19,p2_primary_DRESSING_WATER_STATUS_mean,0.9887158139331458,-0.08542122839000385,False
19,p2_primary_DRESSING_WATER_STATUS_std,0.4692971213514194,0.030451071067314654,False
19,p2_primary_EDGE_AIR_BAG_PRESSURE_auc,0.8640160394426243,0.0,False
19,p2_primary_EDGE_AIR_BAG_PRESSURE_mean,0.9273566240492865,0.0,False
19,p2_primary_EDGE_AIR_BAG_PRESSURE_std,0.24580335928403543,0.0,False
19,p2_primary_HEAD_ROTATION_mean,0.6079973575452445,0.010706892991251453,False
19,p2_primary_MAIN_OUTER_AIR_BAG_PRESSURE_auc,1.0398101833496027,0.0,False
19,p2_primary_MAIN_OUTER_AIR_BAG_PRESSURE_mean,1.0288354982756382,0.0,False
19,p2_primary_MAIN_OUTER_AIR_BAG_PRESSURE_std,0.37480097721017647,0.0,False
19,p2_primary_PRESSURIZED_CHAMBER_PRESSURE_auc,1.033184972661351,0.0,False
19,p2_primary_PRESSURIZED_CHAMBER_PRESSURE_mean,1.285347141518124,0.0,False
19,p2_primary_PRESSURIZED_CHAMBER_PRESSURE_std,0.6111351328486475,0.19821886416914003,True
19,p2_primary_RETAINER_RING_PRESSURE_auc,0.3602931038846726,0.0,False
19,p2_primary_RETAINER_RING_PRESSURE_mean,0.7599678509155059,0.0,False
19,p2_primary_RETAINER_RING_PRESSURE_std,1.0614557740469939,0.33106165969525836,True
19,p2_primary_RIPPLE_AIR_BAG_PRESSURE_auc,0.257775977444364,0.0,False
19,p2_primary_RIPPLE_AIR_BAG_PRESSURE_mean,0.1235907814882342,0.17677669529663687,True
19,p2_primary_RIPPLE_AIR_BAG_PRESSURE_std,0.5033083144984768,0.0,False
19,p2_primary_SLURRY_FLOW_LINE_A_auc,0.06627401695643126,-0.17066776992071506,False
19,p2_primary_SLURRY_FLOW_LINE_A_mean,0.06443533867162551,-0.04412059714359981,False
19,p2_primary_SLURRY_FLOW_LINE_A_std,0.37403170492196125,-0.23298323353379058,False
19,p2_primary_SLURRY_FLOW_LINE_B_auc,0.15714202893628673,0.22466032600389033,True
19,p2_primary_SLURRY_FLOW_LINE_B_mean,0.17605434476388093,-0.047405235124137246,False
19,p2_primary_SLURRY_FLOW_LINE_B_std,0.05421060748859633,-0.0634709575089055,False
19,p2_primary_SLURRY_FLOW_LINE_C_auc,1.172098930164463,0.0,False
19,p2_primary_SLURRY_FLOW_LINE_C_mean,1.0519785247925284,-0.2529884492392509,False
19,p2_primary_SLURRY_FLOW_LINE_C_std,0.8291019440894734,-0.11994627050768104,False
19,p2_primary_STAGE_ROTATION_mean,0.21268831121255657,0.24356162777257892,True
19,p2_primary_USAGE_OF_BACKING_FILM_decreasing,5.293534712048346,0.0,True
19,p2_primary_USAGE_OF_BACKING_FILM_mean,1146827.8081340569,0.24192117647536143,True
19,p2_primary_USAGE_OF_BACKING_FILM_std,0.45600048509115376,0.0,False
19,p2_primary_USAGE_OF_DRESSER_TABLE_decreasing,0.18290178995516476,0.0,False
19,p2_primary_USAGE_OF_DRESSER_TABLE_mean,3086.678920643603,0.49128378053700683,True
19,p2_primary_USAGE_OF_DRESSER_TABLE_std,0.009854381231247652,0.0,False
19,p2_primary_USAGE_OF_DRESSER_decreasing,0.08050958238123614,-0.24736919447368544,False
19,p2_primary_USAGE_OF_DRESSER_mean,76.84315425605716,0.04444270234663038,True
19,p2_primary_USAGE_OF_DRESSER_std,0.8071684537742946,0.0,False
19,p2_primary_USAGE_OF_MEMBRANE_decreasing,57.125914004167775,0.17677669529663692,True
19,p2_primary_USAGE_OF_MEMBRANE_mean,572865.8019418068,0.15819520762151992,True
19,p2_primary_USAGE_OF_MEMBRANE_std,42.887047209042926,0.0,True
19,p2_primary_USAGE_OF_POLISHING_TABLE_decreasing,0.5544834805611721,0.0,False
19,p2_primary_USAGE_OF_POLISHING_TABLE_mean,4.292330192774782,0.09011980696218437,True
19,p2_primary_USAGE_OF_POLISHING_TABLE_std,0.4199069183260589,0.0,False
19,p2_primary_USAGE_OF_PRESSURIZED_SHEET_decreasing,46.577163305225675,0.0,True
19,p2_primary_USAGE_OF_PRESSURIZED_SHEET_mean,572867.701430901,0.29793533421268703,True
19,p2_primary_USAGE_OF_PRESSURIZED_SHEET_std,43.712700646233,0.0,True
19,p2_primary_WAFER_ROTATION_mean,1.118829037145954,0.3054388518087335,True
19,p2_primary_duration,0.7971010032242525,0.06100535997203087,False
19,p2_secondary_CENTER_AIR_BAG_PRESSURE_auc,0.15071325762208446,0.0,False
19,p2_secondary_CENTER_AIR_BAG_PRESSURE_mean,0.007358306153127856,0.0,False
19,p2_secondary_CENTER_AIR_BAG_PRESSURE_std,1.6164344341320376,0.0,True
19,p2_secondary_DRESSING_WATER_STATUS_auc,0.42954269658251304,-0.27851476105200856,False
19,p2_secondary_DRESSING_WATER_STATUS_mean,0.4847144250636895,-0.2832792845852415,False
19,p2_secondary_DRESSING_WATER_STATUS_std,0.657694012218178,-0.13148504908670616,False
19,p2_secondary_EDGE_AIR_BAG_PRESSURE_auc,0.7500588343349257,0.0,False
19,p2_secondary_EDGE_AIR_BAG_PRESSURE_mean,0.5138299915282512,0.0,False
19,p2_secondary_EDGE_AIR_BAG_PRESSURE_std,1.886653520035453,0.0,True
19,p2_secondary_HEAD_ROTATION_mean,0.7084353426472664,0.1508361499371082,True
19,p2_secondary_MAIN_OUTER_AIR_BAG_PRESSURE_auc,0.6143171441828045,0.0,False
19,p2_secondary_MAIN_OUTER_AIR_BAG_PRESSURE_mean,0.5694228553655233,0.0,False
19,p2_secondary_MAIN_OUTER_AIR_BAG_PRESSURE_std,1.2193732255334886,0.0,False
19,p2_secondary_PRESSURIZED_CHAMBER_PRESSURE_auc,2.31531960793722,0.0,True
19,p2_secondary_PRESSURIZED_CHAMBER_PRESSURE_mean,2.179997014287458,0.17677669529663698,True
19,p2_secondary_PRESSURIZED_CHAMBER_PRESSURE_std,1.0398442548203934,0.0,False
19,p2_secondary_RETAINER_RING_PRESSURE_auc,1.0420270451501865,0.0,False
19,p2_secondary_RETAINER_RING_PRESSURE_mean,0.6991098658200547,0.0,False
19,p2_secondary_RETAINER_RING_PRESSURE_std,0.034630537269691904,-0.14670879730282116,False
19,p2_secondary_RIPPLE_AIR_BAG_PRESSURE_auc,0.5305296711695467,0.0,False
19,p2_secondary_RIPPLE_AIR_BAG_PRESSURE_mean,0.6457261035269589,0.0,False
19,p2_secondary_RIPPLE_AIR_BAG_PRESSURE_std,0.31994633579898757,-0.17677669529663684,False
19,p2_secondary_SLURRY_FLOW_LINE_A_auc,0.4877240931157932,0.0,False
19,p2_secondary_SLURRY_FLOW_LINE_A_mean,0.4498679981894524,0.17677669529663678,True
19,p2_secondary_SLURRY_FLOW_LINE_A_std,0.6398168936697546,0.0,False
19,p2_secondary_SLURRY_FLOW_LINE_B_auc,0.5843759166631933,-0.22369915842081645,False
19,p2_secondary_SLURRY_FLOW_LINE_B_mean,0.5174697268524974,0.1981787320378452,True
19,p2_secondary_SLURRY_FLOW_LINE_B_std,0.9859697811920402,-0.18051281510394218,False
19,p2_secondary_SLURRY_FLOW_LINE_C_auc,0.1639215837601352,-0.17677669529663687,False
19,p2_secondary_SLURRY_FLOW_LINE_C_mean,0.08182389804281416,-0.17677669529663695,False
19,p2_secondary_SLURRY_FLOW_LINE_C_std,0.5876830573752753,0.04227917461700342,False
19,p2_secondary_STAGE_ROTATION_mean,1.1645582940155739,0.1253286642087164,False
19,p2_secondary_USAGE_OF_BACKING_FILM_decreasing,17.96480973234332,-0.24837225178556643,True
19,p2_secondary_USAGE_OF_BACKING_FILM_mean,382995.5091324687,0.09188975728621511,True
19,p2_secondary_USAGE_OF_BACKING_FILM_std,14.080300301067844,0.0,True
19,p2_secondary_USAGE_OF_DRESSER_TABLE_decreasing,1.4129463739302808,0.0,False
19,p2_secondary_USAGE_OF_DRESSER_TABLE_mean,3134.1636023282003,0.39526225967234974,True
19,p2_secondary_USAGE_OF_DRESSER_TABLE_std,1.407574917216919,0.0,False
19,p2_secondary_USAGE_OF_DRESSER_decreasing,2.1004234852860124,0.0,True
19,p2_secondary_USAGE_OF_DRESSER_mean,76.66689513658349,-0.26027653616274526,True
19,p2_secondary_USAGE_OF_DRESSER_std,2.3176395670932455,0.0,True
19,p2_secondary_USAGE_OF_MEMBRANE_decreasing,2521.091850951814,0.0,True
19,p2_secondary_USAGE_OF_MEMBRANE_mean,173005.23533707135,0.15406706164307074,True
19,p2_secondary_USAGE_OF_MEMBRANE_std,2384.3666818207807,-0.1767766952966367,True
19,p2_secondary_USAGE_OF_POLISHING_TABLE_decreasing,0.05706318025971223,-0.17677669529663703,False
19,p2_secondary_USAGE_OF_POLISHING_TABLE_mean,4.285114866033615,0.06194529677833595,True
19,p2_secondary_USAGE_OF_POLISHING_TABLE_std,0.31298926838406443,0.0,False
19,p2_secondary_USAGE_OF_PRESSURIZED_SHEET_decreasing,561.8618187227299,-0.1767766952966368,True
19,p2_secondary_USAGE_OF_PRESSURIZED_SHEET_mean,205944.784640713,-0.010019701868214707,True
19,p2_secondary_USAGE_OF_PRESSURIZED_SHEET_std,600.7990105959536,0.17677669529663692,True
19,p2_secondary_WAFER_ROTATION_mean,2.914314164095619,0.19470453393983703,True
19,p2_secondary_duration,0.5466623766703564,-0.09148005601141776,False
