sample_id,WAFER_ID,STAGE,cohort,condition,route,excluded_extreme,p3_cpp,qc_loose_fallback,qc_loose_start,qc_loose_end,qc_loose_rows,qc_loose_segments,qc_nominal_fallback,qc_nominal_start,qc_nominal_end,qc_nominal_rows,qc_nominal_segments,qc_strict_fallback,qc_strict_start,qc_strict_end,qc_strict_rows,qc_strict_segments
6e12493812a5f565ce96,-4230160598,A,training,Cond1,456,False,298,False,481805860.333,481805926.0,67,1,False,481805860.333,481805926.0,67,1,False,481805860.333,481805926.0,67,1
2be9803bbdbf02137071,-4230160594,B,training,Cond2,456,False,304,False,481859104.667,481859170.667,67,1,False,481859104.667,481859170.667,67,1,False,481859104.667,481859170.667,67,1
0d912928e6272614a0c1,-4230160436,B,training,Cond2,456,False,336,False,482141812.0,482141881.667,81,1,False,482141812.0,482141881.667,81,1,False,482141812.0,482141881.667,81,1
768ed3716ed800b36423,-4230160428,A,training,Cond1,456,False,381,False,482430715.667,482430782.667,68,1,False,482430715.667,482430782.667,68,1,False,482430715.667,482430782.667,68,1
116b8abb85ea208280a5,-4230160424,A,training,Cond1,456,False,360,False,482345157.667,482345222.333,66,1,False,482345157.667,482345222.333,66,1,False,482345157.667,482345222.333,66,1
0e3a81eb0cb986226385,-4230160424,B,training,Cond2,456,False,371,False,482381879.667,482381944.333,66,1,False,482381879.667,482381944.333,66,1,False,482381879.667,482381944.333,66,1
04afdd1c439211c8389d,-4230160416,B,training,Cond2,456,False,340,False,482164877.333,482164943.333,67,1,False,482164877.333,482164943.333,67,1,False,482164877.333,482164943.333,67,1
4da37b8285072d5fce8e,-4230160408,A,training,Cond1,456,False,362,False,482350595.0,482350659.667,66,1,False,482350595.0,482350659.667,66,1,False,482350595.0,482350659.667,66,1
733faafbe969be847e96,-4230160408,B,training,Cond2,456,False,372,False,482383153.333,482383217.667,66,1,False,482383153.333,482383217.667,66,1,False,482383153.333,482383217.667,66,1
bccda63c87bec0a47d9c,-4228160702,A,training,Cond1,456,False,294,False,481793167.333,481793231.333,65,1,False,481793167.333,481793231.333,65,1,False,481793167.333,481793231.333,65,1
faf9b118b6bb6efefe7e,-4228160702,B,training,Cond2,456,False,307,False,481871559.333,481871618.333,70,1,False,481871559.333,481871618.333,70,1,False,481871559.333,481871618.333,70,1
cffaf60b05aca089e80d,-4228160698,B,training,Cond2,456,False,318,False,481943427.333,481943495.333,69,1,False,481943427.333,481943495.333,69,1,False,481943427.333,481943495.333,69,1
6d54594b80801a7f0163,-4228160694,B,training,Cond2,456,False,304,False,481858904.667,481858969.333,65,1,False,481858904.667,481858969.333,65,1,False,481858905.667,481858969.333,64,1
3abcf2a307208ba996a4,-4228160690,A,training,Cond1,456,False,291,False,481768183.333,481768248.0,66,1,False,481768183.333,481768248.0,66,1,False,481768183.333,481768248.0,66,1
35ebfd06335c31593335,-4228160690,B,training,Cond2,456,False,294,False,481795266.333,481795332.333,66,1,False,481795266.333,481795332.333,66,1,False,481795266.333,481795332.333,66,1
aabfebf8e14b506d8151,-4228160686,A,training,Cond1,456,False,300,False,481809049.333,481809115.0,67,1,False,481809049.333,481809115.0,67,1,False,481809049.333,481809115.0,67,1
a977f34f9236cdacff16,-4228160686,B,training,Cond2,456,False,304,False,481859486.0,481859551.0,66,1,False,481859486.0,481859551.0,66,1,False,481859486.0,481859551.0,66,1
351473c7e4037343d255,-4228160682,A,training,Cond1,456,False,294,False,481793886.0,481793952.0,67,1,False,481793886.0,481793952.0,67,1,False,481793886.0,481793952.0,67,1
eaa7a669dfe8f22214a4,-4228160678,A,training,Cond1,456,False,294,False,481794874.333,481794940.667,67,1,False,481794874.333,481794940.667,67,1,False,481794874.333,481794940.667,67,1
d0e1b9e587a5a312fad4,-4228160670,A,training,Cond1,456,False,301,False,481813456.333,481813523.333,68,1,False,481813456.333,481813523.333,68,1,False,481813456.333,481813523.333,68,1
d2d996299d0391e7d6fc,-4228160670,B,training,Cond2,456,False,306,False,481868696.333,481868762.333,67,1,False,481868696.333,481868762.333,67,1,False,481868697.333,481868762.333,66,1
69608816b1a4f857c209,-4228160662,A,training,Cond1,456,False,300,False,481809248.333,481809313.0,66,1,False,481809248.333,481809313.0,66,1,False,481809248.333,481809313.0,66,1
e987ea7f07fb8a25b0dd,-4228160662,B,training,Cond2,456,False,327,False,482001554.333,482001601.333,48,1,False,482001555.0,482001601.333,47,1,False,482001555.0,482001601.333,47,1
8a0ffc2f2fee8840281a,-4228160658,A,training,Cond1,456,False,310,False,481907455.333,481907531.667,77,1,False,481907455.333,481907531.667,77,1,False,481907455.333,481907531.667,77,1
abd2d498ddc961fb5dc1,-4228160658,B,training,Cond2,456,False,319,False,481948261.667,481948328.667,68,1,False,481948261.667,481948328.667,68,1,False,481948261.667,481948328.667,68,1
36c33a438518ee36f0ea,-4228160642,A,training,Cond1,456,False,301,False,481813262.333,481813327.333,66,1,False,481813262.333,481813327.333,66,1,False,481813262.333,481813327.333,66,1
3e8fc3c783193cad51dd,-4228160642,B,training,Cond2,456,False,304,False,481859685.0,481859751.333,63,1,False,481859686.0,481859751.333,62,1,False,481859686.0,481859751.333,62,1
8b02b17c76920c23a405,-4228160608,B,training,Cond2,456,False,293,False,481777808.667,481777874.333,67,1,False,481777808.667,481777874.333,67,1,False,481777808.667,481777874.333,67,1
b886a352d8b662dc1118,-4228160604,A,training,Cond1,456,False,289,False,481750407.0,481750472.333,66,1,False,481750407.0,481750472.333,66,1,False,481750407.0,481750472.333,66,1
e1d70ef84f51e97ba0b7,-4228160600,A,training,Cond1,456,False,285,False,481732762.333,481732831.333,70,1,False,481732763.333,481732831.333,69,1,False,481732763.333,481732831.333,69,1
d8d132b69ad481892b4a,-4228160600,B,training,Cond2,456,False,290,False,481757367.333,481757432.333,66,1,False,481757367.333,481757432.333,66,1,False,481757367.333,481757432.333,66,1
06c4e2ce0edf6cb6963e,-4228160596,A,training,Cond1,456,False,285,False,481732569.333,481732635.333,67,1,False,481732569.333,481732635.333,67,1,False,481732569.333,481732635.333,67,1
8a0e21deec15547d6452,-4228160596,B,training,Cond2,456,False,291,False,481767983.0,481768049.333,68,1,False,481767983.0,481768049.333,68,1,False,481767983.0,481768049.333,68,1
1202e8a96e82096f8f00,-4228160580,A,training,Cond1,456,False,285,False,481734929.333,481734995.333,67,1,False,481734929.333,481734995.333,67,1,False,481734929.333,481734995.333,67,1
5967fa72261c0fd8db68,-4228160580,B,training,Cond2,456,False,291,False,481767376.0,481767442.333,67,1,False,481767376.0,481767442.333,67,1,False,481767376.0,481767442.333,67,1
d7436ce2f1d8c85543ee,-4226160424,A,training,Cond1,456,False,277,False,481699022.333,481699088.333,67,1,False,481699022.333,481699088.333,67,1,False,481699022.333,481699088.333,67,1
1d00227e7a238234e187,-4226160424,B,training,Cond2,456,False,287,False,481741458.0,481741524.667,68,1,False,481741458.0,481741524.667,68,1,False,481741458.0,481741524.667,68,1
7961971dc74deb9a0ca0,-4226160416,A,training,Cond1,456,False,285,True,481734523.333,481734701.333,183,1,True,481734523.333,481734701.333,183,1,True,481734523.333,481734701.333,183,1
5fe6dba94c362366a1f5,-4226160416,B,training,Cond2,456,False,291,False,481767581.0,481767648.0,68,1,False,481767582.333,481767648.0,67,1,False,481767582.333,481767648.0,67,1
3b03297e1603ab9b5488,-4226160408,B,training,Cond2,456,False,292,False,481770947.0,481771015.0,69,1,False,481770947.0,481771015.0,69,1,False,481770947.0,481771015.0,69,1
5b1b682b0465237b3156,-4226160404,B,training,Cond2,456,False,288,False,481747943.333,481747988.0,46,1,False,481747943.333,481747988.0,46,1,False,481747943.333,481747988.0,46,1
992be32d31162a019ccb,-4226160396,A,training,Cond1,456,False,285,False,481731990.0,481732035.0,46,1,False,481731990.0,481732035.0,46,1,False,481731991.0,481732035.0,45,1
9b4c85f86c219eb6cf56,-4226160396,B,training,Cond2,456,False,290,False,481757165.333,481757194.333,30,1,False,481757165.333,481757194.333,30,1,False,481757165.333,481757194.333,30,1
68495d6c21e8fa63fb20,-4224160702,B,training,Cond2,456,False,280,False,481707961.333,481708008.333,48,1,False,481707961.333,481708008.333,48,1,False,481707961.333,481708008.333,48,1
6242717d11439aa52fa0,-4224160694,A,training,Cond1,456,False,269,False,481663539.667,481663604.667,66,1,False,481663539.667,481663604.667,66,1,False,481663539.667,481663604.667,66,1
f762b66e2365dad1ec3b,-4224160694,B,training,Cond2,456,False,278,False,481701537.667,481701612.333,76,1,False,481701537.667,481701612.333,76,1,False,481701537.667,481701612.333,76,1
7f904efd7bcecf749eaa,-4224160690,A,training,Cond1,456,False,269,False,481664137.667,481664201.333,65,1,False,481664137.667,481664201.333,65,1,False,481664137.667,481664201.333,65,1
8d5b52254a54ef95fcae,-4224160690,B,training,Cond2,456,False,278,False,481700929.0,481700996.0,67,1,False,481700929.0,481700996.0,67,1,False,481700929.0,481700996.0,67,1
0dcde823a8ec97462306,-4224160662,A,training,Cond1,456,False,282,False,481716953.0,481717001.0,49,1,False,481716953.0,481717001.0,49,1,False,481716954.0,481717001.0,48,1
aacc07fb34b57f2be4b7,-4224160662,B,training,Cond2,456,False,292,False,481771150.0,481771215.0,66,1,False,481771150.0,481771215.0,66,1,False,481771150.0,481771215.0,66,1
54ea818ed17d5c548e38,-4224160654,A,training,Cond1,456,False,285,False,481732182.0,481732254.0,73,1,False,481732182.0,481732254.0,73,1,False,481732183.0,481732254.0,72,1
fd8805cdd710fc87a674,-4224160650,A,training,Cond1,456,False,278,False,481701338.667,481701411.667,74,1,False,481701338.667,481701411.667,74,1,False,481701340.0,481701411.667,73,1
aa833edfcfe52111805a,-4224160650,B,training,Cond2,456,False,289,False,481749502.667,481749570.0,80,1,False,481749502.667,481749570.0,80,1,False,481749503.0,481749570.0,79,1
a9bcbd71b5af4b4cbfaf,-4224160646,A,training,Cond1,456,False,276,False,481692882.667,481692907.667,28,1,False,481692882.667,481692907.667,28,1,False,481692882.667,481692907.667,28,1
dde928a156646f905507,-4224160600,A,training,Cond1,456,False,266,False,481637844.333,481637889.333,46,1,False,481637845.333,481637889.333,45,1,False,481637845.333,481637889.333,45,1
d526e090eb99bb64a8e6,-4224160600,B,training,Cond2,456,False,273,False,481673964.667,481674031.333,68,1,False,481673965.333,481674031.333,67,1,False,481673965.333,481674031.333,67,1
a5e6e66b9b2c6cb855ef,-4224160592,B,training,Cond2,456,False,273,False,481674173.667,481674239.667,67,1,False,481674173.667,481674239.667,67,1,False,481674173.667,481674239.667,67,1
44e52ff08d7fb0d81b3c,-4224160584,B,training,Cond2,456,False,265,False,481635556.667,481635622.667,67,1,False,481635556.667,481635622.667,67,1,False,481635556.667,481635622.667,67,1
92ab94f2d7cb1cf50313,-4224160580,B,training,Cond2,456,False,265,False,481635756.333,481635823.333,68,1,False,481635757.333,481635823.333,67,1,False,481635757.333,481635823.333,67,1
b138af2c252c3f59740c,-4222160606,B,training,Cond2,456,False,338,False,482153892.333,482153962.0,72,1,False,482153892.333,482153962.0,72,1,False,482153892.333,482153962.0,72,1
7ecd59b97bf6a9ca99f7,-4222160590,B,training,Cond2,456,False,397,False,482540275.333,482540342.333,68,1,False,482540275.333,482540342.333,68,1,False,482540275.333,482540342.333,68,1
81bbf59aff29dd99a51d,-4222160582,B,training,Cond2,456,False,334,False,482132861.667,482132930.667,70,1,False,482132861.667,482132930.667,70,1,False,482132862.667,482132930.667,69,1
0a2c26346b639a082c05,-4222160578,B,training,Cond2,456,False,343,False,482191527.0,482191597.0,71,1,False,482191528.333,482191597.0,70,1,False,482191528.333,482191597.0,70,1
14da02e0a2f258f43603,-4222160448,A,training,Cond1,456,False,338,False,482154692.0,482154761.0,70,1,False,482154692.0,482154761.0,70,1,False,482154692.0,482154761.0,70,1
3841eeb50e1c679c03fa,-4222160432,B,training,Cond2,456,False,341,False,482178985.0,482179051.0,67,1,False,482178985.0,482179051.0,67,1,False,482178985.0,482179051.0,67,1
77daff006f1cea9002a0,-4222160428,A,training,Cond1,456,False,330,False,482121977.333,482122046.0,70,1,False,482121977.333,482122046.0,70,1,False,482121977.333,482122046.0,70,1
d4f5c7dae132fc849ba7,-4222160428,B,training,Cond2,456,False,340,False,482165278.333,482165348.333,71,1,False,482165278.333,482165348.333,71,1,False,482165279.333,482165348.333,70,1
1857a1493ada7d76bed0,-4222160420,A,training,Cond1,456,False,330,False,482121776.333,482121846.0,71,1,False,482121776.333,482121846.0,71,1,False,482121776.333,482121846.0,71,1
92d8fe506f357432916d,-4222160392,A,training,Cond1,456,False,330,False,482122176.0,482122246.0,71,1,False,482122176.0,482122246.0,71,1,False,482122177.0,482122246.0,70,1
e846bea1cb1c675637b1,-4220160702,A,training,Cond1,456,False,355,False,482321123.333,482321167.333,45,1,False,482321123.333,482321167.333,45,1,False,482321123.333,482321167.333,45,1
da664178fb95e3ac7ac5,-4220160702,B,training,Cond2,456,False,366,False,482362530.333,482362596.667,70,1,False,482362530.333,482362596.667,70,1,False,482362530.333,482362596.667,70,1
ba50cafcb4b9a7822c89,-4220160694,A,training,Cond1,456,False,361,False,482347113.667,482347182.0,69,1,False,482347113.667,482347182.0,69,1,False,482347115.0,482347182.0,68,1
a27f65a9d51515d62208,-4220160686,B,training,Cond2,456,False,354,False,482314505.333,482314572.333,68,1,False,482314505.333,482314572.333,68,1,False,482314505.333,482314572.333,68,1
2d9caeef18825482c0b3,-4220160682,B,training,Cond2,456,False,339,False,482157743.333,482157812.333,70,1,False,482157743.333,482157812.333,70,1,False,482157743.333,482157812.333,70,1
85614a746352d5cd2a3e,-4220160678,B,training,Cond2,456,False,340,False,482165675.333,482165745.333,71,1,False,482165675.333,482165745.333,71,1,False,482165675.333,482165745.333,71,1
8d15b2de5138dd86be60,-4220160674,A,training,Cond1,456,False,330,False,482123197.0,482123267.0,71,1,False,482123197.0,482123267.0,71,1,False,482123197.0,482123267.0,71,1
f134708f5da7f0cd73a9,-4220160650,A,training,Cond1,456,False,496,False,483462569.667,483462634.667,66,1,False,483462569.667,483462634.667,66,1,False,483462569.667,483462634.667,66,1
453e03f583f92e4e3248,-4220160646,A,training,Cond1,456,False,385,False,482463986.667,482464054.0,70,1,False,482463986.667,482464054.0,70,1,False,482463986.667,482464054.0,70,1
186c9d4e7c876c1ae049,-4220160646,B,training,Cond2,456,False,409,False,482644049.667,482644116.0,67,1,False,482644049.667,482644116.0,67,1,False,482644049.667,482644116.0,67,1
74051d2f391a63f8431a,-4220160604,A,training,Cond1,456,False,338,False,482154892.0,482154960.667,71,1,False,482154892.333,482154960.667,70,1,False,482154892.333,482154960.667,70,1
28b351aaa3c696b0d7d9,-4220160604,B,training,Cond2,456,False,343,False,482191133.333,482191204.0,72,1,False,482191134.333,482191204.0,71,1,False,482191134.333,482191204.0,71,1
ef0ce55340eae7563b1c,-4216160702,A,training,Cond1,456,False,328,False,482011984.333,482012051.333,68,1,False,482011984.333,482012051.333,68,1,False,482011984.333,482012051.333,68,1
3c31cc18b1eeb62ef763,-4216160694,A,training,Cond1,456,False,328,False,482012186.667,482012252.333,67,1,False,482012186.667,482012252.333,67,1,False,482012186.667,482012252.333,67,1
7540e22cad3ceb061079,-4216160690,B,training,Cond2,456,False,331,False,482126765.333,482126831.333,67,1,False,482126765.333,482126831.333,67,1,False,482126765.333,482126831.333,67,1
8c13374f71f9648f9867,-4216160670,A,training,Cond1,456,False,317,False,481938783.333,481938850.0,68,1,False,481938783.333,481938850.0,68,1,False,481938783.333,481938850.0,68,1
5e5d579570007a23d7eb,-4216160670,B,training,Cond2,456,False,324,False,481985661.0,481985728.0,68,1,False,481985661.0,481985728.0,68,1,False,481985661.0,481985728.0,68,1
d7d7474c81d8e5810c15,-4216160666,A,training,Cond1,456,False,310,False,481906479.667,481906555.667,77,1,False,481906480.333,481906555.667,76,1,False,481906480.333,481906555.667,76,1
4907a2a11e59261d4b86,-4216160662,A,training,Cond1,456,False,315,False,481925594.333,481925662.333,69,1,False,481925594.333,481925662.333,69,1,False,481925594.333,481925662.333,69,1
eb66e937c4abfef983d0,-4216160658,A,training,Cond1,456,False,320,False,481951795.0,481951861.667,68,1,False,481951796.0,481951861.667,67,1,False,481951796.0,481951861.667,67,1
e559fce816f947034c61,-4216160650,A,training,Cond1,456,False,320,False,481952392.0,481952459.0,68,1,False,481952392.0,481952459.0,68,1,False,481952392.667,481952459.0,67,1
126cd89115fe38621500,-4216160646,B,training,Cond2,456,False,324,False,481987330.667,481987398.0,68,1,False,481987330.667,481987398.0,68,1,False,481987330.667,481987398.0,68,1
3e5745badbe990ad0b06,-4216160642,A,training,Cond1,456,False,328,False,482011780.333,482011846.333,67,1,False,482011780.333,482011846.333,67,1,False,482011780.333,482011846.333,67,1
041d6559d0ccd87a01af,-4216160640,A,training,Cond1,456,False,364,False,482357499.333,482357565.0,65,1,False,482357499.333,482357565.0,65,1,False,482357499.333,482357565.0,65,1
07c601a6147558842993,-4216160640,B,training,Cond2,456,False,374,False,482409576.0,482409642.333,67,1,False,482409576.0,482409642.333,67,1,False,482409576.0,482409642.333,67,1
9a132ed310956d20af13,-4216160624,A,training,Cond1,456,False,311,False,481912408.0,481912474.333,67,1,False,481912408.0,481912474.333,67,1,False,481912408.0,481912474.333,67,1
b389505019dd9940d414,-4216160624,B,training,Cond2,456,False,321,False,481957492.0,481957560.333,69,1,False,481957493.0,481957560.333,68,1,False,481957493.0,481957560.333,68,1
ee7dfee081c5d9ca41cd,-4210160444,A,training,Cond1,456,False,353,False,482312607.667,482312673.667,67,1,False,482312609.0,482312673.667,66,1,False,482312609.0,482312673.667,66,1
d6ba91dec59bc6c291ca,-4210160444,B,training,Cond2,456,False,364,False,482356923.0,482356991.0,69,1,False,482356923.0,482356991.0,69,1,False,482356923.0,482356991.0,69,1
58d2128e80e980fb65f7,-4208160362,A,training,Cond1,456,False,346,False,482222452.333,482222488.0,37,1,False,482222452.333,482222488.0,37,1,False,482222452.333,482222488.0,37,1
250617e7063072619ee0,-4141512120,A,training,Cond1,456,False,369,False,482376013.333,482376079.0,67,1,False,482376013.333,482376079.0,67,1,False,482376013.333,482376079.0,67,1
6b51cf40fe5ba0e98675,-4141512120,B,training,Cond2,456,False,377,False,482415309.333,482415376.667,68,1,False,482415309.333,482415376.667,68,1,False,482415309.333,482415376.667,68,1
ad1002f388a918ae688b,-4141512112,B,training,Cond2,456,False,344,False,482200352.333,482200383.333,32,1,False,482200352.333,482200383.333,32,1,False,482200352.333,482200383.333,32,1
7752a6a5d7d821afe1dc,-4141512104,B,training,Cond2,456,False,377,False,482415113.333,482415179.0,67,1,False,482415113.333,482415179.0,67,1,False,482415113.333,482415179.0,67,1
1ce3c6b2e7021b990226,-4141512096,A,training,Cond1,456,False,414,False,482658590.333,482658659.667,70,1,False,482658590.333,482658659.667,70,1,False,482658590.333,482658659.667,70,1
aa7f2e6d6f77a19fcff1,-4141512096,B,training,Cond2,456,False,420,False,482698209.667,482698277.333,69,1,False,482698209.667,482698277.333,69,1,False,482698209.667,482698277.333,69,1
8f2cee58894e52e1f320,-4141512092,B,training,Cond2,456,False,414,False,482659179.333,482659245.333,67,1,False,482659179.333,482659245.333,67,1,False,482659179.333,482659245.333,67,1
dfaae2fe4fd0f12fb599,-4141512072,A,training,Cond1,456,False,405,False,482622787.667,482622854.667,68,1,False,482622787.667,482622854.667,68,1,False,482622788.667,482622854.667,67,1
9fccd3a12bfc96e1651b,-4139512020,B,training,Cond2,456,False,423,False,482706331.333,482706394.333,66,1,False,482706331.333,482706394.333,66,1,False,482706331.333,482706394.333,66,1
f4e15565b1481af0c236,-4139512004,A,training,Cond1,456,False,405,False,482622210.0,482622278.0,69,1,False,482622210.0,482622278.0,69,1,False,482622211.0,482622278.0,68,1
ca583f0ad0211cd771a8,-4139512004,B,training,Cond2,456,False,414,False,482659376.333,482659441.333,66,1,False,482659376.333,482659441.333,66,1,False,482659376.333,482659441.333,66,1
93b486b601f1d2b2546a,-4139511866,A,training,Cond1,456,False,410,False,482648560.333,482648627.333,68,1,False,482648560.333,482648627.333,68,1,False,482648560.333,482648627.333,68,1
641fa945c9e4a10be8b1,-4139511854,A,training,Cond1,456,False,414,False,482658984.333,482659051.333,67,1,False,482658984.333,482659051.333,67,1,False,482658984.333,482659051.333,67,1
c10d5eb3d1b7b7be8f66,-4139511854,B,training,Cond2,456,False,420,False,482698608.333,482698680.333,73,1,False,482698608.333,482698680.333,73,1,False,482698608.333,482698680.333,73,1
87cb7176b9c6d517bfe6,-4139511850,A,training,Cond1,456,False,414,False,482658789.333,482658856.333,68,1,False,482658789.333,482658856.333,68,1,False,482658789.333,482658856.333,68,1
1162bc74b96e937eb78d,-4139511850,B,training,Cond2,456,False,420,False,482698414.667,482698488.667,75,1,False,482698414.667,482698488.667,75,1,False,482698414.667,482698488.667,75,1
065009dcf80d9db0c2c5,-4139511842,A,training,Cond1,456,False,405,False,482622403.0,482622470.0,68,1,False,482622403.0,482622470.0,68,1,False,482622404.0,482622470.0,67,1
3f09e25ab98b92f5fd09,-4139511842,B,training,Cond2,456,False,412,False,482655241.333,482655306.333,66,1,False,482655241.333,482655306.333,66,1,False,482655242.333,482655306.333,65,1
c99cc22411534299529e,-4139511834,B,training,Cond2,456,False,422,False,482703497.333,482703529.333,33,1,False,482703497.333,482703529.333,33,1,False,482703497.333,482703529.333,33,1
868967d88bbe6de2936f,-4139511830,B,training,Cond2,456,False,421,False,482700769.333,482700837.0,68,1,False,482700769.333,482700837.0,68,1,False,482700769.333,482700837.0,68,1
5915607beccd9fea86f9,-4139511826,A,training,Cond1,456,False,411,False,482652471.667,482652539.333,71,1,False,482652473.667,482652539.333,70,1,False,482652473.667,482652539.333,70,1
5f85b3b53c1ea7b9caa7,-4139511826,B,training,Cond2,456,False,422,False,482703218.333,482703283.333,66,1,False,482703218.333,482703283.333,66,1,False,482703218.333,482703283.333,66,1
f799f0e4bb0a091815b2,-4113511826,A,training,Cond1,456,False,277,False,481696827.333,481696893.667,67,1,False,481696828.333,481696893.667,66,1,False,481696828.333,481696893.667,66,1
3d8d5ab81cd414c139d6,-4113511826,B,training,Cond2,456,False,287,False,481741885.333,481741953.333,69,1,False,481741885.333,481741953.333,69,1,False,481741886.333,481741953.333,68,1
63f53d160afb7ded1c8e,-4113511822,B,training,Cond2,456,False,283,False,481718870.0,481718934.667,65,1,False,481718870.0,481718934.667,65,1,False,481718870.0,481718934.667,65,1
1138e94a205a683256cf,-4113511818,A,training,Cond1,456,False,264,False,481634432.667,481634499.333,68,1,False,481634432.667,481634499.333,68,1,False,481634432.667,481634499.333,68,1
deb8c56a8a065bc563f4,-4113511818,B,training,Cond2,456,False,277,False,481697630.667,481697696.333,67,1,False,481697630.667,481697696.333,67,1,False,481697631.333,481697696.333,66,1
369c1a3e76aa298f75dd,-4113511814,A,training,Cond1,456,False,267,False,481645428.0,481645493.667,67,1,False,481645428.0,481645493.667,67,1,False,481645428.0,481645493.667,67,1
bbab691563db880b1976,-4113511814,B,training,Cond2,456,False,277,False,481695489.333,481695556.333,68,1,False,481695489.333,481695556.333,68,1,False,481695489.333,481695556.333,68,1
cf79490e0df97330ab40,-4113511808,A,training,Cond1,456,False,274,False,481677337.333,481677404.0,68,1,False,481677337.333,481677404.0,68,1,False,481677337.333,481677404.0,68,1
db52fd4d3e5abf26f054,-4113511808,B,training,Cond2,456,False,280,False,481708162.333,481708228.333,67,1,False,481708162.333,481708228.333,67,1,False,481708163.333,481708228.333,66,1
c9df686eb8d8acd2012e,-4113511804,B,training,Cond2,456,False,285,False,481733274.333,481733343.333,70,1,False,481733274.333,481733343.333,70,1,False,481733275.333,481733343.333,69,1
71bb64b6261727ce389a,-4113511800,B,training,Cond2,456,False,290,False,481756123.333,481756188.333,66,1,False,481756123.333,481756188.333,66,1,False,481756123.333,481756188.333,66,1
832e2588b27dc2e612fc,-4113511796,A,training,Cond1,456,False,269,False,481662598.667,481662664.667,67,1,False,481662598.667,481662664.667,67,1,False,481662598.667,481662664.667,67,1
7d57d322a34aef2fef83,-4113511796,B,training,Cond2,456,False,283,False,481718662.333,481718730.333,79,1,False,481718662.333,481718730.333,79,1,False,481718664.0,481718730.333,78,1
50aa94e96643de7fceb8,-4113511792,A,training,Cond1,456,False,272,False,481671168.0,481671234.667,68,1,False,481671168.0,481671234.667,68,1,False,481671168.0,481671234.667,68,1
04322e7ae01b4680d35d,-4113511792,B,training,Cond2,456,False,278,False,481700368.333,481700434.333,67,1,False,481700368.333,481700434.333,67,1,False,481700368.333,481700434.333,67,1
9e55e27c51b3f1468e8b,-4113511784,B,training,Cond2,456,False,283,False,481718455.333,481718523.333,68,1,False,481718456.0,481718523.333,67,1,False,481718456.0,481718523.333,67,1
7bc16dc775f95f5d944e,-4113511780,A,training,Cond1,456,False,264,False,481634636.333,481634703.667,68,1,False,481634636.333,481634703.667,68,1,False,481634637.667,481634703.667,67,1
b3721b210ceb79b9df6d,-4113511764,B,training,Cond2,456,False,286,False,481737244.333,481737309.667,66,1,False,481737244.333,481737309.667,66,1,False,481737244.333,481737309.667,66,1
0678b9ab06824fc69616,-4113511756,A,training,Cond1,456,False,275,False,481681046.0,481681112.0,67,1,False,481681046.0,481681112.0,67,1,False,481681046.0,481681112.0,67,1
26fdf7a5d5011647b6ef,-4113511756,B,training,Cond2,456,False,284,False,481721459.667,481721524.667,66,1,False,481721459.667,481721524.667,66,1,False,481721459.667,481721524.667,66,1
6420ef7bdddd242ad55b,-4113511752,A,training,Cond1,456,False,275,False,481680253.0,481680320.0,68,1,False,481680253.0,481680320.0,68,1,False,481680253.0,481680320.0,68,1
6bef49db4e5a38a0503c,-4113511752,B,training,Cond2,456,False,286,False,481737035.333,481737100.333,66,1,False,481737035.333,481737100.333,66,1,False,481737036.333,481737100.333,65,1
7920a0d1b98d1a5a5ca0,-4113511748,A,training,Cond1,456,False,275,False,481680651.333,481680719.0,68,1,False,481680651.333,481680719.0,68,1,False,481680651.333,481680719.0,68,1
5cfa9f94fcf3ede8b23c,-4113511748,B,training,Cond2,456,False,285,False,481733074.667,481733094.333,26,1,False,481733074.667,481733094.333,26,1,False,481733074.667,481733094.333,26,1
a2fab8de1d0ed8453a2e,-4111512062,A,training,Cond1,456,False,365,False,482361286.0,482361352.667,67,1,False,482361286.0,482361352.667,67,1,False,482361286.0,482361352.667,67,1
c6913b39a81fd7ac4495,-4111512058,A,training,Cond1,456,False,367,False,482369291.0,482369357.667,68,1,False,482369291.0,482369357.667,68,1,False,482369291.0,482369357.667,68,1
0143f6c3d6640aaa957b,-4111512058,B,training,Cond2,456,False,378,False,482422126.333,482422192.333,67,1,False,482422126.333,482422192.333,67,1,False,482422126.333,482422192.333,67,1
3ae3d41b2dc600ea6397,-4111512050,A,training,Cond1,456,False,369,False,482375816.0,482375883.0,68,1,False,482375816.0,482375883.0,68,1,False,482375816.0,482375883.0,68,1
b2b7fb62f8bd2bdb8af6,-4111512046,B,training,Cond2,456,False,387,False,482471969.333,482472036.333,68,1,False,482471970.0,482472036.333,67,1,False,482471970.0,482472036.333,67,1
ca22bd9c693d68fbfc84,-4111511824,A,training,Cond1,456,False,277,False,481697226.667,481697293.333,68,1,False,481697227.667,481697293.333,67,1,False,481697227.667,481697293.333,67,1
93659f4971aae77e7cd5,-4111511824,B,training,Cond2,456,False,287,False,481741672.333,481741740.333,69,1,False,481741673.333,481741740.333,68,1,False,481741673.333,481741740.333,68,1
000b67a33cdcbc155900,-4111511820,A,training,Cond1,456,False,275,False,481680849.0,481680916.333,68,1,False,481680849.0,481680916.333,68,1,False,481680849.0,481680916.333,68,1
58336438c8353884b0b8,-4111511820,B,training,Cond2,456,False,286,False,481736405.0,481736472.333,73,1,False,481736405.0,481736472.333,73,1,False,481736405.0,481736472.333,73,1
7c48a414ed1eaa23d6f0,-4111511816,A,training,Cond1,456,False,342,False,482180507.0,482180576.0,70,1,False,482180507.0,482180576.0,70,1,False,482180507.0,482180576.0,70,1
3821aac0f62bfaea784c,-4111511812,B,training,Cond2,456,False,349,False,482283232.0,482283261.0,30,1,False,482283232.0,482283261.0,30,1,False,482283232.0,482283261.0,30,1
0da647c8d6f4bd982136,-4045511868,B,training,Cond2,456,False,648,False,484873164.333,484873235.0,72,1,False,484873164.333,484873235.0,72,1,False,484873164.333,484873235.0,72,1
9f901e12f57b2b0c8c22,-4045511848,B,training,Cond2,456,False,651,False,484883475.333,484883543.333,69,1,False,484883476.333,484883543.333,68,1,False,484883476.333,484883543.333,68,1
8146113cc7cd6c341483,-4045511836,B,training,Cond2,456,False,646,False,484863509.333,484863577.333,69,1,False,484863509.333,484863577.333,69,1,False,484863509.333,484863577.333,69,1
2a2939c71a2c18a9260d,-4045511832,B,training,Cond2,456,False,651,False,484882798.333,484882868.0,70,1,False,484882798.333,484882868.0,70,1,False,484882798.667,484882868.0,69,1
21cbb1a006dc7e34f5f8,-4045511828,A,training,Cond1,456,False,646,False,484862740.0,484862810.0,71,1,False,484862740.0,484862810.0,71,1,False,484862741.333,484862810.0,70,1
706895e70a25b52a0444,-4045511824,B,training,Cond2,456,False,648,False,484873362.333,484873429.667,74,1,False,484873362.333,484873429.667,74,1,False,484873362.333,484873429.667,74,1
2ec6700e2224a3e08867,-4045511820,B,training,Cond2,456,False,643,False,484845489.0,484845558.0,70,1,False,484845489.0,484845558.0,70,1,False,484845490.333,484845558.0,69,1
26c63f3c5839c506aaf9,-4045511816,B,training,Cond2,456,False,646,False,484863120.0,484863190.0,71,1,False,484863120.0,484863190.0,71,1,False,484863120.0,484863190.0,71,1
05f124c55ed02953adb0,-4045511812,A,training,Cond1,456,False,646,False,484862550.333,484862617.333,68,1,False,484862550.333,484862617.333,68,1,False,484862550.333,484862617.333,68,1
68ed55601175ead8ca28,-4043511808,A,training,Cond1,456,False,640,False,484829494.0,484829563.0,70,1,False,484829495.333,484829563.0,69,1,False,484829495.333,484829563.0,69,1
253cddb18ef60ff680ab,-4043511808,B,training,Cond2,456,False,655,False,484900456.0,484900525.333,70,1,False,484900456.0,484900525.333,70,1,False,484900457.333,484900525.333,69,1
89829271993d2ffe71f1,-4043511796,A,training,Cond1,456,False,639,False,484816504.333,484816572.333,69,1,False,484816504.333,484816572.333,69,1,False,484816504.333,484816572.333,69,1
0503fa7532d16231373b,-4043511796,B,training,Cond2,456,False,651,True,484883279.333,484883448.333,170,1,True,484883279.333,484883448.333,170,1,True,484883279.333,484883448.333,170,1
374b5b24a1888b4bb2ba,-4043511570,A,training,Cond1,456,False,648,False,484875143.0,484875213.333,73,1,False,484875143.333,484875213.333,72,1,False,484875143.667,484875213.333,71,1
5da523d6eed7bd968a1b,-4041511872,A,training,Cond1,456,False,791,False,485693341.0,485693407.0,67,1,False,485693341.0,485693407.0,67,1,False,485693341.0,485693407.0,67,1
c0007d8b42cdf1c37c39,-4041511860,A,training,Cond1,456,False,791,False,485693902.0,485693967.0,66,1,False,485693902.0,485693967.0,66,1,False,485693902.0,485693967.0,66,1
5ca7ec914f5ccf7979fd,-4041511852,A,training,Cond1,456,False,793,False,485718767.0,485718832.0,66,1,False,485718768.0,485718832.0,65,1,False,485718768.0,485718832.0,65,1
c5a68946811d7daf9335,-4039511800,A,training,Cond1,456,False,798,False,485745858.0,485745925.0,68,1,False,485745858.0,485745925.0,68,1,False,485745858.0,485745925.0,68,1
8b1c29a1423d15e26b2e,-4039511788,A,training,Cond1,456,False,795,False,485724021.333,485724086.667,66,1,False,485724021.333,485724086.667,66,1,False,485724021.333,485724086.667,66,1
cc330b21069ce233a312,-4039511784,A,training,Cond1,456,False,798,False,485746230.0,485746295.0,66,1,False,485746230.0,485746295.0,66,1,False,485746230.0,485746295.0,66,1
7ce8c69a06539826cedc,-4039511784,B,training,Cond2,456,False,890,False,486389146.667,486389212.667,67,1,False,486389146.667,486389212.667,67,1,False,486389146.667,486389212.667,67,1
28441326f94ba0a5b14f,-4039511578,B,training,Cond2,456,False,953,False,486870685.0,486870753.0,69,1,False,486870685.0,486870753.0,69,1,False,486870685.0,486870753.0,69,1
23bf2526d9298b1c59e7,-4039511574,A,training,Cond1,456,False,798,False,485745669.0,485745734.0,66,1,False,485745669.0,485745734.0,66,1,False,485745669.0,485745734.0,66,1
58ffb03108305a9609fa,-4039511574,B,training,Cond2,456,False,892,False,486395175.0,486395239.0,65,1,False,486395175.0,486395239.0,65,1,False,486395175.0,486395239.0,65,1
babfa55828fc20dc9a60,-4039511566,A,training,Cond1,456,False,794,False,485721334.0,485721399.0,66,1,False,485721334.0,485721399.0,66,1,False,485721334.0,485721399.0,66,1
86d5fb96aabf970f84f3,-4039511558,A,training,Cond1,456,False,794,False,485721146.0,485721212.0,67,1,False,485721146.0,485721212.0,67,1,False,485721146.0,485721212.0,67,1
bb0dd7a5912b106f987f,-4039511554,A,training,Cond1,456,False,795,False,485723834.667,485723900.333,69,1,False,485723834.667,485723900.333,69,1,False,485723834.667,485723900.333,69,1
90790fce1d048e5472c9,-4039511554,B,training,Cond2,456,False,801,False,485798828.0,485798894.0,67,1,False,485798828.0,485798894.0,67,1,False,485798829.0,485798894.0,66,1
12b597cb0c726a3151e4,-4037511872,B,training,Cond2,456,False,682,False,485078445.0,485078511.0,67,1,False,485078445.0,485078511.0,67,1,False,485078445.0,485078511.0,67,1
e6814c480c262ef4b149,-4037511840,B,training,Cond2,456,False,697,False,485162355.333,485162424.0,70,1,False,485162356.0,485162424.0,69,1,False,485162356.0,485162424.0,69,1
12376da318fc06697eaa,-4037511836,B,training,Cond2,456,False,694,False,485148115.667,485148185.667,71,1,False,485148115.667,485148185.667,71,1,False,485148115.667,485148185.667,71,1
0c07aa5e9cdfb3c334b8,-4037511832,A,training,Cond1,456,False,676,False,485029635.333,485029711.333,77,1,False,485029635.333,485029711.333,77,1,False,485029635.333,485029711.333,77,1
81fe0c021f32a434b9a2,-4037511828,A,training,Cond1,456,False,684,False,485085839.0,485085886.0,47,1,False,485085839.0,485085886.0,47,1,False,485085839.0,485085886.0,47,1
7efca8681389d862ae84,-4037511816,A,training,Cond1,456,False,683,False,485084236.0,485084302.0,68,1,False,485084236.0,485084302.0,68,1,False,485084236.0,485084302.0,68,1
1a7d2cb72ceefb8f4398,-4037511812,A,training,Cond1,456,False,683,False,485084424.0,485084494.0,71,1,False,485084424.0,485084494.0,71,1,False,485084425.0,485084494.0,70,1
4837b9efea270085a8f4,-4035511792,B,training,Cond2,456,False,697,False,485161767.333,485161834.0,68,1,False,485161767.333,485161834.0,68,1,False,485161767.333,485161834.0,68,1
475314340343ca883cb9,-4035511780,B,training,Cond2,456,False,692,False,485136757.0,485136823.0,67,1,False,485136757.0,485136823.0,67,1,False,485136757.0,485136823.0,67,1
dc119c1c6de18a03a03e,-4035511598,B,training,Cond2,456,False,721,False,485298277.333,485298343.333,67,1,False,485298277.333,485298343.333,67,1,False,485298277.333,485298343.333,67,1
54533ac338be7d35ddf3,-4035511582,B,training,Cond2,456,False,717,False,485274031.0,485274097.333,66,1,False,485274031.0,485274097.333,66,1,False,485274031.0,485274097.333,66,1
9517186334baf4aa0d6f,-4035511578,B,training,Cond2,456,False,721,False,485298464.667,485298533.333,71,1,False,485298464.667,485298533.333,71,1,False,485298464.667,485298533.333,71,1
73c0ed135fd00f62694b,-4035511574,B,training,Cond2,456,False,717,False,485274220.333,485274239.333,20,1,False,485274220.333,485274239.333,20,1,False,485274220.333,485274239.333,20,1
4d1e0dd96d0ef2d87b7c,-4035511570,B,training,Cond2,456,False,728,False,485339181.0,485339246.333,68,1,False,485339181.0,485339246.333,68,1,False,485339181.0,485339246.333,68,1
af193fd79a005e307209,-4035511562,B,training,Cond2,456,False,689,False,485120705.667,485120770.667,66,1,False,485120705.667,485120770.667,66,1,False,485120705.667,485120770.667,66,1
1faeb8d5019424019d00,-4033511582,A,training,Cond1,456,False,711,False,485244409.667,485244477.0,70,1,False,485244409.667,485244477.0,70,1,False,485244409.667,485244477.0,70,1
c60664bff5cf03638a1a,-4033511570,B,training,Cond2,456,False,728,False,485339377.333,485339445.333,69,1,False,485339378.333,485339445.333,68,1,False,485339378.333,485339445.333,68,1
a22e27c8cc4bbc06187e,-4033511552,B,training,Cond2,456,False,736,False,485387324.0,485387393.0,70,1,False,485387324.0,485387393.0,70,1,False,485387324.0,485387393.0,70,1
d782c1b11aa1fd1e9bc7,-4033511548,B,training,Cond2,456,False,742,False,485422403.333,485422472.333,70,1,False,485422403.333,485422472.333,70,1,False,485422404.333,485422472.333,69,1
bfde7a3881670be78abe,-4033511544,B,training,Cond2,456,False,737,False,485400650.0,485400718.0,69,1,False,485400650.0,485400718.0,69,1,False,485400650.0,485400718.0,69,1
05a226eff6cb87a3dad6,-4033511540,B,training,Cond2,456,False,719,False,485292575.667,485292640.333,67,1,False,485292575.667,485292640.333,67,1,False,485292575.667,485292640.333,67,1
a4addb65a3198aeff1ac,-4033511524,A,training,Cond1,456,False,744,False,485434737.333,485434805.0,84,1,False,485434737.333,485434805.0,84,1,False,485434737.333,485434805.0,84,1
d4ed41e9d84ffaf012fb,-4027511790,A,training,Cond1,456,False,437,False,482797316.667,482797347.333,32,1,False,482797316.667,482797347.333,32,1,False,482797316.667,482797347.333,32,1
b7ab57727c4e04de1fa6,-4027511790,B,training,Cond2,456,False,443,False,482839168.0,482839234.333,67,1,False,482839168.0,482839234.333,67,1,False,482839168.0,482839234.333,67,1
cb7d70d527803bacff76,-4027511786,A,training,Cond1,456,False,434,False,482773720.0,482773786.0,67,1,False,482773720.0,482773786.0,67,1,False,482773720.0,482773786.0,67,1
599ce715621c32aa706d,-4027511786,B,training,Cond2,456,False,441,False,482815644.667,482815712.0,70,1,False,482815645.0,482815712.0,69,1,False,482815645.0,482815712.0,69,1
4cab8fdcda64caf7d2d1,-4027511782,A,training,Cond1,456,False,438,False,482799096.667,482799162.333,67,1,False,482799096.667,482799162.333,67,1,False,482799100.0,482799162.333,66,1
15fc6fd2771a83af4570,-4027511782,B,training,Cond2,456,False,443,False,482838960.333,482839026.667,67,1,False,482838960.333,482839026.667,67,1,False,482838960.333,482839026.667,67,1
b50fb135e6a483789bbe,-4027511762,A,training,Cond1,456,False,458,False,483073059.333,483073125.0,67,1,False,483073059.333,483073125.0,67,1,False,483073059.333,483073125.0,67,1
1514938f41dfe7fec825,-4027511750,B,training,Cond2,456,False,463,False,483102612.333,483102677.667,66,1,False,483102612.333,483102677.667,66,1,False,483102612.333,483102677.667,66,1
063019c2ea741f6bb697,-4027511568,A,training,Cond1,456,False,434,False,482773525.0,482773583.0,59,1,False,482773525.0,482773583.0,59,1,False,482773525.0,482773583.0,59,1
ed3de9488562bcd71b6d,-4027511568,B,training,Cond2,456,False,441,False,482815438.667,482815505.0,67,1,False,482815438.667,482815505.0,67,1,False,482815438.667,482815505.0,67,1
870c67d2afd6fb47ba00,-4027511564,A,training,Cond1,456,False,438,False,482798904.333,482798980.333,77,1,False,482798904.333,482798980.333,77,1,False,482798904.333,482798980.333,77,1
e7c4fe7f655a8be7b39e,-4027511564,B,training,Cond2,456,False,444,False,482844806.667,482844871.667,66,1,False,482844806.667,482844871.667,66,1,False,482844806.667,482844871.667,66,1
ac0381b264de3c71c4e7,-4027511560,B,training,Cond2,456,False,445,False,482928377.333,482928441.667,65,1,False,482928377.333,482928441.667,65,1,False,482928377.333,482928441.667,65,1
99694582627db5eac6f7,-4027511556,A,training,Cond1,456,False,466,False,483137106.667,483137172.667,67,1,False,483137106.667,483137172.667,67,1,False,483137106.667,483137172.667,67,1
6fa26aeab9cc01ae07df,-4025511554,A,training,Cond1,456,False,454,False,483055595.333,483055664.333,70,1,False,483055595.333,483055664.333,70,1,False,483055595.333,483055664.333,70,1
a31689b13316de1a985b,-4025511552,B,training,Cond2,456,False,464,False,483105744.0,483105810.333,67,1,False,483105744.0,483105810.333,67,1,False,483105744.0,483105810.333,67,1
dc334101fcbf3d2d1b5a,-4025511548,A,training,Cond1,456,False,456,False,483068850.0,483068915.333,66,1,False,483068850.0,483068915.333,66,1,False,483068850.0,483068915.333,66,1
9e679115c465cbbb98f9,-4025511536,B,training,Cond2,456,False,464,False,483105530.0,483105596.0,67,1,False,483105530.0,483105596.0,67,1,False,483105530.0,483105596.0,67,1
761cad9cb82bfb552973,-4025511496,A,training,Cond1,456,False,472,False,483212854.333,483212922.0,69,1,False,483212854.333,483212922.0,69,1,False,483212855.0,483212922.0,68,1
1087736cea46dd4723d7,-4023511802,A,training,Cond1,456,False,508,False,483639478.333,483639544.333,67,1,False,483639478.333,483639544.333,67,1,False,483639478.333,483639544.333,67,1
54b1114fef6f8f6697ef,-4023511802,B,training,Cond2,456,False,519,False,483816464.333,483816531.333,68,1,False,483816464.333,483816531.333,68,1,False,483816464.333,483816531.333,68,1
f28190f965130285e5fc,-4023511798,A,training,Cond1,456,False,473,False,483225391.333,483225419.0,29,1,False,483225392.333,483225419.0,28,1,False,483225392.333,483225419.0,28,1
b4d279d0a302676bfbdc,-4023511798,B,training,Cond2,456,False,479,False,483263487.667,483263551.333,67,1,False,483263487.667,483263551.333,67,1,False,483263487.667,483263551.333,67,1
096ecd48968b85e4dc53,-4023511794,A,training,Cond1,456,False,510,False,483644785.333,483644850.667,66,1,False,483644785.333,483644850.667,66,1,False,483644785.333,483644850.667,66,1
3b3f3f05e2ae3ab6a08f,-4023511746,A,training,Cond1,456,False,474,False,483237124.667,483237191.667,68,1,False,483237124.667,483237191.667,68,1,False,483237125.667,483237191.667,67,1
8da0440b12cf38c26e8e,-4023511746,B,training,Cond2,456,False,480,False,483274625.333,483274691.667,68,1,False,483274625.667,483274691.667,67,1,False,483274626.667,483274691.667,66,1
ecd33beacec4f14b5aae,-4023511604,B,training,Cond2,456,False,479,False,483263279.333,483263346.333,68,1,False,483263279.333,483263346.333,68,1,False,483263279.333,483263346.333,68,1
e933735624380a9213c7,-4023511592,A,training,Cond1,456,False,474,False,483236929.667,483236994.333,66,1,False,483236929.667,483236994.333,66,1,False,483236929.667,483236994.333,66,1
7dfdfeb7f36e1e44e92b,-4023511592,B,training,Cond2,456,False,480,False,483274832.0,483274897.667,67,1,False,483274832.0,483274897.667,67,1,False,483274832.0,483274897.667,67,1
ad8fd931ae392d099a62,-4021511614,B,training,Cond2,456,False,522,False,483831289.333,483831355.333,67,1,False,483831289.333,483831355.333,67,1,False,483831290.667,483831355.333,66,1
f19f88377bd0d8b884e1,-4021511602,A,training,Cond1,456,False,516,False,483788326.0,483788392.0,67,1,False,483788326.0,483788392.0,67,1,False,483788326.0,483788392.0,67,1
e9e1d21267a96c705e79,-4021511544,B,training,Cond2,456,False,543,False,484006443.0,484006510.0,68,1,False,484006443.0,484006510.0,68,1,False,484006443.0,484006510.0,68,1
0e9036b3ff0c9055aa30,-4021511536,B,training,Cond2,456,False,528,True,483908224.333,483908528.333,305,1,True,483908224.333,483908528.333,305,1,True,483908224.333,483908528.333,305,1
bd7ff0affdbf0b2b120c,-4021511500,B,training,Cond2,456,False,525,False,483846520.333,483846587.0,68,1,False,483846521.0,483846587.0,67,1,False,483846521.0,483846587.0,67,1
88d21a3ba36bc8b4514f,-4021511496,B,training,Cond2,456,False,527,False,483906878.667,483906936.667,59,1,False,483906878.667,483906936.667,59,1,False,483906878.667,483906936.667,59,1
5882794b7178766bee0a,-4019511806,A,training,Cond1,456,False,530,False,483924967.333,483925033.0,67,1,False,483924967.333,483925033.0,67,1,False,483924967.333,483925033.0,67,1
97f9c228599e29ab12d8,-4019511794,A,training,Cond1,456,False,529,False,483919759.333,483919825.667,67,1,False,483919759.333,483919825.667,67,1,False,483919759.333,483919825.667,67,1
3225fbe683f80629efd5,-4019511774,A,training,Cond1,456,False,536,False,483955286.667,483955354.667,69,1,False,483955286.667,483955354.667,69,1,False,483955286.667,483955354.667,69,1
9d612778fac72ebccef2,-4019511774,B,training,Cond2,456,False,545,False,484013086.333,484013155.333,70,1,False,484013086.333,484013155.333,70,1,False,484013088.333,484013155.333,69,1
a7847fa3bbe78a841929,-4019511770,A,training,Cond1,456,False,530,False,483925357.0,483925425.0,69,1,False,483925357.0,483925425.0,69,1,False,483925357.0,483925425.0,69,1
07f829e49f3308e6a223,-4019511766,B,training,Cond2,456,False,539,False,483966584.333,483966653.333,70,1,False,483966584.333,483966653.333,70,1,False,483966584.333,483966653.333,70,1
6ea75e8be0c5e05fade9,-4019511758,B,training,Cond2,456,False,539,False,483964698.667,483964767.333,80,1,False,483964698.667,483964767.333,80,1,False,483964698.667,483964767.333,80,1
014746cf9bda1cedc2ba,-4019511616,B,training,Cond2,456,False,545,False,484013282.667,484013350.333,69,1,False,484013282.667,484013350.333,69,1,False,484013282.667,484013350.333,69,1
3cb9401b01865f958ecf,-4017511586,B,training,Cond2,456,False,536,False,483955696.333,483955763.667,69,1,False,483955696.333,483955763.667,69,1,False,483955696.333,483955763.667,69,1
bcfaabd8932f6a41a5d1,-4017511504,A,training,Cond1,456,False,530,False,483925164.0,483925233.0,70,1,False,483925164.0,483925233.0,70,1,False,483925164.0,483925233.0,70,1
0044f341f2ed7a7e2879,-4017511492,B,training,Cond2,456,False,536,False,483955486.667,483955555.667,70,1,False,483955486.667,483955555.667,70,1,False,483955486.667,483955555.667,70,1
124dc5cc0f23e1f19fb7,-3784722864,A,training,Cond1,456,False,388,False,482480567.0,482480633.0,67,1,False,482480567.0,482480633.0,67,1,False,482480568.0,482480633.0,66,1
c92be69667b985bd01a3,-3784722786,A,training,Cond1,456,False,437,False,482796517.333,482796564.0,43,1,False,482796517.333,482796564.0,43,1,False,482796517.333,482796564.0,43,1
ec9f5dc21a7414613994,-3784722774,A,training,Cond1,456,False,403,False,482594973.333,482595038.667,66,1,False,482594973.333,482595038.667,66,1,False,482594973.333,482595038.667,66,1
c03189170f34e5b9f9fe,-3784722774,B,training,Cond2,456,False,417,False,482678618.667,482678683.667,66,1,False,482678618.667,482678683.667,66,1,False,482678618.667,482678683.667,66,1
3bc0793f806ef1d1a2ba,-3784722770,A,training,Cond1,456,False,405,False,482622599.0,482622674.0,76,1,False,482622599.0,482622674.0,76,1,False,482622599.0,482622674.0,76,1
e131cc41ea8524d1629f,-3784722766,A,training,Cond1,456,False,401,False,482573992.667,482574058.0,68,1,False,482573992.667,482574058.0,68,1,False,482573992.667,482574058.0,68,1
eddaa4877bce3c885aaf,-3784722762,A,training,Cond1,456,False,405,False,482622980.667,482623045.667,68,1,False,482622980.667,482623045.667,68,1,False,482622980.667,482623045.667,68,1
57171f7dd4f88ce8040e,-3784722754,B,training,Cond2,456,False,390,False,482494683.0,482494751.333,71,1,False,482494683.0,482494751.333,71,1,False,482494683.0,482494751.333,71,1
e0f86edd1308ffb68e05,-3780722750,B,training,Cond2,456,False,955,False,486876006.333,486876074.333,69,1,False,486876006.333,486876074.333,69,1,False,486876006.333,486876074.333,69,1
e81b53ce8f9871fa6fee,-3780722726,B,training,Cond2,456,False,955,False,486875814.0,486875880.333,66,1,False,486875814.0,486875880.333,66,1,False,486875814.0,486875880.333,66,1
41f9196246973f9d4299,-3780722722,B,training,Cond2,456,False,962,True,486921314.333,486921496.0,192,1,True,486921314.333,486921496.0,192,1,True,486921314.333,486921496.0,192,1
5acf79ea39c99dfce54b,-3780722694,A,training,Cond1,456,False,987,False,487082133.0,487082197.333,66,1,False,487082133.0,487082197.333,66,1,False,487082133.0,487082197.333,66,1
62e38bba327a1002cd87,-3287299576,B,training,Cond2,456,False,625,False,484659657.667,484659728.667,72,1,False,484659658.333,484659728.667,71,1,False,484659658.333,484659728.667,71,1
bcc7abe9fff3d5a894bb,-2701400552,B,training,Cond2,456,False,411,False,482652270.333,482652337.333,68,1,False,482652270.333,482652337.333,68,1,False,482652270.333,482652337.333,68,1
042ee4d01f5cb8a343df,-2701400532,A,training,Cond1,456,False,328,False,482011575.667,482011642.333,66,1,False,482011575.667,482011642.333,66,1,False,482011575.667,482011642.333,66,1
33884e368b875d80a794,-2699400364,A,training,Cond1,456,False,405,False,482621826.0,482621891.0,66,1,False,482621826.0,482621891.0,66,1,False,482621826.0,482621891.0,66,1
3c583539dd8cf89e7ad1,-2699400364,B,training,Cond2,456,False,413,False,482657013.667,482657079.333,67,1,False,482657013.667,482657079.333,67,1,False,482657013.667,482657079.333,67,1
6f63a985cbc0816bda9b,-2699400356,B,training,Cond2,456,False,429,False,482742061.667,482742096.667,36,1,False,482742061.667,482742096.667,36,1,False,482742061.667,482742096.667,36,1
0cc7df66f21a215c275f,-2697400536,B,training,Cond2,456,False,265,False,481635955.0,481636020.333,70,1,False,481635955.333,481636020.333,69,1,False,481635955.333,481636020.333,69,1
157cfe1a8fbfae31fc89,-2697400532,B,training,Cond2,456,False,271,False,481667113.333,481667179.667,67,1,False,481667113.333,481667179.667,67,1,False,481667113.333,481667179.667,67,1
9dfe5d75505663eef90a,-2579249818,B,training,Cond2,456,False,347,False,482266937.0,482267005.0,69,1,False,482266937.0,482267005.0,69,1,False,482266937.0,482267005.0,69,1
a3a20e4e223549957616,-2579249814,A,training,Cond1,456,False,332,False,482128820.333,482128887.333,68,1,False,482128820.333,482128887.333,68,1,False,482128820.333,482128887.333,68,1
8ce4020f4a25c84df3f0,-2579249810,A,training,Cond1,456,False,342,False,482180701.0,482180770.0,70,1,False,482180701.0,482180770.0,70,1,False,482180701.0,482180770.0,70,1
bc5d24f5f8e462645a33,-2579249784,A,training,Cond1,456,False,342,False,482180313.0,482180382.0,70,1,False,482180313.0,482180382.0,70,1,False,482180313.0,482180382.0,70,1
5c871ee84ce9e11a614a,-2579249780,B,training,Cond2,456,False,345,False,482205842.667,482205912.333,71,1,False,482205843.667,482205912.333,70,1,False,482205843.667,482205912.333,70,1
8a7324bf3433c863fa32,-2569250042,B,training,Cond2,456,False,768,False,485568131.333,485568177.333,47,1,False,485568131.333,485568177.333,47,1,False,485568131.333,485568177.333,47,1
8d0f0bb85b35026cf2ba,-2569250038,A,training,Cond1,456,False,759,False,485527334.667,485527402.0,73,1,False,485527334.667,485527402.0,73,1,False,485527334.667,485527402.0,73,1
c587585e8be44e59b889,-2569250030,A,training,Cond1,456,False,759,False,485527148.667,485527215.0,67,1,False,485527148.667,485527215.0,67,1,False,485527148.667,485527215.0,67,1
d9095efa1c23a6db0020,-2569250026,B,training,Cond2,456,False,764,True,485556115.333,485556289.667,174,1,True,485556115.333,485556289.667,174,1,True,485556115.333,485556289.667,174,1
28ae9cb23f6947abc886,-2569250022,B,training,Cond2,456,False,766,False,485562150.333,485562220.333,71,1,False,485562150.333,485562220.333,71,1,False,485562150.333,485562220.333,71,1
76a84111773e6ae8a19a,-2569250018,B,training,Cond2,456,False,766,False,485562542.333,485562611.333,70,1,False,485562542.333,485562611.333,70,1,False,485562542.333,485562611.333,70,1
eb2a20bc9753cf4dc868,-2569249820,A,training,Cond1,456,False,766,False,485564142.333,485564212.333,71,1,False,485564143.333,485564212.333,70,1,False,485564143.333,485564212.333,70,1
40e0ccfcfe2797c0ed6c,-2569249804,B,training,Cond2,456,False,766,False,485561759.333,485561824.333,66,1,False,485561759.333,485561824.333,66,1,False,485561759.333,485561824.333,66,1
d51d18f65021ac8ddfcc,-2569249800,A,training,Cond1,456,False,758,False,485523145.0,485523214.0,70,1,False,485523145.0,485523214.0,70,1,False,485523145.0,485523214.0,70,1
8d7a8913b04ebbfa3dfa,-2567249850,B,training,Cond2,456,False,716,False,485265042.0,485265109.0,68,1,False,485265042.0,485265109.0,68,1,False,485265042.0,485265109.0,68,1
41e97eb8601e080f5b62,-2567249846,B,training,Cond2,456,False,727,False,485337429.333,485337495.333,67,1,False,485337429.333,485337495.333,67,1,False,485337429.333,485337495.333,67,1
a3323871584eff7a0c4b,-2567249826,B,training,Cond2,456,False,727,False,485336515.333,485336585.333,71,1,False,485336515.333,485336585.333,71,1,False,485336515.333,485336585.333,71,1
eb1f457ee6ac6a7ee0a6,-2567249792,A,training,Cond1,456,False,764,False,485556894.333,485556965.0,68,1,False,485556894.333,485556965.0,68,1,False,485556895.333,485556965.0,67,1
5e1b34f088ee4b88c2ad,-2567249792,B,training,Cond2,456,False,777,False,485597050.667,485597072.333,23,1,False,485597050.667,485597072.333,23,1,False,485597050.667,485597072.333,23,1
add06e60e9601d62efc7,-2567249788,A,training,Cond1,456,False,764,False,485557085.333,485557155.333,71,1,False,485557085.333,485557155.333,71,1,False,485557085.333,485557155.333,71,1
235f388d72bc73da3341,-2567249788,B,training,Cond2,456,False,776,False,485595652.667,485595719.667,68,1,False,485595652.667,485595719.667,68,1,False,485595652.667,485595719.667,68,1
17dd86ebb31c1048986c,-2567249764,A,training,Cond1,456,False,758,False,485523903.0,485523972.0,70,1,False,485523904.0,485523972.0,69,1,False,485523904.0,485523972.0,69,1
44e2cd3277e195e96424,-2567249764,B,training,Cond2,456,False,766,False,485561955.333,485562024.333,70,1,False,485561955.333,485562024.333,70,1,False,485561955.333,485562024.333,70,1
cb4effffcf59da0509d3,-2567249760,B,training,Cond2,456,False,727,False,485336909.333,485336978.333,70,1,False,485336910.333,485336978.333,69,1,False,485336910.333,485336978.333,69,1
5b11336807af53fc300f,-2567249756,A,training,Cond1,456,False,711,False,485243626.0,485243691.0,66,1,False,485243626.0,485243691.0,66,1,False,485243626.0,485243691.0,66,1
7e5c1456ff5eab8655cd,-2567249752,A,training,Cond1,456,False,714,False,485256769.0,485256837.667,70,1,False,485256769.0,485256837.667,70,1,False,485256769.0,485256837.667,70,1
96b07a1935b0c2ab28f0,-2567249752,B,training,Cond2,456,False,718,False,485290933.333,485291000.333,68,1,False,485290933.333,485291000.333,68,1,False,485290933.333,485291000.333,68,1
c59f452bc87c634cb699,-2567249744,A,training,Cond1,456,False,758,False,485523333.667,485523403.667,73,1,False,485523334.333,485523403.667,72,1,False,485523334.667,485523403.667,71,1
ffd0f81d1449f3f54c1a,-2567249744,B,training,Cond2,456,False,766,False,485562346.333,485562414.333,69,1,False,485562346.333,485562414.333,69,1,False,485562346.333,485562414.333,69,1
fe05353d1263d641eab3,-2567249740,B,training,Cond2,456,False,763,False,485553180.333,485553249.333,70,1,False,485553180.333,485553249.333,70,1,False,485553180.333,485553249.333,70,1
8176c599c196cb23b492,-2567249732,B,training,Cond2,456,False,718,False,485291128.333,485291197.333,70,1,False,485291128.333,485291197.333,70,1,False,485291128.333,485291197.333,70,1
fdb9bbcb9220e0152d86,-2565250046,B,training,Cond2,456,False,426,False,482727606.0,482727670.0,67,1,False,482727606.0,482727670.0,67,1,False,482727606.0,482727670.0,67,1
a396474fb12cae977057,-2565250042,B,training,Cond2,456,False,440,False,482804875.333,482804941.0,69,1,False,482804875.333,482804941.0,69,1,False,482804875.333,482804941.0,69,1
14657625535d82293292,-2565250002,B,training,Cond2,456,False,428,False,482731314.0,482731381.333,57,1,False,482731314.0,482731381.333,57,1,False,482731314.0,482731381.333,57,1
56285e30920f24603915,-2565249998,A,training,Cond1,456,False,416,False,482675988.667,482676055.333,68,1,False,482675988.667,482676055.333,68,1,False,482675988.667,482676055.333,68,1
798c7cc0f3df94def977,-2565249994,B,training,Cond2,456,False,439,False,482802777.0,482802852.0,76,1,False,482802777.0,482802852.0,76,1,False,482802777.0,482802852.0,76,1
d3b0a2984f919f4c59e6,-2565249990,A,training,Cond1,456,False,424,False,482715598.667,482715665.333,68,1,False,482715598.667,482715665.333,68,1,False,482715598.667,482715665.333,68,1
e297a27bcb40bc7e4c87,-2565249986,B,training,Cond2,456,False,440,False,482804666.0,482804731.333,66,1,False,482804666.0,482804731.333,66,1,False,482804666.0,482804731.333,66,1
38b729843aea92d1e2b8,-2151929736,B,training,Cond2,456,False,526,False,483859654.667,483859720.667,67,1,False,483859654.667,483859720.667,67,1,False,483859654.667,483859720.667,67,1
2eee6d51dbb85b31d854,-2151929732,B,training,Cond2,456,False,526,False,483859871.333,483859937.333,67,1,False,483859871.333,483859937.333,67,1,False,483859871.333,483859937.333,67,1
8419262d6f316adffce3,-2149929672,A,training,Cond1,456,False,509,False,483642986.667,483643051.333,66,1,False,483642986.667,483643051.333,66,1,False,483642986.667,483643051.333,66,1
81c93a9e934cd5dede62,-2149929534,A,training,Cond1,456,False,512,False,483770287.667,483770353.0,59,1,False,483770287.667,483770353.0,59,1,False,483770287.667,483770353.0,59,1
8e52c26bcfb416bff2f8,-2149929514,B,training,Cond2,456,False,551,False,484042661.333,484042731.333,71,1,False,484042661.333,484042731.333,71,1,False,484042661.333,484042731.333,71,1
896cab0a053befe11756,-2143929768,A,training,Cond1,456,False,466,False,483137303.667,483137366.667,64,1,False,483137303.667,483137366.667,64,1,False,483137304.667,483137366.667,63,1
d94a9017ec585d437b83,-2143929764,B,training,Cond2,456,False,467,False,483161948.667,483162012.667,65,1,False,483161948.667,483162012.667,65,1,False,483161948.667,483162012.667,65,1
f0ba5479ba8e150b6d61,-2143929760,A,training,Cond1,456,False,455,False,483066662.0,483066727.0,66,1,False,483066662.0,483066727.0,66,1,False,483066662.0,483066727.0,66,1
9f66967954d52c032568,-2143929740,A,training,Cond1,456,False,455,False,483066863.0,483066928.0,68,1,False,483066863.0,483066928.0,68,1,False,483066863.0,483066928.0,68,1
cbd9eb83a1f1f04c7b54,-2143929718,A,training,Cond1,456,False,454,False,483055798.667,483055863.333,68,1,False,483055798.667,483055863.333,68,1,False,483055798.667,483055863.333,68,1
2cb7373298abc6fa4dc6,-2143929718,B,training,Cond2,456,False,461,False,483091300.667,483091366.333,67,1,False,483091301.333,483091366.333,66,1,False,483091301.333,483091366.333,66,1
5c7820a1da4114ca2a31,-2143929710,A,training,Cond1,456,False,455,False,483065894.0,483065960.0,67,1,False,483065895.0,483065960.0,66,1,False,483065895.0,483065960.0,66,1
331d90f1bd532665407b,-2141929716,B,training,Cond2,456,False,452,False,482990191.0,482990256.667,67,1,False,482990191.0,482990256.667,67,1,False,482990191.667,482990256.667,66,1
e2b85fd872c749e2d1b1,-2141929700,A,training,Cond1,456,False,436,False,482789072.0,482789139.333,68,1,False,482789072.0,482789139.333,68,1,False,482789072.0,482789139.333,68,1
22f89a616e569223c39e,-2141929522,B,training,Cond2,456,False,459,False,483077531.0,483077598.667,62,1,False,483077532.333,483077598.667,61,1,False,483077532.333,483077598.667,61,1
8e1c8666b8dc9343c74a,-2141929518,A,training,Cond1,456,False,455,False,483065700.0,483065768.333,69,1,False,483065700.0,483065768.333,69,1,False,483065701.0,483065768.333,68,1
40f5fef1e9b0f15ddc3a,-2141929514,A,training,Cond1,456,False,454,False,483055188.0,483055256.667,70,1,False,483055189.0,483055256.667,69,1,False,483055189.0,483055256.667,69,1
222edc660ee4209ca385,-2141929510,B,training,Cond2,456,False,459,False,483077320.0,483077385.0,66,1,False,483077320.0,483077385.0,66,1,False,483077320.0,483077385.0,66,1
e35b3bcc1ef4a46ec1af,-2141929506,A,training,Cond1,456,False,454,False,483054983.333,483055051.0,71,1,False,483054983.333,483055051.0,71,1,False,483054983.333,483055051.0,71,1
1f1f3a09923d7461c537,-2141929486,A,training,Cond1,456,False,447,False,482953377.0,482953443.667,67,1,False,482953377.0,482953443.667,67,1,False,482953377.0,482953443.667,67,1
47f73e25687f8af5d8c3,-2139929788,A,training,Cond1,456,False,504,False,483602887.667,483602952.667,66,1,False,483602887.667,483602952.667,66,1,False,483602887.667,483602952.667,66,1
ee52b9f73bf8b1a4e615,-2139929772,A,training,Cond1,456,False,503,False,483601540.667,483601604.667,65,1,False,483601540.667,483601604.667,65,1,False,483601540.667,483601604.667,65,1
31016af190891e229488,-2139929764,B,training,Cond2,456,False,515,False,483781827.333,483781892.333,66,1,False,483781827.333,483781892.333,66,1,False,483781827.333,483781892.333,66,1
9376228e606316e0ce47,-2139929752,B,training,Cond2,456,False,505,False,483607423.667,483607486.667,64,1,False,483607423.667,483607486.667,64,1,False,483607423.667,483607486.667,64,1
8394551e0ecd9467bdf2,-2139929748,B,training,Cond2,456,False,502,False,483599347.667,483599423.0,72,1,False,483599347.667,483599423.0,72,1,False,483599347.667,483599423.0,72,1
fee2c5c085e3c01371bc,-2139929744,A,training,Cond1,456,False,505,False,483607817.667,483607885.667,69,1,False,483607817.667,483607885.667,69,1,False,483607818.667,483607885.667,68,1
1c11fe15670a990acc0a,-2139929736,B,training,Cond2,456,False,502,False,483599140.0,483599205.667,69,1,False,483599140.0,483599205.667,69,1,False,483599140.0,483599205.667,69,1
d248e3fcc769daf67653,-2139929710,A,training,Cond1,456,False,499,False,483494917.667,483494962.667,46,1,False,483494921.333,483494962.667,45,1,False,483494921.333,483494962.667,45,1
167866d90097edd8fc00,-2137929706,B,training,Cond2,456,False,476,False,483251619.333,483251684.0,68,1,False,483251619.333,483251684.0,68,1,False,483251619.333,483251684.0,68,1
59689a8fdc2483a9eaa8,-2137929694,A,training,Cond1,456,False,496,False,483462768.0,483462834.667,69,1,False,483462768.667,483462834.667,68,1,False,483462768.667,483462834.667,68,1
df98047b395404f88535,-2137929690,B,training,Cond2,456,False,501,False,483502484.667,483502551.0,67,1,False,483502485.667,483502551.0,66,1,False,483502485.667,483502551.0,66,1
135a8ebbf1a6daccab7f,-2137929686,A,training,Cond1,456,False,471,False,483201933.0,483201959.0,27,1,False,483201933.0,483201959.0,27,1,False,483201933.0,483201959.0,27,1
fca0f185f01e8e588d16,-2137929682,A,training,Cond1,456,False,470,False,483198775.333,483198841.333,67,1,False,483198775.333,483198841.333,67,1,False,483198775.333,483198841.333,67,1
28a2f86e186b9da868d8,-2135929472,A,training,Cond1,456,False,379,False,482426039.667,482426101.333,68,1,False,482426039.667,482426101.333,68,1,False,482426039.667,482426101.333,68,1
05a0eba2f884df1a6b1c,-2135929468,A,training,Cond1,456,False,382,False,482438129.667,482438196.667,68,1,False,482438129.667,482438196.667,68,1,False,482438129.667,482438196.667,68,1
7751c9e726f1c5a55f3e,-2135929464,B,training,Cond2,456,False,384,False,482456014.0,482456080.333,67,1,False,482456014.0,482456080.333,67,1,False,482456014.0,482456080.333,67,1
c36b52c10cf3994c1d12,-2135929452,A,training,Cond1,456,False,376,False,482413635.333,482413701.333,67,1,False,482413635.333,482413701.333,67,1,False,482413638.0,482413701.333,66,1
bf1448266b4ed8ec25bd,-2135929448,B,training,Cond2,456,False,384,False,482456594.667,482456662.667,69,1,False,482456595.667,482456662.667,68,1,False,482456595.667,482456662.667,68,1
0d8414c9029516091bab,-2135929440,A,training,Cond1,456,False,381,False,482430330.0,482430398.333,69,1,False,482430333.0,482430398.333,68,1,False,482430333.0,482430398.333,68,1
308e6bd657584313b7b8,-2135929432,A,training,Cond1,456,False,381,False,482430134.667,482430200.333,71,1,False,482430134.667,482430200.333,71,1,False,482430134.667,482430200.333,71,1
14f051e23e9a0464b47c,-2135929432,B,training,Cond2,456,False,387,False,482470001.0,482470068.0,68,1,False,482470001.0,482470068.0,68,1,False,482470001.0,482470068.0,68,1
e63778e51d1afb8e8f3e,-2135929428,B,training,Cond2,456,False,389,False,482485707.333,482485774.0,68,1,False,482485707.333,482485774.0,68,1,False,482485707.333,482485774.0,68,1
db7e67ad5e148e9223b9,-2135929424,A,training,Cond1,456,False,380,False,482428015.333,482428045.333,31,1,False,482428015.333,482428045.333,31,1,False,482428015.333,482428045.333,31,1
5b3afd2ee966f3466f71,-2133929500,A,training,Cond1,456,False,361,False,482347306.0,482347371.667,67,1,False,482347306.667,482347371.667,66,1,False,482347306.667,482347371.667,66,1
addc8d454d1848479936,-2133929492,A,training,Cond1,456,False,363,False,482353302.333,482353367.0,66,1,False,482353302.333,482353367.0,66,1,False,482353302.333,482353367.0,66,1
8075935dd60f4796e841,-2133929492,B,training,Cond2,456,False,374,False,482409382.667,482409448.0,68,1,False,482409382.667,482409448.0,68,1,False,482409382.667,482409448.0,68,1
9c7cf765c9f18f20435e,-2131929482,A,training,Cond1,456,False,407,False,482640084.333,482640150.0,66,1,False,482640084.333,482640150.0,66,1,False,482640084.333,482640150.0,66,1
6fc936bb6e7f368a71df,-2131929478,A,training,Cond1,456,False,399,False,482552789.333,482552856.667,68,1,False,482552789.333,482552856.667,68,1,False,482552789.333,482552856.667,68,1
f4308600c59ed9f10a50,-2131929468,B,training,Cond2,456,False,431,False,482763248.0,482763314.0,67,1,False,482763249.0,482763314.0,66,1,False,482763249.0,482763314.0,66,1
e0454a304d137385c571,-2131929464,A,training,Cond1,456,False,427,False,482729844.333,482729908.333,70,1,False,482729844.333,482729908.333,70,1,False,482729844.333,482729908.333,70,1
8b03a1148ae94ea9ef3f,-2131929452,B,training,Cond2,456,False,428,False,482731106.333,482731175.0,89,1,False,482731106.333,482731175.0,89,1,False,482731106.333,482731175.0,89,1
feffd3b060cc3eca8ac3,-2131929448,A,training,Cond1,456,False,413,False,482656816.333,482656882.333,67,1,False,482656816.333,482656882.333,67,1,False,482656816.333,482656882.333,67,1
89f3f6adcb64bc94ef7b,-2131929428,B,training,Cond2,456,False,452,False,482989768.667,482989836.0,68,1,False,482989768.667,482989836.0,68,1,False,482989768.667,482989836.0,68,1
c17748d4795a6e9cb1df,-2131929416,A,training,Cond1,456,False,434,False,482773128.667,482773195.0,67,1,False,482773128.667,482773195.0,67,1,False,482773128.667,482773195.0,67,1
9ff293ca42a9fac00c5a,-2129929722,B,training,Cond2,456,False,396,False,482537468.0,482537533.333,68,1,False,482537468.0,482537533.333,68,1,False,482537468.0,482537533.333,68,1
3dc3c84b02c31ff72003,-2129929714,A,training,Cond1,456,False,409,False,482643385.667,482643453.0,68,1,False,482643385.667,482643453.0,68,1,False,482643385.667,482643453.0,68,1
4a248cefa60f545497a3,-2129929706,B,training,Cond2,456,False,388,False,482480370.333,482480435.0,66,1,False,482480370.333,482480435.0,66,1,False,482480370.333,482480435.0,66,1
d886641708bb99ca1e97,-2129929698,A,training,Cond1,456,False,391,False,482500704.667,482500770.667,67,1,False,482500704.667,482500770.667,67,1,False,482500704.667,482500770.667,67,1
461c25eac3fd7a73ee18,-2129929504,A,training,Cond1,456,False,382,False,482437941.0,482438007.667,68,1,False,482437941.0,482438007.667,68,1,False,482437941.0,482438007.667,68,1
af4e7f3424612da01c07,-2129929504,B,training,Cond2,456,False,387,False,482471582.0,482471650.333,69,1,False,482471582.0,482471650.333,69,1,False,482471583.0,482471650.333,68,1
e837e070d2ea8e37ddda,-2045929446,A,training,Cond1,456,False,612,False,484556250.667,484556316.667,67,1,False,484556250.667,484556316.667,67,1,False,484556250.667,484556316.667,67,1
140fdf8f0a72735e6a9e,-2045929442,B,training,Cond2,456,False,615,False,484580342.667,484580412.667,71,1,False,484580342.667,484580412.667,71,1,False,484580342.667,484580412.667,71,1
e5785980221b076655cc,-2045929236,B,training,Cond2,456,False,618,False,484598539.333,484598607.333,69,1,False,484598539.333,484598607.333,69,1,False,484598539.333,484598607.333,69,1
6701b8b6cfe93e5cd3b6,-2039929274,B,training,Cond2,456,False,526,False,483860084.0,483860150.0,67,1,False,483860084.0,483860150.0,67,1,False,483860084.0,483860150.0,67,1
ce3d735450dfb39a196d,-2039929212,A,training,Cond1,456,False,539,False,483967576.0,483967623.0,48,1,False,483967576.0,483967623.0,48,1,False,483967576.0,483967623.0,48,1
92c623cbf5e9c180e8c2,-2039929184,B,training,Cond2,456,False,543,False,484006247.667,484006318.0,71,1,False,484006247.667,484006318.0,71,1,False,484006247.667,484006318.0,71,1
e202eaa64d4e1dfa76bc,-2033929470,A,training,Cond1,456,False,586,False,484358786.667,484358854.333,69,1,False,484358786.667,484358854.333,69,1,False,484358786.667,484358854.333,69,1
837efa8dff523738c349,-2033929450,A,training,Cond1,456,False,584,False,484345683.0,484345751.0,69,1,False,484345683.0,484345751.0,69,1,False,484345683.0,484345751.0,69,1
c4079f7d9a90b61e1614,-2033929438,B,training,Cond2,456,False,563,False,484135535.667,484135611.0,76,1,False,484135535.667,484135611.0,76,1,False,484135535.667,484135611.0,76,1
c9a5a608969d27ba5e73,-2033929434,A,training,Cond1,456,False,587,False,484369951.333,484370022.0,72,1,False,484369951.333,484370022.0,72,1,False,484369952.333,484370022.0,71,1
dacdc5bf837058729173,-2033929430,A,training,Cond1,456,False,584,False,484344895.667,484344965.667,71,1,False,484344896.667,484344965.667,70,1,False,484344896.667,484344965.667,70,1
77d1121be7058f070273,-2033929418,B,training,Cond2,456,False,565,False,484143437.667,484143512.667,76,1,False,484143437.667,484143512.667,76,1,False,484143437.667,484143512.667,76,1
b62804204abe967f751b,-2033929414,A,training,Cond1,456,False,559,False,484089646.667,484089717.0,71,1,False,484089646.667,484089717.0,71,1,False,484089646.667,484089717.0,71,1
c2f47b6c3132908e5a24,-2033929414,B,training,Cond2,456,False,563,False,484137842.667,484137910.667,69,1,False,484137842.667,484137910.667,69,1,False,484137842.667,484137910.667,69,1
749b3a238fe49f369fe6,-1720100542,B,training,Cond2,456,False,590,False,484433981.0,484434039.0,59,1,False,484433981.0,484434039.0,59,1,False,484433981.0,484434039.0,59,1
ea21ab8875312c50a43e,-1720100534,B,training,Cond2,456,False,595,False,484464949.333,484465018.333,70,1,False,484464949.333,484465018.333,70,1,False,484464949.333,484465018.333,70,1
a6cffe78de3e02bb1ce0,-1720100480,B,training,Cond2,456,False,643,False,484844921.333,484844983.0,68,1,False,484844921.333,484844983.0,68,1,False,484844921.333,484844983.0,68,1
d2e847dae1a8c81ba82a,-1720100468,B,training,Cond2,456,False,643,False,484845109.0,484845176.0,68,1,False,484845109.0,484845176.0,68,1,False,484845109.0,484845176.0,68,1
d579a47692ba52794f74,-1718100702,B,training,Cond2,456,False,695,False,485153458.333,485153526.333,69,1,False,485153458.333,485153526.333,69,1,False,485153459.333,485153526.333,68,1
cbc1a4b8ea3103253566,-1718100544,A,training,Cond1,456,False,676,False,485029062.667,485029128.667,66,1,False,485029062.667,485029128.667,66,1,False,485029062.667,485029128.667,66,1
1db3dbf17108dc540eec,-1718100544,B,training,Cond2,456,False,685,False,485093281.0,485093347.333,67,1,False,485093281.0,485093347.333,67,1,False,485093281.0,485093347.333,67,1
966957523a6585a2e3ad,-1718100536,A,training,Cond1,456,False,677,False,485030854.667,485030921.333,68,1,False,485030854.667,485030921.333,68,1,False,485030854.667,485030921.333,68,1
c322b8b6d189bae903b5,-1716100476,B,training,Cond2,456,False,567,False,484162553.667,484162620.667,68,1,False,484162553.667,484162620.667,68,1,False,484162553.667,484162620.667,68,1
43d43004e1361046a2d2,-1716100432,A,training,Cond1,456,False,539,False,483965502.333,483965571.667,70,1,False,483965502.333,483965571.667,70,1,False,483965502.333,483965571.667,70,1
3af4fea4fd4d16a1c8d0,-1716100432,B,training,Cond2,456,False,550,False,484033275.667,484033341.0,66,1,False,484033275.667,484033341.0,66,1,False,484033275.667,484033341.0,66,1
b98acf54ba03d672ee2e,-1714100726,B,training,Cond2,456,False,595,False,484464754.333,484464823.333,70,1,False,484464754.333,484464823.333,70,1,False,484464754.333,484464823.333,70,1
978d7dfbcad827d43e20,-1714100702,B,training,Cond2,456,False,578,False,484268407.667,484268475.0,69,1,False,484268407.667,484268475.0,69,1,False,484268407.667,484268475.0,69,1
95c0fd755d28dfa821d2,-1714100694,A,training,Cond1,456,False,570,False,484181756.667,484181831.333,76,1,False,484181756.667,484181831.333,76,1,False,484181756.667,484181831.333,76,1
cf940371bd9d2b4b7dc2,-1714100690,A,training,Cond1,456,False,570,False,484181373.333,484181440.333,68,1,False,484181373.333,484181440.333,68,1,False,484181373.333,484181440.333,68,1
e0cd442c50e5a3e7e2f6,-1714100686,A,training,Cond1,456,False,570,False,484181563.333,484181633.333,71,1,False,484181564.667,484181633.333,70,1,False,484181564.667,484181633.333,70,1
9892aebc496b8c30396f,-1714100682,A,training,Cond1,456,False,577,False,484227674.0,484227743.0,70,1,False,484227674.0,484227743.0,70,1,False,484227674.0,484227743.0,70,1
db891fa442af8a6a5dfe,-1714100682,B,training,Cond2,456,False,580,False,484278589.333,484278658.333,70,1,False,484278589.333,484278658.333,70,1,False,484278590.667,484278658.333,69,1
6f0a92816c260d2ea1e9,-1714100536,B,training,Cond2,456,False,566,False,484148308.667,484148376.667,69,1,False,484148308.667,484148376.667,69,1,False,484148309.667,484148376.667,68,1
7c13d2432c634987725e,-1714100524,B,training,Cond2,456,False,566,False,484148507.667,484148571.667,70,1,False,484148507.667,484148571.667,70,1,False,484148507.667,484148571.667,70,1
dbb97bd860b35b988605,-1714100520,A,training,Cond1,456,False,559,False,484089451.333,484089520.333,70,1,False,484089452.667,484089520.333,69,1,False,484089452.667,484089520.333,69,1
81816c0a630607bac6d3,-1714100520,B,training,Cond2,456,False,561,False,484119652.333,484119718.333,57,1,False,484119652.333,484119718.333,57,1,False,484119652.333,484119718.333,57,1
c3be315f3fe5e7984a7c,-1696100360,A,training,Cond1,456,False,980,False,487029256.0,487029325.333,70,1,False,487029257.333,487029325.333,69,1,False,487029257.333,487029325.333,69,1
1381cd73cdb55a253d8b,-1690100610,A,training,Cond1,456,False,929,False,486558666.667,486558689.667,24,1,False,486558666.667,486558689.667,24,1,False,486558666.667,486558689.667,24,1
076e4f66aa13145fed64,-1690100608,B,training,Cond2,456,False,927,False,486555720.667,486555786.333,67,1,False,486555720.667,486555786.333,67,1,False,486555720.667,486555786.333,67,1
7a481d99c85d6bc517aa,-1193530880,A,training,Cond3,123,False,66,False,482975320.333,482975465.333,146,1,False,482975320.333,482975465.333,146,1,False,482975320.333,482975465.333,146,1
a3519f13d3ccdc285be7,-1193530852,A,training,Cond3,123,False,68,False,483134190.0,483134336.0,145,1,False,483134190.0,483134336.0,145,1,False,483134190.0,483134336.0,145,1
4a6745e2ef6acd5b1c44,-1193530682,A,training,Cond3,123,False,77,False,483286634.667,483286795.667,162,1,False,483286634.667,483286795.667,162,1,False,483286634.667,483286795.667,162,1
131f71857e15beaa08c8,-1193530674,A,training,Cond3,123,False,70,False,483137619.667,483137774.667,156,1,False,483137619.667,483137774.667,156,1,False,483137619.667,483137774.667,156,1
8531431ffe492888c267,-1193530654,A,training,Cond3,123,False,68,False,483134493.333,483134641.667,148,1,False,483134493.333,483134641.667,148,1,False,483134493.333,483134641.667,148,1
10b5904fe5ce49a2796f,-1193530650,A,training,Cond3,123,False,71,False,483139642.0,483139802.333,159,1,False,483139642.0,483139802.333,159,1,False,483139642.0,483139802.333,159,1
35292bc2d4708164da65,-1193530646,A,training,Cond3,123,False,67,False,483132605.0,483132762.333,158,1,False,483132605.0,483132762.333,158,1,False,483132605.0,483132762.333,158,1
7855ae0bf8f9ad2effaf,-1193530642,A,training,Cond3,123,False,68,False,483134035.667,483134183.667,148,1,False,483134035.667,483134183.667,148,1,False,483134035.667,483134183.667,148,1
e54155adfb9471aff7ca,-1193530634,A,training,Cond3,123,False,68,False,483133891.667,483134025.667,156,1,False,483133891.667,483134025.667,156,1,False,483133891.667,483134025.667,156,1
1da46472d0cce76de1b1,-1193530630,A,training,Cond3,123,False,68,False,483134341.0,483134489.667,148,1,False,483134341.0,483134489.667,148,1,False,483134341.0,483134489.667,148,1
5cab044b03488f1fe3b0,-1193530626,A,training,Cond3,123,False,72,False,483162695.0,483162848.667,155,1,False,483162695.0,483162848.667,155,1,False,483162695.0,483162848.667,155,1
7873624402d6532f9c5b,-1183530654,A,training,Cond3,123,False,15,False,481866212.333,481866370.667,161,1,False,481866212.333,481866370.667,161,1,False,481866212.333,481866370.667,161,1
35e3163e719ec20a4abd,-1183530626,A,training,Cond3,123,False,24,False,482000286.0,482000441.333,156,1,False,482000286.0,482000441.333,156,1,False,482000286.0,482000441.333,156,1
a41bd88cf4e35fac70a6,-1183530624,A,training,Cond3,123,False,58,False,482898024.0,482898172.0,147,1,False,482898024.0,482898172.0,147,1,False,482898024.0,482898172.0,147,1
2fc7a50c859f50904d65,-1183530620,A,training,Cond3,123,False,27,False,482112448.667,482112604.0,173,1,False,482112448.667,482112604.0,173,1,False,482112448.667,482112604.0,173,1
45337b9b296890b81a16,-1183530612,A,training,Cond3,123,False,22,False,481965689.333,481965846.667,157,1,False,481965689.333,481965846.667,157,1,False,481965689.333,481965846.667,157,1
b72eb1ed73657abe1fce,-1183530608,A,training,Cond3,123,False,59,False,482902284.333,482902432.333,149,1,False,482902284.333,482902432.333,149,1,False,482902284.333,482902432.333,149,1
8f0d2eddf7b9972da0c3,-1183530604,A,training,Cond3,123,False,59,False,482902121.667,482902278.333,158,1,False,482902121.667,482902278.333,158,1,False,482902121.667,482902278.333,158,1
c0c39f5c7ffd4e39677b,-1183530596,A,training,Cond3,123,False,57,False,482894949.333,482895098.333,141,1,False,482894949.333,482895098.333,141,1,False,482894949.333,482895098.333,141,1
7007c9b7980ba4be387c,-1183530592,A,training,Cond3,123,False,61,False,482931298.667,482931436.667,139,1,False,482931298.667,482931436.667,139,1,False,482931298.667,482931436.667,139,1
3fe01028d93bd6d2719f,-1183530588,A,training,Cond3,123,False,60,False,482926538.667,482926696.667,158,1,False,482926538.667,482926696.667,158,1,False,482926538.667,482926696.667,158,1
fdee9a2088ffd1f5743f,-1183530584,A,training,Cond3,123,False,62,False,482936082.0,482936241.0,160,1,False,482936082.0,482936241.0,160,1,False,482936082.0,482936241.0,160,1
95355cf05bb2db94746e,-1183530580,A,training,Cond3,123,False,58,False,482897864.333,482898018.0,162,1,False,482897864.333,482898018.0,162,1,False,482897864.333,482898018.0,162,1
c167fee30078a6be28cd,-903170202,B,training,Cond2,456,False,372,False,482382953.333,482383021.333,69,1,False,482382953.333,482383021.333,69,1,False,482382954.333,482383021.333,68,1
e46546a8ad17073c028c,-903170198,A,training,Cond1,456,False,352,True,482293626.0,482293802.0,177,1,True,482293626.0,482293802.0,177,1,True,482293626.0,482293802.0,177,1
d9a765103d353873cff1,-903170194,A,training,Cond1,456,False,361,False,482347680.0,482347745.0,66,1,False,482347680.0,482347745.0,66,1,False,482347680.0,482347745.0,66,1
44fe702ee21e353a23b9,-903170176,B,training,Cond2,456,False,371,True,482381674.333,482381849.333,176,1,True,482381674.333,482381849.333,176,1,True,482381674.333,482381849.333,176,1
4bf238d58ee3f1cc5f78,-903170172,A,training,Cond1,456,False,356,False,482324011.667,482324078.667,68,1,False,482324011.667,482324078.667,68,1,False,482324011.667,482324078.667,68,1
950606910e7d4dafb3ea,-903170172,B,training,Cond2,456,False,364,False,482357120.0,482357187.0,68,1,False,482357120.0,482357187.0,68,1,False,482357120.0,482357187.0,68,1
2904556eb54f01d7a23d,-903170168,A,training,Cond1,456,False,358,False,482330635.0,482330639.667,9,1,False,482330635.0,482330639.667,9,1,False,482330635.0,482330639.667,9,1
2e4a92190c8e77b0f869,-903170160,A,training,Cond1,456,False,364,False,482357689.0,482357753.333,67,1,False,482357689.0,482357753.333,67,1,False,482357689.0,482357753.333,67,1
4394e9c39a3572564c82,-903170160,B,training,Cond2,456,False,390,False,482496978.667,482497045.0,72,1,False,482496978.667,482497045.0,72,1,False,482496978.667,482497045.0,72,1
41e7ead092918fe68b3b,-903170156,A,training,Cond1,456,False,365,False,482361095.333,482361161.0,67,1,False,482361095.333,482361161.0,67,1,False,482361095.333,482361161.0,67,1
8a7a0ea1cc4ee428cf3a,-903170156,B,training,Cond2,456,False,380,False,482427146.667,482427220.333,74,1,False,482427146.667,482427220.333,74,1,False,482427146.667,482427220.333,74,1
718f84948dac63189f78,-903170152,A,training,Cond1,456,False,357,False,482325831.0,482325875.0,45,1,False,482325831.0,482325875.0,45,1,False,482325831.0,482325875.0,45,1
87c1cc9c68669d824740,-903170148,A,training,Cond1,456,False,362,False,482349829.667,482349898.0,69,1,False,482349830.667,482349898.0,68,1,False,482349830.667,482349898.0,68,1
09cebbcacc35489ebbc1,-903170144,A,training,Cond1,456,False,363,False,482353495.0,482353561.333,67,1,False,482353495.0,482353561.333,67,1,False,482353495.0,482353561.333,67,1
aa24d77b4d23f62179ce,-903170140,A,training,Cond1,456,False,360,False,482344960.0,482345025.333,68,1,False,482344960.0,482345025.333,68,1,False,482344960.0,482345025.333,68,1
e7e953dc7b10073b5605,-903170140,B,training,Cond2,456,False,369,False,482377457.0,482377524.0,68,1,False,482377458.0,482377524.0,67,1,False,482377458.0,482377524.0,67,1
4dec5598d655d7acdf97,-903170136,B,training,Cond2,456,False,384,False,482455640.667,482455664.0,23,1,False,482455640.667,482455664.0,23,1,False,482455640.667,482455664.0,23,1
ceeb1b6a8b7f43e99ee6,-903170132,A,training,Cond1,456,False,364,False,482357880.0,482357945.0,66,1,False,482357880.0,482357945.0,66,1,False,482357881.333,482357945.0,65,1
0f9f05e4fe22eb3ee700,-903170132,B,training,Cond2,456,False,390,False,482497171.667,482497237.667,67,1,False,482497171.667,482497237.667,67,1,False,482497171.667,482497237.667,67,1
e87d1e0e287770eecc18,-899170202,A,training,Cond1,456,False,316,False,481936226.667,481936301.667,76,1,False,481936226.667,481936301.667,76,1,False,481936226.667,481936301.667,76,1
7de48eddc1f0dfad428c,-899170198,A,training,Cond1,456,False,319,False,481948658.667,481948727.0,70,1,False,481948659.0,481948727.0,69,1,False,481948660.0,481948727.0,68,1
0feeab459b593fbc7109,-899170186,A,training,Cond1,456,False,317,False,481938585.0,481938650.0,66,1,False,481938585.0,481938650.0,66,1,False,481938586.333,481938650.0,65,1
0d96d91794ce02f241f3,-899170156,A,training,Cond1,456,False,320,False,481952194.0,481952261.0,68,1,False,481952194.667,481952261.0,67,1,False,481952194.667,481952261.0,67,1
68580354e5144ef1dd46,-899170148,B,training,Cond2,456,False,329,False,482117829.667,482117894.667,66,1,False,482117829.667,482117894.667,66,1,False,482117829.667,482117894.667,66,1
c4427fec6c51c99552d1,-899170132,B,training,Cond2,456,False,339,False,482157329.333,482157398.333,70,1,False,482157330.333,482157398.333,69,1,False,482157330.333,482157398.333,69,1
3726147fdb3581d7a621,-899170124,B,training,Cond2,456,False,339,False,482157537.667,482157605.333,69,1,False,482157537.667,482157605.333,69,1,False,482157537.667,482157605.333,69,1
ec2f3d9382ee25de57ce,-897170414,A,training,Cond1,456,False,349,False,482282961.667,482283000.0,41,1,False,482282961.667,482283000.0,41,1,False,482282961.667,482283000.0,41,1
e1df80e61420f0186f13,-897170406,B,training,Cond2,456,False,358,False,482329421.0,482329485.0,59,1,False,482329422.0,482329485.0,58,1,False,482329422.0,482329485.0,58,1
e3a004e92368d0546cf2,-897170374,B,training,Cond2,456,False,368,False,482371214.0,482371278.0,65,1,False,482371214.0,482371278.0,65,1,False,482371215.0,482371278.0,64,1
1ca28c51b96273a4dd0b,-897170370,A,training,Cond1,456,False,352,False,482294022.667,482294089.0,67,1,False,482294022.667,482294089.0,67,1,False,482294022.667,482294089.0,67,1
604166380eea48f56e08,-879170270,A,training,Cond1,456,False,288,False,481748231.0,481748262.333,32,1,False,481748231.0,481748262.333,32,1,False,481748231.0,481748262.333,32,1
15274e5fcfce12399d51,-879170258,B,training,Cond2,456,False,302,False,481841875.0,481841941.333,67,1,False,481841875.0,481841941.333,67,1,False,481841875.0,481841941.333,67,1
4213fd95ba889f05b3e3,-879170254,A,training,Cond1,456,False,291,False,481768476.0,481768533.333,57,1,False,481768476.0,481768533.333,57,1,False,481768476.0,481768533.333,57,1
4bf74bda0fe45c3d3f8a,-879170112,A,training,Cond1,456,False,294,False,481794085.0,481794153.667,69,1,False,481794085.0,481794153.667,69,1,False,481794086.0,481794153.667,68,1
908f26b5aea2026fe886,-879170108,A,training,Cond1,456,False,296,False,481799759.667,481799824.333,66,1,False,481799759.667,481799824.333,66,1,False,481799759.667,481799824.333,66,1
f827f379764054182ee9,-879170108,B,training,Cond2,456,False,307,False,481871150.667,481871218.667,69,1,False,481871150.667,481871218.667,69,1,False,481871150.667,481871218.667,69,1
e0a83a4b3d883c6568a4,-879170104,A,training,Cond1,456,False,303,False,481845014.0,481845078.667,66,1,False,481845014.0,481845078.667,66,1,False,481845014.0,481845078.667,66,1
4f407813036e97c8c1e3,-879170100,A,training,Cond1,456,False,294,False,481795070.333,481795138.333,69,1,False,481795071.333,481795138.333,68,1,False,481795071.333,481795138.333,68,1
1499c2dd93f8e8cbe1e6,-879170100,B,training,Cond2,456,False,302,False,481843219.667,481843286.667,68,1,False,481843219.667,481843286.667,68,1,False,481843220.667,481843286.667,67,1
20ada1fd451fd52f2487,-879170096,A,training,Cond1,456,False,294,False,481794678.0,481794744.0,67,1,False,481794678.0,481794744.0,67,1,False,481794679.333,481794744.0,66,1
b6cf1056d85e85d87180,-879170092,A,training,Cond1,456,False,296,False,481800743.333,481800810.333,68,1,False,481800743.333,481800810.333,68,1,False,481800743.333,481800810.333,68,1
617da4afc484fdac16a6,-879170088,A,training,Cond1,456,False,294,False,481794284.0,481794351.0,68,1,False,481794284.0,481794351.0,68,1,False,481794284.0,481794351.0,68,1
3f73b270dd060d578744,-879170084,B,training,Cond2,456,False,324,False,481985864.0,481985931.0,68,1,False,481985864.0,481985931.0,68,1,False,481985864.0,481985931.0,68,1
f421c7824f84b832854a,-879170080,B,training,Cond2,456,False,318,False,481944815.333,481944882.333,68,1,False,481944815.333,481944882.333,68,1,False,481944815.333,481944882.333,68,1
47a204f9bce64badc93f,-879170076,A,training,Cond1,456,False,317,False,481938388.0,481938454.333,67,1,False,481938388.0,481938454.333,67,1,False,481938388.0,481938454.333,67,1
51a8b87e67e7a8e117df,-879170076,B,training,Cond2,456,False,327,False,482001761.0,482001827.333,67,1,False,482001761.0,482001827.333,67,1,False,482001761.0,482001827.333,67,1
a2bcb3405da14fc0bf92,-879170072,A,training,Cond1,456,False,295,False,481798605.333,481798670.333,66,1,False,481798605.333,481798670.333,66,1,False,481798605.333,481798670.333,66,1
dd4f7511da669e1e8921,-879170072,B,training,Cond2,456,False,307,False,481871353.0,481871420.0,68,1,False,481871353.0,481871420.0,68,1,False,481871353.667,481871420.0,67,1
05a4efe762b01424380c,-879170068,A,training,Cond1,456,False,310,False,481906089.333,481906155.667,53,1,False,481906090.333,481906155.667,52,1,False,481906090.333,481906155.667,52,1
384cabcdcceb45e7da80,-877170366,A,training,Cond1,456,False,308,False,481893796.667,481893862.667,67,1,False,481893796.667,481893862.667,67,1,False,481893796.667,481893862.667,67,1
f4fcbba6a2e4bd16e86c,-877170366,B,training,Cond2,456,False,321,False,481957894.0,481957960.0,67,1,False,481957894.0,481957960.0,67,1,False,481957894.0,481957960.0,67,1
e2425effe6f8b87bc1da,-877170358,B,training,Cond2,456,False,316,False,481936817.333,481936886.667,70,1,False,481936817.333,481936886.667,70,1,False,481936817.333,481936886.667,70,1
a505917d2cc5495becf4,-877170350,A,training,Cond1,456,False,315,False,481925998.333,481926065.0,68,1,False,481925998.333,481926065.0,68,1,False,481925998.333,481926065.0,68,1
07b2774780725ea70ec3,-877170346,B,training,Cond2,456,False,321,False,481958095.0,481958159.333,65,1,False,481958095.0,481958159.333,65,1,False,481958095.0,481958159.333,65,1
055e9911a732cd1fdc25,-877170338,A,training,Cond1,456,False,312,False,481914614.333,481914681.333,68,1,False,481914614.333,481914681.333,68,1,False,481914614.333,481914681.333,68,1
dc3ff52d226cb1d0aefa,-877170330,A,training,Cond1,456,False,315,False,481926198.333,481926265.333,68,1,False,481926198.333,481926265.333,68,1,False,481926198.333,481926265.333,68,1
1629729e0fe0c5fb0d32,-877170326,A,training,Cond1,456,False,315,False,481925797.0,481925865.333,69,1,False,481925798.333,481925865.333,68,1,False,481925798.333,481925865.333,68,1
922be344129971de50c7,-877170322,A,training,Cond1,456,False,310,False,481907650.333,481907714.333,65,1,False,481907650.333,481907714.333,65,1,False,481907650.333,481907714.333,65,1
890bda2cd26c56112984,-877170322,B,training,Cond2,456,False,321,False,481957693.333,481957761.0,69,1,False,481957693.333,481957761.0,69,1,False,481957694.0,481957761.0,68,1
29f2b1d692273af97fc0,-877170314,B,training,Cond2,456,False,324,False,481987128.667,481987194.667,67,1,False,481987128.667,481987194.667,67,1,False,481987128.667,481987194.667,67,1
a1d181db38599ffc4359,-877170272,A,training,Cond1,456,False,318,False,481944235.333,481944297.0,68,1,False,481944235.333,481944297.0,68,1,False,481944235.333,481944297.0,68,1
86db30e35a0ce85b6ed6,-877170268,A,training,Cond1,456,False,305,False,481867078.667,481867144.667,67,1,False,481867078.667,481867144.667,67,1,False,481867078.667,481867144.667,67,1
adfeaaec868f9d11d4c4,-877170268,B,training,Cond2,456,False,318,False,481943833.333,481943899.0,67,1,False,481943833.333,481943899.0,67,1,False,481943833.333,481943899.0,67,1
4abc8298bb50038dc92b,-877170264,A,training,Cond1,456,False,311,False,481912010.667,481912078.0,69,1,False,481912010.667,481912078.0,69,1,False,481912010.667,481912078.0,69,1
3b3a53146ff566af5f7f,-877170264,B,training,Cond2,456,False,323,False,481967260.333,481967331.333,72,1,False,481967260.333,481967331.333,72,1,False,481967260.333,481967331.333,72,1
8754fc601ed76c81ca24,-877170260,A,training,Cond1,456,False,314,False,481922336.333,481922402.333,67,1,False,481922337.333,481922402.333,66,1,False,481922337.333,481922402.333,66,1
e561bd23db390378bee2,-875170112,B,training,Cond2,456,False,277,False,481695708.667,481695775.333,68,1,False,481695708.667,481695775.333,68,1,False,481695708.667,481695775.333,68,1
1ac8326c8db4c91be72f,-875170052,B,training,Cond2,456,False,269,False,481661864.667,481661930.667,67,1,False,481661864.667,481661930.667,67,1,False,481661864.667,481661930.667,67,1
d431b83c68b38d11a665,-873170366,A,training,Cond1,456,False,277,False,481696324.333,481696391.667,68,1,False,481696324.333,481696391.667,68,1,False,481696324.333,481696391.667,68,1
aede433804b64a18412d,-873170366,B,training,Cond2,456,False,286,False,481736823.333,481736890.333,68,1,False,481736823.333,481736890.333,68,1,False,481736824.667,481736890.333,67,1
f5f6fdd193983f3f8ecf,-873170362,B,training,Cond2,456,False,289,False,481749079.0,481749146.333,68,1,False,481749079.0,481749146.333,68,1,False,481749079.0,481749146.333,68,1
35be7ae96caebd3f8300,-873170354,A,training,Cond1,456,False,276,False,481693507.333,481693571.333,65,1,False,481693507.333,481693571.333,65,1,False,481693507.333,481693571.333,65,1
f2e5d88ece8b3eedfce3,-873170354,B,training,Cond2,456,False,285,False,481733673.667,481733740.667,68,1,False,481733674.333,481733740.667,67,1,False,481733674.333,481733740.667,67,1
b718604e2c640dea31a4,-873170346,A,training,Cond1,456,False,277,False,481697026.333,481697094.333,69,1,False,481697026.333,481697094.333,69,1,False,481697027.333,481697094.333,68,1
63ba871fc9fe944f0869,-873170342,B,training,Cond2,456,False,277,False,481697844.0,481697909.333,67,1,False,481697844.667,481697909.333,66,1,False,481697844.667,481697909.333,66,1
dc69701edc52194df999,-873170338,A,training,Cond1,456,False,281,False,481709585.333,481709653.0,69,1,False,481709585.333,481709653.0,69,1,False,481709585.333,481709653.0,69,1
7ee82e5bf278b2c022c4,-873170334,A,training,Cond1,456,False,289,False,481750210.333,481750285.0,76,1,False,481750210.333,481750285.0,76,1,False,481750210.333,481750285.0,76,1
5156ea8b50ec183daa62,-873170318,A,training,Cond1,456,False,277,False,481698827.667,481698896.333,69,1,False,481698827.667,481698896.333,69,1,False,481698828.333,481698896.333,68,1
849539601ba6b19ebefe,-873170318,B,training,Cond2,456,False,285,False,481733875.0,481733943.0,69,1,False,481733875.667,481733943.0,68,1,False,481733875.667,481733943.0,68,1
6c9290b08f3a0c0527d9,-873170306,A,training,Cond1,456,False,285,False,481734731.333,481734796.0,65,1,False,481734731.333,481734796.0,65,1,False,481734731.333,481734796.0,65,1
9cee72fb44a3445f1d9a,-873170306,B,training,Cond2,456,False,290,False,481757568.0,481757632.333,74,1,False,481757568.0,481757632.333,74,1,False,481757568.0,481757632.333,74,1
331848a62a8fa856e1d5,-873170272,A,training,Cond1,456,False,269,False,481662803.667,481662869.667,67,1,False,481662803.667,481662869.667,67,1,False,481662803.667,481662869.667,67,1
8ba6778e1c3d41bb7abe,-873170272,B,training,Cond2,456,False,277,False,481695926.667,481695993.333,68,1,False,481695926.667,481695993.333,68,1,False,481695926.667,481695993.333,68,1
f78ed3d20c9b90c5f940,-873170256,B,training,Cond2,456,False,274,False,481677122.667,481677188.667,67,1,False,481677122.667,481677188.667,67,1,False,481677122.667,481677188.667,67,1
98ced23d7983859e0643,-873170248,A,training,Cond1,456,False,268,False,481656780.667,481656845.667,66,1,False,481656780.667,481656845.667,66,1,False,481656780.667,481656845.667,66,1
b5a56f1b24b1ffe1b9c3,-873170248,B,training,Cond2,456,False,277,False,481698057.333,481698123.667,67,1,False,481698057.333,481698123.667,67,1,False,481698057.333,481698123.667,67,1
b5b29876bfdd19f50eaa,-873170244,B,training,Cond2,456,False,280,False,481707150.667,481707217.333,88,1,False,481707150.667,481707217.333,88,1,False,481707150.667,481707217.333,88,1
a19f5296b00f5e9e5790,29494096,A,training,Cond1,456,False,990,False,487105013.333,487105084.333,72,1,False,487105013.333,487105084.333,72,1,False,487105013.333,487105084.333,72,1
d5c578b6a876bab44f50,29494096,B,training,Cond2,456,False,1003,False,487163467.667,487163535.667,69,1,False,487163467.667,487163535.667,69,1,False,487163467.667,487163535.667,69,1
bca21197efa01107f8e6,29494108,A,training,Cond1,456,False,989,False,487091478.333,487091546.333,69,1,False,487091478.333,487091546.333,69,1,False,487091478.333,487091546.333,69,1
83c6242d2df88f297292,29494108,B,training,Cond2,456,False,1000,False,487140622.667,487140693.0,71,1,False,487140622.667,487140693.0,71,1,False,487140622.667,487140693.0,71,1
fc7619eda3203e2c8268,29494116,A,training,Cond1,456,False,990,False,487105200.333,487105271.333,72,1,False,487105201.333,487105271.333,71,1,False,487105201.333,487105271.333,71,1
c8333b982d903608eca0,29494116,B,training,Cond2,456,False,1001,False,487146685.0,487146754.667,71,1,False,487146685.0,487146754.667,71,1,False,487146685.0,487146754.667,71,1
7ce6b784155ee595c853,29494128,B,training,Cond2,456,False,1003,False,487163279.667,487163348.0,69,1,False,487163279.667,487163348.0,69,1,False,487163279.667,487163348.0,69,1
54c09a4995be208bf201,29494136,A,training,Cond1,456,False,991,False,487109980.0,487110045.667,67,1,False,487109980.0,487110045.667,67,1,False,487109980.0,487110045.667,67,1
b84d284eff85ab45d45b,29494136,B,training,Cond2,456,False,1002,False,487160838.0,487160907.0,70,1,False,487160838.0,487160907.0,70,1,False,487160838.0,487160907.0,70,1
7bf3c07686d4ffa04fc0,29494140,B,training,Cond2,456,False,1006,False,487184781.0,487184846.0,66,1,False,487184781.0,487184846.0,66,1,False,487184781.0,487184846.0,66,1
178a1c002da8d158274d,29494154,A,training,Cond1,456,False,1008,False,487208345.667,487208392.333,48,1,False,487208345.667,487208392.333,48,1,False,487208346.333,487208392.333,47,1
b83fd1ebc6cb05ea1ba2,29494154,B,training,Cond2,456,False,1014,False,487267682.333,487267749.333,68,1,False,487267682.333,487267749.333,68,1,False,487267682.333,487267749.333,68,1
a272110237de0f485905,29494162,A,training,Cond1,456,False,1000,False,487140250.667,487140261.667,12,1,False,487140250.667,487140261.667,12,1,False,487140250.667,487140261.667,12,1
d85a92240aeb0a22834c,29494170,A,training,Cond1,456,False,991,False,487110354.667,487110424.0,70,1,False,487110355.667,487110424.0,69,1,False,487110355.667,487110424.0,69,1
a535eb6c49e22f76e75e,29494170,B,training,Cond2,456,False,1005,False,487178611.333,487178676.0,80,1,False,487178611.333,487178676.0,80,1,False,487178611.333,487178676.0,80,1
d3619771da7ce9ac734a,31494168,A,training,Cond1,456,False,1009,False,487210012.333,487210081.333,70,1,False,487210012.333,487210081.333,70,1,False,487210012.333,487210081.333,70,1
e0015240e4f54175ce77,31494172,B,training,Cond2,456,False,1007,False,487204238.667,487204305.333,68,1,False,487204238.667,487204305.333,68,1,False,487204238.667,487204305.333,68,1
70cf604ff6082b6aa894,31494350,A,training,Cond1,456,False,1014,False,487266245.333,487266320.333,75,1,False,487266245.333,487266320.333,75,1,False,487266245.333,487266320.333,75,1
4aca41df79afcd61ba2d,31494354,A,training,Cond1,456,False,1011,False,487216256.333,487216324.667,69,1,False,487216256.333,487216324.667,69,1,False,487216256.333,487216324.667,69,1
4d2b4d2471bcdf76ef16,31494362,A,training,Cond1,456,False,1009,False,487210385.333,487210454.333,70,1,False,487210385.333,487210454.333,70,1,False,487210385.333,487210454.333,70,1
b9234b78b40af45efcd3,31494370,A,training,Cond1,456,False,1009,False,487210197.333,487210266.333,70,1,False,487210198.333,487210266.333,69,1,False,487210198.333,487210266.333,69,1
cdd9dabf076957def2dc,31494374,A,training,Cond1,456,False,1009,False,487209638.333,487209704.333,66,1,False,487209638.333,487209704.333,66,1,False,487209638.333,487209704.333,66,1
9a4f6dd6f48e408fe5da,31494378,A,training,Cond1,456,False,1009,False,487210572.667,487210642.0,64,1,False,487210573.333,487210642.0,63,1,False,487210573.333,487210642.0,63,1
265a6e28d72126817e94,33494116,A,training,Cond1,456,False,1010,False,487213878.667,487213943.333,66,1,False,487213878.667,487213943.333,66,1,False,487213878.667,487213943.333,66,1
7c0f8fa7d25069cce2f4,33494120,A,training,Cond1,456,False,1012,False,487218957.333,487218997.667,41,1,False,487218957.333,487218997.667,41,1,False,487218957.333,487218997.667,41,1
f206532a18f65c339340,33494136,A,training,Cond1,456,False,1013,False,487263500.333,487263575.333,76,1,False,487263500.333,487263575.333,76,1,False,487263500.333,487263575.333,76,1
861f156ee6accea60cc5,33494140,B,training,Cond2,456,False,1014,False,487267871.333,487267942.333,72,1,False,487267871.333,487267942.333,72,1,False,487267872.333,487267942.333,71,1
78050b35d90ded2eb711,33494166,A,training,Cond1,456,False,1013,False,487263307.333,487263355.333,49,1,False,487263307.333,487263355.333,49,1,False,487263307.333,487263355.333,49,1
4453ac0b391bb2a19a3f,35494162,A,training,Cond1,456,False,1014,False,487266431.0,487266495.333,70,1,False,487266431.0,487266495.333,70,1,False,487266431.0,487266495.333,70,1
acd990997a27f4366f07,35494392,A,training,Cond1,456,False,1013,False,487263686.333,487263755.333,70,1,False,487263687.333,487263755.333,69,1,False,487263687.333,487263755.333,69,1
44aabafc8229235e609c,37494370,B,training,Cond2,456,False,978,False,487020693.0,487020760.0,68,1,False,487020693.0,487020760.0,68,1,False,487020693.0,487020760.0,68,1
c876e7b629376036a637,37494378,B,training,Cond2,456,False,972,False,486964104.0,486964168.0,65,1,False,486964104.0,486964168.0,65,1,False,486964104.0,486964168.0,65,1
00c5947959dc851f78a8,37494386,A,training,Cond1,456,False,959,False,486913489.0,486913555.0,66,1,False,486913489.0,486913555.0,66,1,False,486913489.0,486913555.0,66,1
026071fc4e76d9c91c7e,37494386,B,training,Cond2,456,False,972,False,486964295.0,486964364.0,70,1,False,486964296.0,486964364.0,69,1,False,486964296.0,486964364.0,69,1
2a3756ecf573ca5fb122,37494400,B,training,Cond2,456,False,971,False,486961903.333,486961968.333,66,1,False,486961903.333,486961968.333,66,1,False,486961903.333,486961968.333,66,1
39bc3416eb7ca8ed7e20,37494408,A,training,Cond1,456,False,960,False,486915333.0,486915401.667,70,1,False,486915333.0,486915401.667,70,1,False,486915333.0,486915401.667,70,1
b426a521f8ee659c4136,37494416,B,training,Cond2,456,False,980,False,487028880.333,487028949.333,70,1,False,487028880.333,487028949.333,70,1,False,487028881.333,487028949.333,69,1
fa25977b66243f6cfab1,37494420,A,training,Cond1,456,False,967,False,486944794.333,486944860.333,67,1,False,486944794.333,486944860.333,67,1,False,486944794.333,486944860.333,67,1
c9fbd843b58d5b0ac58e,37494420,B,training,Cond2,456,False,978,False,487020503.0,487020570.0,68,1,False,487020503.0,487020570.0,68,1,False,487020503.0,487020570.0,68,1
9936e85984772008ce7e,37494428,A,training,Cond1,456,False,959,False,486913675.667,486913744.667,70,1,False,486913676.667,486913744.667,69,1,False,486913676.667,486913744.667,69,1
2cc94b2b7728541f8861,37494428,B,training,Cond2,456,False,970,False,486958700.333,486958775.333,76,1,False,486958700.333,486958775.333,76,1,False,486958700.333,486958775.333,76,1
df196a7fe3ca0e4d5ed0,37494432,A,training,Cond1,456,False,964,False,486936204.333,486936271.333,68,1,False,486936204.333,486936271.333,68,1,False,486936204.333,486936271.333,68,1
8a817b046c8dc3fd2577,37494444,A,training,Cond1,456,False,969,False,486957163.333,486957232.333,70,1,False,486957163.333,486957232.333,70,1,False,486957163.333,486957232.333,70,1
c4a259a72b484c35e21f,37494444,B,training,Cond2,456,False,982,False,487045357.333,487045425.333,69,1,False,487045357.333,487045425.333,69,1,False,487045357.333,487045425.333,69,1
61b96069cda3fc5d7af1,39494146,B,training,Cond2,456,False,982,True,487044341.333,487044527.333,185,1,True,487044341.333,487044527.333,185,1,True,487044341.333,487044527.333,185,1
816be3b5d33120eb01b8,39494162,A,training,Cond1,456,False,973,False,486971169.0,486971235.0,67,1,False,486971169.0,486971235.0,67,1,False,486971169.0,486971235.0,67,1
231fa13466e8969f19db,39494162,B,training,Cond2,456,False,981,False,487042103.333,487042172.333,70,1,False,487042103.333,487042172.333,70,1,False,487042103.333,487042172.333,70,1
db0c15a9ac20f98ef0b4,39494170,A,training,Cond1,456,False,974,False,486972054.0,486972118.0,65,1,False,486972054.0,486972118.0,65,1,False,486972054.0,486972118.0,65,1
c8d0eb2d8197750d2791,39494170,B,training,Cond2,456,False,983,False,487046496.333,487046562.333,67,1,False,487046496.333,487046562.333,67,1,False,487046496.333,487046562.333,67,1
b5b2aa67bd8624ac5c2d,39494174,B,training,Cond2,456,False,982,False,487044787.333,487044843.333,57,1,False,487044787.333,487044843.333,57,1,False,487044787.333,487044843.333,57,1
a82b217d71ade5180a5f,39494182,B,training,Cond2,456,False,982,False,487044983.333,487045058.333,76,1,False,487044983.333,487045058.333,76,1,False,487044983.333,487045058.333,76,1
1f7bcb13f2e5195766b5,39494368,A,training,Cond1,456,False,965,False,486938682.333,486938750.333,69,1,False,486938682.333,486938750.333,69,1,False,486938682.333,486938750.333,69,1
9fcdfd7c7f13ac41b641,39494376,A,training,Cond1,456,False,967,False,486944984.333,486945052.333,69,1,False,486944984.333,486945052.333,69,1,False,486944984.333,486945052.333,69,1
77bcbcf9c247415a6cef,39494376,B,training,Cond2,456,False,980,False,487029069.333,487029137.333,69,1,False,487029069.333,487029137.333,69,1,False,487029069.333,487029137.333,69,1
f8cc4809884e6953b099,39494380,A,training,Cond1,456,False,966,False,486942108.333,486942172.333,65,1,False,486942108.333,486942172.333,65,1,False,486942108.333,486942172.333,65,1
35ea65b2794aeaa50a50,39494388,A,training,Cond1,456,False,965,False,486938493.333,486938559.333,67,1,False,486938493.333,486938559.333,67,1,False,486938493.333,486938559.333,67,1
a5e299d9e5dfcafb19a2,41494386,B,training,Cond2,456,False,988,True,487084453.333,487084640.333,188,1,True,487084453.333,487084640.333,188,1,True,487084453.333,487084640.333,188,1
7bbdfd3b5e1ff3695dcb,41494394,A,training,Cond1,456,False,976,False,486995620.667,486995685.667,66,1,False,486995620.667,486995685.667,66,1,False,486995620.667,486995685.667,66,1
cfd347275ff40c458e05,41494398,B,training,Cond2,456,False,982,False,487045166.333,487045235.333,70,1,False,487045167.333,487045235.333,69,1,False,487045167.333,487045235.333,69,1
c43eee9c1513300c7df1,41494428,A,training,Cond1,456,False,979,False,487027705.667,487027772.667,68,1,False,487027705.667,487027772.667,68,1,False,487027705.667,487027772.667,68,1
64e55696aaaf10847115,41494444,B,training,Cond2,456,False,1004,False,487167977.667,487168023.667,47,1,False,487167977.667,487168023.667,47,1,False,487167977.667,487168023.667,47,1
0e8a849bf0a9d9e92688,41494452,A,training,Cond1,456,False,985,False,487062777.333,487062849.333,73,1,False,487062778.333,487062849.333,72,1,False,487062778.333,487062849.333,72,1
becf7091bf2cfa7a5ec4,41494452,B,training,Cond2,456,False,1002,False,487161025.0,487161094.667,71,1,False,487161026.333,487161094.667,70,1,False,487161026.333,487161094.667,70,1
2eab6eb436c3e259dd8d,41494456,B,training,Cond2,456,False,1000,False,487140434.0,487140501.667,69,1,False,487140434.0,487140501.667,69,1,False,487140434.0,487140501.667,69,1
18c814cfb1f440d688f4,43494150,B,training,Cond2,456,False,993,False,487113502.667,487113567.667,66,1,False,487113502.667,487113567.667,66,1,False,487113502.667,487113567.667,66,1
42c6318158bf05f3bc60,43494158,B,training,Cond2,456,False,1001,False,487147065.0,487147132.667,69,1,False,487147065.0,487147132.667,69,1,False,487147066.0,487147132.667,68,1
ac0edad43c4f807fa602,43494166,A,training,Cond1,456,False,987,False,487082514.333,487082585.333,72,1,False,487082515.333,487082585.333,71,1,False,487082515.333,487082585.333,71,1
98e7a3a7a7e17d8d0060,43494170,A,training,Cond1,456,False,989,False,487091102.333,487091167.333,66,1,False,487091102.333,487091167.333,66,1,False,487091102.333,487091167.333,66,1
3d9dc3b8032cead14c80,43494170,B,training,Cond2,456,False,1001,False,487146305.0,487146371.667,68,1,False,487146305.0,487146371.667,68,1,False,487146305.0,487146371.667,68,1
f780fd5637561a3c3d16,43494178,A,training,Cond1,456,False,985,False,487063341.333,487063410.333,70,1,False,487063341.333,487063410.333,70,1,False,487063342.333,487063410.333,69,1
025b74b54e01e57dc2bb,43494178,B,training,Cond2,456,False,994,False,487116183.667,487116251.667,69,1,False,487116183.667,487116251.667,69,1,False,487116183.667,487116251.667,69,1
968ad2ee7f690e2b5339,43494194,A,training,Cond1,456,False,987,False,487082892.333,487082961.333,70,1,False,487082892.333,487082961.333,70,1,False,487082892.333,487082961.333,70,1
bdc3b74e17d971dd7fc1,43494198,B,training,Cond2,456,False,1002,False,487160463.0,487160530.667,69,1,False,487160463.0,487160530.667,69,1,False,487160463.0,487160530.667,69,1
b2626c7857633e40d700,43494206,A,training,Cond1,456,False,991,False,487110167.0,487110235.333,69,1,False,487110167.667,487110235.333,68,1,False,487110167.667,487110235.333,68,1
83af60abcd9088be2636,43494206,B,training,Cond2,456,False,1002,False,487160651.0,487160719.667,70,1,False,487160651.0,487160719.667,70,1,False,487160651.667,487160719.667,69,1
df3f8488077b3af474fd,43494368,A,training,Cond1,456,False,991,False,487110544.0,487110613.0,69,1,False,487110544.0,487110613.0,69,1,False,487110544.0,487110613.0,69,1
69d4050e3444b11756f0,43494392,B,training,Cond2,456,False,994,False,487116692.667,487116760.667,69,1,False,487116692.667,487116760.667,69,1,False,487116692.667,487116760.667,69,1
f160cafb614f8a2d1392,319446604,A,training,Cond3,123,False,39,False,482307537.0,482307685.333,149,1,False,482307537.0,482307685.333,149,1,False,482307537.0,482307685.333,149,1
ad6de2d08ea5b9c1f21e,319446612,A,training,Cond3,123,False,50,False,482485111.0,482485261.333,151,1,False,482485111.0,482485261.333,151,1,False,482485111.0,482485261.333,151,1
e4882da171eb2895f32b,319446616,A,training,Cond3,123,False,41,False,482375772.0,482375920.0,149,1,False,482375772.0,482375920.0,149,1,False,482375772.0,482375920.0,149,1
709ff2ea49fe5500be3a,319446628,A,training,Cond3,123,False,53,False,482548221.333,482548380.667,160,1,False,482548221.333,482548380.667,160,1,False,482548221.333,482548380.667,160,1
d9cca12d00dba90697eb,319446648,A,training,Cond3,123,False,54,False,482557227.667,482557387.667,161,1,False,482557227.667,482557387.667,161,1,False,482557227.667,482557387.667,161,1
69de9fc8f280e41a1980,321446688,A,training,Cond3,123,False,30,False,482136019.667,482136167.667,149,1,False,482136019.667,482136167.667,149,1,False,482136019.667,482136167.667,149,1
2d348c29108d66b3a81e,321446716,A,training,Cond3,123,False,36,False,482226100.667,482226249.667,150,1,False,482226100.667,482226249.667,150,1,False,482226100.667,482226249.667,150,1
4714477e94de29e4d56e,321446850,A,training,Cond3,123,False,40,False,482361671.333,482361819.333,149,1,False,482361671.333,482361819.333,149,1,False,482361671.333,482361819.333,149,1
a72ea64e83527065c982,321446858,A,training,Cond3,123,False,34,False,482202697.333,482202845.333,149,1,False,482202697.333,482202845.333,149,1,False,482202697.333,482202845.333,149,1
91b2e4c6729efe49cad5,321446862,A,training,Cond3,123,False,33,False,482198656.667,482198796.667,141,1,False,482198656.667,482198796.667,141,1,False,482198656.667,482198796.667,141,1
a173916dd2535b568526,321446870,A,training,Cond3,123,False,55,False,482573840.333,482573997.0,158,1,False,482573840.333,482573997.0,158,1,False,482573840.333,482573997.0,158,1
ea3ea2e2970bf6f19de7,321446874,A,training,Cond3,123,False,34,False,482202534.333,482202691.0,156,1,False,482202534.333,482202691.0,156,1,False,482202534.333,482202691.0,156,1
c140680ceb7dfee0b7d8,321446878,A,training,Cond3,123,False,37,False,482243166.667,482243320.667,155,1,False,482243166.667,482243320.667,155,1,False,482243166.667,482243320.667,155,1
9bbfe52b8cad151c51a0,323446592,A,training,Cond3,123,False,84,False,483402986.667,483403136.667,151,1,False,483402986.667,483403136.667,151,1,False,483402986.667,483403136.667,151,1
3bc9a5d16b24986c272b,323446596,A,training,Cond3,123,False,83,False,483401660.0,483401823.667,165,1,False,483401660.0,483401823.667,165,1,False,483401660.0,483401823.667,165,1
a5164bdf066dc3f4b8bc,323446600,A,training,Cond3,123,False,85,False,483406219.667,483406377.0,158,1,False,483406219.667,483406377.0,158,1,False,483406219.667,483406377.0,158,1
cc1c7e7bb3453f332aef,323446604,A,training,Cond3,123,False,84,False,483402829.333,483402981.333,153,1,False,483402829.333,483402981.333,153,1,False,483402829.333,483402981.333,153,1
232b5dc71fe20c6e2285,323446608,A,training,Cond3,123,False,87,False,483434311.0,483434467.333,163,1,False,483434311.0,483434467.333,163,1,False,483434311.0,483434467.333,163,1
be9e0747a046cfd72627,323446612,A,training,Cond3,123,False,88,False,483435746.333,483435896.0,147,1,False,483435746.333,483435896.0,147,1,False,483435746.333,483435896.0,147,1
2c3474d0bb09c8f320e1,323446616,A,training,Cond3,123,False,90,False,483449215.667,483449372.667,158,1,False,483449215.667,483449372.667,158,1,False,483449215.667,483449372.667,158,1
485553f4b7e85a826673,323446620,A,training,Cond3,123,False,89,False,483438221.333,483438376.0,156,1,False,483438221.333,483438376.0,156,1,False,483438221.333,483438376.0,156,1
303d456bd75b11c695e3,323446628,A,training,Cond3,123,False,88,False,483435584.333,483435742.0,156,1,False,483435584.333,483435742.0,156,1,False,483435584.333,483435742.0,156,1
f516c38f59228d1cd1f4,323446636,A,training,Cond3,123,False,91,False,483463417.0,483463565.667,146,1,False,483463417.0,483463565.667,146,1,False,483463417.0,483463565.667,146,1
af31252908d103285e3b,323446644,A,training,Cond3,123,False,88,False,483436205.667,483436350.333,144,1,False,483436205.667,483436350.333,144,1,False,483436205.667,483436350.333,144,1
6e763d77037bc6feb98e,323446690,A,training,Cond3,123,False,88,False,483436053.667,483436200.333,143,1,False,483436053.667,483436200.333,143,1,False,483436053.667,483436200.333,143,1
fe7013a567b636dd3e85,323446702,A,training,Cond3,123,False,96,False,483600882.667,483601025.667,144,1,False,483600882.667,483601025.667,144,1,False,483600882.667,483601025.667,144,1
926340eee6b17681b621,325446696,A,training,Cond3,123,False,74,False,483224827.333,483224982.333,156,1,False,483224827.333,483224982.333,156,1,False,483224827.333,483224982.333,156,1
4c335302d1bf52e2483d,325446704,A,training,Cond3,123,False,73,False,483212840.667,483212978.0,141,1,False,483212840.667,483212978.0,141,1,False,483212840.667,483212978.0,141,1
9ea6e2d6c5dfa571391a,325446708,A,training,Cond3,123,False,74,False,483224988.333,483225136.667,147,1,False,483224988.333,483225136.667,147,1,False,483224988.333,483225136.667,147,1
09e77db79fe075729c6a,325446716,A,training,Cond3,123,False,76,False,483261934.333,483262075.333,142,1,False,483261934.333,483262075.333,142,1,False,483261934.333,483262075.333,142,1
64573da3c014908637ad,325446850,A,training,Cond3,123,False,81,False,483338997.0,483339153.667,157,1,False,483338997.0,483339153.667,157,1,False,483338997.0,483339153.667,157,1
c98729cc188bf8fecf79,325446858,A,training,Cond3,123,False,86,False,483427087.333,483427245.333,159,1,False,483427087.333,483427245.333,159,1,False,483427087.333,483427245.333,159,1
076e30e0620239cf6938,325446862,A,training,Cond3,123,False,84,False,483402661.667,483402822.667,162,1,False,483402661.667,483402822.667,162,1,False,483402661.667,483402822.667,162,1
d1edfb07cb07ca1aa5f6,325446866,A,training,Cond3,123,False,78,False,483317017.667,483317168.667,152,1,False,483317017.667,483317168.667,152,1,False,483317017.667,483317168.667,152,1
0bc725c714ad1721e4c3,325446870,A,training,Cond3,123,False,75,False,483254895.0,483255050.0,156,1,False,483254895.0,483255050.0,156,1,False,483254895.0,483255050.0,156,1
5a86ebac74ea872e7212,325446890,A,training,Cond3,123,False,82,False,483356910.667,483357059.667,150,1,False,483356910.667,483357059.667,150,1,False,483356910.667,483357059.667,150,1
09c5b4784df30aa69840,325446902,A,training,Cond3,123,False,82,False,483356750.0,483356905.0,156,1,False,483356750.0,483356905.0,156,1,False,483356750.0,483356905.0,156,1
7b1c47765cf45f19354b,325446910,A,training,Cond3,123,False,78,False,483316859.0,483317011.667,155,1,False,483316859.0,483317011.667,155,1,False,483316859.0,483317011.667,155,1
753519206c6ace8cb4f2,327446592,A,training,Cond3,123,False,21,False,481948150.0,481948300.667,153,1,False,481948150.0,481948300.667,153,1,False,481948150.0,481948300.667,153,1
5562499b641799ab7cbf,327446596,A,training,Cond3,123,False,21,False,481947829.0,481947986.667,159,1,False,481947829.0,481947986.667,159,1,False,481947829.0,481947986.667,159,1
5e1077bbc2eb3af2bce1,327446604,A,training,Cond3,123,False,21,False,481947993.0,481948143.0,150,1,False,481947993.0,481948143.0,150,1,False,481947993.0,481948143.0,150,1
e7266baa7d644aad6d4b,327446608,A,training,Cond3,123,False,16,False,481868821.0,481868971.667,150,1,False,481868821.0,481868971.667,150,1,False,481868821.0,481868971.667,150,1
6a7ef087155f7c7b2dd7,327446612,A,training,Cond3,123,False,16,False,481868655.333,481868814.333,160,1,False,481868655.333,481868814.333,160,1,False,481868655.333,481868814.333,160,1
02baed5ef02aaccba791,327446616,A,training,Cond3,123,False,17,False,481893540.667,481893698.333,159,1,False,481893540.667,481893698.333,159,1,False,481893540.667,481893698.333,159,1
60d2484774ad6ee0e902,327446640,A,training,Cond3,123,False,29,False,482129212.667,482129364.667,143,1,False,482129212.667,482129364.667,143,1,False,482129212.667,482129364.667,143,1
0df5f5e814a00340b59e,327446644,A,training,Cond3,123,False,20,False,481939528.0,481939674.0,147,1,False,481939528.0,481939674.0,147,1,False,481939528.0,481939674.0,147,1
5ddb1de8cc3645ec9366,327446648,A,training,Cond3,123,False,20,False,481939680.0,481939833.0,154,1,False,481939680.0,481939833.0,154,1,False,481939680.0,481939833.0,154,1
584c47a8018f515fa33a,327446690,A,training,Cond3,123,False,17,False,481893862.667,481894013.667,152,1,False,481893862.667,481894013.667,152,1,False,481893862.667,481894013.667,152,1
83239fd4a5f485c8b414,327446706,A,training,Cond3,123,False,15,False,481866533.667,481866683.333,151,1,False,481866533.667,481866683.333,151,1,False,481866533.667,481866683.333,151,1
bd0dd8d3b8c2336c41ac,327446710,A,training,Cond3,123,False,14,False,481857505.0,481857654.667,151,1,False,481857505.0,481857654.667,151,1,False,481857505.0,481857654.667,151,1
85dd5eea159e4083856a,327446714,A,training,Cond3,123,False,12,False,481842254.667,481842398.0,165,1,False,481842254.667,481842398.0,165,1,False,481842254.667,481842398.0,165,1
1b632f79cdf34336102c,327446718,A,training,Cond3,123,False,12,False,481842404.333,481842554.667,150,1,False,481842404.333,481842554.667,150,1,False,481842404.333,481842554.667,150,1
c7b74edf5ce87398abba,329446692,A,training,Cond3,123,False,5,False,481694538.0,481694679.333,143,1,False,481694538.0,481694679.333,143,1,False,481694538.0,481694679.333,143,1
dcca3a86574439567516,329446704,A,training,Cond3,123,False,7,False,481717606.333,481717752.0,146,1,False,481717606.333,481717752.0,146,1,False,481717606.333,481717752.0,146,1
2d9c809ebe1b670aa2d1,329446708,A,training,Cond3,123,False,6,False,481701521.667,481701666.667,145,1,False,481701521.667,481701666.667,145,1,False,481701521.667,481701666.667,145,1
925307cac0e796be78da,329446712,A,training,Cond3,123,False,4,False,481690645.0,481690805.0,161,1,False,481690645.0,481690805.0,161,1,False,481690645.0,481690805.0,161,1
86ac239e77795e929604,329446850,A,training,Cond3,123,False,8,False,481718964.0,481719101.0,138,1,False,481718964.0,481719101.0,138,1,False,481718964.0,481719101.0,138,1
0115301c9e660b8ffa1e,329446854,A,training,Cond3,123,False,11,False,481788460.0,481788619.0,160,1,False,481788460.0,481788619.0,160,1,False,481788460.0,481788619.0,160,1
7bda927c513341193d91,329446858,A,training,Cond3,123,False,9,False,481742206.333,481742369.667,163,1,False,481742206.333,481742369.667,163,1,False,481742206.333,481742369.667,163,1
f7577526d5ae0dc9edef,329446866,A,training,Cond3,123,False,10,False,481749727.0,481749873.0,147,1,False,481749727.0,481749873.0,147,1,False,481749727.0,481749873.0,147,1
492e86711e0d37f5d1a2,329446870,A,training,Cond3,123,False,10,False,481749565.333,481749719.0,154,1,False,481749565.333,481749719.0,154,1,False,481749565.333,481749719.0,154,1
b54cc4192e8c5f3e43dc,329446874,A,training,Cond3,123,False,8,False,481719132.667,481719270.667,138,1,False,481719132.667,481719270.667,138,1,False,481719132.667,481719270.667,138,1
826616f1d294a4657f5c,329446878,A,training,Cond3,123,False,10,False,481750036.0,481750188.333,153,1,False,481750036.0,481750188.333,153,1,False,481750036.0,481750188.333,153,1
e4d3cd5696ad20c15da5,329446886,A,training,Cond3,123,False,12,False,481842718.333,481842869.667,151,1,False,481842718.333,481842869.667,151,1,False,481842718.333,481842869.667,151,1
476302e46c75e9e08aff,329446898,A,training,Cond3,123,False,12,False,481842562.333,481842711.0,151,1,False,481842562.333,481842711.0,151,1,False,481842562.333,481842711.0,151,1
812038f79990351cb0f0,329446902,A,training,Cond3,123,False,10,False,481749879.667,481750029.0,150,1,False,481749879.667,481750029.0,150,1,False,481749879.667,481750029.0,150,1
4e78c040d91b09dda2d7,329446906,A,training,Cond3,123,False,13,False,481845196.667,481845340.667,145,1,False,481845196.667,481845340.667,145,1,False,481845196.667,481845340.667,145,1
e861f68ddc022843668e,329446910,A,training,Cond3,123,False,13,False,481845023.667,481845181.667,160,1,False,481845023.667,481845181.667,160,1,False,481845023.667,481845181.667,160,1
6494fc3cf5b93ed9b5de,331446628,A,training,Cond3,123,False,30,False,482135862.667,482136013.667,152,1,False,482135862.667,482136013.667,152,1,False,482135862.667,482136013.667,152,1
063fd4a23973bacf6eef,331446632,A,training,Cond3,123,False,29,False,482129841.667,482129990.667,149,1,False,482129841.667,482129990.667,149,1,False,482129841.667,482129990.667,149,1
66b2a87432bb55c468c4,331446658,A,training,Cond3,123,False,32,False,482195342.333,482195483.333,142,1,False,482195342.333,482195483.333,142,1,False,482195342.333,482195483.333,142,1
02b76efb9a7a4d7afbf7,331446662,A,training,Cond3,123,False,27,False,482112289.333,482112441.667,140,1,False,482112289.333,482112441.667,140,1,False,482112289.333,482112441.667,140,1
7202e67bfa940169aac5,331446670,A,training,Cond3,123,False,28,False,482116214.0,482116374.0,161,1,False,482116214.0,482116374.0,161,1,False,482116214.0,482116374.0,161,1
a50b209d91552b58d817,333446656,A,training,Cond3,123,False,23,False,481992152.667,481992312.667,161,1,False,481992152.667,481992312.667,161,1,False,481992152.667,481992312.667,161,1
8384724cf0d84047be18,333446660,A,training,Cond3,123,False,31,False,482180717.0,482180878.333,162,1,False,482180717.0,482180878.333,162,1,False,482180717.0,482180878.333,162,1
876536c11a353c413eff,333446668,A,training,Cond3,123,False,25,False,482011505.667,482011650.333,144,1,False,482011505.667,482011650.333,144,1,False,482011505.667,482011650.333,144,1
f107c808ead4ae246977,333446672,A,training,Cond3,123,False,30,False,482135706.667,482135856.667,151,1,False,482135706.667,482135856.667,151,1,False,482135706.667,482135856.667,151,1
299f33c93993fe0b7b68,333446858,A,training,Cond3,123,False,27,False,482112611.0,482112761.333,151,1,False,482112611.0,482112761.333,151,1,False,482112611.0,482112761.333,151,1
d4f94019a805b81de393,333446862,A,training,Cond3,123,False,29,False,482129684.667,482129834.667,151,1,False,482129684.667,482129834.667,151,1,False,482129684.667,482129834.667,151,1
0bda1f57a8c008f047c1,333446882,A,training,Cond3,123,False,29,False,482129370.667,482129522.667,158,1,False,482129370.667,482129522.667,158,1,False,482129370.667,482129522.667,158,1
ba1d62e7d5e360f58b1e,333446910,A,training,Cond3,123,False,38,False,482304919.667,482305060.667,142,1,False,482304919.667,482305060.667,142,1,False,482304919.667,482305060.667,142,1
f700c66441a378bc5a3f,343446890,A,training,Cond3,123,False,95,False,483597528.0,483597679.0,152,1,False,483597528.0,483597679.0,152,1,False,483597528.0,483597679.0,152,1
81d842d768a462df986e,343446894,A,training,Cond3,123,False,95,False,483597834.667,483597977.0,143,1,False,483597834.667,483597977.0,143,1,False,483597834.667,483597977.0,143,1
6bab874de7d745e7c7dd,343446912,A,training,Cond3,123,False,95,False,483598708.667,483598852.667,146,1,False,483598708.667,483598852.667,146,1,False,483598708.667,483598852.667,146,1
685c2d6bf4a9219bb0ea,343446916,A,training,Cond3,123,False,103,False,483801959.0,483802102.333,144,1,False,483801959.0,483802102.333,144,1,False,483801959.0,483802102.333,144,1
cc7024a3edb92909ca8a,343446920,A,training,Cond3,123,False,94,False,483595318.0,483595468.0,137,1,False,483595318.0,483595468.0,137,1,False,483595318.0,483595468.0,137,1
8976c6abeb56525fab00,343446924,A,training,Cond3,123,False,96,False,483600430.333,483600574.0,146,1,False,483600430.333,483600574.0,146,1,False,483600430.333,483600574.0,146,1
5050b4ed6924957e1fc8,343446928,A,training,Cond3,123,False,96,False,483600740.667,483600875.667,136,1,False,483600740.667,483600875.667,136,1,False,483600740.667,483600875.667,136,1
6a6511994c25a6c713a0,343446932,A,training,Cond3,123,False,95,False,483598419.0,483598553.667,155,1,False,483598419.0,483598553.667,155,1,False,483598419.0,483598553.667,155,1
930cf83cfa68f30cf3ba,343446936,A,training,Cond3,123,False,96,False,483601032.667,483601174.667,143,1,False,483601032.667,483601174.667,143,1,False,483601032.667,483601174.667,143,1
eaf652abb31242c77654,343446940,A,training,Cond3,123,False,98,False,483640573.333,483640727.333,155,1,False,483640573.333,483640727.333,155,1,False,483640573.333,483640727.333,155,1
bf953e255f124dcbb069,343446944,A,training,Cond3,123,False,97,False,483629965.667,483630101.333,138,1,False,483629965.667,483630101.333,138,1,False,483629965.667,483630101.333,138,1
863d99cc84a3dbbcc32c,343446948,A,training,Cond3,123,False,95,False,483598560.667,483598700.667,140,1,False,483598560.667,483598700.667,140,1,False,483598560.667,483598700.667,140,1
82f7c7af9ac6b731fd52,343446956,A,training,Cond3,123,False,99,False,483786477.333,483786632.333,159,1,False,483786477.333,483786632.333,159,1,False,483786477.333,483786632.333,159,1
12cd5a5f311d203df301,343446960,A,training,Cond3,123,False,109,False,484091200.0,484091346.667,153,1,False,484091200.0,484091346.667,153,1,False,484091200.0,484091346.667,153,1
6a3b265f56c58fbf4d62,345446666,A,training,Cond3,123,False,92,False,483504405.333,483504552.0,147,1,False,483504405.333,483504552.0,147,1,False,483504405.333,483504552.0,147,1
1787c5783d86e3436369,345446690,A,training,Cond3,123,False,102,False,483800941.0,483801097.0,157,1,False,483800941.0,483801097.0,157,1,False,483800941.0,483801097.0,157,1
d6f03c8bab7a99377781,345446694,A,training,Cond3,123,False,95,False,483597685.333,483597828.0,144,1,False,483597685.333,483597828.0,144,1,False,483597685.333,483597828.0,144,1
d9f7e3f025c57c9e1016,345446710,A,training,Cond3,123,False,94,False,483594210.333,483594359.0,150,1,False,483594210.333,483594359.0,150,1,False,483594210.333,483594359.0,150,1
f1bc676216b973069c2d,345446880,A,training,Cond3,123,False,86,False,483427251.333,483427401.333,151,1,False,483427251.333,483427401.333,151,1,False,483427251.333,483427401.333,151,1
7fdabeee3d116e9998b7,345446884,A,training,Cond3,123,False,88,False,483435901.333,483436048.667,146,1,False,483435901.333,483436048.667,146,1,False,483435901.333,483436048.667,146,1
bf674c29c79c9353d5a7,349446658,A,training,Cond3,123,False,105,False,483819525.333,483819681.667,155,1,False,483819525.333,483819681.667,155,1,False,483819525.333,483819681.667,155,1
ac2a01f9a30250c777f6,349446662,A,training,Cond3,123,False,110,False,484112762.333,484112896.333,134,1,False,484112762.333,484112896.333,134,1,False,484112762.333,484112896.333,134,1
a14e28ab221e7c6b0cf0,349446666,A,training,Cond3,123,False,108,False,484089058.333,484089199.333,141,1,False,484089058.333,484089199.333,141,1,False,484089058.333,484089199.333,141,1
9f5db1d6619acbc80fb0,349446670,A,training,Cond3,123,False,109,False,484091044.667,484091193.0,149,1,False,484091044.667,484091193.0,149,1,False,484091044.667,484091193.0,149,1
c922cf224fe8c7da4b2e,349446674,A,training,Cond3,123,False,103,False,483802109.333,483802253.667,147,1,False,483802109.333,483802253.667,147,1,False,483802109.333,483802253.667,147,1
8e2cf667e77e109ab274,349446678,A,training,Cond3,123,False,103,False,483803015.0,483803159.0,145,1,False,483803015.0,483803159.0,145,1,False,483803015.0,483803159.0,145,1
7d45d054e7adbda531dd,349446682,A,training,Cond3,123,False,103,False,483801801.0,483801952.333,152,1,False,483801801.0,483801952.333,152,1,False,483801801.0,483801952.333,152,1
f6086a0e457fc033ea77,349446686,A,training,Cond3,123,False,104,False,483815183.333,483815336.333,154,1,False,483815183.333,483815336.333,154,1,False,483815183.333,483815336.333,154,1
07bd81249aa08970bd1b,349446690,A,training,Cond3,123,False,111,False,484120602.0,484120737.0,135,1,False,484120602.0,484120737.0,135,1,False,484120602.0,484120737.0,135,1
9b3d4e5ff4e7b8dcba35,349446706,A,training,Cond3,123,False,111,False,484119985.667,484120132.667,145,1,False,484119985.667,484120132.667,145,1,False,484119985.667,484120132.667,145,1
83f3b4b44cc6ba8a65e5,349446710,A,training,Cond3,123,False,112,False,484121700.667,484121855.667,156,1,False,484121700.667,484121855.667,156,1,False,484121700.667,484121855.667,156,1
bf767151439f709d9384,349446896,A,training,Cond3,123,False,107,False,483929249.667,483929410.667,162,1,False,483929249.667,483929410.667,162,1,False,483929249.667,483929410.667,162,1
00f6f5454b59a74aed6e,349446900,A,training,Cond3,123,False,106,False,483926237.0,483926372.0,136,1,False,483926237.0,483926372.0,136,1,False,483926237.0,483926372.0,136,1
232a6683348d4e27f2a9,371447024,A,training,Cond3,123,False,1,False,481637082.333,481637240.667,159,1,False,481637082.333,481637240.667,159,1,False,481637082.333,481637240.667,159,1
249ccd65a4db0e5417cc,371447028,A,training,Cond3,123,False,2,False,481639714.667,481639872.667,159,1,False,481639714.667,481639872.667,159,1,False,481639714.667,481639872.667,159,1
a670cb587012088fbb8c,371447032,A,training,Cond3,123,False,3,False,481687497.333,481687634.333,137,1,False,481687497.333,481687634.333,137,1,False,481687497.333,481687634.333,137,1
026ceaf0f89479f16cb8,371447036,A,training,Cond3,123,False,2,False,481639879.667,481640029.0,150,1,False,481639879.667,481640029.0,150,1,False,481639879.667,481640029.0,150,1
d71ced71c5ac5cebf74c,373446778,A,training,Cond3,123,False,3,False,481687649.0,481687784.333,136,1,False,481687649.0,481687784.333,136,1,False,481687649.0,481687784.333,136,1
4366680378e4922e613b,665222750,A,training,Cond3,123,False,113,False,484126366.667,484126523.667,158,1,False,484126366.667,484126523.667,158,1,False,484126366.667,484126523.667,158,1
f357b40fb690795f524d,665222754,A,training,Cond3,123,False,116,False,484144585.667,484144737.667,153,1,False,484144585.667,484144737.667,153,1,False,484144585.667,484144737.667,153,1
0b02932c086bc19213b1,665222758,A,training,Cond3,123,False,117,False,484148303.667,484148444.667,142,1,False,484148303.667,484148444.667,142,1,False,484148303.667,484148444.667,142,1
6b21f2b426ec8114b836,665222766,A,training,Cond3,123,False,114,False,484133945.0,484134082.0,138,1,False,484133945.0,484134082.0,138,1,False,484133945.0,484134082.0,138,1
0517ebae14509834dc2b,665222796,A,training,Cond3,123,False,49,False,482458706.667,482458864.667,159,1,False,482458706.667,482458864.667,159,1,False,482458706.667,482458864.667,159,1
e41643033e109f1c0f67,665222800,A,training,Cond3,123,False,45,False,482392725.667,482392884.667,160,1,False,482392725.667,482392884.667,160,1,False,482392725.667,482392884.667,160,1
0f8c20ebd53c1e3a44f2,665222804,A,training,Cond3,123,False,43,False,482388951.0,482389094.333,142,1,False,482388951.0,482389094.333,142,1,False,482388951.0,482389094.333,142,1
ad172c383850d4f4d95b,665222808,A,training,Cond3,123,False,41,False,482375621.0,482375765.0,145,1,False,482375621.0,482375765.0,145,1,False,482375621.0,482375765.0,145,1
f9bbb6e2c5d8bfba341e,665222812,A,training,Cond3,123,False,48,False,482430338.0,482430490.333,152,1,False,482430338.0,482430490.333,152,1,False,482430338.0,482430490.333,152,1
289493e9505959bdc815,675222832,A,training,Cond3,123,False,46,False,482405749.333,482405891.333,143,1,False,482405749.333,482405891.333,143,1,False,482405749.333,482405891.333,143,1
2e48119cf74bcc87b380,675222836,A,training,Cond3,123,False,47,False,482428232.333,482428386.0,152,1,False,482428232.333,482428386.0,152,1,False,482428232.333,482428386.0,152,1
63feaed815e1d895902b,675222840,A,training,Cond3,123,False,56,False,482773228.0,482773380.0,153,1,False,482773228.0,482773380.0,153,1,False,482773228.0,482773380.0,153,1
a5fd1e4cc339eda1fe2d,1270253678,B,training,Cond2,456,False,953,False,486871250.0,486871321.333,72,1,False,486871251.0,486871321.333,71,1,False,486871251.0,486871321.333,71,1
e683785aed2f544f3912,1270253696,B,training,Cond2,456,False,949,False,486795797.333,486795866.333,70,1,False,486795797.333,486795866.333,70,1,False,486795797.333,486795866.333,70,1
83484028921a3cd8bdd9,1270253716,A,training,Cond1,456,False,938,False,486738822.667,486738887.667,66,1,False,486738822.667,486738887.667,66,1,False,486738822.667,486738887.667,66,1
f87b0c3484eef599f01f,1270253720,A,training,Cond1,456,False,940,False,486743813.333,486743879.667,67,1,False,486743813.333,486743879.667,67,1,False,486743813.333,486743879.667,67,1
3745df199bcb9c623df8,1270253728,A,training,Cond1,456,False,945,False,486770921.667,486770986.0,70,1,False,486770921.667,486770986.0,70,1,False,486770921.667,486770986.0,70,1
9ca3aa93b392bca202ef,1270253752,B,training,Cond2,456,False,953,False,486870876.0,486870947.0,72,1,False,486870877.0,486870947.0,71,1,False,486870877.0,486870947.0,71,1
d7b29c96ee42964cf957,1272253462,B,training,Cond2,456,False,949,False,486795047.333,486795117.333,71,1,False,486795047.333,486795117.333,71,1,False,486795047.333,486795117.333,71,1
dceedcc0599c9f1456fb,1272253470,A,training,Cond1,456,False,943,True,486758951.667,486759113.667,163,1,True,486758951.667,486759113.667,163,1,True,486758951.667,486759113.667,163,1
ae86376bd8d159b5af53,1272253486,A,training,Cond1,456,False,943,False,486759141.667,486759208.667,68,1,False,486759141.667,486759208.667,68,1,False,486759141.667,486759208.667,68,1
5ea29512d772df31c40c,1272253486,B,training,Cond2,456,False,949,False,486795422.333,486795492.333,71,1,False,486795422.333,486795492.333,71,1,False,486795422.333,486795492.333,71,1
3e8cd90ff912a0de928a,1276253442,B,training,Cond2,456,False,958,False,486907012.0,486907077.667,67,1,False,486907012.0,486907077.667,67,1,False,486907012.0,486907077.667,67,1
e54036210e8cf9aec66b,1276253466,B,training,Cond2,456,False,953,False,486871813.0,486871881.0,69,1,False,486871813.0,486871881.0,69,1,False,486871813.0,486871881.0,69,1
2b36e74eee8972d29937,1276253498,A,training,Cond1,456,False,954,False,486872924.0,486872990.0,67,1,False,486872924.0,486872990.0,67,1,False,486872924.0,486872990.0,67,1
26cf2a4e83eee3c05ec4,1276253502,A,training,Cond1,456,False,952,False,486855385.0,486855456.0,72,1,False,486855385.0,486855456.0,72,1,False,486855385.0,486855456.0,72,1
dc27cf1564433362baeb,1276253672,B,training,Cond2,456,False,953,False,486871626.0,486871694.0,69,1,False,486871626.0,486871694.0,69,1,False,486871627.0,486871694.0,68,1
be1c009f94fc2f719790,1276253680,B,training,Cond2,456,False,950,False,486823822.667,486823891.0,69,1,False,486823822.667,486823891.0,69,1,False,486823822.667,486823891.0,69,1
53b35b947fc65cfb0b47,1276253684,B,training,Cond2,456,False,950,False,486823633.667,486823702.0,69,1,False,486823633.667,486823702.0,69,1,False,486823633.667,486823702.0,69,1
954211b899d86457e598,1276253688,A,training,Cond1,456,False,949,False,486794647.333,486794713.333,67,1,False,486794647.333,486794713.333,67,1,False,486794647.333,486794713.333,67,1
0c1bfc8a83d5f95171f8,1276253692,B,training,Cond2,456,False,953,False,486871437.0,486871506.0,70,1,False,486871437.0,486871506.0,70,1,False,486871438.0,486871506.0,69,1
fff5f95cfad8221dc1e8,1286253642,B,training,Cond2,456,False,875,False,486255352.333,486255420.333,69,1,False,486255352.333,486255420.333,69,1,False,486255352.333,486255420.333,69,1
00eee764fdb0d06f18d7,1286253650,B,training,Cond2,456,False,876,False,486258517.333,486258583.333,67,1,False,486258517.333,486258583.333,67,1,False,486258517.333,486258583.333,67,1
4f2f77208c9608080bc9,1286253654,A,training,Cond1,456,False,870,False,486223079.0,486223148.0,70,1,False,486223079.0,486223148.0,70,1,False,486223079.0,486223148.0,70,1
ca58e87316d91528d53b,1286253654,B,training,Cond2,456,False,876,False,486259894.333,486259969.333,76,1,False,486259894.333,486259969.333,76,1,False,486259894.333,486259969.333,76,1
f7c8cf02d36aa2f19ea5,1286253712,A,training,Cond1,456,False,873,False,486248798.333,486248866.333,69,1,False,486248798.333,486248866.333,69,1,False,486248798.333,486248866.333,69,1
e2f9c7b0c706aba9f934,1286253712,B,training,Cond2,456,False,880,False,486278356.0,486278425.0,70,1,False,486278356.0,486278425.0,70,1,False,486278356.0,486278425.0,70,1
44efe9583d86c8f0448c,1286253720,A,training,Cond1,456,False,872,False,486243476.667,486243547.667,72,1,False,486243478.0,486243547.667,71,1,False,486243478.0,486243547.667,71,1
22189d6a8ad3d0ba715b,1286253724,B,training,Cond2,456,False,881,False,486289020.0,486289088.0,70,1,False,486289020.0,486289088.0,70,1,False,486289020.0,486289088.0,70,1
2f2e9835d7d774428a63,1286253728,A,training,Cond1,456,False,872,False,486243665.667,486243733.667,69,1,False,486243665.667,486243733.667,69,1,False,486243667.0,486243733.667,68,1
f87598c47cd1d953e88b,1286253728,B,training,Cond2,456,False,879,False,486272507.0,486272577.333,71,1,False,486272507.0,486272577.333,71,1,False,486272507.0,486272577.333,71,1
c96cbb652051044957fc,1286253732,A,training,Cond1,456,False,877,False,486264145.333,486264214.333,70,1,False,486264145.333,486264214.333,70,1,False,486264145.333,486264214.333,70,1
b9f96528f2aef5b45fee,1286253732,B,training,Cond2,456,False,885,False,486309021.333,486309089.333,69,1,False,486309021.333,486309089.333,69,1,False,486309021.333,486309089.333,69,1
60a208f6741aea739ce5,1286253736,B,training,Cond2,456,False,876,False,486260080.333,486260152.333,73,1,False,486260081.333,486260152.333,72,1,False,486260081.333,486260152.333,72,1
ec01351df04d9063c6e9,1286253744,B,training,Cond2,456,False,874,False,486253645.333,486253709.333,65,1,False,486253645.333,486253709.333,65,1,False,486253645.333,486253709.333,65,1
f46a3f70c0149e934b41,1286253752,A,training,Cond1,456,False,881,False,486288461.0,486288529.0,69,1,False,486288461.0,486288529.0,69,1,False,486288461.0,486288529.0,69,1
0ba79429c868c10331cd,1288253454,A,training,Cond1,456,False,868,False,486210442.333,486210511.667,70,1,False,486210443.333,486210511.667,69,1,False,486210443.333,486210511.667,69,1
5f7d1bfdf58e8150426c,1288253458,A,training,Cond1,456,False,868,False,486211229.333,486211295.667,67,1,False,486211229.333,486211295.667,67,1,False,486211229.333,486211295.667,67,1
ecdd438135f75f141d9b,1288253458,B,training,Cond2,456,False,872,False,486243286.667,486243351.667,67,1,False,486243286.667,486243351.667,67,1,False,486243286.667,486243351.667,67,1
86cb202a491844c659ab,1288253462,A,training,Cond1,456,False,868,False,486211605.667,486211675.333,71,1,False,486211605.667,486211675.333,71,1,False,486211606.333,486211675.333,70,1
12a4b5ed0b6b8a3a10a9,1288253470,A,training,Cond1,456,False,869,False,486216742.0,486216810.0,69,1,False,486216742.0,486216810.0,69,1,False,486216742.0,486216810.0,69,1
4fbcd165e03e31b39979,1288253474,A,training,Cond1,456,False,864,False,486201521.667,486201588.667,68,1,False,486201521.667,486201588.667,68,1,False,486201521.667,486201588.667,68,1
052dfdf198823795f42f,1288253478,A,training,Cond1,456,False,869,False,486216553.0,486216617.0,61,1,False,486216553.0,486216617.0,61,1,False,486216553.0,486216617.0,61,1
a8ad6542f6870331adce,1288253482,A,training,Cond1,456,False,863,False,486196383.667,486196451.667,69,1,False,486196383.667,486196451.667,69,1,False,486196383.667,486196451.667,69,1
3124ef9179bdcacc09c1,1288253490,A,training,Cond1,456,False,868,False,486210066.667,486210135.333,70,1,False,486210066.667,486210135.333,70,1,False,486210066.667,486210135.333,70,1
bc12d024ab88925b79a3,1288253490,B,training,Cond2,456,False,874,False,486253839.333,486253907.333,68,1,False,486253839.333,486253907.333,68,1,False,486253839.333,486253907.333,68,1
f7abc27eef963eb31eb1,1288253494,A,training,Cond1,456,False,870,False,486222328.0,486222398.0,71,1,False,486222328.0,486222398.0,71,1,False,486222328.0,486222398.0,71,1
86a9bb5edc4b27ce024f,1288253494,B,training,Cond2,456,False,876,False,486258896.333,486258966.333,75,1,False,486258896.667,486258966.333,74,1,False,486258896.667,486258966.333,74,1
a4d9c3231dfa06abe8b6,1288253502,A,training,Cond1,456,False,868,False,486209878.667,486209949.667,72,1,False,486209878.667,486209949.667,72,1,False,486209878.667,486209949.667,72,1
bd81b0c2cdeb671bdd4f,1288253648,A,training,Cond1,456,False,893,False,486397308.0,486397374.667,68,1,False,486397308.0,486397374.667,68,1,False,486397308.0,486397374.667,68,1
82a322deb1bf1331fdd0,1290253650,A,training,Cond1,456,False,883,False,486302847.0,486302881.0,35,1,False,486302847.0,486302881.0,35,1,False,486302847.0,486302881.0,35,1
a018116272abc8c983e3,1290253654,A,training,Cond1,456,False,889,False,486382442.667,486382507.667,66,1,False,486382442.667,486382507.667,66,1,False,486382442.667,486382507.667,66,1
c149af98f8893fcf94dc,1290253654,B,training,Cond2,456,False,905,False,486436300.333,486436369.333,70,1,False,486436301.333,486436369.333,69,1,False,486436301.333,486436369.333,69,1
baacffc18c6f53221775,1290253662,A,training,Cond1,456,False,878,False,486265910.333,486265979.333,70,1,False,486265910.333,486265979.333,70,1,False,486265911.0,486265979.333,69,1
c3f7f3e32efd1767bcd0,1290253662,B,training,Cond2,456,False,885,False,486309879.333,486309944.333,66,1,False,486309879.333,486309944.333,66,1,False,486309879.333,486309944.333,66,1
0d91206f7c85a8530372,1290253716,A,training,Cond1,456,False,889,True,486382763.667,486382929.667,174,1,True,486382763.667,486382929.667,174,1,True,486382763.667,486382929.667,174,1
da6cbc0cc8fb2f1d4fcf,1290253724,B,training,Cond2,456,False,904,False,486433038.667,486433103.667,66,1,False,486433038.667,486433103.667,66,1,False,486433038.667,486433103.667,66,1
ee26fe6bf14fe40dc08c,1290253728,A,training,Cond1,456,False,898,False,486418574.333,486418643.333,70,1,False,486418574.333,486418643.333,70,1,False,486418574.333,486418643.333,70,1
1e8ef29836a69cde6b8c,1290253732,A,training,Cond1,456,False,899,False,486420548.0,486420581.0,34,1,False,486420548.0,486420581.0,34,1,False,486420548.0,486420581.0,34,1
1eec8fe2ce2deee6e54e,1290253744,A,training,Cond1,456,False,887,False,486359930.667,486359996.0,61,1,False,486359930.667,486359996.0,61,1,False,486359930.667,486359996.0,61,1
d6604001e893d50465c9,1290253748,B,training,Cond2,456,False,907,False,486445990.0,486446054.0,65,1,False,486445990.0,486446054.0,65,1,False,486445990.0,486446054.0,65,1
ed0bfb11db980dd479e8,1290253756,A,training,Cond1,456,False,898,False,486418388.0,486418455.333,68,1,False,486418388.0,486418455.333,68,1,False,486418388.0,486418455.333,68,1
5d197a42dd6d96de3cc2,1292253506,B,training,Cond2,456,False,899,False,486420083.0,486420148.0,66,1,False,486420083.0,486420148.0,66,1,False,486420083.0,486420148.0,66,1
1874d1b13981c7f9feb1,1292253510,B,training,Cond2,456,False,905,False,486435649.333,486435716.333,70,1,False,486435649.333,486435716.333,70,1,False,486435649.333,486435716.333,70,1
d28d4569ee22622fd29a,1292253514,A,training,Cond1,456,False,878,False,486265726.333,486265791.333,66,1,False,486265726.333,486265791.333,66,1,False,486265726.333,486265791.333,66,1
e2276616b4ec3ca17f72,1292253514,B,training,Cond2,456,False,885,False,486309215.333,486309285.333,71,1,False,486309215.333,486309285.333,71,1,False,486309215.333,486309285.333,71,1
816cb621bc388350a78e,1292253518,A,training,Cond1,456,False,881,False,486288646.0,486288715.0,71,1,False,486288646.0,486288715.0,71,1,False,486288646.0,486288715.0,71,1
005be3f7ea5942661e21,1292253518,B,training,Cond2,456,False,905,False,486436492.333,486436561.333,70,1,False,486436492.333,486436561.333,70,1,False,486436492.333,486436561.333,70,1
1475bc4111de6282907e,1292253526,A,training,Cond1,456,False,882,False,486294713.0,486294778.0,65,1,False,486294713.0,486294778.0,65,1,False,486294713.0,486294778.0,65,1
e312be6a300868461ca6,1292253526,B,training,Cond2,456,False,886,False,486325527.333,486325592.333,66,1,False,486325527.333,486325592.333,66,1,False,486325527.333,486325592.333,66,1
7580d1a9f9836344443c,1292253530,B,training,Cond2,456,False,905,False,486435266.333,486435332.333,67,1,False,486435266.333,486435332.333,67,1,False,486435266.333,486435332.333,67,1
e355719c4c67dea134e5,1292253534,A,training,Cond1,456,False,897,False,486415516.0,486415583.333,68,1,False,486415516.0,486415583.333,68,1,False,486415516.0,486415583.333,68,1
5c6db2df849803923098,1292253542,B,training,Cond2,456,False,905,False,486435460.667,486435529.667,71,1,False,486435461.0,486435529.667,70,1,False,486435461.0,486435529.667,70,1
bb0df09181734b422698,1292253546,B,training,Cond2,456,False,886,False,486325714.333,486325784.0,70,1,False,486325714.333,486325784.0,70,1,False,486325714.333,486325784.0,70,1
3dad972df935afe3e6a3,1292253550,B,training,Cond2,456,False,904,False,486433231.0,486433297.667,69,1,False,486433231.0,486433297.667,69,1,False,486433231.0,486433297.667,69,1
75eb3a3862995b23b818,1292253562,B,training,Cond2,456,False,905,False,486435833.667,486435902.333,70,1,False,486435834.333,486435902.333,69,1,False,486435834.333,486435902.333,69,1
af277ea20b09bf976158,1292253600,B,training,Cond2,456,False,899,False,486420273.0,486420341.0,69,1,False,486420273.0,486420341.0,69,1,False,486420273.0,486420341.0,69,1
a8c3d9a3ec4869068235,1292253608,A,training,Cond1,456,False,873,False,486249174.333,486249244.333,71,1,False,486249174.333,486249244.333,71,1,False,486249174.333,486249244.333,71,1
d47652d2327635a998ff,1292253608,B,training,Cond2,456,False,880,False,486277973.0,486278045.0,73,1,False,486277974.0,486278045.0,72,1,False,486277974.0,486278045.0,72,1
52e0ed3a4929909ea0ed,1292253612,A,training,Cond1,456,False,873,False,486248987.0,486249055.333,69,1,False,486248987.0,486249055.333,69,1,False,486248987.0,486249055.333,69,1
c4d4be3c8894db3ca4c6,1292253612,B,training,Cond2,456,False,880,False,486278164.0,486278234.0,71,1,False,486278164.0,486278234.0,71,1,False,486278164.0,486278234.0,71,1
e856741610e562c738e0,1294253602,A,training,Cond1,456,False,894,False,486401442.0,486401512.333,71,1,False,486401442.0,486401512.333,71,1,False,486401442.0,486401512.333,71,1
0f850735ed3b5bba8afa,1294253606,B,training,Cond2,456,False,907,False,486445602.667,486445672.333,71,1,False,486445602.667,486445672.333,71,1,False,486445602.667,486445672.333,71,1
64712815a7e71fa57a11,1294253610,A,training,Cond1,456,False,900,False,486423032.333,486423098.333,67,1,False,486423032.333,486423098.333,67,1,False,486423032.333,486423098.333,67,1
3f027319c845be8081b3,1294253614,B,training,Cond2,456,False,906,False,486439667.667,486439733.333,67,1,False,486439667.667,486439733.333,67,1,False,486439667.667,486439733.333,67,1
39bc51d48f308f4774cd,1294253796,A,training,Cond1,456,False,901,False,486426231.333,486426298.0,66,1,False,486426231.333,486426298.0,66,1,False,486426231.333,486426298.0,66,1
87ec0a059c3493cc9d98,1294253800,B,training,Cond2,456,False,914,False,486473186.667,486473251.667,66,1,False,486473186.667,486473251.667,66,1,False,486473186.667,486473251.667,66,1
eac9c36c0e3c8b2b4683,1294253808,A,training,Cond1,456,False,919,False,486505262.0,486505327.0,66,1,False,486505262.0,486505327.0,66,1,False,486505262.0,486505327.0,66,1
7f99b5aeb04d2e3bdbdd,1296253506,A,training,Cond1,456,False,900,False,486423222.333,486423289.333,68,1,False,486423222.333,486423289.333,68,1,False,486423222.333,486423289.333,68,1
818bf3b25f89a131bdbc,1296253510,A,training,Cond1,456,False,917,False,486500381.333,486500401.667,23,1,False,486500381.333,486500401.667,23,1,False,486500381.333,486500401.667,23,1
0c108de5ae3c026b8689,1296253518,A,training,Cond1,456,False,897,False,486415703.0,486415775.333,73,1,False,486415703.0,486415775.333,73,1,False,486415703.0,486415775.333,73,1
e1f9b37e1b61072eaea5,1296253522,B,training,Cond2,456,False,910,False,486465162.333,486465238.667,77,1,False,486465162.333,486465238.667,77,1,False,486465162.333,486465238.667,77,1
66aff2bcd479119af1f7,1296253530,B,training,Cond2,456,False,907,False,486445796.333,486445866.333,71,1,False,486445796.333,486445866.333,71,1,False,486445796.333,486445866.333,71,1
edd393c5efd083f6a532,1296253534,B,training,Cond2,456,False,907,False,486446187.333,486446262.667,75,1,False,486446187.333,486446262.667,75,1,False,486446187.333,486446262.667,75,1
7fb29839cd265993a76c,1296253538,A,training,Cond1,456,False,894,False,486400891.333,486400957.333,66,1,False,486400891.333,486400957.333,66,1,False,486400891.333,486400957.333,66,1
2d56497f1c2ec3edd991,1296253538,B,training,Cond2,456,False,907,False,486445023.333,486445093.333,71,1,False,486445024.333,486445093.333,70,1,False,486445024.333,486445093.333,70,1
f06ea0af156a76a9fc46,1296253546,B,training,Cond2,456,False,905,False,486436680.667,486436747.333,68,1,False,486436680.667,486436747.333,68,1,False,486436680.667,486436747.333,68,1
6b2d1cf68390e08acecb,1296253550,A,training,Cond1,456,False,894,False,486401075.333,486401143.0,69,1,False,486401075.333,486401143.0,69,1,False,486401075.333,486401143.0,69,1
e5108f96e569df0628dc,1296253550,B,training,Cond2,456,False,907,False,486445410.333,486445481.333,72,1,False,486445410.333,486445481.333,72,1,False,486445410.333,486445481.333,72,1
0c19d5cdb3fc7cfd0a8d,1296253558,A,training,Cond1,456,False,893,False,486397117.667,486397190.667,73,1,False,486397117.667,486397190.667,73,1,False,486397117.667,486397190.667,73,1
ffbabd9cb1ea7da52864,1296253558,B,training,Cond2,456,False,906,False,486439862.667,486439930.667,69,1,False,486439862.667,486439930.667,69,1,False,486439862.667,486439930.667,69,1
913bbd47449825014002,1296253604,B,training,Cond2,456,False,905,False,486436108.0,486436141.0,41,1,False,486436108.0,486436141.0,41,1,False,486436108.0,486436141.0,41,1
79f8aceb3eef28aa4f30,1296253608,A,training,Cond1,456,False,888,False,486380396.0,486380426.667,37,1,False,486380396.0,486380426.667,37,1,False,486380396.0,486380426.667,37,1
39b4183241e2880cca1c,1300253506,B,training,Cond2,456,False,931,False,486567440.0,486567470.333,31,1,False,486567440.0,486567470.333,31,1,False,486567440.0,486567470.333,31,1
c2689d966936e2f28cb0,1300253514,B,training,Cond2,456,False,936,False,486610643.333,486610709.333,67,1,False,486610643.333,486610709.333,67,1,False,486610643.333,486610709.333,67,1
7746b2d36626e518ee04,1300253518,A,training,Cond1,456,False,923,False,486538572.667,486538641.667,70,1,False,486538572.667,486538641.667,70,1,False,486538572.667,486538641.667,70,1
121a2470ccf72c444a1f,1300253518,B,training,Cond2,456,False,931,False,486566759.0,486566829.0,70,1,False,486566759.0,486566829.0,70,1,False,486566760.0,486566829.0,69,1
36b0fadc86654ba50842,1300253522,B,training,Cond2,456,False,934,False,486594966.333,486595033.333,68,1,False,486594966.333,486595033.333,68,1,False,486594966.333,486595033.333,68,1
c770af08c0f17b6e9bdd,1300253526,A,training,Cond1,456,False,923,False,486538382.667,486538448.667,67,1,False,486538382.667,486538448.667,67,1,False,486538382.667,486538448.667,67,1
b29013fc42352f7ce947,1300253526,B,training,Cond2,456,False,932,False,486568766.333,486568830.0,65,1,False,486568766.333,486568830.0,65,1,False,486568766.333,486568830.0,65,1
9f62e8718070e5ddebf7,1300253600,A,training,Cond1,456,False,924,False,486541998.0,486542064.667,69,1,False,486541998.0,486542064.667,69,1,False,486541998.0,486542064.667,69,1
50b54d437dc6a072f285,1300253620,A,training,Cond1,456,False,901,False,486426418.667,486426488.333,71,1,False,486426418.667,486426488.333,71,1,False,486426419.667,486426488.333,70,1
9054a139df937cc26fae,1302253578,A,training,Cond1,456,False,843,False,486062519.0,486062582.333,76,1,False,486062519.0,486062582.333,76,1,False,486062519.0,486062582.333,76,1
4ccde2b94fc04d20751a,1302253764,A,training,Cond1,456,False,843,False,486062708.333,486062783.333,76,1,False,486062708.333,486062783.333,76,1,False,486062708.333,486062783.333,76,1
23c437e468750a7cb1f8,1302253772,B,training,Cond2,456,False,844,False,486065704.0,486065773.333,70,1,False,486065704.0,486065773.333,70,1,False,486065704.0,486065773.333,70,1
7989764f3fb7e87d5498,1302253784,B,training,Cond2,456,False,851,False,486096975.333,486097046.333,72,1,False,486096975.333,486097046.333,72,1,False,486096977.333,486097046.333,71,1
6a1ad20b0d1a4d8f235d,1302253792,A,training,Cond1,456,False,846,False,486076118.333,486076186.333,69,1,False,486076118.333,486076186.333,69,1,False,486076118.333,486076186.333,69,1
26343912e7f2fac4c0bd,1304253506,B,training,Cond2,456,False,848,False,486083578.333,486083645.333,68,1,False,486083578.333,486083645.333,68,1,False,486083578.333,486083645.333,68,1
9a67fb55fe2f2cbe2de3,1304253518,B,training,Cond2,456,False,851,False,486097164.333,486097234.333,71,1,False,486097164.333,486097234.333,71,1,False,486097164.333,486097234.333,71,1
0454ae14be4966b1bb1a,1304253534,A,training,Cond1,456,False,841,False,486045439.333,486045507.333,69,1,False,486045439.333,486045507.333,69,1,False,486045439.333,486045507.333,69,1
d210392121160a1b6f01,1304253550,B,training,Cond2,456,False,843,False,486063746.0,486063813.333,67,1,False,486063746.0,486063813.333,67,1,False,486063747.333,486063813.333,66,1
41b430b8f71e2430db30,1304253554,A,training,Cond1,456,False,842,False,486046908.0,486046983.333,76,1,False,486046908.0,486046983.333,76,1,False,486046908.0,486046983.333,76,1
823849dffd8d91c6458b,1304253554,B,training,Cond2,456,False,847,False,486080211.333,486080278.667,68,1,False,486080211.333,486080278.667,68,1,False,486080211.333,486080278.667,68,1
1d5589f63a63df3c5bc6,1304253558,B,training,Cond2,456,False,843,False,486063939.333,486064008.333,70,1,False,486063939.333,486064008.333,70,1,False,486063939.333,486064008.333,70,1
d74b0b398248a14297d8,1304253562,A,training,Cond1,456,False,841,False,486045064.333,486045131.0,68,1,False,486045064.333,486045131.0,68,1,False,486045064.333,486045131.0,68,1
83dc70480d0d5d74be38,1304253562,B,training,Cond2,456,False,847,False,486080398.333,486080466.333,69,1,False,486080398.333,486080466.333,69,1,False,486080398.333,486080466.333,69,1
d3092cba8d884568afdf,1304253566,A,training,Cond1,456,False,854,False,486135658.0,486135725.667,68,1,False,486135658.0,486135725.667,68,1,False,486135659.0,486135725.667,67,1
dacfa0b0564820049e19,1304253568,B,training,Cond2,456,False,844,False,486065515.333,486065582.333,67,1,False,486065515.333,486065582.333,67,1,False,486065515.333,486065582.333,67,1
f99f2e165f0a41acd502,1304253572,A,training,Cond1,456,False,841,False,486045252.333,486045321.333,70,1,False,486045253.333,486045321.333,69,1,False,486045253.333,486045321.333,69,1
dd9d08bbda62f26ddb7c,1304253572,B,training,Cond2,456,False,848,False,486083765.667,486083835.667,71,1,False,486083765.667,486083835.667,71,1,False,486083765.667,486083835.667,71,1
2d20dd1cab779fb8df18,1306253578,A,training,Cond1,456,False,849,False,486091999.333,486092064.333,66,1,False,486091999.333,486092064.333,66,1,False,486091999.333,486092064.333,66,1
ca0203cf136b56fc6d92,1306253582,A,training,Cond1,456,False,867,False,486206731.667,486206797.333,67,1,False,486206731.667,486206797.333,67,1,False,486206731.667,486206797.333,67,1
2658aea0943749dfe70d,1306253590,A,training,Cond1,456,False,843,False,486063071.333,486063140.333,70,1,False,486063072.333,486063140.333,69,1,False,486063072.333,486063140.333,69,1
51e8b6412e9fc0058f27,1306253764,A,training,Cond1,456,False,849,False,486092378.333,486092447.333,70,1,False,486092378.333,486092447.333,70,1,False,486092379.333,486092447.333,69,1
e6adb9d3284f9b00b28e,1306253772,A,training,Cond1,456,False,857,False,486150399.667,486150469.667,71,1,False,486150399.667,486150469.667,71,1,False,486150399.667,486150469.667,71,1
cf0fcaca5bc2873f1e01,1306253780,A,training,Cond1,456,False,857,False,486150587.0,486150657.667,72,1,False,486150587.0,486150657.667,72,1,False,486150587.667,486150657.667,71,1
9c746ea6b9c9d8d52e58,1306253800,A,training,Cond1,456,False,848,False,486084137.333,486084206.333,70,1,False,486084138.667,486084206.333,69,1,False,486084138.667,486084206.333,69,1
5404ae1321f405bb36b3,1306253804,A,training,Cond1,456,False,847,False,486081641.333,486081714.333,74,1,False,486081641.333,486081714.333,74,1,False,486081641.333,486081714.333,74,1
376945f11d347a3b7c1c,1308253522,A,training,Cond1,456,False,847,False,486081450.667,486081517.333,69,1,False,486081450.667,486081517.333,69,1,False,486081452.667,486081517.333,68,1
9cb79fedd96c00764d89,1308253526,A,training,Cond1,456,False,848,False,486084325.333,486084394.667,70,1,False,486084325.333,486084394.667,70,1,False,486084325.333,486084394.667,70,1
08bde4d49afce0041d4d,1308253542,B,training,Cond2,456,False,850,False,486095528.333,486095593.333,66,1,False,486095528.333,486095593.333,66,1,False,486095528.333,486095593.333,66,1
0e99c2d00e50135fdcd9,1308253546,A,training,Cond1,456,False,849,False,486092195.333,486092270.667,76,1,False,486092195.333,486092270.667,76,1,False,486092195.333,486092270.667,76,1
8a5c35a83fd60e261c7e,1308253550,A,training,Cond1,456,False,843,False,486064313.333,486064381.333,69,1,False,486064314.333,486064381.333,68,1,False,486064314.333,486064381.333,68,1
cee2900e532f8409f655,1308253554,A,training,Cond1,456,False,847,False,486081831.0,486081898.667,70,1,False,486081831.0,486081898.667,70,1,False,486081831.0,486081898.667,70,1
14b84064f44b2935f1b1,1308253576,A,training,Cond1,456,False,843,False,486062886.333,486062955.333,69,1,False,486062887.333,486062955.333,68,1,False,486062887.333,486062955.333,68,1
4a1f7d0e47fc9745ceca,1308253584,A,training,Cond1,456,False,846,False,486075751.0,486075797.333,58,1,False,486075751.0,486075797.333,58,1,False,486075751.0,486075797.333,58,1
5abb7d17161063c1ee88,1308253592,A,training,Cond1,456,False,845,False,486070565.333,486070633.333,68,1,False,486070565.333,486070633.333,68,1,False,486070565.333,486070633.333,68,1
0a778a2b1c8fe5cc7092,1308253596,A,training,Cond1,456,False,847,False,486082053.667,486082089.333,37,1,False,486082053.667,486082089.333,37,1,False,486082053.667,486082089.333,37,1
31582f7c899a1f3c1fb1,1310253570,A,training,Cond1,456,False,854,False,486135467.667,486135536.667,70,1,False,486135468.667,486135536.667,69,1,False,486135468.667,486135536.667,69,1
aa24c6f2f6a3023d691a,1310253586,A,training,Cond1,456,False,858,False,486154725.667,486154793.667,69,1,False,486154726.333,486154793.667,68,1,False,486154726.333,486154793.667,68,1
4124575b045ec2a0f695,1310253590,B,training,Cond2,456,False,884,False,486306012.0,486306049.0,38,1,False,486306012.0,486306049.0,38,1,False,486306013.0,486306049.0,37,1
1c16072ec062d40d8c56,1310253788,B,training,Cond2,456,False,914,False,486473374.667,486473444.667,71,1,False,486473374.667,486473444.667,71,1,False,486473374.667,486473444.667,71,1
4c30a2a3bec5b73ce480,1310253816,A,training,Cond1,456,False,853,False,486129652.0,486129721.667,71,1,False,486129652.0,486129721.667,71,1,False,486129652.0,486129721.667,71,1
44ca8cf4622f390ef5cc,1310253820,A,training,Cond1,456,False,854,False,486136337.667,486136402.667,66,1,False,486136337.667,486136402.667,66,1,False,486136337.667,486136402.667,66,1
0927e9e0e70b6fa93979,1312253522,A,training,Cond1,456,False,852,False,486111302.0,486111369.0,68,1,False,486111302.0,486111369.0,68,1,False,486111302.0,486111369.0,68,1
93b717a33233dbfe4f46,1312253530,A,training,Cond1,456,False,853,False,486129464.667,486129532.667,69,1,False,486129464.667,486129532.667,69,1,False,486129465.667,486129532.667,68,1
8cadb673facd04f029a8,1312253546,A,training,Cond1,456,False,853,False,486129093.0,486129158.667,67,1,False,486129093.0,486129158.667,67,1,False,486129093.0,486129158.667,67,1
484c2cbb0d10dbd3f2f4,1312253554,A,training,Cond1,456,False,855,False,486147047.667,486147112.667,66,1,False,486147047.667,486147112.667,66,1,False,486147047.667,486147112.667,66,1
a50156542e6bc297039e,1312253566,A,training,Cond1,456,False,853,False,486129279.0,486129348.0,70,1,False,486129279.0,486129348.0,70,1,False,486129279.667,486129348.0,69,1
3dd57d9fdd776e357eaf,1312253596,A,training,Cond1,456,False,857,True,486150204.333,486150373.0,179,1,True,486150204.333,486150373.0,179,1,True,486150204.333,486150373.0,179,1
4d1dcf47544ed3a18630,1314253568,A,training,Cond1,456,False,920,False,486507878.0,486507946.333,70,1,False,486507878.0,486507946.333,70,1,False,486507878.0,486507946.333,70,1
efc48f8cbbaabcf554c6,1314253572,B,training,Cond2,456,False,930,False,486561522.667,486561590.667,69,1,False,486561522.667,486561590.667,69,1,False,486561522.667,486561590.667,69,1
746b9119d87b4b60baa4,1314253576,A,training,Cond1,456,False,877,False,486263960.333,486264033.333,74,1,False,486263960.333,486264033.333,74,1,False,486263960.333,486264033.333,74,1
577ed4c0d1b92e193b14,1314253588,B,training,Cond2,456,False,875,False,486254978.333,486255053.0,76,1,False,486254978.333,486255053.0,76,1,False,486254978.333,486255053.0,76,1
57c7b26288f03d4156fa,1314253592,A,training,Cond1,456,False,870,False,486222140.0,486222205.0,66,1,False,486222140.0,486222205.0,66,1,False,486222140.0,486222205.0,66,1
50a2668b82a7cde4d0a6,1314253592,B,training,Cond2,456,False,876,False,486259705.0,486259772.333,73,1,False,486259705.0,486259772.333,73,1,False,486259705.0,486259772.333,73,1
cdb40a2d284aab937c2b,1314253596,A,training,Cond1,456,False,868,False,486210253.667,486210321.667,69,1,False,486210254.667,486210321.667,68,1,False,486210254.667,486210321.667,68,1
e436dc6eb9662fe21e56,1314253604,A,training,Cond1,456,False,871,False,486241418.667,486241485.667,68,1,False,486241418.667,486241485.667,68,1,False,486241418.667,486241485.667,68,1
8adcca24d44cbba76de1,1314253604,B,training,Cond2,456,False,878,False,486266318.333,486266387.333,70,1,False,486266318.333,486266387.333,70,1,False,486266318.333,486266387.333,70,1
6fb8b0c5da652bc8b8c7,1314253612,B,training,Cond2,456,False,879,False,486273366.333,486273432.333,67,1,False,486273366.333,486273432.333,67,1,False,486273366.333,486273432.333,67,1
9353997bf3a32d372c6f,1314253628,A,training,Cond1,456,False,868,False,486209128.667,486209196.667,69,1,False,486209128.667,486209196.667,69,1,False,486209128.667,486209196.667,69,1
9d6fb49e8976346448ec,1314253794,A,training,Cond1,456,False,924,False,486542376.333,486542445.667,73,1,False,486542376.333,486542445.667,73,1,False,486542376.333,486542445.667,73,1
486d154cdc4b42e2fe92,1314253794,B,training,Cond2,456,False,931,False,486566569.0,486566636.333,68,1,False,486566569.0,486566636.333,68,1,False,486566570.0,486566636.333,67,1
16c49fe3d236e6dcac26,1314253798,A,training,Cond1,456,False,861,False,486177687.0,486177755.0,69,1,False,486177687.0,486177755.0,69,1,False,486177687.0,486177755.0,69,1
f26ac2a4e652fc070855,1314253822,A,training,Cond1,456,False,914,False,486472221.667,486472288.667,68,1,False,486472221.667,486472288.667,68,1,False,486472221.667,486472288.667,68,1
b76198fb59640e9e3832,1316253792,A,training,Cond1,456,False,864,False,486201710.333,486201780.667,71,1,False,486201710.333,486201780.667,71,1,False,486201710.333,486201780.667,71,1
4ab46e1630113168c32e,1316253804,A,training,Cond1,456,False,865,False,486202767.667,486202841.0,73,1,False,486202767.667,486202841.0,73,1,False,486202767.667,486202841.0,73,1
6a13da5084d0cc0c3e6e,1316253826,A,training,Cond1,456,False,861,False,486177499.0,486177568.333,70,1,False,486177500.0,486177568.333,69,1,False,486177500.0,486177568.333,69,1
aa5cc7417a905c44e9a2,1316253838,A,training,Cond1,456,False,861,False,486177874.333,486177943.0,70,1,False,486177874.333,486177943.0,70,1,False,486177874.333,486177943.0,70,1
989124a7172ab0fd138e,1316253846,A,training,Cond1,456,False,862,False,486184037.0,486184106.0,70,1,False,486184037.0,486184106.0,70,1,False,486184038.0,486184106.0,69,1
ea1f4e2bad8dfa1feae6,1316253850,A,training,Cond1,456,False,858,False,486154544.667,486154613.333,69,1,False,486154544.667,486154613.333,69,1,False,486154544.667,486154613.333,69,1
574d9b3aaacf15b93cc0,1316253858,A,training,Cond1,456,False,866,False,486205667.667,486205737.333,71,1,False,486205667.667,486205737.333,71,1,False,486205668.667,486205737.333,70,1
5c3e9bc754a12caa93ce,1316253870,A,training,Cond1,456,False,862,False,486183852.0,486183919.0,68,1,False,486183852.0,486183919.0,68,1,False,486183852.0,486183919.0,68,1
731f8c977b3089045b6f,1318253572,B,training,Cond2,456,False,826,False,485950224.0,485950294.0,71,1,False,485950225.0,485950294.0,70,1,False,485950225.0,485950294.0,70,1
cef1541d2a149dd8f062,1318253576,B,training,Cond2,456,False,820,False,485901721.333,485901791.667,72,1,False,485901721.333,485901791.667,72,1,False,485901721.333,485901791.667,72,1
0513b8d1d574543d7756,1318253580,B,training,Cond2,456,False,817,False,485883941.667,485884008.333,68,1,False,485883941.667,485884008.333,68,1,False,485883941.667,485884008.333,68,1
ce4dbbec0974444ce065,1318253584,A,training,Cond1,456,False,810,False,485842934.667,485843009.333,76,1,False,485842934.667,485843009.333,76,1,False,485842934.667,485843009.333,76,1
b2fc32040ad4b6c33230,1318253608,A,training,Cond1,456,False,807,False,485832983.667,485833047.667,66,1,False,485832983.667,485833047.667,66,1,False,485832983.667,485833047.667,66,1
3b711f24fac27afc42d7,1318253616,B,training,Cond2,456,False,828,False,485955939.667,485956006.333,68,1,False,485955939.667,485956006.333,68,1,False,485955939.667,485956006.333,68,1
e439b5f970028bc79a26,1318253620,B,training,Cond2,456,False,826,False,485949083.0,485949153.0,71,1,False,485949083.0,485949153.0,71,1,False,485949083.0,485949153.0,71,1
add74ef8af8ba4be0ffa,1318253628,B,training,Cond2,456,False,826,False,485948708.0,485948783.0,76,1,False,485948708.0,485948783.0,76,1,False,485948708.0,485948783.0,76,1
c77913dab42e7d89ddb1,1318253802,B,training,Cond2,456,False,820,False,485901529.667,485901596.667,68,1,False,485901529.667,485901596.667,68,1,False,485901529.667,485901596.667,68,1
d7fd0e159706761b22cd,1318253810,B,training,Cond2,456,False,816,False,485881605.667,485881669.667,65,1,False,485881605.667,485881669.667,65,1,False,485881605.667,485881669.667,65,1
9bc569fa98a2d66e87d4,1318253814,B,training,Cond2,456,False,825,False,485943236.0,485943306.0,71,1,False,485943236.0,485943306.0,71,1,False,485943236.0,485943306.0,71,1
d0bf51f9d6a2e2ebce88,1318253822,B,training,Cond2,456,False,817,False,485884135.667,485884203.667,69,1,False,485884135.667,485884203.667,69,1,False,485884135.667,485884203.667,69,1
1d8510a7bfaba96c4afc,1322253588,B,training,Cond2,456,False,825,False,485944096.0,485944144.0,49,1,False,485944097.0,485944144.0,48,1,False,485944097.0,485944144.0,48,1
078377d96c941cb42c23,1322253592,B,training,Cond2,456,False,826,False,485950032.667,485950102.0,70,1,False,485950032.667,485950102.0,70,1,False,485950033.0,485950102.0,69,1
8d2e1d7d7905e48a77f4,1322253596,B,training,Cond2,456,False,830,False,485968486.667,485968552.333,67,1,False,485968486.667,485968552.333,67,1,False,485968486.667,485968552.333,67,1
7aea696afcfaa5dcede5,1322253616,A,training,Cond1,456,False,861,False,486177312.0,486177378.333,67,1,False,486177312.0,486177378.333,67,1,False,486177312.0,486177378.333,67,1
dbf2a3c230857ee833a7,1322253620,A,training,Cond1,456,False,820,False,485901910.0,485901979.0,70,1,False,485901910.0,485901979.0,70,1,False,485901910.0,485901979.0,70,1
460ef578c3fc411d7122,1322253620,B,training,Cond2,456,False,826,False,485949275.0,485949343.0,69,1,False,485949275.0,485949343.0,69,1,False,485949276.0,485949343.0,68,1
84e651f3f9f793bb9540,1324253760,B,training,Cond2,456,False,824,False,485928275.0,485928305.0,31,1,False,485928275.0,485928305.0,31,1,False,485928275.0,485928305.0,31,1
166e44f9b38b62d74fa5,1324253768,A,training,Cond1,456,False,811,False,485845726.333,485845792.0,65,1,False,485845726.333,485845792.0,65,1,False,485845727.333,485845792.0,64,1
098457ac915fdac0698d,1324253772,B,training,Cond2,456,False,836,False,485997784.333,485997815.333,32,1,False,485997784.333,485997815.333,32,1,False,485997784.333,485997815.333,32,1
07895596b128a1cf0a17,1324253858,B,training,Cond2,456,False,826,False,485948511.0,485948578.0,68,1,False,485948511.0,485948578.0,68,1,False,485948511.0,485948578.0,68,1
05092525d7c56ae0b8ab,1324253862,B,training,Cond2,456,False,825,False,485943431.0,485943500.0,70,1,False,485943431.0,485943500.0,70,1,False,485943431.0,485943500.0,70,1
d0ab5fb13cba93b6d0bd,1324253866,B,training,Cond2,456,False,825,False,485942848.0,485942915.0,68,1,False,485942848.0,485942915.0,68,1,False,485942848.0,485942915.0,68,1
5ee493bc6ce1cd5e991c,1326253608,B,training,Cond2,456,False,833,False,485990448.667,485990522.333,78,1,False,485990448.667,485990522.333,78,1,False,485990448.667,485990522.333,78,1
0ddb92a656a580960ff7,1326253624,B,training,Cond2,456,False,836,False,485999345.333,485999411.333,67,1,False,485999345.333,485999411.333,67,1,False,485999345.333,485999411.333,67,1
2dc2915674aa13a91648,1326253770,B,training,Cond2,456,False,830,False,485968679.333,485968748.667,70,1,False,485968679.333,485968748.667,70,1,False,485968679.333,485968748.667,70,1
347d606da7347bd8c1ae,1326253774,B,training,Cond2,456,False,836,False,485998124.333,485998194.333,71,1,False,485998124.333,485998194.333,71,1,False,485998124.333,485998194.333,71,1
a7a01ce18ea621a452b8,1328253764,B,training,Cond2,456,False,826,False,485948890.0,485948960.0,71,1,False,485948890.0,485948960.0,71,1,False,485948890.0,485948960.0,71,1
4e65ba4a8d05c996da91,1328253768,B,training,Cond2,456,False,828,False,485956130.333,485956200.333,71,1,False,485956130.333,485956200.333,71,1,False,485956130.333,485956200.333,71,1
c391e5631ef446a4192c,1328253772,B,training,Cond2,456,False,826,False,485949463.0,485949527.0,65,1,False,485949463.0,485949527.0,65,1,False,485949463.0,485949527.0,65,1
5b062b60762c5c01fafc,1328253862,A,training,Cond1,456,False,868,False,486211418.667,486211486.667,69,1,False,486211418.667,486211486.667,69,1,False,486211418.667,486211486.667,69,1
bb47175e2ac69dca9bab,1330253600,A,training,Cond1,456,False,842,False,486047280.333,486047349.333,70,1,False,486047280.333,486047349.333,70,1,False,486047280.333,486047349.333,70,1
befa6681e3164acbb8ef,1330253608,B,training,Cond2,456,False,836,False,485998313.333,485998382.333,70,1,False,485998313.333,485998382.333,70,1,False,485998313.333,485998382.333,70,1
d740aad30f00509f4e70,1330253612,B,training,Cond2,456,False,833,False,485990820.333,485990891.333,72,1,False,485990821.333,485990891.333,71,1,False,485990821.333,485990891.333,71,1
c5519e689ae5f4dc784b,1330253620,A,training,Cond1,456,False,827,False,485953589.667,485953654.0,67,1,False,485953589.667,485953654.0,67,1,False,485953589.667,485953654.0,67,1
8be290efa757cc10440a,1330253778,B,training,Cond2,456,False,833,False,485991752.667,485991821.333,70,1,False,485991752.667,485991821.333,70,1,False,485991753.333,485991821.333,69,1
c4ef5dd80c036fa027fb,1330253782,A,training,Cond1,456,False,829,False,485965209.333,485965278.333,70,1,False,485965210.667,485965278.333,69,1,False,485965210.667,485965278.333,69,1
c2a1cb40fea667d45ee3,1330253782,B,training,Cond2,456,False,836,False,485999987.333,486000044.667,58,1,False,485999987.333,486000044.667,58,1,False,485999987.333,486000044.667,58,1
874dbf401fbfe9e05cba,1330253786,B,training,Cond2,456,False,833,False,485991566.333,485991636.333,71,1,False,485991566.333,485991636.333,71,1,False,485991566.333,485991636.333,71,1
bb814f766b71f619172f,1332253826,B,training,Cond2,456,False,833,False,485991196.333,485991266.333,71,1,False,485991196.333,485991266.333,71,1,False,485991196.333,485991266.333,71,1
9594f3c772005f40709a,1332253850,B,training,Cond2,456,False,838,False,486028391.0,486028444.0,54,1,False,486028391.0,486028444.0,54,1,False,486028391.0,486028444.0,54,1
9fdefc302cca163e0dc7,1332253854,A,training,Cond1,456,False,830,False,485969248.667,485969316.333,69,1,False,485969248.667,485969316.333,69,1,False,485969248.667,485969316.333,69,1
90acf4be46a7c5741ee9,1332253870,B,training,Cond2,456,False,833,False,485990633.333,485990708.333,75,1,False,485990633.333,485990708.333,75,1,False,485990633.333,485990708.333,75,1
a440a46bd5430b5bd4a2,1332253886,A,training,Cond1,456,False,824,False,485928813.333,485928844.0,32,1,False,485928813.333,485928844.0,32,1,False,485928813.333,485928844.0,32,1
a19f8e591d0fcaf460ca,1332253886,B,training,Cond2,456,False,831,False,485970198.333,485970262.333,65,1,False,485970198.333,485970262.333,65,1,False,485970198.333,485970262.333,65,1
a8ceb2a3f249ea509749,1451738948,A,training,Cond1,456,False,819,False,485893368.667,485893436.333,69,1,False,485893368.667,485893436.333,69,1,False,485893368.667,485893436.333,69,1
0090890656ee8db757dc,1451738960,A,training,Cond1,456,False,819,False,485893557.0,485893622.667,68,1,False,485893557.0,485893622.667,68,1,False,485893557.0,485893622.667,68,1
9debc42b0a6a73c0496a,1451738976,A,training,Cond1,456,False,819,False,485893922.667,485893988.667,67,1,False,485893922.667,485893988.667,67,1,False,485893922.667,485893988.667,67,1
223bd25a1986bddd3baa,1451738976,B,training,Cond2,456,False,828,False,485956702.333,485956771.333,70,1,False,485956702.333,485956771.333,70,1,False,485956702.333,485956771.333,70,1
0ae940c75df6c1099ab2,1451738980,A,training,Cond1,456,False,808,False,485836160.667,485836223.0,63,1,False,485836160.667,485836223.0,63,1,False,485836160.667,485836223.0,63,1
cde083e87e86fb2b8789,1451738988,A,training,Cond1,456,False,819,False,485893739.667,485893805.667,67,1,False,485893739.667,485893805.667,67,1,False,485893739.667,485893805.667,67,1
5e869e08c2aed018bf72,1451738988,B,training,Cond2,456,False,826,False,485949844.0,485949914.0,71,1,False,485949844.0,485949914.0,71,1,False,485949844.0,485949914.0,71,1
c888575a871bd015fa50,1462254126,B,training,Cond2,456,False,816,False,485881418.667,485881484.333,67,1,False,485881418.667,485881484.333,67,1,False,485881418.667,485881484.333,67,1
c853fe5742e3d477840f,1462254138,B,training,Cond2,456,False,817,False,485884325.333,485884392.667,71,1,False,485884325.333,485884392.667,71,1,False,485884325.333,485884392.667,71,1
05787eb282461d92d61e,1462254272,A,training,Cond1,456,False,809,False,485841084.667,485841159.333,76,1,False,485841084.667,485841159.333,76,1,False,485841084.667,485841159.333,76,1
7c025bfdc74d1256716f,1462254280,A,training,Cond1,456,False,801,False,485799017.0,485799082.0,66,1,False,485799017.0,485799082.0,66,1,False,485799017.0,485799082.0,66,1
58d8ca6bf4678b30fa05,1462254288,A,training,Cond1,456,False,807,False,485832618.667,485832684.333,67,1,False,485832619.667,485832684.333,66,1,False,485832619.667,485832684.333,66,1
c51065fb40cfb4d34b06,1462254300,A,training,Cond1,456,False,803,False,485808437.0,485808503.0,67,1,False,485808437.0,485808503.0,67,1,False,485808437.0,485808503.0,67,1
874cdd888642c9f1abcc,1462254300,B,training,Cond2,456,False,826,False,485949655.333,485949725.0,75,1,False,485949655.333,485949725.0,75,1,False,485949655.333,485949725.0,75,1
4992110b4bd10ae36ec2,1462254316,A,training,Cond1,456,False,812,False,485848256.0,485848322.333,67,1,False,485848256.0,485848322.333,67,1,False,485848257.0,485848322.333,66,1
838e584cba38914ec012,1462254316,B,training,Cond2,456,False,817,False,485884520.0,485884585.667,69,1,False,485884520.0,485884585.667,69,1,False,485884520.0,485884585.667,69,1
2858bdf489e7089d434d,1462254328,B,training,Cond2,456,False,816,False,485881228.667,485881295.667,68,1,False,485881228.667,485881295.667,68,1,False,485881228.667,485881295.667,68,1
724ca1a1a15a9def7d28,1464254022,A,training,Cond1,456,False,798,False,485746044.0,485746110.0,67,1,False,485746045.0,485746110.0,66,1,False,485746045.0,485746110.0,66,1
1f1d8dd6091c70403666,1464254026,A,training,Cond1,456,False,806,False,485818861.667,485818928.333,68,1,False,485818861.667,485818928.333,68,1,False,485818861.667,485818928.333,68,1
8d6bc01f9a16c70de383,1464254026,B,training,Cond2,456,False,815,False,485876451.667,485876516.667,66,1,False,485876452.667,485876516.667,65,1,False,485876452.667,485876516.667,65,1
774e1ca42b6fc96b8d76,1464254038,B,training,Cond2,456,False,811,False,485845343.333,485845409.667,62,1,False,485845343.333,485845409.667,62,1,False,485845344.333,485845409.667,61,1
7c49fddb57ce0ec15d3a,1464254054,B,training,Cond2,456,False,822,False,485919863.667,485919901.667,39,1,False,485919863.667,485919901.667,39,1,False,485919863.667,485919901.667,39,1
f7643efbd65e14d9e129,1464254058,B,training,Cond2,456,False,811,False,485845535.333,485845602.667,68,1,False,485845535.333,485845602.667,68,1,False,485845536.333,485845602.667,67,1
fd575998196eabac929e,1464254062,B,training,Cond2,456,False,804,False,485810236.333,485810298.0,64,1,False,485810236.333,485810298.0,64,1,False,485810236.333,485810298.0,64,1
bd39de29bc5acfa17d5d,1464254078,B,training,Cond2,456,False,811,False,485844960.333,485845027.667,68,1,False,485844961.333,485845027.667,67,1,False,485844961.333,485845027.667,67,1
dd5749638068ba99313b,1464254140,A,training,Cond1,456,False,803,False,485808269.0,485808300.0,31,1,False,485808269.0,485808300.0,31,1,False,485808269.0,485808300.0,31,1
4ff6b138b24112ab8551,1471738964,A,training,Cond1,456,False,534,False,483937555.0,483937621.0,67,1,False,483937555.0,483937621.0,67,1,False,483937555.0,483937621.0,67,1
1818e45ba019a75453f6,1471738972,A,training,Cond1,456,False,533,False,483934819.0,483934885.0,67,1,False,483934819.0,483934885.0,67,1,False,483934819.0,483934885.0,67,1
0420a570f80294a53cb8,1471738972,B,training,Cond2,456,False,541,False,483988549.333,483988625.0,77,1,False,483988549.333,483988625.0,77,1,False,483988549.333,483988625.0,77,1
e1d58c167e96659a5af8,1471739014,B,training,Cond2,456,False,542,False,483996947.333,483997017.333,71,1,False,483996947.333,483997017.333,71,1,False,483996947.333,483997017.333,71,1
1c73d15d659a1fc6c078,1475739234,A,training,Cond1,456,False,591,False,484435971.667,484436039.667,69,1,False,484435971.667,484436039.667,69,1,False,484435971.667,484436039.667,69,1
49dda8df40073a4b02f6,1475739238,A,training,Cond1,456,False,597,False,484479189.667,484479258.0,69,1,False,484479189.667,484479258.0,69,1,False,484479189.667,484479258.0,69,1
67447f788ed02751d0bb,1475739242,A,training,Cond1,456,False,590,False,484434176.0,484434244.0,69,1,False,484434176.0,484434244.0,69,1,False,484434176.0,484434244.0,69,1
d31a8f1f04ad276b4bd9,1475739242,B,training,Cond2,456,False,596,False,484467339.0,484467410.0,72,1,False,484467339.0,484467410.0,72,1,False,484467339.667,484467410.0,71,1
31a27cc61f0ac68b284a,1475739246,B,training,Cond2,456,False,602,False,484491668.0,484491733.0,66,1,False,484491668.0,484491733.0,66,1,False,484491668.0,484491733.0,66,1
9844155ff08dce109c32,1475739250,A,training,Cond1,456,False,592,False,484446089.333,484446164.0,76,1,False,484446089.333,484446164.0,76,1,False,484446089.333,484446164.0,76,1
c7d7ecd298b903d9ae0c,1475739276,A,training,Cond1,456,False,608,False,484519929.667,484519994.333,66,1,False,484519929.667,484519994.333,66,1,False,484519929.667,484519994.333,66,1
fa2d9e502e8654b0657e,1475739280,B,training,Cond2,456,False,611,False,484552051.0,484552124.0,74,1,False,484552051.0,484552124.0,74,1,False,484552051.0,484552124.0,74,1
699940e90312cc265fe4,1475739284,B,training,Cond2,456,False,614,False,484576264.667,484576333.333,70,1,False,484576264.667,484576333.333,70,1,False,484576264.667,484576333.333,70,1
6fd61f57b65db9909f4e,1475739288,B,training,Cond2,456,False,611,False,484552237.667,484552305.0,68,1,False,484552238.667,484552305.0,67,1,False,484552238.667,484552305.0,67,1
c4a7365b054578be88b2,1475739292,A,training,Cond1,456,False,594,False,484454435.0,484454503.0,69,1,False,484454435.0,484454503.0,69,1,False,484454436.0,484454503.0,68,1
c104c86ea600e91c57d8,1475739292,B,training,Cond2,456,False,606,True,484509193.0,484509746.0,553,1,True,484509193.0,484509746.0,553,1,True,484509193.0,484509746.0,553,1
6f93acfdf2128dc62734,1475739308,B,training,Cond2,456,False,615,False,484580914.667,484580982.0,69,1,False,484580914.667,484580982.0,69,1,False,484580914.667,484580982.0,69,1
0d1331cbc24b3d76d48c,1477739010,B,training,Cond2,456,False,595,False,484464567.0,484464643.333,77,1,False,484464567.0,484464643.333,77,1,False,484464567.0,484464643.333,77,1
1e2c3ea7007af687e32c,1477739026,B,training,Cond2,456,False,590,False,484433105.333,484433172.0,68,1,False,484433105.333,484433172.0,68,1,False,484433105.333,484433172.0,68,1
ca80b67a59cf0bfeb6a9,1477739054,A,training,Cond1,456,False,590,False,484434367.0,484434436.333,70,1,False,484434367.0,484434436.333,70,1,False,484434367.0,484434436.333,70,1
ec3da436480713bcbb47,1477739054,B,training,Cond2,456,False,596,False,484467534.333,484467603.333,70,1,False,484467535.333,484467603.333,69,1,False,484467535.333,484467603.333,69,1
460e20712c0730bc5c27,1477739062,A,training,Cond1,456,False,591,False,484435776.667,484435842.667,67,1,False,484435776.667,484435842.667,67,1,False,484435776.667,484435842.667,67,1
cdc324d89f6f41525876,1477739240,A,training,Cond1,456,False,588,False,484373309.0,484373372.0,64,1,False,484373309.0,484373372.0,64,1,False,484373309.0,484373372.0,64,1
224ba936b0adcd0d0089,1477739240,B,training,Cond2,456,False,595,False,484465145.0,484465215.333,71,1,False,484465145.0,484465215.333,71,1,False,484465146.333,484465215.333,70,1
a784c6d5e43b28edd180,1478254102,B,training,Cond2,456,False,754,False,485503232.333,485503302.333,62,1,False,485503232.333,485503302.333,62,1,False,485503232.333,485503302.333,62,1
e789b3df26cc32278994,1478254110,B,training,Cond2,456,False,754,False,485502510.333,485502575.667,66,1,False,485502510.333,485502575.667,66,1,False,485502510.333,485502575.667,66,1
31e86e2be58e4ac42917,1478254288,B,training,Cond2,456,False,761,False,485539035.667,485539099.667,66,1,False,485539035.667,485539099.667,66,1,False,485539035.667,485539099.667,66,1
4d6fcf4fcb3c20a40e22,1478254292,B,training,Cond2,456,False,757,False,485519608.333,485519677.333,70,1,False,485519608.333,485519677.333,70,1,False,485519609.333,485519677.333,69,1
49326cc12a60aa40141b,1478254296,A,training,Cond1,456,False,750,False,485487127.0,485487196.0,69,1,False,485487127.0,485487196.0,69,1,False,485487127.0,485487196.0,69,1
eca59a1ab4d0cfff306c,1478254304,A,training,Cond1,456,False,758,False,485522958.333,485523022.667,75,1,False,485522958.333,485523022.667,75,1,False,485522958.333,485523022.667,75,1
0964387e0ed43e08b32d,1478254304,B,training,Cond2,456,False,764,False,485555761.333,485555830.333,70,1,False,485555761.333,485555830.333,70,1,False,485555761.333,485555830.333,70,1
5f636ecec345cd36ab91,1478254316,A,training,Cond1,456,False,750,False,485486941.0,485487011.0,71,1,False,485486941.0,485487011.0,71,1,False,485486941.0,485487011.0,71,1
2ce3a94bf983863bed62,1478254324,A,training,Cond1,456,False,743,False,485429438.667,485429507.0,69,1,False,485429438.667,485429507.0,69,1,False,485429438.667,485429507.0,69,1
ebc2b4207a6f12fa7fff,1478254324,B,training,Cond2,456,False,752,False,485490162.0,485490229.0,68,1,False,485490162.0,485490229.0,68,1,False,485490162.0,485490229.0,68,1
0ca2322fb1ed8fc77211,1478254328,A,training,Cond1,456,False,759,False,485528428.667,485528497.667,70,1,False,485528428.667,485528497.667,70,1,False,485528428.667,485528497.667,70,1
f305c400b21b5f99b142,1478254328,B,training,Cond2,456,False,764,False,485555568.333,485555633.333,66,1,False,485555568.333,485555633.333,66,1,False,485555568.333,485555633.333,66,1
aef307f0c3cdb99cd16e,1478254332,B,training,Cond2,456,False,765,False,485560581.667,485560645.333,79,1,False,485560581.667,485560645.333,79,1,False,485560581.667,485560645.333,79,1
18f0d5c4998b1b711579,1479739258,A,training,Cond1,456,False,603,False,484498096.333,484498163.333,68,1,False,484498096.333,484498163.333,68,1,False,484498096.333,484498163.333,68,1
7d02e72a7aaea690ef8e,1480254030,B,training,Cond2,456,False,754,False,485503041.333,485503111.333,71,1,False,485503041.333,485503111.333,71,1,False,485503041.333,485503111.333,71,1
3aab8ec5d1d3e196ab51,1480254034,A,training,Cond1,456,False,748,False,485479444.0,485479511.0,68,1,False,485479444.0,485479511.0,68,1,False,485479444.0,485479511.0,68,1
791115b75cfbb8d0ad82,1480254038,A,training,Cond1,456,False,748,False,485479253.0,485479323.0,72,1,False,485479253.0,485479323.0,72,1,False,485479253.333,485479323.0,71,1
bab2489faf81150bbc97,1480254042,B,training,Cond2,456,False,757,False,485519026.333,485519093.333,68,1,False,485519026.333,485519093.333,68,1,False,485519026.333,485519093.333,68,1
63a193024ae44ca1a318,1480254054,B,training,Cond2,456,False,766,False,485562942.0,485563009.333,74,1,False,485562942.0,485563009.333,74,1,False,485562942.0,485563009.333,74,1
d442f710b1520409e564,1480254058,A,training,Cond1,456,False,769,False,485569669.333,485569735.333,67,1,False,485569669.333,485569735.333,67,1,False,485569669.333,485569735.333,67,1
2cd868e35137b571a35c,1480254062,A,training,Cond1,456,False,750,False,485486754.0,485486824.0,71,1,False,485486755.0,485486824.0,70,1,False,485486755.0,485486824.0,70,1
2f0f5d33c670f12fd459,1480254062,B,training,Cond2,456,False,759,False,485527519.0,485527589.0,71,1,False,485527519.0,485527589.0,71,1,False,485527519.0,485527589.0,71,1
39fab9faa8b87e185de5,1480254066,A,training,Cond1,456,False,748,False,485478869.0,485478936.0,68,1,False,485478869.0,485478936.0,68,1,False,485478869.0,485478936.0,68,1
cac346addfd23a187ebc,1480254074,A,training,Cond1,456,False,744,False,485434925.333,485435000.333,76,1,False,485434925.333,485435000.333,76,1,False,485434925.333,485435000.333,76,1
bc1ad8417be245ee2994,1480254078,B,training,Cond2,456,False,753,False,485493264.667,485493334.333,73,1,False,485493264.667,485493334.333,73,1,False,485493264.667,485493334.333,73,1
58ccb15d2981076c4657,1480254092,B,training,Cond2,456,False,766,False,485562740.333,485562808.333,69,1,False,485562740.333,485562808.333,69,1,False,485562740.333,485562808.333,69,1
8c478680c647a536094a,1480254096,A,training,Cond1,456,False,750,False,485486569.0,485486637.0,69,1,False,485486569.0,485486637.0,69,1,False,485486569.0,485486637.0,69,1
6fdfb4e15330f101c44b,1480254108,A,training,Cond1,456,False,745,False,485453490.0,485453558.0,69,1,False,485453490.0,485453558.0,69,1,False,485453490.0,485453558.0,69,1
8bfe03c9c0a5f883f5d1,1480254108,B,training,Cond2,456,False,754,False,485502707.333,485502783.333,77,1,False,485502707.333,485502783.333,77,1,False,485502707.333,485502783.333,77,1
15b6db5e8346be4e8ba4,1481739014,A,training,Cond1,456,False,599,False,484486542.0,484486610.667,70,1,False,484486542.0,484486610.667,70,1,False,484486542.0,484486610.667,70,1
9f9baddf7e6e1174af7c,1481739022,A,training,Cond1,456,False,609,False,484524232.0,484524301.333,70,1,False,484524233.333,484524301.333,69,1,False,484524233.333,484524301.333,69,1
1c5a78ca58406a28446f,1481739038,A,training,Cond1,456,False,608,False,484520292.667,484520360.667,69,1,False,484520292.667,484520360.667,69,1,False,484520292.667,484520360.667,69,1
6979b8f025ae78e6fa07,1481739062,B,training,Cond2,456,False,615,False,484580152.0,484580221.0,70,1,False,484580152.0,484580221.0,70,1,False,484580152.0,484580221.0,70,1
0af8620b7291a4252edd,1482254086,A,training,Cond1,456,False,758,False,485523714.0,485523782.0,69,1,False,485523714.0,485523782.0,69,1,False,485523714.0,485523782.0,69,1
7c36f7414e884edd777c,1482254086,B,training,Cond2,456,False,763,False,485552986.333,485553054.333,69,1,False,485552986.333,485553054.333,69,1,False,485552986.333,485553054.333,69,1
28eb6228b51d53a26cf8,1482254098,B,training,Cond2,456,False,767,False,485566998.333,485567063.333,66,1,False,485566998.333,485567063.333,66,1,False,485566998.333,485567063.333,66,1
39a43ea69de3ebe87cee,1482254102,B,training,Cond2,456,False,775,False,485590202.667,485590270.667,69,1,False,485590202.667,485590270.667,69,1,False,485590202.667,485590270.667,69,1
b91e221084680f0ac8f1,1482254110,B,training,Cond2,456,False,774,False,485583035.667,485583103.667,69,1,False,485583035.667,485583103.667,69,1,False,485583035.667,485583103.667,69,1
af3babcc1c4ceb1677bf,1482254276,A,training,Cond1,456,False,769,False,485569861.333,485569928.333,70,1,False,485569861.333,485569928.333,70,1,False,485569861.333,485569928.333,70,1
77ea41007be7b6b45d11,1482254292,B,training,Cond2,456,False,781,False,485620526.667,485620601.667,76,1,False,485620526.667,485620601.667,76,1,False,485620526.667,485620601.667,76,1
e935ac1540aef5d51712,1482254296,A,training,Cond1,456,False,769,False,485570047.333,485570116.333,70,1,False,485570047.333,485570116.333,70,1,False,485570048.333,485570116.333,69,1
9a7f596e82e22034d86e,1482254300,A,training,Cond1,456,False,770,False,485573146.333,485573216.333,71,1,False,485573146.333,485573216.333,71,1,False,485573146.333,485573216.333,71,1
d57cab637c16f39bac00,1482254328,B,training,Cond2,456,False,779,False,485612848.333,485612913.667,66,1,False,485612848.333,485612913.667,66,1,False,485612848.333,485612913.667,66,1
e0e6b498408facf92bd0,1482254332,B,training,Cond2,456,False,768,False,485568748.333,485568814.333,67,1,False,485568748.333,485568814.333,67,1,False,485568748.333,485568814.333,67,1
9184cf2256d412945e81,1484254304,B,training,Cond2,456,False,780,False,485614827.667,485614891.333,67,1,False,485614827.667,485614891.333,67,1,False,485614827.667,485614891.333,67,1
453a12ce73ca59a50cad,1484254308,B,training,Cond2,456,False,775,False,485590011.667,485590077.667,67,1,False,485590011.667,485590077.667,67,1,False,485590011.667,485590077.667,67,1
abdfc553244896aec7cd,1484254312,A,training,Cond1,456,False,749,False,485482335.0,485482403.0,69,1,False,485482336.0,485482403.0,68,1,False,485482336.0,485482403.0,68,1
fbdbe501c6cee0a12bd2,1484254316,A,training,Cond1,456,False,759,False,485528239.667,485528310.0,71,1,False,485528239.667,485528310.0,71,1,False,485528239.667,485528310.0,71,1
48ba4a0b0277ae5bd07d,1484254328,A,training,Cond1,456,False,762,False,485547959.0,485548025.0,67,1,False,485547959.0,485548025.0,67,1,False,485547959.0,485548025.0,67,1
0bc59c5fe1fae9253d66,1484254338,A,training,Cond1,456,False,766,False,485564740.333,485564793.333,54,1,False,485564740.333,485564793.333,54,1,False,485564740.333,485564793.333,54,1
856093546c3ed1df3876,1484254342,A,training,Cond1,456,False,764,False,485556702.333,485556771.333,70,1,False,485556702.333,485556771.333,70,1,False,485556703.333,485556771.333,69,1
4563939b3772415e988d,1484254346,A,training,Cond1,456,False,762,False,485548149.0,485548218.0,70,1,False,485548150.0,485548218.0,69,1,False,485548150.0,485548218.0,69,1
ba98c2c5eb5925320c3e,1484254350,B,training,Cond2,456,False,767,False,485566432.333,485566501.333,70,1,False,485566433.333,485566501.333,69,1,False,485566433.333,485566501.333,69,1
66165c7a4497dbbb0080,1484254358,A,training,Cond1,456,False,759,True,485528043.333,485528211.667,187,1,True,485528043.333,485528211.667,187,1,True,485528043.333,485528211.667,187,1
3188d9ad6b2151d91fd9,1484254366,A,training,Cond1,456,False,758,False,485523524.0,485523592.0,69,1,False,485523524.0,485523592.0,69,1,False,485523524.0,485523592.0,69,1
1c360e3ac398f525890e,1484254366,B,training,Cond2,456,False,763,False,485552793.333,485552799.333,7,1,False,485552793.333,485552799.333,7,1,False,485552793.333,485552799.333,7,1
256ea277f8e7bd5bc6a8,1484254370,A,training,Cond1,456,False,772,True,485579400.333,485579564.667,165,1,True,485579400.333,485579564.667,165,1,True,485579400.333,485579564.667,165,1
e3438195233d27cf84fe,1484254374,A,training,Cond1,456,False,756,False,485512799.333,485512868.333,70,1,False,485512799.333,485512868.333,70,1,False,485512799.333,485512868.333,70,1
e6c5884177352ef9f219,1484254374,B,training,Cond2,456,False,765,False,485560776.333,485560846.333,71,1,False,485560777.333,485560846.333,70,1,False,485560777.333,485560846.333,70,1
6a63a95ae885fdacd412,1484254378,A,training,Cond1,456,False,759,False,485528617.667,485528687.0,70,1,False,485528617.667,485528687.0,70,1,False,485528617.667,485528687.0,70,1
5dac9c8f958a97b6530d,1484254382,A,training,Cond1,456,False,756,False,485512609.333,485512676.333,68,1,False,485512609.333,485512676.333,68,1,False,485512609.333,485512676.333,68,1
bd40ce56067b1a8f6742,1484254382,B,training,Cond2,456,False,764,False,485556317.333,485556384.333,68,1,False,485556317.333,485556384.333,68,1,False,485556317.333,485556384.333,68,1
f464f9a0902538977266,1484254394,B,training,Cond2,456,False,767,False,485566048.333,485566118.0,70,1,False,485566048.333,485566118.0,70,1,False,485566048.333,485566118.0,70,1
83a066b8118ff9b6fb3e,1486254080,A,training,Cond1,456,False,772,False,485579592.667,485579660.667,69,1,False,485579592.667,485579660.667,69,1,False,485579592.667,485579660.667,69,1
82905abdb34c762714a4,1486254084,B,training,Cond2,456,False,790,False,485680095.667,485680161.667,67,1,False,485680095.667,485680161.667,67,1,False,485680095.667,485680161.667,67,1
69a00dfea8fdd01a4de5,1486254092,A,training,Cond1,456,False,784,False,485635470.667,485635539.667,70,1,False,485635470.667,485635539.667,70,1,False,485635470.667,485635539.667,70,1
9b2bee47698fb26fa450,1486254092,B,training,Cond2,456,False,790,False,485679521.667,485679587.667,67,1,False,485679521.667,485679587.667,67,1,False,485679521.667,485679587.667,67,1
38617ad6b2b88950b126,1486254096,A,training,Cond1,456,False,784,False,485635283.667,485635350.667,68,1,False,485635283.667,485635350.667,68,1,False,485635283.667,485635350.667,68,1
f6f96256e43737dc7d76,1486254120,B,training,Cond2,456,False,799,False,485769909.333,485769974.333,66,1,False,485769909.333,485769974.333,66,1,False,485769909.333,485769974.333,66,1
56c227384c84739d4d59,1486254306,B,training,Cond2,456,False,797,False,485741893.667,485741958.0,68,1,False,485741893.667,485741958.0,68,1,False,485741893.667,485741958.0,68,1
f44e75a0047d6dff868a,1486254310,B,training,Cond2,456,False,788,False,485658560.0,485658626.333,67,1,False,485658560.0,485658626.333,67,1,False,485658560.0,485658626.333,67,1
f340bd6a3afa4ce43f62,1486254314,A,training,Cond1,456,False,783,False,485633689.667,485633758.667,70,1,False,485633689.667,485633758.667,70,1,False,485633689.667,485633758.667,70,1
f20286af171f312f20d6,1486254314,B,training,Cond2,456,False,790,False,485679715.667,485679781.667,66,1,False,485679715.667,485679781.667,66,1,False,485679715.667,485679781.667,66,1
73c826dbbf8ef8316925,1486254318,A,training,Cond1,456,False,783,False,485633875.333,485633944.667,70,1,False,485633876.667,485633944.667,69,1,False,485633876.667,485633944.667,69,1
b23da4f9f2897f5547c1,1486254318,B,training,Cond2,456,False,790,False,485679905.667,485679972.667,68,1,False,485679906.667,485679972.667,67,1,False,485679906.667,485679972.667,67,1
eef9131cf62f318a6f97,1488254304,A,training,Cond1,456,False,766,False,485564529.333,485564599.333,71,1,False,485564529.333,485564599.333,71,1,False,485564530.333,485564599.333,70,1
db9820607af02f1f1430,1488254308,A,training,Cond1,456,False,766,False,485564336.333,485564404.333,69,1,False,485564336.333,485564404.333,69,1,False,485564336.333,485564404.333,69,1
2d6ce6311cde8190d0e3,1488254308,B,training,Cond2,456,False,786,False,485644124.333,485644190.0,67,1,False,485644124.333,485644190.0,67,1,False,485644124.333,485644190.0,67,1
ff84ddffe40ac9f70081,1488254316,B,training,Cond2,456,False,781,False,485620335.333,485620401.333,67,1,False,485620335.333,485620401.333,67,1,False,485620335.333,485620401.333,67,1
077a00cecd82824b62aa,1488254324,B,training,Cond2,456,False,788,False,485659756.667,485659824.333,70,1,False,485659756.667,485659824.333,70,1,False,485659757.0,485659824.333,69,1
3f7dd303a6a5215d0e4d,1488254338,A,training,Cond1,456,False,770,False,485573333.0,485573401.333,71,1,False,485573333.333,485573401.333,70,1,False,485573333.667,485573401.333,69,1
2415a598db312109ee60,1488254342,A,training,Cond1,456,False,773,False,485580785.667,485580821.0,35,1,False,485580785.667,485580821.0,35,1,False,485580785.667,485580821.0,35,1
2e36fd27ddc4e8f097f4,1488254342,B,training,Cond2,456,False,785,False,485640931.333,485640997.333,65,1,False,485640931.333,485640997.333,65,1,False,485640931.333,485640997.333,65,1
318ccd1fa74a49521b93,1488254346,A,training,Cond1,456,False,769,False,485570234.333,485570302.333,69,1,False,485570234.333,485570302.333,69,1,False,485570235.333,485570302.333,68,1
6e874b66d70476565d95,1488254358,A,training,Cond1,456,False,770,False,485574151.333,485574217.333,69,1,False,485574151.333,485574217.333,69,1,False,485574151.333,485574217.333,69,1
bed84d540f9daf546754,1488254362,B,training,Cond2,456,False,788,False,485659378.333,485659445.333,68,1,False,485659378.333,485659445.333,68,1,False,485659378.333,485659445.333,68,1
3f314c392c270b29a4de,1488254370,A,training,Cond1,456,False,778,False,485602542.667,485602607.667,68,1,False,485602542.667,485602607.667,68,1,False,485602542.667,485602607.667,68,1
fda76e385a3900a5c26f,1488254370,B,training,Cond2,456,False,788,False,485659944.0,485660010.333,67,1,False,485659944.0,485660010.333,67,1,False,485659944.0,485660010.333,67,1
861a99fddd829e7f32c8,1488254374,A,training,Cond1,456,False,778,False,485602728.667,485602797.667,70,1,False,485602728.667,485602797.667,70,1,False,485602729.667,485602797.667,69,1
38eae53a1590ac17a6c4,1488254378,A,training,Cond1,456,False,771,False,485578422.667,485578487.667,66,1,False,485578422.667,485578487.667,66,1,False,485578422.667,485578487.667,66,1
28160c8dd80239d4c6e3,1488254378,B,training,Cond2,456,False,785,False,485640742.333,485640776.0,35,1,False,485640742.333,485640776.0,35,1,False,485640742.333,485640776.0,35,1
000af8d9da173dcc2bb1,1488254382,A,training,Cond1,456,False,770,False,485574338.333,485574407.333,70,1,False,485574339.333,485574407.333,69,1,False,485574339.333,485574407.333,69,1
1e58bebb6cfe1a8fea51,1490254080,A,training,Cond1,456,False,812,False,485847888.0,485847954.333,67,1,False,485847888.0,485847954.333,67,1,False,485847888.0,485847954.333,67,1
4dade8e79f2ea291720c,1490254080,B,training,Cond2,456,False,818,False,485886348.667,485886414.667,67,1,False,485886348.667,485886414.667,67,1,False,485886348.667,485886414.667,67,1
cadfedde0f37af09bd8b,1490254092,A,training,Cond1,456,False,806,False,485818675.333,485818741.667,67,1,False,485818676.667,485818741.667,66,1,False,485818676.667,485818741.667,66,1
735ffb7543b67724b0a8,1490254100,B,training,Cond2,456,False,816,False,485881039.667,485881106.667,68,1,False,485881039.667,485881106.667,68,1,False,485881040.667,485881106.667,67,1
12884ecb936f72cda2d5,1490254104,A,training,Cond1,456,False,807,False,485832433.333,485832496.667,64,1,False,485832433.333,485832496.667,64,1,False,485832433.333,485832496.667,64,1
06a4dfbff4caba870ea2,1490254124,A,training,Cond1,456,False,806,False,485819049.333,485819112.667,64,1,False,485819049.333,485819112.667,64,1,False,485819050.333,485819112.667,63,1
e6575335e2d5725af21a,1490254140,A,training,Cond1,456,False,805,False,485812767.0,485812832.0,66,1,False,485812767.0,485812832.0,66,1,False,485812767.0,485812832.0,66,1
8d55a1a10f2a0574f939,1490254140,B,training,Cond2,456,False,815,False,485876642.0,485876707.667,69,1,False,485876642.0,485876707.667,69,1,False,485876642.0,485876707.667,69,1
dc1a4dd998787d314c26,1492254346,A,training,Cond1,456,False,811,False,485845912.667,485845977.667,66,1,False,485845912.667,485845977.667,66,1,False,485845912.667,485845977.667,66,1
2611d5a613d3f7ba6826,1492254370,B,training,Cond2,456,False,804,False,485810048.0,485810113.0,66,1,False,485810048.0,485810113.0,66,1,False,485810048.0,485810113.0,66,1
b58d52f076282da2150b,1832206946,A,training,Cond3,123,False,129,False,484220983.667,484221133.667,152,1,False,484220983.667,484221133.667,152,1,False,484220983.667,484221133.667,152,1
8a74b53735baa3c414bd,1832206970,A,training,Cond3,123,False,130,False,484227592.0,484227728.0,136,1,False,484227592.0,484227728.0,136,1,False,484227592.0,484227728.0,136,1
946f249cc3b55881d819,1832206976,A,training,Cond3,123,False,132,False,484270923.667,484271069.333,145,1,False,484270923.667,484271069.333,145,1,False,484270923.667,484271069.333,145,1
ebc5e73875c767fc7926,1832206980,A,training,Cond3,123,False,132,False,484270620.667,484270765.667,146,1,False,484270620.667,484270765.667,146,1,False,484270620.667,484270765.667,146,1
501f0de7dc78d96bd590,1832206988,A,training,Cond3,123,False,131,False,484268527.667,484268681.667,155,1,False,484268527.667,484268681.667,155,1,False,484268527.667,484268681.667,155,1
7d105b5cb68d2b848f39,1832206992,A,training,Cond3,123,False,133,False,484280004.667,484280156.0,153,1,False,484280004.667,484280156.0,153,1,False,484280004.667,484280156.0,153,1
4ba08d969658aeaef3a9,1832206996,A,training,Cond3,123,False,133,False,484280459.667,484280600.667,142,1,False,484280459.667,484280600.667,142,1,False,484280459.667,484280600.667,142,1
346aa3e3d00923f48e24,1832207000,A,training,Cond3,123,False,132,False,484270772.667,484270917.667,146,1,False,484270772.667,484270917.667,146,1,False,484270772.667,484270917.667,146,1
96e67dca579d18e414bd,1832207012,A,training,Cond3,123,False,134,False,484322234.667,484322382.667,167,1,False,484322234.667,484322382.667,167,1,False,484322234.667,484322382.667,167,1
01a43793bca459b76dd7,1832207016,A,training,Cond3,123,False,134,False,484322684.667,484322826.667,143,1,False,484322684.667,484322826.667,143,1,False,484322684.667,484322826.667,143,1
720c6bf3c1a4a585bcc6,1832207020,A,training,Cond3,123,False,136,False,484416654.0,484416821.0,168,1,False,484416654.0,484416821.0,168,1,False,484416654.0,484416821.0,168,1
e11e1ce6eede2fd4dc73,1834206722,A,training,Cond3,123,False,142,False,484961488.667,484961631.667,144,1,False,484961488.667,484961631.667,144,1,False,484961488.667,484961631.667,144,1
2de784ff2c2e489233a4,1834206730,A,training,Cond3,123,True,136,False,484415126.0,484415264.0,139,1,False,484415126.0,484415264.0,139,1,False,484415126.0,484415264.0,139,1
d60b24f42a865629392f,1834206734,A,training,Cond3,123,False,136,False,484416336.333,484416504.0,169,1,False,484416336.333,484416504.0,169,1,False,484416336.333,484416504.0,169,1
84934d6b4db7a9fb1e42,1834206738,A,training,Cond3,123,False,141,False,484955967.667,484956106.667,142,1,False,484955967.667,484956106.667,142,1,False,484955967.667,484956106.667,142,1
e373421de3fa377678f5,1834206742,A,training,Cond3,123,False,141,False,484955671.0,484955812.667,143,1,False,484955671.0,484955812.667,143,1,False,484955671.0,484955812.667,143,1
9fb6cda25a201499ef5c,1834206746,A,training,Cond3,123,False,145,False,485015592.333,485015738.333,147,1,False,485015592.333,485015738.333,147,1,False,485015592.333,485015738.333,147,1
31640027af9e817ef346,1834206750,A,training,Cond3,123,False,142,False,484961786.667,484961927.667,142,1,False,484961786.667,484961927.667,142,1,False,484961786.667,484961927.667,142,1
7d6a3c1a8b155bd55b51,1834206754,A,training,Cond3,123,False,142,False,484961338.667,484961481.667,143,1,False,484961338.667,484961481.667,143,1,False,484961338.667,484961481.667,143,1
4bcf46862e6cc2007b97,1834206758,A,training,Cond3,123,False,143,False,484994120.667,484994261.667,142,1,False,484994120.667,484994261.667,142,1,False,484994120.667,484994261.667,142,1
dd4fcd5fe081e53ff3b6,1834206766,A,training,Cond3,123,False,139,False,484935404.667,484935546.667,134,1,False,484935404.667,484935546.667,134,1,False,484935404.667,484935546.667,134,1
2c576bc68d1b316117b2,1834206944,A,training,Cond3,123,True,136,False,484415611.0,484415745.0,134,1,False,484415611.0,484415745.0,134,1,False,484415611.0,484415745.0,134,1
bd23fbfa77123a96c177,1834206948,A,training,Cond3,123,False,136,False,484415441.0,484415605.0,164,1,False,484415441.0,484415605.0,164,1,False,484415441.0,484415605.0,164,1
42016882fbf1cf7fe1e0,1834206952,A,training,Cond3,123,False,136,False,484415271.667,484415434.333,163,1,False,484415271.667,484415434.333,163,1,False,484415271.667,484415434.333,163,1
1c428400655c47962554,1834206956,A,training,Cond3,123,False,134,False,484322538.333,484322677.667,140,1,False,484322538.333,484322677.667,140,1,False,484322538.333,484322677.667,140,1
1a1b0602c26beb89ae14,1834206972,A,training,Cond3,123,True,136,False,484416510.0,484416648.0,139,1,False,484416510.0,484416648.0,139,1,False,484416510.0,484416648.0,139,1
6e69310cdbfaeecb8c9f,1836206946,A,training,Cond3,123,False,113,False,484127136.667,484127281.667,146,1,False,484127136.667,484127281.667,146,1,False,484127136.667,484127281.667,146,1
463c63aa204169499b4e,1836206950,A,training,Cond3,123,False,111,False,484119825.667,484119979.667,155,1,False,484119825.667,484119979.667,155,1,False,484119825.667,484119979.667,155,1
a72088cc6750ee9acce5,1836206954,A,training,Cond3,123,False,112,False,484121861.667,484122008.667,147,1,False,484121861.667,484122008.667,147,1,False,484121861.667,484122008.667,147,1
eae81cd3c4fff458bc78,1836206958,A,training,Cond3,123,False,111,False,484120440.0,484120595.0,156,1,False,484120440.0,484120595.0,156,1,False,484120440.0,484120595.0,156,1
b99f713dab5ef8052e5c,1836206966,A,training,Cond3,123,False,111,False,484120138.0,484120283.0,145,1,False,484120138.0,484120283.0,145,1,False,484120138.0,484120283.0,145,1
ae2575d351e4aca9152f,1836206976,A,training,Cond3,123,False,113,False,484126691.667,484126828.667,138,1,False,484126691.667,484126828.667,138,1,False,484126691.667,484126828.667,138,1
645b657a562636c2ba57,1836206980,A,training,Cond3,123,False,113,False,484126834.667,484126979.667,144,1,False,484126834.667,484126979.667,144,1,False,484126834.667,484126979.667,144,1
2c181a3965b4ca0855a8,1836206984,A,training,Cond3,123,False,114,False,484133477.0,484133625.0,149,1,False,484133477.0,484133625.0,149,1,False,484133477.0,484133625.0,149,1
ff66ff9897b20fd5000a,1836206992,A,training,Cond3,123,False,117,False,484148147.667,484148297.667,151,1,False,484148147.667,484148297.667,151,1,False,484148147.667,484148297.667,151,1
077a12ae64b1141dc245,1836207000,A,training,Cond3,123,False,114,False,484133632.0,484133778.0,145,1,False,484133632.0,484133778.0,145,1,False,484133632.0,484133778.0,145,1
e906848098a3722fd1f6,1836207008,A,training,Cond3,123,False,117,False,484148450.667,484148592.667,142,1,False,484148450.667,484148592.667,142,1,False,484148450.667,484148592.667,142,1
214cbeef12c43fd036e6,1836207012,A,training,Cond3,123,False,123,False,484172410.667,484172562.333,153,1,False,484172410.667,484172562.333,153,1,False,484172410.667,484172562.333,153,1
f1db95fa71203a471519,1836207016,A,training,Cond3,123,False,115,False,484141710.667,484141861.667,152,1,False,484141710.667,484141861.667,152,1,False,484141710.667,484141861.667,152,1
fd93a0e8f601dcd699f4,1836207020,A,training,Cond3,123,False,114,False,484133331.333,484133471.0,158,1,False,484133331.333,484133471.0,158,1,False,484133331.333,484133471.0,158,1
5f114645663b5c02602d,1836207028,A,training,Cond3,123,False,118,False,484153278.0,484153420.0,143,1,False,484153278.0,484153420.0,143,1,False,484153278.0,484153420.0,143,1
ad58f61e30539ce0e733,1838206722,A,training,Cond3,123,False,125,False,484193954.333,484194095.333,142,1,False,484193954.333,484194095.333,142,1,False,484193954.333,484194095.333,142,1
b31da3129d712e94bfeb,1838206726,A,training,Cond3,123,False,131,False,484269163.0,484269315.667,154,1,False,484269163.0,484269315.667,154,1,False,484269163.0,484269315.667,154,1
4b157c9cd981716d9872,1838206730,A,training,Cond3,123,False,125,False,484193669.0,484193801.333,136,1,False,484193669.0,484193801.333,136,1,False,484193669.0,484193801.333,136,1
c6b0711f76649d2db796,1838206734,A,training,Cond3,123,False,122,False,484169829.333,484169972.667,145,1,False,484169829.333,484169972.667,145,1,False,484169829.333,484169972.667,145,1
b54734756f0204c9aecc,1838206742,A,training,Cond3,123,False,120,False,484160135.667,484160275.667,140,1,False,484160135.667,484160275.667,140,1,False,484160135.667,484160275.667,140,1
c32b10ed44fdae7c5c27,1838206746,A,training,Cond3,123,False,120,False,484159835.667,484159984.0,149,1,False,484159835.667,484159984.0,149,1,False,484159835.667,484159984.0,149,1
1a2d2d413f81d77e4896,1838206750,A,training,Cond3,123,False,121,False,484164930.333,484165073.333,143,1,False,484164930.333,484165073.333,143,1,False,484164930.333,484165073.333,143,1
d202183f39579a9827e5,1838206762,A,training,Cond3,123,False,125,False,484193808.333,484193948.0,141,1,False,484193808.333,484193948.0,141,1,False,484193808.333,484193948.0,141,1
35403d66cd84f083e98b,1838206770,A,training,Cond3,123,False,122,False,484169680.667,484169822.667,143,1,False,484169680.667,484169822.667,143,1,False,484169680.667,484169822.667,143,1
53c2b601098e6ce52f38,1838206782,A,training,Cond3,123,False,128,False,484220004.0,484220138.0,135,1,False,484220004.0,484220138.0,135,1,False,484220004.0,484220138.0,135,1
150fd4ad0a7318cffede,1838206952,A,training,Cond3,123,False,118,False,484153122.667,484153272.0,151,1,False,484153122.667,484153272.0,151,1,False,484153122.667,484153272.0,151,1
87ed814c92b9d320f4f5,1838206960,A,training,Cond3,123,False,122,False,484169375.667,484169522.667,147,1,False,484169375.667,484169522.667,147,1,False,484169375.667,484169522.667,147,1
e8697465455ff7682aa2,1838206972,A,training,Cond3,123,False,120,False,484159989.667,484160129.667,141,1,False,484159989.667,484160129.667,141,1,False,484159989.667,484160129.667,141,1
9ab2ad853957eefb72ec,1840206962,A,training,Cond3,123,False,149,False,485093993.333,485094140.333,148,1,False,485093993.333,485094140.333,148,1,False,485093993.333,485094140.333,148,1
56a6e64eaaeca159b532,1840206966,A,training,Cond3,123,False,161,False,485177730.0,485177871.0,142,1,False,485177730.0,485177871.0,142,1,False,485177730.0,485177871.0,142,1
2bfa25c9e7cb987ad8b3,1840206974,A,training,Cond3,123,False,154,False,485150443.0,485150581.0,139,1,False,485150443.0,485150581.0,139,1,False,485150443.0,485150581.0,139,1
df4863cd2229a0b2c21b,1840206980,A,training,Cond3,123,False,156,False,485156276.667,485156406.0,132,1,False,485156276.667,485156406.0,132,1,False,485156276.667,485156406.0,132,1
3529b159b651866bec49,1840206984,A,training,Cond3,123,False,154,False,485149709.0,485149851.0,143,1,False,485149709.0,485149851.0,143,1,False,485149709.0,485149851.0,143,1
2baac219dda826cdd63e,1840206992,A,training,Cond3,123,False,167,False,485255949.0,485256096.0,148,1,False,485255949.0,485256096.0,148,1,False,485255949.0,485256096.0,148,1
3a51b1943a6ff6fee521,1840207000,A,training,Cond3,123,False,154,False,485150151.0,485150294.0,144,1,False,485150151.0,485150294.0,144,1,False,485150151.0,485150294.0,144,1
53a5a7988c4177aaae82,1840207008,A,training,Cond3,123,False,154,False,485150300.667,485150436.0,136,1,False,485150300.667,485150436.0,136,1,False,485150300.667,485150436.0,136,1
a64884767ec5eaefa1b4,1840207028,A,training,Cond3,123,False,156,False,485156751.333,485156895.333,145,1,False,485156751.333,485156895.333,145,1,False,485156751.333,485156895.333,145,1
a3da09a6352d41d3362a,1840207036,A,training,Cond3,123,False,158,False,485169011.0,485169158.0,148,1,False,485169011.0,485169158.0,148,1,False,485169011.0,485169158.0,148,1
e1f548b73b6f2d9bfbb3,1842206722,A,training,Cond3,123,False,170,False,485342938.333,485343062.333,125,1,False,485342938.333,485343062.333,125,1,False,485342938.333,485343062.333,125,1
7c2d727c39a0b8a8a6bb,1842206734,A,training,Cond3,123,False,170,False,485342315.333,485342460.333,145,1,False,485342315.333,485342460.333,145,1,False,485342315.333,485342460.333,145,1
24509589c5432303b3be,1842206742,A,training,Cond3,123,False,155,False,485153745.333,485153893.333,149,1,False,485153745.333,485153893.333,149,1,False,485153745.333,485153893.333,149,1
574d6a9334cf5f307fca,1842206746,A,training,Cond3,123,False,163,False,485182462.0,485182608.0,147,1,False,485182462.0,485182608.0,147,1,False,485182462.0,485182608.0,147,1
76f9346a0be85fc1be1a,1842206770,A,training,Cond3,123,False,173,False,485422310.0,485422446.0,137,1,False,485422310.0,485422446.0,137,1,False,485422310.0,485422446.0,137,1
b7e0661c8053c51776f2,1842206774,A,training,Cond3,123,False,168,False,485337950.333,485338082.333,132,1,False,485337950.333,485338082.333,132,1,False,485337950.333,485338082.333,132,1
1464a72b7d6636b5fee5,1842206948,A,training,Cond3,123,False,157,False,485165998.0,485166139.0,141,1,False,485165998.0,485166139.0,141,1,False,485165998.0,485166139.0,141,1
cd9f01489966caf1d4e0,1842206968,A,training,Cond3,123,False,159,False,485172433.0,485172578.0,146,1,False,485172433.0,485172578.0,146,1,False,485172433.0,485172578.0,146,1
15604f34f429a913822b,1842206972,A,training,Cond3,123,False,156,False,485155973.333,485156115.333,143,1,False,485155973.333,485156115.333,143,1,False,485155973.333,485156115.333,143,1
6102fc80bf63fb3b7bc7,1844206918,A,training,Cond3,123,False,139,False,484935262.667,484935319.667,58,1,False,484935262.667,484935319.667,58,1,False,484935262.667,484935319.667,58,1
7d778bb99f3549b3cc5e,1844206922,A,training,Cond3,123,False,142,False,484961639.667,484961780.667,142,1,False,484961639.667,484961780.667,142,1,False,484961639.667,484961780.667,142,1
25a5ea8da1ee614469d8,1844206926,A,training,Cond3,123,False,141,False,484955819.333,484955959.667,142,1,False,484955819.333,484955959.667,142,1,False,484955819.333,484955959.667,142,1
8b5cad545e6c9918fe21,1844206942,A,training,Cond3,123,False,142,False,484961934.0,484962074.667,142,1,False,484961934.0,484962074.667,142,1,False,484961934.0,484962074.667,142,1
b47ef5b7a4947c8bcdd1,1844206984,A,training,Cond3,123,False,145,False,485016914.667,485017061.667,148,1,False,485016914.667,485017061.667,148,1,False,485016914.667,485017061.667,148,1
ddbb4897a8ac1ab9efbd,1844206988,A,training,Cond3,123,False,147,False,485059256.667,485059397.667,142,1,False,485059256.667,485059397.667,142,1,False,485059256.667,485059397.667,142,1
71088f7791ffe1c0d1c9,1844207004,A,training,Cond3,123,False,145,False,485017361.333,485017500.667,141,1,False,485017361.333,485017500.667,141,1,False,485017361.333,485017500.667,141,1
09f8fc2ec70a51a1f6ac,1844207008,A,training,Cond3,123,False,145,False,485017216.667,485017354.667,139,1,False,485017216.667,485017354.667,139,1,False,485017216.667,485017354.667,139,1
e93c8afb17a9d6f1ebda,1844207012,A,training,Cond3,123,False,146,False,485022890.667,485023042.333,153,1,False,485022890.667,485023042.333,153,1,False,485022890.667,485023042.333,153,1
f546b033b92cc9963a07,1844207016,A,training,Cond3,123,False,144,False,485009861.333,485010011.667,151,1,False,485009861.333,485010011.667,151,1,False,485009861.333,485010011.667,151,1
78d56107354a79152f2a,1844207020,A,training,Cond3,123,False,145,False,485015745.333,485015887.333,143,1,False,485015745.333,485015887.333,143,1,False,485015745.333,485015887.333,143,1
dc49cfc1a3ee39ebf00e,1844207024,A,training,Cond3,123,False,138,False,484934150.667,484934294.667,144,1,False,484934150.667,484934294.667,144,1,False,484934150.667,484934294.667,144,1
5a15e989d485475cb08c,1846206722,A,training,Cond3,123,False,153,False,485121452.667,485121593.333,142,1,False,485121452.667,485121593.333,142,1,False,485121452.667,485121593.333,142,1
82a15fffd0ce2d47c9dc,1846206726,A,training,Cond3,123,False,151,False,485105717.667,485105862.333,146,1,False,485105717.667,485105862.333,146,1,False,485105717.667,485105862.333,146,1
e3f6f743b2a0d1e2b432,1846206730,A,training,Cond3,123,False,160,False,485174533.0,485174675.667,142,1,False,485174533.0,485174675.667,142,1,False,485174533.0,485174675.667,142,1
55afca9d43b78202544d,1846206738,A,training,Cond3,123,False,151,False,485106015.333,485106154.333,140,1,False,485106015.333,485106154.333,140,1,False,485106015.333,485106154.333,140,1
d662e03e94f2d2f19e25,1846206754,A,training,Cond3,123,False,148,False,485085822.333,485085961.333,139,1,False,485085822.333,485085961.333,139,1,False,485085822.333,485085961.333,139,1
079db6d6a54d37c7aa0d,1846206758,A,training,Cond3,123,False,153,False,485121600.333,485121740.333,141,1,False,485121600.333,485121740.333,141,1,False,485121600.333,485121740.333,141,1
c8a615e24c0e0b56274e,1846206762,A,training,Cond3,123,False,148,False,485085521.333,485085669.333,149,1,False,485085521.333,485085669.333,149,1,False,485085521.333,485085669.333,149,1
9b58edaab49c9fcd3658,1846206766,A,training,Cond3,123,False,150,False,485103327.333,485103474.333,148,1,False,485103327.333,485103474.333,148,1,False,485103327.333,485103474.333,148,1
4d68dec2770ee4c254c4,1846206774,A,training,Cond3,123,False,151,False,485106163.0,485106299.333,138,1,False,485106163.0,485106299.333,138,1,False,485106163.0,485106299.333,138,1
faa2a92e3d54367f8ae2,1846206778,A,training,Cond3,123,False,152,False,485111978.667,485112124.333,147,1,False,485111978.667,485112124.333,147,1,False,485111978.667,485112124.333,147,1
fd81f56e184c90038511,1846206782,A,training,Cond3,123,False,148,False,485085675.333,485085815.333,141,1,False,485085675.333,485085815.333,141,1,False,485085675.333,485085815.333,141,1
0496757b15f37cd88fc7,1846206912,A,training,Cond3,123,False,145,False,485016188.0,485016326.0,138,1,False,485016188.0,485016326.0,138,1,False,485016188.0,485016326.0,138,1
891a6e69e4461cfc28af,1846206920,A,training,Cond3,123,False,147,False,485059699.667,485059869.0,170,1,False,485059699.667,485059869.0,170,1,False,485059699.667,485059869.0,170,1
db78ddc119a55450fbee,1846206924,A,training,Cond3,123,False,146,False,485023266.667,485023399.0,132,1,False,485023266.667,485023399.0,132,1,False,485023266.667,485023399.0,132,1
b3ef4961b92fffd1f83b,1846206928,A,training,Cond3,123,False,145,False,485017068.333,485017208.333,141,1,False,485017068.333,485017208.333,141,1,False,485017068.333,485017208.333,141,1
a9f80dad86365e45c545,1852206918,A,training,Cond3,123,False,186,False,485689828.667,485689958.667,132,1,False,485689828.667,485689958.667,132,1,False,485689828.667,485689958.667,132,1
2c8fabf8b0ced303b830,1852206930,A,training,Cond3,123,False,171,False,485363923.0,485364055.333,150,1,False,485363923.0,485364055.333,150,1,False,485363923.0,485364055.333,150,1
14a10677ebd59ec31af3,1852206934,A,training,Cond3,123,False,171,False,485365226.333,485365366.333,140,1,False,485365226.333,485365366.333,140,1,False,485365226.333,485365366.333,140,1
84e5ae2794a62c91621a,1852206942,A,training,Cond3,123,False,169,False,485339409.333,485339558.333,150,1,False,485339409.333,485339558.333,150,1,False,485339409.333,485339558.333,150,1
9b02eb50ee6d4b5c1bee,1852206980,A,training,Cond3,123,False,174,False,485511311.333,485511456.333,146,1,False,485511311.333,485511456.333,146,1,False,485511311.333,485511456.333,146,1
695d362ec0a51c6afcd2,1852206992,A,training,Cond3,123,False,171,False,485363334.333,485363474.333,152,1,False,485363334.333,485363474.333,152,1,False,485363334.333,485363474.333,152,1
caf8829de072fa8a898a,1852206996,A,training,Cond3,123,False,171,False,485364063.0,485364200.667,139,1,False,485364063.0,485364200.667,139,1,False,485364063.0,485364200.667,139,1
b9ab713a697e5c8e6571,1852207004,A,training,Cond3,123,False,171,False,485363628.667,485363766.333,140,1,False,485363628.667,485363766.333,140,1,False,485363628.667,485363766.333,140,1
50abcbf082f4ded18c1d,1852207008,A,training,Cond3,123,False,172,False,485369418.333,485369549.333,132,1,False,485369418.333,485369549.333,132,1,False,485369418.333,485369549.333,132,1
f9edd232f233bcfa0f8e,1852207012,A,training,Cond3,123,False,169,False,485339255.333,485339402.333,148,1,False,485339255.333,485339402.333,148,1,False,485339255.333,485339402.333,148,1
443b5153c617d9de7bc0,1852207016,A,training,Cond3,123,False,171,False,485363773.667,485363907.667,131,1,False,485363773.667,485363907.667,131,1,False,485363773.667,485363907.667,131,1
045e6300e3ee6cbd8f4f,1852207024,A,training,Cond3,123,False,171,False,485363048.333,485363182.333,153,1,False,485363048.333,485363182.333,153,1,False,485363048.333,485363182.333,153,1
010208d6ff02eb5c207b,1852207028,A,training,Cond3,123,False,171,False,485364641.333,485364776.667,121,1,False,485364641.333,485364776.667,121,1,False,485364641.333,485364776.667,121,1
8499c08afd5f73da29a6,1852207032,A,training,Cond3,123,False,171,False,485364492.667,485364634.667,143,1,False,485364492.667,485364634.667,143,1,False,485364492.667,485364634.667,143,1
b63b15d4621a0979f6fa,1852207036,A,training,Cond3,123,False,171,False,485363189.333,485363328.667,123,1,False,485363189.333,485363328.667,123,1,False,485363189.333,485363328.667,123,1
ae1c0ee16bd5ea429b41,1854206786,A,training,Cond3,123,False,179,False,485597528.667,485597662.667,135,1,False,485597528.667,485597662.667,135,1,False,485597528.667,485597662.667,135,1
e4cb5974d877b323beab,1854206790,A,training,Cond3,123,False,178,False,485541269.667,485541405.667,139,1,False,485541269.667,485541405.667,139,1,False,485541269.667,485541405.667,139,1
07db7538730a0b2f69fe,1854206798,A,training,Cond3,123,False,178,False,485541124.0,485541261.667,139,1,False,485541124.0,485541261.667,139,1,False,485541124.0,485541261.667,139,1
050cb862c4c8b1ba0331,1854206806,A,training,Cond3,123,False,177,False,485534791.0,485534921.0,130,1,False,485534791.0,485534921.0,130,1,False,485534791.0,485534921.0,130,1
9f13684e7e579bf316c4,1854206810,A,training,Cond3,123,False,176,False,485527569.667,485527706.0,137,1,False,485527569.667,485527706.0,137,1,False,485527569.667,485527706.0,137,1
dbcb908252807068e265,1854206814,A,training,Cond3,123,False,176,False,485527712.0,485527848.0,137,1,False,485527712.0,485527848.0,137,1,False,485527712.0,485527848.0,137,1
4623af7d38d498ac426e,1854206818,A,training,Cond3,123,False,182,False,485652387.333,485652535.333,154,1,False,485652387.333,485652535.333,154,1,False,485652387.333,485652535.333,154,1
e579dec0e4b15397d77c,1854206822,A,training,Cond3,123,False,183,False,485660472.333,485660605.0,134,1,False,485660472.333,485660605.0,134,1,False,485660472.333,485660605.0,134,1
5baec387516a367d6086,1854206830,A,training,Cond3,123,False,181,False,485633016.667,485633167.667,152,1,False,485633016.667,485633167.667,152,1,False,485633016.667,485633167.667,152,1
ae5b36943e1631c2be74,1854206842,A,training,Cond3,123,False,184,False,485662403.333,485662551.333,147,1,False,485662403.333,485662551.333,147,1,False,485662403.333,485662551.333,147,1
8061bcca2ffddf820b81,1854206880,A,training,Cond3,123,False,177,False,485534928.0,485535065.0,137,1,False,485534928.0,485535065.0,137,1,False,485534928.0,485535065.0,137,1
016e5e563f5014c2f1d8,1854206888,A,training,Cond3,123,False,178,False,485540978.0,485541118.0,138,1,False,485540978.0,485541118.0,138,1,False,485540978.0,485541118.0,138,1
498727c6e237d6c08df2,1854206892,A,training,Cond3,123,False,174,False,485511463.333,485511601.333,133,1,False,485511463.333,485511601.333,133,1,False,485511463.333,485511601.333,133,1
e5806d3627ce9ff244ab,2056207360,A,training,Cond3,123,False,209,False,486264221.333,486264363.333,142,1,False,486264221.333,486264363.333,142,1,False,486264221.333,486264363.333,142,1
c4b9c1349a47001c15d5,2056207368,A,training,Cond3,123,False,214,False,486333435.333,486333564.667,128,1,False,486333435.333,486333564.667,128,1,False,486333435.333,486333564.667,128,1
ec4f20187ff9dc5fa44f,2056207372,A,training,Cond3,123,False,207,False,486261675.667,486261822.0,148,1,False,486261675.667,486261822.0,148,1,False,486261675.667,486261822.0,148,1
ca84a4e2e2501ea92938,2056207384,A,training,Cond3,123,False,206,False,486256346.333,486256485.333,141,1,False,486256346.333,486256485.333,141,1,False,486256346.333,486256485.333,141,1
f9f678a89c308db21acc,2056207392,A,training,Cond3,123,False,204,False,486148142.667,486148281.667,139,1,False,486148142.667,486148281.667,139,1,False,486148142.667,486148281.667,139,1
ecf7d8cb3c136c1e4b2c,2056207396,A,training,Cond3,123,False,204,False,486148431.667,486148569.667,138,1,False,486148431.667,486148569.667,138,1,False,486148431.667,486148569.667,138,1
696ca1f99fb4b275e5f5,2056207400,A,training,Cond3,123,False,201,False,486092017.333,486092172.333,156,1,False,486092017.333,486092172.333,156,1,False,486092017.333,486092172.333,156,1
2b081f335e8e2134b787,2056207404,A,training,Cond3,123,False,204,False,486148287.667,486148425.667,138,1,False,486148287.667,486148425.667,138,1,False,486148287.667,486148425.667,138,1
7463a7df1863b80675d3,2056207408,A,training,Cond3,123,False,214,False,486333719.333,486333860.333,142,1,False,486333719.333,486333860.333,142,1,False,486333719.333,486333860.333,142,1
0d24074e4fe7edbbc1f2,2056207412,A,training,Cond3,123,False,214,False,486333572.0,486333712.333,145,1,False,486333572.0,486333712.333,145,1,False,486333572.0,486333712.333,145,1
cfdbe5dbbf299d54b181,2056207416,A,training,Cond3,123,False,203,False,486147000.0,486147144.667,146,1,False,486147000.0,486147144.667,146,1,False,486147000.0,486147144.667,146,1
837821850aa2fafbfb75,2056207420,A,training,Cond3,123,False,205,False,486195601.333,486195751.667,151,1,False,486195601.333,486195751.667,151,1,False,486195601.333,486195751.667,151,1
d9fbe2f3d9d142a0a785,2056207558,A,training,Cond3,123,False,202,False,486135362.333,486135508.667,148,1,False,486135362.333,486135508.667,148,1,False,486135362.333,486135508.667,148,1
2b5264b0af7894537701,2056207562,A,training,Cond3,123,False,198,False,485863006.333,485863150.333,143,1,False,485863006.333,485863150.333,143,1,False,485863006.333,485863150.333,143,1
e89d3d620b3a84a41e95,2056207566,A,training,Cond3,123,False,198,False,485863301.333,485863435.0,136,1,False,485863301.333,485863435.0,136,1,False,485863301.333,485863435.0,136,1
0367165ba72dacdd939e,2058207552,A,training,Cond3,123,False,208,False,486263377.333,486263525.333,149,1,False,486263377.333,486263525.333,149,1,False,486263377.333,486263525.333,149,1
8105b59e014fa13c4167,2058207556,A,training,Cond3,123,False,210,False,486277627.0,486277772.0,147,1,False,486277627.0,486277772.0,147,1,False,486277627.0,486277772.0,147,1
0aae7e22ad5e7af6fea7,2058207560,A,training,Cond3,123,False,213,False,486323724.333,486323867.333,144,1,False,486323724.333,486323867.333,144,1,False,486323724.333,486323867.333,144,1
3a48bc4d5bf64916dbed,2058207564,A,training,Cond3,123,False,206,False,486257073.333,486257219.333,147,1,False,486257073.333,486257219.333,147,1,False,486257073.333,486257219.333,147,1
98a5789c01a1c88bb858,2058207580,A,training,Cond3,123,True,209,False,486264370.0,486264495.333,125,1,False,486264370.0,486264495.333,125,1,False,486264370.0,486264495.333,125,1
c010ebb45a245555c906,2058207618,A,training,Cond3,123,False,219,False,486388060.667,486388212.667,153,1,False,486388060.667,486388212.667,153,1,False,486388060.667,486388212.667,153,1
c615ed8540869bf763ea,2058207622,A,training,Cond3,123,False,217,False,486351493.667,486351642.0,149,1,False,486351493.667,486351642.0,149,1,False,486351493.667,486351642.0,149,1
f63b22c3f3484e0c10a2,2058207630,A,training,Cond3,123,False,213,False,486323567.333,486323718.333,152,1,False,486323567.333,486323718.333,152,1,False,486323567.333,486323718.333,152,1
ff2a2cfef8457c2e09b6,2058207646,A,training,Cond3,123,False,218,False,486357368.667,486357514.667,147,1,False,486357368.667,486357514.667,147,1,False,486357368.667,486357514.667,147,1
6e22c8f4750ab1cabb0a,2058207658,A,training,Cond3,123,False,209,False,486264503.333,486264643.0,141,1,False,486264503.333,486264643.0,141,1,False,486264503.333,486264643.0,141,1
02734d7cbf1070cd7441,2058207662,A,training,Cond3,123,False,211,False,486294420.0,486294569.667,150,1,False,486294420.0,486294569.667,150,1,False,486294420.0,486294569.667,150,1
6c88d768f5af5e948c87,2058207666,A,training,Cond3,123,False,216,False,486341333.333,486341470.333,137,1,False,486341333.333,486341470.333,137,1,False,486341333.333,486341470.333,137,1
b48b1f2532cb6f83547a,2058207670,A,training,Cond3,123,False,212,False,486304528.667,486304672.667,144,1,False,486304528.667,486304672.667,144,1,False,486304528.667,486304672.667,144,1
2aa01f566f759ec68752,2058207678,A,training,Cond3,123,False,215,False,486339307.333,486339454.333,148,1,False,486339307.333,486339454.333,148,1,False,486339307.333,486339454.333,148,1
1444f238b3146661b7d3,2062207560,A,training,Cond3,123,False,195,False,485785875.0,485786008.0,134,1,False,485785875.0,485786008.0,134,1,False,485785875.0,485786008.0,134,1
71094dd52afab663d8ef,2062207568,A,training,Cond3,123,False,188,False,485694807.0,485694961.0,155,1,False,485694807.0,485694961.0,155,1,False,485694807.0,485694961.0,155,1
4e4cdda9a8614436bbd0,2062207572,A,training,Cond3,123,False,188,False,485695111.0,485695251.0,140,1,False,485695111.0,485695251.0,140,1,False,485695111.0,485695251.0,140,1
1fb0e0bdb3a4caa69ed8,2062207576,A,training,Cond3,123,False,187,False,485692955.667,485693102.667,147,1,False,485692955.667,485693102.667,147,1,False,485692955.667,485693102.667,147,1
7d890ce46d7573f4f709,2062207580,A,training,Cond3,123,False,185,False,485673963.667,485674112.333,149,1,False,485673963.667,485674112.333,149,1,False,485673963.667,485674112.333,149,1
124d8145701e954b1987,2062207626,A,training,Cond3,123,False,198,False,485863157.0,485863293.0,137,1,False,485863157.0,485863293.0,137,1,False,485863157.0,485863293.0,137,1
f98977119e15104bd8d0,2062207634,A,training,Cond3,123,False,197,False,485847306.333,485847447.667,141,1,False,485847306.333,485847447.667,141,1,False,485847306.333,485847447.667,141,1
d0da2ec91ce83314dce2,2062207642,A,training,Cond3,123,False,191,False,485747895.0,485748044.0,150,1,False,485747895.0,485748044.0,150,1,False,485747895.0,485748044.0,150,1
0dfc20200f64b1fd3bc9,2062207646,A,training,Cond3,123,False,192,False,485749704.0,485749851.0,148,1,False,485749704.0,485749851.0,148,1,False,485749704.0,485749851.0,148,1
99275ba4419ee9ac7777,2062207654,A,training,Cond3,123,False,194,False,485770615.333,485770762.0,148,1,False,485770615.333,485770762.0,148,1,False,485770615.333,485770762.0,148,1
bb393ee9755bd8555b37,2062207658,A,training,Cond3,123,False,189,False,485728976.667,485729123.333,147,1,False,485728976.667,485729123.333,147,1,False,485728976.667,485729123.333,147,1
9d910d410dc12e312822,2062207662,A,training,Cond3,123,False,191,False,485748051.0,485748191.0,141,1,False,485748051.0,485748191.0,141,1,False,485748051.0,485748191.0,141,1
9a680da08c47f0cce843,2062207666,A,training,Cond3,123,False,187,False,485693109.667,485693251.667,142,1,False,485693109.667,485693251.667,142,1,False,485693109.667,485693251.667,142,1
8057ef80f65da28a25ad,2062207674,A,training,Cond3,123,False,188,False,485694968.0,485695104.0,137,1,False,485694968.0,485695104.0,137,1,False,485694968.0,485695104.0,137,1
642dc51c5ab07767918e,2064207376,A,training,Cond3,123,False,242,False,486635773.333,486635911.333,139,1,False,486635773.333,486635911.333,139,1,False,486635773.333,486635911.333,139,1
8728ed6bce3c80ea37cc,2064207388,A,training,Cond3,123,False,252,False,486840757.0,486840896.0,140,1,False,486840757.0,486840896.0,140,1,False,486840757.0,486840896.0,140,1
aca62bf8faac832af3d9,2064207392,A,training,Cond3,123,False,240,False,486616263.333,486616402.333,140,1,False,486616263.333,486616402.333,140,1,False,486616263.333,486616402.333,140,1
cffce9daa2b8e9477323,2064207404,A,training,Cond3,123,False,240,False,486616119.333,486616257.333,139,1,False,486616119.333,486616257.333,139,1,False,486616119.333,486616257.333,139,1
b4155aece30233e1d5ed,2064207412,A,training,Cond3,123,False,239,False,486611777.333,486611924.333,148,1,False,486611777.333,486611924.333,148,1,False,486611777.333,486611924.333,148,1
1132f4156f827111728b,2064207420,A,training,Cond3,123,False,238,False,486606690.333,486606829.333,139,1,False,486606690.333,486606829.333,139,1,False,486606690.333,486606829.333,139,1
d6e70e849f1f69207304,2064207570,A,training,Cond3,123,False,243,False,486730952.0,486731092.0,141,1,False,486730952.0,486731092.0,141,1,False,486730952.0,486731092.0,141,1
ffa4fdca6ed57d7511d5,2064207574,A,training,Cond3,123,False,233,False,486525967.667,486526106.0,140,1,False,486525967.667,486526106.0,140,1,False,486525967.667,486526106.0,140,1
4b981eecb202f448fcfe,2064207578,A,training,Cond3,123,False,236,False,486591018.667,486591157.0,140,1,False,486591018.667,486591157.0,140,1,False,486591018.667,486591157.0,140,1
069bc23ef6035c9ec17d,2064207582,A,training,Cond3,123,False,236,False,486589066.0,486589204.0,139,1,False,486589066.0,486589204.0,139,1,False,486589066.0,486589204.0,139,1
7113e6896f1c7824ab55,2066207556,A,training,Cond3,123,False,248,False,486767347.0,486767493.0,156,1,False,486767347.0,486767493.0,156,1,False,486767347.0,486767493.0,156,1
f7cb44bb82f2475e4dc8,2066207572,A,training,Cond3,123,False,243,False,486731099.333,486731239.0,141,1,False,486731099.333,486731239.0,141,1,False,486731099.333,486731239.0,141,1
ee17015b752e32752692,2066207638,A,training,Cond3,123,False,255,False,486895826.667,486895961.667,136,1,False,486895826.667,486895961.667,136,1,False,486895826.667,486895961.667,136,1
653013e308a8de7dfbae,2066207654,A,training,Cond3,123,False,244,False,486738886.667,486739027.333,138,1,False,486738886.667,486739027.333,138,1,False,486738886.667,486739027.333,138,1
cd92bd6c80037ba098c4,2066207658,A,training,Cond3,123,False,249,False,486783772.0,486783911.0,140,1,False,486783772.0,486783911.0,140,1,False,486783772.0,486783911.0,140,1
ee7a7e06b7c9448651bc,2066207662,A,training,Cond3,123,False,250,False,486812706.333,486812834.333,117,1,False,486812706.333,486812834.333,117,1,False,486812706.333,486812834.333,117,1
6b6f77a9d074a05a7dd1,2066207666,A,training,Cond3,123,False,247,False,486764104.0,486764241.333,138,1,False,486764104.0,486764241.333,138,1,False,486764104.0,486764241.333,138,1
bae00ce684ed453a2c2b,2066207674,A,training,Cond3,123,False,247,False,486763801.333,486763949.667,149,1,False,486763801.333,486763949.667,149,1,False,486763801.333,486763949.667,149,1
54eca18e197e3157bee5,2066207678,A,training,Cond3,123,False,245,False,486755614.667,486755762.667,149,1,False,486755614.667,486755762.667,149,1,False,486755614.667,486755762.667,149,1
56a5eeb6c2fa58d13afb,2068207526,A,training,Cond3,123,False,232,False,486522589.0,486522735.0,147,1,False,486522589.0,486522735.0,147,1,False,486522589.0,486522735.0,147,1
4c1fe33cb3d132e8cb25,2068207530,A,training,Cond3,123,False,221,False,486460210.667,486460354.667,144,1,False,486460210.667,486460354.667,144,1,False,486460210.667,486460354.667,144,1
662a67b76e242161f07a,2068207550,A,training,Cond3,123,False,221,False,486460361.0,486460501.667,141,1,False,486460361.0,486460501.667,141,1,False,486460361.0,486460501.667,141,1
e1b0a781e17b54b91ada,2070207528,A,training,Cond3,123,False,225,False,486494605.333,486494742.333,137,1,False,486494605.333,486494742.333,137,1,False,486494605.333,486494742.333,137,1
d0bd79be9d82b3867ed5,2070207532,A,training,Cond3,123,False,227,False,486502354.333,486502500.333,147,1,False,486502354.333,486502500.333,147,1,False,486502354.333,486502500.333,147,1
b3780863a96414cbaa5a,2070207682,A,training,Cond3,123,False,223,False,486483585.333,486483723.333,141,1,False,486483585.333,486483723.333,141,1,False,486483585.333,486483723.333,141,1
44074a3d445e53fd55a5,2070207686,A,training,Cond3,123,False,224,False,486492420.333,486492560.333,139,1,False,486492420.333,486492560.333,139,1,False,486492420.333,486492560.333,139,1
7d02782d14f3a5a80206,2070207690,A,training,Cond3,123,False,223,False,486483437.333,486483577.333,141,1,False,486483437.333,486483577.333,141,1,False,486483437.333,486483577.333,141,1
545dd5c461c2d3d896a0,2070207694,A,training,Cond3,123,False,229,False,486505496.0,486505633.0,137,1,False,486505496.0,486505633.0,137,1,False,486505496.0,486505633.0,137,1
53376cca2095770643d5,2070207698,A,training,Cond3,123,False,225,False,486494465.333,486494598.333,134,1,False,486494465.333,486494598.333,134,1,False,486494465.333,486494598.333,134,1
6873cd3c5474b847d7a9,2070207702,A,training,Cond3,123,False,228,False,486503459.333,486503597.333,139,1,False,486503459.333,486503597.333,139,1,False,486503459.333,486503597.333,139,1
2b3f19bc892ebb58d193,2070207706,A,training,Cond3,123,False,230,False,486510503.0,486510642.0,141,1,False,486510503.0,486510642.0,141,1,False,486510503.0,486510642.0,141,1
40f39bc8ee9bbd06742b,2070207714,A,training,Cond3,123,False,229,False,486505343.0,486505489.0,147,1,False,486505343.0,486505489.0,147,1,False,486505343.0,486505489.0,147,1
6bbce4b304423e538ad5,2070207718,A,training,Cond3,123,False,233,False,486525668.0,486525814.333,147,1,False,486525668.0,486525814.333,147,1,False,486525668.0,486525814.333,147,1
090447a29db544a0760e,2070207726,A,training,Cond3,123,False,231,False,486519928.667,486520073.333,147,1,False,486519928.667,486520073.333,147,1,False,486519928.667,486520073.333,147,1
4df0e053252ff780dd75,2076207424,A,training,Cond3,123,False,258,False,486949257.333,486949398.333,142,1,False,486949257.333,486949398.333,142,1,False,486949257.333,486949398.333,142,1
d44c85d04e91538c513b,2076207436,A,training,Cond3,123,False,257,False,486906878.0,486907025.667,151,1,False,486906878.0,486907025.667,151,1,False,486906878.0,486907025.667,151,1
12ff7c625baa9d45030b,2076207444,A,training,Cond3,123,False,252,False,486840615.0,486840750.0,136,1,False,486840615.0,486840750.0,136,1,False,486840615.0,486840750.0,136,1
f8726b5770d320f66866,2076207476,A,training,Cond3,123,False,260,False,486967690.0,486967834.0,145,1,False,486967690.0,486967834.0,145,1,False,486967690.0,486967834.0,145,1
610d57ba49c6c283336b,2076207480,A,training,Cond3,123,False,261,False,486982444.0,486982590.0,147,1,False,486982444.0,486982590.0,147,1,False,486982444.0,486982590.0,147,1
14e40083fd3bedb4a70e,2076207484,A,training,Cond3,123,False,262,False,486990511.0,486990642.0,132,1,False,486990511.0,486990642.0,132,1,False,486990511.0,486990642.0,132,1
1148db8c9700e408e88f,2076207526,A,training,Cond3,123,False,253,False,486847823.333,486847971.333,149,1,False,486847823.333,486847971.333,149,1,False,486847823.333,486847971.333,149,1
bc21a923dea09aa48b9f,2076207546,A,training,Cond3,123,False,252,False,486840902.0,486841041.667,141,1,False,486840902.0,486841041.667,141,1,False,486840902.0,486841041.667,141,1
9bd8703eb02390aab159,2078207496,A,training,Cond3,123,False,263,False,486994635.333,486994767.333,133,1,False,486994635.333,486994767.333,133,1,False,486994635.333,486994767.333,133,1
b22ab8a1f5d705aab295,2104497922,B,training,Cond2,456,False,520,False,483817568.333,483817634.333,67,1,False,483817568.333,483817634.333,67,1,False,483817568.333,483817634.333,67,1
61ff1eebc59f89575616,2110498180,A,training,Cond1,456,False,683,False,485084614.0,485084682.333,68,1,False,485084614.0,485084682.333,68,1,False,485084614.0,485084682.333,68,1
3cf003b0e0d9406fe666,2110498228,A,training,Cond1,456,False,734,False,485380224.0,485380271.0,47,1,False,485380224.0,485380271.0,47,1,False,485380224.0,485380271.0,47,1
3e12b7cc66f4e038ba7d,2114498118,A,training,Cond1,456,False,509,False,483642782.333,483642847.333,65,1,False,483642782.333,483642847.333,65,1,False,483642783.333,483642847.333,64,1
a1c0c7bc9d164c836793,2655292676,A,training,Cond1,456,False,984,False,487060615.333,487060681.333,67,1,False,487060615.333,487060681.333,67,1,False,487060615.333,487060681.333,67,1
a5f11799d424f1d5b54e,2655292676,B,training,Cond2,456,False,992,True,487112330.667,487112494.667,165,1,True,487112330.667,487112494.667,165,1,True,487112330.667,487112494.667,165,1
4b009f9643bde5a1f62c,2655292684,A,training,Cond1,456,False,978,False,487019851.333,487019918.333,68,1,False,487019851.333,487019918.333,68,1,False,487019851.333,487019918.333,68,1
e875d34f202aae8c7207,2655292684,B,training,Cond2,456,False,985,False,487064068.0,487064140.0,73,1,False,487064068.0,487064140.0,73,1,False,487064068.0,487064140.0,73,1
2529d5d4a0dbf3e80daf,2655292700,B,training,Cond2,456,False,1001,False,487146875.667,487146945.0,70,1,False,487146877.333,487146945.0,69,1,False,487146877.333,487146945.0,69,1
e3111626d2dec47f0526,2655292708,B,training,Cond2,456,False,991,False,487109315.667,487109381.667,66,1,False,487109315.667,487109381.667,66,1,False,487109315.667,487109381.667,66,1
70fa01ac459d75c29619,2655292712,B,training,Cond2,456,False,997,False,487134665.667,487134731.667,67,1,False,487134667.0,487134731.667,66,1,False,487134667.0,487134731.667,66,1
1e695550f4e025f3eb4f,2655292716,B,training,Cond2,456,False,992,False,487112521.667,487112589.667,69,1,False,487112522.667,487112589.667,68,1,False,487112522.667,487112589.667,68,1
661374271278d0161afd,2655292922,B,training,Cond2,456,False,972,False,486964490.667,486964555.0,85,1,False,486964490.667,486964555.0,85,1,False,486964490.667,486964555.0,85,1
9c0de4370cfe3d75bdbc,2657292900,A,training,Cond1,456,False,999,False,487138526.0,487138565.667,41,1,False,487138526.0,487138565.667,41,1,False,487138526.0,487138565.667,41,1
8980919da8465016e4d8,2657292942,A,training,Cond1,456,False,990,False,487105840.333,487105870.333,31,1,False,487105840.333,487105870.333,31,1,False,487105840.333,487105870.333,31,1
78cb164b39aab3853a65,2657292950,A,training,Cond1,456,False,996,False,487125162.667,487125231.667,70,1,False,487125162.667,487125231.667,70,1,False,487125162.667,487125231.667,70,1
946b4f7bae6aac069302,2663292680,A,training,Cond1,456,False,666,False,484939653.667,484939722.667,70,1,False,484939653.667,484939722.667,70,1,False,484939653.667,484939722.667,70,1
be1a6cd030718a795d9a,2663292680,B,training,Cond2,456,False,675,False,485009844.667,485009910.667,67,1,False,485009844.667,485009910.667,67,1,False,485009844.667,485009910.667,67,1
7a684c9c55a0788225dd,2663292684,B,training,Cond2,456,False,679,False,485055647.667,485055720.0,72,1,False,485055647.667,485055720.0,72,1,False,485055647.667,485055720.0,72,1
936fcdb9fff8d1594643,2663292688,A,training,Cond1,456,False,636,False,484772905.0,484772971.0,67,1,False,484772905.0,484772971.0,67,1,False,484772905.0,484772971.0,67,1
6c04bd525b4373e2a9b0,2663292688,B,training,Cond2,456,False,643,False,484845679.0,484845749.0,71,1,False,484845679.0,484845749.0,71,1,False,484845680.0,484845749.0,70,1
becdf9651be28618e8e3,2663292696,B,training,Cond2,456,False,648,False,484873555.333,484873626.333,72,1,False,484873555.333,484873626.333,72,1,False,484873556.333,484873626.333,71,1
465d4c727adcab8e31eb,2663292700,B,training,Cond2,456,False,648,False,484872634.0,484872703.333,70,1,False,484872634.0,484872703.333,70,1,False,484872635.333,484872703.333,69,1
4df7631500e9ee5610b2,2663292720,A,training,Cond1,456,False,666,False,484939469.667,484939540.667,72,1,False,484939469.667,484939540.667,72,1,False,484939470.667,484939540.667,71,1
a5e2e65857d2e2fae5a2,2663292724,A,training,Cond1,456,False,663,False,484931095.667,484931158.667,69,1,False,484931095.667,484931158.667,69,1,False,484931095.667,484931158.667,69,1
8649c26e524a08f22d42,2663292728,A,training,Cond1,456,False,674,False,484993936.667,484994007.667,72,1,False,484993936.667,484994007.667,72,1,False,484993936.667,484994007.667,72,1
58571e66aaaa10636710,2663292728,B,training,Cond2,456,False,679,False,485055458.667,485055526.333,53,1,False,485055458.667,485055526.333,53,1,False,485055458.667,485055526.333,53,1
0afebc737ab594f1c7b5,2663292922,B,training,Cond2,456,False,641,False,484833148.0,484833214.0,67,1,False,484833148.0,484833214.0,67,1,False,484833148.0,484833214.0,67,1
604f3d45cbc8742fbe76,2665292900,A,training,Cond1,456,False,676,False,485029251.333,485029320.667,70,1,False,485029252.667,485029320.667,69,1,False,485029252.667,485029320.667,69,1
e53befd14cc461cb0766,2665292900,B,training,Cond2,456,False,691,False,485128088.667,485128116.0,29,1,False,485128088.667,485128116.0,29,1,False,485128088.667,485128116.0,29,1
d38b677ffd60d07f8430,2665292916,A,training,Cond1,456,False,666,False,484939842.667,484939911.667,70,1,False,484939842.667,484939911.667,70,1,False,484939842.667,484939911.667,70,1
005aeed48b53df384006,2665292920,B,training,Cond2,456,False,698,False,485165667.0,485165735.0,70,1,False,485165667.0,485165735.0,70,1,False,485165667.333,485165735.0,69,1
43a1f8d7a77307c06d5d,2665292924,A,training,Cond1,456,False,678,False,485038785.0,485038851.0,67,1,False,485038785.0,485038851.0,67,1,False,485038785.0,485038851.0,67,1
927fc0f9d244a350705c,2665292924,B,training,Cond2,456,False,690,False,485126670.0,485126738.0,69,1,False,485126670.0,485126738.0,69,1,False,485126670.0,485126738.0,69,1
c9573ee2f5ea8e84be7b,2665292934,B,training,Cond2,456,False,703,False,485192745.0,485192813.333,69,1,False,485192745.0,485192813.333,69,1,False,485192745.0,485192813.333,69,1
fbe191743b2e0c912be8,2665292942,B,training,Cond2,456,False,753,False,485493073.333,485493142.333,70,1,False,485493074.333,485493142.333,69,1,False,485493074.333,485493142.333,69,1
5c626aa0121919e98c2a,2665292946,B,training,Cond2,456,False,703,False,485192554.0,485192620.0,67,1,False,485192554.0,485192620.0,67,1,False,485192554.0,485192620.0,67,1
a026b61907051ca9aac8,2665292950,B,training,Cond2,456,False,700,False,485169392.0,485169458.0,67,1,False,485169392.0,485169458.0,67,1,False,485169392.0,485169458.0,67,1
1b479c69893cf1eb8f76,2665292986,A,training,Cond1,456,False,823,False,485925727.0,485925799.0,72,1,False,485925727.0,485925799.0,72,1,False,485925727.0,485925799.0,72,1
b22d678c4539e99ed400,2665292986,B,training,Cond2,456,False,834,False,485993661.333,485993729.333,69,1,False,485993661.333,485993729.333,69,1,False,485993662.333,485993729.333,68,1
b2901af056a605c93184,2665292990,B,training,Cond2,456,False,829,False,485965021.333,485965088.333,68,1,False,485965021.333,485965088.333,68,1,False,485965021.333,485965088.333,68,1
37a0692e686e1528d545,2667292672,B,training,Cond2,456,False,911,False,486466508.667,486466583.667,76,1,False,486466508.667,486466583.667,76,1,False,486466508.667,486466583.667,76,1
67837e17587222c6e801,2667292676,A,training,Cond1,456,False,832,False,485971626.333,485971695.333,70,1,False,485971627.333,485971695.333,69,1,False,485971627.333,485971695.333,69,1
028d82052136b5b18507,2667292676,B,training,Cond2,456,False,840,False,486031978.667,486032045.0,67,1,False,486031978.667,486032045.0,67,1,False,486031978.667,486032045.0,67,1
6b2a6d3a7f6d0bf8bfce,2667292680,A,training,Cond1,456,False,823,False,485925355.0,485925428.333,74,1,False,485925355.0,485925428.333,74,1,False,485925355.0,485925428.333,74,1
888afe7ee36bd18b0f1b,2667292704,B,training,Cond2,456,False,830,False,485968871.333,485968940.333,70,1,False,485968871.333,485968940.333,70,1,False,485968871.333,485968940.333,70,1
56827bb8a518e66142c1,2667292708,A,training,Cond1,456,False,821,False,485918452.667,485918483.667,32,1,False,485918452.667,485918483.667,32,1,False,485918452.667,485918483.667,32,1
c856e3177eba65cc7156,2667292712,B,training,Cond2,456,False,834,False,485993091.333,485993159.333,69,1,False,485993091.333,485993159.333,69,1,False,485993092.333,485993159.333,68,1
e9455f421023fbcf3b8e,2667292716,A,training,Cond1,456,False,814,False,485875082.333,485875149.0,68,1,False,485875082.333,485875149.0,68,1,False,485875083.333,485875149.0,67,1
62b0e0cdc41b50cf50ff,2667292720,B,training,Cond2,456,False,834,False,485993283.333,485993353.333,71,1,False,485993283.333,485993353.333,71,1,False,485993283.333,485993353.333,71,1
18773e79b3440d864afb,2667292866,B,training,Cond2,456,False,830,False,485969060.333,485969127.333,67,1,False,485969060.333,485969127.333,67,1,False,485969060.333,485969127.333,67,1
46168fb53356caf30cb9,2667292870,B,training,Cond2,456,False,834,False,485993473.333,485993542.333,70,1,False,485993474.333,485993542.333,69,1,False,485993474.333,485993542.333,69,1
18b6032a84dcdedb72e3,2667292874,A,training,Cond1,456,False,820,False,485902287.667,485902357.667,71,1,False,485902287.667,485902357.667,71,1,False,485902287.667,485902357.667,71,1
a1e639c3c21a87ba4a9e,2667292878,B,training,Cond2,456,False,832,False,485971259.333,485971327.0,68,1,False,485971259.333,485971327.0,68,1,False,485971259.333,485971327.0,68,1
3467b0482bb5a411d036,2667292894,A,training,Cond1,456,False,823,False,485925913.0,485925980.0,68,1,False,485925913.0,485925980.0,68,1,False,485925913.0,485925980.0,68,1
6250e2a91e721eeed9a6,2667292894,B,training,Cond2,456,False,836,False,486000176.333,486000244.333,69,1,False,486000176.333,486000244.333,69,1,False,486000176.333,486000244.333,69,1
148cc533345063ad8969,2669292930,B,training,Cond2,456,False,962,False,486920572.0,486920636.0,69,1,False,486920572.0,486920636.0,69,1,False,486920572.0,486920636.0,69,1
825503730c841b9dc967,2669292938,B,training,Cond2,456,False,951,True,486840364.667,486840530.0,167,1,True,486840364.667,486840530.0,167,1,True,486840364.667,486840530.0,167,1
2656d3add865fd1c3323,2669292962,B,training,Cond2,456,False,941,True,486746747.667,486746921.667,175,1,True,486746747.667,486746921.667,175,1,True,486746747.667,486746921.667,175,1
21875bdd674560402390,2669292970,B,training,Cond2,456,False,946,False,486774904.0,486774973.0,70,1,False,486774904.0,486774973.0,70,1,False,486774905.0,486774973.0,69,1
23842f95fd3a7da4fb0b,2703293042,A,training,Cond1,456,False,325,False,481993452.0,481993517.333,66,1,False,481993452.0,481993517.333,66,1,False,481993452.0,481993517.333,66,1
bb263cad2fa0119d77a5,2703293046,B,training,Cond2,456,False,335,False,482134330.667,482134401.667,72,1,False,482134330.667,482134401.667,72,1,False,482134330.667,482134401.667,72,1
5bd2a295ba68e67b7fc2,2703293050,A,training,Cond1,456,False,315,False,481926595.333,481926662.0,68,1,False,481926597.0,481926662.0,67,1,False,481926597.0,481926662.0,67,1
e6209cec44f6048f16e2,2703293054,A,training,Cond1,456,False,325,False,481993244.667,481993309.333,64,1,False,481993244.667,481993309.333,64,1,False,481993244.667,481993309.333,64,1
6a24ee08890aaccbab59,2703293060,B,training,Cond2,456,False,335,False,482134540.667,482134609.667,70,1,False,482134540.667,482134609.667,70,1,False,482134540.667,482134609.667,70,1
55f9f8d9c9c022bfebe4,2703293068,B,training,Cond2,456,False,332,False,482129419.667,482129485.667,67,1,False,482129419.667,482129485.667,67,1,False,482129419.667,482129485.667,67,1
812c6b527d794408bcdb,2703293072,B,training,Cond2,456,False,337,False,482152469.0,482152539.0,71,1,False,482152469.0,482152539.0,71,1,False,482152470.0,482152539.0,70,1
f3eb594a997b078698b3,2703293076,B,training,Cond2,456,False,335,False,482134120.667,482134190.667,71,1,False,482134120.667,482134190.667,71,1,False,482134120.667,482134190.667,71,1
8ca76e6927218784fb86,2707293030,A,training,Cond1,456,False,446,False,482931944.0,482932012.667,70,1,False,482931944.0,482932012.667,70,1,False,482931944.0,482932012.667,70,1
74fd749b8cb0db98f6f2,2707293042,A,training,Cond1,456,False,446,False,482932530.667,482932602.667,73,1,False,482932530.667,482932602.667,73,1,False,482932530.667,482932602.667,73,1
fd802e02998993039923,2707293050,A,training,Cond1,456,False,446,False,482932142.667,482932210.667,69,1,False,482932142.667,482932210.667,69,1,False,482932142.667,482932210.667,69,1
487fe4bdfec3e53b6f0d,2707293054,B,training,Cond2,456,False,453,False,483019279.0,483019345.333,67,1,False,483019280.333,483019345.333,66,1,False,483019280.333,483019345.333,66,1
3e3a09b10c0507ae2bc1,2707293076,A,training,Cond1,456,False,446,False,482932334.667,482932400.667,67,1,False,482932334.667,482932400.667,67,1,False,482932334.667,482932400.667,67,1
316439e3aa54e972e5d7,2707293108,A,training,Cond1,456,False,609,False,484523622.333,484523690.333,69,1,False,484523622.333,484523690.333,69,1,False,484523622.333,484523690.333,69,1
e723b0615d516d626705,2707293112,B,training,Cond2,456,False,619,False,484602957.333,484603027.333,71,1,False,484602958.333,484603027.333,70,1,False,484602958.333,484603027.333,70,1
f350d4e7a2df45ab2248,2709292810,B,training,Cond2,456,False,619,False,484602209.333,484602277.333,69,1,False,484602209.333,484602277.333,69,1,False,484602209.333,484602277.333,69,1
4181984f5129bb85acc8,2709292838,B,training,Cond2,456,False,619,False,484602591.333,484602667.333,76,1,False,484602591.333,484602667.333,76,1,False,484602591.333,484602667.333,76,1
0d911dc5876d64315ab2,2709292842,A,training,Cond1,456,False,609,False,484524420.0,484524490.333,71,1,False,484524420.0,484524490.333,71,1,False,484524420.0,484524490.333,71,1
ba91575922f48e08501f,2709292846,B,training,Cond2,456,False,619,False,484602397.333,484602467.667,71,1,False,484602397.333,484602467.667,71,1,False,484602397.333,484602467.667,71,1
fc1f7f598876ee3796fd,2709292850,A,training,Cond1,456,False,609,False,484523253.333,484523323.333,71,1,False,484523253.333,484523323.333,71,1,False,484523253.333,484523323.333,71,1
f62a490263a5fd11818c,2709292850,B,training,Cond2,456,False,616,False,484586625.667,484586691.667,67,1,False,484586625.667,484586691.667,67,1,False,484586625.667,484586691.667,67,1
6cf7a396c0d2acda6133,2709292854,A,training,Cond1,456,False,609,False,484523066.667,484523127.667,62,1,False,484523066.667,484523127.667,62,1,False,484523066.667,484523127.667,62,1
7d17016484107a91f038,2709292858,A,training,Cond1,456,False,607,False,484513770.333,484513836.333,67,1,False,484513770.333,484513836.333,67,1,False,484513770.333,484513836.333,67,1
ae01acbc2353602d8ae7,2709292862,A,training,Cond1,456,False,609,True,484524043.667,484524206.0,163,1,True,484524043.667,484524206.0,163,1,True,484524043.667,484524206.0,163,1
839b5afd3e23e8db6ee5,2717292802,A,training,Cond1,456,False,315,False,481926396.0,481926463.333,68,1,False,481926397.333,481926463.333,67,1,False,481926397.333,481926463.333,67,1
a003ff939c8c40162945,2717292802,B,training,Cond2,456,False,326,False,481995278.0,481995343.333,66,1,False,481995278.0,481995343.333,66,1,False,481995278.0,481995343.333,66,1
67609a88b555736a810d,2717292818,B,training,Cond2,456,False,309,False,481896431.333,481896498.333,68,1,False,481896432.333,481896498.333,67,1,False,481896432.333,481896498.333,67,1
ecd3ba2608fb2399ba6a,2717292822,A,training,Cond1,456,False,297,False,481803858.0,481803889.0,32,1,False,481803858.0,481803889.0,32,1,False,481803858.0,481803889.0,32,1
3eb5c960ba760ad6f8d0,2717292822,B,training,Cond2,456,False,309,False,481896628.667,481896695.667,68,1,False,481896628.667,481896695.667,68,1,False,481896628.667,481896695.667,68,1
e071dc5879ac2b8539da,2717292834,A,training,Cond1,456,False,298,False,481806052.0,481806118.333,67,1,False,481806052.0,481806118.333,67,1,False,481806052.0,481806118.333,67,1
d2eb7335736fc246ed20,2717292838,A,training,Cond1,456,False,298,False,481805663.0,481805727.0,65,1,False,481805663.0,481805727.0,65,1,False,481805663.0,481805727.0,65,1
20d4131148d7a6784e03,2717292842,B,training,Cond2,456,False,306,False,481869399.333,481869466.333,67,1,False,481869399.333,481869466.333,67,1,False,481869399.333,481869466.333,67,1
5d42af44d7b56c730459,2717292858,A,training,Cond1,456,False,295,False,481798805.333,481798872.333,68,1,False,481798806.667,481798872.333,67,1,False,481798806.667,481798872.333,67,1
13fda668de668cb89442,2717292858,B,training,Cond2,456,False,305,False,481867274.333,481867341.667,68,1,False,481867275.333,481867341.667,67,1,False,481867275.333,481867341.667,67,1
88f50a87aac0f4d8592e,2717292862,A,training,Cond1,456,False,297,False,481804011.0,481804077.0,67,1,False,481804011.0,481804077.0,67,1,False,481804011.0,481804077.0,67,1
a1afc1eef52bfecee113,2911013960,A,training,Cond1,456,False,592,False,484443785.333,484443854.333,70,1,False,484443785.333,484443854.333,70,1,False,484443785.333,484443854.333,70,1
60c3f4448743be082754,2911013964,B,training,Cond2,456,False,599,False,484485016.333,484485084.667,70,1,False,484485016.333,484485084.667,70,1,False,484485016.333,484485084.667,70,1
bcd497440511d1a05cfe,2911013972,A,training,Cond1,456,False,596,False,484467921.333,484467990.333,70,1,False,484467922.667,484467990.333,69,1,False,484467922.667,484467990.333,69,1
af8fdb6b7cc73316503f,2911013972,B,training,Cond2,456,False,605,False,484504757.0,484504825.0,69,1,False,484504757.0,484504825.0,69,1,False,484504758.0,484504825.0,68,1
76b6da53a416855e5df1,2911013976,A,training,Cond1,456,False,601,False,484489617.0,484489684.0,69,1,False,484489617.0,484489684.0,69,1,False,484489617.0,484489684.0,69,1
4ff37586c6c8ffad92ad,2911013980,A,training,Cond1,456,False,601,False,484489427.0,484489492.0,66,1,False,484489427.0,484489492.0,66,1,False,484489427.0,484489492.0,66,1
743e9e2b9a14d599701c,2911013992,A,training,Cond1,456,False,596,False,484467728.333,484467797.333,70,1,False,484467728.333,484467797.333,70,1,False,484467729.333,484467797.333,69,1
ce5e77b0b38275d9a5d0,2911014050,B,training,Cond2,456,False,605,False,484504569.0,484504633.0,65,1,False,484504569.0,484504633.0,65,1,False,484504569.0,484504633.0,65,1
444fa9f7c2b423bf8210,2913014234,A,training,Cond1,456,False,604,False,484501325.333,484501401.333,77,1,False,484501325.333,484501401.333,77,1,False,484501326.0,484501401.333,76,1
57aa3e4509af876c48b5,2913014238,B,training,Cond2,456,False,614,False,484575696.667,484575762.667,68,1,False,484575696.667,484575762.667,68,1,False,484575696.667,484575762.667,68,1
71c47cdd099130d81726,2913014250,B,training,Cond2,456,False,610,False,484538086.0,484538156.0,71,1,False,484538086.0,484538156.0,71,1,False,484538087.0,484538156.0,70,1
97f628aa9110634911f7,2915014054,A,training,Cond1,456,False,589,False,484414991.667,484415058.0,48,1,False,484414991.667,484415058.0,48,1,False,484414991.667,484415058.0,48,1
be0398524841bd482a1e,2917014064,B,training,Cond2,456,False,599,False,484486351.0,484486420.667,71,1,False,484486351.0,484486420.667,71,1,False,484486351.0,484486420.667,71,1
f1b0f25693cf735a7f6d,2917014230,A,training,Cond1,456,False,592,True,484444778.0,484445040.0,263,1,True,484444778.0,484445040.0,263,1,True,484444778.0,484445040.0,263,1
229b0f025b780a5c74bd,2917014230,B,training,Cond2,456,False,599,False,484485397.0,484485465.667,70,1,False,484485397.0,484485465.667,70,1,False,484485397.0,484485465.667,70,1
9ce580e46f16897b8625,2917014250,A,training,Cond1,456,False,592,False,484445895.0,484445962.0,68,1,False,484445895.0,484445962.0,68,1,False,484445895.0,484445962.0,68,1
ad62c398bab074e2b1e3,2917014250,B,training,Cond2,456,False,599,False,484485207.0,484485277.667,72,1,False,484485207.0,484485277.667,72,1,False,484485208.0,484485277.667,71,1
22a7e66b953a4a37b7ff,2917014262,B,training,Cond2,456,False,598,False,484481088.0,484481155.667,69,1,False,484481088.0,484481155.667,69,1,False,484481088.0,484481155.667,69,1
f35ccb7ccf33290118c2,2917014266,A,training,Cond1,456,False,592,False,484445700.0,484445758.0,59,1,False,484445700.0,484445758.0,59,1,False,484445700.0,484445758.0,59,1
33e694020f195d19b2ad,2917014270,A,training,Cond1,456,False,592,False,484444606.0,484444671.333,66,1,False,484444606.0,484444671.333,66,1,False,484444606.0,484444671.333,66,1
a47109d0499cbbfd1dbc,2917014270,B,training,Cond2,456,False,600,False,484488443.333,484488510.0,68,1,False,484488443.333,484488510.0,68,1,False,484488443.333,484488510.0,68,1
bd65e450bee3d734c5ee,2919013980,A,training,Cond1,456,False,587,False,484369757.0,484369823.0,67,1,False,484369757.0,484369823.0,67,1,False,484369757.0,484369823.0,67,1
c15560b98e20e870773f,2921014246,A,training,Cond1,456,False,587,False,484370145.0,484370215.333,71,1,False,484370145.0,484370215.333,71,1,False,484370145.0,484370215.333,71,1
011fd4732dd77f6e6bb6,2921014258,A,training,Cond1,456,False,588,False,484373692.0,484373760.0,69,1,False,484373692.0,484373760.0,69,1,False,484373692.0,484373760.0,69,1
a66d9d8c7461cc0ab4e0,2921014270,A,training,Cond1,456,False,587,False,484370338.0,484370408.333,71,1,False,484370339.0,484370408.333,70,1,False,484370339.0,484370408.333,70,1
5fbcfd19bb7d3e1a25ac,2939014266,B,training,Cond2,456,False,614,False,484575884.0,484575953.667,71,1,False,484575884.0,484575953.667,71,1,False,484575884.0,484575953.667,71,1
66f3447ff62942ce8431,2939014292,A,training,Cond1,456,False,604,False,484500764.667,484500830.333,67,1,False,484500764.667,484500830.333,67,1,False,484500764.667,484500830.333,67,1
0b75c7c84f6e9d9a304a,2939014292,B,training,Cond2,456,False,614,False,484576451.667,484576519.333,69,1,False,484576451.667,484576519.333,69,1,False,484576451.667,484576519.333,69,1
9c211efcaceb871fefdd,2939014300,A,training,Cond1,456,False,604,False,484500952.333,484501021.667,63,1,False,484500952.333,484501021.667,63,1,False,484500952.333,484501021.667,63,1
1cc84c2531253c75b30f,2939014300,B,training,Cond2,456,False,614,False,484576073.333,484576144.667,72,1,False,484576074.333,484576144.667,71,1,False,484576074.333,484576144.667,71,1
681c1c9c22d0c70fbcd5,2941014050,B,training,Cond2,456,False,613,False,484568398.667,484568467.667,70,1,False,484568398.667,484568467.667,70,1,False,484568400.0,484568467.667,69,1
f769cdc6d0970adf0739,2941014078,A,training,Cond1,456,False,606,False,484508098.0,484508166.0,69,1,False,484508098.0,484508166.0,69,1,False,484508098.0,484508166.0,69,1
2bfb6726237cbdd3c4d3,2975014144,A,training,Cond1,456,False,734,False,485380602.0,485380672.667,72,1,False,485380602.0,485380672.667,72,1,False,485380602.667,485380672.667,71,1
7d21b296498b647ea4c3,2975014148,A,training,Cond1,456,False,734,False,485380413.0,485380483.0,71,1,False,485380413.0,485380483.0,71,1,False,485380413.0,485380483.0,71,1
51b053c3683cb27b71df,2975014152,A,training,Cond1,456,False,715,False,485262529.0,485262597.667,70,1,False,485262529.0,485262597.667,70,1,False,485262529.0,485262597.667,70,1
9aa6790f5a3b23f1765a,2975014160,B,training,Cond2,456,False,730,False,485351427.0,485351493.333,69,1,False,485351427.0,485351493.333,69,1,False,485351427.0,485351493.333,69,1
04d3a498e32bedfc24ad,2975014168,A,training,Cond1,456,False,722,False,485308077.667,485308114.667,46,1,False,485308077.667,485308114.667,46,1,False,485308078.0,485308114.667,45,1
6d20a174237811f45a41,2975014168,B,training,Cond2,456,False,735,False,485384819.0,485384889.0,71,1,False,485384819.0,485384889.0,71,1,False,485384820.0,485384889.0,70,1
0ebf69720a524ea6397f,2975014172,A,training,Cond1,456,False,720,False,485297096.333,485297164.333,69,1,False,485297096.333,485297164.333,69,1,False,485297097.333,485297164.333,68,1
0ec31299915eed9b29d8,2975014180,B,training,Cond2,456,False,730,False,485351228.667,485351293.333,66,1,False,485351228.667,485351293.333,66,1,False,485351228.667,485351293.333,66,1
b0976432f5cdb0d6f981,2975014184,A,training,Cond1,456,False,727,False,485335755.333,485335823.333,70,1,False,485335755.333,485335823.333,70,1,False,485335755.333,485335823.333,70,1
c65f0e49eefc71999b4a,2975014188,A,training,Cond1,456,False,718,False,485291511.333,485291587.333,77,1,False,485291511.333,485291587.333,77,1,False,485291511.333,485291587.333,77,1
56eb9b2b85fd78da45c3,2975014200,B,training,Cond2,456,False,732,False,485357497.333,485357567.333,71,1,False,485357497.333,485357567.333,71,1,False,485357497.333,485357567.333,71,1
23e9637ba88d6014dabc,2975014374,A,training,Cond1,456,False,720,False,485296719.333,485296789.667,71,1,False,485296720.333,485296789.667,70,1,False,485296720.333,485296789.667,70,1
ea7076e922604044b04e,2975014374,B,training,Cond2,456,False,748,False,485479836.0,485479906.0,71,1,False,485479836.0,485479906.0,71,1,False,485479836.0,485479906.0,71,1
d26597c18720f05a65ba,2975014378,B,training,Cond2,456,False,732,False,485360047.333,485360116.333,70,1,False,485360047.333,485360116.333,70,1,False,485360048.333,485360116.333,69,1
8f16e3cabc1b72a0220d,2977014368,A,training,Cond1,456,False,718,False,485291322.0,485291391.333,73,1,False,485291322.0,485291391.333,73,1,False,485291322.0,485291391.333,73,1
f26d58ff1de0980d079c,2977014372,B,training,Cond2,456,False,732,False,485360446.333,485360515.333,70,1,False,485360446.333,485360515.333,70,1,False,485360446.333,485360515.333,70,1
2105cb77f4810e21030b,2977014380,A,training,Cond1,456,False,722,False,485308638.667,485308708.667,71,1,False,485308639.667,485308708.667,70,1,False,485308639.667,485308708.667,70,1
957a75f601886c95b208,2977014406,B,training,Cond2,456,False,732,False,485359453.333,485359523.667,71,1,False,485359453.333,485359523.667,71,1,False,485359454.333,485359523.667,70,1
8554b54d71162b978d85,2977014410,A,training,Cond1,456,False,720,False,485296908.333,485296978.333,71,1,False,485296908.333,485296978.333,71,1,False,485296908.333,485296978.333,71,1
0a5a9941e80e602743d2,2977014410,B,training,Cond2,456,False,748,False,485480036.0,485480105.0,70,1,False,485480036.0,485480105.0,70,1,False,485480036.0,485480105.0,70,1
85b925f1db4f91be1b58,2977014414,B,training,Cond2,456,False,732,False,485358085.667,485358153.333,69,1,False,485358085.667,485358153.333,69,1,False,485358085.667,485358153.333,69,1
9923c8a3f770430b15e3,2977014418,B,training,Cond2,456,False,747,False,485473640.0,485473708.0,69,1,False,485473640.0,485473708.0,69,1,False,485473640.0,485473708.0,69,1
3f1f7b58581d01190688,2979014144,A,training,Cond1,456,False,707,False,485223525.333,485223594.333,70,1,False,485223525.333,485223594.333,70,1,False,485223525.333,485223594.333,70,1
16adc96cad03fc8e0ab1,2979014148,A,training,Cond1,456,False,710,False,485237981.0,485238046.333,66,1,False,485237981.0,485238046.333,66,1,False,485237981.0,485238046.333,66,1
8fc3418560bdf3745a14,2979014148,B,training,Cond2,456,False,728,False,485338469.333,485338538.333,70,1,False,485338469.333,485338538.333,70,1,False,485338470.333,485338538.333,69,1
12ef0f2a8036cc1cb8d1,2979014152,A,training,Cond1,456,False,709,False,485231200.333,485231266.667,67,1,False,485231200.333,485231266.667,67,1,False,485231200.333,485231266.667,67,1
a16d764a82523d8ada54,2979014164,A,training,Cond1,456,False,713,False,485250927.0,485250995.0,69,1,False,485250927.0,485250995.0,69,1,False,485250927.0,485250995.0,69,1
473fa37338acce69e97f,2979014168,A,training,Cond1,456,False,709,False,485231581.0,485231648.0,68,1,False,485231581.0,485231648.0,68,1,False,485231581.0,485231648.0,68,1
c21c2be21ec548eb4fac,2979014168,B,training,Cond2,456,False,725,False,485328621.667,485328690.667,70,1,False,485328621.667,485328690.667,70,1,False,485328621.667,485328690.667,70,1
860d7a81829c6e86b6de,2979014172,B,training,Cond2,456,False,727,False,485336713.333,485336783.333,71,1,False,485336714.333,485336783.333,70,1,False,485336714.333,485336783.333,70,1
1e67e796fe90f318f477,2979014180,A,training,Cond1,456,False,706,False,485222060.0,485222129.0,70,1,False,485222062.667,485222129.0,69,1,False,485222062.667,485222129.0,69,1
0d6b60fc74d791645015,2979014184,A,training,Cond1,456,False,712,False,485246090.0,485246155.0,66,1,False,485246090.0,485246155.0,66,1,False,485246090.0,485246155.0,66,1
a04d2c5b2d7acb49578d,2979014184,B,training,Cond2,456,False,732,False,485358863.333,485358931.667,69,1,False,485358863.333,485358931.667,69,1,False,485358863.333,485358931.667,69,1
b70083c677e3fefaab33,2979014196,A,training,Cond1,456,False,736,False,485386953.0,485387024.0,72,1,False,485386953.0,485387024.0,72,1,False,485386953.0,485387024.0,72,1
6da3b6ce1f4433c12b3c,2979014378,B,training,Cond2,456,False,728,False,485338666.333,485338735.333,70,1,False,485338667.333,485338735.333,69,1,False,485338667.333,485338735.333,69,1
715bda1ebb2b66366b89,2979014382,B,training,Cond2,456,False,725,False,485328817.0,485328884.667,69,1,False,485328817.0,485328884.667,69,1,False,485328817.0,485328884.667,69,1
a8aa5197aa4c95a022dd,2979014390,B,training,Cond2,456,False,725,False,485328423.667,485328491.667,69,1,False,485328423.667,485328491.667,69,1,False,485328423.667,485328491.667,69,1
0efc4250bd16dac53c20,2981014384,A,training,Cond1,456,False,718,False,485291698.333,485291774.333,77,1,False,485291698.333,485291774.333,77,1,False,485291698.333,485291774.333,77,1
998cb7a246e4da937a38,2981014388,A,training,Cond1,456,False,714,False,485256394.0,485256462.0,69,1,False,485256394.0,485256462.0,69,1,False,485256394.0,485256462.0,69,1
bcedb06af0f79240b29b,2981014388,B,training,Cond2,456,False,732,False,485359061.333,485359130.333,70,1,False,485359061.333,485359130.333,70,1,False,485359061.333,485359130.333,70,1
7f26bdd1a6cc4b4f69d3,2981014396,A,training,Cond1,456,False,714,False,485256582.667,485256653.0,71,1,False,485256582.667,485256653.0,71,1,False,485256584.0,485256653.0,70,1
26b49a8ac1e84a4a272c,2981014396,B,training,Cond2,456,False,729,False,485344393.333,485344461.333,69,1,False,485344394.333,485344461.333,68,1,False,485344394.333,485344461.333,68,1
1deef501b37cfab3eb56,2981014402,B,training,Cond2,456,False,732,False,485360244.333,485360312.333,69,1,False,485360244.333,485360312.333,69,1,False,485360244.333,485360312.333,69,1
59aafa30330d0724c030,2981014410,A,training,Cond1,456,False,713,False,485251303.0,485251372.0,70,1,False,485251303.0,485251372.0,70,1,False,485251304.0,485251372.0,69,1
d5741be687d9101e650f,2981014410,B,training,Cond2,456,False,732,False,485359649.333,485359718.667,70,1,False,485359649.333,485359718.667,70,1,False,485359650.333,485359718.667,69,1
79254eb55d81ea0d9cd2,2981014414,B,training,Cond2,456,False,731,False,485354617.333,485354683.333,67,1,False,485354617.333,485354683.333,67,1,False,485354617.333,485354683.333,67,1
98e5d7614f46da5c0ec1,2981014418,B,training,Cond2,456,False,732,False,485359262.333,485359338.333,77,1,False,485359262.333,485359338.333,77,1,False,485359262.333,485359338.333,77,1
091359e46dc5fc2d3808,2981014422,A,training,Cond1,456,False,727,False,485335218.333,485335283.333,66,1,False,485335218.333,485335283.333,66,1,False,485335218.333,485335283.333,66,1
c551058548c5591223d1,2981014426,A,training,Cond1,456,False,713,False,485251116.0,485251187.0,81,1,False,485251116.0,485251187.0,81,1,False,485251116.0,485251187.0,81,1
ccfb6ed40d3846a7f8de,2981014442,B,training,Cond2,456,False,732,False,485357890.667,485357959.333,70,1,False,485357890.667,485357959.333,70,1,False,485357890.667,485357959.333,70,1
837014f8d2e37cb3a110,2983014176,B,training,Cond2,456,False,702,False,485185404.0,485185470.0,67,1,False,485185404.0,485185470.0,67,1,False,485185404.0,485185470.0,67,1
9babab9a52ff0fc5a9d8,2983014200,A,training,Cond1,456,False,693,False,485139582.0,485139652.0,71,1,False,485139582.0,485139652.0,71,1,False,485139582.0,485139652.0,71,1
599487cc2ca6f8f86413,2983014200,B,training,Cond2,456,False,707,False,485223146.333,485223213.0,68,1,False,485223146.333,485223213.0,68,1,False,485223146.333,485223213.0,68,1
cd9069c65e9d0547cb8d,2985014372,B,training,Cond2,456,False,705,False,485199155.0,485199226.0,72,1,False,485199155.0,485199226.0,72,1,False,485199155.0,485199226.0,72,1
1396673b502550c61f3c,2985014384,A,training,Cond1,456,False,701,False,485174097.0,485174166.0,70,1,False,485174098.0,485174166.0,69,1,False,485174098.0,485174166.0,69,1
adaba3256c498177698a,2985014392,A,training,Cond1,456,False,701,False,485173910.0,485173974.333,65,1,False,485173910.0,485173974.333,65,1,False,485173910.0,485173974.333,65,1
7376584a67fae2bf8c16,2985014396,B,training,Cond2,456,False,715,False,485261966.0,485262033.667,69,1,False,485261966.0,485262033.667,69,1,False,485261966.0,485262033.667,69,1
ed6f17d3f2f173536881,2985014402,A,training,Cond1,456,False,693,False,485139411.0,485139442.667,33,1,False,485139411.0,485139442.667,33,1,False,485139411.0,485139442.667,33,1
89a962e2a08c7d742887,2985014406,B,training,Cond2,456,False,724,False,485320285.667,485320353.667,79,1,False,485320285.667,485320353.667,79,1,False,485320285.667,485320353.667,79,1
a01438858c24c2f6bf5e,2985014410,B,training,Cond2,456,False,724,False,485320091.667,485320161.667,71,1,False,485320091.667,485320161.667,71,1,False,485320091.667,485320161.667,71,1
640e343d37d4ca9ca74f,2985014414,A,training,Cond1,456,False,733,False,485378727.0,485378793.667,68,1,False,485378727.0,485378793.667,68,1,False,485378727.0,485378793.667,68,1
8ce8f567553326c6efae,2985014422,A,training,Cond1,456,False,733,False,485378922.0,485378991.0,70,1,False,485378922.0,485378991.0,70,1,False,485378922.0,485378991.0,70,1
79f54916ad68aae6d754,2985014426,A,training,Cond1,456,False,710,False,485238167.0,485238235.333,69,1,False,485238167.0,485238235.333,69,1,False,485238167.0,485238235.333,69,1
bad95bb6ca7fbad2c728,2985014426,B,training,Cond2,456,False,727,False,485336318.333,485336389.333,72,1,False,485336319.333,485336389.333,71,1,False,485336319.333,485336389.333,71,1
4f728c9527787590ca30,2985014454,A,training,Cond1,456,False,710,False,485238710.333,485238779.0,70,1,False,485238710.333,485238779.0,70,1,False,485238710.333,485238779.0,70,1
0b37a8ceb7d47a636824,2985014458,B,training,Cond2,456,False,724,True,485319892.0,485320063.667,179,1,True,485319892.0,485320063.667,179,1,True,485319892.0,485320063.667,179,1
fb220656294bd4c084da,2985014462,A,training,Cond1,456,False,706,False,485222245.0,485222314.0,70,1,False,485222245.0,485222314.0,70,1,False,485222246.0,485222314.0,69,1
ab5a7c5f754cbdcdd1db,2987014148,B,training,Cond2,456,False,735,False,485384032.667,485384100.0,68,1,False,485384032.667,485384100.0,68,1,False,485384032.667,485384100.0,68,1
feaa507b905db0d5070f,2987014184,A,training,Cond1,456,False,676,False,485029440.667,485029510.0,68,1,False,485029440.667,485029510.0,68,1,False,485029441.667,485029510.0,67,1
04d59a2514c150f15587,2987014192,A,training,Cond1,456,False,683,False,485084045.0,485084112.0,68,1,False,485084045.0,485084112.0,68,1,False,485084045.0,485084112.0,68,1
6abb7ef05ea0a89cc9bb,2987014196,B,training,Cond2,456,False,694,False,485147931.667,485147993.0,70,1,False,485147931.667,485147993.0,70,1,False,485147931.667,485147993.0,70,1
d9a439f2851605e53d6c,2989014348,A,training,Cond1,456,False,687,False,485105828.667,485105895.667,68,1,False,485105828.667,485105895.667,68,1,False,485105828.667,485105895.667,68,1
1e504d568421566a9d23,2989014438,B,training,Cond2,456,False,705,False,485198768.0,485198836.0,69,1,False,485198768.0,485198836.0,69,1,False,485198768.0,485198836.0,69,1
b0a2625855348c9c9a94,2989014450,B,training,Cond2,456,False,704,False,485196878.0,485196946.0,69,1,False,485196878.0,485196946.0,69,1,False,485196878.0,485196946.0,69,1
30036149fa0b55fefc28,2989014454,B,training,Cond2,456,False,705,False,485198961.0,485199032.0,72,1,False,485198961.0,485199032.0,72,1,False,485198961.0,485199032.0,72,1
be6928521d970493c852,2999014220,B,training,Cond2,456,False,747,False,485474452.0,485474521.0,70,1,False,485474453.0,485474521.0,69,1,False,485474453.0,485474521.0,69,1
03815f13b1a01a8689cc,2999014228,B,training,Cond2,456,False,752,False,485489968.0,485490034.0,67,1,False,485489968.0,485490034.0,67,1,False,485489968.0,485490034.0,67,1
4396bc73ec475a12254a,2999014310,B,training,Cond2,456,False,747,False,485474246.0,485474317.0,72,1,False,485474246.0,485474317.0,72,1,False,485474247.0,485474317.0,71,1
ee50cc87293b87674cdf,2999014314,A,training,Cond1,456,False,741,False,485416171.0,485416240.0,69,1,False,485416171.0,485416240.0,69,1,False,485416171.0,485416240.0,69,1
4a99e66a72edef9786dc,3003014256,B,training,Cond2,456,False,747,False,485473842.0,485473913.0,74,1,False,485473842.0,485473913.0,74,1,False,485473842.0,485473913.0,74,1
69937f326a15c996055e,3005014324,A,training,Cond1,456,False,740,False,485411925.333,485411992.333,68,1,False,485411925.333,485411992.333,68,1,False,485411925.333,485411992.333,68,1
921a607f89b09e8805db,3005014324,B,training,Cond2,456,False,747,False,485474654.0,485474723.0,70,1,False,485474654.0,485474723.0,70,1,False,485474655.0,485474723.0,69,1
ff8f2d842695518c0400,3005014494,B,training,Cond2,456,False,748,False,485480238.0,485480306.0,70,1,False,485480238.0,485480306.0,70,1,False,485480238.0,485480306.0,70,1
3a2c0d7128b1e2fc620b,3005014526,A,training,Cond1,456,False,739,False,485409710.0,485409780.333,71,1,False,485409710.0,485409780.333,71,1,False,485409710.0,485409780.333,71,1
3bbcef4146c09b634291,3009014470,A,training,Cond1,456,False,631,False,484723140.333,484723209.333,70,1,False,484723141.333,484723209.333,69,1,False,484723141.333,484723209.333,69,1
9c958e926e32e649d036,3009014494,A,training,Cond1,456,False,631,False,484722579.667,484722646.333,69,1,False,484722579.667,484722646.333,69,1,False,484722579.667,484722646.333,69,1
01cd0ec5cb81133b593a,3011014208,B,training,Cond2,456,False,632,False,484738810.333,484738880.0,70,1,False,484738810.333,484738880.0,70,1,False,484738810.333,484738880.0,70,1
0163f0fd20a1ef5705a4,3011014212,B,training,Cond2,456,False,631,False,484723327.333,484723397.333,71,1,False,484723327.333,484723397.333,71,1,False,484723327.333,484723397.333,71,1
a8b83ac625d7b0994c82,3011014220,B,training,Cond2,456,False,634,False,484764756.333,484764826.0,72,1,False,484764756.333,484764826.0,72,1,False,484764756.333,484764826.0,72,1
eaea71326259baabc694,3011014228,A,training,Cond1,456,False,627,False,484690509.333,484690579.333,70,1,False,484690509.333,484690579.333,70,1,False,484690509.333,484690579.333,70,1
49501a1730dbfb7a5b50,3011014264,B,training,Cond2,456,False,632,False,484739010.0,484739085.0,76,1,False,484739010.0,484739085.0,76,1,False,484739010.0,484739085.0,76,1
8ce28604617f8aabe03c,3011014268,B,training,Cond2,456,False,633,False,484753380.0,484753452.0,73,1,False,484753381.0,484753452.0,72,1,False,484753381.0,484753452.0,72,1
1710fa1149cc2b1a14c9,3011014278,A,training,Cond1,456,False,628,False,484697803.0,484697873.0,71,1,False,484697803.0,484697873.0,71,1,False,484697803.0,484697873.0,71,1
6116fd772158e989f987,3013014292,A,training,Cond1,456,False,631,False,484722954.333,484723024.333,69,1,False,484722954.333,484723024.333,69,1,False,484722954.333,484723024.333,69,1
e5eedcb5926c0c840d55,3013014296,A,training,Cond1,456,False,627,False,484691280.0,484691350.333,72,1,False,484691280.0,484691350.333,72,1,False,484691280.0,484691350.333,72,1
3f053a969d997439815a,3013014486,B,training,Cond2,456,False,633,False,484754231.0,484754263.0,33,1,False,484754231.0,484754263.0,33,1,False,484754231.0,484754263.0,33,1
779c5c78ff41bc2601f5,3013014490,A,training,Cond1,456,False,631,False,484722766.0,484722835.333,70,1,False,484722766.0,484722835.333,70,1,False,484722766.0,484722835.333,70,1
2db418cc26c3d579b120,3013014506,A,training,Cond1,456,False,629,False,484710134.333,484710202.333,69,1,False,484710134.333,484710202.333,69,1,False,484710134.333,484710202.333,69,1
1f6aeb870dff94d268b0,3015014208,A,training,Cond1,456,False,623,False,484652899.667,484652969.667,71,1,False,484652900.667,484652969.667,70,1,False,484652900.667,484652969.667,70,1
481536a8677e2cee6651,3015014208,B,training,Cond2,456,False,629,False,484709528.333,484709598.333,71,1,False,484709528.333,484709598.333,71,1,False,484709529.333,484709598.333,70,1
78f0c2e5cda9415ecec3,3015014228,B,training,Cond2,456,False,626,False,484668639.0,484668709.333,72,1,False,484668813.333,484668883.333,71,1,False,484668813.333,484668883.333,71,1
34f310178e075d99205a,3015014244,B,training,Cond2,456,False,622,False,484637682.0,484637751.0,70,1,False,484637682.0,484637751.0,70,1,False,484637682.0,484637751.0,70,1
1a40b583c597da690c5c,3015014248,A,training,Cond1,456,False,624,False,484657440.667,484657506.333,67,1,False,484657440.667,484657506.333,67,1,False,484657440.667,484657506.333,67,1
570bfb8bc3cf199c06bd,3015014252,A,training,Cond1,456,False,624,False,484657628.333,484657699.667,72,1,False,484657628.333,484657699.667,72,1,False,484657628.333,484657699.667,72,1
8548af404911eb2ffa46,3015014256,B,training,Cond2,456,False,622,False,484637295.0,484637366.0,72,1,False,484637295.0,484637366.0,72,1,False,484637295.0,484637366.0,72,1
3be3cf6153b0eff72db7,3015014268,A,training,Cond1,456,False,612,False,484556439.667,484556512.0,73,1,False,484556439.667,484556512.0,73,1,False,484556439.667,484556512.0,73,1
cc32ffe7875ad0e84f7f,3015014294,A,training,Cond1,456,False,611,False,484550748.0,484550818.0,71,1,False,484550748.0,484550818.0,71,1,False,484550748.0,484550818.0,71,1
c3fe7a21d3641a3a923c,3015014302,A,training,Cond1,456,False,611,False,484550372.0,484550438.0,67,1,False,484550372.0,484550438.0,67,1,False,484550372.0,484550438.0,67,1
3fe4b72e87264bfb8209,3017014276,A,training,Cond1,456,False,628,False,484697237.0,484697301.333,66,1,False,484697237.0,484697301.333,66,1,False,484697237.0,484697301.333,66,1
c032aca0930cd5fc14d5,3017014288,A,training,Cond1,456,False,624,False,484658187.667,484658257.667,71,1,False,484658187.667,484658257.667,71,1,False,484658188.667,484658257.667,70,1
10e76beac988bc515e7c,3017014288,B,training,Cond2,456,False,629,False,484709730.333,484709798.0,69,1,False,484709730.333,484709798.0,69,1,False,484709730.333,484709798.0,69,1
56a54d3e7d6ebcef1022,3017014292,A,training,Cond1,456,False,624,False,484657813.333,484657883.333,71,1,False,484657813.333,484657883.333,71,1,False,484657814.333,484657883.333,70,1
5875ec1668fbfb2710a1,3017014296,A,training,Cond1,456,False,642,False,484835837.0,484835907.0,71,1,False,484835838.333,484835907.0,70,1,False,484835838.333,484835907.0,70,1
6bb8e9513f95f6e1fe61,3017014300,A,training,Cond1,456,False,624,False,484658000.333,484658069.333,70,1,False,484658000.333,484658069.333,70,1,False,484658000.333,484658069.333,70,1
09fac131c4abaa5193bd,3017014470,A,training,Cond1,456,False,628,False,484697615.0,484697685.333,71,1,False,484697616.0,484697685.333,70,1,False,484697616.0,484697685.333,70,1
c59ddde0eb6a3fdb215a,3017014470,B,training,Cond2,456,False,634,False,484764183.0,484764223.0,40,1,False,484764183.0,484764223.0,40,1,False,484764183.0,484764223.0,40,1
6e9fa8dca971de910b49,3017014490,B,training,Cond2,456,False,633,False,484753767.667,484753839.0,73,1,False,484753768.333,484753839.0,72,1,False,484753768.333,484753839.0,72,1
953bc9f0e622d1e7df80,3017014494,B,training,Cond2,456,False,633,False,484753574.0,484753643.0,70,1,False,484753574.0,484753643.0,70,1,False,484753574.0,484753643.0,70,1
60f5b846802f1aff92d6,3017014498,A,training,Cond1,456,False,623,False,484653088.0,484653158.0,64,1,False,484653088.0,484653158.0,64,1,False,484653088.0,484653158.0,64,1
0f2105a01fa940506c57,3017014506,A,training,Cond1,456,False,627,False,484690130.333,484690195.333,66,1,False,484690130.333,484690195.333,66,1,False,484690130.333,484690195.333,66,1
88e8675a59d4e5713eb7,3017014510,B,training,Cond2,456,False,634,False,484764370.667,484764441.0,87,1,False,484764370.667,484764441.0,87,1,False,484764371.0,484764441.0,86,1
b11874d303800dc0cf32,3017014514,A,training,Cond1,456,False,623,False,484652709.667,484652775.667,67,1,False,484652709.667,484652775.667,67,1,False,484652709.667,484652775.667,67,1
bcfdc45d797fdbdb7341,3017014522,A,training,Cond1,456,False,627,False,484691469.333,484691540.0,72,1,False,484691470.0,484691540.0,71,1,False,484691470.0,484691540.0,71,1
f041e1ab3a16883a0a49,3021014274,A,training,Cond1,456,False,617,False,484592323.667,484592383.667,66,1,False,484592323.667,484592383.667,66,1,False,484592323.667,484592383.667,66,1
e1bb389e545c22e6a350,3021014274,B,training,Cond2,456,False,625,False,484659464.667,484659531.667,68,1,False,484659464.667,484659531.667,68,1,False,484659464.667,484659531.667,68,1
31c68c2da2f809e1093b,3021014278,B,training,Cond2,456,False,622,False,484637105.0,484637176.0,72,1,False,484637105.0,484637176.0,72,1,False,484637105.0,484637176.0,72,1
8d25dfc343ac121c4142,3021014286,A,training,Cond1,456,False,612,False,484556629.0,484556697.667,70,1,False,484556629.0,484556697.667,70,1,False,484556629.0,484556697.667,70,1
80f1b955eb93b1dd3566,3021014286,B,training,Cond2,456,False,621,True,484608298.333,484608419.0,124,1,True,484608298.333,484608419.0,124,1,True,484608298.333,484608419.0,124,1
01b7380184cf03c0bb58,3021014290,B,training,Cond2,456,False,620,False,484607076.333,484607147.333,72,1,False,484607076.333,484607147.333,72,1,False,484607076.333,484607147.333,72,1
f0e7a965ef05b9e828cd,3021014294,B,training,Cond2,456,False,626,False,484667842.0,484667879.333,44,1,False,484667842.0,484667879.333,44,1,False,484667842.0,484667879.333,44,1
b59d7181861c3ee9dcc5,3021014298,B,training,Cond2,456,False,620,False,484607264.333,484607331.667,69,1,False,484607264.333,484607331.667,69,1,False,484607264.333,484607331.667,69,1
aede6444657ef50559b5,3021014306,A,training,Cond1,456,False,611,False,484550561.0,484550629.0,69,1,False,484550561.0,484550629.0,69,1,False,484550561.0,484550629.0,69,1
0ac91e18581eb68c3b6e,3021014306,B,training,Cond2,456,False,618,False,484599106.333,484599176.333,71,1,False,484599106.333,484599176.333,71,1,False,484599106.333,484599176.333,71,1
6ffeebeec6872f40e615,3021014314,B,training,Cond2,456,False,622,False,484637873.0,484637941.0,69,1,False,484637873.0,484637941.0,69,1,False,484637873.0,484637941.0,69,1
8f5ef1d1384699457a80,3021014318,A,training,Cond1,456,False,611,False,484550934.0,484551003.0,70,1,False,484550935.0,484551003.0,69,1,False,484550935.0,484551003.0,69,1
1f1fdf0663be8a35c472,3021014322,B,training,Cond2,456,False,616,False,484588336.333,484588405.0,70,1,False,484588337.333,484588405.0,69,1,False,484588337.333,484588405.0,69,1
fc44618a9cc329c1a3f4,3021014496,B,training,Cond2,456,False,615,False,484580722.667,484580791.667,70,1,False,484580723.667,484580791.667,69,1,False,484580723.667,484580791.667,69,1
982b6fc015c386d3c93d,3021014500,B,training,Cond2,456,False,613,False,484568590.667,484568659.667,71,1,False,484568590.667,484568659.667,71,1,False,484568590.667,484568659.667,71,1
3161f22049d419dfee26,3021014508,A,training,Cond1,456,False,616,False,484587581.667,484587651.333,70,1,False,484587581.667,484587651.333,70,1,False,484587582.667,484587651.333,69,1
62fb834dea27588c190a,3021014508,B,training,Cond2,456,False,622,False,484637490.0,484637561.0,75,1,False,484637490.333,484637561.0,74,1,False,484637490.667,484637561.0,73,1
c8f119355338c09cb9b7,3023014506,A,training,Cond1,456,False,672,False,484969992.0,484970065.667,95,1,False,484969992.0,484970065.667,95,1,False,484969992.0,484970065.667,95,1
7495bbb0a56f22c9bcec,3023014514,A,training,Cond1,456,False,659,False,484917441.667,484917510.667,70,1,False,484917441.667,484917510.667,70,1,False,484917442.667,484917510.667,69,1
93f643ef03918000025c,3023014514,B,training,Cond2,456,False,671,False,484963377.667,484963447.333,50,1,False,484963377.667,484963447.333,50,1,False,484963377.667,484963447.333,50,1
0f0fff90d29dd31ba941,3023014518,A,training,Cond1,456,False,659,False,484917629.667,484917699.0,59,1,False,484917630.667,484917699.0,58,1,False,484917630.667,484917699.0,58,1
5c20268fdb686e60e15a,3023014518,B,training,Cond2,456,False,671,False,484963567.667,484963637.667,71,1,False,484963567.667,484963637.667,71,1,False,484963567.667,484963637.667,71,1
fd08507582d373f380a3,3023014526,A,training,Cond1,456,False,653,False,484894443.0,484894491.333,49,1,False,484894443.0,484894491.333,49,1,False,484894444.333,484894491.333,48,1
29d9df64a07dfcd37eac,3023014536,A,training,Cond1,456,False,660,False,484921513.667,484921588.667,76,1,False,484921513.667,484921588.667,76,1,False,484921513.667,484921588.667,76,1
970a6f390bebb316abca,3023014544,B,training,Cond2,456,False,673,False,484985883.667,484985952.667,71,1,False,484985883.667,484985952.667,71,1,False,484985883.667,484985952.667,71,1
4e6a609c1e369a3947cf,3023014548,A,training,Cond1,456,False,653,False,484894630.0,484894700.0,71,1,False,484894630.0,484894700.0,71,1,False,484894630.0,484894700.0,71,1
7af7fdb40878f9474300,3023014548,B,training,Cond2,456,False,664,False,484932563.667,484932632.333,69,1,False,484932564.667,484932632.333,68,1,False,484932564.667,484932632.333,68,1
6ee2cb741ecc56268b66,3023014552,A,training,Cond1,456,False,661,False,484925544.667,484925614.667,71,1,False,484925544.667,484925614.667,71,1,False,484925544.667,484925614.667,71,1
cd61c8011cd3748af45d,3025014278,A,training,Cond1,456,False,665,False,484934868.667,484934934.667,67,1,False,484934868.667,484934934.667,67,1,False,484934868.667,484934934.667,67,1
48c215a12f8ba908f0eb,3025014282,A,training,Cond1,456,False,668,False,484943105.667,484943171.667,67,1,False,484943105.667,484943171.667,67,1,False,484943106.667,484943171.667,66,1
a49905eef7dd8229f1fe,3025014282,B,training,Cond2,456,False,675,False,485010242.667,485010308.0,66,1,False,485010242.667,485010308.0,66,1,False,485010242.667,485010308.0,66,1
9ea0603b72bebb26a870,3025014286,A,training,Cond1,456,False,672,False,484970176.667,484970245.667,70,1,False,484970176.667,484970245.667,70,1,False,484970176.667,484970245.667,70,1
9ecfd74c612f2837a79a,3025014294,A,training,Cond1,456,False,664,False,484933679.0,484933744.667,77,1,False,484933679.0,484933744.667,77,1,False,484933679.0,484933744.667,77,1
4df1d07f412cf706e243,3025014302,A,training,Cond1,456,False,664,False,484933488.667,484933558.0,70,1,False,484933488.667,484933558.0,70,1,False,484933488.667,484933558.0,70,1
6831233f36fcca61117f,3027014502,A,training,Cond1,456,False,660,False,484921318.0,484921387.667,71,1,False,484921318.0,484921387.667,71,1,False,484921318.0,484921387.667,71,1
0bd1758e7f6fc2168b74,3027014522,A,training,Cond1,456,False,659,False,484917065.667,484917134.667,70,1,False,484917065.667,484917134.667,70,1,False,484917065.667,484917134.667,70,1
778c8bdb5c001b9e6288,3027014528,A,training,Cond1,456,False,648,False,484874953.0,484875024.0,71,1,False,484874953.0,484875024.0,71,1,False,484874953.0,484875024.0,71,1
f7e81e4ae628b203d4b9,3027014528,B,training,Cond2,456,False,660,False,484920556.667,484920621.667,66,1,False,484920556.667,484920621.667,66,1,False,484920556.667,484920621.667,66,1
132c1b81271bab7101a3,3027014536,B,training,Cond2,456,False,665,False,484935674.667,484935741.667,67,1,False,484935674.667,484935741.667,67,1,False,484935674.667,484935741.667,67,1
8be50ef59f14a29837d0,3027014544,A,training,Cond1,456,False,656,False,484905012.0,484905082.0,71,1,False,484905013.333,484905082.0,70,1,False,484905013.333,484905082.0,70,1
7f49ac0391e66ff66e06,3027014552,B,training,Cond2,456,False,669,False,484946940.667,484947009.667,70,1,False,484946940.667,484947009.667,70,1,False,484946940.667,484947009.667,70,1
3b9799fb6f7d990eb3a0,3027014556,B,training,Cond2,456,False,660,False,484920747.667,484920816.667,70,1,False,484920748.667,484920816.667,69,1,False,484920748.667,484920816.667,69,1
6cd52148c8b5912ca2fc,3027014564,A,training,Cond1,456,False,660,False,484921128.667,484921201.667,74,1,False,484921129.667,484921201.667,73,1,False,484921129.667,484921201.667,73,1
fa3a141acf64cb6098e8,3027014580,B,training,Cond2,456,False,667,False,484941826.667,484941894.667,69,1,False,484941826.667,484941894.667,69,1,False,484941826.667,484941894.667,69,1
c665bec6d4dedb4949dc,3027014584,B,training,Cond2,456,False,669,False,484946750.667,484946819.667,70,1,False,484946751.667,484946819.667,69,1,False,484946751.667,484946819.667,69,1
9b20c476a02767305def,3027014588,A,training,Cond1,456,False,664,False,484933300.667,484933365.667,66,1,False,484933300.667,484933365.667,66,1,False,484933300.667,484933365.667,66,1
e7cbc9fc90643282d110,3029014274,A,training,Cond1,456,False,656,False,484905205.0,484905273.333,69,1,False,484905205.0,484905273.333,69,1,False,484905205.0,484905273.333,69,1
b65b121d6925df5f5233,3029014282,B,training,Cond2,456,False,671,False,484962998.0,484963066.667,70,1,False,484962998.0,484963066.667,70,1,False,484962998.0,484963066.667,70,1
0a3371b2f2911c0f1d13,3029014286,B,training,Cond2,456,False,670,False,484954366.667,484954413.667,48,1,False,484954366.667,484954413.667,48,1,False,484954366.667,484954413.667,48,1
c58bf811fb2eb8900c4e,3029014330,A,training,Cond1,456,False,659,False,484916878.667,484916950.667,73,1,False,484916878.667,484916950.667,73,1,False,484916878.667,484916950.667,73,1
25c2b93103889d22e8d6,3029014464,A,training,Cond1,456,False,656,False,484904262.0,484904284.333,23,1,False,484904262.0,484904284.333,23,1,False,484904262.0,484904284.333,23,1
1947351cf641e50cfd08,3029014464,B,training,Cond2,456,False,670,False,484954559.0,484954628.667,71,1,False,484954559.0,484954628.667,71,1,False,484954559.0,484954628.667,71,1
e9f04cccf57098699293,3029014468,A,training,Cond1,456,False,655,False,484901021.333,484901087.333,67,1,False,484901021.333,484901087.333,67,1,False,484901021.333,484901087.333,67,1
b64252634d0bb68f437d,3029014472,A,training,Cond1,456,False,647,False,484865873.0,484865940.333,68,1,False,484865873.0,484865940.333,68,1,False,484865873.0,484865940.333,68,1
a7f4ab1cfebeb0d1b779,3029014472,B,training,Cond2,456,False,656,False,484903954.333,484904013.333,60,1,False,484903954.333,484904013.333,60,1,False,484903955.333,484904013.333,59,1
9df4a7e4269de1d721df,3029014476,A,training,Cond1,456,False,659,False,484916689.667,484916756.667,68,1,False,484916689.667,484916756.667,68,1,False,484916689.667,484916756.667,68,1
fdc6b2b433b5592ca012,3029014476,B,training,Cond2,456,False,671,False,484962427.667,484962494.667,67,1,False,484962427.667,484962494.667,67,1,False,484962427.667,484962494.667,67,1
29382bc7a2754e1873ab,3031014466,A,training,Cond1,456,False,639,False,484816691.333,484816759.333,69,1,False,484816692.333,484816759.333,68,1,False,484816692.333,484816759.333,68,1
e3e44935e8d22fa2ab7b,3031014466,B,training,Cond2,456,False,651,False,484884049.0,484884119.333,71,1,False,484884049.0,484884119.333,71,1,False,484884049.0,484884119.333,71,1
3f2aae372f6094a1713b,3031014528,A,training,Cond1,456,False,647,False,484866424.333,484866494.333,71,1,False,484866425.333,484866494.333,70,1,False,484866425.333,484866494.333,70,1
2d66d854edf651b287ea,3031014528,B,training,Cond2,456,False,656,False,484904629.333,484904698.333,70,1,False,484904629.333,484904698.333,70,1,False,484904629.333,484904698.333,70,1
509554ebfca72c214b02,3031014536,A,training,Cond1,456,False,643,False,484846060.0,484846129.0,70,1,False,484846060.0,484846129.0,70,1,False,484846061.0,484846129.0,69,1
c895179e95307502ff4b,3031014540,A,training,Cond1,456,False,648,False,484875333.333,484875403.0,73,1,False,484875333.333,484875403.0,73,1,False,484875333.667,484875403.0,72,1
3f03001701f4dae6e3fe,3031014564,B,training,Cond2,456,False,669,False,484946370.667,484946408.667,39,1,False,484946370.667,484946408.667,39,1,False,484946370.667,484946408.667,39,1
3be68e1e2458de027a03,3031014568,A,training,Cond1,456,False,640,False,484829116.333,484829185.0,70,1,False,484829116.333,484829185.0,70,1,False,484829116.333,484829185.0,70,1
39aa390ac4260261ad21,3031014568,B,training,Cond2,456,False,651,False,484883666.0,484883736.0,71,1,False,484883666.0,484883736.0,71,1,False,484883666.0,484883736.0,71,1
9f01c980fa1958b2f806,3031014576,B,training,Cond2,456,False,648,False,484876326.667,484876395.333,80,1,False,484876326.667,484876395.333,80,1,False,484876326.667,484876395.333,80,1
91c33a9520b6be31f346,3031014580,A,training,Cond1,456,False,640,False,484829305.333,484829374.0,70,1,False,484829305.333,484829374.0,70,1,False,484829305.333,484829374.0,70,1
dc122ce3689c4d0d4e19,3031014584,A,training,Cond1,456,False,641,False,484833839.333,484833905.0,67,1,False,484833839.333,484833905.0,67,1,False,484833839.333,484833905.0,67,1
cf8054ad4e397ee2b106,3031014588,B,training,Cond2,456,False,651,False,484882610.333,484882680.0,75,1,False,484882610.333,484882680.0,75,1,False,484882610.667,484882680.0,74,1
186e18e542d83a07c02c,3033014282,B,training,Cond2,456,False,671,False,484964135.667,484964204.667,70,1,False,484964135.667,484964204.667,70,1,False,484964135.667,484964204.667,70,1
c31c35aeaac0e8b770ab,3033014286,A,training,Cond1,456,False,649,False,484877924.0,484877989.333,66,1,False,484877924.0,484877989.333,66,1,False,484877924.0,484877989.333,66,1
11f30c2bc548fa0d4998,3033014286,B,training,Cond2,456,False,662,False,484928517.667,484928586.667,69,1,False,484928517.667,484928586.667,69,1,False,484928517.667,484928586.667,69,1
460097cfa2de4e9e1edd,3033014306,A,training,Cond1,456,False,646,False,484862930.0,484862999.333,70,1,False,484862930.0,484862999.333,70,1,False,484862931.0,484862999.333,69,1
47a86e77d08d8d666237,3033014306,B,training,Cond2,456,False,656,False,484903560.0,484903626.333,67,1,False,484903560.0,484903626.333,67,1,False,484903560.0,484903626.333,67,1
0cbca11e21e0878bfba2,3033014314,A,training,Cond1,456,False,647,False,484866608.0,484866676.333,70,1,False,484866608.0,484866676.333,70,1,False,484866608.0,484866676.333,70,1
16f26f32a5d7b9b539a2,3033014318,B,training,Cond2,456,False,664,False,484932755.667,484932825.667,71,1,False,484932755.667,484932825.667,71,1,False,484932755.667,484932825.667,71,1
614d5f5c16c1eeaf7b7a,3033014326,A,training,Cond1,456,False,647,False,484866241.0,484866309.333,69,1,False,484866241.0,484866309.333,69,1,False,484866241.0,484866309.333,69,1
3607962da81ca103a891,3033014326,B,training,Cond2,456,False,656,False,484904437.0,484904495.0,59,1,False,484904437.0,484904495.0,59,1,False,484904437.0,484904495.0,59,1
e5e6d346655ab5ed8999,3033014330,B,training,Cond2,456,False,664,False,484932378.667,484932444.667,67,1,False,484932378.667,484932444.667,67,1,False,484932378.667,484932444.667,67,1
69f3a61f65c9cc132300,3033014334,B,training,Cond2,456,False,651,False,484883856.333,484883925.0,70,1,False,484883857.333,484883925.0,69,1,False,484883857.333,484883925.0,69,1
2537db9f6a7479d4ced1,3033014464,A,training,Cond1,456,False,648,False,484874573.333,484874627.333,55,1,False,484874573.333,484874627.333,55,1,False,484874573.333,484874627.333,55,1
35552005e2e5bb9437a8,3035014478,B,training,Cond2,456,False,648,False,484872446.0,484872515.333,70,1,False,484872447.0,484872515.333,69,1,False,484872447.0,484872515.333,69,1
52c1daa786a22df7c179,3035014482,B,training,Cond2,456,False,643,False,484845300.333,484845367.0,68,1,False,484845300.333,484845367.0,68,1,False,484845300.333,484845367.0,68,1
fc79b72649906e6871bf,3035014490,A,training,Cond1,456,False,635,False,484769529.0,484769597.0,69,1,False,484769529.0,484769597.0,69,1,False,484769529.0,484769597.0,69,1
cfa09bcca98a3fc939a3,3035014494,B,training,Cond2,456,False,638,False,484810247.333,484810316.667,70,1,False,484810247.333,484810316.667,70,1,False,484810247.333,484810316.667,70,1
c715a0b4ae7af068cb3d,3035014548,B,training,Cond2,456,False,645,False,484856720.0,484856788.0,69,1,False,484856720.0,484856788.0,69,1,False,484856720.0,484856788.0,69,1
0e094cb3015cd946fb4b,3037014298,A,training,Cond1,456,False,648,False,484874762.0,484874832.333,71,1,False,484874762.0,484874832.333,71,1,False,484874763.333,484874832.333,70,1
d7362cca5559460d595e,3037014302,B,training,Cond2,456,False,661,False,484925162.667,484925230.667,69,1,False,484925162.667,484925230.667,69,1,False,484925162.667,484925230.667,69,1
84574d21cf8977b52c68,3037014322,B,training,Cond2,456,False,645,False,484856530.0,484856599.0,70,1,False,484856530.0,484856599.0,70,1,False,484856530.0,484856599.0,70,1
c62c276e0dbb34ee953e,3037014334,A,training,Cond1,456,False,637,False,484799918.333,484799986.333,55,1,False,484799918.333,484799986.333,55,1,False,484799918.333,484799986.333,55,1
6ec38443bb3f9efbdea9,3037014334,B,training,Cond2,456,False,645,False,484856153.333,484856220.333,68,1,False,484856153.333,484856220.333,68,1,False,484856153.333,484856220.333,68,1
cb3faea45eb5a7a905fe,3037014464,B,training,Cond2,456,False,648,False,484876514.333,484876583.0,71,1,False,484876514.333,484876583.0,71,1,False,484876514.333,484876583.0,71,1
040fa330cef6f1dec3b8,3037014480,A,training,Cond1,456,False,637,False,484800106.333,484800175.333,70,1,False,484800106.333,484800175.333,70,1,False,484800106.333,484800175.333,70,1
c538d6e68f5c2e9ce02b,3037014480,B,training,Cond2,456,False,647,False,484865688.667,484865752.0,85,1,False,484865688.667,484865752.0,85,1,False,484865688.667,484865752.0,85,1
85e17cea0949600fea83,3037014488,A,training,Cond1,456,False,635,False,484769343.0,484769409.0,67,1,False,484769343.0,484769409.0,67,1,False,484769343.0,484769409.0,67,1
b4157959af56aa9ac6a9,3037014488,B,training,Cond2,456,False,644,False,484850192.0,484850262.333,71,1,False,484850192.0,484850262.333,71,1,False,484850192.0,484850262.333,71,1
4219fb79ba1ee16c1c01,3621681186,B,training,Cond2,456,False,937,False,486734795.333,486734861.0,67,1,False,486734795.333,486734861.0,67,1,False,486734796.0,486734861.0,66,1
11b03262e0ce339a2f9c,3621681190,B,training,Cond2,456,False,944,False,486767672.0,486767740.0,69,1,False,486767672.0,486767740.0,69,1,False,486767672.0,486767740.0,69,1
6d7272fdec18658ca6b3,3621681194,B,training,Cond2,456,False,933,False,486592438.667,486592504.333,67,1,False,486592438.667,486592504.333,67,1,False,486592438.667,486592504.333,67,1
bf9b8249b4a885cafe33,3621681198,A,training,Cond1,456,False,930,False,486561907.667,486561976.667,70,1,False,486561907.667,486561976.667,70,1,False,486561908.667,486561976.667,69,1
d1cde0857cd77b7cc2cd,3621681198,B,training,Cond2,456,False,933,False,486592238.333,486592306.333,69,1,False,486592238.333,486592306.333,69,1,False,486592238.333,486592306.333,69,1
c13cb0ed0c4a4afc371e,3621681202,B,training,Cond2,456,False,947,False,486781210.0,486781275.0,66,1,False,486781210.0,486781275.0,66,1,False,486781210.0,486781275.0,66,1
3759837a0075061df68a,3621681344,B,training,Cond2,456,False,933,False,486592039.333,486592104.333,66,1,False,486592039.333,486592104.333,66,1,False,486592039.333,486592104.333,66,1
931ec54012c8da018270,3621681356,A,training,Cond1,456,False,951,False,486840018.667,486840085.0,67,1,False,486840018.667,486840085.0,67,1,False,486840018.667,486840085.0,67,1
4c73534d684a3116a73c,3621681360,B,training,Cond2,456,False,956,True,486891022.333,486891198.667,177,1,True,486891022.333,486891198.667,177,1,True,486891022.333,486891198.667,177,1
1c64e3589b7d84d0d9b5,3623681090,A,training,Cond1,456,False,913,False,486470435.667,486470495.667,60,1,False,486470435.667,486470495.667,60,1,False,486470435.667,486470495.667,60,1
9a870213ae04a554cff1,3623681094,B,training,Cond2,456,False,919,False,486506147.0,486506205.0,59,1,False,486506147.0,486506205.0,59,1,False,486506147.0,486506205.0,59,1
f5dc6cfd19b7c570b88e,3623681098,B,training,Cond2,456,False,922,False,486529625.333,486529695.0,71,1,False,486529625.333,486529695.0,71,1,False,486529626.0,486529695.0,70,1
875287a6b8cf1c09d7fb,3623681102,A,training,Cond1,456,False,917,False,486499071.333,486499137.667,67,1,False,486499071.333,486499137.667,67,1,False,486499071.333,486499137.667,67,1
d1a09d39b04c662561c7,3623681102,B,training,Cond2,456,False,926,False,486554810.333,486554876.667,67,1,False,486554810.333,486554876.667,67,1,False,486554810.333,486554876.667,67,1
82897cec3572b4b4343c,3623681106,A,training,Cond1,456,False,920,False,486507683.0,486507750.0,70,1,False,486507683.0,486507750.0,70,1,False,486507683.0,486507750.0,70,1
515f1018b9ad1771055b,3623681106,B,training,Cond2,456,False,928,False,486557107.667,486557165.667,59,1,False,486557107.667,486557165.667,59,1,False,486557107.667,486557165.667,59,1
9eb5fd6afd5a275799b1,3623681110,A,training,Cond1,456,False,917,False,486500741.333,486500812.333,72,1,False,486500741.333,486500812.333,72,1,False,486500741.333,486500812.333,72,1
64c126df8c07338aa957,3623681110,B,training,Cond2,456,False,924,False,486540820.667,486540886.667,67,1,False,486540820.667,486540886.667,67,1,False,486540820.667,486540886.667,67,1
2f086f100648531e55af,3623681118,A,training,Cond1,456,False,921,False,486509318.0,486509356.0,39,1,False,486509319.333,486509356.0,38,1,False,486509319.333,486509356.0,38,1
ad3757c58e1757a40875,3623681118,B,training,Cond2,456,False,930,False,486561713.667,486561783.0,69,1,False,486561713.667,486561783.0,69,1,False,486561713.667,486561783.0,69,1
5183b0b779532c46cd6c,3623681122,A,training,Cond1,456,False,914,False,486474028.667,486474075.667,48,1,False,486474028.667,486474075.667,48,1,False,486474028.667,486474075.667,48,1
84778f43d7bec784f7c6,3623681122,B,training,Cond2,456,False,919,False,486506345.0,486506413.333,69,1,False,486506345.0,486506413.333,69,1,False,486506345.0,486506413.333,69,1
af70193164d6a636d198,3623681126,A,training,Cond1,456,False,921,False,486509527.0,486509580.0,54,1,False,486509527.0,486509580.0,54,1,False,486509527.0,486509580.0,54,1
c145ab08636103b5a86d,3623681126,B,training,Cond2,456,False,929,False,486558839.333,486558906.667,68,1,False,486558839.333,486558906.667,68,1,False,486558840.333,486558906.667,67,1
ba67c04b92f7bb69cd46,3623681134,A,training,Cond1,456,False,917,False,486501757.333,486501827.333,71,1,False,486501757.333,486501827.333,71,1,False,486501757.333,486501827.333,71,1
dd8272943ec2aa21642d,3623681134,B,training,Cond2,456,False,925,False,486543575.667,486543641.667,67,1,False,486543575.667,486543641.667,67,1,False,486543575.667,486543641.667,67,1
2752a6a639957b0175db,3623681142,B,training,Cond2,456,False,942,False,486750188.667,486750258.333,71,1,False,486750189.667,486750258.333,70,1,False,486750189.667,486750258.333,70,1
c433973e971331c30989,3623681184,A,training,Cond1,456,False,912,False,486468880.667,486468948.667,69,1,False,486468880.667,486468948.667,69,1,False,486468880.667,486468948.667,69,1
35eb30a15ace25f87b3f,3623681184,B,training,Cond2,456,False,917,False,486500072.667,486500141.333,70,1,False,486500073.333,486500141.333,69,1,False,486500073.333,486500141.333,69,1
a8ec8703b70e509d124e,3623681188,A,training,Cond1,456,False,899,False,486420880.0,486420949.0,70,1,False,486420880.0,486420949.0,70,1,False,486420880.0,486420949.0,70,1
f7ad18590ddb3ed17bca,3623681188,B,training,Cond2,456,False,908,False,486456998.667,486457064.667,67,1,False,486456998.667,486457064.667,67,1,False,486456998.667,486457064.667,67,1
e537a6d52d6d38a79649,3623681192,B,training,Cond2,456,False,924,True,486541369.667,486541550.667,181,1,True,486541369.667,486541550.667,181,1,True,486541369.667,486541550.667,181,1
fa537fc80e9efcb63d3c,3623681204,A,training,Cond1,456,False,917,False,486499269.333,486499338.333,70,1,False,486499269.333,486499338.333,70,1,False,486499270.333,486499338.333,69,1
547f843cc7abfc16a90f,3623681204,B,training,Cond2,456,False,925,False,486543788.667,486543845.667,58,1,False,486543788.667,486543845.667,58,1,False,486543788.667,486543845.667,58,1
12db6298d428dff378fa,3625681202,A,training,Cond1,456,False,888,False,486381574.667,486381643.667,70,1,False,486381575.667,486381643.667,69,1,False,486381575.667,486381643.667,69,1
30490a7ec04bad6f5ad3,3625681202,B,training,Cond2,456,False,902,False,486428491.667,486428558.333,68,1,False,486428491.667,486428558.333,68,1,False,486428491.667,486428558.333,68,1
1bf524f377dd96aa12c9,3625681344,A,training,Cond1,456,False,910,False,486464239.667,486464303.667,65,1,False,486464239.667,486464303.667,65,1,False,486464239.667,486464303.667,65,1
2bbc83feafb6d428b96d,3625681348,A,training,Cond1,456,False,909,True,486459746.0,486459916.0,171,1,True,486459746.0,486459916.0,171,1,True,486459746.0,486459916.0,171,1
1252bc43010f2e1806a7,3625681348,B,training,Cond2,456,False,916,False,486494098.667,486494164.333,72,1,False,486494098.667,486494164.333,72,1,False,486494098.667,486494164.333,72,1
2f64f918fa712b19b0ec,3625681356,A,training,Cond1,456,False,917,False,486500544.667,486500614.333,71,1,False,486500546.333,486500614.333,70,1,False,486500546.333,486500614.333,70,1
48b24502c35a34a9d270,3625681356,B,training,Cond2,456,False,924,False,486541022.333,486541090.667,71,1,False,486541022.333,486541090.667,71,1,False,486541022.667,486541090.667,70,1
a7e9bdf40bad80782d6e,3625681388,A,training,Cond1,456,False,914,False,486472408.0,486472475.667,83,1,False,486472408.0,486472475.667,83,1,False,486472408.0,486472475.667,83,1
fb8433566ba1966a8b5d,3625681388,B,training,Cond2,456,False,917,False,486501952.333,486502021.333,70,1,False,486501952.333,486502021.333,70,1,False,486501952.333,486502021.333,70,1
04254187fc1a21d63cdd,3625681392,A,training,Cond1,456,False,910,False,486464429.667,486464498.667,70,1,False,486464429.667,486464498.667,70,1,False,486464429.667,486464498.667,70,1
fb4846caac2397f192a5,3625681392,B,training,Cond2,456,False,916,False,486494480.333,486494556.333,78,1,False,486494480.333,486494556.333,78,1,False,486494480.333,486494556.333,78,1
dd673076ab114319d60b,3625681396,B,training,Cond2,456,False,907,False,486445215.333,486445284.333,70,1,False,486445215.333,486445284.333,70,1,False,486445215.333,486445284.333,70,1
2417f73ecfbe5e275c8d,3625681404,A,training,Cond1,456,False,912,False,486468681.667,486468747.667,67,1,False,486468681.667,486468747.667,67,1,False,486468681.667,486468747.667,67,1
6dcf1d216a685c054c7d,3627681094,B,training,Cond2,456,False,891,False,486390960.667,486391021.667,75,1,False,486390960.667,486391021.667,75,1,False,486390960.667,486391021.667,75,1
27daee9bdd773d7df726,3627681146,B,training,Cond2,456,False,891,False,486391152.667,486391221.0,68,1,False,486391152.667,486391221.0,68,1,False,486391154.0,486391221.0,67,1
a027219e1d0556b1a5af,3627681150,A,training,Cond1,456,False,863,False,486195406.667,486195473.667,68,1,False,486195406.667,486195473.667,68,1,False,486195406.667,486195473.667,68,1
f5822879b857e610242b,3627681150,B,training,Cond2,456,False,888,False,486380943.667,486381010.667,68,1,False,486380943.667,486381010.667,68,1,False,486380943.667,486381010.667,68,1
c820c4f1afe47cb51113,3834719044,B,training,Cond2,456,False,322,False,481965257.0,481965323.667,68,1,False,481965257.0,481965323.667,68,1,False,481965257.667,481965323.667,67,1
dc0cc2166e18c4e01729,3834719080,A,training,Cond1,456,False,290,False,481755922.333,481755988.333,67,1,False,481755922.333,481755988.333,67,1,False,481755922.333,481755988.333,67,1
1cda59e55f763233455e,3838719142,B,training,Cond2,456,False,339,False,482157125.333,482157195.667,71,1,False,482157125.333,482157195.667,71,1,False,482157125.333,482157195.667,71,1
e1a0fcc49052aeb97a42,3840719298,B,training,Cond2,456,False,333,False,482131634.0,482131703.0,70,1,False,482131634.0,482131703.0,70,1,False,482131634.0,482131703.0,70,1
ad9d52803cb4f0b165f5,3844719152,A,training,Cond1,456,False,386,False,482465894.333,482465964.0,71,1,False,482465894.333,482465964.0,71,1,False,482465894.333,482465964.0,71,1
c483d6782c156b008465,3844719354,B,training,Cond2,456,False,452,False,482990404.667,482990472.0,68,1,False,482990404.667,482990472.0,68,1,False,482990404.667,482990472.0,68,1
3e98716b0d5d53f8b96e,3846719080,B,training,Cond2,456,False,494,False,483438450.0,483438515.0,66,1,False,483438451.333,483438515.0,65,1,False,483438451.333,483438515.0,65,1
d618dc514a4646712e4c,3846719084,A,training,Cond1,456,False,487,False,483400892.0,483400925.667,37,1,False,483400892.333,483400925.667,36,1,False,483400892.333,483400925.667,36,1
afb4a572d9fe562e7779,3846719092,A,training,Cond1,456,False,488,False,483403985.667,483404032.667,48,1,False,483403985.667,483404032.667,48,1,False,483403986.667,483404032.667,47,1
cac61fb0acd34c77eabe,3846719100,A,training,Cond1,456,False,490,True,483412420.667,483412601.667,182,1,True,483412420.667,483412601.667,182,1,True,483412420.667,483412601.667,182,1
eaa8630c9a0b5920d8b9,4167773542,A,training,Cond1,456,False,534,False,483939659.667,483939728.667,70,1,False,483939660.333,483939728.667,69,1,False,483939660.333,483939728.667,69,1
8e5300994f69e6b96312,4167773568,A,training,Cond1,456,False,538,False,483961755.333,483961803.333,49,1,False,483961755.333,483961803.333,49,1,False,483961755.333,483961803.333,49,1
7b52443c6ef079982863,4167773572,A,training,Cond1,456,False,542,False,483996563.667,483996632.333,81,1,False,483996563.667,483996632.333,81,1,False,483996563.667,483996632.333,81,1
b93a8714edc5c96f73ac,4167773580,A,training,Cond1,456,False,535,False,483945771.0,483945838.0,68,1,False,483945771.0,483945838.0,68,1,False,483945771.0,483945838.0,68,1
e2ed572c94573a3a9b3f,4167773596,B,training,Cond2,456,False,549,False,484029984.0,484030052.667,70,1,False,484029984.0,484030052.667,70,1,False,484029984.0,484030052.667,70,1
9fbe3936f10b6a9f0281,4167773604,A,training,Cond1,456,False,536,False,483954091.667,483954110.667,20,1,False,483954091.667,483954110.667,20,1,False,483954091.667,483954110.667,20,1
5ed80e7586cbde7cf1a5,4169773314,B,training,Cond2,456,False,543,False,484005855.667,484005902.667,48,1,False,484005855.667,484005902.667,48,1,False,484005855.667,484005902.667,48,1
6c91edf1dc95b871af94,4169773318,A,training,Cond1,456,False,534,False,483939464.667,483939532.333,69,1,False,483939464.667,483939532.333,69,1,False,483939464.667,483939532.333,69,1
dafd44a7af32b801273e,4169773334,A,training,Cond1,456,False,535,False,483945969.0,483946037.0,69,1,False,483945969.0,483946037.0,69,1,False,483945969.0,483946037.0,69,1
a227c836484067740bbf,4169773338,B,training,Cond2,456,False,549,False,484029786.0,484029856.0,71,1,False,484029786.0,484029856.0,71,1,False,484029786.0,484029856.0,71,1
99ae8b780ca33195500f,4169773358,B,training,Cond2,456,False,547,False,484021724.333,484021793.0,70,1,False,484021724.333,484021793.0,70,1,False,484021724.333,484021793.0,70,1
05e91efcdd396502efce,4169773374,B,training,Cond2,456,False,537,False,483960815.333,483960885.0,71,1,False,483960816.667,483960885.0,70,1,False,483960816.667,483960885.0,70,1
c050a6c620e770513657,4169773540,B,training,Cond2,456,False,565,False,484142846.667,484142914.667,69,1,False,484142846.667,484142914.667,69,1,False,484142846.667,484142914.667,69,1
60b45564bbfba6195bda,4169773544,B,training,Cond2,456,False,540,False,483979623.667,483979692.667,70,1,False,483979623.667,483979692.667,70,1,False,483979623.667,483979692.667,70,1
92a9ba3a3462d74fa765,4169773564,B,training,Cond2,456,False,539,False,483966181.0,483966249.667,70,1,False,483966181.0,483966249.667,70,1,False,483966181.0,483966249.667,70,1
df02440332f0633707f1,4171773542,B,training,Cond2,456,False,528,False,483908682.333,483908739.333,58,1,False,483908682.333,483908739.333,58,1,False,483908682.333,483908739.333,58,1
bb87749ca11c8676997b,4171773550,B,training,Cond2,456,False,536,False,483954470.667,483954540.667,71,1,False,483954471.667,483954540.667,70,1,False,483954471.667,483954540.667,70,1
334e63dc71909d47f622,4171773558,A,training,Cond1,456,False,530,True,483921924.0,483922119.0,196,1,True,483921924.0,483922119.0,196,1,True,483921924.0,483922119.0,196,1
777ffd5adb682574ea5d,4171773568,B,training,Cond2,456,False,540,False,483980299.0,483980365.667,68,1,False,483980299.0,483980365.667,68,1,False,483980299.0,483980365.667,68,1
469fe532a3eb0c1295ef,4171773572,B,training,Cond2,456,False,538,False,483962531.333,483962600.333,70,1,False,483962531.333,483962600.333,70,1,False,483962531.333,483962600.333,70,1
acecdfd90daf157bf752,4171773576,B,training,Cond2,456,False,540,False,483979426.333,483979492.333,67,1,False,483979426.333,483979492.333,67,1,False,483979426.333,483979492.333,67,1
f7b25af05d46fb4b96f6,4171773580,A,training,Cond1,456,False,530,False,483923726.333,483923792.333,72,1,False,483923726.333,483923792.333,72,1,False,483923726.333,483923792.333,72,1
6d75a669cf2f656a43f7,4171773584,A,training,Cond1,456,False,530,False,483923135.333,483923201.667,67,1,False,483923135.333,483923201.667,67,1,False,483923135.333,483923201.667,67,1
1c6e4907a950418bc00c,4171773592,B,training,Cond2,456,False,541,False,483988350.667,483988420.0,70,1,False,483988350.667,483988420.0,70,1,False,483988350.667,483988420.0,70,1
08572660e64035e3b025,4171773596,A,training,Cond1,456,False,556,False,484083165.333,484083235.667,71,1,False,484083165.333,484083235.667,71,1,False,484083166.333,484083235.667,70,1
1c3fed56ec689cd57c10,4171773596,B,training,Cond2,456,False,565,False,484143041.667,484143113.667,73,1,False,484143042.667,484143113.667,72,1,False,484143042.667,484143113.667,72,1
1553a3a5391275d7109d,4171773604,B,training,Cond2,456,False,540,False,483980496.667,483980565.667,70,1,False,483980497.333,483980565.667,69,1,False,483980497.333,483980565.667,69,1
bce7692d996bebb11b4b,4171773608,A,training,Cond1,456,False,530,False,483923332.667,483923401.333,70,1,False,483923332.667,483923401.333,70,1,False,483923332.667,483923401.333,70,1
0136643fcdffafcd27b3,4171773612,A,training,Cond1,456,False,530,False,483923528.333,483923597.333,70,1,False,483923528.333,483923597.333,70,1,False,483923528.333,483923597.333,70,1
0ecc2fc16014d8120689,4171773620,A,training,Cond1,456,False,531,False,483926692.0,483926757.667,67,1,False,483926692.0,483926757.667,67,1,False,483926692.0,483926757.667,67,1
391c7d537c91c905525d,4173773318,A,training,Cond1,456,False,518,False,483795121.0,483795187.0,67,1,False,483795121.0,483795187.0,67,1,False,483795121.0,483795187.0,67,1
8a03c9026a3157c80d54,4173773326,A,training,Cond1,456,False,517,False,483791741.0,483791807.333,67,1,False,483791741.0,483791807.333,67,1,False,483791741.0,483791807.333,67,1
0820e5c287afe0fa110c,4173773326,B,training,Cond2,456,False,526,False,483860300.0,483860365.0,66,1,False,483860300.0,483860365.0,66,1,False,483860300.0,483860365.0,66,1
d784ed644f6403512b42,4173773330,A,training,Cond1,456,False,515,False,483782658.333,483782724.333,67,1,False,483782658.333,483782724.333,67,1,False,483782658.333,483782724.333,67,1
2b4f451602467b14218f,4173773334,B,training,Cond2,456,False,526,False,483860954.0,483861020.0,67,1,False,483860954.0,483861020.0,67,1,False,483860954.0,483861020.0,67,1
b84a47f2d5c693bf83fa,4173773362,A,training,Cond1,456,False,523,False,483835249.333,483835317.333,69,1,False,483835249.333,483835317.333,69,1,False,483835249.333,483835317.333,69,1
1c3a75bf735804024cc5,4173773370,A,training,Cond1,456,False,523,False,483835048.333,483835115.667,68,1,False,483835048.333,483835115.667,68,1,False,483835048.333,483835115.667,68,1
f12adc47548cb0c89447,4173773544,B,training,Cond2,456,False,525,False,483846084.0,483846150.333,67,1,False,483846084.0,483846150.333,67,1,False,483846084.0,483846150.333,67,1
f0ecf4c2e2afbc7c0341,4173773564,B,training,Cond2,456,False,524,False,483840266.667,483840333.333,70,1,False,483840266.667,483840333.333,70,1,False,483840266.667,483840333.333,70,1
891f226e3de83444ba21,4175773538,A,training,Cond1,456,False,559,False,484089065.333,484089140.667,76,1,False,484089065.333,484089140.667,76,1,False,484089065.333,484089140.667,76,1
b162dfa62f761101916c,4175773554,A,training,Cond1,456,False,556,False,484082969.667,484083035.333,67,1,False,484082969.667,484083035.333,67,1,False,484082969.667,484083035.333,67,1
00289eb3ee0e7914fdc2,4175773554,B,training,Cond2,456,False,565,False,484144018.667,484144088.667,71,1,False,484144018.667,484144088.667,71,1,False,484144018.667,484144088.667,71,1
f62ac62dc534987b486d,4175773558,A,training,Cond1,456,False,556,False,484083753.333,484083822.667,70,1,False,484083753.333,484083822.667,70,1,False,484083754.333,484083822.667,69,1
3f5bfa850d18f20d4fb2,4175773558,B,training,Cond2,456,False,563,False,484137442.667,484137510.0,68,1,False,484137442.667,484137510.0,68,1,False,484137442.667,484137510.0,68,1
d8a8a5ac223d16cde7c9,4175773562,A,training,Cond1,456,False,568,False,484168031.333,484168101.0,71,1,False,484168031.333,484168101.0,71,1,False,484168031.333,484168101.0,71,1
1c21cbda450117f3dbe1,4175773568,A,training,Cond1,456,False,557,False,484085327.667,484085398.333,72,1,False,484085327.667,484085398.333,72,1,False,484085327.667,484085398.333,72,1
a7aa024b03136b75207c,4175773568,B,training,Cond2,456,False,563,False,484136344.0,484136419.0,76,1,False,484136344.0,484136419.0,76,1,False,484136344.0,484136419.0,76,1
0a4333505a360df50de5,4175773572,A,training,Cond1,456,False,556,False,484083557.667,484083629.667,73,1,False,484083558.667,484083629.667,72,1,False,484083558.667,484083629.667,72,1
a409009e64a69ad11399,4175773584,B,training,Cond2,456,False,563,False,484136741.667,484136810.667,70,1,False,484136741.667,484136810.667,70,1,False,484136742.667,484136810.667,69,1
c105463e7c9c436e5eaa,4175773588,B,training,Cond2,456,False,565,False,484144214.667,484144284.667,71,1,False,484144215.667,484144284.667,70,1,False,484144215.667,484144284.667,70,1
2cc9f743a38d0bc99eb0,4175773600,A,training,Cond1,456,False,554,False,484074221.0,484074291.0,71,1,False,484074221.0,484074291.0,71,1,False,484074221.0,484074291.0,71,1
a83ec6ac63baa16ee40b,4175773624,A,training,Cond1,456,False,556,False,484083361.667,484083430.333,70,1,False,484083361.667,484083430.333,70,1,False,484083361.667,484083430.333,70,1
7cbe15e73e08d27d2372,4175773624,B,training,Cond2,456,False,563,False,484137240.333,484137262.667,31,1,False,484137240.333,484137262.667,31,1,False,484137240.333,484137262.667,31,1
d4a9c565f0a055d7ee67,4175773628,B,training,Cond2,456,False,564,False,484140419.667,484140485.667,67,1,False,484140419.667,484140485.667,67,1,False,484140419.667,484140485.667,67,1
a515fb8a36b29d7016ce,4177773322,B,training,Cond2,456,False,561,False,484120411.0,484120477.0,67,1,False,484120411.0,484120477.0,67,1,False,484120411.0,484120477.0,67,1
8e6c9a3e6bd14816afbe,4177773326,A,training,Cond1,456,False,569,False,484172688.667,484172756.333,70,1,False,484172688.667,484172756.333,70,1,False,484172688.667,484172756.333,70,1
ad29b7b358cc23b89556,4177773330,A,training,Cond1,456,False,544,False,484008410.667,484008476.667,76,1,False,484008410.667,484008476.667,76,1,False,484008410.667,484008476.667,76,1
151bf405e2150a4a76e8,4177773350,A,training,Cond1,456,False,554,False,484074610.0,484074678.0,69,1,False,484074610.0,484074678.0,69,1,False,484074610.0,484074678.0,69,1
896fb7e14fa8c6a72f60,4177773362,A,training,Cond1,456,False,549,False,484031151.0,484031220.0,70,1,False,484031151.0,484031220.0,70,1,False,484031151.0,484031220.0,70,1
9c2030ee3d15c0cc9319,4177773362,B,training,Cond2,456,False,559,False,484089847.333,484089923.667,77,1,False,484089847.333,484089923.667,77,1,False,484089847.333,484089923.667,77,1
21117a366efd44d968f6,4177773370,B,training,Cond2,456,False,555,False,484078521.333,484078590.333,70,1,False,484078522.333,484078590.333,69,1,False,484078522.333,484078590.333,69,1
32d9945de5de091250c5,4177773374,A,training,Cond1,456,False,554,False,484074026.333,484074097.0,72,1,False,484074027.0,484074097.0,71,1,False,484074027.0,484074097.0,71,1
b026833f4b1f1776dd36,4177773374,B,training,Cond2,456,False,562,False,484128411.333,484128480.333,70,1,False,484128411.333,484128480.333,70,1,False,484128412.0,484128480.333,69,1
b3c7600fe9562fe38a90,4177773556,B,training,Cond2,456,False,555,False,484077928.333,484077999.333,72,1,False,484077928.333,484077999.333,72,1,False,484077929.333,484077999.333,71,1
a8c4cadd9d74b449ab6d,4177773560,A,training,Cond1,456,False,542,False,483996754.333,483996824.667,71,1,False,483996754.333,483996824.667,71,1,False,483996755.667,483996824.667,70,1
f0c695403a173be41196,4179773506,A,training,Cond1,456,False,554,False,484074416.0,484074485.333,70,1,False,484074416.0,484074485.333,70,1,False,484074417.0,484074485.333,69,1
a650668bad53ca970e9e,4179773506,B,training,Cond2,456,False,562,False,484128211.0,484128279.667,70,1,False,484128211.667,484128279.667,69,1,False,484128211.667,484128279.667,69,1
65fc625403b28db7f17f,4179773518,A,training,Cond1,456,False,541,False,483989136.0,483989206.0,71,1,False,483989136.0,483989206.0,71,1,False,483989136.0,483989206.0,71,1
ac0aa4e8d7dfa09fee1e,4179773576,A,training,Cond1,456,False,579,False,484270017.667,484270087.667,71,1,False,484270017.667,484270087.667,71,1,False,484270017.667,484270087.667,71,1
2ffa551c4372254f2de0,4179773576,B,training,Cond2,456,False,582,False,484317344.0,484317414.333,71,1,False,484317344.0,484317414.333,71,1,False,484317344.0,484317414.333,71,1
b61a613648884471b1ab,4179773580,A,training,Cond1,456,False,583,False,484335792.0,484335860.0,69,1,False,484335792.0,484335860.0,69,1,False,484335792.0,484335860.0,69,1
8f4e8040adbddafda143,4179773596,A,training,Cond1,456,False,541,False,483989520.667,483989588.667,69,1,False,483989520.667,483989588.667,69,1,False,483989520.667,483989588.667,69,1
95f3b01e549a5cad615b,4179773596,B,training,Cond2,456,False,548,False,484027071.667,484027141.667,71,1,False,484027071.667,484027141.667,71,1,False,484027072.667,484027141.667,70,1
8b111f0642b1df7ca768,4179773600,B,training,Cond2,456,False,557,False,484084733.333,484084801.333,69,1,False,484084733.333,484084801.333,69,1,False,484084733.333,484084801.333,69,1
25bd81cd20c599ddb41a,4179773604,A,training,Cond1,456,False,553,False,484070375.667,484070444.667,70,1,False,484070375.667,484070444.667,70,1,False,484070375.667,484070444.667,70,1
32a81843125fe49a9351,4179773604,B,training,Cond2,456,False,563,False,484136540.667,484136609.667,70,1,False,484136540.667,484136609.667,70,1,False,484136540.667,484136609.667,70,1
9933232eb1c660f9221c,4179773608,A,training,Cond1,456,False,544,False,484008213.0,484008277.0,65,1,False,484008213.0,484008277.0,65,1,False,484008213.0,484008277.0,65,1
3fbac532c45b9fbe0efa,4179773608,B,training,Cond2,456,False,555,False,484077530.0,484077597.333,72,1,False,484077530.0,484077597.333,72,1,False,484077530.0,484077597.333,72,1
de259ed48afe0ce9c8ba,4179773616,B,training,Cond2,456,False,555,False,484078126.333,484078196.333,71,1,False,484078126.333,484078196.333,71,1,False,484078126.333,484078196.333,71,1
20613d7aca4cdedd96ba,4179773628,B,training,Cond2,456,False,551,True,484041891.333,484042070.333,180,1,True,484041891.333,484042070.333,180,1,True,484041891.333,484042070.333,180,1
459a85e7607c12729c7d,4181773318,A,training,Cond1,456,False,549,False,484030956.667,484031024.0,68,1,False,484030956.667,484031024.0,68,1,False,484030956.667,484031024.0,68,1
dd01f6bcecf2b5f8c921,4181773354,B,training,Cond2,456,False,546,False,484019796.0,484019866.333,71,1,False,484019796.0,484019866.333,71,1,False,484019796.0,484019866.333,71,1
b3462bbfd008bf27aaf0,4181773358,A,training,Cond1,456,False,534,False,483937753.0,483937822.0,70,1,False,483937753.0,483937822.0,70,1,False,483937753.0,483937822.0,70,1
dbf35d515a806b235b74,4181773366,A,training,Cond1,456,False,541,False,483989328.0,483989397.0,70,1,False,483989328.0,483989397.0,70,1,False,483989328.0,483989397.0,70,1
a01794651794e191cc5a,4181773366,B,training,Cond2,456,False,548,False,484027270.333,484027338.333,70,1,False,484027270.333,484027338.333,70,1,False,484027270.333,484027338.333,70,1
fbbec3be6d0bbac8d7d0,4181773512,A,training,Cond1,456,False,536,False,483953780.667,483953838.667,59,1,False,483953780.667,483953838.667,59,1,False,483953780.667,483953838.667,59,1
5ec10f5d5c9ce8df7f5d,4187773526,A,training,Cond1,456,False,572,False,484210224.333,484210293.333,70,1,False,484210224.333,484210293.333,70,1,False,484210224.333,484210293.333,70,1
5a5215d84a49f7812488,4187773530,A,training,Cond1,456,False,568,False,484168220.667,484168290.667,71,1,False,484168220.667,484168290.667,71,1,False,484168221.667,484168290.667,70,1
afd0f1c92ef4e9c35934,4187773534,A,training,Cond1,456,False,579,False,484269818.667,484269882.667,65,1,False,484269818.667,484269882.667,65,1,False,484269818.667,484269882.667,65,1
f1a75cb50c4e50cdb7eb,4187773534,B,training,Cond2,456,False,582,False,484316740.333,484316808.0,69,1,False,484316740.333,484316808.0,69,1,False,484316740.333,484316808.0,69,1
4071d38d9469e642c058,4189773378,B,training,Cond2,456,False,565,False,484143626.667,484143695.0,69,1,False,484143626.667,484143695.0,69,1,False,484143626.667,484143695.0,69,1
c8a736a5e6670d0711a1,4189773390,A,training,Cond1,456,False,571,False,484186959.333,484187025.333,67,1,False,484186959.333,484187025.333,67,1,False,484186959.333,484187025.333,67,1
486594a855261fa51b98,4189773394,B,training,Cond2,456,False,576,False,484221445.0,484221511.0,67,1,False,484221445.0,484221511.0,67,1,False,484221445.0,484221511.0,67,1
3328d0ed5c1d7e8a96db,4189773398,A,training,Cond1,456,False,569,False,484172875.333,484172943.333,69,1,False,484172875.333,484172943.333,69,1,False,484172876.333,484172943.333,68,1
572b0d85d1a269526324,4189773402,A,training,Cond1,456,False,568,False,484167652.333,484167719.667,68,1,False,484167652.333,484167719.667,68,1,False,484167652.333,484167719.667,68,1
0c802fc5e699bf24205a,4189773406,B,training,Cond2,456,False,575,False,484219033.0,484219101.333,69,1,False,484219033.0,484219101.333,69,1,False,484219033.0,484219101.333,69,1
7dbbfcfe6573aa7baa92,4189773414,A,training,Cond1,456,False,572,False,484210035.0,484210103.333,69,1,False,484210035.0,484210103.333,69,1,False,484210036.333,484210103.333,68,1
ae5f4795f2fe74afd98f,4189773414,B,training,Cond2,456,False,578,False,484267818.0,484267883.667,67,1,False,484267818.0,484267883.667,67,1,False,484267818.0,484267883.667,67,1
4decafc842da4589c822,4189773418,B,training,Cond2,456,False,574,False,484215407.333,484215476.0,71,1,False,484215407.333,484215476.0,71,1,False,484215407.333,484215476.0,71,1
5ab95d62eea5eb327903,4189773434,B,training,Cond2,456,False,573,False,484212779.0,484212810.0,32,1,False,484212779.0,484212810.0,32,1,False,484212779.0,484212810.0,32,1
a08656d04d877566ae1d,4189773472,B,training,Cond2,456,False,568,False,484168600.667,484168670.667,71,1,False,484168601.667,484168670.667,70,1,False,484168601.667,484168670.667,70,1
3bd1069c1c829a2ca0da,4189773476,B,training,Cond2,456,False,567,False,484162164.667,484162231.667,68,1,False,484162164.667,484162231.667,68,1,False,484162164.667,484162231.667,68,1
4279476baffb621649d9,4189773480,A,training,Cond1,456,False,560,False,484113792.333,484113858.333,67,1,False,484113792.333,484113858.333,67,1,False,484113792.333,484113858.333,67,1
184127e4e5651dda328e,4189773480,B,training,Cond2,456,False,567,False,484162359.667,484162429.667,71,1,False,484162359.667,484162429.667,71,1,False,484162360.667,484162429.667,70,1
3a07c674b80dcdfe902c,4199773446,B,training,Cond2,456,False,383,False,482453034.667,482453066.0,32,1,False,482453034.667,482453066.0,32,1,False,482453034.667,482453066.0,32,1
30087332c753626c270d,4199773454,A,training,Cond1,456,False,358,False,482331001.333,482331067.333,67,1,False,482331001.333,482331067.333,67,1,False,482331002.333,482331067.333,66,1
2cd281340b7bb19f983a,4199773466,A,training,Cond1,456,False,355,False,482321503.0,482321569.333,67,1,False,482321503.0,482321569.333,67,1,False,482321504.333,482321569.333,66,1
dfc466e14b3f5260e81a,4199773466,B,training,Cond2,456,False,368,False,482371607.0,482371672.0,68,1,False,482371607.0,482371672.0,68,1,False,482371607.0,482371672.0,68,1
145ecbacd9f4af3071b5,4199773632,B,training,Cond2,456,False,387,False,482469620.667,482469688.667,69,1,False,482469620.667,482469688.667,69,1,False,482469621.667,482469688.667,68,1
afe7f6e590165901d04b,4199773636,A,training,Cond1,456,False,362,False,482350977.667,482351043.667,67,1,False,482350977.667,482351043.667,67,1,False,482350977.667,482351043.667,67,1
b009b83ae1df8897e4f9,4199773636,B,training,Cond2,456,False,374,False,482409185.667,482409252.667,68,1,False,482409185.667,482409252.667,68,1,False,482409185.667,482409252.667,68,1
ef28481fa1c5c5b4b4c3,4199773640,B,training,Cond2,456,False,378,False,482421927.667,482421993.667,68,1,False,482421927.667,482421993.667,68,1,False,482421928.0,482421993.667,67,1
58f39e77e5a7362474f4,4199773644,B,training,Cond2,456,False,383,False,482453396.667,482453463.667,68,1,False,482453396.667,482453463.667,68,1,False,482453396.667,482453463.667,68,1
2089d8c28b0048b3abf2,4199773668,B,training,Cond2,456,False,369,False,482378040.667,482378107.0,69,1,False,482378040.667,482378107.0,69,1,False,482378040.667,482378107.0,69,1
b2b3336d07d7823366c0,4199773684,A,training,Cond1,456,False,377,False,482415697.0,482415763.0,67,1,False,482415697.0,482415763.0,67,1,False,482415698.0,482415763.0,66,1
b939e5b4812bd588193e,4199773692,A,training,Cond1,456,False,362,False,482350402.667,482350471.0,69,1,False,482350402.667,482350471.0,69,1,False,482350404.0,482350471.0,68,1
6b367f52d857b59835bf,4201773382,B,training,Cond2,456,False,387,False,482469422.667,482469491.667,70,1,False,482469422.667,482469491.667,70,1,False,482469422.667,482469491.667,70,1
2ba11e4561cce9e55733,4201773386,B,training,Cond2,456,False,385,False,482461561.667,482461626.667,66,1,False,482461561.667,482461626.667,66,1,False,482461561.667,482461626.667,66,1
e6407751fde1c2ac3d5f,4201773390,A,training,Cond1,456,False,358,False,482331367.333,482331434.333,68,1,False,482331368.667,482331434.333,67,1,False,482331368.667,482331434.333,67,1
9d31c447a4c94715a3b0,4201773406,A,training,Cond1,456,False,364,False,482357312.0,482357378.0,67,1,False,482357312.0,482357378.0,67,1,False,482357312.0,482357378.0,67,1
e3a5c3d544792e0f40b0,4201773430,B,training,Cond2,456,False,366,False,482362725.333,482362790.667,68,1,False,482362725.333,482362790.667,68,1,False,482362725.333,482362790.667,68,1
b9909663c879c896bce0,4201773434,A,training,Cond1,456,False,358,False,482330818.333,482330885.333,68,1,False,482330818.333,482330885.333,68,1,False,482330818.333,482330885.333,68,1
c7b2ef798c2cfb8aed5a,4201773438,A,training,Cond1,456,False,355,False,482321315.333,482321380.333,69,1,False,482321315.333,482321380.333,69,1,False,482321315.333,482321380.333,69,1
b0c5cbfdd2f8bfcab953,4201773440,B,training,Cond2,456,False,374,False,482409769.0,482409834.0,66,1,False,482409769.0,482409834.0,66,1,False,482409769.0,482409834.0,66,1
24611b0c3a1a77bdc5b9,4201773444,A,training,Cond1,456,False,358,False,482331183.333,482331249.333,67,1,False,482331184.333,482331249.333,66,1,False,482331184.333,482331249.333,66,1
ce5cff94cbcd745c3269,4201773444,B,training,Cond2,456,False,368,False,482371797.333,482371861.0,65,1,False,482371797.333,482371861.0,65,1,False,482371797.333,482371861.0,65,1
a8269bf0b178851e75cd,4203773450,A,training,Cond1,456,False,349,False,482283615.0,482283684.0,70,1,False,482283616.0,482283684.0,69,1,False,482283616.0,482283684.0,69,1
b2f60a2f1c89a25b3c46,4203773450,B,training,Cond2,456,False,355,False,482322082.333,482322149.0,68,1,False,482322083.333,482322149.0,67,1,False,482322083.333,482322149.0,67,1
a792402a9f32fa3dfa0c,4203773632,A,training,Cond1,456,False,352,False,482294411.667,482294479.0,68,1,False,482294411.667,482294479.0,68,1,False,482294412.667,482294479.0,67,1
858fd9c1e58c59e2aa99,4203773636,B,training,Cond2,456,False,358,False,482329620.0,482329687.333,68,1,False,482329620.0,482329687.333,68,1,False,482329620.0,482329687.333,68,1
2bd265fc0dff6f16add9,4203773640,A,training,Cond1,456,False,353,False,482312995.667,482313059.667,65,1,False,482312995.667,482313059.667,65,1,False,482312997.0,482313059.667,64,1
b559b167ff6fcf9c747b,4203773652,A,training,Cond1,456,False,361,False,482347869.0,482347934.667,67,1,False,482347869.0,482347934.667,67,1,False,482347869.0,482347934.667,67,1
3fbd701ac01029c806ed,4203773652,B,training,Cond2,456,False,372,False,482383544.667,482383610.667,67,1,False,482383544.667,482383610.667,67,1,False,482383544.667,482383610.667,67,1
d37ad852ca1246d4f900,4203773680,B,training,Cond2,456,False,358,False,482329818.333,482329885.0,67,1,False,482329818.333,482329885.0,67,1,False,482329818.333,482329885.0,67,1
65c8cbb8d1c2aed707f1,4203773692,A,training,Cond1,456,False,352,False,482293832.0,482293896.667,66,1,False,482293832.0,482293896.667,66,1,False,482293832.0,482293896.667,66,1
369187d96b6d6aae1112,4207773458,A,training,Cond1,456,False,409,False,482643579.667,482643646.0,67,1,False,482643579.667,482643646.0,67,1,False,482643579.667,482643646.0,67,1
20800c07e1802ae72dc1,4207773470,A,training,Cond1,456,False,398,False,482548847.667,482548910.0,56,1,False,482548847.667,482548910.0,56,1,False,482548847.667,482548910.0,56,1
9bc18f533a9ebd0bbf4d,4207773656,A,training,Cond1,456,False,398,False,482549820.667,482549886.667,67,1,False,482549820.667,482549886.667,67,1,False,482549820.667,482549886.667,67,1
7f450f67115e2887dc83,4207773660,A,training,Cond1,456,False,399,False,482552597.667,482552664.667,68,1,False,482552597.667,482552664.667,68,1,False,482552597.667,482552664.667,68,1
41d50a7c83d1bf7c4b96,4207773668,A,training,Cond1,456,False,398,False,482549626.667,482549692.667,67,1,False,482549626.667,482549692.667,67,1,False,482549626.667,482549692.667,67,1
d3a31746ae8129f1542b,4207773688,A,training,Cond1,456,False,395,False,482528564.667,482528629.333,67,1,False,482528564.667,482528629.333,67,1,False,482528564.667,482528629.333,67,1
f655dc637452f9c5a852,4207773688,B,training,Cond2,456,False,400,False,482556061.667,482556127.667,67,1,False,482556061.667,482556127.667,67,1,False,482556061.667,482556127.667,67,1
7936d91f10be14d89df3,4209773402,B,training,Cond2,456,False,396,False,482537668.333,482537733.333,66,1,False,482537668.333,482537733.333,66,1,False,482537668.333,482537733.333,66,1
a6ea3a5b7e17f4452ed0,4209773406,B,training,Cond2,456,False,396,False,482537266.0,482537333.0,68,1,False,482537266.0,482537333.0,68,1,False,482537266.0,482537333.0,68,1
c16f510cd0b9917a064d,4209773410,A,training,Cond1,456,False,385,False,482464174.667,482464241.667,68,1,False,482464175.667,482464241.667,67,1,False,482464175.667,482464241.667,67,1
e5f7c074bc8b691adb71,4209773414,B,training,Cond2,456,False,392,False,482506813.0,482506879.0,67,1,False,482506813.0,482506879.0,67,1,False,482506813.0,482506879.0,67,1
8fba40e04df205844e0d,4209773418,A,training,Cond1,456,False,386,False,482466088.333,482466155.333,68,1,False,482466088.333,482466155.333,68,1,False,482466088.333,482466155.333,68,1
09571d7d8d8e5b437671,4209773422,B,training,Cond2,456,False,390,False,482496141.0,482496207.0,67,1,False,482496141.0,482496207.0,67,1,False,482496141.0,482496207.0,67,1
5ef14b1da775fc049f0c,4209773426,B,training,Cond2,456,False,390,False,482495546.0,482495613.667,69,1,False,482495546.0,482495613.667,69,1,False,482495546.0,482495613.667,69,1
13828610693c8a37ce11,4209773430,B,training,Cond2,456,False,393,False,482517097.0,482517162.667,67,1,False,482517097.0,482517162.667,67,1,False,482517097.0,482517162.667,67,1
05732127d7190631e59a,4209773434,A,training,Cond1,456,False,385,False,482463795.0,482463853.667,60,1,False,482463795.0,482463853.667,60,1,False,482463795.0,482463853.667,60,1
abffe847c1f313a19400,4209773456,B,training,Cond2,456,False,392,False,482506212.333,482506279.0,68,1,False,482506212.333,482506279.0,68,1,False,482506212.333,482506279.0,68,1
f8289eca219f6b11271f,4209773460,B,training,Cond2,456,False,390,False,482497563.667,482497631.0,68,1,False,482497563.667,482497631.0,68,1,False,482497565.0,482497631.0,67,1
da8b01c86c0ade218de0,4211773444,A,training,Cond1,456,False,385,True,482461924.667,482462107.667,184,1,True,482461924.667,482462107.667,184,1,True,482461924.667,482462107.667,184,1
7acb6b5e9f17b5a5a95a,4211773448,A,training,Cond1,456,False,387,False,482470195.0,482470262.0,68,1,False,482470195.0,482470262.0,68,1,False,482470195.0,482470262.0,68,1
30b46c8c8ccffa02744a,4211773456,A,training,Cond1,456,False,380,False,482428186.667,482428252.333,67,1,False,482428186.667,482428252.333,67,1,False,482428186.667,482428252.333,67,1
5558f8c408a22a0de551,4211773464,A,training,Cond1,456,False,386,False,482466470.333,482466536.333,67,1,False,482466470.333,482466536.333,67,1,False,482466470.333,482466536.333,67,1
33ddda741481f4a512fa,4211773472,B,training,Cond2,456,False,390,False,482496338.0,482496402.0,66,1,False,482496338.0,482496402.0,66,1,False,482496338.0,482496402.0,66,1
e65808d60850316a24bb,4211773476,A,training,Cond1,456,False,386,False,482466280.0,482466345.0,68,1,False,482466280.0,482466345.0,68,1,False,482466280.0,482466345.0,68,1
ab13ff46fbfec52042e9,4211773476,B,training,Cond2,456,False,392,False,482506614.0,482506682.0,69,1,False,482506614.0,482506682.0,69,1,False,482506614.0,482506682.0,69,1
ad89a91f75666b7ca373,4211773480,B,training,Cond2,456,False,390,False,482495742.667,482495810.0,68,1,False,482495742.667,482495810.0,68,1,False,482495743.667,482495810.0,67,1
701d5ffd3f057f831ef3,4211773500,B,training,Cond2,456,False,390,False,482494481.667,482494547.333,67,1,False,482494481.667,482494547.333,67,1,False,482494481.667,482494547.333,67,1
bd590cf00302e4f428f0,4211773666,B,training,Cond2,456,False,390,False,482494880.333,482494946.333,67,1,False,482494880.333,482494946.333,67,1,False,482494881.333,482494946.333,66,1
f92006ade6363c745e2f,4211773670,A,training,Cond1,456,False,378,False,482421738.333,482421805.667,68,1,False,482421738.333,482421805.667,68,1,False,482421739.333,482421805.667,67,1
be6b92fa743d751d04f3,4211773678,B,training,Cond2,456,False,385,False,482461756.0,482461789.0,45,1,False,482461756.333,482461789.0,44,1,False,482461756.333,482461789.0,44,1
89e19de8a44a00008985,4211773694,A,training,Cond1,456,False,387,False,482470383.0,482470450.0,68,1,False,482470383.0,482470450.0,68,1,False,482470383.0,482470450.0,68,1
524e1839f474ed890f47,4213773664,A,training,Cond1,456,False,365,False,482360713.667,482360778.0,75,1,False,482360713.667,482360778.0,75,1,False,482360713.667,482360778.0,75,1
663819767f329d52aa05,4213773668,A,training,Cond1,456,False,375,False,482410911.0,482410977.0,67,1,False,482410911.0,482410977.0,67,1,False,482410911.0,482410977.0,67,1
06dea63d62112b1f2fb1,4213773698,A,training,Cond1,456,False,375,False,482410722.667,482410790.0,68,1,False,482410722.667,482410790.0,68,1,False,482410722.667,482410790.0,68,1
f61cbf2fe49588fabab1,4213773698,B,training,Cond2,456,False,383,False,482454739.667,482454807.333,69,1,False,482454740.333,482454807.333,68,1,False,482454740.333,482454807.333,68,1
79544a9ba6b80ccc3cc4,4213773706,B,training,Cond2,456,False,383,False,482453590.667,482453658.667,69,1,False,482453591.667,482453658.667,68,1,False,482453591.667,482453658.667,68,1
675a9ef8a9e21e23b9bc,4213773710,A,training,Cond1,456,False,369,False,482377076.0,482377139.0,75,1,False,482377076.0,482377139.0,75,1,False,482377076.0,482377139.0,75,1
40d95cc39c24ca2d0c68,4213773710,B,training,Cond2,456,False,380,False,482427345.333,482427410.667,66,1,False,482427345.333,482427410.667,66,1,False,482427345.333,482427410.667,66,1
a1c4f003f5a6897bce34,4213773714,A,training,Cond1,456,False,375,False,482411098.0,482411164.0,67,1,False,482411098.0,482411164.0,67,1,False,482411098.0,482411164.0,67,1
14169af98dbc945f079f,4213773714,B,training,Cond2,456,False,383,False,482454543.333,482454616.667,74,1,False,482454543.333,482454616.667,74,1,False,482454543.333,482454616.667,74,1
6b0b695b7eae1364d358,4213773718,A,training,Cond1,456,False,369,False,482376877.0,482376943.0,67,1,False,482376877.0,482376943.0,67,1,False,482376877.0,482376943.0,67,1
6c4b32ef917cf84040e5,4213773722,A,training,Cond1,456,False,375,False,482411285.0,482411351.667,68,1,False,482411286.0,482411351.667,67,1,False,482411286.0,482411351.667,67,1
7e6a2ed42b71457b5991,4213773726,B,training,Cond2,456,False,383,False,482453786.667,482453851.667,66,1,False,482453786.667,482453851.667,66,1,False,482453786.667,482453851.667,66,1
fbd06bf465befe638ac5,4213773730,B,training,Cond2,456,False,380,False,482427543.667,482427610.667,68,1,False,482427543.667,482427610.667,68,1,False,482427544.667,482427610.667,67,1
b634cb3fbaadf7ab51ed,4213773734,A,training,Cond1,456,False,374,False,482408857.667,482408920.0,63,1,False,482408857.667,482408919.0,62,1,False,482408857.667,482408919.0,62,1
3f1baaaacef8b469d64f,4213773734,B,training,Cond2,456,False,384,False,482456211.0,482456277.667,68,1,False,482456211.0,482456277.667,68,1,False,482456211.0,482456277.667,68,1
b46d7568619ad4418739,4213773738,A,training,Cond1,456,False,374,False,482408999.0,482409066.667,69,1,False,482408999.667,482409066.667,68,1,False,482408999.667,482409066.667,68,1
4d044ae9db7d0ff5c5e7,4213773746,A,training,Cond1,456,False,377,False,482415509.0,482415575.0,67,1,False,482415509.0,482415575.0,67,1,False,482415509.0,482415575.0,67,1
2fdd70803e22d44657ed,4215773456,B,training,Cond2,456,False,467,False,483163460.333,483163533.0,76,1,False,483163460.333,483163533.0,76,1,False,483163460.333,483163533.0,76,1
c9d7ae1986a7d957978f,4215773500,B,training,Cond2,456,False,468,False,483185580.667,483185647.333,70,1,False,483185580.667,483185647.333,70,1,False,483185580.667,483185647.333,70,1
0783fc117a9bd1998402,4215773674,B,training,Cond2,456,False,443,False,482838749.333,482838816.333,69,1,False,482838749.333,482838816.333,69,1,False,482838749.667,482838816.333,68,1
aa23d8aa8b6e383749ff,4217773676,B,training,Cond2,456,False,431,False,482762657.0,482762724.0,68,1,False,482762657.0,482762724.0,68,1,False,482762657.0,482762724.0,68,1
6683ca9298f00ce67485,4217773684,A,training,Cond1,456,False,427,False,482729641.667,482729709.333,70,1,False,482729641.667,482729709.333,70,1,False,482729641.667,482729709.333,70,1
a6df3865bce97211f7d4,4217773688,A,training,Cond1,456,False,427,False,482730036.333,482730104.0,68,1,False,482730036.333,482730104.0,68,1,False,482730037.333,482730104.0,67,1
ef2cb84afc838328033e,4217773702,B,training,Cond2,456,False,451,False,482969050.333,482969115.0,66,1,False,482969050.333,482969115.0,66,1,False,482969050.333,482969115.0,66,1
8f3aee2ad454769d77af,4217773706,B,training,Cond2,456,False,439,False,482802982.0,482803046.0,59,1,False,482802982.0,482803046.0,59,1,False,482802982.0,482803046.0,59,1
5c8dbcc357ad3424b3de,4217773742,B,training,Cond2,456,False,442,False,482816755.667,482816820.0,66,1,False,482816755.667,482816820.0,66,1,False,482816756.0,482816820.0,65,1
835c954a05733f484d8b,4217773754,B,training,Cond2,456,False,442,False,482816962.0,482817028.333,67,1,False,482816962.0,482817028.333,67,1,False,482816962.0,482817028.333,67,1
2573becf1145706ae46c,4219773440,A,training,Cond1,456,False,419,False,482690331.0,482690398.0,68,1,False,482690331.0,482690398.0,68,1,False,482690331.0,482690398.0,68,1
331968bdc2eaf190f687,4219773444,A,training,Cond1,456,False,427,False,482730230.333,482730295.0,66,1,False,482730230.333,482730295.0,66,1,False,482730230.333,482730295.0,66,1
8d8f896ebe43c0240444,4219773448,A,training,Cond1,456,False,422,False,482702822.333,482702887.333,66,1,False,482702822.333,482702887.333,66,1,False,482702822.333,482702887.333,66,1
152aef14e7cdb164a892,4219773448,B,training,Cond2,456,False,431,False,482762864.0,482762929.0,66,1,False,482762864.0,482762929.0,66,1,False,482762864.0,482762929.0,66,1
28965af9a320d41be0bc,4219773452,A,training,Cond1,456,False,419,False,482689744.0,482689811.0,68,1,False,482689744.0,482689811.0,68,1,False,482689744.0,482689811.0,68,1
9dfc288fc83f207d8179,4219773488,B,training,Cond2,456,False,433,False,482771863.667,482771930.667,68,1,False,482771863.667,482771930.667,68,1,False,482771863.667,482771930.667,68,1
7c77a691c466610620c5,4219773492,A,training,Cond1,456,False,426,False,482726936.667,482727000.667,65,1,False,482726936.667,482727000.667,65,1,False,482726936.667,482727000.667,65,1
a1a3540361916809d36a,4219773492,B,training,Cond2,456,False,435,False,482776064.0,482776130.0,67,1,False,482776064.0,482776130.0,67,1,False,482776064.0,482776130.0,67,1
f56439fa66304647b64e,4219773496,A,training,Cond1,456,False,426,False,482726742.0,482726777.0,36,1,False,482726742.0,482726777.0,36,1,False,482726742.0,482726777.0,36,1
62f7ac5fb8a82e835932,4219773500,B,training,Cond2,456,False,432,False,482770849.667,482770914.667,66,1,False,482770849.667,482770914.667,66,1,False,482770849.667,482770914.667,66,1
ecfa7e532de1aa72f48b,4219773682,B,training,Cond2,456,False,423,False,482706126.333,482706191.333,66,1,False,482706126.333,482706191.333,66,1,False,482706126.333,482706191.333,66,1
c279782e98540050bf23,4219773694,A,training,Cond1,456,False,406,False,482631840.667,482631876.667,37,1,False,482631840.667,482631876.667,37,1,False,482631840.667,482631876.667,37,1
a115d5458653bf54403e,4221773640,A,training,Cond1,456,False,399,False,482552403.333,482552471.667,69,1,False,482552404.333,482552471.667,68,1,False,482552404.333,482552471.667,68,1
218d674e18b0f9d282d8,4221773702,A,training,Cond1,456,False,423,False,482705542.333,482705610.333,69,1,False,482705542.333,482705610.333,69,1,False,482705542.333,482705610.333,69,1
a80492c7189ca776443b,4221773722,A,training,Cond1,456,False,422,False,482703021.333,482703087.333,67,1,False,482703021.333,482703087.333,67,1,False,482703021.333,482703087.333,67,1
522e8feeee059f3ebba7,4221773730,B,training,Cond2,456,False,413,False,482657212.333,482657278.0,59,1,False,482657212.333,482657278.0,59,1,False,482657212.333,482657278.0,59,1
bd730a0d65823f56b11a,4221773746,B,training,Cond2,456,False,416,False,482676381.333,482676446.333,60,1,False,482676381.333,482676446.333,60,1,False,482676381.333,482676446.333,60,1
32c432133fecc90ceee0,4221773754,B,training,Cond2,456,False,413,False,482657412.333,482657481.333,75,1,False,482657412.333,482657481.333,75,1,False,482657412.333,482657481.333,75,1
d5df67c39295e6b33d37,4223773444,A,training,Cond1,456,False,515,False,483783267.333,483783333.333,67,1,False,483783267.333,483783333.333,67,1,False,483783268.333,483783333.333,66,1
60acecec229c557b43da,4223773448,A,training,Cond1,456,False,517,False,483791340.0,483791406.0,67,1,False,483791340.0,483791406.0,67,1,False,483791340.0,483791406.0,67,1
f5d80118c51d41c216b4,4223773452,A,training,Cond1,456,False,569,False,484172498.333,484172563.667,66,1,False,484172498.333,484172563.667,66,1,False,484172498.333,484172563.667,66,1
62ad76e41df98f70c93c,4223773452,B,training,Cond2,456,False,574,False,484214835.333,484214902.0,68,1,False,484214835.333,484214902.0,68,1,False,484214835.333,484214902.0,68,1
cfab45ebc665c56b60ac,4223773476,A,training,Cond1,456,False,517,False,483791541.0,483791606.333,66,1,False,483791541.0,483791606.333,66,1,False,483791542.333,483791606.333,65,1
b13ac4ea6576c80cbbf7,4223773476,B,training,Cond2,456,False,525,False,483846304.0,483846371.333,68,1,False,483846305.0,483846371.333,67,1,False,483846305.0,483846371.333,67,1
1a97382f78c1b0eeb39d,4223773480,A,training,Cond1,456,False,514,False,483780357.0,483780463.667,65,1,False,483780357.0,483780463.667,65,1,False,483780357.0,483780463.667,65,1
42d9fc890a31488584f8,4223773484,A,training,Cond1,456,False,515,False,483783066.333,483783129.333,64,1,False,483783067.333,483783129.333,63,1,False,483783067.333,483783129.333,63,1
4b3622234087f64f666d,4223773488,B,training,Cond2,456,False,525,False,483846737.333,483846803.333,67,1,False,483846737.333,483846803.333,67,1,False,483846737.333,483846803.333,67,1
bc3da393947d1d9b3a2e,4223773496,B,training,Cond2,456,False,521,False,483827054.0,483827119.0,66,1,False,483827054.0,483827119.0,66,1,False,483827054.0,483827119.0,66,1
ac0b0c81d467e908f262,4223773638,B,training,Cond2,456,False,513,False,483772945.667,483772978.667,32,1,False,483772945.667,483772978.667,32,1,False,483772945.667,483772978.667,32,1
71d3d3c182172cbc3634,4225773644,A,training,Cond1,456,False,493,False,483433734.333,483433766.0,30,1,False,483433734.333,483433766.0,30,1,False,483433734.333,483433766.0,30,1
93d2ec79701cd1558620,4225773652,A,training,Cond1,456,False,500,False,483501023.667,483501089.667,67,1,False,483501023.667,483501089.667,67,1,False,483501023.667,483501089.667,67,1
f2c9362bff2fc061dcb0,4225773698,B,training,Cond2,456,False,507,False,483630769.0,483630833.333,65,1,False,483630769.0,483630833.333,65,1,False,483630769.0,483630833.333,65,1
ef6b8c96f2ed0678b801,4225773702,A,training,Cond1,456,False,498,False,483481221.667,483481256.0,35,1,False,483481221.667,483481256.0,35,1,False,483481267.667,483481301.667,35,1
a9d029bbd0017027ee48,4225773702,B,training,Cond2,456,False,507,False,483630362.0,483630428.0,67,1,False,483630362.0,483630428.0,67,1,False,483630362.0,483630428.0,67,1
385c7b7a30aaea2485cc,4225773710,B,training,Cond2,456,False,522,False,483830859.333,483830926.667,67,1,False,483830859.333,483830926.667,67,1,False,483830859.333,483830926.667,67,1
0958feb27d536fdaa0c4,4225773730,A,training,Cond1,456,False,498,False,483481883.333,483481948.667,69,1,False,483481883.333,483481948.667,69,1,False,483481883.333,483481948.667,69,1
abfc8127f8d93386b57d,4225773738,A,training,Cond1,456,False,497,False,483479373.0,483479436.333,67,1,False,483479373.0,483479436.333,67,1,False,483479373.0,483479436.333,67,1
e266fdfa3f8ef8391a62,4225773746,A,training,Cond1,456,False,500,False,483500631.667,483500699.667,69,1,False,483500631.667,483500699.667,69,1,False,483500632.667,483500699.667,68,1
68241b0b167db4d4da3c,4225773750,A,training,Cond1,456,False,500,False,483500830.667,483500895.0,70,1,False,483500830.667,483500895.0,70,1,False,483500830.667,483500895.0,70,1
c4e0deec9d52c595cf6f,4225773750,B,training,Cond2,456,False,506,False,483610572.667,483610639.0,67,1,False,483610572.667,483610639.0,67,1,False,483610572.667,483610639.0,67,1
44f6afd9cfb931b82a8a,4227773484,A,training,Cond1,456,False,489,False,483408577.667,483408644.0,66,1,False,483408578.667,483408644.0,65,1,False,483408578.667,483408644.0,65,1
c4bc2de7cbe95466f059,4227773488,B,training,Cond2,456,False,493,False,483434446.333,483434513.333,68,1,False,483434446.333,483434513.333,68,1,False,483434446.333,483434513.333,68,1
5c064148fab92d344748,4227773492,A,training,Cond1,456,False,493,False,483433900.333,483433967.333,68,1,False,483433901.333,483433967.333,67,1,False,483433901.333,483433967.333,67,1
dc9bf793c350d300314e,4227773500,A,training,Cond1,456,False,489,False,483408377.333,483408442.0,68,1,False,483408377.333,483408442.0,68,1,False,483408377.333,483408442.0,68,1
d3a372c400c8ee905193,4227773500,B,training,Cond2,456,False,495,False,483449342.667,483449407.667,66,1,False,483449342.667,483449407.667,66,1,False,483449342.667,483449407.667,66,1
f5479a88bb74de5d1889,4227773654,B,training,Cond2,456,False,500,False,483501219.333,483501284.667,68,1,False,483501219.333,483501284.667,68,1,False,483501219.333,483501284.667,68,1
f3708373f1592353fed9,4227773658,B,training,Cond2,456,False,492,False,483423374.0,483423440.0,67,1,False,483423374.0,483423440.0,67,1,False,483423374.0,483423440.0,67,1
2ed601f8363344287667,4227773662,B,training,Cond2,456,False,491,False,483418713.0,483418779.0,67,1,False,483418713.0,483418779.0,67,1,False,483418713.0,483418779.0,67,1
05e352c7aee30e0a91c1,4229773632,B,training,Cond2,456,False,483,False,483286127.667,483286192.667,66,1,False,483286127.667,483286192.667,66,1,False,483286127.667,483286192.667,66,1
453ab257557a3b1e6f91,4229773652,A,training,Cond1,456,False,467,False,483161392.667,483161459.0,67,1,False,483161392.667,483161459.0,67,1,False,483161392.667,483161459.0,67,1
da119b0997220e516e38,4229773652,B,training,Cond2,456,False,471,False,483201534.333,483201600.333,67,1,False,483201534.333,483201600.333,67,1,False,483201534.333,483201600.333,67,1
2c6024ef3dd4f9d610bb,4229773698,A,training,Cond1,456,False,486,False,483384499.667,483384522.667,24,1,False,483384499.667,483384522.667,24,1,False,483384499.667,483384522.667,24,1
0c29fb793554617c1a8e,4229773718,A,training,Cond1,456,False,478,False,483259340.0,483259406.0,67,1,False,483259340.0,483259406.0,67,1,False,483259340.0,483259406.0,67,1
443d250ea3f75ec39f7f,4229773722,A,training,Cond1,456,False,486,False,483384882.0,483384946.667,66,1,False,483384882.0,483384946.667,66,1,False,483384882.0,483384946.667,66,1
22a4b8985d7779eb27d1,4229773722,B,training,Cond2,456,False,491,False,483418918.0,483418984.0,66,1,False,483418918.0,483418984.0,66,1,False,483418918.667,483418984.0,65,1
305696561e25592509d9,4229773726,B,training,Cond2,456,False,505,False,483607623.333,483607687.667,71,1,False,483607623.333,483607687.667,71,1,False,483607623.333,483607687.667,71,1
1dca7527b4e57c0f235c,4229773730,B,training,Cond2,456,False,483,False,483286335.667,483286401.667,67,1,False,483286335.667,483286401.667,67,1,False,483286335.667,483286401.667,67,1
629e72e14a4a7951e7b2,4229773746,A,training,Cond1,456,False,475,False,483242313.0,483242380.667,69,1,False,483242313.0,483242380.667,69,1,False,483242313.0,483242380.667,69,1
e6aa46452be5290f2ee7,4229773746,B,training,Cond2,456,False,480,False,483274416.0,483274482.667,68,1,False,483274416.0,483274482.667,68,1,False,483274416.0,483274482.667,68,1
84401df588888d7bc7e7,4229773758,B,training,Cond2,456,False,484,False,483312292.333,483312356.667,68,1,False,483312292.333,483312356.667,68,1,False,483312292.333,483312356.667,68,1
f6adb18289bfa8d6e03d,-4230160606,B,validation,Cond2,456,False,334,False,482132652.667,482132722.667,71,1,False,482132652.667,482132722.667,71,1,False,482132652.667,482132722.667,71,1
02e436eb18826107a8a1,-4230160594,A,validation,Cond1,456,False,301,False,481813647.333,481813713.333,67,1,False,481813647.333,481813713.333,67,1,False,481813648.333,481813713.333,66,1
828c5c6d5d8c61cb58e1,-4230160432,A,validation,Cond1,456,False,365,False,482360904.333,482360970.0,67,1,False,482360904.333,482360970.0,67,1,False,482360904.333,482360970.0,67,1
d7ab3019b08390a6cfca,-4230160404,A,validation,Cond1,456,False,358,False,482331552.333,482331620.333,69,1,False,482331552.333,482331620.333,69,1,False,482331552.333,482331620.333,69,1
907edd6bb2a530b4371e,-4230160404,B,validation,Cond2,456,False,367,False,482369096.0,482369171.667,77,1,False,482369096.0,482369171.667,77,1,False,482369096.0,482369171.667,77,1
e43846f3cc235cde6504,-4228160698,A,validation,Cond1,456,False,310,False,481905895.333,481905962.667,68,1,False,481905896.667,481905962.667,67,1,False,481905896.667,481905962.667,67,1
d11f8b621634b39d02a1,-4228160694,A,validation,Cond1,456,False,296,False,481799958.333,481800024.333,67,1,False,481799958.333,481800024.333,67,1,False,481799959.333,481800024.333,66,1
6e95618ca6713de474ae,-4228160608,A,validation,Cond1,456,False,289,False,481750731.333,481750749.333,19,1,False,481750731.333,481750749.333,19,1,False,481750731.333,481750749.333,19,1
ba895590c5a78614f6a7,-4226160408,A,validation,Cond1,456,False,285,False,481732375.0,481732443.0,69,1,False,481732375.0,481732443.0,69,1,False,481732375.0,481732443.0,69,1
53eaf315e45adf6673c7,-4224160702,A,validation,Cond1,456,False,268,False,481655407.667,481655471.333,59,1,False,481655407.667,481655471.333,59,1,False,481655407.667,481655471.333,59,1
0f2389aeacbed3fd27d0,-4224160686,B,validation,Cond2,456,False,277,False,481697419.333,481697485.333,67,1,False,481697419.333,481697485.333,67,1,False,481697419.333,481697485.333,67,1
c7f662c7c936793211ac,-4224160654,B,validation,Cond2,456,False,291,False,481767781.0,481767848.0,68,1,False,481767781.0,481767848.0,68,1,False,481767781.0,481767848.0,68,1
7f13d3d324bd319b21a9,-4224160646,B,validation,Cond2,456,False,286,False,481736192.333,481736230.333,39,1,False,481736193.667,481736230.333,38,1,False,481736193.667,481736230.333,38,1
0262aad6c4f544577e9c,-4222160420,B,validation,Cond2,456,False,343,False,482191331.0,482191401.0,72,1,False,482191331.333,482191401.0,71,1,False,482191332.333,482191401.0,70,1
29630c13e9d79659d087,-4220160592,B,validation,Cond2,456,False,336,False,482141386.667,482141462.667,77,1,False,482141386.667,482141462.667,77,1,False,482141386.667,482141462.667,77,1
c70ea23d535b980e7fa1,-4220160588,B,validation,Cond2,456,False,336,False,482141598.667,482141667.667,70,1,False,482141598.667,482141667.667,70,1,False,482141598.667,482141667.667,70,1
a746eb4532a8496fa3fc,-4220160584,A,validation,Cond1,456,False,338,False,482154492.667,482154562.0,70,1,False,482154494.0,482154562.0,69,1,False,482154494.0,482154562.0,69,1
89e49c9c38aeafb547bb,-4216160666,B,validation,Cond2,456,False,318,False,481944031.333,481944096.333,66,1,False,481944031.333,481944096.333,66,1,False,481944033.0,481944096.333,65,1
d8813bb6461346f138c5,-4216160662,B,validation,Cond2,456,False,324,False,481986923.0,481986991.0,69,1,False,481986923.0,481986991.0,69,1,False,481986923.0,481986991.0,69,1
4dabe82281322dd9ae8d,-4216160654,A,validation,Cond1,456,False,320,False,481952667.667,481952699.0,32,1,False,481952667.667,481952699.0,32,1,False,481952667.667,481952699.0,32,1
92bdd2e8a69face6d0b7,-4216160646,A,validation,Cond1,456,False,316,False,481937098.0,481937127.333,30,1,False,481937098.0,481937127.333,30,1,False,481937098.0,481937127.333,30,1
8b63ee00a3ba96590b65,-4141512128,B,validation,Cond2,456,False,378,False,482422323.333,482422389.333,67,1,False,482422323.333,482422389.333,67,1,False,482422323.333,482422389.333,67,1
e2982b1b4c3f002e6329,-4141512100,A,validation,Cond1,456,False,369,False,482378235.0,482378301.0,67,1,False,482378235.0,482378301.0,67,1,False,482378235.0,482378301.0,67,1
7f6a8a463044f8bedd3d,-4113511822,A,validation,Cond1,456,False,268,False,481655604.667,481655672.333,69,1,False,481655604.667,481655672.333,69,1,False,481655604.667,481655672.333,69,1
43e629248987f68e519e,-4113511804,A,validation,Cond1,456,False,275,False,481680454.0,481680522.0,69,1,False,481680454.0,481680522.0,69,1,False,481680454.0,481680522.0,69,1
a83de54d465f5cb81ccb,-4113511800,A,validation,Cond1,456,False,277,False,481696644.667,481696667.667,24,1,False,481696644.667,481696667.667,24,1,False,481696644.667,481696667.667,24,1
bbab8b2708d9ab5a6aee,-4113511784,A,validation,Cond1,456,False,273,False,481673547.667,481673620.333,74,1,False,481673547.667,481673620.333,74,1,False,481673548.667,481673620.333,73,1
2b4a29e6a9f1acebd6f1,-4113511764,A,validation,Cond1,456,False,276,False,481694570.333,481694627.333,58,1,False,481694570.333,481694627.333,58,1,False,481694570.333,481694627.333,58,1
802f16589942a04dafa8,-4113511760,B,validation,Cond2,456,False,285,False,481733473.0,481733539.667,68,1,False,481733473.0,481733539.667,68,1,False,481733473.0,481733539.667,68,1
c188a41b25b300b96a7a,-4111512054,A,validation,Cond1,456,False,369,False,482376204.667,482376271.0,71,1,False,482376204.667,482376271.0,71,1,False,482376204.667,482376271.0,71,1
0c2a9a5204a36526421a,-4045511860,A,validation,Cond1,456,False,648,False,484875516.0,484875585.333,71,1,False,484875516.0,484875585.333,71,1,False,484875516.0,484875585.333,71,1
aad8247e4605a919c1f5,-4045511832,A,validation,Cond1,456,False,639,False,484816128.667,484816194.333,67,1,False,484816128.667,484816194.333,67,1,False,484816128.667,484816194.333,67,1
da9391e19520cc1fad36,-4045511828,B,validation,Cond2,456,False,665,False,484936248.667,484936318.667,71,1,False,484936248.667,484936318.667,71,1,False,484936248.667,484936318.667,71,1
9420a085cea3ab285dc0,-4043511780,A,validation,Cond1,456,False,638,False,484809864.333,484809930.333,67,1,False,484809864.333,484809930.333,67,1,False,484809864.333,484809930.333,67,1
536f130ec00fab4f3d2c,-4039511788,B,validation,Cond2,456,False,802,False,485803950.0,485804017.0,68,1,False,485803951.0,485804017.0,67,1,False,485803951.0,485804017.0,67,1
a66d78e43ba3b6529ffb,-4037511816,B,validation,Cond2,456,False,699,False,485167010.0,485167077.0,67,1,False,485167010.0,485167077.0,67,1,False,485167010.0,485167077.0,67,1
e9cd4c7d0abe2a473fda,-4035511610,B,validation,Cond2,456,False,719,False,485292765.333,485292834.333,70,1,False,485292765.333,485292834.333,70,1,False,485292765.333,485292834.333,70,1
0babdb761f4b2d9d3bc5,-4033511554,B,validation,Cond2,456,False,736,False,485387516.667,485387587.0,71,1,False,485387516.667,485387587.0,71,1,False,485387516.667,485387587.0,71,1
64e74184f90135c6bfea,-4033511524,B,validation,Cond2,456,False,751,False,485488409.0,485488476.0,68,1,False,485488409.0,485488476.0,68,1,False,485488409.0,485488476.0,68,1
a5473f8af252e2caeb21,-4027511572,A,validation,Cond1,456,False,438,False,482798709.333,482798772.667,69,1,False,482798709.333,482798772.667,69,1,False,482798709.333,482798772.667,69,1
8fe8f81adbe918ae385b,-4025511562,B,validation,Cond2,456,False,462,False,483094928.667,483094994.667,69,1,False,483094928.667,483094994.667,69,1,False,483094929.0,483094994.667,68,1
994126d735567722e3a8,-4025511558,B,validation,Cond2,456,False,463,False,483103035.333,483103101.333,67,1,False,483103035.333,483103101.333,67,1,False,483103035.333,483103101.333,67,1
a44fc31948d2e2d835b2,-4025511554,B,validation,Cond2,456,False,461,False,483090259.333,483090327.333,69,1,False,483090259.333,483090327.333,69,1,False,483090259.333,483090327.333,69,1
8855d674c5b6858c6318,-4025511492,A,validation,Cond1,456,False,472,False,483213046.0,483213114.0,69,1,False,483213047.333,483213114.0,68,1,False,483213047.333,483213114.0,68,1
aaae3316802bb0e985ef,-4023511754,B,validation,Cond2,456,False,482,False,483282603.667,483282669.667,67,1,False,483282603.667,483282669.667,67,1,False,483282603.667,483282669.667,67,1
6638a17cc405df12960e,-4019511786,A,validation,Cond1,456,False,534,True,483938122.0,483938906.667,784,1,True,483938122.0,483938906.667,784,1,True,483938122.0,483938906.667,784,1
a4f3938550d07e6b6bd4,-3784722778,A,validation,Cond1,456,False,402,False,482592660.0,482592727.0,68,1,False,482592660.0,482592727.0,68,1,False,482592660.0,482592727.0,68,1
a1e24698a454e9130e15,-3780722746,B,validation,Cond2,456,False,953,False,486872000.333,486872069.0,68,1,False,486872000.333,486872069.0,68,1,False,486872000.333,486872069.0,68,1
6fea2ad58175b6cfd403,-2701400556,A,validation,Cond1,456,False,405,False,482621249.0,482621316.0,68,1,False,482621249.0,482621316.0,68,1,False,482621249.0,482621316.0,68,1
0129d2eb11ab1b2e5856,-2697400572,B,validation,Cond2,456,False,266,False,481638230.333,481638296.333,67,1,False,481638230.333,481638296.333,67,1,False,481638230.333,481638296.333,67,1
babbe8dd2e16a36567ca,-2697400556,B,validation,Cond2,456,False,268,False,481657182.667,481657249.667,68,1,False,481657182.667,481657249.667,68,1,False,481657182.667,481657249.667,68,1
5bb885b9f74a9308eb4a,-2697400354,B,validation,Cond2,456,False,268,False,481656011.667,481656080.667,70,1,False,481656011.667,481656080.667,70,1,False,481656011.667,481656080.667,70,1
5e2cd51318771fb8e12a,-2579249780,A,validation,Cond1,456,False,330,False,482122375.333,482122444.333,70,1,False,482122375.333,482122444.333,70,1,False,482122376.333,482122444.333,69,1
8249ff20fcd08f77241f,-2569250018,A,validation,Cond1,456,False,755,False,485511743.333,485511809.333,67,1,False,485511743.333,485511809.333,67,1,False,485511743.333,485511809.333,67,1
505d1e50e241db2a59c7,-2565250038,B,validation,Cond2,456,False,440,False,482805079.0,482805146.333,68,1,False,482805079.0,482805146.333,68,1,False,482805079.0,482805146.333,68,1
fbe197aea1f068b2a304,-2565250034,A,validation,Cond1,456,False,420,False,482698805.667,482698872.333,68,1,False,482698805.667,482698872.333,68,1,False,482698805.667,482698872.333,68,1
9997feeaa1ef73777596,-2151929764,B,validation,Cond2,456,False,526,False,483861162.0,483861227.667,67,1,False,483861162.0,483861227.667,67,1,False,483861162.0,483861227.667,67,1
534259c723397a8caf3f,-2143929776,B,validation,Cond2,456,False,467,False,483162720.0,483162744.0,25,1,False,483162720.0,483162744.0,25,1,False,483162720.0,483162744.0,25,1
6dc3424dfb73edbc468b,-2143929752,A,validation,Cond1,456,False,455,False,483065502.0,483065569.0,68,1,False,483065502.0,483065569.0,68,1,False,483065502.0,483065569.0,68,1
06c305d1b62943d60095,-2143929706,A,validation,Cond1,456,False,454,False,483055390.667,483055460.0,71,1,False,483055391.333,483055460.0,70,1,False,483055391.333,483055460.0,70,1
2b04327a29d757ea64cf,-2143929698,B,validation,Cond2,456,False,461,False,483091092.333,483091157.333,68,1,False,483091092.667,483091157.333,67,1,False,483091092.667,483091157.333,67,1
19ee154edb10a2b6819a,-2139929768,A,validation,Cond1,456,False,505,False,483608009.667,483608077.667,69,1,False,483608011.0,483608077.667,68,1,False,483608011.0,483608077.667,68,1
720a8ee888328650177a,-2139929756,B,validation,Cond2,456,False,511,False,483737740.0,483737808.0,68,1,False,483737741.0,483737808.0,67,1,False,483737741.0,483737808.0,67,1
26e4b7dc239e7071279b,-2139929706,B,validation,Cond2,456,False,500,False,483500418.667,483500480.667,51,1,False,483500418.667,483500480.667,51,1,False,483500419.667,483500480.667,50,1
ae428e5c9107ba6ff91d,-2137929706,A,validation,Cond1,456,False,469,False,483193630.0,483193696.0,67,1,False,483193630.0,483193696.0,67,1,False,483193630.0,483193696.0,67,1
fb04bee46065ca73e235,-2137929500,A,validation,Cond1,456,False,465,False,483133286.333,483133351.0,66,1,False,483133286.333,483133351.0,66,1,False,483133286.333,483133351.0,66,1
2916179f75a3796da4ba,-2135929460,A,validation,Cond1,456,False,376,False,482413437.333,482413504.333,67,1,False,482413437.333,482413504.333,67,1,False,482413437.333,482413504.333,67,1
6758e51e89153b262410,-2135929456,B,validation,Cond2,456,False,383,False,482453980.667,482454048.333,67,1,False,482453981.667,482454048.333,66,1,False,482453981.667,482454048.333,66,1
eb26ebcfb5fae6e59c49,-2131929474,A,validation,Cond1,456,False,398,False,482549432.333,482549497.333,66,1,False,482549432.333,482549497.333,66,1,False,482549433.333,482549497.333,65,1
f8991abd09b1fdfa3d69,-2131929424,B,validation,Cond2,456,False,439,False,482803182.0,482803250.0,69,1,False,482803182.0,482803250.0,69,1,False,482803182.0,482803250.0,69,1
b004fe14fdaeae2c83b0,-2129929666,A,validation,Cond1,456,False,398,False,482549239.333,482549305.667,67,1,False,482549239.333,482549305.667,67,1,False,482549239.333,482549305.667,67,1
a22d1e56ab82e3536b9b,-2129929488,B,validation,Cond2,456,False,384,False,482456405.667,482456472.667,68,1,False,482456405.667,482456472.667,68,1,False,482456405.667,482456472.667,68,1
e4808c5e6d9542c893dd,-2129929484,B,validation,Cond2,456,False,389,False,482485903.667,482485969.0,67,1,False,482485903.667,482485969.0,67,1,False,482485903.667,482485969.0,67,1
4507b20bb310dae1f23d,-2129929480,A,validation,Cond1,456,False,382,False,482437749.667,482437816.667,67,1,False,482437749.667,482437816.667,67,1,False,482437749.667,482437816.667,67,1
f5b2a587d288d71c5e35,-2039929278,B,validation,Cond2,456,False,526,False,483861590.667,483861653.667,67,1,False,483861590.667,483861653.667,67,1,False,483861590.667,483861653.667,67,1
369cae0991b42cd5e6a3,-2039929184,A,validation,Cond1,456,False,534,False,483939855.667,483939924.667,70,1,False,483939855.667,483939924.667,70,1,False,483939855.667,483939924.667,70,1
ecff7508e343e495914e,-2033929426,A,validation,Cond1,456,False,585,False,484349842.333,484349912.333,71,1,False,484349843.333,484349912.333,70,1,False,484349843.333,484349912.333,70,1
5a046bf1c8071a5dec8a,-1720100420,B,validation,Cond2,456,False,615,False,484580533.0,484580602.667,71,1,False,484580533.0,484580602.667,71,1,False,484580533.0,484580602.667,71,1
cbfa9e1817c7bcd758eb,-1714100698,A,validation,Cond1,456,False,584,False,484345485.667,484345555.667,71,1,False,484345485.667,484345555.667,71,1,False,484345485.667,484345555.667,71,1
37908ee4b8dcf169a152,-1696100360,B,validation,Cond2,456,False,986,False,487065948.0,487066016.0,69,1,False,487065948.0,487066016.0,69,1,False,487065948.0,487066016.0,69,1
5c1b8b824ae9ba600302,-1193530876,A,validation,Cond3,123,False,65,False,482969198.0,482969361.667,163,1,False,482969198.0,482969361.667,163,1,False,482969198.0,482969361.667,163,1
4ae0acea358c42a9056d,-1183530564,A,validation,Cond3,123,False,64,False,482965362.333,482965517.667,159,1,False,482965362.333,482965517.667,159,1,False,482965362.333,482965517.667,159,1
1e3fd5ac2f2b0dbcdebe,-903170206,A,validation,Cond1,456,False,362,False,482350785.0,482350850.667,67,1,False,482350785.667,482350850.667,66,1,False,482350785.667,482350850.667,66,1
18fa3ca71ca5da5cc439,-903170194,B,validation,Cond2,456,False,369,False,482377652.0,482377718.333,67,1,False,482377652.0,482377718.333,67,1,False,482377652.0,482377718.333,67,1
d233bd9fae0d5d00f47c,-903170182,B,validation,Cond2,456,False,390,False,482497757.667,482497823.667,67,1,False,482497757.667,482497823.667,67,1,False,482497758.667,482497823.667,66,1
ab5977be44b14be347b6,-899170186,B,validation,Cond2,456,False,324,False,481986271.0,481986335.0,65,1,False,481986271.0,481986335.0,65,1,False,481986271.0,481986335.0,65,1
37bd4ace14c08990a90b,-899170168,A,validation,Cond1,456,False,320,False,481951996.0,481952062.667,68,1,False,481951996.0,481952062.667,68,1,False,481951996.0,481952062.667,68,1
42e6ea0210140bc76b72,-897170426,A,validation,Cond1,456,False,351,False,482292510.667,482292524.0,16,1,False,482292510.667,482292524.0,16,1,False,482292510.667,482292524.0,16,1
a8d22d4f76707691ab89,-897170410,A,validation,Cond1,456,False,348,False,482280263.333,482280328.0,66,1,False,482280263.333,482280328.0,66,1,False,482280263.333,482280328.0,66,1
78077204d4daf49c8b91,-897170402,A,validation,Cond1,456,False,352,False,482294216.667,482294284.667,69,1,False,482294216.667,482294284.667,69,1,False,482294216.667,482294284.667,69,1
5ecc3ce82801dcac57b8,-879170258,A,validation,Cond1,456,False,293,False,481777611.0,481777677.667,72,1,False,481777611.0,481777677.667,72,1,False,481777611.333,481777677.667,71,1
7aa89aebb773006f362f,-879170092,B,validation,Cond2,456,False,307,False,481870947.0,481871014.0,68,1,False,481870947.0,481871014.0,68,1,False,481870947.0,481871014.0,68,1
68b5295850302db92b11,-879170068,B,validation,Cond2,456,False,321,True,481957281.333,481957463.0,202,1,True,481957281.333,481957463.0,202,1,True,481957281.333,481957463.0,202,1
446bbd30f2fe62b994bb,-877170358,A,validation,Cond1,456,False,308,False,481893602.667,481893668.667,67,1,False,481893602.667,481893668.667,67,1,False,481893602.667,481893668.667,67,1
6499c18f61a0d2643d1c,-877170346,A,validation,Cond1,456,False,311,False,481911816.333,481911850.0,35,1,False,481911816.333,481911850.0,35,1,False,481911816.333,481911850.0,35,1
156af913d16fab3692d6,-877170342,A,validation,Cond1,456,False,314,False,481922534.0,481922609.0,76,1,False,481922535.333,481922609.0,75,1,False,481922535.333,481922609.0,75,1
fe7b9a4c29924993cbd4,-877170334,A,validation,Cond1,456,False,310,False,481906284.667,481906352.667,69,1,False,481906285.333,481906352.667,68,1,False,481906285.333,481906352.667,68,1
b0f5eac61b4eba1ed5c2,-877170334,B,validation,Cond2,456,False,318,False,481943631.333,481943698.0,68,1,False,481943631.333,481943698.0,68,1,False,481943632.333,481943698.0,67,1
f3f7d49ebe0da7b3a471,-877170330,B,validation,Cond2,456,False,323,False,481967059.333,481967125.333,69,1,False,481967059.333,481967125.333,69,1,False,481967059.667,481967125.333,68,1
1b9b48a958775a189740,-877170326,B,validation,Cond2,456,False,322,False,481965458.333,481965525.667,68,1,False,481965459.667,481965525.667,67,1,False,481965459.667,481965525.667,67,1
a654b953ed1796c42099,-877170252,A,validation,Cond1,456,False,310,False,481907260.333,481907327.333,68,1,False,481907260.333,481907327.333,68,1,False,481907260.333,481907327.333,68,1
d5b120fefe220d7d0e79,-875170112,A,validation,Cond1,456,False,268,False,481655204.333,481655252.333,49,1,False,481655204.333,481655252.333,49,1,False,481655204.333,481655252.333,49,1
4a91e288bfc11ebeeb16,-873170362,A,validation,Cond1,456,False,281,False,481709383.333,481709448.333,66,1,False,481709383.333,481709448.333,66,1,False,481709383.333,481709448.333,66,1
5895b9ac714fca1adb1c,-873170358,B,validation,Cond2,456,False,285,False,481734076.0,481734142.333,65,1,False,481734076.0,481734142.333,65,1,False,481734076.0,481734142.333,65,1
1055c747aa857138a7f8,-873170314,A,validation,Cond1,456,False,279,False,481704111.667,481704175.667,65,1,False,481704111.667,481704175.667,65,1,False,481704111.667,481704175.667,65,1
562f9ee692a8e126bf12,-873170310,B,validation,Cond2,456,False,290,False,481756328.667,481756395.333,68,1,False,481756329.333,481756395.333,67,1,False,481756329.333,481756395.333,67,1
0b15a9c04e42b69c6ba3,29494112,B,validation,Cond2,456,False,1001,False,487145504.667,487145570.667,67,1,False,487145504.667,487145570.667,67,1,False,487145504.667,487145570.667,67,1
427b39fb5855c16f4469,29494120,A,validation,Cond1,456,False,990,False,487104824.333,487104890.333,67,1,False,487104824.333,487104890.333,67,1,False,487104824.333,487104890.333,67,1
d83b60969a5a3c40323b,29494166,B,validation,Cond2,456,False,1004,False,487168167.0,487168237.0,71,1,False,487168167.667,487168237.0,70,1,False,487168167.667,487168237.0,70,1
011a7963fe00fadf077f,31494156,A,validation,Cond1,456,False,998,False,487136262.667,487136327.667,66,1,False,487136262.667,487136327.667,66,1,False,487136262.667,487136327.667,66,1
5cc569aa9cba72bc67ce,31494386,A,validation,Cond1,456,False,1008,True,487207867.333,487208032.333,166,1,True,487207867.333,487208032.333,166,1,True,487207867.333,487208032.333,166,1
56bce4d83bd926343204,33494112,A,validation,Cond1,456,False,1011,False,487215878.667,487215947.667,70,1,False,487215878.667,487215947.667,70,1,False,487215879.333,487215947.667,69,1
463d1eb4e139c3b3c264,33494116,B,validation,Cond2,456,False,1014,False,487268062.333,487268131.333,70,1,False,487268062.333,487268131.333,70,1,False,487268062.333,487268131.333,70,1
c1ffcf512c2721588049,37494382,A,validation,Cond1,456,False,960,False,486915519.667,486915589.667,71,1,False,486915519.667,486915589.667,71,1,False,486915519.667,486915589.667,71,1
417dd6b94cefe83b7bdb,37494424,B,validation,Cond2,456,False,980,False,487028689.333,487028759.333,71,1,False,487028689.333,487028759.333,71,1,False,487028689.333,487028759.333,71,1
5b64920cf37dcbe74188,37494448,B,validation,Cond2,456,False,988,False,487085860.333,487085918.333,59,1,False,487085860.333,487085918.333,59,1,False,487085860.333,487085918.333,59,1
f6a26c571ae7839a02c6,39494166,A,validation,Cond1,456,False,976,False,486995808.667,486995877.667,70,1,False,486995808.667,486995877.667,70,1,False,486995809.333,486995877.667,69,1
084a5c4626af3b9e5379,41494394,B,validation,Cond2,456,False,981,False,487041912.333,487041978.333,67,1,False,487041912.333,487041978.333,67,1,False,487041912.333,487041978.333,67,1
40aa8845fc346b8c4f88,41494400,A,validation,Cond1,456,False,1010,False,487214067.333,487214135.333,69,1,False,487214067.333,487214135.333,69,1,False,487214068.333,487214135.333,68,1
e84d8fa03e2bfee8b364,41494408,B,validation,Cond2,456,False,1004,False,487168364.333,487168430.0,76,1,False,487168364.333,487168430.0,76,1,False,487168364.333,487168430.0,76,1
c087f61be351b24fe5c0,43494150,A,validation,Cond1,456,False,987,False,487082703.333,487082770.667,68,1,False,487082703.333,487082770.667,68,1,False,487082704.333,487082770.667,67,1
f27411a15810d6a4859d,43494162,A,validation,Cond1,456,False,987,False,487083081.333,487083150.333,70,1,False,487083081.333,487083150.333,70,1,False,487083081.333,487083150.333,70,1
1a2b520b9e2f31384aad,43494166,B,validation,Cond2,456,False,994,False,487116882.667,487116951.667,70,1,False,487116882.667,487116951.667,70,1,False,487116882.667,487116951.667,70,1
ebdfb5da540a6984b84c,43494202,A,validation,Cond1,456,False,1002,False,487161212.667,487161283.0,71,1,False,487161212.667,487161283.0,71,1,False,487161212.667,487161283.0,71,1
36840234905ac67d771a,43494388,A,validation,Cond1,456,False,987,False,487082323.333,487082390.333,68,1,False,487082323.333,487082390.333,68,1,False,487082323.333,487082390.333,68,1
30aeaa2ab47dd38f022d,319446592,A,validation,Cond3,123,False,40,False,482361509.0,482361664.0,160,1,False,482361509.0,482361664.0,160,1,False,482361509.0,482361664.0,160,1
cd2775c4c9da5fe4ac7a,319446596,A,validation,Cond3,123,False,44,False,482391622.667,482391776.333,156,1,False,482391622.667,482391776.333,156,1,False,482391622.667,482391776.333,156,1
b57b1ad6880144b4bd2e,319446624,A,validation,Cond3,123,False,52,False,482536961.0,482537117.0,157,1,False,482536961.0,482537117.0,157,1,False,482536961.0,482537117.0,157,1
7b20ea76dee4d042e5fb,319446632,A,validation,Cond3,123,False,51,False,482528255.333,482528412.667,158,1,False,482528255.333,482528412.667,158,1,False,482528255.333,482528412.667,158,1
3ae8dc6e0ee7b31b4f01,319446636,A,validation,Cond3,123,False,48,False,482430173.333,482430333.0,159,1,False,482430173.333,482430333.0,159,1,False,482430173.333,482430333.0,159,1
5b2ae0ee956e1a5fda37,321446854,A,validation,Cond3,123,False,36,False,482225938.667,482226094.667,157,1,False,482225938.667,482226094.667,157,1,False,482225938.667,482226094.667,157,1
6e8849d9d215e5f82cf7,321446866,A,validation,Cond3,123,False,39,False,482307375.0,482307530.0,156,1,False,482307375.0,482307530.0,156,1,False,482307375.0,482307530.0,156,1
f64a8e37d8d957dc6a73,323446694,A,validation,Cond3,123,False,82,False,483354260.333,483354406.667,149,1,False,483354260.333,483354406.667,149,1,False,483354260.333,483354406.667,149,1
5cfb845d8a17bf219f8a,325446854,A,validation,Cond3,123,False,79,False,483323421.667,483323580.667,160,1,False,483323421.667,483323580.667,160,1,False,483323421.667,483323580.667,160,1
b4b2965cd7982ab737f6,325446898,A,validation,Cond3,123,False,115,False,484141867.667,484142007.667,141,1,False,484141867.667,484142007.667,141,1,False,484141867.667,484142007.667,141,1
93faa265c2341a90946a,325446906,A,validation,Cond3,123,False,80,False,483327149.333,483327305.667,160,1,False,483327149.333,483327305.667,160,1,False,483327149.333,483327305.667,160,1
2c9cbcfd353c44724211,327446600,A,validation,Cond3,123,False,17,False,481893705.333,481893856.667,152,1,False,481893705.333,481893856.667,152,1,False,481893705.333,481893856.667,152,1
1372b7d79b8afe36e26f,327446620,A,validation,Cond3,123,False,19,False,481907268.333,481907434.333,167,1,False,481907268.333,481907434.333,167,1,False,481907268.333,481907434.333,167,1
1fef6b02978ca981980c,327446624,A,validation,Cond3,123,False,22,False,481965852.333,481966000.667,148,1,False,481965852.333,481966000.667,148,1,False,481965852.333,481966000.667,148,1
a240cca82d2b6dda5c71,327446652,A,validation,Cond3,123,False,22,False,481966330.667,481966487.0,157,1,False,481966330.667,481966487.0,157,1,False,481966330.667,481966487.0,157,1
99e8dc828afc96b9142b,329446716,A,validation,Cond3,123,False,9,False,481742374.333,481742529.333,155,1,False,481742374.333,481742529.333,155,1,False,481742374.333,481742529.333,155,1
4421d6595c8141559c7a,331446648,A,validation,Cond3,123,False,29,False,482129046.667,482129206.0,160,1,False,482129046.667,482129206.0,160,1,False,482129046.667,482129206.0,160,1
c34839395305cc964813,331446666,A,validation,Cond3,123,False,27,False,482112127.0,482112282.333,155,1,False,482112127.0,482112282.333,155,1,False,482112127.0,482112282.333,155,1
e64b0d1e00a22f07ac51,343446882,A,validation,Cond3,123,False,94,False,483594366.0,483594514.0,147,1,False,483594366.0,483594514.0,147,1,False,483594366.0,483594514.0,147,1
154e113213a736a9704e,343446886,A,validation,Cond3,123,False,94,False,483594672.0,483594817.0,146,1,False,483594672.0,483594817.0,146,1,False,483594672.0,483594817.0,146,1
1a66a543e25029a9ef8e,343446898,A,validation,Cond3,123,False,94,False,483594520.0,483594665.667,146,1,False,483594520.0,483594665.667,146,1,False,483594520.0,483594665.667,146,1
91c9d0f14458a0dc6978,345446662,A,validation,Cond3,123,False,95,False,483597983.333,483598126.0,143,1,False,483597983.333,483598126.0,143,1,False,483597983.333,483598126.0,143,1
8e1355573c0bd704e983,345446670,A,validation,Cond3,123,False,92,False,483504241.333,483504393.333,153,1,False,483504241.333,483504393.333,153,1,False,483504241.333,483504393.333,153,1
0f93315623764f80da6b,345446702,A,validation,Cond3,123,False,95,False,483598859.333,483599009.333,140,1,False,483598859.333,483599009.333,140,1,False,483598859.333,483599009.333,140,1
619093e00139e5c419d2,349446718,A,validation,Cond3,123,False,111,False,484120289.333,484120434.0,146,1,False,484120289.333,484120434.0,146,1,False,484120289.333,484120434.0,146,1
c87eb7ee7bf59cf80c4c,349446904,A,validation,Cond3,123,False,103,False,483802260.667,483802403.333,145,1,False,483802260.667,483802403.333,145,1,False,483802260.667,483802403.333,145,1
0319d65c34229c36f0bf,665222746,A,validation,Cond3,123,False,119,False,484158809.0,484158960.0,152,1,False,484158809.0,484158960.0,152,1,False,484158809.0,484158960.0,152,1
78875319963f571e29f7,1272253442,B,validation,Cond2,456,False,946,False,486774710.0,486774776.0,67,1,False,486774710.0,486774776.0,67,1,False,486774710.0,486774776.0,67,1
bb8506f99b2be1c022d1,1272253470,B,validation,Cond2,456,False,949,False,486795237.333,486795312.333,76,1,False,486795237.333,486795312.333,76,1,False,486795237.333,486795312.333,76,1
e36d14fb696c4b9ac172,1276253454,A,validation,Cond1,456,False,954,False,486873593.0,486873660.0,68,1,False,486873593.0,486873660.0,68,1,False,486873593.0,486873660.0,68,1
101efa49ea5447688a9f,1276253458,B,validation,Cond2,456,False,968,False,486946033.333,486946098.333,61,1,False,486946033.333,486946098.333,61,1,False,486946033.333,486946098.333,61,1
fbe827fae248388c101e,1276253470,B,validation,Cond2,456,False,968,False,486946226.333,486946302.333,77,1,False,486946226.333,486946302.333,77,1,False,486946226.333,486946302.333,77,1
e637eaf17409a0d1ef6e,1276253680,A,validation,Cond1,456,False,948,False,486790804.0,486790870.0,67,1,False,486790804.0,486790870.0,67,1,False,486790804.0,486790870.0,67,1
4609f133f899a617eaac,1286253642,A,validation,Cond1,456,False,869,False,486217117.0,486217186.0,70,1,False,486217117.0,486217186.0,70,1,False,486217117.0,486217186.0,70,1
d53747deaeef9bde3b82,1286253704,A,validation,Cond1,456,False,877,False,486263774.0,486263841.333,62,1,False,486263774.0,486263841.333,62,1,False,486263774.0,486263841.333,62,1
dc302d2a4c9c5a46aa84,1286253720,B,validation,Cond2,456,False,879,False,486272316.0,486272379.333,64,1,False,486272316.0,486272379.333,64,1,False,486272316.0,486272379.333,64,1
a3a2335b3f3283b1f7ae,1286253736,A,validation,Cond1,456,False,870,False,486222892.0,486222963.0,72,1,False,486222893.0,486222963.0,71,1,False,486222893.0,486222963.0,71,1
01d6d1b1cb0923deb95f,1286253740,B,validation,Cond2,456,False,878,False,486266130.333,486266163.333,34,1,False,486266130.333,486266163.333,34,1,False,486266130.333,486266163.333,34,1
8e7365ee0e106dbd7b6b,1286253748,A,validation,Cond1,456,False,870,False,486222704.0,486222774.0,71,1,False,486222705.0,486222774.0,70,1,False,486222705.0,486222774.0,70,1
5a8a4450970feb9c5591,1286253756,A,validation,Cond1,456,False,868,False,486209501.667,486209571.667,71,1,False,486209501.667,486209571.667,71,1,False,486209502.667,486209571.667,70,1
51d3603665fd6a50409f,1288253454,B,validation,Cond2,456,False,875,False,486255163.333,486255234.333,72,1,False,486255164.333,486255234.333,71,1,False,486255164.333,486255234.333,71,1
675c849b3b4d974c69e3,1288253644,B,validation,Cond2,456,False,876,False,486258707.333,486258776.333,70,1,False,486258707.333,486258776.333,70,1,False,486258709.333,486258776.333,69,1
7021513245762ad198b4,1288253656,A,validation,Cond1,456,False,868,False,486209688.333,486209758.667,71,1,False,486209689.667,486209758.667,70,1,False,486209689.667,486209758.667,70,1
125ca3ce17dc586a1a6f,1290253736,B,validation,Cond2,456,False,903,False,486431352.667,486431419.667,68,1,False,486431352.667,486431419.667,68,1,False,486431352.667,486431419.667,68,1
db385d1d038a0b0601e3,1290253744,B,validation,Cond2,456,False,903,False,486431160.333,486431205.333,46,1,False,486431160.333,486431205.333,46,1,False,486431160.333,486431205.333,46,1
71c0c9da6f2f990a5dc5,1292253538,A,validation,Cond1,456,False,881,False,486288273.0,486288339.0,67,1,False,486288273.0,486288339.0,67,1,False,486288273.0,486288339.0,67,1
47bcc6fad12f551e8abf,1292253542,A,validation,Cond1,456,False,880,False,486278544.0,486278613.0,70,1,False,486278544.0,486278613.0,70,1,False,486278545.0,486278613.0,69,1
f7d0fe5dba7e99b7aafc,1294253760,A,validation,Cond1,456,False,894,False,486401259.0,486401327.333,70,1,False,486401259.0,486401327.333,70,1,False,486401259.0,486401327.333,70,1
f26c7d05d5c0b5ef5aeb,1294253768,A,validation,Cond1,456,False,896,False,486411633.667,486411699.0,68,1,False,486411633.667,486411699.0,68,1,False,486411633.667,486411699.0,68,1
952a1c1164aa8d9bc146,1294253772,B,validation,Cond2,456,False,916,False,486494289.333,486494358.333,70,1,False,486494289.333,486494358.333,70,1,False,486494289.333,486494358.333,70,1
88b034f69a1b4a932925,1294253776,A,validation,Cond1,456,False,897,False,486415886.333,486415954.333,69,1,False,486415886.333,486415954.333,69,1,False,486415886.333,486415954.333,69,1
908c1a267a3bc772e104,1294253784,A,validation,Cond1,456,False,928,False,486556907.667,486556972.333,66,1,False,486556907.667,486556972.333,66,1,False,486556907.667,486556972.333,66,1
7883f8972fba7640b3ef,1296253546,A,validation,Cond1,456,False,889,False,486382956.667,486383024.667,69,1,False,486382956.667,486383024.667,69,1,False,486382956.667,486383024.667,69,1
a4bc10e51e7c44f987e7,1296253620,A,validation,Cond1,456,False,889,False,486383141.667,486383208.667,68,1,False,486383141.667,486383208.667,68,1,False,486383141.667,486383208.667,68,1
69b50bb6c7a28ec79f43,1300253616,B,validation,Cond2,456,False,916,False,486494669.333,486494737.333,69,1,False,486494669.333,486494737.333,69,1,False,486494669.333,486494737.333,69,1
acc2675bc2e53bc15596,1300253620,B,validation,Cond2,456,False,910,False,486465360.667,486465436.667,77,1,False,486465360.667,486465436.667,77,1,False,486465360.667,486465436.667,77,1
5d0927247417f99064ab,1302253820,A,validation,Cond1,456,False,843,False,486064128.333,486064196.333,69,1,False,486064128.333,486064196.333,69,1,False,486064128.333,486064196.333,69,1
0ce99f0000803b424d60,1304253558,A,validation,Cond1,456,False,839,False,486029461.0,486029530.667,71,1,False,486029461.0,486029530.667,71,1,False,486029461.0,486029530.667,71,1
8691d279983e54828d28,1306253792,A,validation,Cond1,456,False,849,False,486093249.333,486093317.333,69,1,False,486093249.333,486093317.333,69,1,False,486093249.333,486093317.333,69,1
170594c27b51c79617de,1308253530,B,validation,Cond2,456,False,847,False,486080666.333,486080699.333,34,1,False,486080666.333,486080699.333,34,1,False,486080666.333,486080699.333,34,1
fc8e3383bca30f208e32,1308253588,B,validation,Cond2,456,False,851,False,486096788.333,486096857.333,71,1,False,486096788.333,486096857.333,71,1,False,486096788.333,486096857.333,71,1
4cc699f0154ebe4381ab,1312253526,A,validation,Cond1,456,False,852,False,486111488.0,486111558.0,71,1,False,486111494.333,486111558.0,70,1,False,486111494.333,486111558.0,70,1
ca561759f01fb42e84f2,1314253612,A,validation,Cond1,456,False,873,False,486249361.333,486249429.333,69,1,False,486249361.333,486249429.333,69,1,False,486249361.333,486249429.333,69,1
da13c4f656f407e4aa76,1316253830,A,validation,Cond1,456,False,866,False,486205474.333,486205539.333,66,1,False,486205474.333,486205539.333,66,1,False,486205474.333,486205539.333,66,1
70247ca4971383985eba,1322253568,B,validation,Cond2,456,False,828,False,485956512.667,485956582.667,71,1,False,485956512.667,485956582.667,71,1,False,485956512.667,485956582.667,71,1
449a4952bf07217c2266,1322253798,B,validation,Cond2,456,False,828,False,485956320.333,485956388.667,69,1,False,485956320.333,485956388.667,69,1,False,485956320.333,485956388.667,69,1
b36b147167e1f97740ac,1324253768,B,validation,Cond2,456,False,817,False,485884710.667,485884776.667,67,1,False,485884710.667,485884776.667,67,1,False,485884710.667,485884776.667,67,1
f8d8d270d0ed42af6f78,1324253784,A,validation,Cond1,456,False,812,False,485848073.333,485848138.0,66,1,False,485848073.333,485848138.0,66,1,False,485848073.333,485848138.0,66,1
bf1890b77ee978a0533b,1324253882,A,validation,Cond1,456,False,813,False,485850065.333,485850131.0,67,1,False,485850065.333,485850131.0,67,1,False,485850065.333,485850131.0,67,1
eaee0a582f61d8b157d8,1326253604,A,validation,Cond1,456,False,823,False,485925539.0,485925606.333,63,1,False,485925540.0,485925606.333,62,1,False,485925540.0,485925606.333,62,1
f3ac93c3bfe3f065ca1f,1326253612,B,validation,Cond2,456,False,836,False,485998501.333,485998571.333,71,1,False,485998501.333,485998571.333,71,1,False,485998502.333,485998571.333,70,1
3e4cbd81ff54f6131b40,1326253616,B,validation,Cond2,456,False,836,False,485997933.333,485998000.333,68,1,False,485997933.333,485998000.333,68,1,False,485997933.333,485998000.333,68,1
34c615699b7038137359,1330253616,B,validation,Cond2,456,False,837,False,486003839.333,486003909.333,71,1,False,486003840.333,486003909.333,70,1,False,486003840.333,486003909.333,70,1
6214fa46753dbe3df9cf,1332253862,B,validation,Cond2,456,False,835,False,485995326.333,485995398.333,72,1,False,485995326.333,485995398.333,72,1,False,485995326.333,485995398.333,72,1
a44fa6544f0b73b2802f,1332253878,B,validation,Cond2,456,False,836,True,485999512.667,485999865.333,354,1,True,485999512.667,485999865.333,354,1,True,485999512.667,485999865.333,354,1
12563bd5b74ba5868e1d,1332253882,B,validation,Cond2,456,False,835,False,485995512.333,485995583.333,72,1,False,485995514.0,485995583.333,71,1,False,485995514.0,485995583.333,71,1
6889f99e5695e9096fdf,1451738980,B,validation,Cond2,456,False,814,False,485874890.0,485874957.333,68,1,False,485874890.0,485874957.333,68,1,False,485874890.0,485874957.333,68,1
714530dc9c832560e443,1462254138,A,validation,Cond1,456,False,809,False,485840722.667,485840789.0,49,1,False,485840722.667,485840789.0,49,1,False,485840722.667,485840789.0,49,1
dedb4777198ae9b97014,1462254284,A,validation,Cond1,456,False,805,False,485812954.333,485813021.0,68,1,False,485812955.0,485813021.0,67,1,False,485812955.0,485813021.0,67,1
8004b45c1bd1363d5a62,1462254296,A,validation,Cond1,456,False,806,False,485818487.0,485818553.0,67,1,False,485818487.0,485818553.0,67,1,False,485818487.0,485818553.0,67,1
7c1742de3cf425b6c6b2,1462254328,A,validation,Cond1,456,False,807,False,485832801.667,485832876.333,76,1,False,485832801.667,485832876.333,76,1,False,485832801.667,485832876.333,76,1
b0d3ef9c9e344bcc85fa,1471738976,A,validation,Cond1,456,False,533,True,483934992.0,483935425.0,434,1,True,483934992.0,483935425.0,434,1,True,483934992.0,483935425.0,434,1
fa6b8bff60de3f74039e,1471739004,B,validation,Cond2,456,False,542,False,483997525.0,483997592.333,71,1,False,483997525.333,483997592.333,70,1,False,483997525.333,483997592.333,70,1
d26a988d0054e14e5711,1477739050,B,validation,Cond2,456,False,596,False,484467141.667,484467210.0,69,1,False,484467141.667,484467210.0,69,1,False,484467141.667,484467210.0,69,1
21384e0165116f6fec67,1477739232,B,validation,Cond2,456,False,590,True,484433476.0,484433861.0,386,1,True,484433476.0,484433861.0,386,1,True,484433476.0,484433861.0,386,1
b41516f4a304ab2cb584,1477739236,B,validation,Cond2,456,False,549,False,484030180.0,484030249.0,70,1,False,484030180.0,484030249.0,70,1,False,484030180.0,484030249.0,70,1
8b4d9bfa869f177db55e,1478254308,B,validation,Cond2,456,False,766,False,485563142.333,485563215.333,74,1,False,485563142.333,485563215.333,74,1,False,485563142.333,485563215.333,74,1
ec24c7a0711ecff8dba3,1480254042,A,validation,Cond1,456,False,748,False,485479061.0,485479131.0,71,1,False,485479062.0,485479131.0,70,1,False,485479062.0,485479131.0,70,1
2a9c1682cb0f5ce88863,1480254050,A,validation,Cond1,456,False,744,False,485434547.333,485434614.333,68,1,False,485434547.333,485434614.333,68,1,False,485434547.333,485434614.333,68,1
2774c14ea7d9ef6357fa,1480254070,A,validation,Cond1,456,False,745,False,485453302.333,485453368.333,67,1,False,485453303.333,485453368.333,66,1,False,485453303.333,485453368.333,66,1
9d98c99112e4c1134cc2,1480254074,B,validation,Cond2,456,False,753,False,485492889.333,485492922.333,34,1,False,485492889.333,485492922.333,34,1,False,485492889.333,485492922.333,34,1
92df0f443a75288aa9f7,1481739018,B,validation,Cond2,456,False,616,False,484587765.667,484587835.667,71,1,False,484587765.667,484587835.667,71,1,False,484587765.667,484587835.667,71,1
d4d317fa3c724e936427,1482254106,B,validation,Cond2,456,False,774,False,485582844.667,485582910.333,67,1,False,485582844.667,485582910.333,67,1,False,485582844.667,485582910.333,67,1
c25a3c262ea76ec2c848,1482254300,B,validation,Cond2,456,False,782,False,485629625.667,485629690.667,66,1,False,485629625.667,485629690.667,66,1,False,485629625.667,485629690.667,66,1
77cd564623d2055db495,1482254304,B,validation,Cond2,456,False,767,False,485566240.333,485566307.333,68,1,False,485566240.333,485566307.333,68,1,False,485566240.333,485566307.333,68,1
53cccd11723b0296c4e7,1482254312,A,validation,Cond1,456,False,783,False,485633503.667,485633573.667,72,1,False,485633503.667,485633573.667,72,1,False,485633504.0,485633573.667,71,1
55f120ba0155b01b455f,1482254332,A,validation,Cond1,456,False,760,False,485537014.0,485537035.667,23,1,False,485537014.0,485537035.667,23,1,False,485537014.0,485537035.667,23,1
ecb8e723ecd4a113aae1,1486254088,A,validation,Cond1,456,False,787,False,485656832.0,485656898.333,68,1,False,485656832.0,485656898.333,68,1,False,485656832.333,485656898.333,67,1
bcd47d467c37b577584e,1486254116,A,validation,Cond1,456,False,789,False,485668056.667,485668122.667,67,1,False,485668056.667,485668122.667,67,1,False,485668056.667,485668122.667,67,1
975da2bbb7f4527f8325,1488254374,B,validation,Cond2,456,False,788,False,485659569.0,485659636.333,68,1,False,485659569.0,485659636.333,68,1,False,485659569.0,485659636.333,68,1
1be653b60406058ee0a7,1488254390,B,validation,Cond2,456,False,816,False,485882174.667,485882241.667,68,1,False,485882174.667,485882241.667,68,1,False,485882175.333,485882241.667,67,1
b16dcb6a07b685c62b3b,1832206958,A,validation,Cond3,123,False,127,False,484215820.0,484215969.333,150,1,False,484215820.0,484215969.333,150,1,False,484215820.0,484215969.333,150,1
4123b8dc6fbf691d4933,1832206984,A,validation,Cond3,123,False,131,False,484269322.667,484269467.667,144,1,False,484269322.667,484269467.667,144,1,False,484269322.667,484269467.667,144,1
cc4734ffcbc48a705922,1832207004,A,validation,Cond3,123,False,133,False,484280162.0,484280305.0,144,1,False,484280162.0,484280305.0,144,1,False,484280162.0,484280305.0,144,1
758bca66fb261a8c91e5,1832207008,A,validation,Cond3,123,False,133,False,484280311.0,484280455.333,144,1,False,484280311.0,484280455.333,144,1,False,484280311.0,484280455.333,144,1
dc4d0a096f2707f91d88,1834206762,A,validation,Cond3,123,False,140,False,484939075.667,484939214.667,140,1,False,484939075.667,484939214.667,140,1,False,484939075.667,484939214.667,140,1
7021b8ddc96215707d01,1834206782,A,validation,Cond3,123,False,141,False,484955531.333,484955664.667,153,1,False,484955531.333,484955664.667,153,1,False,484955531.333,484955664.667,153,1
c6621d2f3102fc9484e6,1836206988,A,validation,Cond3,123,False,116,False,484143931.667,484144066.667,135,1,False,484143931.667,484144066.667,135,1,False,484143931.667,484144066.667,135,1
5a583d7fa4fb934158ef,1836206996,A,validation,Cond3,123,False,113,False,484126985.667,484127131.333,145,1,False,484126985.667,484127131.333,145,1,False,484126985.667,484127131.333,145,1
9b75b13ae7f1579ca095,1838206964,A,validation,Cond3,123,False,123,False,484172568.333,484172709.333,142,1,False,484172568.333,484172709.333,142,1,False,484172568.333,484172709.333,142,1
e0548241b953d3483ae6,1840206970,A,validation,Cond3,123,False,153,False,485121301.667,485121445.333,145,1,False,485121301.667,485121445.333,145,1,False,485121301.667,485121445.333,145,1
72c28d4770343afe06fe,1842206758,A,validation,Cond3,123,False,171,False,485364787.667,485364929.667,159,1,False,485364787.667,485364929.667,159,1,False,485364787.667,485364929.667,159,1
3b5506515ffdc1ff09c7,1842206778,A,validation,Cond3,123,False,170,False,485342467.333,485342604.333,138,1,False,485342467.333,485342604.333,138,1,False,485342467.333,485342604.333,138,1
c9c8a569d066bd8d878a,1844207028,A,validation,Cond3,123,False,145,False,485015440.333,485015584.333,145,1,False,485015440.333,485015584.333,145,1,False,485015440.333,485015584.333,145,1
befb405f4b9f85c51c21,1844207036,A,validation,Cond3,123,False,143,False,484993970.667,484994113.667,144,1,False,484993970.667,484994113.667,144,1,False,484993970.667,484994113.667,144,1
2a7b9750e8e4b19ab803,1854206802,A,validation,Cond3,123,False,187,False,485693765.0,485693912.0,153,1,False,485693765.0,485693912.0,153,1,False,485693765.0,485693912.0,153,1
a90a2016b472b1dabddd,1854206826,A,validation,Cond3,123,False,180,False,485628512.667,485628660.667,148,1,False,485628512.667,485628660.667,148,1,False,485628512.667,485628660.667,148,1
e5e1969aad7cff8cf52c,1854206884,A,validation,Cond3,123,False,175,False,485514436.333,485514582.667,147,1,False,485514436.333,485514582.667,147,1,False,485514436.333,485514582.667,147,1
39d881fe7569244ac75f,2056207364,A,validation,Cond3,123,False,206,False,486256190.0,486256339.333,150,1,False,486256190.0,486256339.333,150,1,False,486256190.0,486256339.333,150,1
3c94c766449ddded5501,2056207578,A,validation,Cond3,123,False,200,False,486078441.333,486078588.333,148,1,False,486078441.333,486078588.333,148,1,False,486078441.333,486078588.333,148,1
84130991ae05cf6ad740,2058207674,A,validation,Cond3,123,False,212,False,486304387.667,486304522.333,149,1,False,486304387.667,486304522.333,149,1,False,486304387.667,486304522.333,149,1
0e01d3c51b4c700effcf,2062207638,A,validation,Cond3,123,False,193,False,485761267.0,485761414.0,148,1,False,485761267.0,485761414.0,148,1,False,485761267.0,485761414.0,148,1
86958fb820f4702cf181,2062207678,A,validation,Cond3,123,False,190,False,485741549.333,485741695.0,148,1,False,485741549.333,485741695.0,148,1,False,485741549.333,485741695.0,148,1
6b4c60dc5a51602c2e80,2064207396,A,validation,Cond3,123,False,240,False,486615965.333,486616112.333,148,1,False,486615965.333,486616112.333,148,1,False,486615965.333,486616112.333,148,1
43369da54366df0b2730,2064207416,A,validation,Cond3,123,False,237,False,486605514.0,486605645.333,134,1,False,486605514.0,486605645.333,134,1,False,486605514.0,486605645.333,134,1
53f500e24cd939767ca3,2064207554,A,validation,Cond3,123,False,236,False,486590883.0,486591011.0,128,1,False,486590883.0,486591011.0,128,1,False,486590883.0,486591011.0,128,1
54e7e362a3557c5054f4,2066207576,A,validation,Cond3,123,False,243,False,486731246.0,486731387.0,142,1,False,486731246.0,486731387.0,142,1,False,486731246.0,486731387.0,142,1
430c4da370be773a13d0,2066207670,A,validation,Cond3,123,False,249,False,486783619.0,486783765.0,147,1,False,486783619.0,486783765.0,147,1,False,486783619.0,486783765.0,147,1
3347283468bfe7b6b5aa,2068207428,A,validation,Cond3,123,False,235,False,486587639.0,486587781.0,143,1,False,486587639.0,486587781.0,143,1,False,486587639.0,486587781.0,143,1
c379056fbbaef9593145,2068207432,A,validation,Cond3,123,False,222,False,486467133.667,486467277.667,145,1,False,486467133.667,486467277.667,145,1,False,486467133.667,486467277.667,145,1
4e35128e75788694b640,2068207436,A,validation,Cond3,123,False,221,False,486460052.667,486460204.667,153,1,False,486460052.667,486460204.667,153,1,False,486460052.667,486460204.667,153,1
5f59c0cb9126980c09da,2068207522,A,validation,Cond3,123,False,247,False,486764248.333,486764387.0,138,1,False,486764248.333,486764387.0,138,1,False,486764248.333,486764387.0,138,1
f081bea0c5746b773e4d,2068207534,A,validation,Cond3,123,False,219,False,486388219.667,486388363.667,145,1,False,486388219.667,486388363.667,145,1,False,486388219.667,486388363.667,145,1
886ebf732c333742d70d,2070207730,A,validation,Cond3,123,False,234,False,486541410.667,486541559.667,150,1,False,486541410.667,486541559.667,150,1,False,486541410.667,486541559.667,150,1
b5fbe4424988819d7536,2076207428,A,validation,Cond3,123,False,254,False,486848966.333,486849107.333,142,1,False,486848966.333,486849107.333,142,1,False,486848966.333,486849107.333,142,1
95729c925a873f8917ea,2076207448,A,validation,Cond3,123,False,254,False,486848811.667,486848959.333,149,1,False,486848811.667,486848959.333,149,1,False,486848811.667,486848959.333,149,1
1801d05be037af25ea58,2076207452,A,validation,Cond3,123,False,256,False,486905401.0,486905532.0,131,1,False,486905401.0,486905532.0,131,1,False,486905401.0,486905532.0,131,1
a8356a1823424c5c241c,2076207460,A,validation,Cond3,123,False,262,False,486990649.0,486990789.0,141,1,False,486990649.0,486990789.0,141,1,False,486990649.0,486990789.0,141,1
fdd08e41e9bb0d3c5a99,2076207472,A,validation,Cond3,123,False,261,False,486982596.0,486982739.0,144,1,False,486982596.0,486982739.0,144,1,False,486982596.0,486982739.0,144,1
b28266e3d5f0ca09722e,2110498200,B,validation,Cond2,456,False,704,False,485196685.0,485196754.0,70,1,False,485196685.0,485196754.0,70,1,False,485196685.0,485196754.0,70,1
081a28258a26dc8cfa55,2110498228,B,validation,Cond2,456,False,743,False,485428871.333,485428937.333,67,1,False,485428871.333,485428937.333,67,1,False,485428871.333,485428937.333,67,1
8c811f8f7606a0d8110c,2110498232,B,validation,Cond2,456,False,688,False,485113727.333,485113793.667,67,1,False,485113727.333,485113793.667,67,1,False,485113727.333,485113793.667,67,1
b9e7ef3b1e752deaec87,2655292692,B,validation,Cond2,456,False,995,False,487119681.667,487119746.667,66,1,False,487119681.667,487119746.667,66,1,False,487119681.667,487119746.667,66,1
4372faa2c77824901e8a,2655292696,B,validation,Cond2,456,False,991,False,487110730.667,487110799.667,70,1,False,487110730.667,487110799.667,70,1,False,487110730.667,487110799.667,70,1
75b9ca012c20e4ddf572,2655292708,A,validation,Cond1,456,False,986,False,487065586.0,487065653.0,68,1,False,487065586.0,487065653.0,68,1,False,487065586.0,487065653.0,68,1
63c9950b1d03537f209b,2663292676,B,validation,Cond2,456,False,652,False,484891052.0,484891082.333,32,1,False,484891052.0,484891082.333,32,1,False,484891052.0,484891082.333,32,1
810fc57fe3eb8c410acd,2663292692,B,validation,Cond2,456,False,643,False,484845868.333,484845937.0,70,1,False,484845869.333,484845937.0,69,1,False,484845869.333,484845937.0,69,1
8c0e0b615a9384d71578,2663292704,A,validation,Cond1,456,False,666,False,484939278.667,484939348.667,71,1,False,484939278.667,484939348.667,71,1,False,484939278.667,484939348.667,71,1
c60c5b2e0541c5af6410,2663292732,A,validation,Cond1,456,False,666,False,484939093.667,484939168.667,76,1,False,484939093.667,484939168.667,76,1,False,484939093.667,484939168.667,76,1
21ff6e55a6fbb0f8c5c4,2663292898,B,validation,Cond2,456,False,642,False,484835643.333,484835709.0,67,1,False,484835643.333,484835709.0,67,1,False,484835643.333,484835709.0,67,1
61469f9e5983ebedec87,2665292990,A,validation,Cond1,456,False,821,False,485918183.333,485918248.667,67,1,False,485918183.333,485918248.667,67,1,False,485918183.333,485918248.667,67,1
45e421b54794adc86039,2669292942,B,validation,Cond2,456,False,975,False,486980191.0,486980257.0,67,1,False,486980191.0,486980257.0,67,1,False,486980191.0,486980257.0,67,1
2d70e381b38e98e165b3,2669292986,B,validation,Cond2,456,False,942,False,486750000.667,486750065.667,66,1,False,486750000.667,486750065.667,66,1,False,486750001.667,486750065.667,65,1
6632587eeaa5e41bd375,2705292802,A,validation,Cond1,456,False,450,False,482961579.667,482961645.667,67,1,False,482961579.667,482961645.667,67,1,False,482961579.667,482961645.667,67,1
2f1a76f31e7d0d2f849b,2707293072,A,validation,Cond1,456,False,446,False,482932723.667,482932788.667,66,1,False,482932723.667,482932788.667,66,1,False,482932723.667,482932788.667,66,1
8b90ca0547f8adc5ee82,2707293092,A,validation,Cond1,456,False,609,False,484523439.333,484523508.333,70,1,False,484523439.333,484523508.333,70,1,False,484523439.333,484523508.333,70,1
8001d7857afc0dfd936d,2717292818,A,validation,Cond1,456,False,297,False,481804205.0,481804271.0,67,1,False,481804205.0,481804271.0,67,1,False,481804205.0,481804271.0,67,1
2c5a5f1434e0308a8091,2717292830,B,validation,Cond2,456,False,323,False,481966458.333,481966524.333,67,1,False,481966458.333,481966524.333,67,1,False,481966458.333,481966524.333,67,1
3794ba4de120e6bd11bd,2717292838,B,validation,Cond2,456,False,309,False,481896229.667,481896304.667,76,1,False,481896229.667,481896304.667,76,1,False,481896229.667,481896304.667,76,1
80c000eef032fbdce5cc,2717292842,A,validation,Cond1,456,False,299,False,481807362.0,481807428.0,66,1,False,481807362.0,481807428.0,66,1,False,481807362.0,481807428.0,66,1
eba8e1a1fcd6068199f2,2911013968,A,validation,Cond1,456,False,606,True,484508262.0,484508577.0,316,1,True,484508262.0,484508577.0,316,1,True,484508262.0,484508577.0,316,1
cdc5b28ac4e97f689816,2911014062,B,validation,Cond2,456,False,598,False,484480706.667,484480777.667,72,1,False,484480706.667,484480777.667,72,1,False,484480706.667,484480777.667,72,1
7e0d27c03970817ba86d,2913014246,B,validation,Cond2,456,False,638,False,484810052.333,484810120.333,69,1,False,484810052.333,484810120.333,69,1,False,484810052.333,484810120.333,69,1
7cb07b052c74c1021e85,2913014250,A,validation,Cond1,456,False,604,False,484501138.667,484501212.667,75,1,False,484501138.667,484501212.667,75,1,False,484501138.667,484501212.667,75,1
545c55d9062d021945fb,2917014056,B,validation,Cond2,456,False,598,False,484480896.667,484480967.0,71,1,False,484480896.667,484480967.0,71,1,False,484480896.667,484480967.0,71,1
70b770af61a500c4a4e2,2917014210,B,validation,Cond2,456,False,598,False,484480517.333,484480581.0,65,1,False,484480517.333,484480581.0,65,1,False,484480517.333,484480581.0,65,1
0a35d36b70d005dfa1b7,2917014214,A,validation,Cond1,456,False,592,False,484443212.667,484443279.0,67,1,False,484443212.667,484443279.0,67,1,False,484443212.667,484443279.0,67,1
3a8ce03dd4b74ac7730f,2917014222,B,validation,Cond2,456,False,599,False,484486162.333,484486230.667,71,1,False,484486162.333,484486230.667,71,1,False,484486162.333,484486230.667,71,1
9b13a5dcf668764b5cde,2917014238,B,validation,Cond2,456,False,597,False,484478995.0,484479060.667,67,1,False,484478995.0,484479060.667,67,1,False,484478995.0,484479060.667,67,1
266ee4b383cf6af7443e,2917014262,A,validation,Cond1,456,False,592,False,484443596.333,484443664.667,69,1,False,484443596.333,484443664.667,69,1,False,484443596.333,484443664.667,69,1
ee9697233777cad4bef4,2939014270,B,validation,Cond2,456,False,613,False,484567829.667,484567898.667,75,1,False,484567829.667,484567898.667,75,1,False,484567829.667,484567898.667,75,1
689af78311670a23bae5,2939014288,B,validation,Cond2,456,False,657,False,484906339.333,484906406.333,68,1,False,484906339.333,484906406.333,68,1,False,484906339.333,484906406.333,68,1
01f53a023ff59e1ead20,2941014026,B,validation,Cond2,456,False,611,False,484551661.667,484551727.0,66,1,False,484551661.667,484551727.0,66,1,False,484551661.667,484551727.0,66,1
0de65e5b9e8b799366f8,2975014152,B,validation,Cond2,456,False,729,False,485344594.333,485344664.333,71,1,False,485344594.333,485344664.333,71,1,False,485344594.333,485344664.333,71,1
25f51871a80aada3a297,2977014418,A,validation,Cond1,456,False,720,False,485297283.333,485297352.333,70,1,False,485297283.333,485297352.333,70,1,False,485297284.333,485297352.333,69,1
ae5adf50941b40d1759a,2979014164,B,validation,Cond2,456,False,732,False,485358664.333,485358731.0,67,1,False,485358664.333,485358731.0,67,1,False,485358664.333,485358731.0,67,1
1c15914464b85b065a6c,2979014172,A,validation,Cond1,456,False,710,True,485238517.0,485238683.0,165,1,True,485238517.0,485238683.0,165,1,True,485238517.0,485238683.0,165,1
157d35130df80b1e21e1,2979014188,A,validation,Cond1,456,False,708,False,485224867.0,485224934.333,68,1,False,485224867.0,485224934.333,68,1,False,485224867.0,485224934.333,68,1
aca66e376f074b282ab9,2981014376,B,validation,Cond2,456,False,725,False,485329013.667,485329083.667,71,1,False,485329014.667,485329083.667,70,1,False,485329014.667,485329083.667,70,1
5895ad7f0377289350c8,2981014392,A,validation,Cond1,456,False,709,False,485231770.0,485231839.0,70,1,False,485231770.0,485231839.0,70,1,False,485231771.0,485231839.0,69,1
7e6df8b8d9d288bd8f9a,2985014406,A,validation,Cond1,456,False,707,False,485223339.333,485223406.333,68,1,False,485223339.333,485223406.333,68,1,False,485223339.333,485223406.333,68,1
c641b6c9dc1bf06b8aa8,2987014200,B,validation,Cond2,456,False,680,False,485059859.0,485059924.667,67,1,False,485059859.0,485059924.667,67,1,False,485059859.0,485059924.667,67,1
a62e07788c373be33195,2989014344,B,validation,Cond2,456,False,735,False,485384230.0,485384301.333,70,1,False,485384230.0,485384301.333,70,1,False,485384230.0,485384301.333,70,1
ced0780019678fd74960,2989014352,A,validation,Cond1,456,False,690,False,485126483.0,485126552.0,70,1,False,485126483.0,485126552.0,70,1,False,485126483.0,485126552.0,70,1
f89a8c4b9b804d001d96,2989014446,A,validation,Cond1,456,False,690,False,485126294.0,485126361.667,69,1,False,485126294.0,485126361.667,69,1,False,485126294.0,485126361.667,69,1
841db26f2f0d8f4e8ba0,2999014224,A,validation,Cond1,456,False,743,False,485429626.333,485429695.333,69,1,False,485429626.333,485429695.333,69,1,False,485429627.333,485429695.333,68,1
7f6eb6e343f95ccb5454,2999014228,A,validation,Cond1,456,False,743,False,485428279.333,485428346.333,68,1,False,485428279.333,485428346.333,68,1,False,485428279.333,485428346.333,68,1
6c7d463e171d944c3227,2999014310,A,validation,Cond1,456,False,739,False,485410093.333,485410161.0,69,1,False,485410093.333,485410161.0,69,1,False,485410093.333,485410161.0,69,1
ac19f75758fbe34fdeb1,2999014322,B,validation,Cond2,456,False,746,False,485456241.333,485456312.333,72,1,False,485456241.333,485456312.333,72,1,False,485456241.333,485456312.333,72,1
78c17506be7d8866fc6c,3005014494,A,validation,Cond1,456,False,739,False,485409518.333,485409586.333,69,1,False,485409518.333,485409586.333,69,1,False,485409518.333,485409586.333,69,1
485d3230ef05ba0757ef,3009014466,B,validation,Cond2,456,False,640,False,484828367.0,484828433.0,67,1,False,484828367.0,484828433.0,67,1,False,484828367.0,484828433.0,67,1
410fc273062c9f00d769,3011014208,A,validation,Cond1,456,False,627,False,484690321.333,484690390.333,70,1,False,484690321.333,484690390.333,70,1,False,484690321.333,484690390.333,70,1
d7afa0e96332624f599b,3013014482,A,validation,Cond1,456,False,632,False,484738433.0,484738503.0,71,1,False,484738433.0,484738503.0,71,1,False,484738433.0,484738503.0,71,1
e2dd5c71b321592f8483,3013014498,A,validation,Cond1,456,False,630,False,484715166.333,484715232.333,67,1,False,484715166.333,484715232.333,67,1,False,484715166.333,484715232.333,67,1
df62a9049d6337f94a13,3013014526,B,validation,Cond2,456,False,633,False,484753188.0,484753256.0,69,1,False,484753188.0,484753256.0,69,1,False,484753188.0,484753256.0,69,1
8f4c35e333ab8fd14f57,3017014482,A,validation,Cond1,456,False,629,False,484710323.333,484710391.333,69,1,False,484710323.333,484710391.333,69,1,False,484710323.333,484710391.333,69,1
428b7bcf1b131357888c,3017014490,A,validation,Cond1,456,False,627,False,484691089.0,484691158.333,70,1,False,484691089.0,484691158.333,70,1,False,484691090.0,484691158.333,69,1
360c7a68b84cf108cb0e,3021014282,B,validation,Cond2,456,False,620,False,484606889.333,484606957.333,69,1,False,484606889.333,484606957.333,69,1,False,484606889.333,484606957.333,69,1
4fd434e96d8e6e1500a0,3021014302,B,validation,Cond2,456,False,616,False,484586814.0,484586885.0,72,1,False,484586814.0,484586885.0,72,1,False,484586814.0,484586885.0,72,1
5471cf1957bc6b2d7382,3021014310,B,validation,Cond2,456,False,621,False,484608497.0,484608565.0,69,1,False,484608497.0,484608565.0,69,1,False,484608497.0,484608565.0,69,1
a827bf340c22367404b0,3021014504,B,validation,Cond2,456,False,616,False,484587956.0,484588026.0,71,1,False,484587956.667,484588026.0,70,1,False,484587956.667,484588026.0,70,1
4c65a7000abbb4b892bc,3023014532,A,validation,Cond1,456,False,664,False,484933863.667,484933931.667,69,1,False,484933863.667,484933931.667,69,1,False,484933863.667,484933931.667,69,1
934997f00ccf47f5021b,3023014544,A,validation,Cond1,456,False,660,False,484920941.667,484921007.667,68,1,False,484920941.667,484921007.667,68,1,False,484920941.667,484921007.667,68,1
8c07d8923b39000ae6aa,3027014514,B,validation,Cond2,456,False,669,False,484946563.667,484946632.667,70,1,False,484946563.667,484946632.667,70,1,False,484946563.667,484946632.667,70,1
7891f61a263eba8b1ae9,3027014518,B,validation,Cond2,456,False,665,False,484935865.667,484935934.667,70,1,False,484935865.667,484935934.667,70,1,False,484935865.667,484935934.667,70,1
9d1a75c7f26925bb424b,3027014526,A,validation,Cond1,456,False,659,False,484917253.667,484917322.667,70,1,False,484917253.667,484917322.667,70,1,False,484917253.667,484917322.667,70,1
7aae96eadd5a33d22aee,3027014544,B,validation,Cond2,456,False,673,False,484986282.333,484986352.667,79,1,False,484986283.0,484986352.667,78,1,False,484986283.333,484986352.667,77,1
a59c268c4629b8813a10,3027014576,A,validation,Cond1,456,False,650,False,484879674.0,484879742.333,69,1,False,484879674.0,484879742.333,69,1,False,484879674.0,484879742.333,69,1
76ed0002cfd72ba3c54c,3029014334,A,validation,Cond1,456,False,656,False,484905398.0,484905467.0,70,1,False,484905398.0,484905467.0,70,1,False,484905398.0,484905467.0,70,1
8bd83749b5952e5ef4fa,3031014540,B,validation,Cond2,456,False,661,False,484925358.667,484925434.667,77,1,False,484925358.667,484925434.667,77,1,False,484925358.667,484925434.667,77,1
7825792d6c2528de0cc3,3031014560,A,validation,Cond1,456,False,639,False,484816316.333,484816384.333,69,1,False,484816316.333,484816384.333,69,1,False,484816316.333,484816384.333,69,1
e44a901c02880db8eceb,3033014314,B,validation,Cond2,456,False,662,False,484928325.667,484928393.667,69,1,False,484928325.667,484928393.667,69,1,False,484928326.667,484928393.667,68,1
fafcd26397789f0e8daa,3033014468,B,validation,Cond2,456,False,654,False,484897959.0,484897997.0,39,1,False,484897959.0,484897997.0,39,1,False,484897959.0,484897997.0,39,1
c60e4240dcbda6ae0b95,3035014544,B,validation,Cond2,456,False,648,True,484872250.333,484872419.0,189,1,True,484872250.333,484872419.0,189,1,True,484872250.333,484872419.0,189,1
f566eb1d47ceca025df2,3037014306,B,validation,Cond2,456,False,648,False,484876136.333,484876203.0,67,1,False,484876136.333,484876203.0,67,1,False,484876136.333,484876203.0,67,1
74bc752c29d1e6102fe0,3037014314,B,validation,Cond2,456,False,645,False,484856341.0,484856411.333,71,1,False,484856341.0,484856411.333,71,1,False,484856341.0,484856411.333,71,1
a6aee8777d1c409767c9,3037014326,A,validation,Cond1,456,False,647,False,484866056.0,484866125.0,70,1,False,484866056.0,484866125.0,70,1,False,484866057.0,484866125.0,69,1
a57514a0f97e35e46807,3037014330,B,validation,Cond2,456,False,648,False,484876702.0,484876771.333,70,1,False,484876702.0,484876771.333,70,1,False,484876702.0,484876771.333,70,1
9d188a1ef3c30df74559,3621681194,A,validation,Cond1,456,False,930,False,486562101.333,486562169.667,70,1,False,486562101.333,486562169.667,70,1,False,486562101.667,486562169.667,69,1
d834311cd00e481f549e,3621681356,B,validation,Cond2,456,False,957,False,486902674.667,486902740.667,67,1,False,486902674.667,486902740.667,67,1,False,486902674.667,486902740.667,67,1
cf65f2d0a6c75669b332,3623681114,B,validation,Cond2,456,False,935,True,486606323.333,486606505.0,182,1,True,486606323.333,486606505.0,182,1,True,486606323.333,486606505.0,182,1
12e2c305863d1d5336fe,3623681130,A,validation,Cond1,456,False,939,False,486741408.667,486741456.667,49,1,False,486741408.667,486741456.667,49,1,False,486741408.667,486741456.667,49,1
096a35eef06bf383d4ed,3623681192,A,validation,Cond1,456,False,917,False,486501561.333,486501626.667,66,1,False,486501561.333,486501626.667,66,1,False,486501561.333,486501626.667,66,1
952462d502f590eab602,3623681196,B,validation,Cond2,456,False,944,False,486767478.667,486767544.0,67,1,False,486767478.667,486767544.0,67,1,False,486767478.667,486767544.0,67,1
7ba3be776069bbcb52ce,3625681206,B,validation,Cond2,456,False,898,False,486418758.0,486418825.0,68,1,False,486418758.0,486418825.0,68,1,False,486418758.0,486418825.0,68,1
552722de245bd5ef7f11,3625681352,A,validation,Cond1,456,False,918,False,486503383.333,486503449.333,67,1,False,486503383.333,486503449.333,67,1,False,486503383.333,486503449.333,67,1
421a1014c185529c23d8,3625681396,A,validation,Cond1,456,False,895,False,486408005.333,486408070.333,66,1,False,486408005.333,486408070.333,66,1,False,486408005.333,486408070.333,66,1
0143a59f6bdef521d30c,3625681400,A,validation,Cond1,456,False,915,False,486485254.333,486485320.333,67,1,False,486485254.333,486485320.333,67,1,False,486485254.333,486485320.333,67,1
9dc91441973ecfab88dd,3625681400,B,validation,Cond2,456,False,922,False,486529430.333,486529495.0,66,1,False,486529430.333,486529495.0,66,1,False,486529430.333,486529495.0,66,1
938a51a6e19bd8517c3e,3627681094,A,validation,Cond1,456,False,885,False,486310479.333,486310546.333,68,1,False,486310479.333,486310546.333,68,1,False,486310479.333,486310546.333,68,1
55d722d83e64ffe1a34c,3840719358,B,validation,Cond2,456,False,334,False,482133068.667,482133138.0,70,1,False,482133068.667,482133138.0,70,1,False,482133068.667,482133138.0,70,1
7648830bcc335c2c3a0d,3844719346,B,validation,Cond2,456,False,448,False,482957926.333,482957994.333,69,1,False,482957926.333,482957994.333,69,1,False,482957926.333,482957994.333,69,1
7d2356c2e4eb227d2dd2,3846719072,A,validation,Cond1,456,False,490,False,483412833.667,483412895.667,63,1,False,483412833.667,483412895.667,63,1,False,483412833.667,483412895.667,63,1
8f4e09fa8afeef1c699b,4167773562,A,validation,Cond1,456,False,535,False,483946166.0,483946236.0,71,1,False,483946167.0,483946236.0,70,1,False,483946167.0,483946236.0,70,1
a5b68e0859a37fa02563,4167773588,B,validation,Cond2,456,False,557,False,484084932.667,484085000.333,69,1,False,484084932.667,484085000.333,69,1,False,484084932.667,484085000.333,69,1
ab7fdb3487efe1742f28,4169773342,A,validation,Cond1,456,False,538,False,483961947.333,483962014.0,51,1,False,483961947.333,483962014.0,51,1,False,483961948.333,483962014.0,50,1
4137d1cd0a597693179e,4169773374,A,validation,Cond1,456,False,530,False,483922288.0,483922346.333,59,1,False,483922288.0,483922346.333,59,1,False,483922288.0,483922346.333,59,1
7c2b19459ed87e3d1b68,4171773580,B,validation,Cond2,456,False,539,False,483966384.333,483966455.333,72,1,False,483966385.333,483966455.333,71,1,False,483966385.333,483966455.333,71,1
19e1e05ed73e4cf39502,4171773584,B,validation,Cond2,456,False,539,False,483966788.333,483966858.333,71,1,False,483966788.333,483966858.333,71,1,False,483966788.333,483966858.333,71,1
77fa0001c60e2f817dbc,4173773334,A,validation,Cond1,456,False,515,False,483782867.0,483782929.333,66,1,False,483782867.0,483782929.333,66,1,False,483782867.0,483782929.333,66,1
74c6c4867375a7d7d95d,4173773544,A,validation,Cond1,456,False,518,False,483795321.0,483795388.0,67,1,False,483795321.0,483795388.0,67,1,False,483795321.0,483795388.0,67,1
f84cc78bad40dbc29a2d,4173773556,A,validation,Cond1,456,False,517,False,483791937.0,483792002.0,66,1,False,483791937.0,483792002.0,66,1,False,483791937.0,483792002.0,66,1
e611e8e7700ee544c835,4175773572,B,validation,Cond2,456,False,565,False,484143827.667,484143902.0,75,1,False,484143827.667,484143902.0,75,1,False,484143827.667,484143902.0,75,1
a18792c97d6ab2f0282e,4175773600,B,validation,Cond2,456,False,561,False,484120617.0,484120692.0,75,1,False,484120617.0,484120692.0,75,1,False,484120617.0,484120692.0,75,1
1885f10f34a790973cd1,4175773616,B,validation,Cond2,456,False,568,False,484168410.667,484168480.667,71,1,False,484168410.667,484168480.667,71,1,False,484168410.667,484168480.667,71,1
60f37ebcf1c132248055,4175773620,A,validation,Cond1,456,False,558,False,484087543.667,484087613.333,71,1,False,484087543.667,484087613.333,71,1,False,484087544.333,484087613.333,70,1
51e4dc168e148934494a,4175773620,B,validation,Cond2,456,False,563,False,484137642.667,484137711.667,70,1,False,484137642.667,484137711.667,70,1,False,484137642.667,484137711.667,70,1
9aa3363ff8730934478d,4175773628,A,validation,Cond1,456,False,557,False,484085133.333,484085201.333,69,1,False,484085133.333,484085201.333,69,1,False,484085133.333,484085201.333,69,1
5805adc9b48cb8b4f9d2,4177773370,A,validation,Cond1,456,False,545,False,484013788.667,484013806.667,26,1,False,484013788.667,484013806.667,26,1,False,484013789.0,484013806.667,25,1
2182aa3c1aa556bbcae1,4179773514,B,validation,Cond2,456,False,555,False,484077728.333,484077799.333,72,1,False,484077729.333,484077799.333,71,1,False,484077729.333,484077799.333,71,1
3c96d5dd0acebc7b4e32,4179773568,A,validation,Cond1,456,False,538,False,483962336.333,483962404.333,69,1,False,483962336.333,483962404.333,69,1,False,483962337.0,483962404.333,68,1
f4350c0188da76f0ecb0,4179773600,A,validation,Cond1,456,False,551,False,484041471.333,484041508.333,38,1,False,484041472.333,484041508.333,37,1,False,484041472.333,484041508.333,37,1
2965f4b2d9dda1e0bb4c,4187773522,A,validation,Cond1,456,False,581,False,484309847.333,484309913.333,67,1,False,484309847.333,484309913.333,67,1,False,484309847.333,484309913.333,67,1
445e3b4c425d42dfddd3,4187773526,B,validation,Cond2,456,False,578,False,484268011.667,484268080.667,70,1,False,484268011.667,484268080.667,70,1,False,484268012.667,484268080.667,69,1
3f86a487f1fd234635f6,4189773378,A,validation,Cond1,456,False,559,False,484089256.667,484089326.667,71,1,False,484089256.667,484089326.667,71,1,False,484089256.667,484089326.667,71,1
013232deae171214ceb3,4189773386,A,validation,Cond1,456,False,564,False,484141010.667,484141079.667,70,1,False,484141010.667,484141079.667,70,1,False,484141010.667,484141079.667,70,1
9e66429099fc2f2d7817,4189773472,A,validation,Cond1,456,False,561,False,484120813.0,484120883.0,71,1,False,484120813.0,484120883.0,71,1,False,484120813.0,484120883.0,71,1
85c68db0ef141625790f,4189773496,A,validation,Cond1,456,False,558,False,484087346.333,484087412.333,67,1,False,484087346.333,484087412.333,67,1,False,484087346.333,484087412.333,67,1
eb5074e9f2626b4d716a,4189773496,B,validation,Cond2,456,False,564,False,484140814.667,484140881.667,68,1,False,484140814.667,484140881.667,68,1,False,484140814.667,484140881.667,68,1
6f0932cc6675f3ee2542,4199773688,A,validation,Cond1,456,False,362,False,482350214.667,482350280.667,69,1,False,482350214.667,482350280.667,69,1,False,482350214.667,482350280.667,69,1
9b7894b0342456ec1bc2,4203773672,B,validation,Cond2,456,False,358,False,482329224.333,482329299.0,76,1,False,482329224.333,482329299.0,76,1,False,482329224.333,482329299.0,76,1
63e4354d15a8398b10f4,4203773676,B,validation,Cond2,456,False,358,False,482329023.0,482329089.0,67,1,False,482329023.0,482329089.0,67,1,False,482329023.0,482329089.0,67,1
b6b0e5a857dcc1edaab5,4203773684,B,validation,Cond2,456,False,359,False,482342532.333,482342598.333,67,1,False,482342532.333,482342598.333,67,1,False,482342532.333,482342598.333,67,1
b3b39d6ab2f8abea410e,4203773688,A,validation,Cond1,456,False,350,False,482288600.0,482288665.333,66,1,False,482288600.0,482288665.333,66,1,False,482288600.0,482288665.333,66,1
9a2445259d7561db1c6b,4207773462,A,validation,Cond1,456,False,391,False,482500901.0,482500965.667,66,1,False,482500901.0,482500965.667,66,1,False,482500901.0,482500965.667,66,1
b11cdf408556b6dc8e16,4207773648,A,validation,Cond1,456,False,395,False,482528764.333,482528830.333,67,1,False,482528764.333,482528830.333,67,1,False,482528765.333,482528830.333,66,1
f06a70a0fe6cc5a5d6f6,4207773648,B,validation,Cond2,456,False,400,False,482556266.667,482556331.667,66,1,False,482556267.667,482556331.667,65,1,False,482556267.667,482556331.667,65,1
691357333f4b04269b52,4207773652,A,validation,Cond1,456,False,399,False,482552207.667,482552274.0,67,1,False,482552207.667,482552274.0,67,1,False,482552207.667,482552274.0,67,1
ead35c59de19870f2126,4209773426,A,validation,Cond1,456,False,384,False,482457831.667,482457898.0,67,1,False,482457831.667,482457898.0,67,1,False,482457831.667,482457898.0,67,1
2f6a7a181de5cfaa8cde,4209773430,A,validation,Cond1,456,False,389,False,482485320.0,482485395.333,76,1,False,482485320.0,482485395.333,76,1,False,482485320.0,482485395.333,76,1
4875a75c344482978f36,4209773438,B,validation,Cond2,456,False,390,False,482496788.667,482496820.0,32,1,False,482496788.667,482496820.0,32,1,False,482496788.667,482496820.0,32,1
d9e38067125060fb5fbb,4209773444,A,validation,Cond1,456,False,387,False,482470761.0,482470827.0,67,1,False,482470761.0,482470827.0,67,1,False,482470762.333,482470827.0,66,1
102b404843f3ca85d755,4209773468,A,validation,Cond1,456,False,384,False,482458021.0,482458086.667,67,1,False,482458021.0,482458086.667,67,1,False,482458021.0,482458086.667,67,1
adbd93952208303ff0ae,4211773440,B,validation,Cond2,456,False,390,False,482495354.333,482495383.333,30,1,False,482495354.333,482495383.333,30,1,False,482495354.333,482495383.333,30,1
903046d8521d5e46f345,4211773456,B,validation,Cond2,456,False,384,False,482456975.667,482457042.667,68,1,False,482456975.667,482457042.667,68,1,False,482456975.667,482457042.667,68,1
4bf13660bcc264021545,4211773678,A,validation,Cond1,456,False,378,False,482421549.333,482421616.333,68,1,False,482421549.333,482421616.333,68,1,False,482421549.333,482421616.333,68,1
371865969277bcb488f9,4213773672,A,validation,Cond1,456,False,369,False,482377264.333,482377331.333,68,1,False,482377265.0,482377331.333,67,1,False,482377265.0,482377331.333,67,1
c01c074868e062be80cf,4213773680,A,validation,Cond1,456,False,382,False,482438320.667,482438386.667,67,1,False,482438320.667,482438386.667,67,1,False,482438320.667,482438386.667,67,1
730da3d027a9ed07b05d,4213773722,B,validation,Cond2,456,False,384,False,482455819.0,482455883.0,65,1,False,482455819.0,482455883.0,65,1,False,482455819.0,482455883.0,65,1
71da84cd5e28dcf927b7,4215773460,A,validation,Cond1,456,False,457,False,483071818.333,483071863.667,46,1,False,483071818.333,483071863.667,46,1,False,483071818.333,483071863.667,46,1
fcf28b1af17c9802ede9,4215773464,B,validation,Cond2,456,False,443,False,482838536.0,482838601.333,65,1,False,482838536.0,482838601.333,65,1,False,482838536.0,482838601.333,65,1
99ac0ef170cab61c4235,4219773464,A,validation,Cond1,456,False,406,False,482632029.667,482632097.667,69,1,False,482632030.667,482632097.667,68,1,False,482632030.667,482632097.667,68,1
662cd213b2cc0a6b8a23,4219773488,A,validation,Cond1,456,False,429,False,482742840.667,482742904.333,53,1,False,482742840.667,482742904.333,53,1,False,482742840.667,482742904.333,53,1
4dfafbe5f76d143f8487,4219773496,B,validation,Cond2,456,False,430,False,482760201.0,482760236.0,36,1,False,482760201.0,482760236.0,36,1,False,482760201.0,482760236.0,36,1
88fbb6fe7f7156acd3d1,4219773686,A,validation,Cond1,456,False,419,False,482689942.0,482690009.0,68,1,False,482689942.0,482690009.0,68,1,False,482689943.333,482690009.0,67,1
e477432be3307a7465d3,4219773686,B,validation,Cond2,456,False,426,False,482728219.0,482728285.667,68,1,False,482728219.0,482728285.667,68,1,False,482728219.0,482728285.667,68,1
897bee1bf99f151a6176,4221773730,A,validation,Cond1,456,False,405,False,482621441.0,482621506.667,67,1,False,482621441.0,482621506.667,67,1,False,482621442.0,482621506.667,66,1
db65febf89adc26f3276,4221773742,A,validation,Cond1,456,False,405,False,482622017.667,482622084.0,68,1,False,482622017.667,482622084.0,68,1,False,482622018.0,482622084.0,67,1
2eb9a4a0ad0960ceacbb,4223773492,B,validation,Cond2,456,False,526,False,483861377.0,483861443.333,67,1,False,483861377.0,483861443.333,67,1,False,483861378.0,483861443.333,66,1
696263361cba3205c18b,4225773730,B,validation,Cond2,456,False,506,False,483610373.667,483610439.667,67,1,False,483610373.667,483610439.667,67,1,False,483610373.667,483610439.667,67,1
46dce212d8c575b7596f,4225773734,A,validation,Cond1,456,False,497,False,483478977.333,483479044.0,68,1,False,483478977.333,483479044.0,68,1,False,483478978.333,483479044.0,67,1
c2ece8ac966945a0e2f1,4225773758,B,validation,Cond2,456,False,507,False,483630156.333,483630222.0,67,1,False,483630156.333,483630222.0,67,1,False,483630156.333,483630222.0,67,1
488916a7c7d3b9ea7c0d,4227773658,A,validation,Cond1,456,False,486,False,483384684.667,483384749.667,68,1,False,483384685.0,483384749.667,67,1,False,483384685.0,483384749.667,67,1
7005c86d0920a13f4cd0,4229773648,A,validation,Cond1,456,False,467,False,483161001.0,483161076.667,77,1,False,483161001.0,483161076.667,77,1,False,483161001.0,483161076.667,77,1
203bb84e13443f7254b6,4229773660,A,validation,Cond1,456,False,467,False,483161196.667,483161262.667,67,1,False,483161197.667,483161262.667,66,1,False,483161197.667,483161262.667,66,1
b3f8b13576d7d5ff6f8b,4229773660,B,validation,Cond2,456,False,471,False,483201735.0,483201802.0,70,1,False,483201735.0,483201802.0,70,1,False,483201735.333,483201802.0,69,1
38ab47e5f27c1f99ffaf,4229773698,B,validation,Cond2,456,False,491,False,483418506.667,483418542.667,37,1,False,483418508.0,483418542.667,36,1,False,483418508.0,483418542.667,36,1
a9e8954120225656d76b,4229773742,B,validation,Cond2,456,False,423,False,482706532.667,482706597.667,66,1,False,482706532.667,482706597.667,66,1,False,482706532.667,482706597.667,66,1
ab666fc66de12fb8baa7,4229773750,B,validation,Cond2,456,False,477,False,483252725.333,483252740.0,16,1,False,483252725.333,483252740.0,16,1,False,483252725.333,483252740.0,16,1
802b230d0aa13ef09b01,-4226160404,A,test,Cond1,456,False,278,False,481701141.0,481701209.333,70,1,False,481701141.0,481701209.333,70,1,False,481701141.0,481701209.333,70,1
78293129114a408f1e80,-4224160686,A,test,Cond1,456,False,269,False,481663737.667,481663804.667,68,1,False,481663737.667,481663804.667,68,1,False,481663737.667,481663804.667,68,1
d2b619d0c27a2215d97d,-4224160678,B,test,Cond2,456,False,268,False,481656576.667,481656642.333,67,1,False,481656577.667,481656642.333,66,1,False,481656577.667,481656642.333,66,1
8cbfa251ad6482b9468a,-4224160592,A,test,Cond1,456,False,266,False,481638036.333,481638099.0,53,1,False,481638036.333,481638099.0,53,1,False,481638037.667,481638099.0,52,1
2f19a3b3f53f74c8f06d,-4222160444,B,test,Cond2,456,False,338,False,482153670.333,482153741.667,53,1,False,482153670.333,482153741.667,53,1,False,482153670.333,482153741.667,53,1
57fe37f23a7a563e92b5,-4222160424,B,test,Cond2,456,False,340,False,482165476.667,482165547.0,71,1,False,482165476.667,482165547.0,71,1,False,482165476.667,482165547.0,71,1
d88729a1562ff7919ee6,-4222160392,B,test,Cond2,456,False,340,False,482165080.333,482165148.333,69,1,False,482165080.333,482165148.333,69,1,False,482165080.333,482165148.333,69,1
962437a2fbc3b6042db7,-4220160694,B,test,Cond2,456,False,372,False,482383348.333,482383417.667,69,1,False,482383348.333,482383417.667,69,1,False,482383349.333,482383417.667,68,1
f87bd15cfe0b9c9d8415,-4220160674,B,test,Cond2,456,False,373,False,482392935.333,482393000.667,66,1,False,482392935.333,482393000.667,66,1,False,482392935.333,482393000.667,66,1
764753670487fc80d24c,-4220160654,A,test,Cond1,456,False,356,False,482324208.667,482324274.667,66,1,False,482324208.667,482324274.667,66,1,False,482324208.667,482324274.667,66,1
7f2459acd6f57454c4de,-4220160642,B,test,Cond2,456,False,368,False,482371412.0,482371478.0,67,1,False,482371412.0,482371478.0,67,1,False,482371412.0,482371478.0,67,1
957c27960f457cd8dabf,-4220160584,B,test,Cond2,456,False,343,False,482190937.333,482191005.0,69,1,False,482190937.333,482191005.0,69,1,False,482190937.333,482191005.0,69,1
fb0eae697a9519d0905e,-4141512092,A,test,Cond1,456,False,404,False,482617362.0,482617429.0,67,1,False,482617362.0,482617429.0,67,1,False,482617362.0,482617429.0,67,1
578662795c0c299ba758,-4139511862,A,test,Cond1,456,False,408,False,482641226.0,482641292.667,68,1,False,482641226.0,482641292.667,68,1,False,482641226.0,482641292.667,68,1
f60abb8f931c66b5bf55,-4113511760,A,test,Cond1,456,False,276,False,481693300.333,481693366.333,67,1,False,481693300.333,481693366.333,67,1,False,481693300.333,481693366.333,67,1
240582ac933b31585eaa,-4111512042,A,test,Cond1,456,False,359,False,482342336.333,482342402.667,67,1,False,482342336.333,482342402.667,67,1,False,482342336.333,482342402.667,67,1
c26e0c529372ea2ee611,-4111511840,B,test,Cond2,456,False,370,False,482379269.0,482379335.0,66,1,False,482379269.0,482379335.0,66,1,False,482379269.0,482379335.0,66,1
49bba6db5bee77022ef6,-4045511872,B,test,Cond2,456,False,646,False,484863315.0,484863383.333,70,1,False,484863315.0,484863383.333,70,1,False,484863315.0,484863383.333,70,1
9fd0ed5ba993979a6cfd,-4043511804,B,test,Cond2,456,False,648,False,484873743.333,484873813.0,71,1,False,484873743.333,484873813.0,71,1,False,484873743.333,484873813.0,71,1
bf41f45050aa7ffc0a41,-4043511570,B,test,Cond2,456,False,665,False,484936056.667,484936125.667,70,1,False,484936056.667,484936125.667,70,1,False,484936056.667,484936125.667,70,1
ab2a98cd53feb4a9b68e,-4041511816,B,test,Cond2,456,False,796,False,485738252.0,485738317.0,66,1,False,485738252.0,485738317.0,66,1,False,485738252.0,485738317.0,66,1
1ac24eafd0da43e258bc,-4037511812,B,test,Cond2,456,False,696,False,485159235.0,485159302.0,68,1,False,485159235.0,485159302.0,68,1,False,485159235.0,485159302.0,68,1
b975a3224ef6639f0a72,-4035511804,B,test,Cond2,456,False,682,False,485078997.0,485079062.0,66,1,False,485078997.0,485079062.0,66,1,False,485078997.0,485079062.0,66,1
05a15453e1d30c4d06e3,-4035511566,B,test,Cond2,456,False,697,False,485161965.0,485162037.0,73,1,False,485161965.0,485162037.0,73,1,False,485161966.0,485162037.0,72,1
bbb5ef61589c83445e6d,-4033511554,A,test,Cond1,456,False,723,False,485318870.0,485318935.667,67,1,False,485318870.0,485318935.667,67,1,False,485318870.0,485318935.667,67,1
98cba2b96f73f2b35fd6,-4033511552,A,test,Cond1,456,False,732,False,485356866.667,485356932.333,67,1,False,485356866.667,485356930.333,65,1,False,485356866.667,485356930.333,65,1
fcd498cc64e4e283fd14,-4033511540,A,test,Cond1,456,False,715,False,485262343.0,485262413.0,71,1,False,485262343.0,485262413.0,71,1,False,485262344.0,485262413.0,70,1
43f41ee9574e59f97f85,-4027511798,A,test,Cond1,456,False,437,False,482797501.333,482797566.667,76,1,False,482797501.333,482797566.667,76,1,False,482797501.333,482797566.667,76,1
3412955d6c5ac4440b55,-4025511544,A,test,Cond1,456,False,477,False,483253454.0,483253520.333,67,1,False,483253454.0,483253520.333,67,1,False,483253454.0,483253520.333,67,1
d279bdf911278448128d,-4025511544,B,test,Cond2,456,False,483,False,483286540.0,483286606.667,70,1,False,483286540.0,483286606.667,70,1,False,483286541.0,483286606.667,69,1
d57fb09251db630e1c42,-4025511528,B,test,Cond2,456,False,463,False,483102826.667,483102893.333,68,1,False,483102826.667,483102893.333,68,1,False,483102826.667,483102893.333,68,1
e75722edfe57cace8431,-4025511500,B,test,Cond2,456,False,479,False,483263688.333,483263750.333,64,1,False,483263688.333,483263750.333,64,1,False,483263688.333,483263750.333,64,1
43b8588baa3f12c6ca6b,-4023511616,A,test,Cond1,456,False,472,True,483212652.667,483212824.0,177,1,True,483212652.667,483212824.0,177,1,True,483212652.667,483212824.0,177,1
effbef4e397b3bf03d9b,-4023511604,A,test,Cond1,456,False,473,False,483225588.333,483225653.0,66,1,False,483225588.333,483225653.0,66,1,False,483225588.333,483225653.0,66,1
4a8255e9c03d9064da6e,-4021511610,A,test,Cond1,456,False,510,False,483644582.667,483644648.333,67,1,False,483644582.667,483644648.333,67,1,False,483644582.667,483644648.333,67,1
2d9bec1b3d81c5674e0f,-4019511786,B,test,Cond2,456,False,546,False,484019999.0,484020069.333,71,1,False,484019999.0,484020069.333,71,1,False,484020000.333,484020069.333,70,1
604297c540f93a7ea7a1,-4019511762,A,test,Cond1,456,False,532,False,483929224.667,483929290.667,67,1,False,483929224.667,483929290.667,67,1,False,483929224.667,483929290.667,67,1
4c93d5d8a6926d298bc4,-4019511616,A,test,Cond1,456,False,535,False,483946363.0,483946431.0,69,1,False,483946363.0,483946431.0,69,1,False,483946364.0,483946431.0,68,1
5e954f010a07d7b406c0,-4019511596,B,test,Cond2,456,False,541,False,483990621.667,483990687.0,67,1,False,483990621.667,483990687.0,67,1,False,483990621.667,483990687.0,67,1
40b3ead632c8b379236a,-4017511602,B,test,Cond2,456,False,538,False,483963041.333,483963112.0,71,1,False,483963042.333,483963112.0,70,1,False,483963042.333,483963112.0,70,1
4d02baea5f92507f22f0,-4017511594,B,test,Cond2,456,False,539,False,483964902.333,483964971.333,70,1,False,483964902.333,483964971.333,70,1,False,483964902.333,483964971.333,70,1
0840e6892b63ab3fb73d,-4017511500,B,test,Cond2,456,False,539,False,483965105.333,483965173.667,69,1,False,483965105.333,483965173.667,69,1,False,483965105.333,483965173.667,69,1
2c40e43ca8186da9e870,-3784722864,B,test,Cond2,456,False,394,False,482520589.333,482520653.667,61,1,False,482520589.333,482520653.667,61,1,False,482520589.333,482520653.667,61,1
18de11410d8e0e935400,-3784722856,B,test,Cond2,456,False,333,False,482131422.667,482131487.667,66,1,False,482131422.667,482131487.667,66,1,False,482131422.667,482131487.667,66,1
ef55cca9a61c5f46bf0d,-3784722762,B,test,Cond2,456,False,415,False,482665209.0,482665274.667,67,1,False,482665209.0,482665274.667,67,1,False,482665209.0,482665274.667,67,1
6e87305a98324b192f85,-3780722714,A,test,Cond1,456,False,985,False,487062965.333,487063036.333,72,1,False,487062965.333,487063036.333,72,1,False,487062965.333,487063036.333,72,1
d952f73daa3cfa643d4f,-3780722714,B,test,Cond2,456,False,1000,False,487140809.667,487140879.667,71,1,False,487140810.667,487140879.667,70,1,False,487140810.667,487140879.667,70,1
8a557519f593fe021263,-2701400560,B,test,Cond2,456,False,410,False,482649053.667,482649118.0,65,1,False,482649053.667,482649118.0,65,1,False,482649053.667,482649118.0,65,1
740db52c219cdb88368f,-2701400556,B,test,Cond2,456,False,412,False,482654890.333,482654963.333,73,1,False,482654890.333,482654963.333,73,1,False,482654890.333,482654963.333,73,1
1b71d0d68b678324b5ec,-2701400544,A,test,Cond1,456,False,405,False,482621055.333,482621123.667,71,1,False,482621055.333,482621123.667,71,1,False,482621055.333,482621123.667,71,1
72f27f0639e543a56a3e,-2699400360,A,test,Cond1,456,False,405,False,482621633.0,482621699.0,67,1,False,482621633.0,482621699.0,67,1,False,482621633.0,482621699.0,67,1
ca786fef1ace9de4a2dc,-2579249818,A,test,Cond1,456,False,342,False,482180118.0,482180184.0,67,1,False,482180118.0,482180184.0,67,1,False,482180118.0,482180184.0,67,1
070a26f87b8bb0196d5a,-2569249796,A,test,Cond1,456,False,764,False,485556510.333,485556579.333,70,1,False,485556511.333,485556579.333,69,1,False,485556511.333,485556579.333,69,1
926a1c06ffe4fe95a1d6,-2567249784,A,test,Cond1,456,False,766,False,485563951.333,485564016.333,66,1,False,485563951.333,485564016.333,66,1,False,485563951.333,485564016.333,66,1
2f2bc1534b1e3fdd9d52,-2565249990,B,test,Cond2,456,False,445,False,482928781.0,482928847.667,68,1,False,482928782.0,482928847.667,67,1,False,482928782.0,482928847.667,67,1
4c4101c930efb6d446eb,-2565249986,A,test,Cond1,456,False,429,False,482742649.0,482742716.0,68,1,False,482742649.0,482742716.0,68,1,False,482742649.0,482742716.0,68,1
95a66aac498374b464f2,-2149929676,A,test,Cond1,456,False,504,False,483603083.667,483603150.0,66,1,False,483603083.667,483603150.0,66,1,False,483603083.667,483603150.0,66,1
76878d721fb53e76d9fc,-2149929668,A,test,Cond1,456,False,505,False,483608202.667,483608268.667,67,1,False,483608202.667,483608268.667,67,1,False,483608202.667,483608268.667,67,1
193ca7033f67b8f177e8,-2143929736,A,test,Cond1,456,False,455,False,483066090.0,483066156.0,67,1,False,483066090.0,483066156.0,67,1,False,483066090.0,483066156.0,67,1
54e352c9fcb29c063a3c,-2141929708,B,test,Cond2,456,False,452,False,482990620.667,482990686.667,67,1,False,482990620.667,482990686.667,67,1,False,482990620.667,482990686.667,67,1
bd0e4ec69375e5934138,-2141929704,B,test,Cond2,456,False,442,False,482816548.0,482816613.0,66,1,False,482816548.0,482816613.0,66,1,False,482816548.0,482816613.0,66,1
f0fb91da579f6f1f49ec,-2139929776,A,test,Cond1,456,False,504,False,483602690.333,483602757.0,70,1,False,483602690.667,483602757.0,69,1,False,483602690.667,483602757.0,69,1
58c585360a59e28b17a2,-2133929504,B,test,Cond2,456,False,380,False,482427739.667,482427806.333,68,1,False,482427740.667,482427806.333,67,1,False,482427740.667,482427806.333,67,1
404093efb1e18525aae2,-2131929490,A,test,Cond1,456,False,418,False,482688360.0,482688425.0,66,1,False,482688360.0,482688425.0,66,1,False,482688360.0,482688425.0,66,1
767913bddf4c33a0a5f6,-2131929472,A,test,Cond1,456,False,434,False,482773323.0,482773388.667,67,1,False,482773323.0,482773388.667,67,1,False,482773323.0,482773388.667,67,1
1d46a590ac050bf38b25,-2131929444,A,test,Cond1,456,False,407,False,482640281.333,482640348.333,68,1,False,482640281.333,482640348.333,68,1,False,482640281.333,482640348.333,68,1
1b3066545c255d2e7616,-2129929678,A,test,Cond1,456,False,396,False,482538193.333,482538259.333,67,1,False,482538193.333,482538259.333,67,1,False,482538193.333,482538259.333,67,1
532038a18961d4c7362a,-2129929480,B,test,Cond2,456,False,387,False,482472161.333,482472227.333,67,1,False,482472161.333,482472227.333,67,1,False,482472161.333,482472227.333,67,1
a0e35412fee239717c15,-2129929476,B,test,Cond2,456,False,389,False,482485510.0,482485578.0,69,1,False,482485511.667,482485578.0,68,1,False,482485511.667,482485578.0,68,1
2cd489492c0fd76d31d5,-2045929450,B,test,Cond2,456,False,620,False,484607449.667,484607519.333,71,1,False,484607449.667,484607519.333,71,1,False,484607450.333,484607519.333,70,1
aacb8f147338006805aa,-2045929446,B,test,Cond2,456,False,621,False,484608686.0,484608755.0,70,1,False,484608686.0,484608755.0,70,1,False,484608686.0,484608755.0,70,1
1cb5a5cbb8d20b9f85cd,-2039929208,A,test,Cond1,456,False,539,False,483967773.0,483967841.667,70,1,False,483967774.0,483967841.667,69,1,False,483967774.0,483967841.667,69,1
f6323ed237c5935fcaad,-2033929454,A,test,Cond1,456,False,584,False,484344305.667,484344343.667,44,1,False,484344307.333,484344343.667,43,1,False,484344307.333,484344343.667,43,1
ef41dca19f87cb9db634,-2033929446,A,test,Cond1,456,False,584,False,484344697.0,484344766.0,70,1,False,484344697.0,484344766.0,70,1,False,484344698.0,484344766.0,69,1
ea815ab5a7798dc8b3d0,-2033929442,A,test,Cond1,456,False,583,False,484336176.0,484336246.0,71,1,False,484336176.0,484336246.0,71,1,False,484336177.0,484336246.0,70,1
ec299949f47acf4481eb,-2033929422,B,test,Cond2,456,False,565,False,484143238.667,484143308.333,66,1,False,484143238.667,484143308.333,66,1,False,484143238.667,484143308.333,66,1
e4a8d590a7f0cdfa810c,-2033929280,B,test,Cond2,456,False,563,False,484135326.0,484135393.667,78,1,False,484135326.0,484135393.667,78,1,False,484135327.333,484135393.667,77,1
833989e1b27359f5fcd1,-1720100472,B,test,Cond2,456,False,644,False,484850001.0,484850066.0,66,1,False,484850001.0,484850066.0,66,1,False,484850001.0,484850066.0,66,1
2bee269ffc1783adc8f9,-1720100456,B,test,Cond2,456,False,649,False,484878113.333,484878183.333,71,1,False,484878113.333,484878183.333,71,1,False,484878114.333,484878183.333,70,1
a7a50e39d82263ff1fda,-1714100714,A,test,Cond1,456,False,581,False,484310036.333,484310104.333,69,1,False,484310036.333,484310104.333,69,1,False,484310036.333,484310104.333,69,1
4785068d163fb47d5d68,-1714100528,B,test,Cond2,456,False,566,False,484148115.667,484148182.667,68,1,False,484148115.667,484148182.667,68,1,False,484148115.667,484148182.667,68,1
4776e888a023544db6b1,-1193530638,A,test,Cond3,123,False,69,False,483135970.0,483136127.0,158,1,False,483135970.0,483136127.0,158,1,False,483135970.0,483136127.0,158,1
a46bebf8e9f512a996be,-1183530650,A,test,Cond3,123,False,18,False,481895979.333,481896131.333,150,1,False,481895979.333,481896131.333,150,1,False,481895979.333,481896131.333,150,1
40bed85ae6557f5ba21f,-1183530600,A,test,Cond3,123,False,63,False,482942989.0,482943144.0,156,1,False,482942989.0,482943144.0,156,1,False,482942989.0,482943144.0,156,1
85d6e790a5c68d082c31,-903170202,A,test,Cond1,456,False,362,False,482350021.0,482350087.667,68,1,False,482350022.0,482350087.667,67,1,False,482350022.0,482350087.667,67,1
d5781eb69b823c502bd1,-903170120,A,test,Cond1,456,False,361,False,482348055.0,482348121.667,68,1,False,482348055.0,482348121.667,68,1,False,482348055.0,482348121.667,68,1
650a13d664b0452243c7,-903170120,B,test,Cond2,456,False,369,False,482377847.0,482377914.0,68,1,False,482377847.0,482377914.0,68,1,False,482377847.0,482377914.0,68,1
ac3d00b3184df4597929,-899170202,B,test,Cond2,456,False,324,False,481985451.667,481985517.667,67,1,False,481985451.667,481985517.667,67,1,False,481985451.667,481985517.667,67,1
1c07593c740f2420a217,-899170194,A,test,Cond1,456,False,319,False,481948463.0,481948530.0,68,1,False,481948463.0,481948530.0,68,1,False,481948464.333,481948530.0,67,1
c963be8f10cffffbc7e5,-899170172,A,test,Cond1,456,False,316,False,481936619.333,481936686.667,68,1,False,481936620.333,481936686.667,67,1,False,481936620.333,481936686.667,67,1
278eef490e1b8b5a998e,-899170164,A,test,Cond1,456,False,320,False,481951596.333,481951620.667,30,1,False,481951596.333,481951620.667,30,1,False,481951596.333,481951620.667,30,1
42920a47f36ad70bcb75,-897170418,B,test,Cond2,456,False,358,True,482330156.0,482330330.333,177,1,True,482330156.0,482330330.333,177,1,True,482330156.0,482330330.333,177,1
5e3b5c759e17de0ad882,-887170152,B,test,Cond2,456,False,267,False,481645048.667,481645071.667,24,1,False,481645048.667,481645071.667,24,1,False,481645048.667,481645071.667,24,1
ac8990d5cceaedd7d901,-879170266,A,test,Cond1,456,False,289,False,481750010.333,481750031.333,22,1,False,481750010.333,481750031.333,22,1,False,481750010.333,481750031.333,22,1
e1a33ee9593555a25d87,-879170254,B,test,Cond2,456,False,302,False,481842080.0,481842147.0,69,1,False,481842080.0,481842147.0,69,1,False,481842080.333,481842147.0,68,1
580873c249e099e5a59d,-879170112,B,test,Cond2,456,False,302,True,481842606.667,481842789.0,201,1,True,481842606.667,481842789.0,201,1,True,481842606.667,481842789.0,201,1
1d410fde2606e936250d,-879170104,B,test,Cond2,456,False,310,False,481905693.333,481905759.333,67,1,False,481905693.333,481905759.333,67,1,False,481905693.333,481905759.333,67,1
3ffaf599b5242d939e38,-879170084,A,test,Cond1,456,False,316,False,481936422.667,481936489.333,67,1,False,481936423.667,481936489.333,66,1,False,481936423.667,481936489.333,66,1
1fa79b59f22cb39b8f6d,-879170080,A,test,Cond1,456,False,308,False,481893404.667,481893443.0,26,1,False,481893404.667,481893443.0,26,1,False,481893404.667,481893443.0,26,1
b4d7bb3408e2d7f8842d,-879170064,A,test,Cond1,456,False,294,False,481794480.0,481794548.333,69,1,False,481794480.0,481794548.333,69,1,False,481794481.0,481794548.333,68,1
131d05f9047d306b06a7,-877170362,A,test,Cond1,456,False,311,False,481912209.333,481912277.0,69,1,False,481912209.333,481912277.0,69,1,False,481912209.333,481912277.0,69,1
c5fc910a4b3dc7a8e887,-877170350,B,test,Cond2,456,False,324,False,481987535.0,481987601.667,68,1,False,481987535.0,481987601.667,68,1,False,481987535.0,481987601.667,68,1
9a4eb8d586f294700a91,-877170314,A,test,Cond1,456,False,316,False,481936022.667,481936088.667,67,1,False,481936022.667,481936088.667,67,1,False,481936022.667,481936088.667,67,1
2922b1fbfa9542718f5f,-873170358,A,test,Cond1,456,False,277,False,481698631.333,481698673.667,43,1,False,481698631.333,481698673.667,43,1,False,481698631.333,481698673.667,43,1
72bfbb8b9ab0048db081,-873170342,A,test,Cond1,456,False,270,False,481665869.333,481665935.333,67,1,False,481665869.333,481665935.333,67,1,False,481665869.333,481665935.333,67,1
1baaf4761c3110190e59,-873170338,B,test,Cond2,456,False,290,False,481756536.333,481756604.333,69,1,False,481756536.333,481756604.333,69,1,False,481756536.333,481756604.333,69,1
d76b13048dbb9a77aa6b,-873170314,B,test,Cond2,456,False,289,False,481749294.333,481749360.0,67,1,False,481749294.333,481749360.0,67,1,False,481749294.333,481749360.0,67,1
c2d51a431c1ca85e4120,-873170310,A,test,Cond1,456,False,282,False,481716368.333,481716433.333,66,1,False,481716368.333,481716433.333,66,1,False,481716368.333,481716433.333,66,1
d8b3bf030cac52b6df0e,-873170244,A,test,Cond1,456,False,270,False,481665669.333,481665735.333,67,1,False,481665669.333,481665735.333,67,1,False,481665669.333,481665735.333,67,1
7722400135e192d2237e,29494088,B,test,Cond2,456,False,1003,False,487163088.667,487163155.0,67,1,False,487163088.667,487163155.0,67,1,False,487163088.667,487163155.0,67,1
90be7b4b27b44060dd5a,29494100,B,test,Cond2,456,False,1006,False,487185151.667,487185215.0,59,1,False,487185151.667,487185215.0,59,1,False,487185152.667,487185215.0,58,1
9568569c28b202e4863d,29494112,A,test,Cond1,456,False,989,False,487091290.333,487091359.333,70,1,False,487091290.333,487091359.333,70,1,False,487091290.333,487091359.333,70,1
6085727d6ece27d56f3c,29494128,A,test,Cond1,456,False,990,False,487105387.333,487105457.333,71,1,False,487105387.333,487105457.333,71,1,False,487105387.333,487105457.333,71,1
e36c6ea665925d836c4d,29494162,B,test,Cond2,456,False,1006,False,487184967.0,487185035.0,69,1,False,487184967.0,487185035.0,69,1,False,487184968.0,487185035.0,68,1
2e80bf402dc99d688266,31494164,B,test,Cond2,456,False,1004,False,487168551.0,487168620.0,70,1,False,487168551.0,487168620.0,70,1,False,487168551.0,487168620.0,70,1
2aab1e24996b676e4523,31494172,A,test,Cond1,456,False,998,False,487136455.0,487136523.667,70,1,False,487136455.0,487136523.667,70,1,False,487136455.0,487136523.667,70,1
0ba8d7ab2acbc60af0a2,33494084,A,test,Cond1,456,False,1011,False,487215686.333,487215755.333,70,1,False,487215686.333,487215755.333,70,1,False,487215686.333,487215755.333,70,1
b253dcf3858f5936bc95,33494140,A,test,Cond1,456,False,1009,False,487209825.333,487209896.333,72,1,False,487209825.333,487209896.333,72,1,False,487209825.333,487209896.333,72,1
602fe24f74039ecae663,33494174,A,test,Cond1,456,False,1011,False,487216068.667,487216142.333,75,1,False,487216068.667,487216142.333,75,1,False,487216068.667,487216142.333,75,1
aeeb3f1c51988fdbb2ec,37494374,A,test,Cond1,456,False,963,False,486934776.333,486934845.333,70,1,False,486934776.333,486934845.333,70,1,False,486934776.333,486934845.333,70,1
ddde3d9cd9c153bd5bd1,37494400,A,test,Cond1,456,False,960,False,486915149.333,486915213.0,85,1,False,486915149.333,486915213.0,85,1,False,486915149.333,486915213.0,85,1
33f71953596408ca76b3,37494424,A,test,Cond1,456,False,969,False,486956304.333,486956370.333,67,1,False,486956304.333,486956370.333,67,1,False,486956304.333,486956370.333,67,1
41543b17d99489751f7a,37494440,A,test,Cond1,456,False,963,False,486934586.333,486934652.333,67,1,False,486934586.333,486934652.333,67,1,False,486934586.333,486934652.333,67,1
638bccbe4b722eb77d11,41494382,A,test,Cond1,456,False,977,False,487018195.333,487018262.0,68,1,False,487018195.333,487018262.0,68,1,False,487018195.333,487018262.0,68,1
8bc32a935d3dbc6a6377,41494448,A,test,Cond1,456,False,985,False,487063153.333,487063223.333,71,1,False,487063153.333,487063223.333,71,1,False,487063153.333,487063223.333,71,1
6c1fd2970a42686b16eb,41494448,B,test,Cond2,456,False,999,False,487138309.667,487138379.0,70,1,False,487138309.667,487138379.0,70,1,False,487138309.667,487138379.0,70,1
7359fe9944f2bb68e4ec,43494154,A,test,Cond1,456,False,989,False,487092119.333,487092185.333,67,1,False,487092119.333,487092185.333,67,1,False,487092119.333,487092185.333,67,1
3f935a8c1167fd8b76ad,43494162,B,test,Cond2,456,False,999,False,487138121.667,487138180.0,59,1,False,487138121.667,487138180.0,59,1,False,487138121.667,487138180.0,59,1
a2c652763ef774058ba3,43494194,B,test,Cond2,456,False,994,False,487115993.667,487116059.667,66,1,False,487115993.667,487116059.667,66,1,False,487115993.667,487116059.667,66,1
bebfdab8413eaca10cec,43494198,A,test,Cond1,456,False,990,False,487105573.333,487105642.333,70,1,False,487105573.333,487105642.333,70,1,False,487105573.333,487105642.333,70,1
b9439a1f559670b1388c,43494368,B,test,Cond2,456,False,1003,False,487163655.0,487163722.667,69,1,False,487163655.667,487163722.667,68,1,False,487163655.667,487163722.667,68,1
d9155dbc1410d9e916b4,43494396,A,test,Cond1,456,False,985,False,487062593.333,487062658.333,66,1,False,487062593.333,487062658.333,66,1,False,487062593.333,487062658.333,66,1
7d84b8e9ad53989df68f,319446600,A,test,Cond3,123,False,38,False,482305068.0,482305217.667,151,1,False,482305068.0,482305217.667,151,1,False,482305068.0,482305217.667,151,1
1e0940a534cad3bba3b4,323446632,A,test,Cond3,123,False,90,False,483449378.667,483449532.667,154,1,False,483449378.667,483449532.667,154,1,False,483449378.667,483449532.667,154,1
eb2122dc052db2a66cfe,323446698,A,test,Cond3,123,False,82,False,483354097.667,483354252.333,156,1,False,483354097.667,483354252.333,156,1,False,483354097.667,483354252.333,156,1
809096580291310a732e,323446710,A,test,Cond3,123,False,82,False,483354841.333,483354996.333,156,1,False,483354841.333,483354996.333,156,1,False,483354841.333,483354996.333,156,1
63b30f73d6172de799a4,325446712,A,test,Cond3,123,False,52,False,482537123.0,482537272.667,149,1,False,482537123.0,482537272.667,149,1,False,482537123.0,482537272.667,149,1
bc614ddbcbec41849901,325446874,A,test,Cond3,123,False,75,False,483254226.0,483254375.0,149,1,False,483254226.0,483254375.0,149,1,False,483254226.0,483254375.0,149,1
006b0b385c96ff685425,325446878,A,test,Cond3,123,False,75,False,483254071.0,483254220.0,150,1,False,483254071.0,483254220.0,150,1,False,483254071.0,483254220.0,150,1
7882adf4c667faf00510,331446624,A,test,Cond3,123,False,30,False,482135542.667,482135700.667,159,1,False,482135542.667,482135700.667,159,1,False,482135542.667,482135700.667,159,1
b2418d76b2e497ab1265,331446636,A,test,Cond3,123,False,29,False,482129529.667,482129679.667,149,1,False,482129529.667,482129679.667,149,1,False,482129529.667,482129679.667,149,1
92b1f654577f3aa99299,331446652,A,test,Cond3,123,False,35,False,482208187.333,482208334.333,148,1,False,482208187.333,482208334.333,148,1,False,482208187.333,482208334.333,148,1
f61f9f8a880f150b5798,331446686,A,test,Cond3,123,False,33,False,482198802.333,482198950.333,148,1,False,482198802.333,482198950.333,148,1,False,482198802.333,482198950.333,148,1
5ec5594c255a8b231fdc,333446664,A,test,Cond3,123,False,26,False,482012667.333,482012824.333,158,1,False,482012667.333,482012824.333,158,1,False,482012667.333,482012824.333,158,1
58403f0dadfb1e9cb730,343446952,A,test,Cond3,123,False,100,False,483792568.0,483792713.333,146,1,False,483792568.0,483792713.333,146,1,False,483792568.0,483792713.333,146,1
aaa43e2924c2482876aa,345446698,A,test,Cond3,123,False,96,False,483600587.0,483600724.667,145,1,False,483600587.0,483600724.667,145,1,False,483600587.0,483600724.667,145,1
e9a40d2245015d4bd955,345446888,A,test,Cond3,123,False,94,False,483595157.0,483595312.0,156,1,False,483595157.0,483595312.0,156,1,False,483595157.0,483595312.0,156,1
0df71fbae975a7245e3c,345446900,A,test,Cond3,123,False,93,False,483505415.667,483505564.667,149,1,False,483505415.667,483505564.667,149,1,False,483505415.667,483505564.667,149,1
62a12c0d42f4848accee,349446714,A,test,Cond3,123,False,113,False,484126530.667,484126677.667,147,1,False,484126530.667,484126677.667,147,1,False,484126530.667,484126677.667,147,1
e0983b66510d97641c65,349446880,A,test,Cond3,123,False,134,False,484322389.667,484322529.667,141,1,False,484322389.667,484322529.667,141,1,False,484322389.667,484322529.667,141,1
632cd5631d4050089994,349446908,A,test,Cond3,123,False,101,False,483795062.0,483795214.0,153,1,False,483795062.0,483795214.0,153,1,False,483795062.0,483795214.0,153,1
78aaddc26c439d002045,371447012,A,test,Cond3,123,False,7,False,481717458.0,481717599.333,141,1,False,481717458.0,481717599.333,141,1,False,481717458.0,481717599.333,141,1
aac924067e4e78a61ef9,373446766,A,test,Cond3,123,False,2,False,481639228.333,481639383.667,156,1,False,481639228.333,481639383.667,156,1,False,481639228.333,481639383.667,156,1
c6b7b39162b16aa2dcca,373446782,A,test,Cond3,123,False,3,False,481687336.0,481687483.0,147,1,False,481687336.0,481687483.0,147,1,False,481687336.0,481687483.0,147,1
e4930977c9167712fad0,675222828,A,test,Cond3,123,False,41,False,482376315.0,482376475.0,161,1,False,482376315.0,482376475.0,161,1,False,482376315.0,482376475.0,161,1
99845544c876fcd9dead,675222844,A,test,Cond3,123,False,42,False,482378288.0,482378431.333,144,1,False,482378288.0,482378431.333,144,1,False,482378288.0,482378431.333,144,1
4a1f7fe13bf5c4089572,1270253696,A,test,Cond1,456,False,941,False,486747425.333,486747490.333,66,1,False,486747425.333,486747490.333,66,1,False,486747425.333,486747490.333,66,1
a9a54e71945c604de534,1270253708,B,test,Cond2,456,False,959,False,486912630.0,486912695.667,67,1,False,486912630.0,486912695.667,67,1,False,486912630.0,486912695.667,67,1
c4632c3473f819c1f87d,1270253720,B,test,Cond2,456,False,949,False,486795611.333,486795682.333,72,1,False,486795611.333,486795682.333,72,1,False,486795612.333,486795682.333,71,1
c5b66d69b61732890b5c,1270253732,B,test,Cond2,456,False,950,False,486823446.667,486823512.0,67,1,False,486823446.667,486823512.0,67,1,False,486823446.667,486823512.0,67,1
8329b66a4539428ea9b3,1276253688,B,test,Cond2,456,False,953,False,486871064.0,486871133.0,70,1,False,486871064.0,486871133.0,70,1,False,486871065.0,486871133.0,69,1
faf1c95c3394f52f4626,1286253650,A,test,Cond1,456,False,869,False,486216928.667,486216998.0,70,1,False,486216928.667,486216998.0,70,1,False,486216929.667,486216998.0,69,1
218e61e220edeca369b5,1286253716,B,test,Cond2,456,False,880,False,486277783.0,486277851.0,69,1,False,486277783.0,486277851.0,69,1,False,486277783.0,486277851.0,69,1
6d5333367928c4ad8e1c,1286253740,A,test,Cond1,456,False,871,False,486241605.667,486241675.0,70,1,False,486241605.667,486241675.0,70,1,False,486241605.667,486241675.0,70,1
1474db5f8ce14385a655,1288253462,B,test,Cond2,456,False,873,False,486250468.333,486250539.333,72,1,False,486250469.333,486250539.333,71,1,False,486250469.333,486250539.333,71,1
331d9793d708a7aa3637,1288253466,A,test,Cond1,456,False,870,False,486222516.0,486222586.0,71,1,False,486222516.0,486222586.0,71,1,False,486222516.0,486222586.0,71,1
33eda84ec14b5650f80e,1288253486,B,test,Cond2,456,False,873,False,486250272.333,486250343.333,72,1,False,486250272.333,486250343.333,72,1,False,486250273.333,486250343.333,71,1
604bb15b5002672e3f7d,1288253502,B,test,Cond2,456,False,873,False,486250079.333,486250146.333,68,1,False,486250079.333,486250146.333,68,1,False,486250079.333,486250146.333,68,1
1b82765c0c2ed1d695a8,1288253644,A,test,Cond1,456,False,870,False,486223267.0,486223336.0,70,1,False,486223267.0,486223336.0,70,1,False,486223267.0,486223336.0,70,1
68ff755423902f997896,1288253660,B,test,Cond2,456,False,873,False,486250661.333,486250731.333,71,1,False,486250662.333,486250731.333,70,1,False,486250662.333,486250731.333,70,1
4f5a52943b1f7d6602bf,1290253720,B,test,Cond2,456,False,919,False,486505942.667,486506006.0,66,1,False,486505942.667,486506006.0,66,1,False,486505942.667,486506006.0,66,1
e94b6136fa0a7879880f,1292253510,A,test,Cond1,456,False,881,False,486288835.0,486288905.0,71,1,False,486288835.0,486288905.0,71,1,False,486288835.0,486288905.0,71,1
56fb7c2ebb23d1798c31,1294253780,A,test,Cond1,456,False,897,False,486416080.333,486416154.0,75,1,False,486416080.333,486416154.0,75,1,False,486416080.333,486416154.0,75,1
ee3b64d5846649b4bab5,1294253804,A,test,Cond1,456,False,899,False,486420694.0,486420763.0,70,1,False,486420694.0,486420763.0,70,1,False,486420694.0,486420763.0,70,1
d2ba0a012398f74e2ef8,1296253542,B,test,Cond2,456,False,907,True,486444820.333,486444996.333,177,1,True,486444820.333,486444996.333,177,1,True,486444820.333,486444996.333,177,1
a812097fd0b6f8d285dd,1300253506,A,test,Cond1,456,False,924,False,486542187.333,486542256.667,72,1,False,486542187.667,486542256.667,71,1,False,486542187.667,486542256.667,71,1
5a758f5312120ce6feb9,1304253506,A,test,Cond1,456,False,842,False,486047095.333,486047163.333,68,1,False,486047095.333,486047163.333,68,1,False,486047095.333,486047163.333,68,1
23c53ba93b2dcd87fb6c,1304253514,A,test,Cond1,456,False,846,False,486075935.333,486076010.333,76,1,False,486075935.333,486076010.333,76,1,False,486075935.333,486076010.333,76,1
8118f93504fee43ffb59,1304253534,B,test,Cond2,456,False,848,False,486083951.667,486084020.333,70,1,False,486083951.667,486084020.333,70,1,False,486083952.333,486084020.333,69,1
e551d8fe477b80d53719,1304253538,A,test,Cond1,456,False,839,False,486029271.667,486029337.0,66,1,False,486029271.667,486029337.0,66,1,False,486029271.667,486029337.0,66,1
03e7f5b08e74bd956037,1306253808,A,test,Cond1,456,False,849,False,486093060.333,486093124.667,65,1,False,486093060.333,486093124.667,65,1,False,486093060.333,486093124.667,65,1
0e0f50334904de2afe94,1306253820,A,test,Cond1,456,False,858,False,486154118.333,486154164.667,47,1,False,486154118.333,486154164.667,47,1,False,486154118.333,486154164.667,47,1
202f0bfb0a59ec398820,1308253530,A,test,Cond1,456,False,842,False,486047466.333,486047535.333,70,1,False,486047466.333,486047535.333,70,1,False,486047466.333,486047535.333,70,1
4ace9ed20a16bf707cc6,1310253780,A,test,Cond1,456,False,923,False,486538759.667,486538826.0,67,1,False,486538760.667,486538826.0,66,1,False,486538760.667,486538826.0,66,1
f3deb55831105a6e4285,1312253572,A,test,Cond1,456,False,856,False,486147967.0,486148029.333,54,1,False,486147967.0,486148029.333,54,1,False,486147967.0,486148029.333,54,1
4f35a32ecc87443a91a9,1314253584,A,test,Cond1,456,False,864,False,486201896.333,486201965.667,70,1,False,486201896.333,486201965.667,70,1,False,486201896.333,486201965.667,70,1
5469b6eaedf49a9881c3,1314253600,A,test,Cond1,456,False,863,False,486196197.667,486196228.333,32,1,False,486196197.667,486196228.333,32,1,False,486196198.333,486196228.333,31,1
a8bca106fc812f8a95bd,1314253608,A,test,Cond1,456,False,868,False,486209316.333,486209386.667,71,1,False,486209316.333,486209386.667,71,1,False,486209316.333,486209386.667,71,1
21e0c5e038553c7ac0ec,1316253834,A,test,Cond1,456,False,858,False,486154380.667,486154411.667,32,1,False,486154380.667,486154411.667,32,1,False,486154380.667,486154411.667,32,1
1d730bbf35d21619651d,1316253842,A,test,Cond1,456,False,860,True,486175788.0,486175953.0,166,1,True,486175788.0,486175953.0,166,1,True,486175788.0,486175953.0,166,1
7c2c2e80ce34715881e0,1318253568,B,test,Cond2,456,False,825,False,485943042.667,485943112.0,71,1,False,485943042.667,485943112.0,71,1,False,485943042.667,485943112.0,71,1
071b3b8cd6ab5748b4eb,1318253580,A,test,Cond1,456,False,812,False,485848436.0,485848502.0,67,1,False,485848436.0,485848502.0,67,1,False,485848437.0,485848502.0,66,1
08a8c253614d8e1856bc,1318253584,B,test,Cond2,456,False,816,False,485881985.667,485882051.0,68,1,False,485881985.667,485882051.0,68,1,False,485881986.0,485882051.0,67,1
8ff2efab701216506995,1318253596,A,test,Cond1,456,False,813,False,485849877.333,485849944.0,68,1,False,485849877.333,485849944.0,68,1,False,485849877.333,485849944.0,68,1
293e647e9db79c39ddfd,1318253810,A,test,Cond1,456,False,809,False,485840902.667,485840969.667,68,1,False,485840902.667,485840969.667,68,1,False,485840902.667,485840969.667,68,1
b6400998ff2f9a32c1ef,1322253572,B,test,Cond2,456,False,835,False,485995699.333,485995768.333,70,1,False,485995699.333,485995768.333,70,1,False,485995700.333,485995768.333,69,1
6a187377a43f61eff20c,1324253858,A,test,Cond1,456,False,820,False,485902098.667,485902167.667,70,1,False,485902099.667,485902167.667,69,1,False,485902099.667,485902167.667,69,1
5fd1ca55139b41c1e244,1324253882,B,test,Cond2,456,False,819,False,485894626.667,485894693.667,68,1,False,485894626.667,485894693.667,68,1,False,485894627.667,485894693.667,67,1
afa2c9a9ad3f4ee15acb,1330253600,B,test,Cond2,456,False,847,False,486080845.667,486080914.333,70,1,False,486080845.667,486080914.333,70,1,False,486080846.333,486080914.333,69,1
a519e6a3e58123065aa1,1330253620,B,test,Cond2,456,False,833,False,485991380.333,485991450.333,71,1,False,485991381.333,485991450.333,70,1,False,485991381.333,485991450.333,70,1
03263d39b530bbeb06c0,1332253858,A,test,Cond1,456,False,832,False,485971444.333,485971513.333,70,1,False,485971444.333,485971513.333,70,1,False,485971445.333,485971513.333,69,1
afc0f73a332d719d5768,1462254276,B,test,Cond2,456,False,816,False,485881795.667,485881861.0,66,1,False,485881795.667,485881861.0,66,1,False,485881795.667,485881861.0,66,1
7c970a876df0df3afab0,1462254280,B,test,Cond2,456,False,811,False,485845151.667,485845218.333,68,1,False,485845152.667,485845218.333,67,1,False,485845152.667,485845218.333,67,1
fca308e1b18180a4be5e,1462254284,B,test,Cond2,456,False,815,False,485876261.333,485876326.667,66,1,False,485876261.333,485876326.667,66,1,False,485876261.333,485876326.667,66,1
6d4645dd96df7115b9f0,1462254288,B,test,Cond2,456,False,815,False,485876078.0,485876142.0,65,1,False,485876078.0,485876142.0,65,1,False,485876078.0,485876142.0,65,1
8685ea7325010b442187,1462254308,A,test,Cond1,456,False,809,False,485840534.333,485840600.333,67,1,False,485840534.333,485840600.333,67,1,False,485840534.333,485840600.333,67,1
d42f7b4333ccfa17c357,1471738960,B,test,Cond2,456,False,541,False,483988939.667,483989009.667,71,1,False,483988939.667,483989009.667,71,1,False,483988939.667,483989009.667,71,1
354ec906babadc913892,1471739000,B,test,Cond2,456,False,542,False,483997331.667,483997399.333,69,1,False,483997331.667,483997399.333,69,1,False,483997331.667,483997399.333,69,1
2baebc025e8f2813cb3c,1475739264,B,test,Cond2,456,False,608,False,484520474.667,484520542.333,69,1,False,484520474.667,484520542.333,69,1,False,484520474.667,484520542.333,69,1
e6b5f5fec3bc532fbff4,1475739272,A,test,Cond1,456,False,599,False,484486730.667,484486798.667,70,1,False,484486730.667,484486798.667,70,1,False,484486730.667,484486798.667,70,1
2d5eab22f00871a10ce5,1477739034,B,test,Cond2,456,False,590,False,484433301.0,484433372.333,72,1,False,484433301.0,484433372.333,72,1,False,484433302.0,484433372.333,71,1
c07f11a672e3a61d7fed,1477739236,A,test,Cond1,456,False,536,False,483954280.667,483954349.667,70,1,False,483954280.667,483954349.667,70,1,False,483954281.667,483954349.667,69,1
aaabe774eb25a3cf9023,1478254090,B,test,Cond2,456,False,757,False,485519416.333,485519486.333,71,1,False,485519416.333,485519486.333,71,1,False,485519416.333,485519486.333,71,1
87b224a0bf40bdfc3143,1478254312,A,test,Cond1,456,False,770,False,485572958.333,485573024.333,67,1,False,485572958.333,485573024.333,67,1,False,485572958.333,485573024.333,67,1
968d1f274739646fe63d,1478254316,B,test,Cond2,456,False,759,False,485527706.667,485527775.0,69,1,False,485527706.667,485527775.0,69,1,False,485527706.667,485527775.0,69,1
7b39c9c986e0dae854af,1480254034,B,test,Cond2,456,False,757,False,485519221.333,485519291.333,71,1,False,485519221.333,485519291.333,71,1,False,485519222.333,485519291.333,70,1
c7d576fa29fcf2a16239,1480254046,B,test,Cond2,456,False,757,False,485519800.333,485519868.333,69,1,False,485519800.333,485519868.333,69,1,False,485519800.333,485519868.333,69,1
a1b9f05c3ed75594b6ed,1480254078,A,test,Cond1,456,False,744,False,485435112.333,485435182.333,71,1,False,485435115.333,485435182.333,70,1,False,485435115.333,485435182.333,70,1
6009535644195faa752e,1480254096,B,test,Cond2,456,False,761,False,485539227.0,485539298.0,72,1,False,485539227.0,485539298.0,72,1,False,485539227.0,485539298.0,72,1
1231dfd2ab95c560959d,1480254104,A,test,Cond1,456,False,743,False,485429251.333,485429321.0,71,1,False,485429251.333,485429321.0,71,1,False,485429251.333,485429321.0,71,1
1d12a3644ee42fa22bf5,1482254316,A,test,Cond1,456,False,787,False,485657018.333,485657083.333,66,1,False,485657018.333,485657083.333,66,1,False,485657018.333,485657083.333,66,1
c93f52a49371ab7a15d6,1482254316,B,test,Cond2,456,False,792,False,485700083.0,485700149.0,69,1,False,485700083.0,485700149.0,69,1,False,485700083.0,485700149.0,69,1
f28b782168f83aaac890,1484254370,B,test,Cond2,456,False,786,False,485643926.333,485643992.333,67,1,False,485643926.333,485643992.333,67,1,False,485643926.333,485643992.333,67,1
854c6656bdbe1ea5f307,1486254084,A,test,Cond1,456,False,783,False,485634061.667,485634128.667,68,1,False,485634061.667,485634128.667,68,1,False,485634061.667,485634128.667,68,1
c3d20b3083d52492281a,1486254116,B,test,Cond2,456,False,797,False,485742634.333,485742698.0,67,1,False,485742634.333,485742698.0,67,1,False,485742634.333,485742698.0,67,1
723f122c590418312dc5,1488254354,B,test,Cond2,456,False,782,False,485629814.667,485629882.667,69,1,False,485629814.667,485629882.667,69,1,False,485629814.667,485629882.667,69,1
0cafbb9b551f03b7704e,1490254096,B,test,Cond2,456,False,800,False,485774921.333,485774986.0,66,1,False,485774921.333,485774986.0,66,1,False,485774921.333,485774986.0,66,1
5d11ab5955e64a56e4c0,1490254104,B,test,Cond2,456,False,816,False,485880847.667,485880915.667,69,1,False,485880847.667,485880915.667,69,1,False,485880847.667,485880915.667,69,1
fc9e64a691df4ee30646,1490254132,A,test,Cond1,456,False,797,False,485742816.0,485742881.0,66,1,False,485742816.0,485742881.0,66,1,False,485742816.0,485742881.0,66,1
8f6c49f29adefdd09de7,1490254136,B,test,Cond2,456,False,799,False,485770281.0,485770353.0,73,1,False,485770281.0,485770353.0,73,1,False,485770281.0,485770353.0,73,1
c5ad844a71bcab4b579b,1492254346,B,test,Cond2,456,False,819,False,485894436.667,485894504.667,66,1,False,485894436.667,485894504.667,66,1,False,485894436.667,485894504.667,66,1
6d363ed96e0cd1115d3a,1832206950,A,test,Cond3,123,False,135,False,484342221.0,484342370.0,150,1,False,484342221.0,484342370.0,150,1,False,484342221.0,484342370.0,150,1
f8910a63916df3c7b17a,1832206954,A,test,Cond3,123,False,124,False,484181580.333,484181725.333,145,1,False,484181580.333,484181725.333,145,1,False,484181580.333,484181725.333,145,1
ba3ef0efb0b34bf9dde5,1832207032,A,test,Cond3,123,False,134,False,484322084.667,484322227.667,128,1,False,484322084.667,484322227.667,128,1,False,484322084.667,484322227.667,128,1
a4e7fa9affbe3a00cbb6,1834206726,A,test,Cond3,123,False,137,False,484925343.667,484925480.333,137,1,False,484925343.667,484925480.333,137,1,False,484925343.667,484925480.333,137,1
6f67e1c869c0b85c8399,1836207004,A,test,Cond3,123,False,114,False,484133784.0,484133930.667,146,1,False,484133784.0,484133930.667,146,1,False,484133784.0,484133930.667,146,1
2e8d813244edb1e527a8,1838206738,A,test,Cond3,123,False,121,False,484165079.333,484165220.333,142,1,False,484165079.333,484165220.333,142,1,False,484165079.333,484165220.333,142,1
fd188e5f4704b1e0841c,1838206774,A,test,Cond3,123,False,122,False,484169530.0,484169676.0,147,1,False,484169530.0,484169676.0,147,1,False,484169530.0,484169676.0,147,1
e6a3bb9b32221304d052,1838206778,A,test,Cond3,123,False,126,False,484207333.333,484207483.333,151,1,False,484207333.333,484207483.333,151,1,False,484207333.333,484207483.333,151,1
bb6409c12eab7fb9d361,1838206968,A,test,Cond3,123,False,119,False,484158966.0,484159108.0,141,1,False,484158966.0,484159108.0,141,1,False,484158966.0,484159108.0,141,1
8d9d4087f403c8ba52a7,1840206976,A,test,Cond3,123,False,154,False,485149857.333,485149998.0,131,1,False,485149857.333,485149998.0,131,1,False,485149857.333,485149998.0,131,1
4c63e11d9a1c54354fd2,1840206988,A,test,Cond3,123,False,154,False,485150005.333,485150144.0,155,1,False,485150005.333,485150144.0,155,1,False,485150005.333,485150144.0,155,1
376a9d19ee18a166f98d,1840206996,A,test,Cond3,123,False,164,False,485199653.0,485199800.0,152,1,False,485199653.0,485199800.0,152,1,False,485199653.0,485199800.0,152,1
7455e49bd8d88154cf5c,1840207004,A,test,Cond3,123,False,154,False,485150588.667,485150728.0,139,1,False,485150588.667,485150728.0,139,1,False,485150588.667,485150728.0,139,1
fde3ef72dc00df83c6f0,1840207024,A,test,Cond3,123,False,161,False,485177576.0,485177724.0,149,1,False,485177576.0,485177724.0,149,1,False,485177576.0,485177724.0,149,1
ab96c5ed8e6752b4b9c8,1840207032,A,test,Cond3,123,False,166,False,485235085.333,485235213.0,129,1,False,485235085.333,485235213.0,129,1,False,485235085.333,485235213.0,129,1
9cc763c6e0cf24ae7283,1842206726,A,test,Cond3,123,False,165,False,485215336.667,485215490.667,155,1,False,485215336.667,485215490.667,155,1,False,485215336.667,485215490.667,155,1
6125beb06b3dce20d11b,1842206730,A,test,Cond3,123,False,170,False,485342614.667,485342744.333,134,1,False,485342614.667,485342744.333,134,1,False,485342614.667,485342744.333,134,1
f7432a6dfb361851db0b,1842206738,A,test,Cond3,123,False,156,False,485156121.333,485156220.333,101,1,False,485156121.333,485156220.333,101,1,False,485156121.333,485156220.333,101,1
9185851b019744437e34,1842206750,A,test,Cond3,123,False,162,False,485179793.0,485179938.0,146,1,False,485179793.0,485179938.0,146,1,False,485179793.0,485179938.0,146,1
aab66d1bfd81d3b46c08,1842206782,A,test,Cond3,123,False,173,False,485422159.0,485422303.0,145,1,False,485422159.0,485422303.0,145,1,False,485422159.0,485422303.0,145,1
59310817ce51b1b0812b,1842206960,A,test,Cond3,123,False,160,False,485174682.0,485174824.0,143,1,False,485174682.0,485174824.0,143,1,False,485174682.0,485174824.0,143,1
4785b70cae7a26a3d5dc,1842206964,A,test,Cond3,123,False,160,False,485174832.667,485174969.0,140,1,False,485174832.667,485174969.0,140,1,False,485174832.667,485174969.0,140,1
c35654decfe2bee7c65b,1844206976,A,test,Cond3,123,False,145,False,485015893.333,485016033.667,142,1,False,485015893.333,485016033.667,142,1,False,485015893.333,485016033.667,142,1
74b907b268ccb7821a99,1844207032,A,test,Cond3,123,False,145,False,485016043.0,485016180.667,140,1,False,485016043.0,485016180.667,140,1,False,485016043.0,485016180.667,140,1
f67e09a546b2486d7d97,1846206734,A,test,Cond3,123,False,154,False,485149561.0,485149702.0,142,1,False,485149561.0,485149702.0,142,1,False,485149561.0,485149702.0,142,1
94a1d213657002a7b66f,1846206770,A,test,Cond3,123,False,151,False,485105869.333,485106008.333,140,1,False,485105869.333,485106008.333,140,1,False,485105869.333,485106008.333,140,1
fa546080280c7c695670,1852206938,A,test,Cond3,123,False,168,False,485337303.333,485337450.333,148,1,False,485337303.333,485337450.333,148,1,False,485337303.333,485337450.333,148,1
d392252946e7fd3e1e2c,1852207000,A,test,Cond3,123,False,196,False,485798780.0,485798927.0,148,1,False,485798780.0,485798927.0,148,1,False,485798780.0,485798927.0,148,1
a90137dd4dd5ab726b9e,1852207020,A,test,Cond3,123,False,171,False,485363482.333,485363620.333,141,1,False,485363482.333,485363620.333,141,1,False,485363482.333,485363620.333,141,1
921e4c621638d9799d22,1854206904,A,test,Cond3,123,False,175,False,485514589.333,485514728.333,138,1,False,485514589.333,485514728.333,138,1,False,485514589.333,485514728.333,138,1
94b7fea22f793547d5c9,2056207554,A,test,Cond3,123,False,199,False,486070489.333,486070621.333,132,1,False,486070489.333,486070621.333,132,1,False,486070489.333,486070621.333,132,1
d214eb6be3669f6bd966,2058207626,A,test,Cond3,123,False,220,False,486403240.333,486403369.667,120,1,False,486403240.333,486403369.667,120,1,False,486403240.333,486403369.667,120,1
f2417c37f10643b16263,2058207650,A,test,Cond3,123,False,212,False,486304677.667,486304818.667,142,1,False,486304677.667,486304818.667,142,1,False,486304677.667,486304818.667,142,1
ab351a037579888cc0bf,2058207654,A,test,Cond3,123,False,226,False,486497810.333,486497957.333,147,1,False,486497810.333,486497957.333,147,1,False,486497810.333,486497957.333,147,1
29de9414f464e665a9af,2062207650,A,test,Cond3,123,False,191,False,485748198.333,485748340.0,143,1,False,485748198.333,485748340.0,143,1,False,485748198.333,485748340.0,143,1
6c7f0c9909ba2c2e2009,2062207670,A,test,Cond3,123,False,192,False,485749858.0,485749998.0,131,1,False,485749858.0,485749998.0,131,1,False,485749858.0,485749998.0,131,1
edbffb937320b857e268,2064207400,A,test,Cond3,123,False,241,False,486627710.667,486627848.333,140,1,False,486627710.667,486627848.333,140,1,False,486627710.667,486627848.333,140,1
fb69f94208b10546808a,2064207408,A,test,Cond3,123,False,236,False,486588926.0,486589058.667,140,1,False,486588926.0,486589058.667,140,1,False,486588926.0,486589058.667,140,1
47a3e79635c9b86cd0a6,2066207568,A,test,Cond3,123,False,246,False,486758258.667,486758406.667,149,1,False,486758258.667,486758406.667,149,1,False,486758258.667,486758406.667,149,1
b58aca40c4be64525f50,2066207580,A,test,Cond3,123,False,243,False,486730801.0,486730945.0,145,1,False,486730801.0,486730945.0,145,1,False,486730801.0,486730945.0,145,1
fcf8f7301331d5969810,2066207650,A,test,Cond3,123,False,247,False,486763955.667,486764095.667,141,1,False,486763955.667,486764095.667,141,1,False,486763955.667,486764095.667,141,1
78e42d6f2efdb2d2b12f,2070207536,A,test,Cond3,123,False,223,False,486483283.333,486483430.333,148,1,False,486483283.333,486483430.333,148,1,False,486483283.333,486483430.333,148,1
052e8cbcfa393534872c,2070207710,A,test,Cond3,123,False,233,False,486525820.333,486525960.0,141,1,False,486525820.333,486525960.0,141,1,False,486525820.333,486525960.0,141,1
12c2bb31a649383137b5,2070207722,A,test,Cond3,123,False,233,False,486526114.0,486526249.0,137,1,False,486526114.0,486526249.0,137,1,False,486526114.0,486526249.0,137,1
74f92b58edc8282f1821,2076207432,A,test,Cond3,123,False,259,False,486954848.333,486954986.333,138,1,False,486954848.333,486954986.333,138,1,False,486954848.333,486954986.333,138,1
1a519042fce6b0129604,2076207440,A,test,Cond3,123,False,251,False,486827477.0,486827618.0,142,1,False,486827477.0,486827618.0,142,1,False,486827477.0,486827618.0,142,1
ea962e2a6ec5427b3180,2110498176,B,test,Cond2,456,False,697,False,485162161.0,485162230.0,70,1,False,485162161.0,485162230.0,70,1,False,485162162.333,485162230.0,69,1
6f54f17396c3b58da22a,2110498180,B,test,Cond2,456,False,698,False,485165287.0,485165357.0,71,1,False,485165287.0,485165357.0,71,1,False,485165287.0,485165357.0,71,1
8a2687b9578a93f52b6a,2110498188,B,test,Cond2,456,False,686,False,485102213.667,485102282.667,70,1,False,485102213.667,485102282.667,70,1,False,485102213.667,485102282.667,70,1
0d2395e2fd89ad36cc56,2114498126,A,test,Cond1,456,False,512,False,483769741.0,483769805.0,65,1,False,483769741.0,483769805.0,65,1,False,483769741.0,483769805.0,65,1
2c30c0c0f98d9b0bfd36,2655292672,B,test,Cond2,456,False,985,False,487063880.333,487063946.0,67,1,False,487063880.333,487063946.0,67,1,False,487063880.333,487063946.0,67,1
e9287cf9f639d0cb745c,2655292906,B,test,Cond2,456,False,961,False,486917100.667,486917167.0,67,1,False,486917100.667,486917167.0,67,1,False,486917101.667,486917167.0,66,1
4c42e43dc99dab69afca,2657292908,B,test,Cond2,456,False,1001,False,487146496.0,487146565.667,71,1,False,487146496.0,487146565.667,71,1,False,487146496.0,487146565.667,71,1
95bdfe79a0a74518e760,2657292958,A,test,Cond1,456,False,996,False,487124975.333,487125040.667,67,1,False,487124975.333,487125040.667,67,1,False,487124975.333,487125040.667,67,1
f34c11dc4ac05d740639,2663292922,A,test,Cond1,456,False,633,False,484753960.667,484754030.0,70,1,False,484753960.667,484754030.0,70,1,False,484753962.0,484754030.0,69,1
9b835bb633719d0ca1d2,2665292938,A,test,Cond1,456,False,743,False,485429062.0,485429132.0,71,1,False,485429063.0,485429132.0,70,1,False,485429063.0,485429132.0,70,1
ad7e6f6a84d54fe4416e,2667292724,B,test,Cond2,456,False,833,False,485991009.0,485991076.333,69,1,False,485991009.0,485991076.333,69,1,False,485991009.0,485991076.333,69,1
ee67c692bd49fcbd2f9e,2703293050,B,test,Cond2,456,False,325,False,481992672.0,481992737.667,67,1,False,481992672.0,481992737.667,67,1,False,481992672.0,481992737.667,67,1
3b3c6867e8b5a8aa8b3f,2703293084,B,test,Cond2,456,False,338,False,482153453.0,482153525.0,73,1,False,482153453.0,482153525.0,73,1,False,482153453.0,482153525.0,73,1
4b8e0e083de2f306c108,2705292850,A,test,Cond1,456,False,445,False,482927976.667,482928040.333,56,1,False,482927976.667,482928040.333,56,1,False,482927976.667,482928040.333,56,1
1b750f8c6190dfd1d423,2707293092,B,test,Cond2,456,False,619,False,484602771.333,484602840.333,70,1,False,484602772.333,484602840.333,69,1,False,484602772.333,484602840.333,69,1
9c8542ee17a36e4ca58c,2717292826,A,test,Cond1,456,False,310,False,481906675.333,481906743.667,69,1,False,481906675.333,481906743.667,69,1,False,481906675.333,481906743.667,69,1
91003ef42cf4738a805e,2717292830,A,test,Cond1,456,False,310,False,481906870.333,481906937.0,57,1,False,481906870.333,481906937.0,57,1,False,481906870.333,481906937.0,57,1
dbc47b7b914266a55982,2717292846,A,test,Cond1,456,False,299,False,481807558.0,481807624.0,67,1,False,481807558.0,481807624.0,67,1,False,481807559.0,481807624.0,66,1
51e4ac2b53d02ee262c9,2717292862,B,test,Cond2,456,False,309,False,481896829.667,481896895.667,67,1,False,481896829.667,481896895.667,67,1,False,481896829.667,481896895.667,67,1
f1e6f363916627d7a3c3,2911013996,B,test,Cond2,456,False,610,False,484538275.0,484538344.0,70,1,False,484538275.0,484538344.0,70,1,False,484538275.0,484538344.0,70,1
668cdc478652f2279828,2911014058,A,test,Cond1,456,False,594,False,484454240.667,484454308.0,69,1,False,484454240.667,484454308.0,69,1,False,484454240.667,484454308.0,69,1
cae6353f8ec36c6e31d8,2913014210,B,test,Cond2,456,False,610,False,484537898.0,484537968.333,71,1,False,484537899.0,484537968.333,70,1,False,484537899.0,484537968.333,70,1
34208ebb2733b1b0284c,2915013996,B,test,Cond2,456,False,599,False,484485780.0,484485850.667,72,1,False,484485780.0,484485850.667,72,1,False,484485780.0,484485850.667,72,1
b2c92099d6dd8787ed9d,2917014214,B,test,Cond2,456,False,599,False,484485974.0,484486050.0,76,1,False,484485974.0,484486050.0,76,1,False,484485974.0,484486050.0,76,1
5b62cb6062cfc089a043,2921014270,B,test,Cond2,456,False,593,False,484449054.0,484449120.0,67,1,False,484449054.0,484449120.0,67,1,False,484449054.0,484449120.0,67,1
515dc65b92ddc1fcd0a3,2925014266,A,test,Cond1,456,False,588,False,484373501.0,484373569.0,69,1,False,484373501.0,484373569.0,69,1,False,484373501.0,484373569.0,69,1
b132fd519f7548da10fb,2939014254,B,test,Cond2,456,False,613,False,484568019.667,484568089.667,71,1,False,484568019.667,484568089.667,71,1,False,484568019.667,484568089.667,71,1
830f9c6f1adcdb7fd3bb,2939014258,B,test,Cond2,456,False,616,False,484587004.0,484587074.0,71,1,False,484587005.0,484587074.0,70,1,False,484587005.0,484587074.0,70,1
a9eced970ea76a980401,2941014022,B,test,Cond2,456,False,613,False,484568209.667,484568277.667,69,1,False,484568209.667,484568277.667,69,1,False,484568209.667,484568277.667,69,1
1becc7108ca0a195d64a,2941014026,A,test,Cond1,456,False,608,False,484520112.0,484520180.667,69,1,False,484520112.0,484520180.667,69,1,False,484520112.333,484520180.667,68,1
35f8c935184e3a44fd5a,2941014030,B,test,Cond2,456,False,616,False,484588145.333,484588215.0,71,1,False,484588146.333,484588215.0,70,1,False,484588146.333,484588215.0,70,1
2c85b09b93f1ce1cb955,2941014074,B,test,Cond2,456,False,615,False,484579961.333,484580028.333,68,1,False,484579961.333,484580028.333,68,1,False,484579961.333,484580028.333,68,1
71e792b4ecd29675ab98,2975014156,B,test,Cond2,456,False,729,False,485344194.333,485344263.333,70,1,False,485344194.333,485344263.333,70,1,False,485344195.333,485344263.333,69,1
340989de55d989058a09,2975014164,B,test,Cond2,456,False,732,False,485357300.667,485357366.333,67,1,False,485357301.333,485357366.333,66,1,False,485357301.333,485357366.333,66,1
9ec397dcd02c321971fb,2975014172,B,test,Cond2,456,False,748,False,485479635.0,485479705.0,71,1,False,485479636.0,485479705.0,70,1,False,485479636.0,485479705.0,70,1
4f91f011d6c4a66581bf,2975014176,A,test,Cond1,456,False,720,False,485296533.333,485296608.333,76,1,False,485296533.333,485296608.333,76,1,False,485296533.333,485296608.333,76,1
501a01e44826e057d8af,2975014184,B,test,Cond2,456,False,735,False,485384621.667,485384693.0,72,1,False,485384621.667,485384693.0,72,1,False,485384623.0,485384693.0,71,1
6382d03d85cb6f9225c4,2975014394,B,test,Cond2,456,False,732,False,485357694.333,485357763.333,70,1,False,485357694.333,485357763.333,70,1,False,485357694.333,485357763.333,70,1
b2ccf2c9e3caa262b15a,2979014156,B,test,Cond2,456,False,725,False,485329211.667,485329280.667,70,1,False,485329217.333,485329280.667,69,1,False,485329217.333,485329280.667,69,1
705a622305ff67e6155a,2979014374,B,test,Cond2,456,False,725,False,485328228.0,485328294.667,68,1,False,485328228.0,485328294.667,68,1,False,485328228.0,485328294.667,68,1
eb04f2491a820b6eab04,2981014376,A,test,Cond1,456,False,709,False,485231392.333,485231461.667,69,1,False,485231392.333,485231461.667,69,1,False,485231392.333,485231461.667,69,1
63722e4aea1193f8f1fa,2981014422,B,test,Cond2,456,False,735,False,485384432.0,485384506.667,76,1,False,485384432.0,485384506.667,76,1,False,485384432.0,485384506.667,76,1
12bc66546fcc2c53ca8b,2981014426,B,test,Cond2,456,False,732,False,485359849.333,485359918.333,71,1,False,485359849.333,485359918.333,71,1,False,485359849.333,485359918.333,71,1
4ff22cd563e8a3f3f164,2985014384,B,test,Cond2,456,False,715,False,485262155.667,485262223.667,70,1,False,485262155.667,485262223.667,70,1,False,485262155.667,485262223.667,70,1
28352dba4220964b25a2,2985014414,B,test,Cond2,456,False,742,False,485422008.0,485422078.333,71,1,False,485422008.0,485422078.333,71,1,False,485422011.333,485422078.333,70,1
610d59865d54893d48f9,2985014430,B,test,Cond2,456,False,742,False,485421813.0,485421883.333,71,1,False,485421813.0,485421883.333,71,1,False,485421816.0,485421883.333,70,1
b4a42d71ec83ee25b4b7,2985014450,B,test,Cond2,456,False,726,False,485330784.667,485330852.667,69,1,False,485330784.667,485330852.667,69,1,False,485330784.667,485330852.667,69,1
fec5c7e4b8d03bd75f20,2987014144,B,test,Cond2,456,False,691,False,485127810.0,485127876.0,67,1,False,485127810.0,485127876.0,67,1,False,485127810.0,485127876.0,67,1
feef453df50f97a51897,2987014184,B,test,Cond2,456,False,681,False,485063732.667,485063801.667,70,1,False,485063732.667,485063801.667,70,1,False,485063732.667,485063801.667,70,1
2032a6c746698b4b468e,2987014204,B,test,Cond2,456,False,681,False,485063923.667,485063991.667,69,1,False,485063923.667,485063991.667,69,1,False,485063923.667,485063991.667,69,1
bddb39bc76da40c2cf87,2989014442,B,test,Cond2,456,False,704,False,485196493.0,485196559.0,67,1,False,485196493.0,485196559.0,67,1,False,485196493.0,485196559.0,67,1
e867a38822028db043d7,2999014220,A,test,Cond1,456,False,741,False,485415983.333,485416039.333,57,1,False,485415983.333,485416039.333,57,1,False,485415983.333,485416039.333,57,1
ff4cd957e7cfe9b95f0f,2999014322,A,test,Cond1,456,False,738,False,485404336.667,485404402.667,67,1,False,485404336.667,485404402.667,67,1,False,485404336.667,485404402.667,67,1
59135297414a96cafb48,3003014256,A,test,Cond1,456,False,740,False,485412301.333,485412370.0,70,1,False,485412302.333,485412370.0,69,1,False,485412302.333,485412370.0,69,1
3832178b31f1168ceece,3003014268,A,test,Cond1,456,False,740,False,485412864.0,485412932.0,69,1,False,485412864.0,485412932.0,69,1,False,485412864.0,485412932.0,69,1
455e2ab8a8bc54172c45,3005014526,B,test,Cond2,456,False,745,False,485454074.333,485454143.333,70,1,False,485454074.333,485454143.333,70,1,False,485454075.0,485454143.333,69,1
25f5d1c7a657e344ea5c,3009014474,A,test,Cond1,456,False,632,False,484738622.0,484738691.0,70,1,False,484738622.0,484738691.0,70,1,False,484738623.0,484738691.0,69,1
ab462574efe9698ce296,3011014216,A,test,Cond1,456,False,632,False,484738244.0,484738310.0,67,1,False,484738244.0,484738310.0,67,1,False,484738244.0,484738310.0,67,1
4fa524229fac21e09291,3011014282,A,test,Cond1,456,False,628,False,484697426.333,484697497.333,72,1,False,484697426.333,484697497.333,72,1,False,484697427.0,484697497.333,71,1
e97e6d5130a8ce3c1639,3013014510,A,test,Cond1,456,False,627,False,484690900.333,484690957.333,66,1,False,484690900.333,484690957.333,66,1,False,484690900.333,484690957.333,66,1
1fae7308faab0dbdcad4,3015014260,B,test,Cond2,456,False,622,False,484636914.0,484636982.333,69,1,False,484636914.0,484636982.333,69,1,False,484636914.0,484636982.333,69,1
5b9785bdcd71c032c33a,3017014276,B,test,Cond2,456,False,634,False,484764563.0,484764632.0,70,1,False,484764564.0,484764632.0,69,1,False,484764564.0,484764632.0,69,1
b4dece67784847d3ea35,3017014300,B,test,Cond2,456,False,629,False,484709932.0,484710002.0,70,1,False,484709932.0,484710002.0,70,1,False,484709932.0,484710002.0,70,1
13c9f3d1cb604dd1c804,3017014518,A,test,Cond1,456,False,624,False,484658376.333,484658444.333,69,1,False,484658376.333,484658444.333,69,1,False,484658376.333,484658444.333,69,1
68805788b02bec707bfc,3017014518,B,test,Cond2,456,False,629,False,484709326.333,484709394.333,69,1,False,484709326.333,484709394.333,69,1,False,484709326.333,484709394.333,69,1
e637be32b794d445868a,3023014536,B,test,Cond2,456,False,673,False,484986083.667,484986152.667,70,1,False,484986083.667,484986152.667,70,1,False,484986084.667,484986152.667,69,1
6fc52f00013553e78493,3023014576,B,test,Cond2,456,False,671,False,484963757.667,484963826.667,70,1,False,484963757.667,484963826.667,70,1,False,484963757.667,484963826.667,70,1
4008051e5c0764f8b2d2,3025014290,A,test,Cond1,456,False,662,False,484928710.667,484928780.667,72,1,False,484928711.0,484928780.667,71,1,False,484928711.0,484928780.667,71,1
ddc8490279786d6d2b57,3027014522,B,test,Cond2,456,False,671,False,484962805.667,484962875.667,72,1,False,484962805.667,484962875.667,72,1,False,484962805.667,484962875.667,72,1
eb7752594dac3931dcd4,3027014526,B,test,Cond2,456,False,671,False,484963187.667,484963256.667,70,1,False,484963187.667,484963256.667,70,1,False,484963187.667,484963256.667,70,1
d078c91b9bd85826bc47,3027014556,A,test,Cond1,456,False,648,False,484876890.0,484876960.333,71,1,False,484876890.0,484876960.333,71,1,False,484876890.0,484876960.333,71,1
74205f39581c79fd4131,3029014278,B,test,Cond2,456,False,673,False,484985681.667,484985748.667,68,1,False,484985681.667,484985748.667,68,1,False,484985681.667,484985748.667,68,1
67ce71772bbefef05382,3029014318,B,test,Cond2,456,False,671,False,484962616.667,484962689.333,63,1,False,484962616.667,484962689.333,63,1,False,484962616.667,484962689.333,63,1
4fd3f97f9b8d33185700,3029014488,A,test,Cond1,456,False,658,False,484911215.667,484911281.667,67,1,False,484911215.667,484911281.667,67,1,False,484911215.667,484911281.667,67,1
10af1fbcd3118cae9b70,3031014478,A,test,Cond1,456,False,650,False,484879487.0,484879557.0,71,1,False,484879487.0,484879557.0,71,1,False,484879487.0,484879557.0,71,1
8552a20a99b365709b3b,3031014544,B,test,Cond2,456,False,656,False,484903753.333,484903822.333,70,1,False,484903753.333,484903822.333,70,1,False,484903753.333,484903822.333,70,1
c51e8610494eb5b4571b,3031014572,B,test,Cond2,456,False,675,False,485010043.333,485010119.333,76,1,False,485010043.333,485010119.333,76,1,False,485010043.333,485010119.333,76,1
39d340ed617a4771255f,3037014302,A,test,Cond1,456,False,650,False,484879298.333,484879364.0,67,1,False,484879298.333,484879364.0,67,1,False,484879298.333,484879364.0,67,1
d466cbb55485d03d267a,3037014326,B,test,Cond2,456,False,656,False,484904821.333,484904889.0,69,1,False,484904821.333,484904889.0,69,1,False,484904821.333,484904889.0,69,1
5bc503adf526d90ee225,3037014492,B,test,Cond2,456,False,648,False,484872824.667,484872892.0,78,1,False,484872824.667,484872892.0,78,1,False,484872824.667,484872892.0,78,1
b721ed3f409740b15845,3621681344,A,test,Cond1,456,False,931,False,486566951.333,486567019.0,69,1,False,486566951.333,486567019.0,69,1,False,486566951.333,486567019.0,69,1
5681c74abcfb12fbff1e,3623681090,B,test,Cond2,456,False,917,False,486502262.333,486502285.333,24,1,False,486502262.333,486502285.333,24,1,False,486502262.333,486502285.333,24,1
2d55d45f9a0383a8f06a,3623681094,A,test,Cond1,456,False,914,False,486474217.667,486474287.667,71,1,False,486474218.667,486474287.667,70,1,False,486474218.667,486474287.667,70,1
3d73609d01eeeb300789,3623681098,A,test,Cond1,456,False,917,False,486499874.333,486499941.333,67,1,False,486499874.333,486499941.333,67,1,False,486499875.667,486499941.333,66,1
1418b8e6a21e1498ee15,3623681114,A,test,Cond1,456,False,930,False,486561327.667,486561394.333,68,1,False,486561328.667,486561394.333,67,1,False,486561328.667,486561394.333,67,1
1f9d7e9fa9948a870e3c,3623681130,B,test,Cond2,456,False,949,False,486794857.0,486794898.333,55,1,False,486794857.0,486794898.333,55,1,False,486794857.0,486794898.333,55,1
18f2e9090491c66ffc3d,3625681206,A,test,Cond1,456,False,888,True,486381374.667,486381547.667,173,1,True,486381374.667,486381547.667,173,1,True,486381374.667,486381547.667,173,1
566de29f17b444f9d704,3625681344,B,test,Cond2,456,False,916,False,486495381.333,486495414.0,32,1,False,486495381.333,486495414.0,32,1,False,486495381.333,486495414.0,32,1
71fc3e6de1ca86140467,3625681352,B,test,Cond2,456,False,923,False,486539438.0,486539504.667,68,1,False,486539438.0,486539504.667,68,1,False,486539438.0,486539504.667,68,1
de67f9c12ff7ec828783,3625681404,B,test,Cond2,456,False,916,False,486495553.333,486495621.333,69,1,False,486495553.333,486495621.333,69,1,False,486495553.333,486495621.333,69,1
b8a460a3ed3364ac5d36,3627681146,A,test,Cond1,456,False,859,False,486173463.0,486173528.0,66,1,False,486173463.0,486173528.0,66,1,False,486173463.0,486173528.0,66,1
5e9ebb235101bb733c2c,3834719044,A,test,Cond1,456,False,313,False,481915703.0,481915748.0,46,1,False,481915703.0,481915748.0,46,1,False,481915703.0,481915748.0,46,1
c20ad86a5f2d24f8791a,3846719076,A,test,Cond1,456,False,489,False,483408778.667,483408844.667,67,1,False,483408778.667,483408844.667,67,1,False,483408778.667,483408844.667,67,1
b9ab82f96bfd3819173d,4167773546,B,test,Cond2,456,False,545,False,484012892.333,484012928.333,37,1,False,484012892.333,484012928.333,37,1,False,484012892.333,484012928.333,37,1
9f7bd7f0d493611437a4,4167773550,B,test,Cond2,456,False,542,False,483997139.667,483997208.667,70,1,False,483997139.667,483997208.667,70,1,False,483997140.333,483997208.667,69,1
84bc5c4dcce0f17b5e3c,4167773572,B,test,Cond2,456,False,551,False,484042462.333,484042528.333,67,1,False,484042462.333,484042528.333,67,1,False,484042462.333,484042528.333,67,1
cdd3276ec2cd2a249a1d,4167773592,B,test,Cond2,456,False,546,False,484019616.0,484019646.333,31,1,False,484019616.0,484019646.333,31,1,False,484019616.0,484019646.333,31,1
1e2f62523499ed927d17,4167773600,B,test,Cond2,456,False,547,False,484021525.0,484021590.0,67,1,False,484021525.0,484021590.0,67,1,False,484021525.0,484021590.0,67,1
ff99b48a0985236f66d0,4169773350,B,test,Cond2,456,False,541,False,483988740.667,483988811.0,71,1,False,483988740.667,483988811.0,71,1,False,483988741.667,483988811.0,70,1
92395baceacea8151558,4169773354,A,test,Cond1,456,False,534,False,483937948.333,483938017.0,70,1,False,483937948.333,483938017.0,70,1,False,483937948.333,483938017.0,70,1
1baa5276e694134773d7,4169773536,B,test,Cond2,456,False,539,False,483964495.333,483964542.333,48,1,False,483964495.333,483964542.333,48,1,False,483964495.333,483964542.333,48,1
a36a20bc925c09068cc0,4169773548,B,test,Cond2,456,False,543,False,484006050.667,484006119.667,70,1,False,484006050.667,484006119.667,70,1,False,484006052.0,484006119.667,69,1
9de61bbf05b5748e5c19,4173773318,B,test,Cond2,456,False,524,False,483840687.667,483840756.0,69,1,False,483840687.667,483840756.0,69,1,False,483840687.667,483840756.0,69,1
94b638552e294aaab06b,4175773592,B,test,Cond2,456,False,564,False,484140617.667,484140687.667,71,1,False,484140617.667,484140687.667,71,1,False,484140617.667,484140687.667,71,1
799ae9f853bad8571fa4,4177773322,A,test,Cond1,456,False,552,False,484066841.333,484066910.333,71,1,False,484066841.333,484066910.333,71,1,False,484066842.333,484066910.333,70,1
f3863b34f28fd21d5564,4177773350,B,test,Cond2,456,False,563,False,484134758.667,484134825.0,67,1,False,484134758.667,484134825.0,67,1,False,484134758.667,484134825.0,67,1
6faf94a5f7c1e562ed54,4179773510,B,test,Cond2,456,False,563,False,484135936.667,484136006.333,62,1,False,484135936.667,484136006.333,62,1,False,484135937.667,484136006.333,61,1
d9e64853647ef6faa58a,4179773514,A,test,Cond1,456,False,545,False,484014364.333,484014433.333,70,1,False,484014364.333,484014433.333,70,1,False,484014364.333,484014433.333,70,1
67ca09e28c7a05334d90,4179773612,A,test,Cond1,456,False,545,False,484013979.667,484014048.667,70,1,False,484013979.667,484014048.667,70,1,False,484013980.333,484014048.667,69,1
4f1e61c084da79b28a0b,4181773330,A,test,Cond1,456,False,541,True,483989692.667,483989879.667,188,1,True,483989692.667,483989879.667,188,1,True,483989692.667,483989879.667,188,1
7a4930f9612953444bf0,4181773330,B,test,Cond2,456,False,550,False,484033474.0,484033542.667,75,1,False,484033474.0,484033542.667,75,1,False,484033474.0,484033542.667,75,1
c2f26a8e6540db9ed7fd,4181773370,A,test,Cond1,456,False,553,False,484070181.0,484070245.667,66,1,False,484070181.0,484070245.667,66,1,False,484070181.0,484070245.667,66,1
e55c214c6d6fd1dfe550,4181773370,B,test,Cond2,456,False,563,False,484136139.667,484136213.667,75,1,False,484136139.667,484136213.667,75,1,False,484136139.667,484136213.667,75,1
107cb9a6202faba4b5d2,4189773402,B,test,Cond2,456,False,574,False,484215217.0,484215287.0,71,1,False,484215217.0,484215287.0,71,1,False,484215217.0,484215287.0,71,1
ef0a3f797b223ac09cbf,4189773410,A,test,Cond1,456,False,568,False,484167842.333,484167912.333,71,1,False,484167842.333,484167912.333,71,1,False,484167842.333,484167912.333,71,1
97eb897b6cd7fdeee456,4199773442,A,test,Cond1,456,False,365,False,482360516.0,482360584.0,69,1,False,482360516.0,482360584.0,69,1,False,482360516.0,482360584.0,69,1
195c407213762ac26ccd,4199773450,A,test,Cond1,456,False,362,False,482349635.0,482349701.0,67,1,False,482349635.0,482349701.0,67,1,False,482349635.0,482349701.0,67,1
7a90843126f11cae9f2b,4199773632,A,test,Cond1,456,False,378,False,482421356.667,482421421.667,66,1,False,482421356.667,482421421.667,66,1,False,482421356.667,482421421.667,66,1
ce41827e64af29c9d639,4199773664,B,test,Cond2,456,False,372,False,482383925.667,482383989.667,67,1,False,482383925.667,482383989.667,67,1,False,482383925.667,482383989.667,67,1
f6fd3671c36f66b51a43,4201773382,A,test,Cond1,456,False,381,False,482430523.667,482430596.333,74,1,False,482430523.667,482430596.333,74,1,False,482430523.667,482430596.333,74,1
b6891c7c9f4109835040,4201773448,A,test,Cond1,456,False,353,False,482312802.667,482312868.667,67,1,False,482312803.667,482312868.667,66,1,False,482312803.667,482312868.667,66,1
45b3d1cbdf6c36ae9568,4201773452,A,test,Cond1,456,False,355,False,482321694.0,482321760.0,67,1,False,482321694.0,482321760.0,67,1,False,482321694.0,482321760.0,67,1
7886b957e4c074b8f983,4207773442,A,test,Cond1,456,False,398,False,482549045.333,482549112.667,68,1,False,482549045.333,482549112.667,68,1,False,482549045.333,482549112.667,68,1
59c61c0f20772c2c27ac,4209773398,A,test,Cond1,456,False,387,False,482470572.0,482470639.0,68,1,False,482470572.0,482470639.0,68,1,False,482470572.0,482470639.0,68,1
c3c783cf0326aa95c952,4209773406,A,test,Cond1,456,False,390,False,482495079.333,482495145.333,67,1,False,482495079.333,482495145.333,67,1,False,482495080.333,482495145.333,66,1
2351884670ffe452a34c,4209773422,A,test,Cond1,456,False,384,False,482457635.0,482457701.667,68,1,False,482457635.0,482457701.667,68,1,False,482457635.0,482457701.667,68,1
a6dfa4938807feb52cf1,4209773468,B,test,Cond2,456,False,390,False,482495942.0,482496009.667,70,1,False,482495942.0,482496009.667,70,1,False,482495942.333,482496009.667,69,1
1d1bb726944540c80d59,4211773444,B,test,Cond2,456,False,392,False,482506415.0,482506482.0,68,1,False,482506415.0,482506482.0,68,1,False,482506415.0,482506482.0,68,1
4f521b5a6a05437b2869,4211773460,A,test,Cond1,456,False,384,False,482458805.0,482458829.0,25,1,False,482458805.0,482458829.0,25,1,False,482458805.0,482458829.0,25,1
319311bec39c3ba0f0c3,4211773460,B,test,Cond2,456,False,390,False,482497370.667,482497437.0,67,1,False,482497370.667,482497437.0,67,1,False,482497370.667,482497437.0,67,1
05fe4d20cb4c3735022c,4213773668,B,test,Cond2,456,False,383,False,482453200.667,482453265.667,66,1,False,482453200.667,482453265.667,66,1,False,482453200.667,482453265.667,66,1
1f2e187818d5383eec5b,4213773746,B,test,Cond2,456,False,384,False,482456785.667,482456850.667,66,1,False,482456785.667,482456850.667,66,1,False,482456785.667,482456850.667,66,1
4474b2f519f8133dc4f4,4215773440,A,test,Cond1,456,False,460,False,483082447.333,483082473.333,27,1,False,483082447.333,483082473.333,27,1,False,483082447.333,483082473.333,27,1
49baf58c32e6bf77ffe7,4215773448,A,test,Cond1,456,False,458,False,483073274.0,483073343.667,70,1,False,483073274.0,483073343.667,70,1,False,483073274.0,483073343.667,70,1
ce599ad43fb842cfdd60,4217773676,A,test,Cond1,456,False,425,False,482723518.0,482723562.0,45,1,False,482723518.0,482723562.0,45,1,False,482723519.333,482723562.0,44,1
7d28fc108c3d1fcb0fdc,4217773710,A,test,Cond1,456,False,449,False,482959498.333,482959530.667,33,1,False,482959498.333,482959530.667,33,1,False,482959498.333,482959530.667,33,1
5231263bc46fa2fb32a4,4219773440,B,test,Cond2,456,False,426,False,482728016.667,482728084.0,68,1,False,482728016.667,482728084.0,68,1,False,482728017.667,482728084.0,67,1
92d5bc3dc4acacfd21ea,4219773452,B,test,Cond2,456,False,426,False,482727814.667,482727881.333,55,1,False,482727814.667,482727881.333,55,1,False,482727814.667,482727881.333,55,1
81927a30bb0c1a6ee01a,4221773698,A,test,Cond1,456,False,419,False,482690137.0,482690204.333,68,1,False,482690137.0,482690204.333,68,1,False,482690138.333,482690204.333,67,1
0f41500385df440ddaff,4221773734,B,test,Cond2,456,False,412,False,482655047.333,482655121.333,74,1,False,482655047.333,482655121.333,74,1,False,482655047.333,482655121.333,74,1
b702026c6754db968c8d,4223773496,A,test,Cond1,456,False,516,False,483788123.0,483788189.667,65,1,False,483788123.0,483788189.667,65,1,False,483788123.0,483788189.667,65,1
b40ffe65c6be5f20ce63,4225773652,B,test,Cond2,456,False,506,False,483610171.667,483610238.0,67,1,False,483610171.667,483610238.0,67,1,False,483610171.667,483610238.0,67,1
d9c8e6365c07341aacd1,4225773718,B,test,Cond2,456,False,522,False,483831078.333,483831142.667,68,1,False,483831078.333,483831142.667,68,1,False,483831078.333,483831142.667,68,1
b25c707ca691d6becb3f,4225773746,B,test,Cond2,456,False,507,False,483630565.333,483630632.0,68,1,False,483630565.333,483630632.0,68,1,False,483630566.0,483630632.0,67,1
64b87b6ec1703d21a020,4225773754,A,test,Cond1,456,False,497,False,483479174.0,483479240.333,67,1,False,483479174.0,483479240.333,67,1,False,483479174.0,483479240.333,67,1
c7164626a9416c999b38,4227773662,A,test,Cond1,456,False,485,False,483380382.667,483380447.667,66,1,False,483380382.667,483380447.667,66,1,False,483380382.667,483380447.667,66,1
e441cea6e33ad005e714,4229773718,B,test,Cond2,456,False,481,False,483280469.0,483280536.0,68,1,False,483280469.0,483280536.0,68,1,False,483280469.0,483280536.0,68,1
