fold,feature,selected,t_abs,oob_importance
0,lag_1,True,0.7701159659625182,0.5194679717072079
0,lag_2,True,0.7987218516280069,0.24738047785586442
0,lag_3,True,2.086224488185934,-0.28420107923803106
0,lag_4,True,0.11620944259200815,0.1987686393731446
0,lag_5,True,1.6373240462200633,0.02005684208245535
0,lag_6,True,2.082937555700741,-0.17012758517093843
0,lag_7,True,0.09961141383505852,0.26269925407636563
0,lag_8,False,0.2088612034988652,0.07905282458870101
0,lag_9,False,0.20075131689428727,-0.022882477865200267
0,lag_10,True,1.978968283342145,0.2631520165754118
0,lag_11,False,0.5597976678575863,-0.14240265759362966
0,neighbor_1,True,7.260640526842936,1.4109368423908204
0,neighbor_2,True,5.0677582705996365,0.6602134244901424
0,neighbor_3,True,1.6045076062993084,0.3322249268388144
0,neighbor_4,True,0.28810073333681446,0.42540519913286706
0,neighbor_5,True,1.1900156958100339,0.28720209290960547
0,neighbor_6,True,2.160578832062264,0.5401387655179866
0,neighbor_7,True,1.1397957906408243,0.23593409146179817
0,neighbor_8,True,0.49918372616307777,0.17699326542961777
0,neighbor_9,False,0.11999269621202979,0.13072852681680047
0,neighbor_10,True,0.46352419982266957,0.6884423051468875
0,p2_primary_CENTER_AIR_BAG_PRESSURE_auc,True,0.2262702272176445,0.7192327123238779
0,p2_primary_CENTER_AIR_BAG_PRESSURE_mean,False,0.239712100421258,0.07654707271675076
0,p2_primary_CENTER_AIR_BAG_PRESSURE_std,True,0.4033094230758207,0.35363489466281894
0,p2_primary_DRESSING_WATER_STATUS_auc,True,0.7467745992152904,0.16146026393055174
0,p2_primary_DRESSING_WATER_STATUS_mean,False,0.6097151912767432,0.04002054758442929
0,p2_primary_DRESSING_WATER_STATUS_std,True,0.02490189551638578,0.22756941070297226
0,p2_primary_EDGE_AIR_BAG_PRESSURE_auc,True,2.635858052303281,0.534739451188643
0,p2_primary_EDGE_AIR_BAG_PRESSURE_mean,True,1.3905781050634884,0.21636103756790653
0,p2_primary_EDGE_AIR_BAG_PRESSURE_std,True,0.7856815940403903,0.7473367966318792
0,p2_primary_HEAD_ROTATION_mean,True,1.5172428558250484,0.31038981062532256
0,p2_primary_MAIN_OUTER_AIR_BAG_PRESSURE_auc,True,1.3559042683396878,0.5680084749709537
0,p2_primary_MAIN_OUTER_AIR_BAG_PRESSURE_mean,True,0.797361016273426,0.3212610512966455
0,p2_primary_MAIN_OUTER_AIR_BAG_PRESSURE_std,True,0.49375820318234626,0.48558251723149987
0,p2_primary_PRESSURIZED_CHAMBER_PRESSURE_auc,True,1.514167657313714,0.8029518095937652
0,p2_primary_PRESSURIZED_CHAMBER_PRESSURE_mean,True,0.34050203926091843,0.49770190112297535
0,p2_primary_PRESSURIZED_CHAMBER_PRESSURE_std,True,2.678231457760475,0.25739275297295217
0,p2_primary_RETAINER_RING_PRESSURE_auc,True,1.9171100321731487,0.5477846246230381
0,p2_primary_RETAINER_RING_PRESSURE_mean,True,1.5941419307754057,-0.14703963741033022
0,p2_primary_RETAINER_RING_PRESSURE_std,True,2.288372323895568,-0.05066909524272673
0,p2_primary_RIPPLE_AIR_BAG_PRESSURE_auc,True,0.059760326788821636,0.8528306857207713
0,p2_primary_RIPPLE_AIR_BAG_PRESSURE_mean,True,0.16819415913928173,0.48702658008623856
0,p2_primary_RIPPLE_AIR_BAG_PRESSURE_std,True,1.9533159678712788,0.26564255786427177
0,p2_primary_SLURRY_FLOW_LINE_A_auc,True,1.690701280578133,0.6122858451130146
0,p2_primary_SLURRY_FLOW_LINE_A_mean,True,0.0876676514559972,0.17808885252889814
0,p2_primary_SLURRY_FLOW_LINE_A_std,True,0.40165667528266663,0.2070083341361766
0,p2_primary_SLURRY_FLOW_LINE_B_auc,True,2.0821254563492135,0.34348495185862843
0,p2_primary_SLURRY_FLOW_LINE_B_mean,True,1.789155814961041,-0.28051041282878625
0,p2_primary_SLURRY_FLOW_LINE_B_std,True,1.9561819662316815,-0.2687677615150434
0,p2_primary_SLURRY_FLOW_LINE_C_auc,True,0.31991393346761715,0.7153550852251547
0,p2_primary_SLURRY_FLOW_LINE_C_mean,True,2.6811002248969618,0.38691362465639373
0,p2_primary_SLURRY_FLOW_LINE_C_std,True,2.184659185499086,0.19657517882429007
0,p2_primary_STAGE_ROTATION_mean,True,4.3809561168286,-0.02962472971865939
0,p2_primary_USAGE_OF_BACKING_FILM_decreasing,True,4.882777537882433,-0.3075450381929714
0,p2_primary_USAGE_OF_BACKING_FILM_mean,True,1201243.7346386483,0.0
0,p2_primary_USAGE_OF_BACKING_FILM_std,True,51.255991570901216,0.19644333303032832
0,p2_primary_USAGE_OF_DRESSER_TABLE_decreasing,False,1.2902215669236456,-0.22074583165011363
0,p2_primary_USAGE_OF_DRESSER_TABLE_mean,True,938.7374377809579,0.19080530732709522
0,p2_primary_USAGE_OF_DRESSER_TABLE_std,False,1.3798772574437628,0.03842104879630357
0,p2_primary_USAGE_OF_DRESSER_decreasing,False,0.885737987056428,-0.14455719573612236
0,p2_primary_USAGE_OF_DRESSER_mean,True,46.764017819240244,0.36224687671108285
0,p2_primary_USAGE_OF_DRESSER_std,False,0.5993950425743032,-0.13435843328576308
0,p2_primary_USAGE_OF_MEMBRANE_decreasing,True,14.840235576412791,0.23848101809851976
0,p2_primary_USAGE_OF_MEMBRANE_mean,True,387284.0058136776,-0.18264538786685638
0,p2_primary_USAGE_OF_MEMBRANE_std,True,281.0385081957311,0.24084176882435288
0,p2_primary_USAGE_OF_POLISHING_TABLE_decreasing,True,2.1515208092062488,-0.2653999547014538
0,p2_primary_USAGE_OF_POLISHING_TABLE_mean,True,0.9348111146879099,0.265673240429586
0,p2_primary_USAGE_OF_POLISHING_TABLE_std,True,2.1732730284238295,0.27370081622215037
0,p2_primary_USAGE_OF_PRESSURIZED_SHEET_decreasing,True,13.521338603328985,-0.22032955556910933
0,p2_primary_USAGE_OF_PRESSURIZED_SHEET_mean,True,818381.8923118414,0.2144274286478173
0,p2_primary_USAGE_OF_PRESSURIZED_SHEET_std,True,239.4945181302156,0.2564640516717633
0,p2_primary_WAFER_ROTATION_mean,True,0.8447919686920284,0.4313354214623993
0,p2_primary_duration,False,0.4567095216893573,0.0471712961679333
0,p2_secondary_CENTER_AIR_BAG_PRESSURE_auc,False,0.24733739562813856,0.10880768232311826
0,p2_secondary_CENTER_AIR_BAG_PRESSURE_mean,False,0.2818151244425966,-0.2387992392689078
0,p2_secondary_CENTER_AIR_BAG_PRESSURE_std,False,0.8489062819010962,-0.019452696612232832
0,p2_secondary_DRESSING_WATER_STATUS_auc,True,2.203607076904961,0.19851983337912746
0,p2_secondary_DRESSING_WATER_STATUS_mean,True,2.231679026497816,0.20296928082831384
0,p2_secondary_DRESSING_WATER_STATUS_std,False,0.5542140589622158,-0.33000738884211145
0,p2_secondary_EDGE_AIR_BAG_PRESSURE_auc,True,1.606255430815202,-0.021217836187724392
0,p2_secondary_EDGE_AIR_BAG_PRESSURE_mean,True,1.6898209907219524,-0.1625947738328142
0,p2_secondary_EDGE_AIR_BAG_PRESSURE_std,False,0.7516415251688864,-0.08921417154671252
0,p2_secondary_HEAD_ROTATION_mean,False,1.044955666622501,-0.09710556590698147
0,p2_secondary_MAIN_OUTER_AIR_BAG_PRESSURE_auc,False,0.3368362295919531,0.1397046122084915
0,p2_secondary_MAIN_OUTER_AIR_BAG_PRESSURE_mean,False,0.3966520731072605,-0.17677669529663687
0,p2_secondary_MAIN_OUTER_AIR_BAG_PRESSURE_std,False,0.9407968527337408,-0.23474505584150382
0,p2_secondary_PRESSURIZED_CHAMBER_PRESSURE_auc,True,1.0452115904143837,0.22316521861031274
0,p2_secondary_PRESSURIZED_CHAMBER_PRESSURE_mean,True,1.7979507768850136,0.24838743436958102
0,p2_secondary_PRESSURIZED_CHAMBER_PRESSURE_std,True,2.8660030327728294,-0.12428873236318971
0,p2_secondary_RETAINER_RING_PRESSURE_auc,False,0.5457223062276044,-0.2132138374158401
0,p2_secondary_RETAINER_RING_PRESSURE_mean,False,1.3507249575065152,0.10508770672925084
0,p2_secondary_RETAINER_RING_PRESSURE_std,True,0.2805290312426663,0.3207172307307092
0,p2_secondary_RIPPLE_AIR_BAG_PRESSURE_auc,True,1.3304927434896443,0.17200926348315917
0,p2_secondary_RIPPLE_AIR_BAG_PRESSURE_mean,False,1.3173217869872254,-0.10667526864709752
0,p2_secondary_RIPPLE_AIR_BAG_PRESSURE_std,True,0.5268897545222873,0.16248737605312205
0,p2_secondary_SLURRY_FLOW_LINE_A_auc,False,0.49838453574015784,-0.028330948126431194
0,p2_secondary_SLURRY_FLOW_LINE_A_mean,False,0.6778925539877495,-0.176776695296637
0,p2_secondary_SLURRY_FLOW_LINE_A_std,False,0.026424630904908524,-0.2807136157926161
0,p2_secondary_SLURRY_FLOW_LINE_B_auc,False,0.49621471992938154,-0.3049138868730017
0,p2_secondary_SLURRY_FLOW_LINE_B_mean,False,0.48474282020366277,-0.0991905182549893
0,p2_secondary_SLURRY_FLOW_LINE_B_std,True,0.06790322730616764,0.17164216090004303
0,p2_secondary_SLURRY_FLOW_LINE_C_auc,False,0.830872023953312,-0.049618852918219054
0,p2_secondary_SLURRY_FLOW_LINE_C_mean,False,1.0927521074147237,0.09797599979665086
0,p2_secondary_SLURRY_FLOW_LINE_C_std,True,0.030059753272972382,0.20650118670523632
0,p2_secondary_STAGE_ROTATION_mean,True,0.6025005371339625,0.153277811756753
0,p2_secondary_USAGE_OF_BACKING_FILM_decreasing,True,30.968815451793347,0.21296154651967045
0,p2_secondary_USAGE_OF_BACKING_FILM_mean,True,487308.7812851331,0.17694325252412568
0,p2_secondary_USAGE_OF_BACKING_FILM_std,True,133.92048121350243,-0.0277676450400117
0,p2_secondary_USAGE_OF_DRESSER_TABLE_decreasing,True,2.102852796788272,0.0
0,p2_secondary_USAGE_OF_DRESSER_TABLE_mean,True,943.1452259861047,-0.1258115607550463
0,p2_secondary_USAGE_OF_DRESSER_TABLE_std,True,1.7571570143079414,0.0
0,p2_secondary_USAGE_OF_DRESSER_decreasing,False,0.6433103790995226,0.0
0,p2_secondary_USAGE_OF_DRESSER_mean,True,46.617357235646345,0.34686237953026694
0,p2_secondary_USAGE_OF_DRESSER_std,False,1.0203160306232706,0.0
0,p2_secondary_USAGE_OF_MEMBRANE_decreasing,True,406.0522699869474,0.14725897812425937
0,p2_secondary_USAGE_OF_MEMBRANE_mean,True,1970518.4905120234,-0.05775891933586895
0,p2_secondary_USAGE_OF_MEMBRANE_std,True,1543.2101445390238,0.20141010639823081
0,p2_secondary_USAGE_OF_POLISHING_TABLE_decreasing,False,1.4108230664853951,-0.0005472447729114021
0,p2_secondary_USAGE_OF_POLISHING_TABLE_mean,False,0.9942283727797553,0.02543271636787216
0,p2_secondary_USAGE_OF_POLISHING_TABLE_std,False,0.8929289047270185,-0.16249978694070533
0,p2_secondary_USAGE_OF_PRESSURIZED_SHEET_decreasing,True,274.4822246852547,0.23403519266807274
0,p2_secondary_USAGE_OF_PRESSURIZED_SHEET_mean,True,1485343.8179800536,0.167721908815808
0,p2_secondary_USAGE_OF_PRESSURIZED_SHEET_std,True,1096.5234195261728,0.0
0,p2_secondary_WAFER_ROTATION_mean,True,0.5917927771659446,0.26602852814724826
0,p2_secondary_duration,True,2.204690189267789,-0.05023738102750765
1,lag_1,True,1.9386759433947787,0.42915310558383984
1,lag_2,True,0.1581839751300562,0.225200533164428
1,lag_3,True,0.7105943223989379,0.18609751620504011
1,lag_4,False,0.5839085553740637,-0.11818104964083728
1,lag_5,True,0.5312737036057632,0.3592949594533264
1,lag_6,False,1.2588774115643162,0.002395283365209171
1,lag_7,True,1.992690143082504,0.08154594086034764
1,lag_8,True,0.0019564969372928417,0.3251106450944496
1,lag_9,True,2.4099714227756692,-0.198416073228727
1,lag_10,False,1.1779388629692864,0.015590691634015387
1,lag_11,True,0.7152883182219318,0.23630447160444987
1,neighbor_1,True,9.063026444617815,2.6023168983128877
1,neighbor_2,True,3.375497107057785,0.3690668356534252
1,neighbor_3,True,2.139953015114261,0.4778637174591291
1,neighbor_4,True,0.9322793401912611,0.3226693838876606
1,neighbor_5,True,0.5181610726192347,0.3844271559513261
1,neighbor_6,True,2.507650704118565,0.486793460299187
1,neighbor_7,True,1.488971857821836,0.35050553048979555
1,neighbor_8,True,0.257182352695197,0.576727647525461
1,neighbor_9,False,0.7082497071313818,-0.19723586770915574
1,neighbor_10,False,0.1475174470562736,0.010814399026919127
1,p2_primary_CENTER_AIR_BAG_PRESSURE_auc,True,0.8412140516979179,0.7856292045262506
1,p2_primary_CENTER_AIR_BAG_PRESSURE_mean,True,1.0947108075113567,0.4861104991564568
1,p2_primary_CENTER_AIR_BAG_PRESSURE_std,False,1.1707167579397906,0.12448529011457157
1,p2_primary_DRESSING_WATER_STATUS_auc,False,1.231434356058377,0.05900714492814532
1,p2_primary_DRESSING_WATER_STATUS_mean,True,1.6363529226610263,0.1961341050427407
1,p2_primary_DRESSING_WATER_STATUS_std,True,1.2208898424023622,0.22644300995862696
1,p2_primary_EDGE_AIR_BAG_PRESSURE_auc,True,3.0728580724319943,0.2249163431833681
1,p2_primary_EDGE_AIR_BAG_PRESSURE_mean,True,1.7770704456189392,0.18175561974259122
1,p2_primary_EDGE_AIR_BAG_PRESSURE_std,True,0.6860092134722671,0.43955024803804055
1,p2_primary_HEAD_ROTATION_mean,False,1.1637867031236493,-0.30725105627800836
1,p2_primary_MAIN_OUTER_AIR_BAG_PRESSURE_auc,True,0.29749849153849445,0.5806035249552732
1,p2_primary_MAIN_OUTER_AIR_BAG_PRESSURE_mean,True,0.630851194897158,0.2699809627512642
1,p2_primary_MAIN_OUTER_AIR_BAG_PRESSURE_std,True,1.0449778377488195,0.4912872139526535
1,p2_primary_PRESSURIZED_CHAMBER_PRESSURE_auc,True,1.728766485457108,0.6922789596831314
1,p2_primary_PRESSURIZED_CHAMBER_PRESSURE_mean,True,0.222284758336464,0.24148653442470308
1,p2_primary_PRESSURIZED_CHAMBER_PRESSURE_std,True,2.641711013089844,0.46735653891043333
1,p2_primary_RETAINER_RING_PRESSURE_auc,True,1.5378255469254014,0.1502868270759267
1,p2_primary_RETAINER_RING_PRESSURE_mean,True,0.4909466581914353,0.20711162755004187
1,p2_primary_RETAINER_RING_PRESSURE_std,False,1.273282990877485,0.08404743654264431
1,p2_primary_RIPPLE_AIR_BAG_PRESSURE_auc,True,0.257879087113373,0.4537287256918911
1,p2_primary_RIPPLE_AIR_BAG_PRESSURE_mean,True,0.5266373691844867,0.4253699960027835
1,p2_primary_RIPPLE_AIR_BAG_PRESSURE_std,True,2.0228217217231417,0.2326783137164326
1,p2_primary_SLURRY_FLOW_LINE_A_auc,True,2.575386937951971,0.8290137165795719
1,p2_primary_SLURRY_FLOW_LINE_A_mean,True,0.9194415862665324,0.22109817703736612
1,p2_primary_SLURRY_FLOW_LINE_A_std,True,0.3345359872249488,0.4512289429990096
1,p2_primary_SLURRY_FLOW_LINE_B_auc,True,1.8357283024926556,0.18460741249762005
1,p2_primary_SLURRY_FLOW_LINE_B_mean,True,2.054119540860565,-0.2544640140306913
1,p2_primary_SLURRY_FLOW_LINE_B_std,False,0.8478026259011417,-0.020975430845817742
1,p2_primary_SLURRY_FLOW_LINE_C_auc,True,1.248443229921095,0.5856837127501722
1,p2_primary_SLURRY_FLOW_LINE_C_mean,True,1.4072983503756835,0.578757633220266
1,p2_primary_SLURRY_FLOW_LINE_C_std,True,3.778110254038288,0.018838284424588545
1,p2_primary_STAGE_ROTATION_mean,True,1.2148323134975494,0.19047708336842803
1,p2_primary_USAGE_OF_BACKING_FILM_decreasing,True,3.337167322229476,-0.17485965922730784
1,p2_primary_USAGE_OF_BACKING_FILM_mean,True,230217.3127340632,0.21733371200856863
1,p2_primary_USAGE_OF_BACKING_FILM_std,True,51.81655886196985,0.18807938768745364
1,p2_primary_USAGE_OF_DRESSER_TABLE_decreasing,False,1.368721500019351,0.14386378592171864
1,p2_primary_USAGE_OF_DRESSER_TABLE_mean,True,1302.8030223155533,0.27078168507745964
1,p2_primary_USAGE_OF_DRESSER_TABLE_std,False,1.4163303750859089,-0.07895552467311343
1,p2_primary_USAGE_OF_DRESSER_decreasing,False,0.2782767246097023,0.1281290807507645
1,p2_primary_USAGE_OF_DRESSER_mean,True,15.194770963975568,0.21006110475429898
1,p2_primary_USAGE_OF_DRESSER_std,False,0.2540946128345245,-0.10487158322532684
1,p2_primary_USAGE_OF_MEMBRANE_decreasing,True,26.689927586147476,-0.25371974996913843
1,p2_primary_USAGE_OF_MEMBRANE_mean,True,119862.61678757016,0.14635544136310022
1,p2_primary_USAGE_OF_MEMBRANE_std,True,466.7103070802756,0.310634032497223
1,p2_primary_USAGE_OF_POLISHING_TABLE_decreasing,False,0.47112544057885264,0.08638120796673189
1,p2_primary_USAGE_OF_POLISHING_TABLE_mean,True,0.6095128514755332,0.18388990090209548
1,p2_primary_USAGE_OF_POLISHING_TABLE_std,True,0.36927757948198203,0.46501722113783195
1,p2_primary_USAGE_OF_PRESSURIZED_SHEET_decreasing,True,31.808454054417396,0.21599243631026163
1,p2_primary_USAGE_OF_PRESSURIZED_SHEET_mean,True,110799.39740328751,0.14022021356592582
1,p2_primary_USAGE_OF_PRESSURIZED_SHEET_std,True,549.2293848439468,0.23580777099416061
1,p2_primary_WAFER_ROTATION_mean,True,0.6013198294016127,0.17499362276298067
1,p2_primary_duration,True,1.9359578803458204,0.21540151142892533
1,p2_secondary_CENTER_AIR_BAG_PRESSURE_auc,False,0.46796590004701977,-0.007481160506400895
1,p2_secondary_CENTER_AIR_BAG_PRESSURE_mean,False,0.3863852430634477,-0.10996475408045113
1,p2_secondary_CENTER_AIR_BAG_PRESSURE_std,False,1.258019872357445,0.10605921550152465
1,p2_secondary_DRESSING_WATER_STATUS_auc,True,2.403755231504779,0.039375204944638496
1,p2_secondary_DRESSING_WATER_STATUS_mean,True,2.1926459464052868,-0.12418428525297151
1,p2_secondary_DRESSING_WATER_STATUS_std,True,2.0552088754987623,-0.0591942321909515
1,p2_secondary_EDGE_AIR_BAG_PRESSURE_auc,False,0.7276969709368686,-0.24948343057093522
1,p2_secondary_EDGE_AIR_BAG_PRESSURE_mean,False,0.7605308359712705,0.11477607956707843
1,p2_secondary_EDGE_AIR_BAG_PRESSURE_std,False,0.4219997778024524,0.09359770170429225
1,p2_secondary_HEAD_ROTATION_mean,False,0.7248546369488588,-0.2474005312718748
1,p2_secondary_MAIN_OUTER_AIR_BAG_PRESSURE_auc,True,0.7560120100066156,0.26589907697052406
1,p2_secondary_MAIN_OUTER_AIR_BAG_PRESSURE_mean,False,0.7203112085438922,-0.059297735912125685
1,p2_secondary_MAIN_OUTER_AIR_BAG_PRESSURE_std,False,0.12879990542529243,-0.1017372624218219
1,p2_secondary_PRESSURIZED_CHAMBER_PRESSURE_auc,True,1.5346560000171356,0.11351898177792452
1,p2_secondary_PRESSURIZED_CHAMBER_PRESSURE_mean,True,1.8204593936977358,0.0001855495732117033
1,p2_secondary_PRESSURIZED_CHAMBER_PRESSURE_std,True,1.7604652079879253,-0.0019569644342876703
1,p2_secondary_RETAINER_RING_PRESSURE_auc,True,0.5712753183182666,0.3103635473442987
1,p2_secondary_RETAINER_RING_PRESSURE_mean,False,0.5024428218820518,0.009546524180008401
1,p2_secondary_RETAINER_RING_PRESSURE_std,False,0.3191171105968684,-0.20299423970238517
1,p2_secondary_RIPPLE_AIR_BAG_PRESSURE_auc,False,0.4321365763471098,-0.17677669529663675
1,p2_secondary_RIPPLE_AIR_BAG_PRESSURE_mean,False,0.475884409979274,0.023998172376693702
1,p2_secondary_RIPPLE_AIR_BAG_PRESSURE_std,False,0.8400816918920023,0.01247842015277469
1,p2_secondary_SLURRY_FLOW_LINE_A_auc,False,1.009902523399947,-0.23025699127623428
1,p2_secondary_SLURRY_FLOW_LINE_A_mean,False,1.2734834461249829,0.11022803187113862
1,p2_secondary_SLURRY_FLOW_LINE_A_std,True,0.2694774657523432,0.22422580081180035
1,p2_secondary_SLURRY_FLOW_LINE_B_auc,True,1.7022790947281896,-0.04136845396292077
1,p2_secondary_SLURRY_FLOW_LINE_B_mean,True,1.706846272620131,-0.09107809381302359
1,p2_secondary_SLURRY_FLOW_LINE_B_std,False,0.8774446648474671,0.11775501579930012
1,p2_secondary_SLURRY_FLOW_LINE_C_auc,False,0.8753733470995674,0.0917574745360643
1,p2_secondary_SLURRY_FLOW_LINE_C_mean,False,0.21690959986072147,0.05223813021193972
1,p2_secondary_SLURRY_FLOW_LINE_C_std,False,0.24490259151226304,-0.0741697607588196
1,p2_secondary_STAGE_ROTATION_mean,False,0.6868338338580914,-0.0216225791435575
1,p2_secondary_USAGE_OF_BACKING_FILM_decreasing,True,23.544784174433822,0.25640981308913424
1,p2_secondary_USAGE_OF_BACKING_FILM_mean,True,15044.24081203843,0.30933796548933806
1,p2_secondary_USAGE_OF_BACKING_FILM_std,True,94.22196702082763,-0.16555657101976456
1,p2_secondary_USAGE_OF_DRESSER_TABLE_decreasing,True,2.032995802130229,0.17677669529663692
1,p2_secondary_USAGE_OF_DRESSER_TABLE_mean,True,1322.269224269012,-0.00028458327637055874
1,p2_secondary_USAGE_OF_DRESSER_TABLE_std,False,1.491756283417614,0.0
1,p2_secondary_USAGE_OF_DRESSER_decreasing,False,0.4684760216813333,0.0
1,p2_secondary_USAGE_OF_DRESSER_mean,True,15.37426874991611,-0.02892063012708108
1,p2_secondary_USAGE_OF_DRESSER_std,False,0.3655467085529223,0.0
1,p2_secondary_USAGE_OF_MEMBRANE_decreasing,True,165.86557676123206,-0.006410630735366166
1,p2_secondary_USAGE_OF_MEMBRANE_mean,True,220640.37902571142,-0.14322575447439279
1,p2_secondary_USAGE_OF_MEMBRANE_std,True,576.3972371088726,-0.19559742454086332
1,p2_secondary_USAGE_OF_POLISHING_TABLE_decreasing,False,0.13641766516378953,-0.027204576828427175
1,p2_secondary_USAGE_OF_POLISHING_TABLE_mean,True,0.6506507916786675,0.23895775988229495
1,p2_secondary_USAGE_OF_POLISHING_TABLE_std,False,0.36472826503570965,-0.12478683186285257
1,p2_secondary_USAGE_OF_PRESSURIZED_SHEET_decreasing,True,93.48026579070807,-0.2553968573548284
1,p2_secondary_USAGE_OF_PRESSURIZED_SHEET_mean,True,205852.2791420498,0.07131750658346561
1,p2_secondary_USAGE_OF_PRESSURIZED_SHEET_std,True,343.764606352569,0.0
1,p2_secondary_WAFER_ROTATION_mean,False,0.49881396840260045,-0.11199433606860659
1,p2_secondary_duration,False,1.0591153681008165,-0.02299677082559881
2,lag_1,True,2.0472824365971345,0.307772045306789
2,lag_2,True,0.9383561845836084,0.1725237864419468
2,lag_3,True,1.2918958827631821,0.3539177271624584
2,lag_4,True,1.0841369704937307,0.3107178609338299
2,lag_5,True,1.8613989733599408,0.18158593287493438
2,lag_6,True,0.9487196006206489,0.15712129195506197
2,lag_7,False,1.4546599633306536,-0.11791362112531589
2,lag_8,True,0.2234439983363041,0.2685695232349092
2,lag_9,False,0.7715575911212733,0.1064018915947218
2,lag_10,True,1.8164427982487659,-0.19705811507794743
2,lag_11,False,0.4441029978056025,-0.04148761090557289
2,neighbor_1,True,6.201207973059589,2.6778945195571846
2,neighbor_2,True,2.6780618533445666,0.3586288918907061
2,neighbor_3,True,4.740524065967725,1.052181983962752
2,neighbor_4,True,0.1848411627806977,0.5224101502442376
2,neighbor_5,True,0.6071005496064165,0.31244469891803167
2,neighbor_6,True,2.121314242395089,0.27359540782400893
2,neighbor_7,True,1.516078456962278,0.01737256533820384
2,neighbor_8,True,0.7168657989357955,0.4759872202331688
2,neighbor_9,True,2.5005627561599817,0.37528905931573053
2,neighbor_10,False,1.1755474396605168,0.04248303393189854
2,p2_primary_CENTER_AIR_BAG_PRESSURE_auc,True,0.2949483948332453,0.8144965814821488
2,p2_primary_CENTER_AIR_BAG_PRESSURE_mean,True,0.4767308042799354,0.26770134129806517
2,p2_primary_CENTER_AIR_BAG_PRESSURE_std,False,1.0588370097657578,-0.06961943128772154
2,p2_primary_DRESSING_WATER_STATUS_auc,True,1.347658175814961,0.16237188156708007
2,p2_primary_DRESSING_WATER_STATUS_mean,False,1.194179862154797,0.14714860633485097
2,p2_primary_DRESSING_WATER_STATUS_std,False,0.04559836538690783,0.1468451903786844
2,p2_primary_EDGE_AIR_BAG_PRESSURE_auc,True,1.8997196401461067,0.31782458856345197
2,p2_primary_EDGE_AIR_BAG_PRESSURE_mean,False,0.7835070694252807,0.08585028829894947
2,p2_primary_EDGE_AIR_BAG_PRESSURE_std,True,0.8847259318526572,0.7592659085928081
2,p2_primary_HEAD_ROTATION_mean,False,1.4519606011537818,-0.21429208853445952
2,p2_primary_MAIN_OUTER_AIR_BAG_PRESSURE_auc,True,0.3804609327089497,0.736135860736124
2,p2_primary_MAIN_OUTER_AIR_BAG_PRESSURE_mean,False,0.4463912137116651,-0.023373674337318195
2,p2_primary_MAIN_OUTER_AIR_BAG_PRESSURE_std,True,1.405021859111104,0.21232952071777422
2,p2_primary_PRESSURIZED_CHAMBER_PRESSURE_auc,True,1.4439309782165726,0.3685870659106352
2,p2_primary_PRESSURIZED_CHAMBER_PRESSURE_mean,True,0.7320485567366255,0.5526480863637768
2,p2_primary_PRESSURIZED_CHAMBER_PRESSURE_std,True,1.748486236780129,-0.13306474164846432
2,p2_primary_RETAINER_RING_PRESSURE_auc,True,0.9976899478718696,0.4402620169856181
2,p2_primary_RETAINER_RING_PRESSURE_mean,True,1.829731977131752,0.1980969300236938
2,p2_primary_RETAINER_RING_PRESSURE_std,True,1.7305576594982022,-0.18952355469970641
2,p2_primary_RIPPLE_AIR_BAG_PRESSURE_auc,True,0.23869348154810544,0.6090786375454985
2,p2_primary_RIPPLE_AIR_BAG_PRESSURE_mean,True,0.17521827224678344,0.560598792528577
2,p2_primary_RIPPLE_AIR_BAG_PRESSURE_std,True,1.1940601073923343,0.2750070810723753
2,p2_primary_SLURRY_FLOW_LINE_A_auc,True,1.0646678031430956,0.5267469930268271
2,p2_primary_SLURRY_FLOW_LINE_A_mean,True,0.09786069709706592,0.22892719935038744
2,p2_primary_SLURRY_FLOW_LINE_A_std,True,0.4127331780971425,0.37165211264327813
2,p2_primary_SLURRY_FLOW_LINE_B_auc,True,2.442724134002585,0.18788488216635774
2,p2_primary_SLURRY_FLOW_LINE_B_mean,False,1.0593353891168484,-0.2707278527667574
2,p2_primary_SLURRY_FLOW_LINE_B_std,False,1.1411695945217413,0.0446408635035575
2,p2_primary_SLURRY_FLOW_LINE_C_auc,True,0.6340164134740227,0.6786684575869937
2,p2_primary_SLURRY_FLOW_LINE_C_mean,True,2.8240854093696073,0.28676487775073395
2,p2_primary_SLURRY_FLOW_LINE_C_std,True,2.5590035404935487,0.15405350192376488
2,p2_primary_STAGE_ROTATION_mean,True,4.097117412011503,0.34298715948422737
2,p2_primary_USAGE_OF_BACKING_FILM_decreasing,True,6.659634968249934,-0.2128477877623655
2,p2_primary_USAGE_OF_BACKING_FILM_mean,True,745527.6523527182,0.02912986923405533
2,p2_primary_USAGE_OF_BACKING_FILM_std,True,54.70650083102519,0.08825792618856505
2,p2_primary_USAGE_OF_DRESSER_TABLE_decreasing,False,0.42652323749848525,-0.2887877694795086
2,p2_primary_USAGE_OF_DRESSER_TABLE_mean,True,53.232277646147026,0.11362919620122107
2,p2_primary_USAGE_OF_DRESSER_TABLE_std,True,0.1432266260334434,0.19966761569922742
2,p2_primary_USAGE_OF_DRESSER_decreasing,False,0.3226399422099635,0.11397185277101887
2,p2_primary_USAGE_OF_DRESSER_mean,True,80.40519262894139,0.3466079613001014
2,p2_primary_USAGE_OF_DRESSER_std,False,0.2695942707414218,-0.07192423355024248
2,p2_primary_USAGE_OF_MEMBRANE_decreasing,True,39.296965070946705,-0.2541047674879565
2,p2_primary_USAGE_OF_MEMBRANE_mean,True,1280765.1472389954,0.02299592515770321
2,p2_primary_USAGE_OF_MEMBRANE_std,True,752.3696162756016,0.2850643607974765
2,p2_primary_USAGE_OF_POLISHING_TABLE_decreasing,False,1.286328721288857,-0.1908967641687397
2,p2_primary_USAGE_OF_POLISHING_TABLE_mean,False,0.5951841813842597,-0.024450341824385276
2,p2_primary_USAGE_OF_POLISHING_TABLE_std,True,1.3660152722818255,0.25991021712590817
2,p2_primary_USAGE_OF_PRESSURIZED_SHEET_decreasing,True,39.55172318540141,-0.10949332381016598
2,p2_primary_USAGE_OF_PRESSURIZED_SHEET_mean,True,532000.6602127582,-0.17189820760678143
2,p2_primary_USAGE_OF_PRESSURIZED_SHEET_std,True,787.0038908034079,0.19466516179057106
2,p2_primary_WAFER_ROTATION_mean,True,0.9593842546531702,0.36691087120802984
2,p2_primary_duration,True,1.752067208716068,-0.06061032240342925
2,p2_secondary_CENTER_AIR_BAG_PRESSURE_auc,False,1.4533844503654916,-0.09243627604207484
2,p2_secondary_CENTER_AIR_BAG_PRESSURE_mean,True,1.4494757930522435,0.2551901581926927
2,p2_secondary_CENTER_AIR_BAG_PRESSURE_std,False,0.16743498819280317,-0.28296572056167235
2,p2_secondary_DRESSING_WATER_STATUS_auc,True,0.9572411760257649,0.27221163194370074
2,p2_secondary_DRESSING_WATER_STATUS_mean,False,1.0498435619010777,-0.23642870504880625
2,p2_secondary_DRESSING_WATER_STATUS_std,True,1.8026512113339823,0.12674743296904828
2,p2_secondary_EDGE_AIR_BAG_PRESSURE_auc,False,1.3487192044592864,0.119531420210216
2,p2_secondary_EDGE_AIR_BAG_PRESSURE_mean,False,1.4879824076899584,-0.07552871339781168
2,p2_secondary_EDGE_AIR_BAG_PRESSURE_std,True,1.786427298919012,-0.22201168165331603
2,p2_secondary_HEAD_ROTATION_mean,False,0.5434135935844012,-0.3867717882352786
2,p2_secondary_MAIN_OUTER_AIR_BAG_PRESSURE_auc,False,0.5449936593309069,-0.043383471290308784
2,p2_secondary_MAIN_OUTER_AIR_BAG_PRESSURE_mean,False,0.4620651018913563,-0.039718887186549444
2,p2_secondary_MAIN_OUTER_AIR_BAG_PRESSURE_std,False,1.3707597013864108,0.12333504836082251
2,p2_secondary_PRESSURIZED_CHAMBER_PRESSURE_auc,False,0.0867680987121623,-0.16056836066951347
2,p2_secondary_PRESSURIZED_CHAMBER_PRESSURE_mean,False,0.7182144727049292,-0.0743537812520472
2,p2_secondary_PRESSURIZED_CHAMBER_PRESSURE_std,True,2.2867838993068816,0.11035932324356128
2,p2_secondary_RETAINER_RING_PRESSURE_auc,False,0.3466873780176714,0.0
2,p2_secondary_RETAINER_RING_PRESSURE_mean,True,1.220572210929467,0.16692900220257748
2,p2_secondary_RETAINER_RING_PRESSURE_std,False,1.022309217392052,-0.22725711364063617
2,p2_secondary_RIPPLE_AIR_BAG_PRESSURE_auc,True,1.1950464475858433,0.20982256550727307
2,p2_secondary_RIPPLE_AIR_BAG_PRESSURE_mean,False,1.1203498378073595,-0.015694621122182516
2,p2_secondary_RIPPLE_AIR_BAG_PRESSURE_std,False,1.0384576987271283,-0.23772111353643027
2,p2_secondary_SLURRY_FLOW_LINE_A_auc,False,1.1139002358488774,0.11497856375189419
2,p2_secondary_SLURRY_FLOW_LINE_A_mean,False,0.6954389320614517,-0.04005098723920083
2,p2_secondary_SLURRY_FLOW_LINE_A_std,False,1.4735791580641922,-0.08254733390908649
2,p2_secondary_SLURRY_FLOW_LINE_B_auc,False,1.0741266068172006,-0.17127682753602974
2,p2_secondary_SLURRY_FLOW_LINE_B_mean,False,1.0599036825063213,-0.17677669529663698
2,p2_secondary_SLURRY_FLOW_LINE_B_std,True,1.424979078310406,0.2545548117330977
2,p2_secondary_SLURRY_FLOW_LINE_C_auc,False,0.9288698759825852,0.05715158224051381
2,p2_secondary_SLURRY_FLOW_LINE_C_mean,False,1.252037651992494,0.10531156206576743
2,p2_secondary_SLURRY_FLOW_LINE_C_std,False,0.3641490163607687,0.13591705594706818
2,p2_secondary_STAGE_ROTATION_mean,False,0.4940144364480427,-0.3162307686173957
2,p2_secondary_USAGE_OF_BACKING_FILM_decreasing,True,23.41136370317409,-0.1011495999924235
2,p2_secondary_USAGE_OF_BACKING_FILM_mean,True,13327.164917035556,-0.14163902285606045
2,p2_secondary_USAGE_OF_BACKING_FILM_std,True,99.72234547596008,-0.216579671344158
2,p2_secondary_USAGE_OF_DRESSER_TABLE_decreasing,True,2.481867952672389,0.0
2,p2_secondary_USAGE_OF_DRESSER_TABLE_mean,True,53.203838673649116,0.28731286632482966
2,p2_secondary_USAGE_OF_DRESSER_TABLE_std,True,2.401855406293898,0.0
2,p2_secondary_USAGE_OF_DRESSER_decreasing,False,1.1797055141044681,-0.17677669529663692
2,p2_secondary_USAGE_OF_DRESSER_mean,True,80.57364894162134,0.17181484580303524
2,p2_secondary_USAGE_OF_DRESSER_std,False,0.8954726893007522,0.0
2,p2_secondary_USAGE_OF_MEMBRANE_decreasing,True,419.5787095780362,0.1767766952966368
2,p2_secondary_USAGE_OF_MEMBRANE_mean,True,948784.5819468945,-0.3305881230028403
2,p2_secondary_USAGE_OF_MEMBRANE_std,True,1529.6435549496134,-0.08595904296774057
2,p2_secondary_USAGE_OF_POLISHING_TABLE_decreasing,True,1.817163188639668,0.26927691873900333
2,p2_secondary_USAGE_OF_POLISHING_TABLE_mean,False,0.6579071538991665,-0.09979897434867638
2,p2_secondary_USAGE_OF_POLISHING_TABLE_std,True,1.4033184305788422,0.31550093439920923
2,p2_secondary_USAGE_OF_PRESSURIZED_SHEET_decreasing,True,301.0171141546339,-0.19466603664669008
2,p2_secondary_USAGE_OF_PRESSURIZED_SHEET_mean,True,964917.1027291928,0.19284435824848778
2,p2_secondary_USAGE_OF_PRESSURIZED_SHEET_std,True,1167.4265151429904,0.07559947182082397
2,p2_secondary_WAFER_ROTATION_mean,False,0.04841565711267095,-0.13450573049532485
2,p2_secondary_duration,False,1.4510417636240083,-0.14142209276535517
3,lag_1,True,1.329254056250441,0.5568255541454478
3,lag_2,True,0.6109279118276472,0.2730409689549295
3,lag_3,True,0.9743973458109892,0.45969893822309627
3,lag_4,True,0.36569644428328296,0.2509040196608338
3,lag_5,False,0.01815971866673434,0.02185613026062965
3,lag_6,True,0.22100077209424987,0.20200676133186674
3,lag_7,False,1.0955453550195253,0.1014002190988457
3,lag_8,True,0.4816676354958056,0.339121919292889
3,lag_9,True,0.7017722588024787,0.34033173756006174
3,lag_10,True,0.40222622318171747,0.2675242281467547
3,lag_11,True,0.4264888313085198,0.26703161842187256
3,neighbor_1,True,7.73024518630732,1.3576328316371684
3,neighbor_2,True,3.925330285492255,0.5268004671976838
3,neighbor_3,True,1.8669693970034669,0.4233155251564597
3,neighbor_4,True,1.9377525787462644,0.3261806303381755
3,neighbor_5,True,2.32795496691883,0.4840909158108093
3,neighbor_6,True,0.3361898680885599,0.15758797994582963
3,neighbor_7,True,0.5912933890522097,0.3567852461592174
3,neighbor_8,True,0.42455795907218663,0.23933382358493172
3,neighbor_9,True,1.5902277938284288,0.016469591262751743
3,neighbor_10,True,0.19212619141971662,0.25761213874408656
3,p2_primary_CENTER_AIR_BAG_PRESSURE_auc,True,0.13320112388569275,0.8521746194521592
3,p2_primary_CENTER_AIR_BAG_PRESSURE_mean,True,0.4421736223066976,0.3993709721996473
3,p2_primary_CENTER_AIR_BAG_PRESSURE_std,False,1.0737550663634257,0.0005498551013130415
3,p2_primary_DRESSING_WATER_STATUS_auc,True,1.9246174749389344,0.11551237989817384
3,p2_primary_DRESSING_WATER_STATUS_mean,True,1.7045043745791189,0.48297578632718224
3,p2_primary_DRESSING_WATER_STATUS_std,True,0.02416076415369157,0.16375595275612995
3,p2_primary_EDGE_AIR_BAG_PRESSURE_auc,True,3.5092893018948823,0.35385666454037784
3,p2_primary_EDGE_AIR_BAG_PRESSURE_mean,True,1.97280419477889,0.345592686500115
3,p2_primary_EDGE_AIR_BAG_PRESSURE_std,True,0.627391260438358,0.4755478533730549
3,p2_primary_HEAD_ROTATION_mean,True,1.9694507183942414,0.18561340955848307
3,p2_primary_MAIN_OUTER_AIR_BAG_PRESSURE_auc,True,0.7997413509928857,0.35029880670067454
3,p2_primary_MAIN_OUTER_AIR_BAG_PRESSURE_mean,True,0.08305388965250218,0.5459146248377118
3,p2_primary_MAIN_OUTER_AIR_BAG_PRESSURE_std,True,0.9977452010364011,0.39916879331561944
3,p2_primary_PRESSURIZED_CHAMBER_PRESSURE_auc,True,1.5585052794544265,0.4000654853190641
3,p2_primary_PRESSURIZED_CHAMBER_PRESSURE_mean,False,1.3189193360516331,0.07880657089233326
3,p2_primary_PRESSURIZED_CHAMBER_PRESSURE_std,True,2.5895774105879186,0.6071810596513825
3,p2_primary_RETAINER_RING_PRESSURE_auc,True,2.0908749884230744,0.4016166742980043
3,p2_primary_RETAINER_RING_PRESSURE_mean,False,0.8714539133942836,-0.13044707587414653
3,p2_primary_RETAINER_RING_PRESSURE_std,True,1.7571687383502643,-0.00933042315197898
3,p2_primary_RIPPLE_AIR_BAG_PRESSURE_auc,True,0.5774081099975602,0.4156169658482012
3,p2_primary_RIPPLE_AIR_BAG_PRESSURE_mean,True,0.22063419401507658,0.3181374001120163
3,p2_primary_RIPPLE_AIR_BAG_PRESSURE_std,True,2.158848278179827,-0.0442760054017865
3,p2_primary_SLURRY_FLOW_LINE_A_auc,True,1.5529665316833654,0.35547107523833704
3,p2_primary_SLURRY_FLOW_LINE_A_mean,True,0.1677954418752877,0.2201446047423109
3,p2_primary_SLURRY_FLOW_LINE_A_std,False,1.0200459179112749,0.011152505042200632
3,p2_primary_SLURRY_FLOW_LINE_B_auc,True,3.7558801700090227,0.3869135596780439
3,p2_primary_SLURRY_FLOW_LINE_B_mean,True,1.9831968151164536,-0.004417415685996844
3,p2_primary_SLURRY_FLOW_LINE_B_std,False,1.1961095365129795,0.02718035158877352
3,p2_primary_SLURRY_FLOW_LINE_C_auc,True,0.16380944587187543,0.5914215040080947
3,p2_primary_SLURRY_FLOW_LINE_C_mean,True,2.679142668985279,0.5495678620810115
3,p2_primary_SLURRY_FLOW_LINE_C_std,True,2.7904758866274237,-0.044930779849115775
3,p2_primary_STAGE_ROTATION_mean,True,3.091030451311656,0.21755507620440082
3,p2_primary_USAGE_OF_BACKING_FILM_decreasing,True,12.875778739542916,-0.24707579952703784
3,p2_primary_USAGE_OF_BACKING_FILM_mean,True,143260.7277651858,-0.03574545146431559
3,p2_primary_USAGE_OF_BACKING_FILM_std,True,175.53832219541582,0.1932616261253777
3,p2_primary_USAGE_OF_DRESSER_TABLE_decreasing,False,1.153577408868,0.1373264830330456
3,p2_primary_USAGE_OF_DRESSER_TABLE_mean,True,2619.9052668926524,-0.006072968573617929
3,p2_primary_USAGE_OF_DRESSER_TABLE_std,True,1.167183812482437,0.16420585538111104
3,p2_primary_USAGE_OF_DRESSER_decreasing,True,0.23196243713717313,0.24971453469046098
3,p2_primary_USAGE_OF_DRESSER_mean,True,31.95718544622601,0.28583340792142814
3,p2_primary_USAGE_OF_DRESSER_std,False,0.13658017245972034,-0.20348360680822722
3,p2_primary_USAGE_OF_MEMBRANE_decreasing,True,23.210187149645016,-0.13430726941800944
3,p2_primary_USAGE_OF_MEMBRANE_mean,True,190830.274269954,0.23301570976505903
3,p2_primary_USAGE_OF_MEMBRANE_std,True,380.4955930347354,0.14300415040806605
3,p2_primary_USAGE_OF_POLISHING_TABLE_decreasing,True,1.2427736576699957,0.220703131731872
3,p2_primary_USAGE_OF_POLISHING_TABLE_mean,True,0.48750151969473565,0.23464367654909365
3,p2_primary_USAGE_OF_POLISHING_TABLE_std,True,1.2089713883544224,0.26542146613105794
3,p2_primary_USAGE_OF_PRESSURIZED_SHEET_decreasing,True,33.42386032126211,0.014630485638271408
3,p2_primary_USAGE_OF_PRESSURIZED_SHEET_mean,True,47118.26398620706,-0.2387359847571822
3,p2_primary_USAGE_OF_PRESSURIZED_SHEET_std,True,562.8586421408675,0.18918843484040435
3,p2_primary_WAFER_ROTATION_mean,True,0.073148789931703,0.16245780410286026
3,p2_primary_duration,True,2.9379775516490043,0.19919652729651863
3,p2_secondary_CENTER_AIR_BAG_PRESSURE_auc,True,1.7682383566879802,-0.05436915814117878
3,p2_secondary_CENTER_AIR_BAG_PRESSURE_mean,True,1.7673306366151893,-0.24928712035345632
3,p2_secondary_CENTER_AIR_BAG_PRESSURE_std,False,0.6975586792117748,-0.27007573284384717
3,p2_secondary_DRESSING_WATER_STATUS_auc,False,0.3948409434455109,0.10771006348072007
3,p2_secondary_DRESSING_WATER_STATUS_mean,False,0.5174997160682461,-0.02253482214443771
3,p2_secondary_DRESSING_WATER_STATUS_std,True,1.543122489886608,0.1458563569849717
3,p2_secondary_EDGE_AIR_BAG_PRESSURE_auc,True,0.8090003056802542,0.2511688341997802
3,p2_secondary_EDGE_AIR_BAG_PRESSURE_mean,False,0.7951080018945971,-0.25202869663229827
3,p2_secondary_EDGE_AIR_BAG_PRESSURE_std,False,0.04066714585636749,-0.012866973024205704
3,p2_secondary_HEAD_ROTATION_mean,True,1.6024178232845832,-0.08482296344506342
3,p2_secondary_MAIN_OUTER_AIR_BAG_PRESSURE_auc,False,0.7407521830391552,-0.03371775459179064
3,p2_secondary_MAIN_OUTER_AIR_BAG_PRESSURE_mean,True,0.7297222548057689,0.23908069913788085
3,p2_secondary_MAIN_OUTER_AIR_BAG_PRESSURE_std,False,0.5839781568495018,-0.04274600316023792
3,p2_secondary_PRESSURIZED_CHAMBER_PRESSURE_auc,True,1.3621426315422893,0.2626899830259497
3,p2_secondary_PRESSURIZED_CHAMBER_PRESSURE_mean,True,1.5802963223789552,0.0679781639385234
3,p2_secondary_PRESSURIZED_CHAMBER_PRESSURE_std,False,1.3634459054647576,-0.3581963946939834
3,p2_secondary_RETAINER_RING_PRESSURE_auc,False,0.15455017060034948,-0.0032432816302887715
3,p2_secondary_RETAINER_RING_PRESSURE_mean,True,0.711871620738192,0.27922702058432697
3,p2_secondary_RETAINER_RING_PRESSURE_std,False,0.1480914286785233,-0.0726321045959038
3,p2_secondary_RIPPLE_AIR_BAG_PRESSURE_auc,False,1.0389291517853556,0.11605438304584112
3,p2_secondary_RIPPLE_AIR_BAG_PRESSURE_mean,True,1.052686247782981,0.3143708273896969
3,p2_secondary_RIPPLE_AIR_BAG_PRESSURE_std,False,0.6029106639147699,-0.19014206494363078
3,p2_secondary_SLURRY_FLOW_LINE_A_auc,False,0.6397221934678499,0.049647322158106445
3,p2_secondary_SLURRY_FLOW_LINE_A_mean,True,0.7444566557517763,0.18224396238276352
3,p2_secondary_SLURRY_FLOW_LINE_A_std,True,0.08811122629795513,0.1588031590603873
3,p2_secondary_SLURRY_FLOW_LINE_B_auc,True,0.16110611102266756,0.27794840293488743
3,p2_secondary_SLURRY_FLOW_LINE_B_mean,False,0.1881198794746194,0.10147126054242954
3,p2_secondary_SLURRY_FLOW_LINE_B_std,False,0.665485576224298,0.03852428075774931
3,p2_secondary_SLURRY_FLOW_LINE_C_auc,False,1.4184802841556416,-0.2575013071963239
3,p2_secondary_SLURRY_FLOW_LINE_C_mean,False,0.7200364145836732,-0.1928838549240583
3,p2_secondary_SLURRY_FLOW_LINE_C_std,True,0.4819185904805929,0.26486317091145767
3,p2_secondary_STAGE_ROTATION_mean,False,1.4092420190436772,0.09302841611098102
3,p2_secondary_USAGE_OF_BACKING_FILM_decreasing,True,8.5991090176264,0.13128387955248738
3,p2_secondary_USAGE_OF_BACKING_FILM_mean,True,139707.11923301755,-0.17677669529663706
3,p2_secondary_USAGE_OF_BACKING_FILM_std,True,35.8594165386092,0.12870440912840714
3,p2_secondary_USAGE_OF_DRESSER_TABLE_decreasing,True,2.7396146674715407,0.0
3,p2_secondary_USAGE_OF_DRESSER_TABLE_mean,True,2590.223230476291,0.32079849994885884
3,p2_secondary_USAGE_OF_DRESSER_TABLE_std,True,2.2892083489750483,0.0
3,p2_secondary_USAGE_OF_DRESSER_decreasing,False,1.337812156453849,0.0
3,p2_secondary_USAGE_OF_DRESSER_mean,True,32.20504865804389,0.07092972669644154
3,p2_secondary_USAGE_OF_DRESSER_std,False,1.0616524631910944,0.0
3,p2_secondary_USAGE_OF_MEMBRANE_decreasing,True,350.09454519092884,-0.17515003530384315
3,p2_secondary_USAGE_OF_MEMBRANE_mean,True,391054.7915841025,-0.1926733360592516
3,p2_secondary_USAGE_OF_MEMBRANE_std,True,1329.5432514706472,0.08936057523154561
3,p2_secondary_USAGE_OF_POLISHING_TABLE_decreasing,True,1.7743635299906593,0.3631864876853943
3,p2_secondary_USAGE_OF_POLISHING_TABLE_mean,True,0.5409424977338465,0.21492923554006876
3,p2_secondary_USAGE_OF_POLISHING_TABLE_std,False,1.370978778569663,-0.29239204180672823
3,p2_secondary_USAGE_OF_PRESSURIZED_SHEET_decreasing,True,255.88238356084005,0.11311635999067875
3,p2_secondary_USAGE_OF_PRESSURIZED_SHEET_mean,True,251856.47381219544,-0.02047287641970424
3,p2_secondary_USAGE_OF_PRESSURIZED_SHEET_std,True,1030.3255790073422,0.17047340919742837
3,p2_secondary_WAFER_ROTATION_mean,False,0.04549918880176833,0.02597266156893243
3,p2_secondary_duration,True,2.4437251994392297,0.006463393812564619
4,lag_1,True,1.0820654847798103,0.6266896273849369
4,lag_2,False,0.7098287834232868,0.12874070064027635
4,lag_3,True,0.40422803064611124,0.2239744985976231
4,lag_4,True,0.785926338893588,0.31585571067641405
4,lag_5,False,1.1467135621333981,-0.0715799004677132
4,lag_6,True,0.35399041536913406,0.16636481704109007
4,lag_7,True,1.0554730146250575,0.2178369728919782
4,lag_8,True,1.4264991267633005,0.18492935262461538
4,lag_9,True,1.8646822171793884,-0.2310062066492127
4,lag_10,False,0.9577685376169347,-0.10527111729372098
4,lag_11,True,1.655851091331973,-0.03193013348144225
4,neighbor_1,True,7.7897776033541195,1.5704499448769167
4,neighbor_2,True,2.9939189156304526,0.4634044022397394
4,neighbor_3,True,3.0637357886650465,1.0842493892387302
4,neighbor_4,True,0.3751483441492697,0.6309967626932125
4,neighbor_5,True,1.654960346981685,0.46521948701029625
4,neighbor_6,True,0.05390044270857706,0.30718523594069974
4,neighbor_7,True,1.5993755032739956,0.2834116976056401
4,neighbor_8,True,1.3759806984838656,0.2792833227678682
4,neighbor_9,True,2.5524148511712808,0.2265076463821262
4,neighbor_10,True,1.1668342769015807,0.2818386456800019
4,p2_primary_CENTER_AIR_BAG_PRESSURE_auc,True,1.1342016007227746,0.7254614945140978
4,p2_primary_CENTER_AIR_BAG_PRESSURE_mean,False,1.3889466137463031,0.13339033417597645
4,p2_primary_CENTER_AIR_BAG_PRESSURE_std,True,1.1329599798030086,0.32057262693533295
4,p2_primary_DRESSING_WATER_STATUS_auc,False,1.349535595102988,-0.12241796737274267
4,p2_primary_DRESSING_WATER_STATUS_mean,True,1.535032673492389,0.4186125700138506
4,p2_primary_DRESSING_WATER_STATUS_std,False,0.7489849834951634,-0.0007133838846139438
4,p2_primary_EDGE_AIR_BAG_PRESSURE_auc,True,3.3949937811086124,0.3265216680133085
4,p2_primary_EDGE_AIR_BAG_PRESSURE_mean,True,2.4405172783623823,0.2054698593673433
4,p2_primary_EDGE_AIR_BAG_PRESSURE_std,True,0.005159210998329453,0.5502993904233225
4,p2_primary_HEAD_ROTATION_mean,True,1.1808344132556117,0.23448412574919164
4,p2_primary_MAIN_OUTER_AIR_BAG_PRESSURE_auc,True,0.007244215301224107,0.5306348622530038
4,p2_primary_MAIN_OUTER_AIR_BAG_PRESSURE_mean,True,0.5733895983042094,0.32518899561861997
4,p2_primary_MAIN_OUTER_AIR_BAG_PRESSURE_std,True,0.7639494321495119,0.5731635909957906
4,p2_primary_PRESSURIZED_CHAMBER_PRESSURE_auc,True,2.0006863273814623,0.7239962835717603
4,p2_primary_PRESSURIZED_CHAMBER_PRESSURE_mean,True,0.0917366057889867,0.5990399344479247
4,p2_primary_PRESSURIZED_CHAMBER_PRESSURE_std,True,2.8722911952281174,0.3684793490254145
4,p2_primary_RETAINER_RING_PRESSURE_auc,True,1.4324397491935184,0.1635498934694123
4,p2_primary_RETAINER_RING_PRESSURE_mean,False,1.4833149689732648,-0.16544946266233915
4,p2_primary_RETAINER_RING_PRESSURE_std,True,2.2536779487622645,-0.15919510058235475
4,p2_primary_RIPPLE_AIR_BAG_PRESSURE_auc,True,0.13867718343700794,0.4812264800386143
4,p2_primary_RIPPLE_AIR_BAG_PRESSURE_mean,True,0.46080339447726215,0.5267057963288979
4,p2_primary_RIPPLE_AIR_BAG_PRESSURE_std,True,1.6944498419135803,0.383173858279035
4,p2_primary_SLURRY_FLOW_LINE_A_auc,True,2.233591243415541,0.3751614497503255
4,p2_primary_SLURRY_FLOW_LINE_A_mean,True,0.11959114062217692,0.1842565313522698
4,p2_primary_SLURRY_FLOW_LINE_A_std,True,1.1398925659958916,0.37146502621822025
4,p2_primary_SLURRY_FLOW_LINE_B_auc,True,0.29447175532529485,0.2720635092619139
4,p2_primary_SLURRY_FLOW_LINE_B_mean,False,0.20719423519195887,-0.006778275632511606
4,p2_primary_SLURRY_FLOW_LINE_B_std,False,0.26839014483182017,-0.015690663117843708
4,p2_primary_SLURRY_FLOW_LINE_C_auc,True,0.06997652742795189,0.3328863530813241
4,p2_primary_SLURRY_FLOW_LINE_C_mean,True,1.694492146572642,0.10734607343288488
4,p2_primary_SLURRY_FLOW_LINE_C_std,True,2.9779193784319573,-0.04186958178933104
4,p2_primary_STAGE_ROTATION_mean,True,3.76221235569024,0.6079071292683985
4,p2_primary_USAGE_OF_BACKING_FILM_decreasing,True,2.017559055858881,0.14001808907106245
4,p2_primary_USAGE_OF_BACKING_FILM_mean,True,1455402.0046749238,0.12717835527741578
4,p2_primary_USAGE_OF_BACKING_FILM_std,True,9.929991728033134,0.3140601527402624
4,p2_primary_USAGE_OF_DRESSER_TABLE_decreasing,False,0.4177717438185576,-0.12934874871212693
4,p2_primary_USAGE_OF_DRESSER_TABLE_mean,True,443.86603504916826,-0.11661344697120939
4,p2_primary_USAGE_OF_DRESSER_TABLE_std,False,0.17648614097346874,-0.24381075941986904
4,p2_primary_USAGE_OF_DRESSER_decreasing,False,0.11808497770406355,0.01593243925449188
4,p2_primary_USAGE_OF_DRESSER_mean,True,33.459402439396875,0.3880329851743833
4,p2_primary_USAGE_OF_DRESSER_std,False,0.24615897764975517,0.017386411809884494
4,p2_primary_USAGE_OF_MEMBRANE_decreasing,True,34.154226613003644,0.048262225996609676
4,p2_primary_USAGE_OF_MEMBRANE_mean,True,1409165.663924565,0.0069909487468427884
4,p2_primary_USAGE_OF_MEMBRANE_std,True,59.64590393099722,0.03417035526444071
4,p2_primary_USAGE_OF_POLISHING_TABLE_decreasing,True,1.752460725401754,0.011640645239766271
4,p2_primary_USAGE_OF_POLISHING_TABLE_mean,True,0.08627273171188309,0.2931134671575737
4,p2_primary_USAGE_OF_POLISHING_TABLE_std,True,1.6998223998141628,0.4469422999022602
4,p2_primary_USAGE_OF_PRESSURIZED_SHEET_decreasing,True,39.79556210060118,0.021642014393410527
4,p2_primary_USAGE_OF_PRESSURIZED_SHEET_mean,True,45594.87840914359,0.17677669529663684
4,p2_primary_USAGE_OF_PRESSURIZED_SHEET_std,True,70.90457685721495,0.2999264087968037
4,p2_primary_WAFER_ROTATION_mean,False,0.28438425467708717,0.06048459376308677
4,p2_primary_duration,False,0.3839258904773002,0.06469709110925528
4,p2_secondary_CENTER_AIR_BAG_PRESSURE_auc,False,0.8892157312468396,-0.021567532758334024
4,p2_secondary_CENTER_AIR_BAG_PRESSURE_mean,True,0.9196964403005309,0.17677669529663678
4,p2_secondary_CENTER_AIR_BAG_PRESSURE_std,True,0.5346867937738694,0.1687630137711137
4,p2_secondary_DRESSING_WATER_STATUS_auc,False,0.147898526303063,0.0691566940028374
4,p2_secondary_DRESSING_WATER_STATUS_mean,True,0.19120659924761696,0.28022221830924116
4,p2_secondary_DRESSING_WATER_STATUS_std,False,1.4548122409498578,-0.15711809627730194
4,p2_secondary_EDGE_AIR_BAG_PRESSURE_auc,False,0.24522345766936737,-0.1555054989624087
4,p2_secondary_EDGE_AIR_BAG_PRESSURE_mean,False,0.2733454899908059,-0.15974490328521443
4,p2_secondary_EDGE_AIR_BAG_PRESSURE_std,True,0.43401548672686,0.20603562840453662
4,p2_secondary_HEAD_ROTATION_mean,True,0.1160929415009726,0.32133491752240567
4,p2_secondary_MAIN_OUTER_AIR_BAG_PRESSURE_auc,False,0.05290769045073735,-0.11125256587862668
4,p2_secondary_MAIN_OUTER_AIR_BAG_PRESSURE_mean,True,0.10763985009152537,0.2160298948315776
4,p2_secondary_MAIN_OUTER_AIR_BAG_PRESSURE_std,True,0.7350578311986582,0.17677669529663692
4,p2_secondary_PRESSURIZED_CHAMBER_PRESSURE_auc,False,0.41685844148238443,-0.0057991125895450555
4,p2_secondary_PRESSURIZED_CHAMBER_PRESSURE_mean,False,0.6529774664897108,-0.01964616775428376
4,p2_secondary_PRESSURIZED_CHAMBER_PRESSURE_std,True,1.9660970498849795,-0.034624600895463827
4,p2_secondary_RETAINER_RING_PRESSURE_auc,False,0.932312717846885,-0.2251902316219674
4,p2_secondary_RETAINER_RING_PRESSURE_mean,False,0.4622830667920746,0.011940141712636304
4,p2_secondary_RETAINER_RING_PRESSURE_std,True,0.8269549285230993,0.24169370288467648
4,p2_secondary_RIPPLE_AIR_BAG_PRESSURE_auc,False,0.8265689186737232,-0.16137949047011338
4,p2_secondary_RIPPLE_AIR_BAG_PRESSURE_mean,False,0.8134639560270375,-0.15281776177526565
4,p2_secondary_RIPPLE_AIR_BAG_PRESSURE_std,False,0.5608422049742788,-0.20792575386218135
4,p2_secondary_SLURRY_FLOW_LINE_A_auc,False,1.0934362894025187,-0.006672247433956873
4,p2_secondary_SLURRY_FLOW_LINE_A_mean,True,0.9216786611461597,0.23180215104249283
4,p2_secondary_SLURRY_FLOW_LINE_A_std,True,0.7098304935856993,0.18825219419780004
4,p2_secondary_SLURRY_FLOW_LINE_B_auc,False,0.8816087781956855,-0.21710915349604307
4,p2_secondary_SLURRY_FLOW_LINE_B_mean,False,0.8523819769784112,-0.2538526347637918
4,p2_secondary_SLURRY_FLOW_LINE_B_std,True,0.5934557745746968,0.2233685020362801
4,p2_secondary_SLURRY_FLOW_LINE_C_auc,False,1.0148650841675007,-0.0349083440160234
4,p2_secondary_SLURRY_FLOW_LINE_C_mean,False,0.5017474718187486,-0.22112418883388968
4,p2_secondary_SLURRY_FLOW_LINE_C_std,False,0.48709016475262773,0.04012528277902921
4,p2_secondary_STAGE_ROTATION_mean,False,0.6165404345410481,0.11801761967261461
4,p2_secondary_USAGE_OF_BACKING_FILM_decreasing,True,43.68281391418519,0.004864618438725414
4,p2_secondary_USAGE_OF_BACKING_FILM_mean,True,145937.6765453722,0.2626526920002795
4,p2_secondary_USAGE_OF_BACKING_FILM_std,True,75.27908556737923,0.22408572108549638
4,p2_secondary_USAGE_OF_DRESSER_TABLE_decreasing,True,2.5769166152088703,0.0
4,p2_secondary_USAGE_OF_DRESSER_TABLE_mean,True,440.50980033091577,0.24924740903307685
4,p2_secondary_USAGE_OF_DRESSER_TABLE_std,True,2.24153236717872,0.0
4,p2_secondary_USAGE_OF_DRESSER_decreasing,False,0.008943825873672765,0.0
4,p2_secondary_USAGE_OF_DRESSER_mean,True,33.15715010028658,0.38594074085485136
4,p2_secondary_USAGE_OF_DRESSER_std,False,0.1854818769140823,0.0
4,p2_secondary_USAGE_OF_MEMBRANE_decreasing,True,2021.4727020500234,0.25225682184225684
4,p2_secondary_USAGE_OF_MEMBRANE_mean,True,95210.31122419234,0.26289040454504653
4,p2_secondary_USAGE_OF_MEMBRANE_std,True,3551.665905411575,0.2876132156362104
4,p2_secondary_USAGE_OF_POLISHING_TABLE_decreasing,True,1.5087166347349557,-0.15262906718835467
4,p2_secondary_USAGE_OF_POLISHING_TABLE_mean,False,0.13608775630508957,0.108382246888549
4,p2_secondary_USAGE_OF_POLISHING_TABLE_std,False,1.068565473616573,-0.26618670451965204
4,p2_secondary_USAGE_OF_PRESSURIZED_SHEET_decreasing,True,1756.3525751462032,-0.1767766952966368
4,p2_secondary_USAGE_OF_PRESSURIZED_SHEET_mean,True,49412.123356144,-0.16898998148219535
4,p2_secondary_USAGE_OF_PRESSURIZED_SHEET_std,True,3138.0320496340646,0.29031999451124507
4,p2_secondary_WAFER_ROTATION_mean,False,0.24525237447878143,-0.03741518934726926
4,p2_secondary_duration,False,0.7854509644138161,-0.12709460453700944
5,lag_1,True,2.2298068922598864,0.6341805275300568
5,lag_2,True,0.05094918117968459,0.2799477102246663
5,lag_3,True,0.012737568662800973,0.5197960072051785
5,lag_4,True,1.8834555480254664,0.000100357383969593
5,lag_5,True,1.9665204284132276,0.2824034550951905
5,lag_6,True,0.7429648911722433,0.16183181937476177
5,lag_7,True,1.0686111458866279,0.22066784622378022
5,lag_8,True,1.4211865052777526,0.24590538185888486
5,lag_9,True,1.90601390625941,0.0933693707382586
5,lag_10,True,1.6971294248547433,0.07008854610340155
5,lag_11,True,0.6202517059318804,0.36338601848025964
5,neighbor_1,True,8.868575957955402,3.442432062736185
5,neighbor_2,True,2.91794376432274,0.7735861542543346
5,neighbor_3,True,2.7802164226103376,0.6987093128813414
5,neighbor_4,True,0.9637248509205231,0.24749272402485778
5,neighbor_5,True,0.8379620302260936,0.5136535256806406
5,neighbor_6,True,2.963863107901212,0.025895969559125324
5,neighbor_7,True,0.3430184772033895,0.4233215170193794
5,neighbor_8,False,1.4220221066492993,-0.02720912501662012
5,neighbor_9,False,0.750883709318704,-0.07882010660291627
5,neighbor_10,True,1.9986878283789054,0.05122558122733146
5,p2_primary_CENTER_AIR_BAG_PRESSURE_auc,True,0.2647713035476341,0.5747303560873325
5,p2_primary_CENTER_AIR_BAG_PRESSURE_mean,True,0.06226906913210642,0.3833830488866387
5,p2_primary_CENTER_AIR_BAG_PRESSURE_std,True,1.1646383965366611,0.15934409772188096
5,p2_primary_DRESSING_WATER_STATUS_auc,False,1.235381399911945,-0.017248660433281396
5,p2_primary_DRESSING_WATER_STATUS_mean,True,1.8564684994889162,0.3985064847548638
5,p2_primary_DRESSING_WATER_STATUS_std,True,1.7938108423364476,-0.2341098673686443
5,p2_primary_EDGE_AIR_BAG_PRESSURE_auc,True,2.151351215649269,0.2768648436493804
5,p2_primary_EDGE_AIR_BAG_PRESSURE_mean,True,1.9284812804326303,0.07210223356676333
5,p2_primary_EDGE_AIR_BAG_PRESSURE_std,True,0.8868763698745004,0.4530152766515564
5,p2_primary_HEAD_ROTATION_mean,False,1.3743812964736726,0.11990316548267209
5,p2_primary_MAIN_OUTER_AIR_BAG_PRESSURE_auc,True,0.9857329821822131,0.5441135436694217
5,p2_primary_MAIN_OUTER_AIR_BAG_PRESSURE_mean,False,0.5758847507477407,-0.19379069582171246
5,p2_primary_MAIN_OUTER_AIR_BAG_PRESSURE_std,True,0.554627460885335,0.4267601850222151
5,p2_primary_PRESSURIZED_CHAMBER_PRESSURE_auc,True,2.0323375028555835,0.46989785945372525
5,p2_primary_PRESSURIZED_CHAMBER_PRESSURE_mean,True,1.0488897622277296,0.2829256561699355
5,p2_primary_PRESSURIZED_CHAMBER_PRESSURE_std,True,0.918512948506746,0.28666800419545124
5,p2_primary_RETAINER_RING_PRESSURE_auc,True,0.807259023869936,0.257991607062881
5,p2_primary_RETAINER_RING_PRESSURE_mean,True,1.6613781300188621,0.1480441396762919
5,p2_primary_RETAINER_RING_PRESSURE_std,True,2.281712553164432,-0.13610005479820864
5,p2_primary_RIPPLE_AIR_BAG_PRESSURE_auc,True,0.4951874075861074,0.3840352526944951
5,p2_primary_RIPPLE_AIR_BAG_PRESSURE_mean,True,0.2027262974079294,0.4041935734204413
5,p2_primary_RIPPLE_AIR_BAG_PRESSURE_std,True,0.6968793852471606,0.18786274986538068
5,p2_primary_SLURRY_FLOW_LINE_A_auc,True,1.4426250637925782,0.38772347943202745
5,p2_primary_SLURRY_FLOW_LINE_A_mean,True,0.6423518425186456,0.21873036296783027
5,p2_primary_SLURRY_FLOW_LINE_A_std,True,0.7452161886004706,0.2664297596103211
5,p2_primary_SLURRY_FLOW_LINE_B_auc,True,2.2647902183180575,0.23788962113546022
5,p2_primary_SLURRY_FLOW_LINE_B_mean,False,0.19692933734397045,-0.2317523315586188
5,p2_primary_SLURRY_FLOW_LINE_B_std,False,0.02342085641254333,0.021203548859595783
5,p2_primary_SLURRY_FLOW_LINE_C_auc,True,0.1770194030417489,0.9023501704685619
5,p2_primary_SLURRY_FLOW_LINE_C_mean,True,2.1825191298064763,0.3654063937689908
5,p2_primary_SLURRY_FLOW_LINE_C_std,True,3.220444458718868,0.28893345884192617
5,p2_primary_STAGE_ROTATION_mean,True,2.8821599467658126,0.2563546760086575
5,p2_primary_USAGE_OF_BACKING_FILM_decreasing,True,4.811361540093918,-0.006484971190295263
5,p2_primary_USAGE_OF_BACKING_FILM_mean,True,208432.5092128638,0.07430680437638142
5,p2_primary_USAGE_OF_BACKING_FILM_std,True,46.67717817395368,0.23069911328753967
5,p2_primary_USAGE_OF_DRESSER_TABLE_decreasing,False,0.09044989292611827,-0.06938840298549566
5,p2_primary_USAGE_OF_DRESSER_TABLE_mean,True,153.87479848367104,0.26401426726035465
5,p2_primary_USAGE_OF_DRESSER_TABLE_std,False,0.5990599847139284,-0.20819439620331523
5,p2_primary_USAGE_OF_DRESSER_decreasing,True,1.7376404426894851,0.16307256174959442
5,p2_primary_USAGE_OF_DRESSER_mean,True,79.11345901921239,0.17482984378766434
5,p2_primary_USAGE_OF_DRESSER_std,True,2.348215371971524,0.043142897010317025
5,p2_primary_USAGE_OF_MEMBRANE_decreasing,True,24.909386412847052,-0.04476043626537646
5,p2_primary_USAGE_OF_MEMBRANE_mean,True,15972.653220076176,0.06295800122689665
5,p2_primary_USAGE_OF_MEMBRANE_std,True,396.1705324115437,0.15792167610502394
5,p2_primary_USAGE_OF_POLISHING_TABLE_decreasing,False,0.23919031208703562,-0.053539170450991075
5,p2_primary_USAGE_OF_POLISHING_TABLE_mean,True,0.5883968715814872,0.3821743458258711
5,p2_primary_USAGE_OF_POLISHING_TABLE_std,True,0.1854226089154967,0.3756772834453768
5,p2_primary_USAGE_OF_PRESSURIZED_SHEET_decreasing,True,25.385385247437004,0.1269859581274792
5,p2_primary_USAGE_OF_PRESSURIZED_SHEET_mean,True,224621.45645451307,0.0
5,p2_primary_USAGE_OF_PRESSURIZED_SHEET_std,True,383.86420755636794,-0.0295147602662136
5,p2_primary_WAFER_ROTATION_mean,True,0.5997467743184903,0.4017193983592633
5,p2_primary_duration,True,0.28272802244851963,0.33477754213252314
5,p2_secondary_CENTER_AIR_BAG_PRESSURE_auc,False,1.4885653019632612,-0.17677669529663698
5,p2_secondary_CENTER_AIR_BAG_PRESSURE_mean,True,1.477465906536621,0.3146363305356719
5,p2_secondary_CENTER_AIR_BAG_PRESSURE_std,False,0.3840057703955575,-0.3962732394916603
5,p2_secondary_DRESSING_WATER_STATUS_auc,False,1.3614629438817794,0.016980399006114897
5,p2_secondary_DRESSING_WATER_STATUS_mean,False,1.4131385629760478,-0.013589304775063923
5,p2_secondary_DRESSING_WATER_STATUS_std,False,1.0736836344034535,0.12624179726800938
5,p2_secondary_EDGE_AIR_BAG_PRESSURE_auc,False,0.4715391384669082,-0.2551240366050789
5,p2_secondary_EDGE_AIR_BAG_PRESSURE_mean,False,0.6034968848796393,0.11154144324424171
5,p2_secondary_EDGE_AIR_BAG_PRESSURE_std,False,0.6117588535337024,-0.07353643790037173
5,p2_secondary_HEAD_ROTATION_mean,False,1.4268501619616414,0.05600809373109912
5,p2_secondary_MAIN_OUTER_AIR_BAG_PRESSURE_auc,False,1.1937814434725242,0.11948673155212423
5,p2_secondary_MAIN_OUTER_AIR_BAG_PRESSURE_mean,False,1.0802185451708204,-0.0819868109228138
5,p2_secondary_MAIN_OUTER_AIR_BAG_PRESSURE_std,True,1.7005302906605473,0.02005062648133701
5,p2_secondary_PRESSURIZED_CHAMBER_PRESSURE_auc,True,2.6939219621845574,0.24042151424065264
5,p2_secondary_PRESSURIZED_CHAMBER_PRESSURE_mean,True,3.1777100056241814,-0.31376108925366086
5,p2_secondary_PRESSURIZED_CHAMBER_PRESSURE_std,False,1.4372477857153243,0.1272542493797139
5,p2_secondary_RETAINER_RING_PRESSURE_auc,False,0.035601028692384316,-0.03910243768790309
5,p2_secondary_RETAINER_RING_PRESSURE_mean,False,1.4471633082666002,-0.24709341926250614
5,p2_secondary_RETAINER_RING_PRESSURE_std,False,1.3566032357871745,-0.04244866054099451
5,p2_secondary_RIPPLE_AIR_BAG_PRESSURE_auc,False,0.43415513838654857,0.11300219434245971
5,p2_secondary_RIPPLE_AIR_BAG_PRESSURE_mean,True,0.4669244884349802,0.3334601133320609
5,p2_secondary_RIPPLE_AIR_BAG_PRESSURE_std,False,0.539980151649627,-0.2363804125978048
5,p2_secondary_SLURRY_FLOW_LINE_A_auc,False,0.9138642359553795,0.0458090928488441
5,p2_secondary_SLURRY_FLOW_LINE_A_mean,False,0.4377777717761096,-0.04544848537578147
5,p2_secondary_SLURRY_FLOW_LINE_A_std,True,0.17880967682087925,0.21118059777598647
5,p2_secondary_SLURRY_FLOW_LINE_B_auc,False,0.4816782449771428,-0.036729602733982056
5,p2_secondary_SLURRY_FLOW_LINE_B_mean,False,0.49338306309069097,0.07772796508052385
5,p2_secondary_SLURRY_FLOW_LINE_B_std,True,0.9291947174401222,0.4126260158626069
5,p2_secondary_SLURRY_FLOW_LINE_C_auc,False,0.07566152049391055,0.037736680779650554
5,p2_secondary_SLURRY_FLOW_LINE_C_mean,False,0.365693180204936,0.11067198954012156
5,p2_secondary_SLURRY_FLOW_LINE_C_std,False,0.7063456209765461,-0.04643675825868262
5,p2_secondary_STAGE_ROTATION_mean,False,0.4134902456583313,0.08540214770958962
5,p2_secondary_USAGE_OF_BACKING_FILM_decreasing,True,37.21252916774219,-0.23702577188385537
5,p2_secondary_USAGE_OF_BACKING_FILM_mean,True,2427.928813297391,-0.2646345396479262
5,p2_secondary_USAGE_OF_BACKING_FILM_std,True,158.13484669471825,-0.23594754076529853
5,p2_secondary_USAGE_OF_DRESSER_TABLE_decreasing,True,1.545575078917152,0.0
5,p2_secondary_USAGE_OF_DRESSER_TABLE_mean,True,157.3256891642944,-0.178253058529366
5,p2_secondary_USAGE_OF_DRESSER_TABLE_std,False,1.1918155774869623,0.0
5,p2_secondary_USAGE_OF_DRESSER_decreasing,False,1.1717823529843,0.0
5,p2_secondary_USAGE_OF_DRESSER_mean,True,78.89952464850766,0.18911477170579688
5,p2_secondary_USAGE_OF_DRESSER_std,False,1.1778629227468302,0.0
5,p2_secondary_USAGE_OF_MEMBRANE_decreasing,True,308.01910023000136,-0.1426521167815693
5,p2_secondary_USAGE_OF_MEMBRANE_mean,True,909.9894940355231,0.14952384047918454
5,p2_secondary_USAGE_OF_MEMBRANE_std,True,1062.0000478554653,0.1767766952966369
5,p2_secondary_USAGE_OF_POLISHING_TABLE_decreasing,False,1.1206526980314864,-0.11428285375248759
5,p2_secondary_USAGE_OF_POLISHING_TABLE_mean,True,0.6385289864613182,0.27302035365226535
5,p2_secondary_USAGE_OF_POLISHING_TABLE_std,False,0.8289478702887487,-0.38962568105060263
5,p2_secondary_USAGE_OF_PRESSURIZED_SHEET_decreasing,True,196.8004814209477,0.2534854422972182
5,p2_secondary_USAGE_OF_PRESSURIZED_SHEET_mean,True,1709.2184706596981,0.26514645780473917
5,p2_secondary_USAGE_OF_PRESSURIZED_SHEET_std,True,720.0511938048003,0.14424027319119306
5,p2_secondary_WAFER_ROTATION_mean,True,0.43149540329219277,0.27445901630390074
5,p2_secondary_duration,False,0.012033363824522985,-0.2317993552667116
6,lag_1,True,1.0327800517981283,0.33186608009180174
6,lag_2,True,0.11596970409597675,0.3084871080204404
6,lag_3,True,0.6617237074450542,0.17823464321470778
6,lag_4,True,0.5670618752756108,0.1586038211749131
6,lag_5,True,0.5106083653384605,0.20342616975298303
6,lag_6,True,0.6104416185972907,0.27251195574205034
6,lag_7,False,0.6810891062842443,-0.31949605443907114
6,lag_8,False,1.0078431643268717,0.035214009324804174
6,lag_9,True,0.32513070439554165,0.19088927816201884
6,lag_10,True,0.1767433233048694,0.2151126798610774
6,lag_11,True,0.4906920873295501,0.21797946918161884
6,neighbor_1,True,7.8692032592104795,2.328403201654798
6,neighbor_2,True,2.806602743926949,0.7823479778799991
6,neighbor_3,True,1.8074794060381922,0.8092458650534318
6,neighbor_4,True,2.109813503043096,0.7018255140349676
6,neighbor_5,True,1.6263688449954434,0.5637276355585955
6,neighbor_6,True,1.5927916471213142,0.23157599888516084
6,neighbor_7,True,1.634097375636082,0.3909802605183758
6,neighbor_8,True,1.4421406133484866,0.16999896424168506
6,neighbor_9,True,0.07830304332039568,0.48790880294135064
6,neighbor_10,False,0.3642004287752053,-0.12291945642692402
6,p2_primary_CENTER_AIR_BAG_PRESSURE_auc,True,0.04171050461856834,1.4149810389945434
6,p2_primary_CENTER_AIR_BAG_PRESSURE_mean,True,0.39508689698943694,0.20999940218307628
6,p2_primary_CENTER_AIR_BAG_PRESSURE_std,True,1.5496822769812204,0.2968143889652005
6,p2_primary_DRESSING_WATER_STATUS_auc,False,1.0640019752550007,-0.17115136049520915
6,p2_primary_DRESSING_WATER_STATUS_mean,True,1.30688824369763,0.34930845023116536
6,p2_primary_DRESSING_WATER_STATUS_std,True,0.910863079446921,0.30914378800316217
6,p2_primary_EDGE_AIR_BAG_PRESSURE_auc,True,2.959137644020435,0.47647034526924226
6,p2_primary_EDGE_AIR_BAG_PRESSURE_mean,True,1.949087864001506,0.24835513509922608
6,p2_primary_EDGE_AIR_BAG_PRESSURE_std,True,0.12824944722521248,0.5801489197111305
6,p2_primary_HEAD_ROTATION_mean,True,1.1467868808755504,0.18513553490044857
6,p2_primary_MAIN_OUTER_AIR_BAG_PRESSURE_auc,True,1.135258732689806,0.5704334440239791
6,p2_primary_MAIN_OUTER_AIR_BAG_PRESSURE_mean,True,0.17831947129707354,0.18367464620287446
6,p2_primary_MAIN_OUTER_AIR_BAG_PRESSURE_std,False,0.9483127037938192,0.12202471194495917
6,p2_primary_PRESSURIZED_CHAMBER_PRESSURE_auc,True,0.925652018153287,0.45933990106395045
6,p2_primary_PRESSURIZED_CHAMBER_PRESSURE_mean,True,0.6347312877058799,0.33269311842574706
6,p2_primary_PRESSURIZED_CHAMBER_PRESSURE_std,True,1.6519802903441072,0.22873845204046078
6,p2_primary_RETAINER_RING_PRESSURE_auc,True,2.4506939496418094,0.1456183464440847
6,p2_primary_RETAINER_RING_PRESSURE_mean,True,1.5908096012550195,0.12647328453093357
6,p2_primary_RETAINER_RING_PRESSURE_std,True,2.683031814459745,-0.26377896452592137
6,p2_primary_RIPPLE_AIR_BAG_PRESSURE_auc,True,0.46327488473382916,0.3933610764313224
6,p2_primary_RIPPLE_AIR_BAG_PRESSURE_mean,True,0.04378906291895141,0.4037606256999033
6,p2_primary_RIPPLE_AIR_BAG_PRESSURE_std,True,1.7052165358577556,0.40839690792411565
6,p2_primary_SLURRY_FLOW_LINE_A_auc,True,1.8671062547408634,0.6772351116654795
6,p2_primary_SLURRY_FLOW_LINE_A_mean,True,0.5693189480051588,0.27526647162509255
6,p2_primary_SLURRY_FLOW_LINE_A_std,True,0.17805905823373896,0.23052070074177952
6,p2_primary_SLURRY_FLOW_LINE_B_auc,True,2.094831676683062,0.28766061678194565
6,p2_primary_SLURRY_FLOW_LINE_B_mean,False,0.17850671808952676,-0.2504928386077656
6,p2_primary_SLURRY_FLOW_LINE_B_std,False,0.3085431164390488,-0.014624091273527751
6,p2_primary_SLURRY_FLOW_LINE_C_auc,True,0.5835909989250267,0.6510431300680344
6,p2_primary_SLURRY_FLOW_LINE_C_mean,True,1.7173438307180535,0.38110804385444746
6,p2_primary_SLURRY_FLOW_LINE_C_std,True,2.0088037149019575,0.09055054386134087
6,p2_primary_STAGE_ROTATION_mean,True,3.535938958726848,-0.03555025441367406
6,p2_primary_USAGE_OF_BACKING_FILM_decreasing,True,0.12435411919667366,0.2909463593780632
6,p2_primary_USAGE_OF_BACKING_FILM_mean,True,294465.2273744239,0.19204523868014875
6,p2_primary_USAGE_OF_BACKING_FILM_std,True,10.573664260323287,0.05435691775673169
6,p2_primary_USAGE_OF_DRESSER_TABLE_decreasing,False,0.1583022002448093,0.0966360450065957
6,p2_primary_USAGE_OF_DRESSER_TABLE_mean,True,920.867378836552,-0.060124885367449296
6,p2_primary_USAGE_OF_DRESSER_TABLE_std,True,0.3594008514644948,0.15715936808193015
6,p2_primary_USAGE_OF_DRESSER_decreasing,True,1.1316269188410866,0.20386271321878127
6,p2_primary_USAGE_OF_DRESSER_mean,True,107.66479992577254,0.34596327351238154
6,p2_primary_USAGE_OF_DRESSER_std,False,1.3903032130425261,-0.16973183976442627
6,p2_primary_USAGE_OF_MEMBRANE_decreasing,True,31.145254245380855,-0.15226620120575074
6,p2_primary_USAGE_OF_MEMBRANE_mean,True,437614.1970619297,0.24006682487757006
6,p2_primary_USAGE_OF_MEMBRANE_std,True,611.7659217459174,0.09290590127427946
6,p2_primary_USAGE_OF_POLISHING_TABLE_decreasing,True,2.358624043150776,0.26063382198820123
6,p2_primary_USAGE_OF_POLISHING_TABLE_mean,False,0.947706007940577,0.12487045930339208
6,p2_primary_USAGE_OF_POLISHING_TABLE_std,True,2.2656130364691616,0.12133030618435162
6,p2_primary_USAGE_OF_PRESSURIZED_SHEET_decreasing,True,35.1869238977588,-0.04951272030010854
6,p2_primary_USAGE_OF_PRESSURIZED_SHEET_mean,True,142308.9723283443,0.08074000256252038
6,p2_primary_USAGE_OF_PRESSURIZED_SHEET_std,True,669.8026565623392,-0.1837571983281599
6,p2_primary_WAFER_ROTATION_mean,True,1.0673389900084476,0.20460902392518657
6,p2_primary_duration,True,0.6364498362559472,0.16027654267001434
6,p2_secondary_CENTER_AIR_BAG_PRESSURE_auc,False,0.7054815987382462,0.009211250039778773
6,p2_secondary_CENTER_AIR_BAG_PRESSURE_mean,True,0.7141214091116379,0.20690676064025504
6,p2_secondary_CENTER_AIR_BAG_PRESSURE_std,False,0.4663407392482905,-0.06683247577119664
6,p2_secondary_DRESSING_WATER_STATUS_auc,False,0.07813307553697317,-0.2260474257468037
6,p2_secondary_DRESSING_WATER_STATUS_mean,False,0.3411147274155966,0.01545997622696453
6,p2_secondary_DRESSING_WATER_STATUS_std,True,2.7903971995016077,-0.29398774258598204
6,p2_secondary_EDGE_AIR_BAG_PRESSURE_auc,False,0.9703903600778812,-0.1767766952966369
6,p2_secondary_EDGE_AIR_BAG_PRESSURE_mean,False,1.0857033295090823,0.08496233978667236
6,p2_secondary_EDGE_AIR_BAG_PRESSURE_std,False,0.8040070888816585,-0.11290110612828565
6,p2_secondary_HEAD_ROTATION_mean,False,0.9479252181157023,-0.07166734515618368
6,p2_secondary_MAIN_OUTER_AIR_BAG_PRESSURE_auc,False,0.79603703173046,-0.13902035446078226
6,p2_secondary_MAIN_OUTER_AIR_BAG_PRESSURE_mean,False,0.6750981598333,0.14707158819134067
6,p2_secondary_MAIN_OUTER_AIR_BAG_PRESSURE_std,False,0.5070001145804235,0.11994681722384352
6,p2_secondary_PRESSURIZED_CHAMBER_PRESSURE_auc,False,0.7325253397036147,0.1471242337419072
6,p2_secondary_PRESSURIZED_CHAMBER_PRESSURE_mean,True,1.0815092589880086,0.16296214092262784
6,p2_secondary_PRESSURIZED_CHAMBER_PRESSURE_std,True,1.742335309619054,0.2070396924061397
6,p2_secondary_RETAINER_RING_PRESSURE_auc,False,0.32842033554521116,0.07663090135574338
6,p2_secondary_RETAINER_RING_PRESSURE_mean,True,0.2557522078116569,0.23249627176999227
6,p2_secondary_RETAINER_RING_PRESSURE_std,True,0.16744331587596833,0.17861820930346684
6,p2_secondary_RIPPLE_AIR_BAG_PRESSURE_auc,False,0.5141971194855545,-0.2393642911838135
6,p2_secondary_RIPPLE_AIR_BAG_PRESSURE_mean,True,0.3662349380247724,0.2618601924575606
6,p2_secondary_RIPPLE_AIR_BAG_PRESSURE_std,False,1.04908856984211,-0.25704042695136414
6,p2_secondary_SLURRY_FLOW_LINE_A_auc,True,1.5406394054297778,0.22324927205022568
6,p2_secondary_SLURRY_FLOW_LINE_A_mean,True,1.8304403295680607,-0.2240246493753965
6,p2_secondary_SLURRY_FLOW_LINE_A_std,False,0.10893764128657696,0.06558883496073349
6,p2_secondary_SLURRY_FLOW_LINE_B_auc,False,1.383499730305383,-0.029073048950714567
6,p2_secondary_SLURRY_FLOW_LINE_B_mean,False,1.3839854149110875,0.08188286924630073
6,p2_secondary_SLURRY_FLOW_LINE_B_std,False,0.5550676489463041,-0.010875831182412884
6,p2_secondary_SLURRY_FLOW_LINE_C_auc,False,0.17614915887557875,-0.017695300648358756
6,p2_secondary_SLURRY_FLOW_LINE_C_mean,False,0.41776376367253354,0.10334817177978597
6,p2_secondary_SLURRY_FLOW_LINE_C_std,False,0.23097092855747334,-0.07370233833025525
6,p2_secondary_STAGE_ROTATION_mean,False,0.8280417136517638,-0.17804313203629654
6,p2_secondary_USAGE_OF_BACKING_FILM_decreasing,False,1.4529289783581807,0.0916622961680386
6,p2_secondary_USAGE_OF_BACKING_FILM_mean,True,52480.88585590023,0.2835319118750365
6,p2_secondary_USAGE_OF_BACKING_FILM_std,True,6.608770489102461,-0.17792757277569984
6,p2_secondary_USAGE_OF_DRESSER_TABLE_decreasing,True,2.0816395305966333,0.0
6,p2_secondary_USAGE_OF_DRESSER_TABLE_mean,True,926.2455730659635,0.02454548652164411
6,p2_secondary_USAGE_OF_DRESSER_TABLE_std,True,1.8593900970223323,0.0
6,p2_secondary_USAGE_OF_DRESSER_decreasing,False,0.14934047745025436,0.0
6,p2_secondary_USAGE_OF_DRESSER_mean,True,107.33188978698124,0.12141858016122213
6,p2_secondary_USAGE_OF_DRESSER_std,False,0.03894609518825033,0.0
6,p2_secondary_USAGE_OF_MEMBRANE_decreasing,True,133.10596507668043,-0.046963889670998446
6,p2_secondary_USAGE_OF_MEMBRANE_mean,True,377321.6547607392,0.1933859217578728
6,p2_secondary_USAGE_OF_MEMBRANE_std,True,422.4829435591035,-0.04958724690213359
6,p2_secondary_USAGE_OF_POLISHING_TABLE_decreasing,True,1.901512834980565,0.21529059223797242
6,p2_secondary_USAGE_OF_POLISHING_TABLE_mean,True,0.996020973292734,0.2614682420576376
6,p2_secondary_USAGE_OF_POLISHING_TABLE_std,True,1.6251549141709287,0.24872766026824225
6,p2_secondary_USAGE_OF_PRESSURIZED_SHEET_decreasing,True,110.6815273051531,-0.11973622636067503
6,p2_secondary_USAGE_OF_PRESSURIZED_SHEET_mean,True,430541.56581287074,-0.31302813844820077
6,p2_secondary_USAGE_OF_PRESSURIZED_SHEET_std,True,383.2391544926806,0.393575874465342
6,p2_secondary_WAFER_ROTATION_mean,False,0.4892317440450129,-0.2577912448157407
6,p2_secondary_duration,False,0.17742488053838606,-0.11688012761120484
7,lag_1,True,0.8418858878538614,0.5256880561381047
7,lag_2,True,0.7256107596559631,0.29468210967562924
7,lag_3,False,1.1358355200160228,-0.15463607293117956
7,lag_4,False,0.8055501726543646,0.13201969396907012
7,lag_5,True,0.8527600182819715,0.2800214968676515
7,lag_6,False,1.0246297457798508,-0.021256308983115268
7,lag_7,True,1.233886119557681,0.47888002812211616
7,lag_8,True,1.579089950156553,0.10629612832056741
7,lag_9,True,0.48077188031550444,0.25609191945194965
7,lag_10,False,0.0006990557094129641,0.06043381368782669
7,lag_11,True,2.889438180898355,0.055478563619668436
7,neighbor_1,True,7.735006173863295,1.3142958966023566
7,neighbor_2,True,4.34209882892947,0.6944478118576128
7,neighbor_3,True,1.5341873176513598,0.804316853392839
7,neighbor_4,True,1.4584141612441397,0.47374091921372724
7,neighbor_5,True,0.20537916192894676,0.44235465913107935
7,neighbor_6,True,3.456814616737568,0.43526015784485017
7,neighbor_7,True,0.9523133976509522,0.4395546960195136
7,neighbor_8,True,1.2020647000041789,0.4281040276113832
7,neighbor_9,False,1.0756899274483929,0.0899111041726381
7,neighbor_10,False,0.5953437692731048,0.14732772221580623
7,p2_primary_CENTER_AIR_BAG_PRESSURE_auc,True,1.1231797637622971,0.649071158146967
7,p2_primary_CENTER_AIR_BAG_PRESSURE_mean,True,1.557442977295018,0.27723308838277827
7,p2_primary_CENTER_AIR_BAG_PRESSURE_std,True,2.0521458805711794,0.2584408372285656
7,p2_primary_DRESSING_WATER_STATUS_auc,False,1.4830467634736306,-0.09844765035605509
7,p2_primary_DRESSING_WATER_STATUS_mean,True,1.6918663991291847,0.4495778239041177
7,p2_primary_DRESSING_WATER_STATUS_std,True,0.9993363849334612,0.32309068254999673
7,p2_primary_EDGE_AIR_BAG_PRESSURE_auc,True,1.9847951917830344,0.40789480226691
7,p2_primary_EDGE_AIR_BAG_PRESSURE_mean,True,0.9217549123127909,0.2809872553374565
7,p2_primary_EDGE_AIR_BAG_PRESSURE_std,True,0.43655283108093995,0.459449992520983
7,p2_primary_HEAD_ROTATION_mean,True,0.8200820693508393,0.1958191536656676
7,p2_primary_MAIN_OUTER_AIR_BAG_PRESSURE_auc,True,0.497489087677132,0.5703904564963435
7,p2_primary_MAIN_OUTER_AIR_BAG_PRESSURE_mean,True,1.5184564840019565,0.2974091663629005
7,p2_primary_MAIN_OUTER_AIR_BAG_PRESSURE_std,True,1.7054921465491475,0.05374100649649383
7,p2_primary_PRESSURIZED_CHAMBER_PRESSURE_auc,True,1.551252477798546,0.8164976085582721
7,p2_primary_PRESSURIZED_CHAMBER_PRESSURE_mean,True,0.9378240183327107,0.21259712471661996
7,p2_primary_PRESSURIZED_CHAMBER_PRESSURE_std,True,2.6007149177379345,0.05254225122860657
7,p2_primary_RETAINER_RING_PRESSURE_auc,True,1.919781797620326,0.2201197454432695
7,p2_primary_RETAINER_RING_PRESSURE_mean,True,0.6383060296576972,0.3058434105381469
7,p2_primary_RETAINER_RING_PRESSURE_std,True,1.5405316461306073,0.11120426247387144
7,p2_primary_RIPPLE_AIR_BAG_PRESSURE_auc,True,0.2113888346385136,0.4670693600521238
7,p2_primary_RIPPLE_AIR_BAG_PRESSURE_mean,True,0.4859417975624084,0.4470951281610929
7,p2_primary_RIPPLE_AIR_BAG_PRESSURE_std,True,1.1294996080157125,0.1714482124672232
7,p2_primary_SLURRY_FLOW_LINE_A_auc,True,1.4674930211833581,0.9037651047562016
7,p2_primary_SLURRY_FLOW_LINE_A_mean,False,0.22414904438687874,0.014235742895710599
7,p2_primary_SLURRY_FLOW_LINE_A_std,True,0.09933034400313179,0.3417540435809372
7,p2_primary_SLURRY_FLOW_LINE_B_auc,True,0.7320612357334871,0.30369879594173493
7,p2_primary_SLURRY_FLOW_LINE_B_mean,True,2.739250156610804,0.07428046902880603
7,p2_primary_SLURRY_FLOW_LINE_B_std,False,1.08438948289415,0.08926044054018349
7,p2_primary_SLURRY_FLOW_LINE_C_auc,True,1.1854330257389059,0.7624295474618875
7,p2_primary_SLURRY_FLOW_LINE_C_mean,True,1.5464879598726593,0.3273246556902646
7,p2_primary_SLURRY_FLOW_LINE_C_std,True,3.204469698136538,0.4487639277479339
7,p2_primary_STAGE_ROTATION_mean,True,3.099206211901898,0.3820890267288218
7,p2_primary_USAGE_OF_BACKING_FILM_decreasing,True,4.858273779785629,-0.1357401419276341
7,p2_primary_USAGE_OF_BACKING_FILM_mean,True,283144.7855183683,0.20864517504315977
7,p2_primary_USAGE_OF_BACKING_FILM_std,True,34.41764179554275,0.07638565428943332
7,p2_primary_USAGE_OF_DRESSER_TABLE_decreasing,False,0.11290036562839856,-0.23384499302759254
7,p2_primary_USAGE_OF_DRESSER_TABLE_mean,True,79.09622322008896,0.30678299124456976
7,p2_primary_USAGE_OF_DRESSER_TABLE_std,False,0.01968329321053704,-0.20633432644217237
7,p2_primary_USAGE_OF_DRESSER_decreasing,False,0.3691951109808977,-0.0390087166844591
7,p2_primary_USAGE_OF_DRESSER_mean,True,308.8340813443982,0.5676412148569071
7,p2_primary_USAGE_OF_DRESSER_std,False,0.2106457707888829,-0.20937231332361855
7,p2_primary_USAGE_OF_MEMBRANE_decreasing,True,46.954640386426135,-0.10390289404827428
7,p2_primary_USAGE_OF_MEMBRANE_mean,True,349895.32709142234,0.0
7,p2_primary_USAGE_OF_MEMBRANE_std,True,787.1808659618181,0.18716994538966933
7,p2_primary_USAGE_OF_POLISHING_TABLE_decreasing,True,0.6757584217677712,0.15700654484608229
7,p2_primary_USAGE_OF_POLISHING_TABLE_mean,True,0.6138402907172937,0.22950122204774565
7,p2_primary_USAGE_OF_POLISHING_TABLE_std,True,0.6015324064926735,0.21605742424558697
7,p2_primary_USAGE_OF_PRESSURIZED_SHEET_decreasing,True,48.568163584771156,0.12341484356309076
7,p2_primary_USAGE_OF_PRESSURIZED_SHEET_mean,True,66528.4776503816,0.20536800987622975
7,p2_primary_USAGE_OF_PRESSURIZED_SHEET_std,True,847.8480511800934,0.2951973348250485
7,p2_primary_WAFER_ROTATION_mean,True,0.4825861763861438,0.18111497591434184
7,p2_primary_duration,True,2.675960064593084,0.25505494236017806
7,p2_secondary_CENTER_AIR_BAG_PRESSURE_auc,False,0.03776871294691641,0.12463413022698114
7,p2_secondary_CENTER_AIR_BAG_PRESSURE_mean,True,0.05175103754119217,0.38833503735985797
7,p2_secondary_CENTER_AIR_BAG_PRESSURE_std,True,0.24843754433445078,0.34424343297237725
7,p2_secondary_DRESSING_WATER_STATUS_auc,True,3.0044802924996126,0.003850489517877517
7,p2_secondary_DRESSING_WATER_STATUS_mean,True,2.676726660535897,-0.010670719280980834
7,p2_secondary_DRESSING_WATER_STATUS_std,True,2.116105890441859,0.12248616851350749
7,p2_secondary_EDGE_AIR_BAG_PRESSURE_auc,True,2.2703824119491696,-0.14340255924886855
7,p2_secondary_EDGE_AIR_BAG_PRESSURE_mean,True,2.3315985742652217,-0.23333633369430992
7,p2_secondary_EDGE_AIR_BAG_PRESSURE_std,True,1.302751119655141,0.20107984415206548
7,p2_secondary_HEAD_ROTATION_mean,False,0.4178674088549184,-0.13953336716773365
7,p2_secondary_MAIN_OUTER_AIR_BAG_PRESSURE_auc,True,0.8225947139658027,0.15436527398964855
7,p2_secondary_MAIN_OUTER_AIR_BAG_PRESSURE_mean,True,0.8544891583237059,0.22801743674157823
7,p2_secondary_MAIN_OUTER_AIR_BAG_PRESSURE_std,True,1.1436985062009393,0.18872559574977832
7,p2_secondary_PRESSURIZED_CHAMBER_PRESSURE_auc,False,1.0158928325496785,0.03363451393967122
7,p2_secondary_PRESSURIZED_CHAMBER_PRESSURE_mean,False,1.3570828434339923,0.0
7,p2_secondary_PRESSURIZED_CHAMBER_PRESSURE_std,True,1.8488934597846423,0.21672589103397194
7,p2_secondary_RETAINER_RING_PRESSURE_auc,False,0.6184542586842748,-0.05452784501899845
7,p2_secondary_RETAINER_RING_PRESSURE_mean,True,2.0012387499669626,0.20744780893514156
7,p2_secondary_RETAINER_RING_PRESSURE_std,False,1.1244126862435704,-0.19169843709907372
7,p2_secondary_RIPPLE_AIR_BAG_PRESSURE_auc,False,0.8320456746445908,-0.04908316076321442
7,p2_secondary_RIPPLE_AIR_BAG_PRESSURE_mean,True,0.8465939276240074,0.24223671140216524
7,p2_secondary_RIPPLE_AIR_BAG_PRESSURE_std,False,1.318509423188084,-0.18713540579347754
7,p2_secondary_SLURRY_FLOW_LINE_A_auc,True,2.090350337617508,0.24832879165174782
7,p2_secondary_SLURRY_FLOW_LINE_A_mean,True,2.462768551810572,-0.11052834302570477
7,p2_secondary_SLURRY_FLOW_LINE_A_std,True,0.3681590938494862,0.4042229524522806
7,p2_secondary_SLURRY_FLOW_LINE_B_auc,False,0.9263113507228622,-0.11275976408297049
7,p2_secondary_SLURRY_FLOW_LINE_B_mean,True,0.8898651462852004,0.15234926785499228
7,p2_secondary_SLURRY_FLOW_LINE_B_std,True,0.2371850999646746,0.16281617961777572
7,p2_secondary_SLURRY_FLOW_LINE_C_auc,False,0.7367839903342367,-0.1197916251441693
7,p2_secondary_SLURRY_FLOW_LINE_C_mean,True,1.377139156234538,0.20083380885250257
7,p2_secondary_SLURRY_FLOW_LINE_C_std,False,0.6225828242328485,0.028557150027392494
7,p2_secondary_STAGE_ROTATION_mean,True,0.4330689418025789,0.3371073387226853
7,p2_secondary_USAGE_OF_BACKING_FILM_decreasing,True,1.2833650144633564,0.194902061746551
7,p2_secondary_USAGE_OF_BACKING_FILM_mean,True,73522.63747617297,0.16865220511078535
7,p2_secondary_USAGE_OF_BACKING_FILM_std,True,6.75433673483874,0.15120055205383548
7,p2_secondary_USAGE_OF_DRESSER_TABLE_decreasing,True,2.3423681286618816,0.0
7,p2_secondary_USAGE_OF_DRESSER_TABLE_mean,True,77.48737714049594,-0.1854097648345147
7,p2_secondary_USAGE_OF_DRESSER_TABLE_std,True,2.0149566704601685,0.0
7,p2_secondary_USAGE_OF_DRESSER_decreasing,False,0.11644498147790326,0.0
7,p2_secondary_USAGE_OF_DRESSER_mean,True,311.56718498651105,0.3836717295955586
7,p2_secondary_USAGE_OF_DRESSER_std,False,0.07434466515708546,0.0
7,p2_secondary_USAGE_OF_MEMBRANE_decreasing,True,322.569832383303,0.0
7,p2_secondary_USAGE_OF_MEMBRANE_mean,True,414829.79172905494,0.23329061218555727
7,p2_secondary_USAGE_OF_MEMBRANE_std,True,1002.458724385713,-0.21071135463090257
7,p2_secondary_USAGE_OF_POLISHING_TABLE_decreasing,False,0.07816780904444447,0.06049650548824247
7,p2_secondary_USAGE_OF_POLISHING_TABLE_mean,True,0.6588693959935542,0.19008752378643043
7,p2_secondary_USAGE_OF_POLISHING_TABLE_std,True,0.19927224194406543,0.19676751608295723
7,p2_secondary_USAGE_OF_PRESSURIZED_SHEET_decreasing,True,259.4647171601046,0.17265722383552062
7,p2_secondary_USAGE_OF_PRESSURIZED_SHEET_mean,True,341472.2299136867,-0.1419086032600731
7,p2_secondary_USAGE_OF_PRESSURIZED_SHEET_std,True,847.7464838387565,-0.13359582008411516
7,p2_secondary_WAFER_ROTATION_mean,True,1.2708080480828143,0.17900538268147062
7,p2_secondary_duration,True,2.0669460473240044,-0.2923844935642142
8,lag_1,True,2.5713257286642035,0.5158658149394059
8,lag_2,True,1.2755377517193602,0.15029372262989207
8,lag_3,False,0.20317745093045447,0.11325362376722764
8,lag_4,True,0.7156565822021476,0.31055818002068397
8,lag_5,False,0.7384692813369633,-0.008810804108647275
8,lag_6,True,0.3711309806143948,0.2453853182237117
8,lag_7,True,1.0335463843679729,0.2586109143555716
8,lag_8,False,1.1565906793038034,0.08522105812138893
8,lag_9,True,1.8504391883497175,0.14429537094614486
8,lag_10,False,0.6669991664837835,0.11251282345294158
8,lag_11,False,0.5512716313820832,0.005200976834617764
8,neighbor_1,True,7.267915080105835,1.0541881239555622
8,neighbor_2,True,3.090766842832523,0.8544190734418455
8,neighbor_3,True,3.1575680347165753,0.5451839485873283
8,neighbor_4,True,0.818580905015358,0.5399751668296223
8,neighbor_5,False,0.03520165617256942,0.13358251485867953
8,neighbor_6,True,2.8083348697620147,0.12029254801200186
8,neighbor_7,True,0.6082621289798462,0.17480384849035013
8,neighbor_8,False,0.09903761626514147,-0.014086520914235621
8,neighbor_9,True,1.0974878692579815,0.2836624962161146
8,neighbor_10,True,0.14983715785000176,0.36333725576049614
8,p2_primary_CENTER_AIR_BAG_PRESSURE_auc,True,0.205598417261679,0.573509804872532
8,p2_primary_CENTER_AIR_BAG_PRESSURE_mean,False,0.5255518878808632,-0.0882190966103906
8,p2_primary_CENTER_AIR_BAG_PRESSURE_std,True,1.3233788120975047,0.37228772470904775
8,p2_primary_DRESSING_WATER_STATUS_auc,True,1.573732993726,0.40910394181648274
8,p2_primary_DRESSING_WATER_STATUS_mean,True,1.8043188147222102,0.14304595222291333
8,p2_primary_DRESSING_WATER_STATUS_std,True,0.8272753584997402,0.28002583824019067
8,p2_primary_EDGE_AIR_BAG_PRESSURE_auc,True,1.7781963926889355,0.2496278601973402
8,p2_primary_EDGE_AIR_BAG_PRESSURE_mean,True,0.5538434427757196,0.32053272249244974
8,p2_primary_EDGE_AIR_BAG_PRESSURE_std,True,0.6164257372643895,0.8511701689611727
8,p2_primary_HEAD_ROTATION_mean,True,1.0504536293898208,0.3274853406160684
8,p2_primary_MAIN_OUTER_AIR_BAG_PRESSURE_auc,True,0.5593755465152933,0.5301446988482303
8,p2_primary_MAIN_OUTER_AIR_BAG_PRESSURE_mean,True,0.5719946109602153,0.33163823976776663
8,p2_primary_MAIN_OUTER_AIR_BAG_PRESSURE_std,True,1.6196054328918215,0.41127806683435925
8,p2_primary_PRESSURIZED_CHAMBER_PRESSURE_auc,True,0.6987195848991367,0.5476277192208004
8,p2_primary_PRESSURIZED_CHAMBER_PRESSURE_mean,True,1.5797461822744816,0.32495301627811146
8,p2_primary_PRESSURIZED_CHAMBER_PRESSURE_std,True,2.079284115240562,0.20785381989112664
8,p2_primary_RETAINER_RING_PRESSURE_auc,True,1.8281056236631295,0.2668384596734967
8,p2_primary_RETAINER_RING_PRESSURE_mean,False,0.22224289185773302,-0.1925431102142746
8,p2_primary_RETAINER_RING_PRESSURE_std,True,1.0661363593941326,0.27288267680884043
8,p2_primary_RIPPLE_AIR_BAG_PRESSURE_auc,True,0.11882188186692888,0.34586674137793
8,p2_primary_RIPPLE_AIR_BAG_PRESSURE_mean,True,0.2811999771062312,0.26229024989180283
8,p2_primary_RIPPLE_AIR_BAG_PRESSURE_std,True,2.5397954353516328,0.2208352754120802
8,p2_primary_SLURRY_FLOW_LINE_A_auc,True,1.0653299777439174,0.5766178997899519
8,p2_primary_SLURRY_FLOW_LINE_A_mean,False,1.1561698946057926,0.08527174428746837
8,p2_primary_SLURRY_FLOW_LINE_A_std,True,2.1112227628601903,0.15075720880758162
8,p2_primary_SLURRY_FLOW_LINE_B_auc,True,1.3098527833591516,0.24616529910256665
8,p2_primary_SLURRY_FLOW_LINE_B_mean,True,1.2359070074153138,0.17716451251191195
8,p2_primary_SLURRY_FLOW_LINE_B_std,False,0.36363110421894496,-0.2980398231784123
8,p2_primary_SLURRY_FLOW_LINE_C_auc,True,0.19907542192672967,0.7042430008211477
8,p2_primary_SLURRY_FLOW_LINE_C_mean,True,1.7720386702076287,0.46693254375707244
8,p2_primary_SLURRY_FLOW_LINE_C_std,True,1.372186492923243,0.15650870813436712
8,p2_primary_STAGE_ROTATION_mean,True,4.012263920898642,0.31989784896342616
8,p2_primary_USAGE_OF_BACKING_FILM_decreasing,True,7.623286071493223,-0.02182673642985703
8,p2_primary_USAGE_OF_BACKING_FILM_mean,True,1214007.7193067933,0.2598346278750916
8,p2_primary_USAGE_OF_BACKING_FILM_std,True,70.94449407225726,0.2715696683166211
8,p2_primary_USAGE_OF_DRESSER_TABLE_decreasing,True,1.1997325419993587,0.2169585761083123
8,p2_primary_USAGE_OF_DRESSER_TABLE_mean,True,2365.870785615198,0.25350469512658336
8,p2_primary_USAGE_OF_DRESSER_TABLE_std,True,0.9365870223187227,0.17271659056489802
8,p2_primary_USAGE_OF_DRESSER_decreasing,False,0.2731766724574408,-0.25147457287227437
8,p2_primary_USAGE_OF_DRESSER_mean,True,20.91625001077398,0.5130747088822888
8,p2_primary_USAGE_OF_DRESSER_std,False,0.5687184413564409,0.14127692118774496
8,p2_primary_USAGE_OF_MEMBRANE_decreasing,True,32.04568354169178,-0.1964984626285842
8,p2_primary_USAGE_OF_MEMBRANE_mean,True,1432935.2064209136,0.1619398890518338
8,p2_primary_USAGE_OF_MEMBRANE_std,True,624.7972464660673,0.14023392786519806
8,p2_primary_USAGE_OF_POLISHING_TABLE_decreasing,False,1.2749982908990256,0.06495234684306331
8,p2_primary_USAGE_OF_POLISHING_TABLE_mean,True,0.7348690051410195,0.32142409633124497
8,p2_primary_USAGE_OF_POLISHING_TABLE_std,True,1.2314573316086674,0.4268770868951209
8,p2_primary_USAGE_OF_PRESSURIZED_SHEET_decreasing,True,31.09897225503921,0.18319990899011646
8,p2_primary_USAGE_OF_PRESSURIZED_SHEET_mean,True,214357.9856054994,0.10518168357685555
8,p2_primary_USAGE_OF_PRESSURIZED_SHEET_std,True,595.9234109334053,0.2335079310243598
8,p2_primary_WAFER_ROTATION_mean,True,1.3930944441636581,0.22499952322835892
8,p2_primary_duration,True,4.521505697065236,0.30556260082483716
8,p2_secondary_CENTER_AIR_BAG_PRESSURE_auc,False,0.9357480593647869,0.10954050899033962
8,p2_secondary_CENTER_AIR_BAG_PRESSURE_mean,True,0.9896660820379745,0.2253733377591452
8,p2_secondary_CENTER_AIR_BAG_PRESSURE_std,False,1.0254160314867777,-0.4150263243682438
8,p2_secondary_DRESSING_WATER_STATUS_auc,False,0.7023932086868794,0.093808683335826
8,p2_secondary_DRESSING_WATER_STATUS_mean,False,0.7600553910995336,0.1463982053550268
8,p2_secondary_DRESSING_WATER_STATUS_std,True,1.6693899488446893,-0.1434602431281819
8,p2_secondary_EDGE_AIR_BAG_PRESSURE_auc,False,0.14135068047466387,-0.02250107918537342
8,p2_secondary_EDGE_AIR_BAG_PRESSURE_mean,False,0.3370608100083256,-0.20801105336691678
8,p2_secondary_EDGE_AIR_BAG_PRESSURE_std,False,1.2020060788540372,-0.07159270993834407
8,p2_secondary_HEAD_ROTATION_mean,True,0.19093137771464755,0.376013801627979
8,p2_secondary_MAIN_OUTER_AIR_BAG_PRESSURE_auc,False,0.0513035479277502,-0.13945337193978996
8,p2_secondary_MAIN_OUTER_AIR_BAG_PRESSURE_mean,True,0.11112790576233363,0.3343258387724564
8,p2_secondary_MAIN_OUTER_AIR_BAG_PRESSURE_std,False,0.37023825295263274,-0.05433529974031915
8,p2_secondary_PRESSURIZED_CHAMBER_PRESSURE_auc,True,0.8090514513082413,0.17090727811092718
8,p2_secondary_PRESSURIZED_CHAMBER_PRESSURE_mean,False,1.2536857767092238,0.02238814033585611
8,p2_secondary_PRESSURIZED_CHAMBER_PRESSURE_std,True,1.8655550224504485,0.09507568265621012
8,p2_secondary_RETAINER_RING_PRESSURE_auc,False,1.326865188999786,0.05360196075111903
8,p2_secondary_RETAINER_RING_PRESSURE_mean,True,0.5865193134585123,0.21121592924670135
8,p2_secondary_RETAINER_RING_PRESSURE_std,True,0.6754032404047292,0.34104005792729375
8,p2_secondary_RIPPLE_AIR_BAG_PRESSURE_auc,False,0.8224246518575705,-0.3297516593784509
8,p2_secondary_RIPPLE_AIR_BAG_PRESSURE_mean,True,0.7576661002150781,0.1942739682835568
8,p2_secondary_RIPPLE_AIR_BAG_PRESSURE_std,False,0.29320965658685094,-0.1591874781485926
8,p2_secondary_SLURRY_FLOW_LINE_A_auc,False,0.31552439673976246,-0.043604354087395575
8,p2_secondary_SLURRY_FLOW_LINE_A_mean,True,0.09186028657967221,0.35072132299062947
8,p2_secondary_SLURRY_FLOW_LINE_A_std,False,1.1318165207137452,-0.30066127318785885
8,p2_secondary_SLURRY_FLOW_LINE_B_auc,True,1.4041332287240094,0.16919440401204444
8,p2_secondary_SLURRY_FLOW_LINE_B_mean,False,1.3496393087519538,-0.13156032957713382
8,p2_secondary_SLURRY_FLOW_LINE_B_std,False,0.5884605798803683,-0.14003848594961807
8,p2_secondary_SLURRY_FLOW_LINE_C_auc,False,0.03993174714504983,0.04735903259693247
8,p2_secondary_SLURRY_FLOW_LINE_C_mean,True,0.3885114350266096,0.23769876351115582
8,p2_secondary_SLURRY_FLOW_LINE_C_std,True,0.8934388342099829,0.17646509901627086
8,p2_secondary_STAGE_ROTATION_mean,False,0.6961704569652923,-0.0849014769799218
8,p2_secondary_USAGE_OF_BACKING_FILM_decreasing,True,2.9310363626028852,0.18038080113017785
8,p2_secondary_USAGE_OF_BACKING_FILM_mean,True,10461.660909703653,-0.0710116762878019
8,p2_secondary_USAGE_OF_BACKING_FILM_std,True,15.982060740295882,0.0817643290735276
8,p2_secondary_USAGE_OF_DRESSER_TABLE_decreasing,True,2.964072273310493,0.0
8,p2_secondary_USAGE_OF_DRESSER_TABLE_mean,True,2477.521826449224,-0.18792244671896724
8,p2_secondary_USAGE_OF_DRESSER_TABLE_std,True,2.661707602202696,0.0
8,p2_secondary_USAGE_OF_DRESSER_decreasing,False,0.5696531356532872,0.0
8,p2_secondary_USAGE_OF_DRESSER_mean,True,20.56866316424829,0.32546632189914837
8,p2_secondary_USAGE_OF_DRESSER_std,False,0.6710625683684842,0.0
8,p2_secondary_USAGE_OF_MEMBRANE_decreasing,True,1638.692508952808,0.24011825091855157
8,p2_secondary_USAGE_OF_MEMBRANE_mean,True,2125396.6693298905,-0.1195246984966014
8,p2_secondary_USAGE_OF_MEMBRANE_std,True,6153.089507545207,-0.17677669529663684
8,p2_secondary_USAGE_OF_POLISHING_TABLE_decreasing,False,0.2717064231951671,0.04454775327077909
8,p2_secondary_USAGE_OF_POLISHING_TABLE_mean,True,0.7898208050114837,0.3945786381274411
8,p2_secondary_USAGE_OF_POLISHING_TABLE_std,True,0.03328700083426213,0.3655775487623652
8,p2_secondary_USAGE_OF_PRESSURIZED_SHEET_decreasing,True,1368.8712614418034,0.12345140974337425
8,p2_secondary_USAGE_OF_PRESSURIZED_SHEET_mean,True,2116174.2573632407,0.176776695296637
8,p2_secondary_USAGE_OF_PRESSURIZED_SHEET_std,True,5420.492402305305,-0.17498450937637708
8,p2_secondary_WAFER_ROTATION_mean,False,0.615126813984388,0.10372240106707403
8,p2_secondary_duration,True,0.8394213087158738,0.1953180229617808
9,lag_1,True,0.693004710308714,0.6372207962111223
9,lag_2,True,0.6845548709230226,0.315335225186669
9,lag_3,True,1.423847563711926,0.2667621585518375
9,lag_4,True,0.005220695370875482,0.2733708183950681
9,lag_5,True,1.2013394297062485,0.2616296955335172
9,lag_6,False,1.2441095373278137,-0.005859471314350086
9,lag_7,False,1.2924642342048487,0.1094120980610287
9,lag_8,True,2.4765449824543024,0.1578547324962171
9,lag_9,True,1.7678099950185466,0.1892912684572147
9,lag_10,True,1.6510144737056074,-0.2276978567181823
9,lag_11,True,0.3911900666270627,0.22310373099685962
9,neighbor_1,True,5.9901782963307575,1.1985701155489639
9,neighbor_2,True,2.962545311804457,0.4883329446132354
9,neighbor_3,True,2.7940116675460525,0.9916445448714896
9,neighbor_4,True,1.2835830572854108,0.4512457172967652
9,neighbor_5,True,0.5431527610324303,0.32143078704458794
9,neighbor_6,True,1.0357777161649606,0.4637380563483245
9,neighbor_7,True,1.9763461963101738,0.19340097516911856
9,neighbor_8,False,0.48726855509385103,0.045570653321572376
9,neighbor_9,True,0.6067021847230181,0.31488160588822844
9,neighbor_10,False,0.2505149791237993,-0.06518680191422714
9,p2_primary_CENTER_AIR_BAG_PRESSURE_auc,True,0.37814293999024706,0.6635145053279828
9,p2_primary_CENTER_AIR_BAG_PRESSURE_mean,True,0.7290559630380143,0.2866099045104968
9,p2_primary_CENTER_AIR_BAG_PRESSURE_std,True,1.8355391977978572,-0.08213972460112721
9,p2_primary_DRESSING_WATER_STATUS_auc,True,0.07997309935570304,0.3177966392721471
9,p2_primary_DRESSING_WATER_STATUS_mean,True,0.4238633311966706,0.3755288313542727
9,p2_primary_DRESSING_WATER_STATUS_std,True,0.8436647606474568,0.17191062697931397
9,p2_primary_EDGE_AIR_BAG_PRESSURE_auc,True,3.6052539684428666,0.3988196755349157
9,p2_primary_EDGE_AIR_BAG_PRESSURE_mean,True,2.710600654826632,0.09236314107988182
9,p2_primary_EDGE_AIR_BAG_PRESSURE_std,True,0.6481040684550751,0.5224002336969807
9,p2_primary_HEAD_ROTATION_mean,False,0.514794007050204,0.14313334570673997
9,p2_primary_MAIN_OUTER_AIR_BAG_PRESSURE_auc,True,0.49350831219031016,0.3412626297537502
9,p2_primary_MAIN_OUTER_AIR_BAG_PRESSURE_mean,True,0.33823041525952313,0.19026309935549948
9,p2_primary_MAIN_OUTER_AIR_BAG_PRESSURE_std,True,0.7867496933333915,0.16158989232390805
9,p2_primary_PRESSURIZED_CHAMBER_PRESSURE_auc,True,1.632341107404885,0.36370469139128525
9,p2_primary_PRESSURIZED_CHAMBER_PRESSURE_mean,True,0.85254815288211,0.26075931649123446
9,p2_primary_PRESSURIZED_CHAMBER_PRESSURE_std,True,2.302122167647583,0.40484670278340174
9,p2_primary_RETAINER_RING_PRESSURE_auc,True,2.124195787873674,0.32637832785226595
9,p2_primary_RETAINER_RING_PRESSURE_mean,False,0.7069985898411083,-0.11381045144233944
9,p2_primary_RETAINER_RING_PRESSURE_std,True,1.7649189646822045,0.006928376469040941
9,p2_primary_RIPPLE_AIR_BAG_PRESSURE_auc,True,0.7210591622907643,0.7869972290655601
9,p2_primary_RIPPLE_AIR_BAG_PRESSURE_mean,True,0.268252762520674,0.38873715942456183
9,p2_primary_RIPPLE_AIR_BAG_PRESSURE_std,True,1.7688362892939122,0.02659250013008466
9,p2_primary_SLURRY_FLOW_LINE_A_auc,True,1.8997973195350724,0.33185643954289884
9,p2_primary_SLURRY_FLOW_LINE_A_mean,False,0.36512495248876514,-0.043560791929625226
9,p2_primary_SLURRY_FLOW_LINE_A_std,True,0.4442406892637145,0.18086771171488927
9,p2_primary_SLURRY_FLOW_LINE_B_auc,False,0.7920066189278101,0.12148799057201023
9,p2_primary_SLURRY_FLOW_LINE_B_mean,False,0.10036487207322853,-0.4603454889716208
9,p2_primary_SLURRY_FLOW_LINE_B_std,False,0.3568175144507492,0.03933838035730078
9,p2_primary_SLURRY_FLOW_LINE_C_auc,True,0.5850831248553505,0.41543988585184705
9,p2_primary_SLURRY_FLOW_LINE_C_mean,True,1.3011173375780836,0.29331241972777744
9,p2_primary_SLURRY_FLOW_LINE_C_std,True,2.6324202207033127,-0.035543809907529075
9,p2_primary_STAGE_ROTATION_mean,True,3.6769787981445496,-0.03409357771943806
9,p2_primary_USAGE_OF_BACKING_FILM_decreasing,True,15.689362412093056,0.0
9,p2_primary_USAGE_OF_BACKING_FILM_mean,True,780283.9825081732,-0.17677669529663698
9,p2_primary_USAGE_OF_BACKING_FILM_std,True,33.2457338922178,0.07019145524018128
9,p2_primary_USAGE_OF_DRESSER_TABLE_decreasing,True,0.05848547537017052,0.29265820865080455
9,p2_primary_USAGE_OF_DRESSER_TABLE_mean,True,547.2627523923026,-0.24942879573127258
9,p2_primary_USAGE_OF_DRESSER_TABLE_std,True,0.08977565737088983,0.2170357984956549
9,p2_primary_USAGE_OF_DRESSER_decreasing,True,0.21498281014948514,0.26467413848965116
9,p2_primary_USAGE_OF_DRESSER_mean,True,50.79336375947779,0.23301199543577367
9,p2_primary_USAGE_OF_DRESSER_std,False,0.046768238189087076,0.13185910242354554
9,p2_primary_USAGE_OF_MEMBRANE_decreasing,True,46.301089399445154,-0.08394602881239997
9,p2_primary_USAGE_OF_MEMBRANE_mean,True,923576.1661090305,0.18416310381188974
9,p2_primary_USAGE_OF_MEMBRANE_std,True,77.06560248693869,0.14458186597508385
9,p2_primary_USAGE_OF_POLISHING_TABLE_decreasing,True,0.812724765372212,0.3755481487726063
9,p2_primary_USAGE_OF_POLISHING_TABLE_mean,True,0.8468546878877976,0.3757554798455401
9,p2_primary_USAGE_OF_POLISHING_TABLE_std,True,0.6949225944525265,0.2512650414762473
9,p2_primary_USAGE_OF_PRESSURIZED_SHEET_decreasing,True,59.00456513973477,-0.3295994721220967
9,p2_primary_USAGE_OF_PRESSURIZED_SHEET_mean,True,144503.175490813,0.1325022533558238
9,p2_primary_USAGE_OF_PRESSURIZED_SHEET_std,True,101.66143504072426,0.16788939864220404
9,p2_primary_WAFER_ROTATION_mean,False,0.3458693541652456,0.10118054288930814
9,p2_primary_duration,True,0.17511717075110225,0.32782010652632904
9,p2_secondary_CENTER_AIR_BAG_PRESSURE_auc,False,0.05551005563481853,-0.16096193612096957
9,p2_secondary_CENTER_AIR_BAG_PRESSURE_mean,False,0.010848512840807494,0.13633682236397915
9,p2_secondary_CENTER_AIR_BAG_PRESSURE_std,False,0.03019132228185617,-0.09875447459900381
9,p2_secondary_DRESSING_WATER_STATUS_auc,False,0.08028718148324578,0.1001681153363264
9,p2_secondary_DRESSING_WATER_STATUS_mean,False,0.136489167287366,-0.0664378477780416
9,p2_secondary_DRESSING_WATER_STATUS_std,False,1.342991959495418,0.06638661934919418
9,p2_secondary_EDGE_AIR_BAG_PRESSURE_auc,True,0.24526180742921416,0.17677669529663678
9,p2_secondary_EDGE_AIR_BAG_PRESSURE_mean,False,0.16030350930589263,-0.1218442604669443
9,p2_secondary_EDGE_AIR_BAG_PRESSURE_std,False,0.9762886457302492,0.13760715466595863
9,p2_secondary_HEAD_ROTATION_mean,True,0.5975418874388415,0.21195110383577395
9,p2_secondary_MAIN_OUTER_AIR_BAG_PRESSURE_auc,False,0.13099845834117277,-0.2512347942325148
9,p2_secondary_MAIN_OUTER_AIR_BAG_PRESSURE_mean,False,0.14110222013206672,-0.25094019785066946
9,p2_secondary_MAIN_OUTER_AIR_BAG_PRESSURE_std,False,0.8936045768379104,-0.17677669529663687
9,p2_secondary_PRESSURIZED_CHAMBER_PRESSURE_auc,False,0.929791398190872,0.010287518954822092
9,p2_secondary_PRESSURIZED_CHAMBER_PRESSURE_mean,True,1.3223676924852676,0.22774330758791494
9,p2_secondary_PRESSURIZED_CHAMBER_PRESSURE_std,True,1.9358472334772767,-0.06495826000502869
9,p2_secondary_RETAINER_RING_PRESSURE_auc,True,1.7090304283936264,0.33544505757305854
9,p2_secondary_RETAINER_RING_PRESSURE_mean,False,0.5891836574731341,0.04952702881980742
9,p2_secondary_RETAINER_RING_PRESSURE_std,False,0.18699262879297399,0.10307903104187965
9,p2_secondary_RIPPLE_AIR_BAG_PRESSURE_auc,True,0.01159488600822299,0.16260340800814102
9,p2_secondary_RIPPLE_AIR_BAG_PRESSURE_mean,False,0.028976279790602986,0.1171493155856262
9,p2_secondary_RIPPLE_AIR_BAG_PRESSURE_std,True,0.5134737323223343,0.28647255473846933
9,p2_secondary_SLURRY_FLOW_LINE_A_auc,True,1.6201787654526403,0.28960494232824235
9,p2_secondary_SLURRY_FLOW_LINE_A_mean,True,1.6472396597990928,0.12110452251532666
9,p2_secondary_SLURRY_FLOW_LINE_A_std,True,0.3616317846906247,0.209530612797339
9,p2_secondary_SLURRY_FLOW_LINE_B_auc,True,1.8513736717444438,0.011380060834823617
9,p2_secondary_SLURRY_FLOW_LINE_B_mean,True,1.8660614377766134,0.1101268322168881
9,p2_secondary_SLURRY_FLOW_LINE_B_std,True,0.8452504352679607,0.21673254676567957
9,p2_secondary_SLURRY_FLOW_LINE_C_auc,False,0.6171465798099234,-0.015097258150704104
9,p2_secondary_SLURRY_FLOW_LINE_C_mean,False,0.18454724911424633,0.05966823712968386
9,p2_secondary_SLURRY_FLOW_LINE_C_std,True,0.6550556642406762,0.25002153962397416
9,p2_secondary_STAGE_ROTATION_mean,True,1.6388727090627282,0.03715724660092309
9,p2_secondary_USAGE_OF_BACKING_FILM_decreasing,True,36.69900483215205,0.0
9,p2_secondary_USAGE_OF_BACKING_FILM_mean,True,231065.19199238898,0.11968530288540204
9,p2_secondary_USAGE_OF_BACKING_FILM_std,True,157.40753546995634,0.20201927288948374
9,p2_secondary_USAGE_OF_DRESSER_TABLE_decreasing,True,2.114782436481303,0.0
9,p2_secondary_USAGE_OF_DRESSER_TABLE_mean,True,554.9620320862822,0.003285022939635345
9,p2_secondary_USAGE_OF_DRESSER_TABLE_std,True,1.5891052332586988,0.0
9,p2_secondary_USAGE_OF_DRESSER_decreasing,False,0.6175110401709407,0.0
9,p2_secondary_USAGE_OF_DRESSER_mean,True,50.03948874131402,0.07467473941869245
9,p2_secondary_USAGE_OF_DRESSER_std,False,0.9453732355393205,0.0
9,p2_secondary_USAGE_OF_MEMBRANE_decreasing,True,1647.696819197296,-0.21403262597295386
9,p2_secondary_USAGE_OF_MEMBRANE_mean,True,140250.3704035512,0.13984835864217282
9,p2_secondary_USAGE_OF_MEMBRANE_std,True,6387.454971272396,0.0
9,p2_secondary_USAGE_OF_POLISHING_TABLE_decreasing,False,0.8282347690919615,0.08030798251783124
9,p2_secondary_USAGE_OF_POLISHING_TABLE_mean,True,0.8992435767345289,0.3027063188842658
9,p2_secondary_USAGE_OF_POLISHING_TABLE_std,True,0.573203443286071,0.31920471512060694
9,p2_secondary_USAGE_OF_PRESSURIZED_SHEET_decreasing,True,1719.1995476521056,-0.14492002078942218
9,p2_secondary_USAGE_OF_PRESSURIZED_SHEET_mean,True,91567.46949898153,-0.17677669529663687
9,p2_secondary_USAGE_OF_PRESSURIZED_SHEET_std,True,6666.535088550055,0.21767736178987881
9,p2_secondary_WAFER_ROTATION_mean,False,0.9932107815522168,-0.05782675321762965
9,p2_secondary_duration,False,0.3194744855153556,-0.1553195671484515
10,lag_1,True,1.295240857814988,0.688895533373647
10,lag_2,True,0.3049365917892987,0.19721749481650602
10,lag_3,True,0.10399175009512421,0.45801581736452973
10,lag_4,False,0.018692256778666504,-0.1404324653761355
10,lag_5,False,0.3126379204125076,-0.03818884799460917
10,lag_6,False,0.9575401363278379,-0.17948045147359043
10,lag_7,False,0.2698296489503314,-0.1664262006486158
10,lag_8,True,0.537984487115901,0.28431808983730433
10,lag_9,False,0.30703025991318655,0.023685237316008776
10,lag_10,False,0.33516944948010313,-0.1648935756030753
10,lag_11,True,1.1388283249190758,0.298018417076842
10,neighbor_1,True,8.22234105032891,3.095369366518702
10,neighbor_2,True,4.066541784471232,0.8659849997758344
10,neighbor_3,True,0.9664499928329842,0.5663036797995546
10,neighbor_4,True,1.9835243609399646,0.3957183610317981
10,neighbor_5,True,1.1184102726335872,0.34591265976903784
10,neighbor_6,False,0.08679627172746962,0.07964823791933248
10,neighbor_7,True,0.6856497366945102,0.49641148580212413
10,neighbor_8,True,0.9868005932266003,0.43012067703019724
10,neighbor_9,False,0.4110292347329963,-0.05659323244431412
10,neighbor_10,True,1.3823921539547028,0.22183944073587686
10,p2_primary_CENTER_AIR_BAG_PRESSURE_auc,True,0.4702459633502799,0.8786231324605421
10,p2_primary_CENTER_AIR_BAG_PRESSURE_mean,True,0.803570301247466,0.21697420865886602
10,p2_primary_CENTER_AIR_BAG_PRESSURE_std,True,1.7171917695452932,0.3909172712499438
10,p2_primary_DRESSING_WATER_STATUS_auc,True,1.7197821032771907,0.26400060876958237
10,p2_primary_DRESSING_WATER_STATUS_mean,True,1.512322494295217,0.2577848424912234
10,p2_primary_DRESSING_WATER_STATUS_std,False,0.13335256084371755,0.11823253938084895
10,p2_primary_EDGE_AIR_BAG_PRESSURE_auc,True,3.090153488598778,0.43479707817714813
10,p2_primary_EDGE_AIR_BAG_PRESSURE_mean,True,2.0383951949911108,0.10927459356478336
10,p2_primary_EDGE_AIR_BAG_PRESSURE_std,True,0.22845168901453933,0.691458125611937
10,p2_primary_HEAD_ROTATION_mean,False,0.842276864638316,-0.32069304317097463
10,p2_primary_MAIN_OUTER_AIR_BAG_PRESSURE_auc,True,0.8052441229489634,0.489152079978415
10,p2_primary_MAIN_OUTER_AIR_BAG_PRESSURE_mean,False,0.21971177895127814,0.016812686561315238
10,p2_primary_MAIN_OUTER_AIR_BAG_PRESSURE_std,True,1.0010808434571383,0.27387369084168744
10,p2_primary_PRESSURIZED_CHAMBER_PRESSURE_auc,True,0.25125681178189463,0.2730447787450191
10,p2_primary_PRESSURIZED_CHAMBER_PRESSURE_mean,True,1.2193037286564326,0.3370384691535521
10,p2_primary_PRESSURIZED_CHAMBER_PRESSURE_std,True,2.5019947860917706,0.28500725290181134
10,p2_primary_RETAINER_RING_PRESSURE_auc,True,2.6956412350204495,0.31719437020347907
10,p2_primary_RETAINER_RING_PRESSURE_mean,False,0.8534918145383177,-0.1253380819762881
10,p2_primary_RETAINER_RING_PRESSURE_std,True,1.9258854351239754,0.23543582657609805
10,p2_primary_RIPPLE_AIR_BAG_PRESSURE_auc,True,0.0396263268673738,0.6378033904324265
10,p2_primary_RIPPLE_AIR_BAG_PRESSURE_mean,True,0.433857210635734,0.28080333547195885
10,p2_primary_RIPPLE_AIR_BAG_PRESSURE_std,True,2.501894583776841,0.18570783391806397
10,p2_primary_SLURRY_FLOW_LINE_A_auc,True,2.1249759319329495,0.5845048148387271
10,p2_primary_SLURRY_FLOW_LINE_A_mean,True,0.8297668897778328,0.21076692325392546
10,p2_primary_SLURRY_FLOW_LINE_A_std,False,0.243927631822805,0.09442453144253314
10,p2_primary_SLURRY_FLOW_LINE_B_auc,True,1.7140707906904904,0.1364357685637272
10,p2_primary_SLURRY_FLOW_LINE_B_mean,True,0.4083977257962594,0.37755891234801503
10,p2_primary_SLURRY_FLOW_LINE_B_std,False,0.3462474066307447,-0.25219419122216163
10,p2_primary_SLURRY_FLOW_LINE_C_auc,True,0.09459746558432904,0.8352054734495422
10,p2_primary_SLURRY_FLOW_LINE_C_mean,True,2.0703855288119164,0.22306813053252172
10,p2_primary_SLURRY_FLOW_LINE_C_std,True,2.3193825147790155,0.17069717584669689
10,p2_primary_STAGE_ROTATION_mean,True,3.9314849743743894,0.1253656646105218
10,p2_primary_USAGE_OF_BACKING_FILM_decreasing,True,15.092030637772115,-0.04144966758042422
10,p2_primary_USAGE_OF_BACKING_FILM_mean,True,9566438.850425074,0.07559197794779199
10,p2_primary_USAGE_OF_BACKING_FILM_std,True,21.732860841682392,0.24428911495382227
10,p2_primary_USAGE_OF_DRESSER_TABLE_decreasing,False,0.16682862258652872,-0.22238760554038986
10,p2_primary_USAGE_OF_DRESSER_TABLE_mean,True,5205.216792708492,0.030354592755871074
10,p2_primary_USAGE_OF_DRESSER_TABLE_std,False,0.4116318297416847,0.1264187457529457
10,p2_primary_USAGE_OF_DRESSER_decreasing,True,0.5318100786564662,0.21145679125761072
10,p2_primary_USAGE_OF_DRESSER_mean,True,103.95108388624766,0.3698803478160541
10,p2_primary_USAGE_OF_DRESSER_std,False,0.949666543796199,-0.1732951956545339
10,p2_primary_USAGE_OF_MEMBRANE_decreasing,True,44.137146824830786,0.15599789572171727
10,p2_primary_USAGE_OF_MEMBRANE_mean,True,10552707.098449033,0.13990715219055905
10,p2_primary_USAGE_OF_MEMBRANE_std,True,54.42279736731987,0.24550907266000688
10,p2_primary_USAGE_OF_POLISHING_TABLE_decreasing,False,1.2423321156980818,0.10886504155109625
10,p2_primary_USAGE_OF_POLISHING_TABLE_mean,True,0.8610900670248004,0.29812509352441074
10,p2_primary_USAGE_OF_POLISHING_TABLE_std,True,1.2810920880530348,0.26147644546369064
10,p2_primary_USAGE_OF_PRESSURIZED_SHEET_decreasing,True,62.1319774560629,-0.17232081456739906
10,p2_primary_USAGE_OF_PRESSURIZED_SHEET_mean,True,949411.0464277844,0.15142870872663658
10,p2_primary_USAGE_OF_PRESSURIZED_SHEET_std,True,77.43443190945257,0.3104261617791322
10,p2_primary_WAFER_ROTATION_mean,True,0.5528841158802291,0.18244483755876847
10,p2_primary_duration,False,0.6949393143204827,-0.07206861579348905
10,p2_secondary_CENTER_AIR_BAG_PRESSURE_auc,False,0.1317611899324301,-0.1586053487093589
10,p2_secondary_CENTER_AIR_BAG_PRESSURE_mean,True,0.12917426125681622,0.17677669529663684
10,p2_secondary_CENTER_AIR_BAG_PRESSURE_std,False,0.22203208719368225,-0.1767766952966369
10,p2_secondary_DRESSING_WATER_STATUS_auc,False,0.0868960310998198,-0.08273256599422292
10,p2_secondary_DRESSING_WATER_STATUS_mean,False,0.03583109132917513,-0.048212427117721536
10,p2_secondary_DRESSING_WATER_STATUS_std,False,1.107101227230157,-0.22266829721026046
10,p2_secondary_EDGE_AIR_BAG_PRESSURE_auc,True,0.7158379195663404,0.2914902724153884
10,p2_secondary_EDGE_AIR_BAG_PRESSURE_mean,False,0.6497643109074901,0.113489190779192
10,p2_secondary_EDGE_AIR_BAG_PRESSURE_std,False,0.35181200285196473,0.06553398565070144
10,p2_secondary_HEAD_ROTATION_mean,False,0.4836442287277914,-0.12988660928368304
10,p2_secondary_MAIN_OUTER_AIR_BAG_PRESSURE_auc,False,1.200544297299539,0.10892285118467974
10,p2_secondary_MAIN_OUTER_AIR_BAG_PRESSURE_mean,False,1.2384350485176638,0.133862270450403
10,p2_secondary_MAIN_OUTER_AIR_BAG_PRESSURE_std,False,1.1777994486784014,0.11417669694401088
10,p2_secondary_PRESSURIZED_CHAMBER_PRESSURE_auc,True,1.8118883858593064,0.05353979818803396
10,p2_secondary_PRESSURIZED_CHAMBER_PRESSURE_mean,True,2.2575784602853415,0.10705825898916767
10,p2_secondary_PRESSURIZED_CHAMBER_PRESSURE_std,True,2.130042844428895,0.09184720992582333
10,p2_secondary_RETAINER_RING_PRESSURE_auc,True,0.25635483188049024,0.22108124706379217
10,p2_secondary_RETAINER_RING_PRESSURE_mean,True,1.0531884316922722,0.20249626267802232
10,p2_secondary_RETAINER_RING_PRESSURE_std,False,0.14893834084147017,0.09852248247334307
10,p2_secondary_RIPPLE_AIR_BAG_PRESSURE_auc,True,1.0294147190159844,0.18840840966904535
10,p2_secondary_RIPPLE_AIR_BAG_PRESSURE_mean,False,0.9926948679149982,-0.22959930489956662
10,p2_secondary_RIPPLE_AIR_BAG_PRESSURE_std,True,0.5542347351259449,0.31847715021294776
10,p2_secondary_SLURRY_FLOW_LINE_A_auc,False,0.5330496194192905,-0.12884344357162716
10,p2_secondary_SLURRY_FLOW_LINE_A_mean,False,0.6622857635515087,-0.15636982332503624
10,p2_secondary_SLURRY_FLOW_LINE_A_std,False,0.5197630834947623,-0.35804132020552676
10,p2_secondary_SLURRY_FLOW_LINE_B_auc,True,0.7880415691442492,0.2484337887322011
10,p2_secondary_SLURRY_FLOW_LINE_B_mean,True,0.7643242872401762,0.262839709005921
10,p2_secondary_SLURRY_FLOW_LINE_B_std,False,0.32010679986084367,0.012902006268355314
10,p2_secondary_SLURRY_FLOW_LINE_C_auc,False,1.2323070041310902,-0.12406688196272588
10,p2_secondary_SLURRY_FLOW_LINE_C_mean,True,0.6808428462141813,0.36260973486630543
10,p2_secondary_SLURRY_FLOW_LINE_C_std,False,0.5390690553490292,-0.24194288361794442
10,p2_secondary_STAGE_ROTATION_mean,False,1.252367455314577,0.13507423820531633
10,p2_secondary_USAGE_OF_BACKING_FILM_decreasing,True,5.478725484311963,0.2778133882974221
10,p2_secondary_USAGE_OF_BACKING_FILM_mean,True,646213.484162371,0.029059669089022164
10,p2_secondary_USAGE_OF_BACKING_FILM_std,True,24.52944326057712,0.1580012846788739
10,p2_secondary_USAGE_OF_DRESSER_TABLE_decreasing,True,1.9258716565290914,0.0
10,p2_secondary_USAGE_OF_DRESSER_TABLE_mean,True,5353.596333843433,-0.04984253906062035
10,p2_secondary_USAGE_OF_DRESSER_TABLE_std,True,1.8406130526507551,0.0
10,p2_secondary_USAGE_OF_DRESSER_decreasing,False,1.0227625391926993,0.0
10,p2_secondary_USAGE_OF_DRESSER_mean,True,102.55913300756896,0.2776805690188821
10,p2_secondary_USAGE_OF_DRESSER_std,False,1.2270427201114735,0.0
10,p2_secondary_USAGE_OF_MEMBRANE_decreasing,True,559.0084611072398,0.20145803350014824
10,p2_secondary_USAGE_OF_MEMBRANE_mean,True,24475126.241547376,-0.24297490715236997
10,p2_secondary_USAGE_OF_MEMBRANE_std,True,2062.5916399181965,0.20479850548446826
10,p2_secondary_USAGE_OF_POLISHING_TABLE_decreasing,True,1.6791874027852713,-0.1799954674334742
10,p2_secondary_USAGE_OF_POLISHING_TABLE_mean,True,0.9206634337961318,0.4171342569820445
10,p2_secondary_USAGE_OF_POLISHING_TABLE_std,False,1.2077052206052352,-0.34619448088256716
10,p2_secondary_USAGE_OF_PRESSURIZED_SHEET_decreasing,True,529.5115380989547,0.02976997704128671
10,p2_secondary_USAGE_OF_PRESSURIZED_SHEET_mean,True,25255713.87735403,-0.03018586388920806
10,p2_secondary_USAGE_OF_PRESSURIZED_SHEET_std,True,1963.40206457304,0.03274090674530801
10,p2_secondary_WAFER_ROTATION_mean,False,0.6076686690909829,0.03154253163889294
10,p2_secondary_duration,True,0.07897734861269919,0.1706057491013695
11,lag_1,True,1.1040020077606252,0.6417155087599815
11,lag_2,True,0.0636897662364019,0.29276865715716344
11,lag_3,False,1.3371343014348547,0.06335426409540244
11,lag_4,True,1.4476304531880066,0.26955475535432233
11,lag_5,False,0.5395324030905947,-0.0016007894123660378
11,lag_6,True,1.5063617976424182,0.12199740624209988
11,lag_7,False,1.0002994416437605,-0.02321321228855082
11,lag_8,True,0.2207092555291914,0.38345800739630775
11,lag_9,False,0.8610739764571818,0.1062038455360967
11,lag_10,False,1.327136049270985,0.05972596553837798
11,lag_11,True,3.0857555088841493,0.05457328248401836
11,neighbor_1,True,8.794133841164307,1.7868691221615758
11,neighbor_2,True,3.0340959030899985,0.5523290476518723
11,neighbor_3,True,1.769332238489423,0.5666239253761995
11,neighbor_4,True,2.15393941356796,0.5183792923833347
11,neighbor_5,True,0.5072645339153219,0.44176371258005115
11,neighbor_6,False,0.8303427672851125,-0.10073436199316332
11,neighbor_7,True,0.4591699294865389,0.33926522292685035
11,neighbor_8,False,0.2598124091065211,-0.013715628209885677
11,neighbor_9,True,0.979873366971883,0.2780647671651409
11,neighbor_10,False,0.2252511114097647,-0.0037242338521255368
11,p2_primary_CENTER_AIR_BAG_PRESSURE_auc,True,0.9633359405866652,0.8977992361265674
11,p2_primary_CENTER_AIR_BAG_PRESSURE_mean,True,1.2878797043876444,0.3261377722206051
11,p2_primary_CENTER_AIR_BAG_PRESSURE_std,True,1.5116449502332951,0.00259876297229603
11,p2_primary_DRESSING_WATER_STATUS_auc,False,0.6484224810725128,0.14828908638338076
11,p2_primary_DRESSING_WATER_STATUS_mean,True,0.47320721845805325,0.38469995521060346
11,p2_primary_DRESSING_WATER_STATUS_std,True,0.10023365098046275,0.2768645518192278
11,p2_primary_EDGE_AIR_BAG_PRESSURE_auc,True,2.5866172730613033,0.16953060220726718
11,p2_primary_EDGE_AIR_BAG_PRESSURE_mean,True,1.9662264226003563,0.14249033079172016
11,p2_primary_EDGE_AIR_BAG_PRESSURE_std,True,0.2714072130031401,0.4415634322650219
11,p2_primary_HEAD_ROTATION_mean,True,0.5788713770471748,0.3235465043149958
11,p2_primary_MAIN_OUTER_AIR_BAG_PRESSURE_auc,True,0.3244807352520286,0.570005145473673
11,p2_primary_MAIN_OUTER_AIR_BAG_PRESSURE_mean,True,0.9690508736253013,0.27314227403698416
11,p2_primary_MAIN_OUTER_AIR_BAG_PRESSURE_std,True,1.3966820920230487,0.46763862601738243
11,p2_primary_PRESSURIZED_CHAMBER_PRESSURE_auc,True,2.0273676095122215,0.47988294279364735
11,p2_primary_PRESSURIZED_CHAMBER_PRESSURE_mean,False,0.0017343600636224742,-0.061678498928316484
11,p2_primary_PRESSURIZED_CHAMBER_PRESSURE_std,True,1.7687171596368432,0.3810075038284954
11,p2_primary_RETAINER_RING_PRESSURE_auc,True,1.1186098623445018,0.351835808973659
11,p2_primary_RETAINER_RING_PRESSURE_mean,False,1.082086670777103,-0.07332503322585357
11,p2_primary_RETAINER_RING_PRESSURE_std,True,1.5724694868095448,-0.01661107474537266
11,p2_primary_RIPPLE_AIR_BAG_PRESSURE_auc,True,0.6260127277620948,0.5816631312360853
11,p2_primary_RIPPLE_AIR_BAG_PRESSURE_mean,True,0.4238350597261198,0.41044763810767937
11,p2_primary_RIPPLE_AIR_BAG_PRESSURE_std,True,0.10194094222013908,0.3988850425696202
11,p2_primary_SLURRY_FLOW_LINE_A_auc,True,2.4919090070367864,0.7093575781555421
11,p2_primary_SLURRY_FLOW_LINE_A_mean,True,0.17825061575912565,0.2870205589138355
11,p2_primary_SLURRY_FLOW_LINE_A_std,True,0.8607296090519154,0.34479371027654193
11,p2_primary_SLURRY_FLOW_LINE_B_auc,True,1.4397457578846016,0.40209257655097036
11,p2_primary_SLURRY_FLOW_LINE_B_mean,False,0.5709573939810414,0.010283883891588625
11,p2_primary_SLURRY_FLOW_LINE_B_std,False,0.9394904669649151,0.11800275115034731
11,p2_primary_SLURRY_FLOW_LINE_C_auc,True,0.6380554743795093,0.7031944282286189
11,p2_primary_SLURRY_FLOW_LINE_C_mean,True,2.237936233727459,0.4813145100255788
11,p2_primary_SLURRY_FLOW_LINE_C_std,True,1.7757186567334065,0.1869287754577657
11,p2_primary_STAGE_ROTATION_mean,True,3.281962031145471,0.07934675402904526
11,p2_primary_USAGE_OF_BACKING_FILM_decreasing,True,18.07977923708456,-0.16081862374721925
11,p2_primary_USAGE_OF_BACKING_FILM_mean,True,1655351.94091866,-0.134155925519752
11,p2_primary_USAGE_OF_BACKING_FILM_std,True,28.341681041311265,-0.2521825804388233
11,p2_primary_USAGE_OF_DRESSER_TABLE_decreasing,False,0.6425638880456279,0.059115814861535304
11,p2_primary_USAGE_OF_DRESSER_TABLE_mean,True,984.3254109413369,0.08184473846291311
11,p2_primary_USAGE_OF_DRESSER_TABLE_std,False,0.8036733784076846,0.031174918621493245
11,p2_primary_USAGE_OF_DRESSER_decreasing,True,1.0138763324910074,0.2575416326629833
11,p2_primary_USAGE_OF_DRESSER_mean,True,88.40079323635692,0.3851329181355647
11,p2_primary_USAGE_OF_DRESSER_std,False,0.7199302318057627,0.12596361549348623
11,p2_primary_USAGE_OF_MEMBRANE_decreasing,True,16.89665903388593,0.13721597201106833
11,p2_primary_USAGE_OF_MEMBRANE_mean,True,481880.431040092,0.12105233009982552
11,p2_primary_USAGE_OF_MEMBRANE_std,True,16.558991044201967,-0.14087309114658184
11,p2_primary_USAGE_OF_POLISHING_TABLE_decreasing,False,0.28327308240681853,0.10632184143654781
11,p2_primary_USAGE_OF_POLISHING_TABLE_mean,True,1.212601911279571,0.26356395935113613
11,p2_primary_USAGE_OF_POLISHING_TABLE_std,True,0.33478057391666594,0.2515034210734284
11,p2_primary_USAGE_OF_PRESSURIZED_SHEET_decreasing,True,29.205331260622913,0.1767766952966369
11,p2_primary_USAGE_OF_PRESSURIZED_SHEET_mean,True,1176699.0320022989,0.0272821334898783
11,p2_primary_USAGE_OF_PRESSURIZED_SHEET_std,True,33.35697584779263,0.23354811202219097
11,p2_primary_WAFER_ROTATION_mean,False,0.010504138646345654,0.11824748146768842
11,p2_primary_duration,True,0.2943561243545872,0.1559919401824436
11,p2_secondary_CENTER_AIR_BAG_PRESSURE_auc,False,0.35323527953439665,-0.016536328182320773
11,p2_secondary_CENTER_AIR_BAG_PRESSURE_mean,False,0.22357501109646094,-0.12015029673565714
11,p2_secondary_CENTER_AIR_BAG_PRESSURE_std,False,0.1803399677060965,0.03239946220198077
11,p2_secondary_DRESSING_WATER_STATUS_auc,False,0.35956145944382795,-0.01969723647511888
11,p2_secondary_DRESSING_WATER_STATUS_mean,True,0.24244913356627815,0.36573611034392073
11,p2_secondary_DRESSING_WATER_STATUS_std,True,1.9429021266313564,-0.06374713217532402
11,p2_secondary_EDGE_AIR_BAG_PRESSURE_auc,False,0.305839278992562,-0.1533138796919667
11,p2_secondary_EDGE_AIR_BAG_PRESSURE_mean,True,0.5525507309078039,0.17677669529663675
11,p2_secondary_EDGE_AIR_BAG_PRESSURE_std,True,1.0109718285710276,0.15785250562704536
11,p2_secondary_HEAD_ROTATION_mean,False,0.009093045358825498,0.10682228333704098
11,p2_secondary_MAIN_OUTER_AIR_BAG_PRESSURE_auc,False,1.335363041809069,0.03988914040324805
11,p2_secondary_MAIN_OUTER_AIR_BAG_PRESSURE_mean,False,1.4490159278802262,0.0
11,p2_secondary_MAIN_OUTER_AIR_BAG_PRESSURE_std,False,1.364453306884748,0.07326074444403899
11,p2_secondary_PRESSURIZED_CHAMBER_PRESSURE_auc,False,0.6913644259558472,0.10999137125850268
11,p2_secondary_PRESSURIZED_CHAMBER_PRESSURE_mean,False,1.0510467080615917,-0.060325120210480754
11,p2_secondary_PRESSURIZED_CHAMBER_PRESSURE_std,True,1.7663647829037035,-0.1913124386214284
11,p2_secondary_RETAINER_RING_PRESSURE_auc,True,0.0014182158680914646,0.16465828143111383
11,p2_secondary_RETAINER_RING_PRESSURE_mean,False,0.29530542330293413,-0.17465518356172077
11,p2_secondary_RETAINER_RING_PRESSURE_std,True,0.30410695343617594,0.31067707641627684
11,p2_secondary_RIPPLE_AIR_BAG_PRESSURE_auc,True,1.7004495512297855,0.003916977478669466
11,p2_secondary_RIPPLE_AIR_BAG_PRESSURE_mean,True,1.7149046045671674,-0.2222048950349142
11,p2_secondary_RIPPLE_AIR_BAG_PRESSURE_std,False,0.4467669357416607,-0.08809485616340278
11,p2_secondary_SLURRY_FLOW_LINE_A_auc,True,0.9480173614416394,0.24633273080589368
11,p2_secondary_SLURRY_FLOW_LINE_A_mean,False,0.6683657698840253,0.005805062544396107
11,p2_secondary_SLURRY_FLOW_LINE_A_std,False,1.2211326100252853,0.0811452921900751
11,p2_secondary_SLURRY_FLOW_LINE_B_auc,False,0.8945388060112354,-0.05605320236192387
11,p2_secondary_SLURRY_FLOW_LINE_B_mean,True,0.9003757066103624,0.20260832963223124
11,p2_secondary_SLURRY_FLOW_LINE_B_std,False,0.6988223271487011,-0.2472683720786628
11,p2_secondary_SLURRY_FLOW_LINE_C_auc,False,0.7276222811578292,-0.07778746804656159
11,p2_secondary_SLURRY_FLOW_LINE_C_mean,False,0.2404743057171481,-0.14763913165699738
11,p2_secondary_SLURRY_FLOW_LINE_C_std,False,0.5044609289584577,-0.0739618045195057
11,p2_secondary_STAGE_ROTATION_mean,False,0.12206717687440796,-0.2285722138076096
11,p2_secondary_USAGE_OF_BACKING_FILM_decreasing,True,45.03075374140471,0.022030646418736848
11,p2_secondary_USAGE_OF_BACKING_FILM_mean,True,628606.1802840618,0.39895093884945027
11,p2_secondary_USAGE_OF_BACKING_FILM_std,True,195.36155386685067,-0.34242756788224044
11,p2_secondary_USAGE_OF_DRESSER_TABLE_decreasing,True,2.4994453249640025,-0.17677669529663684
11,p2_secondary_USAGE_OF_DRESSER_TABLE_mean,True,1001.5207709409198,0.24999790759943205
11,p2_secondary_USAGE_OF_DRESSER_TABLE_std,True,2.3864268482597275,0.0
11,p2_secondary_USAGE_OF_DRESSER_decreasing,False,0.5166172639448646,0.0
11,p2_secondary_USAGE_OF_DRESSER_mean,True,88.67357444801408,0.35598291512289687
11,p2_secondary_USAGE_OF_DRESSER_std,False,0.6329970279737038,0.0
11,p2_secondary_USAGE_OF_MEMBRANE_decreasing,True,231.17242279764133,0.23958808024856482
11,p2_secondary_USAGE_OF_MEMBRANE_mean,True,3695591.2451403067,0.17856975929047958
11,p2_secondary_USAGE_OF_MEMBRANE_std,True,865.775282444676,0.076801650287295
11,p2_secondary_USAGE_OF_POLISHING_TABLE_decreasing,True,1.226126541699968,0.5262468986731227
11,p2_secondary_USAGE_OF_POLISHING_TABLE_mean,False,1.2674899616068709,0.024393566995805624
11,p2_secondary_USAGE_OF_POLISHING_TABLE_std,True,0.8572036500482662,0.15001717335158407
11,p2_secondary_USAGE_OF_PRESSURIZED_SHEET_decreasing,True,261.7280336186555,0.1040949700665568
11,p2_secondary_USAGE_OF_PRESSURIZED_SHEET_mean,True,3061864.9608332035,0.23394169567855355
11,p2_secondary_USAGE_OF_PRESSURIZED_SHEET_std,True,1044.5889564464671,-0.20588025357798
11,p2_secondary_WAFER_ROTATION_mean,False,0.3523163119615406,0.07912937667969208
11,p2_secondary_duration,True,0.3998098492782613,0.2763700970913155
12,lag_1,True,0.27076707535104155,0.23650215826514612
12,lag_2,True,0.7846072206941936,0.4060114724214964
12,lag_3,False,0.10293521822708522,-0.05020024697517627
12,lag_4,True,0.8450461041257429,0.2909642308336363
12,lag_5,True,1.6193371274271784,0.1059870298027611
12,lag_6,False,1.073338473578311,0.09848098304226659
12,lag_7,True,1.6996954976873762,0.2632142677818888
12,lag_8,False,0.1154691938443749,0.10416788233422872
12,lag_9,False,0.03195418607594717,0.12850316404860998
12,lag_10,False,1.299416265708235,-0.15951986701117565
12,lag_11,False,0.9912732554233809,0.08225644562014688
12,neighbor_1,True,10.18755089479164,3.133917522436729
12,neighbor_2,True,1.5667481189189272,0.5002657494153732
12,neighbor_3,True,0.12683492314649983,0.45868281890529566
12,neighbor_4,True,1.779795804222968,0.5365613174389047
12,neighbor_5,True,1.2585129926521932,0.3734243702911561
12,neighbor_6,True,1.8642060299366934,0.4489058201397103
12,neighbor_7,True,1.8048984938408932,0.5063025158826202
12,neighbor_8,True,0.42053159031053056,0.33191138842374396
12,neighbor_9,True,0.40338571651640803,0.4522679729077012
12,neighbor_10,True,0.7114684497597185,0.3605444992544333
12,p2_primary_CENTER_AIR_BAG_PRESSURE_auc,True,0.6924414236430377,1.1026163228470622
12,p2_primary_CENTER_AIR_BAG_PRESSURE_mean,True,0.7191634838660227,0.24216132318663852
12,p2_primary_CENTER_AIR_BAG_PRESSURE_std,True,0.399409164450413,0.28941285953136253
12,p2_primary_DRESSING_WATER_STATUS_auc,True,1.3273160038738074,0.44246369454947465
12,p2_primary_DRESSING_WATER_STATUS_mean,True,2.1777172232803794,0.23205875550808516
12,p2_primary_DRESSING_WATER_STATUS_std,True,2.0750345925796947,0.013646988379253882
12,p2_primary_EDGE_AIR_BAG_PRESSURE_auc,True,3.452717657928546,0.3077144101449533
12,p2_primary_EDGE_AIR_BAG_PRESSURE_mean,True,1.7493513787674888,-0.17762600326734268
12,p2_primary_EDGE_AIR_BAG_PRESSURE_std,True,1.2322101113968307,0.5228728550151318
12,p2_primary_HEAD_ROTATION_mean,False,1.116972914597796,-0.2219123841899012
12,p2_primary_MAIN_OUTER_AIR_BAG_PRESSURE_auc,True,0.44212753759921736,0.6603114785589016
12,p2_primary_MAIN_OUTER_AIR_BAG_PRESSURE_mean,False,0.4544090511199176,0.14711379085354523
12,p2_primary_MAIN_OUTER_AIR_BAG_PRESSURE_std,True,1.0596922798900694,0.29039159943023335
12,p2_primary_PRESSURIZED_CHAMBER_PRESSURE_auc,True,1.7077955123210173,0.8503748145349508
12,p2_primary_PRESSURIZED_CHAMBER_PRESSURE_mean,True,0.005626215991336059,0.4100062745403216
12,p2_primary_PRESSURIZED_CHAMBER_PRESSURE_std,True,1.7634773706259617,0.37747119662299927
12,p2_primary_RETAINER_RING_PRESSURE_auc,False,1.0770235801797035,0.05894212904956817
12,p2_primary_RETAINER_RING_PRESSURE_mean,True,0.8348184933122468,0.39783444079578767
12,p2_primary_RETAINER_RING_PRESSURE_std,True,1.507036161164567,-0.19241553685986407
12,p2_primary_RIPPLE_AIR_BAG_PRESSURE_auc,True,0.31792017541590517,0.7567364930937552
12,p2_primary_RIPPLE_AIR_BAG_PRESSURE_mean,True,0.09928209591313945,0.5710561141639794
12,p2_primary_RIPPLE_AIR_BAG_PRESSURE_std,True,2.210623359758188,0.25810355905752735
12,p2_primary_SLURRY_FLOW_LINE_A_auc,True,1.987799094872549,0.13357755184665832
12,p2_primary_SLURRY_FLOW_LINE_A_mean,True,0.8597142283445276,0.29685431556456415
12,p2_primary_SLURRY_FLOW_LINE_A_std,False,0.11939352807458102,0.010123754536657458
12,p2_primary_SLURRY_FLOW_LINE_B_auc,True,3.8597527660076647,0.06174618349275612
12,p2_primary_SLURRY_FLOW_LINE_B_mean,True,1.811322262605372,-0.11008084409715943
12,p2_primary_SLURRY_FLOW_LINE_B_std,True,1.38292684034904,0.3256554263903365
12,p2_primary_SLURRY_FLOW_LINE_C_auc,True,0.05178751115100665,0.522283563834134
12,p2_primary_SLURRY_FLOW_LINE_C_mean,True,2.642249171288365,0.4679077280727449
12,p2_primary_SLURRY_FLOW_LINE_C_std,True,2.99621518423379,0.39598285293952884
12,p2_primary_STAGE_ROTATION_mean,True,3.3371669355392006,-0.03789111192877781
12,p2_primary_USAGE_OF_BACKING_FILM_decreasing,True,3.6516394282553906,0.2551390222815214
12,p2_primary_USAGE_OF_BACKING_FILM_mean,True,199780.74171686138,0.19364964453753672
12,p2_primary_USAGE_OF_BACKING_FILM_std,True,56.79182809991538,-0.06618544086940922
12,p2_primary_USAGE_OF_DRESSER_TABLE_decreasing,True,0.1777125806261735,0.3371396218253072
12,p2_primary_USAGE_OF_DRESSER_TABLE_mean,True,1713.7622360106216,0.04899697258975724
12,p2_primary_USAGE_OF_DRESSER_TABLE_std,False,0.4236250137699184,-0.12897841239255345
12,p2_primary_USAGE_OF_DRESSER_decreasing,True,0.8079259488005618,0.18481018104299693
12,p2_primary_USAGE_OF_DRESSER_mean,True,115.5611096980983,0.18722687938764668
12,p2_primary_USAGE_OF_DRESSER_std,False,1.3210672168664497,0.14826755668903122
12,p2_primary_USAGE_OF_MEMBRANE_decreasing,True,23.411246816000048,0.049155554626731136
12,p2_primary_USAGE_OF_MEMBRANE_mean,True,293386.7777558529,0.2525105573375612
12,p2_primary_USAGE_OF_MEMBRANE_std,True,373.94520570260494,0.1930485821618658
12,p2_primary_USAGE_OF_POLISHING_TABLE_decreasing,False,0.4622513366461775,-0.13083133373514488
12,p2_primary_USAGE_OF_POLISHING_TABLE_mean,True,1.5697763687134294,0.3695861011304718
12,p2_primary_USAGE_OF_POLISHING_TABLE_std,True,0.5588909652181442,0.33355261085144283
12,p2_primary_USAGE_OF_PRESSURIZED_SHEET_decreasing,True,28.465156783494972,0.19188011100504754
12,p2_primary_USAGE_OF_PRESSURIZED_SHEET_mean,True,93060.61723736985,-0.13094282126382298
12,p2_primary_USAGE_OF_PRESSURIZED_SHEET_std,True,455.865686592308,0.3098633317366639
12,p2_primary_WAFER_ROTATION_mean,False,0.42200603766606903,0.034112378187909624
12,p2_primary_duration,True,2.3011207995413994,0.3318915512417023
12,p2_secondary_CENTER_AIR_BAG_PRESSURE_auc,False,0.006209678609268651,0.13389429442459325
12,p2_secondary_CENTER_AIR_BAG_PRESSURE_mean,False,0.016819639760389905,-0.10530978607380222
12,p2_secondary_CENTER_AIR_BAG_PRESSURE_std,False,0.42048164624572637,-0.1505509039120053
12,p2_secondary_DRESSING_WATER_STATUS_auc,False,0.33188217458591374,-0.1726125505412808
12,p2_secondary_DRESSING_WATER_STATUS_mean,True,0.39074485978405227,0.16731661672753642
12,p2_secondary_DRESSING_WATER_STATUS_std,False,1.4233964559965213,-0.0983227258649377
12,p2_secondary_EDGE_AIR_BAG_PRESSURE_auc,False,0.3507561731533269,0.03346802783616592
12,p2_secondary_EDGE_AIR_BAG_PRESSURE_mean,False,0.4509446549348706,0.13746060056727502
12,p2_secondary_EDGE_AIR_BAG_PRESSURE_std,False,1.1542794004267727,0.0828735859681866
12,p2_secondary_HEAD_ROTATION_mean,False,0.43636925067104243,0.04412992389802647
12,p2_secondary_MAIN_OUTER_AIR_BAG_PRESSURE_auc,False,0.5705755108084803,-0.2753774593416639
12,p2_secondary_MAIN_OUTER_AIR_BAG_PRESSURE_mean,True,0.49828491042303663,0.2764971567841081
12,p2_secondary_MAIN_OUTER_AIR_BAG_PRESSURE_std,False,0.713013221721507,-0.00016239305261318536
12,p2_secondary_PRESSURIZED_CHAMBER_PRESSURE_auc,False,0.4453142509930115,-0.02424095859767756
12,p2_secondary_PRESSURIZED_CHAMBER_PRESSURE_mean,False,0.7867562896116326,0.06186507446761715
12,p2_secondary_PRESSURIZED_CHAMBER_PRESSURE_std,True,2.1118345372801,0.22674763618555369
12,p2_secondary_RETAINER_RING_PRESSURE_auc,False,0.48154614674912266,-0.2333810148927781
12,p2_secondary_RETAINER_RING_PRESSURE_mean,False,1.4808769318197847,-0.06865324058106963
12,p2_secondary_RETAINER_RING_PRESSURE_std,True,1.731502454722773,0.19583529414236636
12,p2_secondary_RIPPLE_AIR_BAG_PRESSURE_auc,False,0.7118055388613546,-0.24514579389529068
12,p2_secondary_RIPPLE_AIR_BAG_PRESSURE_mean,False,0.6991749756809368,-0.05018596947488014
12,p2_secondary_RIPPLE_AIR_BAG_PRESSURE_std,True,0.7580304014958118,0.17677669529663664
12,p2_secondary_SLURRY_FLOW_LINE_A_auc,True,0.6290856746749343,0.2793063294989069
12,p2_secondary_SLURRY_FLOW_LINE_A_mean,False,0.5706187646555491,-0.28539536873498
12,p2_secondary_SLURRY_FLOW_LINE_A_std,False,0.375350485634971,-0.25806352922837744
12,p2_secondary_SLURRY_FLOW_LINE_B_auc,True,0.6137424192954459,0.22993351460132486
12,p2_secondary_SLURRY_FLOW_LINE_B_mean,False,0.6018538822004825,0.10806747259889053
12,p2_secondary_SLURRY_FLOW_LINE_B_std,False,0.5780552660635586,0.012110070498833676
12,p2_secondary_SLURRY_FLOW_LINE_C_auc,True,0.14131457184926072,0.1980906216656836
12,p2_secondary_SLURRY_FLOW_LINE_C_mean,True,0.03943566958010793,0.2081820149405274
12,p2_secondary_SLURRY_FLOW_LINE_C_std,False,0.3988401439224573,-0.09273494483924359
12,p2_secondary_STAGE_ROTATION_mean,False,0.1396241085220948,-0.029763753627648663
12,p2_secondary_USAGE_OF_BACKING_FILM_decreasing,True,28.545551544453865,0.059853647285417304
12,p2_secondary_USAGE_OF_BACKING_FILM_mean,True,58405.679131602046,0.20349107646347261
12,p2_secondary_USAGE_OF_BACKING_FILM_std,True,122.23537255433631,0.17677669529663667
12,p2_secondary_USAGE_OF_DRESSER_TABLE_decreasing,False,1.4151612011413282,0.0
12,p2_secondary_USAGE_OF_DRESSER_TABLE_mean,True,1646.7799513597668,-0.033660038553725194
12,p2_secondary_USAGE_OF_DRESSER_TABLE_std,False,1.0805088720298615,0.0
12,p2_secondary_USAGE_OF_DRESSER_decreasing,False,0.10373677323692156,-0.17677669529663698
12,p2_secondary_USAGE_OF_DRESSER_mean,True,114.96058508563468,0.32727418595076185
12,p2_secondary_USAGE_OF_DRESSER_std,False,0.2627659499292092,0.0
12,p2_secondary_USAGE_OF_MEMBRANE_decreasing,True,227.4326250198784,-0.2521889521908145
12,p2_secondary_USAGE_OF_MEMBRANE_mean,True,413637.4235658115,-0.14642528293876292
12,p2_secondary_USAGE_OF_MEMBRANE_std,True,808.4479870003419,0.1464987793685053
12,p2_secondary_USAGE_OF_POLISHING_TABLE_decreasing,True,1.4451973773041045,0.19182281719470232
12,p2_secondary_USAGE_OF_POLISHING_TABLE_mean,True,1.5792664913108092,-0.06374279376951446
12,p2_secondary_USAGE_OF_POLISHING_TABLE_std,False,1.1275388749477804,0.13153059136961495
12,p2_secondary_USAGE_OF_PRESSURIZED_SHEET_decreasing,True,241.23906742065438,0.29406384217266746
12,p2_secondary_USAGE_OF_PRESSURIZED_SHEET_mean,True,355769.00763125357,0.14359319810572144
12,p2_secondary_USAGE_OF_PRESSURIZED_SHEET_std,True,914.0858869676265,0.24375104489591698
12,p2_secondary_WAFER_ROTATION_mean,False,0.32872535183636586,0.03202741039031962
12,p2_secondary_duration,False,0.3981227159688961,-0.35455919000716246
13,lag_1,True,2.013366324771931,0.572596719696555
13,lag_2,True,0.5187000173369668,0.38576053228496976
13,lag_3,True,0.9037620960221843,0.3593635604391111
13,lag_4,False,0.5677010052968066,0.11279003924858845
13,lag_5,True,1.937419352008085,0.16024150000921855
13,lag_6,False,0.6018381966105608,0.061153301963873516
13,lag_7,False,0.6269673863264057,-0.06268880120539493
13,lag_8,True,2.2599704769936166,0.006772838111773116
13,lag_9,False,0.026956383784981806,0.03711869474725
13,lag_10,False,0.07670419469633324,-0.252775017215834
13,lag_11,True,1.6607576457269242,0.26842302047465005
13,neighbor_1,True,7.626116262625813,3.502737183528071
13,neighbor_2,True,3.3611350550739445,1.0400635962042628
13,neighbor_3,True,2.7361293293222557,0.6047200273527708
13,neighbor_4,False,0.00441858780074821,0.1430680462178795
13,neighbor_5,False,0.7115246460454245,0.07405755005507715
13,neighbor_6,True,1.7962554605297294,0.3246130932068416
13,neighbor_7,False,1.330263919092611,0.13245325454728216
13,neighbor_8,True,0.31211986097054667,0.22626777050538574
13,neighbor_9,True,0.027170710811905356,0.15361568521105623
13,neighbor_10,False,0.1675865149922876,0.13601527843556954
13,p2_primary_CENTER_AIR_BAG_PRESSURE_auc,True,0.8272475019323451,0.5758344061285727
13,p2_primary_CENTER_AIR_BAG_PRESSURE_mean,True,1.017397786942335,0.2782168468550225
13,p2_primary_CENTER_AIR_BAG_PRESSURE_std,True,1.2176769113595147,0.16517230308604217
13,p2_primary_DRESSING_WATER_STATUS_auc,True,1.7047384912222263,0.11206099235169147
13,p2_primary_DRESSING_WATER_STATUS_mean,True,2.1902266649138884,0.22029562112175832
13,p2_primary_DRESSING_WATER_STATUS_std,True,1.3234818396617822,0.26144677457840637
13,p2_primary_EDGE_AIR_BAG_PRESSURE_auc,True,3.5780517745930562,0.364003890422309
13,p2_primary_EDGE_AIR_BAG_PRESSURE_mean,True,2.660575964202876,0.0466663691444034
13,p2_primary_EDGE_AIR_BAG_PRESSURE_std,True,0.05986171972903036,0.620993492090311
13,p2_primary_HEAD_ROTATION_mean,True,1.808578298037519,-0.15533917035401568
13,p2_primary_MAIN_OUTER_AIR_BAG_PRESSURE_auc,True,0.7924715715472448,0.4037159197253842
13,p2_primary_MAIN_OUTER_AIR_BAG_PRESSURE_mean,False,0.13438841713284466,0.11197879073859836
13,p2_primary_MAIN_OUTER_AIR_BAG_PRESSURE_std,True,0.7201524668790349,0.49016070278828244
13,p2_primary_PRESSURIZED_CHAMBER_PRESSURE_auc,True,1.6960843093091147,0.5719126923913481
13,p2_primary_PRESSURIZED_CHAMBER_PRESSURE_mean,True,0.7749141065543299,0.3970066041057025
13,p2_primary_PRESSURIZED_CHAMBER_PRESSURE_std,True,2.200702619817666,0.15824445688780245
13,p2_primary_RETAINER_RING_PRESSURE_auc,True,1.0209817664128806,0.21649302651789
13,p2_primary_RETAINER_RING_PRESSURE_mean,True,2.185851397849061,0.28353259146846377
13,p2_primary_RETAINER_RING_PRESSURE_std,True,2.744468001927255,-0.057303112685321456
13,p2_primary_RIPPLE_AIR_BAG_PRESSURE_auc,True,0.5364734699388173,0.334649437550841
13,p2_primary_RIPPLE_AIR_BAG_PRESSURE_mean,True,0.948251849388156,0.37412282509708644
13,p2_primary_RIPPLE_AIR_BAG_PRESSURE_std,True,1.166759547184725,0.4662440104924126
13,p2_primary_SLURRY_FLOW_LINE_A_auc,True,1.7345333464678123,0.0908556368769674
13,p2_primary_SLURRY_FLOW_LINE_A_mean,False,0.11346096971036994,0.08253281861294222
13,p2_primary_SLURRY_FLOW_LINE_A_std,False,1.078847385233571,0.02514955182285266
13,p2_primary_SLURRY_FLOW_LINE_B_auc,True,1.3586930662339787,0.18692742508577143
13,p2_primary_SLURRY_FLOW_LINE_B_mean,False,0.8326305528339311,-0.028505006997291374
13,p2_primary_SLURRY_FLOW_LINE_B_std,False,0.44924726258402464,-0.1231280176443847
13,p2_primary_SLURRY_FLOW_LINE_C_auc,True,0.6746225506573007,0.9094915877718326
13,p2_primary_SLURRY_FLOW_LINE_C_mean,True,2.867908708981386,0.3936559406255864
13,p2_primary_SLURRY_FLOW_LINE_C_std,True,2.5429679368952747,0.04598942053699379
13,p2_primary_STAGE_ROTATION_mean,True,3.5345554464296236,0.006454265368877826
13,p2_primary_USAGE_OF_BACKING_FILM_decreasing,True,4.761790721565528,-0.22200842585817135
13,p2_primary_USAGE_OF_BACKING_FILM_mean,True,231957.298709607,0.176776695296637
13,p2_primary_USAGE_OF_BACKING_FILM_std,True,46.420813853151834,0.08560002385141981
13,p2_primary_USAGE_OF_DRESSER_TABLE_decreasing,False,0.1741100775179183,-0.06144831471450431
13,p2_primary_USAGE_OF_DRESSER_TABLE_mean,True,1728.9368121673708,-0.2347484103226634
13,p2_primary_USAGE_OF_DRESSER_TABLE_std,True,0.1233459367789973,0.26960036157141487
13,p2_primary_USAGE_OF_DRESSER_decreasing,False,0.5880074753138018,-0.3215488165994135
13,p2_primary_USAGE_OF_DRESSER_mean,True,48.97332557841378,0.2976956740917397
13,p2_primary_USAGE_OF_DRESSER_std,False,0.7216499971798515,0.03640456941624429
13,p2_primary_USAGE_OF_MEMBRANE_decreasing,True,29.108363517350174,-0.1103304096453414
13,p2_primary_USAGE_OF_MEMBRANE_mean,True,150586.52269521914,0.2453698215498037
13,p2_primary_USAGE_OF_MEMBRANE_std,True,473.8205607657186,0.15449218807930473
13,p2_primary_USAGE_OF_POLISHING_TABLE_decreasing,False,1.0457714856365345,-0.12729007976810092
13,p2_primary_USAGE_OF_POLISHING_TABLE_mean,False,0.5643150585469449,0.13055471718912298
13,p2_primary_USAGE_OF_POLISHING_TABLE_std,False,1.091220134403802,-0.11341362295468269
13,p2_primary_USAGE_OF_PRESSURIZED_SHEET_decreasing,True,30.332921846340717,0.15234064548551368
13,p2_primary_USAGE_OF_PRESSURIZED_SHEET_mean,True,81739.87374175056,-0.1767766952966369
13,p2_primary_USAGE_OF_PRESSURIZED_SHEET_std,True,476.07942154245063,-0.08655942952422917
13,p2_primary_WAFER_ROTATION_mean,True,0.1835774185487983,0.3982725796159094
13,p2_primary_duration,True,0.4001721806350609,0.28804323009492155
13,p2_secondary_CENTER_AIR_BAG_PRESSURE_auc,False,0.21322758015776333,0.10706713926907438
13,p2_secondary_CENTER_AIR_BAG_PRESSURE_mean,False,0.21726749739481535,-0.029339742496723224
13,p2_secondary_CENTER_AIR_BAG_PRESSURE_std,False,0.6953587824374232,0.14438478059285403
13,p2_secondary_DRESSING_WATER_STATUS_auc,True,0.6716491174391591,0.2224659170059114
13,p2_secondary_DRESSING_WATER_STATUS_mean,False,0.7496608715452986,0.07274683343651947
13,p2_secondary_DRESSING_WATER_STATUS_std,True,1.5509251334599545,0.14073079497987565
13,p2_secondary_EDGE_AIR_BAG_PRESSURE_auc,False,0.361212842492066,-0.17677669529663703
13,p2_secondary_EDGE_AIR_BAG_PRESSURE_mean,False,0.3934870787777548,-0.19182004682369763
13,p2_secondary_EDGE_AIR_BAG_PRESSURE_std,True,0.7957924742798651,0.17748858694295225
13,p2_secondary_HEAD_ROTATION_mean,False,1.4079555016268537,-0.09400335153356822
13,p2_secondary_MAIN_OUTER_AIR_BAG_PRESSURE_auc,False,0.10543750384258119,-0.07243527233673097
13,p2_secondary_MAIN_OUTER_AIR_BAG_PRESSURE_mean,False,0.07996001926330477,0.018182683900243208
13,p2_secondary_MAIN_OUTER_AIR_BAG_PRESSURE_std,True,0.6841884977506902,0.1832720844937171
13,p2_secondary_PRESSURIZED_CHAMBER_PRESSURE_auc,True,0.7046100231283426,0.1839614343548961
13,p2_secondary_PRESSURIZED_CHAMBER_PRESSURE_mean,True,1.283489467533334,0.183978439208031
13,p2_secondary_PRESSURIZED_CHAMBER_PRESSURE_std,True,2.245391699266833,0.16872406919887153
13,p2_secondary_RETAINER_RING_PRESSURE_auc,False,0.6095676310668079,0.08036025344256201
13,p2_secondary_RETAINER_RING_PRESSURE_mean,True,0.45040746801088477,0.2035937376476997
13,p2_secondary_RETAINER_RING_PRESSURE_std,False,0.43433122842653193,-0.06059160664916513
13,p2_secondary_RIPPLE_AIR_BAG_PRESSURE_auc,False,0.15599330274783188,-0.07590516657617954
13,p2_secondary_RIPPLE_AIR_BAG_PRESSURE_mean,True,0.1409069953386605,0.34851209932766586
13,p2_secondary_RIPPLE_AIR_BAG_PRESSURE_std,True,0.6312488631138393,0.20003809237659323
13,p2_secondary_SLURRY_FLOW_LINE_A_auc,False,0.16934089482616987,-0.1257713952937932
13,p2_secondary_SLURRY_FLOW_LINE_A_mean,False,0.010405282742390021,0.05196744206647644
13,p2_secondary_SLURRY_FLOW_LINE_A_std,True,0.7802623404957638,0.2067755745584401
13,p2_secondary_SLURRY_FLOW_LINE_B_auc,False,1.3579226917049958,-0.23994088446439987
13,p2_secondary_SLURRY_FLOW_LINE_B_mean,False,1.3129771180210297,-0.1602386195699597
13,p2_secondary_SLURRY_FLOW_LINE_B_std,False,0.003767207889391263,0.09252172463549022
13,p2_secondary_SLURRY_FLOW_LINE_C_auc,True,0.1431623845226794,0.1580456512107984
13,p2_secondary_SLURRY_FLOW_LINE_C_mean,False,0.5940120081170938,0.13409512351937958
13,p2_secondary_SLURRY_FLOW_LINE_C_std,True,1.123760329243739,0.2360346362565551
13,p2_secondary_STAGE_ROTATION_mean,False,0.7237961277300602,-0.009684652239671038
13,p2_secondary_USAGE_OF_BACKING_FILM_decreasing,True,33.224879881323815,0.17677669529663695
13,p2_secondary_USAGE_OF_BACKING_FILM_mean,True,92595.4486807138,-0.08414931493290402
13,p2_secondary_USAGE_OF_BACKING_FILM_std,True,131.7591964358277,-0.029981170711972975
13,p2_secondary_USAGE_OF_DRESSER_TABLE_decreasing,True,3.1800725919595174,0.0
13,p2_secondary_USAGE_OF_DRESSER_TABLE_mean,True,1714.2708923866478,0.24831995521771152
13,p2_secondary_USAGE_OF_DRESSER_TABLE_std,True,2.940893982592083,0.0
13,p2_secondary_USAGE_OF_DRESSER_decreasing,False,0.12608908207761746,0.0
13,p2_secondary_USAGE_OF_DRESSER_mean,True,49.112313846228325,0.3649904597386206
13,p2_secondary_USAGE_OF_DRESSER_std,False,0.4991058776984147,0.0
13,p2_secondary_USAGE_OF_MEMBRANE_decreasing,True,148.41347025940362,-0.02691825565313721
13,p2_secondary_USAGE_OF_MEMBRANE_mean,True,331396.52400886465,-0.26225366595861516
13,p2_secondary_USAGE_OF_MEMBRANE_std,True,501.48461381213775,0.18752898654691894
13,p2_secondary_USAGE_OF_POLISHING_TABLE_decreasing,False,0.8483067885996262,-0.25179837702641295
13,p2_secondary_USAGE_OF_POLISHING_TABLE_mean,True,0.6165774092259586,0.1842096809908039
13,p2_secondary_USAGE_OF_POLISHING_TABLE_std,False,0.5907971995248709,-0.032016677171006064
13,p2_secondary_USAGE_OF_PRESSURIZED_SHEET_decreasing,True,55.99427898950348,0.17839580584847892
13,p2_secondary_USAGE_OF_PRESSURIZED_SHEET_mean,True,239060.8821816201,-0.12290290951273193
13,p2_secondary_USAGE_OF_PRESSURIZED_SHEET_std,True,186.14795787724645,-0.13430549206541278
13,p2_secondary_WAFER_ROTATION_mean,False,0.19897213675479372,-0.12888526551132443
13,p2_secondary_duration,True,0.8858184157573081,0.42274161151569156
14,lag_1,True,0.08514965658075128,0.5506792658946257
14,lag_2,True,0.5411920866651592,0.29537978483672034
14,lag_3,True,1.0351373099349113,0.36656629934005824
14,lag_4,True,0.17854720826989812,0.28105735723654074
14,lag_5,False,0.5522194873238668,0.07838358850268388
14,lag_6,True,1.3108079447573926,0.34205315104925255
14,lag_7,False,0.578982743550765,-0.0028851506239695097
14,lag_8,True,2.1346158601467096,0.2183972970836202
14,lag_9,True,2.167542998167128,-0.10471627210864295
14,lag_10,False,0.7337340320672293,-0.4140432044967574
14,lag_11,False,0.23176308018216762,-0.1275245196524894
14,neighbor_1,True,7.468052308861293,1.0819168512703121
14,neighbor_2,True,4.4814224754848695,0.6955160832129654
14,neighbor_3,True,2.5779151705369747,0.601368409348962
14,neighbor_4,True,0.40648101625225647,0.3050984595036026
14,neighbor_5,True,0.5939473812120043,0.36217423648612834
14,neighbor_6,True,1.2464198555362156,0.3406584035363533
14,neighbor_7,True,0.8316384597327895,0.3005271045988604
14,neighbor_8,True,0.5302147986365711,0.37040069716419743
14,neighbor_9,True,0.22348884015300802,0.2714263980975732
14,neighbor_10,False,0.6469763403259099,0.13276388305386
14,p2_primary_CENTER_AIR_BAG_PRESSURE_auc,True,0.7473247420806369,0.7369371214218674
14,p2_primary_CENTER_AIR_BAG_PRESSURE_mean,True,1.1360112112568903,0.36102108072115735
14,p2_primary_CENTER_AIR_BAG_PRESSURE_std,True,1.8957710013211602,0.06722506635937746
14,p2_primary_DRESSING_WATER_STATUS_auc,False,1.0452361321512007,-0.08601062058200651
14,p2_primary_DRESSING_WATER_STATUS_mean,False,0.7295752414948141,0.1295019577623777
14,p2_primary_DRESSING_WATER_STATUS_std,True,0.331506191793847,0.2929194382942583
14,p2_primary_EDGE_AIR_BAG_PRESSURE_auc,True,2.1351958168370015,0.4960084082224261
14,p2_primary_EDGE_AIR_BAG_PRESSURE_mean,True,0.9998984906825212,0.23476468712978782
14,p2_primary_EDGE_AIR_BAG_PRESSURE_std,True,0.19251044688174543,0.5515702110624293
14,p2_primary_HEAD_ROTATION_mean,True,1.617035063380118,0.13464120364223914
14,p2_primary_MAIN_OUTER_AIR_BAG_PRESSURE_auc,True,0.4468114136603306,0.5021560167242152
14,p2_primary_MAIN_OUTER_AIR_BAG_PRESSURE_mean,False,0.7426094552791129,0.06766615530233022
14,p2_primary_MAIN_OUTER_AIR_BAG_PRESSURE_std,True,1.3928081700790031,0.3458621428024917
14,p2_primary_PRESSURIZED_CHAMBER_PRESSURE_auc,True,0.2124604870130527,0.47090493483003804
14,p2_primary_PRESSURIZED_CHAMBER_PRESSURE_mean,True,1.7319164887973972,0.2352437338979804
14,p2_primary_PRESSURIZED_CHAMBER_PRESSURE_std,True,3.3870552672003984,0.2433480908025761
14,p2_primary_RETAINER_RING_PRESSURE_auc,True,1.579605063936914,0.09079385512240093
14,p2_primary_RETAINER_RING_PRESSURE_mean,False,0.964640938012654,-0.08480082956665494
14,p2_primary_RETAINER_RING_PRESSURE_std,True,2.0807665137377924,-0.2788971928754873
14,p2_primary_RIPPLE_AIR_BAG_PRESSURE_auc,True,0.6390675685342588,0.5387775082767756
14,p2_primary_RIPPLE_AIR_BAG_PRESSURE_mean,True,0.9558441318190689,0.16856139254022107
14,p2_primary_RIPPLE_AIR_BAG_PRESSURE_std,True,2.8026644591924343,-0.25072103297474824
14,p2_primary_SLURRY_FLOW_LINE_A_auc,True,0.9029366712304717,0.4362444157404122
14,p2_primary_SLURRY_FLOW_LINE_A_mean,True,0.6709159915311125,0.3833828196005772
14,p2_primary_SLURRY_FLOW_LINE_A_std,True,0.8984078185346728,0.3235772461553846
14,p2_primary_SLURRY_FLOW_LINE_B_auc,False,0.8507600865501239,-0.09811314216680429
14,p2_primary_SLURRY_FLOW_LINE_B_mean,False,0.6972935298970525,-0.3634982352700876
14,p2_primary_SLURRY_FLOW_LINE_B_std,False,0.6709112634193358,-0.24496827759072695
14,p2_primary_SLURRY_FLOW_LINE_C_auc,True,1.1084400536508627,0.557465986896542
14,p2_primary_SLURRY_FLOW_LINE_C_mean,True,1.4316767257391867,0.4651608110956211
14,p2_primary_SLURRY_FLOW_LINE_C_std,True,2.0898395031476147,-0.274458680298126
14,p2_primary_STAGE_ROTATION_mean,True,3.440118017056632,0.3999694914564828
14,p2_primary_USAGE_OF_BACKING_FILM_decreasing,True,11.476058115632073,-0.2741382003608087
14,p2_primary_USAGE_OF_BACKING_FILM_mean,True,3428070.957589836,-0.0475019590901762
14,p2_primary_USAGE_OF_BACKING_FILM_std,True,18.00522222326202,0.19631612106810464
14,p2_primary_USAGE_OF_DRESSER_TABLE_decreasing,False,0.07201965251456612,-0.2143866879868268
14,p2_primary_USAGE_OF_DRESSER_TABLE_mean,True,1338.8637415986025,0.17325864821456702
14,p2_primary_USAGE_OF_DRESSER_TABLE_std,True,0.32679224119912964,0.17737464028345432
14,p2_primary_USAGE_OF_DRESSER_decreasing,False,0.07715213450904088,0.14994943609086295
14,p2_primary_USAGE_OF_DRESSER_mean,True,84.13949109009542,0.5638254731685045
14,p2_primary_USAGE_OF_DRESSER_std,False,0.5177994857568206,-0.24079537426745348
14,p2_primary_USAGE_OF_MEMBRANE_decreasing,True,40.96563559602386,0.1523216941073544
14,p2_primary_USAGE_OF_MEMBRANE_mean,True,1734519.4077350255,0.033579332494742806
14,p2_primary_USAGE_OF_MEMBRANE_std,True,50.80705681567773,-0.04338860155617765
14,p2_primary_USAGE_OF_POLISHING_TABLE_decreasing,True,1.6361631717095442,0.3068363650262385
14,p2_primary_USAGE_OF_POLISHING_TABLE_mean,False,0.7345091599801479,0.0963232763707212
14,p2_primary_USAGE_OF_POLISHING_TABLE_std,True,1.588304139561382,0.16210243039546302
14,p2_primary_USAGE_OF_PRESSURIZED_SHEET_decreasing,True,53.061750136386266,-0.16992749166857482
14,p2_primary_USAGE_OF_PRESSURIZED_SHEET_mean,True,1714764.9632592758,0.044154157355177234
14,p2_primary_USAGE_OF_PRESSURIZED_SHEET_std,True,65.69692366641381,-0.003962008611491555
14,p2_primary_WAFER_ROTATION_mean,True,0.4382127059969961,0.21832813518362998
14,p2_primary_duration,True,0.3364312862731364,0.18695056804668866
14,p2_secondary_CENTER_AIR_BAG_PRESSURE_auc,False,0.6193324214785458,-0.19949223936752172
14,p2_secondary_CENTER_AIR_BAG_PRESSURE_mean,True,0.5500995937244955,0.1674973455824722
14,p2_secondary_CENTER_AIR_BAG_PRESSURE_std,False,0.25921877984028263,0.00014507048085225346
14,p2_secondary_DRESSING_WATER_STATUS_auc,False,1.2985429074894224,0.10026834832538885
14,p2_secondary_DRESSING_WATER_STATUS_mean,False,1.157287815102918,0.05300740535203691
14,p2_secondary_DRESSING_WATER_STATUS_std,True,2.4576361539186595,-0.27292892117994194
14,p2_secondary_EDGE_AIR_BAG_PRESSURE_auc,False,0.38977525879359404,-0.18247322571302704
14,p2_secondary_EDGE_AIR_BAG_PRESSURE_mean,False,0.3475338446946803,-0.2026122384397719
14,p2_secondary_EDGE_AIR_BAG_PRESSURE_std,False,1.0839517379316095,-0.17339352399900415
14,p2_secondary_HEAD_ROTATION_mean,True,1.2051615657945622,0.18958835697072363
14,p2_secondary_MAIN_OUTER_AIR_BAG_PRESSURE_auc,False,0.27730320912997913,0.0
14,p2_secondary_MAIN_OUTER_AIR_BAG_PRESSURE_mean,True,0.23556396168719887,0.3619171607586493
14,p2_secondary_MAIN_OUTER_AIR_BAG_PRESSURE_std,False,0.656148078736562,-0.17742559134278066
14,p2_secondary_PRESSURIZED_CHAMBER_PRESSURE_auc,True,1.5136042687467235,0.03927321007586132
14,p2_secondary_PRESSURIZED_CHAMBER_PRESSURE_mean,True,1.7846133146754664,0.18882166249628926
14,p2_secondary_PRESSURIZED_CHAMBER_PRESSURE_std,True,1.64524736541669,-0.14352832968736864
14,p2_secondary_RETAINER_RING_PRESSURE_auc,False,1.21014695128988,0.13894933316005195
14,p2_secondary_RETAINER_RING_PRESSURE_mean,True,1.6215849602918493,-0.16215172416307336
14,p2_secondary_RETAINER_RING_PRESSURE_std,False,0.07069008628239094,-0.017851801471928122
14,p2_secondary_RIPPLE_AIR_BAG_PRESSURE_auc,False,0.33219853263774396,-0.08759432056496763
14,p2_secondary_RIPPLE_AIR_BAG_PRESSURE_mean,False,0.2619285204335365,-0.024809905315305865
14,p2_secondary_RIPPLE_AIR_BAG_PRESSURE_std,False,0.3110402527490711,0.14387003281018065
14,p2_secondary_SLURRY_FLOW_LINE_A_auc,False,0.10082418430812749,-0.1785177618028139
14,p2_secondary_SLURRY_FLOW_LINE_A_mean,True,0.003959181852220789,0.24600272784327887
14,p2_secondary_SLURRY_FLOW_LINE_A_std,False,0.5392664133676522,-0.06358404023434124
14,p2_secondary_SLURRY_FLOW_LINE_B_auc,False,0.7782944748739374,-0.010288051660010773
14,p2_secondary_SLURRY_FLOW_LINE_B_mean,False,0.7454025446985865,-0.1019183751929269
14,p2_secondary_SLURRY_FLOW_LINE_B_std,False,1.1341609384570845,-0.020678458620352017
14,p2_secondary_SLURRY_FLOW_LINE_C_auc,False,1.0550379855417815,0.11478840995829147
14,p2_secondary_SLURRY_FLOW_LINE_C_mean,False,0.3097992567713093,0.06857206372108694
14,p2_secondary_SLURRY_FLOW_LINE_C_std,False,1.2601141044745021,-0.013910352804223274
14,p2_secondary_STAGE_ROTATION_mean,False,0.20451032286804086,0.035210680126747364
14,p2_secondary_USAGE_OF_BACKING_FILM_decreasing,True,2.394692360774987,0.0
14,p2_secondary_USAGE_OF_BACKING_FILM_mean,True,221043.90157941452,0.15407422664598194
14,p2_secondary_USAGE_OF_BACKING_FILM_std,True,11.343211642206146,0.14703469033637404
14,p2_secondary_USAGE_OF_DRESSER_TABLE_decreasing,True,1.8076865417219068,0.0
14,p2_secondary_USAGE_OF_DRESSER_TABLE_mean,True,1300.5896416009523,0.2864474065238108
14,p2_secondary_USAGE_OF_DRESSER_TABLE_std,False,1.390650389755657,0.0
14,p2_secondary_USAGE_OF_DRESSER_decreasing,False,0.2485791548460578,0.0
14,p2_secondary_USAGE_OF_DRESSER_mean,True,83.40250550747821,0.5349720074371049
14,p2_secondary_USAGE_OF_DRESSER_std,False,0.013093801176942017,0.0
14,p2_secondary_USAGE_OF_MEMBRANE_decreasing,True,577.8897788761975,-0.0776663108285854
14,p2_secondary_USAGE_OF_MEMBRANE_mean,True,13689518.303775141,0.11302975046316682
14,p2_secondary_USAGE_OF_MEMBRANE_std,True,2066.816928080323,0.031199861480161486
14,p2_secondary_USAGE_OF_POLISHING_TABLE_decreasing,False,0.8794452525069524,-0.3100636711771303
14,p2_secondary_USAGE_OF_POLISHING_TABLE_mean,True,0.7848067140364436,0.20657840842976535
14,p2_secondary_USAGE_OF_POLISHING_TABLE_std,False,0.4702451029319124,0.048886455315615765
14,p2_secondary_USAGE_OF_PRESSURIZED_SHEET_decreasing,True,493.40248287869736,-0.14603533776383132
14,p2_secondary_USAGE_OF_PRESSURIZED_SHEET_mean,True,13630999.80182838,-0.2867880499867278
14,p2_secondary_USAGE_OF_PRESSURIZED_SHEET_std,True,1857.5458162326845,-0.17677669529663692
14,p2_secondary_WAFER_ROTATION_mean,True,0.6138197686647845,0.20513389814913524
14,p2_secondary_duration,False,0.8513553417745015,-0.05281756083613529
15,lag_1,True,1.7777864218093353,0.4957164550906224
15,lag_2,True,1.482026838918769,0.26166654330112643
15,lag_3,True,1.80509257989611,0.10780537114029778
15,lag_4,False,1.0344871059862086,0.07883794598595509
15,lag_5,True,0.22735665802306984,0.1918413064410934
15,lag_6,True,2.980365519855237,-0.10752708932196292
15,lag_7,False,0.8197860039340116,-0.025462746407888176
15,lag_8,True,0.8484559449626582,0.29769979700644067
15,lag_9,False,1.1383109320305564,-0.01688758602962618
15,lag_10,False,1.12697971491826,-0.16529189123635715
15,lag_11,False,0.7999841776500649,0.10994385675260213
15,neighbor_1,True,7.701932374612953,2.5308926975193162
15,neighbor_2,True,2.174562314476161,0.8701781990611261
15,neighbor_3,True,1.5935635765428147,0.49018672209397757
15,neighbor_4,True,1.0554978479451915,0.3564313550106706
15,neighbor_5,True,1.299599480480907,0.4504946380741222
15,neighbor_6,True,0.17937231279558996,0.290385711344974
15,neighbor_7,True,2.525642102383777,0.17809885017097615
15,neighbor_8,True,0.1247958393616845,0.4015848465756442
15,neighbor_9,False,0.8828840276400364,-0.002891092952031266
15,neighbor_10,False,1.3105938176597034,0.0016926112551778319
15,p2_primary_CENTER_AIR_BAG_PRESSURE_auc,True,1.2623512703395765,0.7976602582437159
15,p2_primary_CENTER_AIR_BAG_PRESSURE_mean,True,1.5651195765879138,0.3109877584431354
15,p2_primary_CENTER_AIR_BAG_PRESSURE_std,True,1.6573510377302332,0.39409501469956437
15,p2_primary_DRESSING_WATER_STATUS_auc,True,1.8749231496329082,0.28847487334752747
15,p2_primary_DRESSING_WATER_STATUS_mean,True,2.3807233291058476,0.15485429292484096
15,p2_primary_DRESSING_WATER_STATUS_std,True,1.5807337368072814,0.38148358428111284
15,p2_primary_EDGE_AIR_BAG_PRESSURE_auc,True,3.865026571127755,0.34179907524920805
15,p2_primary_EDGE_AIR_BAG_PRESSURE_mean,True,2.75439957141228,0.26954902102430633
15,p2_primary_EDGE_AIR_BAG_PRESSURE_std,True,0.24055279400160276,0.5631168007978475
15,p2_primary_HEAD_ROTATION_mean,False,0.4492203600756891,-0.20764032383683942
15,p2_primary_MAIN_OUTER_AIR_BAG_PRESSURE_auc,True,0.1962196581873692,0.6388401895964833
15,p2_primary_MAIN_OUTER_AIR_BAG_PRESSURE_mean,True,0.7020749472681203,0.4510240700604172
15,p2_primary_MAIN_OUTER_AIR_BAG_PRESSURE_std,True,1.343147286314654,0.1591913109691546
15,p2_primary_PRESSURIZED_CHAMBER_PRESSURE_auc,True,2.223531141814595,0.4843246663814519
15,p2_primary_PRESSURIZED_CHAMBER_PRESSURE_mean,True,0.3658129313062193,0.40555885557493404
15,p2_primary_PRESSURIZED_CHAMBER_PRESSURE_std,True,1.6146150612246226,0.31269666821800773
15,p2_primary_RETAINER_RING_PRESSURE_auc,True,1.207364515043575,0.2419771711762097
15,p2_primary_RETAINER_RING_PRESSURE_mean,True,1.7546245914757557,0.2212696021425281
15,p2_primary_RETAINER_RING_PRESSURE_std,True,2.3322659677306965,0.19561901184287378
15,p2_primary_RIPPLE_AIR_BAG_PRESSURE_auc,True,0.2361550275208588,0.43071839080398355
15,p2_primary_RIPPLE_AIR_BAG_PRESSURE_mean,True,0.6371783482971158,0.19189782461806895
15,p2_primary_RIPPLE_AIR_BAG_PRESSURE_std,True,0.818329785859581,0.16413841175639166
15,p2_primary_SLURRY_FLOW_LINE_A_auc,True,2.47146930760835,0.3093810867446387
15,p2_primary_SLURRY_FLOW_LINE_A_mean,False,1.2784789223518642,0.11461639271960813
15,p2_primary_SLURRY_FLOW_LINE_A_std,True,0.19216438194400706,0.1725251823372377
15,p2_primary_SLURRY_FLOW_LINE_B_auc,True,2.2028051397549637,0.21745173702001436
15,p2_primary_SLURRY_FLOW_LINE_B_mean,False,0.9356564760822385,-0.15776562061859445
15,p2_primary_SLURRY_FLOW_LINE_B_std,False,0.8382138948504367,-0.004238334181238436
15,p2_primary_SLURRY_FLOW_LINE_C_auc,True,0.44936853425880585,0.5319027631997452
15,p2_primary_SLURRY_FLOW_LINE_C_mean,True,1.6306491611755296,0.2957555408097225
15,p2_primary_SLURRY_FLOW_LINE_C_std,True,3.0377676123312307,0.146351943031394
15,p2_primary_STAGE_ROTATION_mean,True,2.88810313184938,0.14062321977579226
15,p2_primary_USAGE_OF_BACKING_FILM_decreasing,True,3.0137647859947347,-0.22424910798360267
15,p2_primary_USAGE_OF_BACKING_FILM_mean,True,142096.87288523812,0.27390077007292635
15,p2_primary_USAGE_OF_BACKING_FILM_std,True,17.946555759993583,0.2709089774905302
15,p2_primary_USAGE_OF_DRESSER_TABLE_decreasing,False,0.18498355515546164,-0.03443438418129601
15,p2_primary_USAGE_OF_DRESSER_TABLE_mean,True,2098.0378924393594,-0.20040014332538283
15,p2_primary_USAGE_OF_DRESSER_TABLE_std,False,0.33761967387492314,0.13919860319762642
15,p2_primary_USAGE_OF_DRESSER_decreasing,False,0.7652480689762993,0.009726550552234346
15,p2_primary_USAGE_OF_DRESSER_mean,True,74.23374943243532,0.1676999414910171
15,p2_primary_USAGE_OF_DRESSER_std,False,1.3629363081080794,-0.2301891221408956
15,p2_primary_USAGE_OF_MEMBRANE_decreasing,True,35.275575525761795,0.1514815441193593
15,p2_primary_USAGE_OF_MEMBRANE_mean,True,165149.500773505,0.17677669529663673
15,p2_primary_USAGE_OF_MEMBRANE_std,True,559.446122569525,0.25624834496097554
15,p2_primary_USAGE_OF_POLISHING_TABLE_decreasing,True,0.870098935566064,0.30950099886100685
15,p2_primary_USAGE_OF_POLISHING_TABLE_mean,True,0.8742947895690263,0.19171112511334695
15,p2_primary_USAGE_OF_POLISHING_TABLE_std,True,0.9480860782176401,0.28996098772380896
15,p2_primary_USAGE_OF_PRESSURIZED_SHEET_decreasing,True,37.10466174668278,0.37134627949565213
15,p2_primary_USAGE_OF_PRESSURIZED_SHEET_mean,True,22884.014110187993,0.17419581479204066
15,p2_primary_USAGE_OF_PRESSURIZED_SHEET_std,True,593.5119604038548,0.32356918159030773
15,p2_primary_WAFER_ROTATION_mean,False,0.5886033443790266,-0.22985975093692215
15,p2_primary_duration,False,1.0597837678918174,-0.0445407936022286
15,p2_secondary_CENTER_AIR_BAG_PRESSURE_auc,False,0.9529838218578233,-0.2072968928265661
15,p2_secondary_CENTER_AIR_BAG_PRESSURE_mean,False,1.0274918489640155,0.002626418215210731
15,p2_secondary_CENTER_AIR_BAG_PRESSURE_std,True,1.1188858436403426,0.33339959686820914
15,p2_secondary_DRESSING_WATER_STATUS_auc,False,1.4274361147565762,0.14244197846629264
15,p2_secondary_DRESSING_WATER_STATUS_mean,True,1.1704292277460613,0.2669873891085557
15,p2_secondary_DRESSING_WATER_STATUS_std,True,1.87018647378634,0.020839174464960312
15,p2_secondary_EDGE_AIR_BAG_PRESSURE_auc,False,0.4210100855033458,-0.12747821015365773
15,p2_secondary_EDGE_AIR_BAG_PRESSURE_mean,False,0.3938608644742431,-0.213571753138582
15,p2_secondary_EDGE_AIR_BAG_PRESSURE_std,True,0.6604788019023669,0.25630870772303027
15,p2_secondary_HEAD_ROTATION_mean,False,0.367315856687692,-0.15300761206025487
15,p2_secondary_MAIN_OUTER_AIR_BAG_PRESSURE_auc,False,0.16622959901019263,0.13258733702011763
15,p2_secondary_MAIN_OUTER_AIR_BAG_PRESSURE_mean,True,0.12017496743385707,0.21612935699456148
15,p2_secondary_MAIN_OUTER_AIR_BAG_PRESSURE_std,False,0.4533885893447914,0.05241942078060085
15,p2_secondary_PRESSURIZED_CHAMBER_PRESSURE_auc,False,0.2735502914160603,0.026737124435534727
15,p2_secondary_PRESSURIZED_CHAMBER_PRESSURE_mean,False,0.19447175234160588,-0.15480823305381924
15,p2_secondary_PRESSURIZED_CHAMBER_PRESSURE_std,True,1.9733420541262912,-0.36341480117059644
15,p2_secondary_RETAINER_RING_PRESSURE_auc,True,0.2011772540118747,0.2125247863935924
15,p2_secondary_RETAINER_RING_PRESSURE_mean,True,1.0435349514134828,0.2940159717928095
15,p2_secondary_RETAINER_RING_PRESSURE_std,False,0.5164539931430634,-0.0083547229293047
15,p2_secondary_RIPPLE_AIR_BAG_PRESSURE_auc,False,1.1272867307776324,-0.005534275404415296
15,p2_secondary_RIPPLE_AIR_BAG_PRESSURE_mean,False,1.1722396069769216,-0.19695125075869496
15,p2_secondary_RIPPLE_AIR_BAG_PRESSURE_std,True,0.905555205124779,0.16878734579474197
15,p2_secondary_SLURRY_FLOW_LINE_A_auc,True,0.23613500687659897,0.16082893654460578
15,p2_secondary_SLURRY_FLOW_LINE_A_mean,False,0.8016083478938874,0.031010213272552364
15,p2_secondary_SLURRY_FLOW_LINE_A_std,False,0.29777229303007563,-0.2188460823114949
15,p2_secondary_SLURRY_FLOW_LINE_B_auc,False,0.7552850936323309,-0.2367367610744486
15,p2_secondary_SLURRY_FLOW_LINE_B_mean,False,0.6868174428469767,0.11004691050145982
15,p2_secondary_SLURRY_FLOW_LINE_B_std,True,0.25455447057873737,0.1510830994069598
15,p2_secondary_SLURRY_FLOW_LINE_C_auc,True,0.7183595365024048,0.21594854950613282
15,p2_secondary_SLURRY_FLOW_LINE_C_mean,True,0.0689962113049707,0.19621542416644847
15,p2_secondary_SLURRY_FLOW_LINE_C_std,False,1.2857529163757697,-0.09326905900488293
15,p2_secondary_STAGE_ROTATION_mean,False,0.06176227027178839,-0.30646158540398977
15,p2_secondary_USAGE_OF_BACKING_FILM_decreasing,True,72.33673497250378,-0.01844288534782107
15,p2_secondary_USAGE_OF_BACKING_FILM_mean,True,12128.589836293824,0.17398509407999013
15,p2_secondary_USAGE_OF_BACKING_FILM_std,True,313.2622121411511,-0.21369844914358838
15,p2_secondary_USAGE_OF_DRESSER_TABLE_decreasing,True,1.6406568539622586,0.0
15,p2_secondary_USAGE_OF_DRESSER_TABLE_mean,True,2101.687884666354,0.22845061063071365
15,p2_secondary_USAGE_OF_DRESSER_TABLE_std,False,1.4352586155621236,0.0
15,p2_secondary_USAGE_OF_DRESSER_decreasing,False,0.3813960560462739,0.0
15,p2_secondary_USAGE_OF_DRESSER_mean,True,74.0587907089555,0.3017636829856344
15,p2_secondary_USAGE_OF_DRESSER_std,False,0.31244439517199457,0.0
15,p2_secondary_USAGE_OF_MEMBRANE_decreasing,True,31.146717680723558,0.0
15,p2_secondary_USAGE_OF_MEMBRANE_mean,True,225896.5003710936,0.058700467551649746
15,p2_secondary_USAGE_OF_MEMBRANE_std,True,161.2397287173058,0.0
15,p2_secondary_USAGE_OF_POLISHING_TABLE_decreasing,True,0.6035154115642896,0.23508207462103084
15,p2_secondary_USAGE_OF_POLISHING_TABLE_mean,True,0.8845212367290706,0.3392440924050964
15,p2_secondary_USAGE_OF_POLISHING_TABLE_std,True,0.38875383267307834,0.172623518929052
15,p2_secondary_USAGE_OF_PRESSURIZED_SHEET_decreasing,True,105.00520435250311,-0.2760602335490301
15,p2_secondary_USAGE_OF_PRESSURIZED_SHEET_mean,True,238198.6402838181,0.16446738562350136
15,p2_secondary_USAGE_OF_PRESSURIZED_SHEET_std,True,381.2935694836926,-0.18567573821018798
15,p2_secondary_WAFER_ROTATION_mean,False,1.4437297303799974,0.045837275565022734
15,p2_secondary_duration,False,0.14097489523316026,0.06145565213943673
16,lag_1,True,0.32045575122356534,0.3850305171418465
16,lag_2,True,0.9160368461821189,0.25621029582289234
16,lag_3,True,0.29047644550076895,0.30348966503773145
16,lag_4,False,1.0760507033717372,-0.2676774039329007
16,lag_5,True,0.6489468238318079,0.23766253262563036
16,lag_6,True,1.1051762736899586,0.2738447807416207
16,lag_7,True,1.874356059194029,-0.07134074305387948
16,lag_8,False,0.1423870588863995,-0.08080460804749157
16,lag_9,False,0.29007648588161183,0.02512731512236449
16,lag_10,True,2.191196211506003,-0.1164742283023521
16,lag_11,False,0.7708990519872639,0.031480475517485715
16,neighbor_1,True,9.520302200206832,3.1585298457753517
16,neighbor_2,True,2.7261564259387967,0.7407414585283397
16,neighbor_3,True,1.4813957435375105,0.6926327305051372
16,neighbor_4,True,2.0005585017471152,0.48993180150650906
16,neighbor_5,True,0.2575843343879751,0.3454445161484919
16,neighbor_6,True,0.9444093985309235,0.4958236190832142
16,neighbor_7,False,0.7508118330739069,-0.10711714543688332
16,neighbor_8,False,0.1258192057153013,-0.1377911126353463
16,neighbor_9,True,0.40070201339423506,0.4135511374425159
16,neighbor_10,False,0.2181381266107299,0.04747510324185751
16,p2_primary_CENTER_AIR_BAG_PRESSURE_auc,True,0.18558123456028416,0.8136312433070015
16,p2_primary_CENTER_AIR_BAG_PRESSURE_mean,True,0.48716737169945906,0.3055411282583301
16,p2_primary_CENTER_AIR_BAG_PRESSURE_std,True,1.387330271929193,0.20014397987287227
16,p2_primary_DRESSING_WATER_STATUS_auc,True,1.3296068374825083,0.2185171367246799
16,p2_primary_DRESSING_WATER_STATUS_mean,True,1.6336434333478622,-0.0785733147221552
16,p2_primary_DRESSING_WATER_STATUS_std,False,1.1904251629645293,0.056708987812467526
16,p2_primary_EDGE_AIR_BAG_PRESSURE_auc,True,2.0858222947687217,0.1773685077213327
16,p2_primary_EDGE_AIR_BAG_PRESSURE_mean,False,0.9145248275195487,0.11707827082438692
16,p2_primary_EDGE_AIR_BAG_PRESSURE_std,True,0.2300133319779643,0.5000744638837862
16,p2_primary_HEAD_ROTATION_mean,True,1.5227958632502652,0.06290153512382858
16,p2_primary_MAIN_OUTER_AIR_BAG_PRESSURE_auc,True,0.3630230065275042,0.972569433477141
16,p2_primary_MAIN_OUTER_AIR_BAG_PRESSURE_mean,True,0.5077839771835373,0.3080804433050523
16,p2_primary_MAIN_OUTER_AIR_BAG_PRESSURE_std,True,1.0355314809186302,0.35309938880980274
16,p2_primary_PRESSURIZED_CHAMBER_PRESSURE_auc,True,1.6095944202713979,0.9858739391288392
16,p2_primary_PRESSURIZED_CHAMBER_PRESSURE_mean,True,0.441505895386461,0.25515855335171583
16,p2_primary_PRESSURIZED_CHAMBER_PRESSURE_std,True,1.3043020885563388,0.3581284016626125
16,p2_primary_RETAINER_RING_PRESSURE_auc,False,1.326576307455484,0.08809735907287468
16,p2_primary_RETAINER_RING_PRESSURE_mean,False,1.2540259426426137,-0.027554566222827082
16,p2_primary_RETAINER_RING_PRESSURE_std,True,1.8710213105881321,-0.12920085630196312
16,p2_primary_RIPPLE_AIR_BAG_PRESSURE_auc,True,0.27406443266041397,0.4983757139713009
16,p2_primary_RIPPLE_AIR_BAG_PRESSURE_mean,True,0.1682184866164731,0.5850128690706317
16,p2_primary_RIPPLE_AIR_BAG_PRESSURE_std,False,1.264440529374881,-0.27869228578242466
16,p2_primary_SLURRY_FLOW_LINE_A_auc,True,1.4305899464787952,0.31347439877087085
16,p2_primary_SLURRY_FLOW_LINE_A_mean,True,0.460145631108123,0.4775912684088966
16,p2_primary_SLURRY_FLOW_LINE_A_std,True,0.4788031385507362,0.16867167518013548
16,p2_primary_SLURRY_FLOW_LINE_B_auc,False,1.3246828652545646,0.14191273104272673
16,p2_primary_SLURRY_FLOW_LINE_B_mean,True,1.6714595389144462,-0.14794555744920698
16,p2_primary_SLURRY_FLOW_LINE_B_std,False,0.3638631817261553,-0.01091416489462056
16,p2_primary_SLURRY_FLOW_LINE_C_auc,True,0.41695465980697005,0.48617934762032355
16,p2_primary_SLURRY_FLOW_LINE_C_mean,False,1.3605671015818277,-0.011351615603778027
16,p2_primary_SLURRY_FLOW_LINE_C_std,True,2.2647173278135537,0.010161875452494803
16,p2_primary_STAGE_ROTATION_mean,True,3.2564696751165703,0.23255153260952216
16,p2_primary_USAGE_OF_BACKING_FILM_decreasing,True,5.068696847089554,0.2881091078434368
16,p2_primary_USAGE_OF_BACKING_FILM_mean,True,211073.39159076713,0.0
16,p2_primary_USAGE_OF_BACKING_FILM_std,True,61.49028364246123,0.23995086435009094
16,p2_primary_USAGE_OF_DRESSER_TABLE_decreasing,False,1.0073563708383964,0.07879632225602616
16,p2_primary_USAGE_OF_DRESSER_TABLE_mean,True,494.6639144901065,0.3657715752705183
16,p2_primary_USAGE_OF_DRESSER_TABLE_std,False,0.6651819415428393,0.028210352502843906
16,p2_primary_USAGE_OF_DRESSER_decreasing,False,0.07811334503985178,-0.05816424803104765
16,p2_primary_USAGE_OF_DRESSER_mean,True,28.29580773827275,0.3895173513261605
16,p2_primary_USAGE_OF_DRESSER_std,True,0.1610630708828113,0.19789427990520334
16,p2_primary_USAGE_OF_MEMBRANE_decreasing,True,18.62108416285776,-0.07823108234647834
16,p2_primary_USAGE_OF_MEMBRANE_mean,True,199314.263165973,-0.17677669529663678
16,p2_primary_USAGE_OF_MEMBRANE_std,True,294.2515412738711,-0.10880984247396495
16,p2_primary_USAGE_OF_POLISHING_TABLE_decreasing,False,0.7728587005653443,-0.15980624027902082
16,p2_primary_USAGE_OF_POLISHING_TABLE_mean,True,0.8587541075378609,0.28230397626460174
16,p2_primary_USAGE_OF_POLISHING_TABLE_std,True,0.7250822322615099,0.24843540293947897
16,p2_primary_USAGE_OF_PRESSURIZED_SHEET_decreasing,True,24.714239554644273,0.10309503552833306
16,p2_primary_USAGE_OF_PRESSURIZED_SHEET_mean,True,11919.848454172077,0.20319324469722636
16,p2_primary_USAGE_OF_PRESSURIZED_SHEET_std,True,380.4240843512734,-0.17021334927950016
16,p2_primary_WAFER_ROTATION_mean,True,0.35805338452446167,0.25341167893841615
16,p2_primary_duration,True,1.2584212741169183,0.227905793964907
16,p2_secondary_CENTER_AIR_BAG_PRESSURE_auc,True,0.3256152121320253,0.25002447749770124
16,p2_secondary_CENTER_AIR_BAG_PRESSURE_mean,False,0.35272667113915795,0.0004634599790504106
16,p2_secondary_CENTER_AIR_BAG_PRESSURE_std,False,0.5650516911715647,0.04894947712483124
16,p2_secondary_DRESSING_WATER_STATUS_auc,True,2.049504867121588,0.2604045455149559
16,p2_secondary_DRESSING_WATER_STATUS_mean,True,1.8799654479372823,0.010758222869312852
16,p2_secondary_DRESSING_WATER_STATUS_std,True,1.2955784658888438,0.21623670562161068
16,p2_secondary_EDGE_AIR_BAG_PRESSURE_auc,False,0.1887430093605092,-0.35501321730235424
16,p2_secondary_EDGE_AIR_BAG_PRESSURE_mean,False,0.2205649885609574,-0.27137478580992486
16,p2_secondary_EDGE_AIR_BAG_PRESSURE_std,False,0.8207175149932027,-0.25020467246485
16,p2_secondary_HEAD_ROTATION_mean,True,0.07995877501686839,0.30939890881545506
16,p2_secondary_MAIN_OUTER_AIR_BAG_PRESSURE_auc,True,0.5033800793151235,0.1901015541997546
16,p2_secondary_MAIN_OUTER_AIR_BAG_PRESSURE_mean,False,0.5137042717477049,-0.13105770306335068
16,p2_secondary_MAIN_OUTER_AIR_BAG_PRESSURE_std,True,0.8562022334462881,0.2888281276240838
16,p2_secondary_PRESSURIZED_CHAMBER_PRESSURE_auc,False,1.0554263031899889,-0.27193112572972616
16,p2_secondary_PRESSURIZED_CHAMBER_PRESSURE_mean,True,1.5221000284956465,0.22104649498839496
16,p2_secondary_PRESSURIZED_CHAMBER_PRESSURE_std,True,2.4455145280079718,0.12319904273493809
16,p2_secondary_RETAINER_RING_PRESSURE_auc,False,0.6823398000571509,-0.27367640258817527
16,p2_secondary_RETAINER_RING_PRESSURE_mean,True,0.30917724137677677,0.16606336855802284
16,p2_secondary_RETAINER_RING_PRESSURE_std,True,0.07325992971857763,0.22612785027816323
16,p2_secondary_RIPPLE_AIR_BAG_PRESSURE_auc,True,0.9808579672296467,0.19265273639615776
16,p2_secondary_RIPPLE_AIR_BAG_PRESSURE_mean,False,0.9665416388682769,-0.17026041126281402
16,p2_secondary_RIPPLE_AIR_BAG_PRESSURE_std,True,0.6165856438913432,0.215749391223467
16,p2_secondary_SLURRY_FLOW_LINE_A_auc,False,0.7667329818581535,0.06131585984628795
16,p2_secondary_SLURRY_FLOW_LINE_A_mean,True,0.8436539929614744,0.19123632939592575
16,p2_secondary_SLURRY_FLOW_LINE_A_std,False,0.03874368536060057,-0.23596271067202532
16,p2_secondary_SLURRY_FLOW_LINE_B_auc,False,1.2965546105754797,0.028708989085013396
16,p2_secondary_SLURRY_FLOW_LINE_B_mean,False,1.2836892183323632,-0.0012290688397090749
16,p2_secondary_SLURRY_FLOW_LINE_B_std,False,0.1395638090207512,0.12783306576748443
16,p2_secondary_SLURRY_FLOW_LINE_C_auc,False,0.5209426959243975,-0.20141383526148163
16,p2_secondary_SLURRY_FLOW_LINE_C_mean,False,0.09534046956813902,-0.10619900250530984
16,p2_secondary_SLURRY_FLOW_LINE_C_std,True,0.5228821754963919,0.22501961841372345
16,p2_secondary_STAGE_ROTATION_mean,False,0.25327554175012057,-0.17285088023092585
16,p2_secondary_USAGE_OF_BACKING_FILM_decreasing,True,5.9638833309333705,-0.03364214303279455
16,p2_secondary_USAGE_OF_BACKING_FILM_mean,True,46461.240494536214,0.1767766952966369
16,p2_secondary_USAGE_OF_BACKING_FILM_std,True,21.867359066747262,0.08991522982470217
16,p2_secondary_USAGE_OF_DRESSER_TABLE_decreasing,True,2.40391760430054,0.0
16,p2_secondary_USAGE_OF_DRESSER_TABLE_mean,True,506.78082063657234,0.043514452049917246
16,p2_secondary_USAGE_OF_DRESSER_TABLE_std,True,2.109543016706842,0.0
16,p2_secondary_USAGE_OF_DRESSER_decreasing,False,0.6491519303669143,0.0
16,p2_secondary_USAGE_OF_DRESSER_mean,True,28.533646457622098,0.7544697195366807
16,p2_secondary_USAGE_OF_DRESSER_std,False,0.7816353729393455,0.0
16,p2_secondary_USAGE_OF_MEMBRANE_decreasing,True,504.65430525076584,-0.0830167515440143
16,p2_secondary_USAGE_OF_MEMBRANE_mean,True,443646.08040507743,-0.19549693209895228
16,p2_secondary_USAGE_OF_MEMBRANE_std,True,1582.937195328577,0.33899645943019596
16,p2_secondary_USAGE_OF_POLISHING_TABLE_decreasing,False,0.5344886731225346,-0.013530738084840987
16,p2_secondary_USAGE_OF_POLISHING_TABLE_mean,True,0.9224818140513704,0.35938008457813614
16,p2_secondary_USAGE_OF_POLISHING_TABLE_std,False,0.35156501713560473,-0.06409305900972191
16,p2_secondary_USAGE_OF_PRESSURIZED_SHEET_decreasing,True,393.6663315920399,-0.11074992998119183
16,p2_secondary_USAGE_OF_PRESSURIZED_SHEET_mean,True,397432.2517625809,0.17002693011331518
16,p2_secondary_USAGE_OF_PRESSURIZED_SHEET_std,True,1294.5017841441409,-0.0322274971144417
16,p2_secondary_WAFER_ROTATION_mean,False,0.2283782199825453,-0.1403818551336136
16,p2_secondary_duration,False,1.4980218302969102,-0.15127549398875934
17,lag_1,True,2.2152825131007883,0.5541573084839592
17,lag_2,False,0.01903645548906628,0.11113869764432839
17,lag_3,True,0.02390811888574408,0.23588692389303548
17,lag_4,False,0.12436346352228246,-0.012447640844791783
17,lag_5,True,0.05808624016342411,0.19227462823048083
17,lag_6,False,0.18987172394713747,0.07715704893224323
17,lag_7,False,0.5709182189658254,-0.05550630837776959
17,lag_8,False,0.18844451590199185,-0.1560667812528815
17,lag_9,True,0.8803601729148481,0.19458067420683434
17,lag_10,True,1.9376875691317292,0.17579485006367707
17,lag_11,True,0.30115803449355355,0.2985947471313339
17,neighbor_1,True,7.675921156846259,1.4348430207294378
17,neighbor_2,True,2.7187925112706313,0.9804940742942295
17,neighbor_3,True,0.12775013583355752,0.5477805084015419
17,neighbor_4,True,1.819412730743811,0.508210358442103
17,neighbor_5,True,1.1674405878617409,0.5978307570959777
17,neighbor_6,True,1.9485975544361185,0.39177770319908684
17,neighbor_7,True,0.1369491867072046,0.895124827004576
17,neighbor_8,True,1.525805808476355,0.20738025168780014
17,neighbor_9,True,1.3633065021202777,0.17922393410579748
17,neighbor_10,True,0.3292109388799746,0.1762111011569262
17,p2_primary_CENTER_AIR_BAG_PRESSURE_auc,True,0.5733702530661962,0.5136505508971645
17,p2_primary_CENTER_AIR_BAG_PRESSURE_mean,True,0.7315468809285618,0.2803113295161144
17,p2_primary_CENTER_AIR_BAG_PRESSURE_std,True,1.4340924472681118,0.2502419083909142
17,p2_primary_DRESSING_WATER_STATUS_auc,False,0.8092701938151419,-0.3150179747363593
17,p2_primary_DRESSING_WATER_STATUS_mean,False,1.07396228783835,-0.12907081276503654
17,p2_primary_DRESSING_WATER_STATUS_std,True,0.9205729078780321,0.2198370549951823
17,p2_primary_EDGE_AIR_BAG_PRESSURE_auc,True,2.9389574867839503,0.21206694965884368
17,p2_primary_EDGE_AIR_BAG_PRESSURE_mean,True,1.9589172158471067,0.08428463939834313
17,p2_primary_EDGE_AIR_BAG_PRESSURE_std,True,0.19862902198549184,0.5360888097822744
17,p2_primary_HEAD_ROTATION_mean,True,0.024120843676239602,0.21101823334450454
17,p2_primary_MAIN_OUTER_AIR_BAG_PRESSURE_auc,True,0.6545023773774268,0.3548579252614857
17,p2_primary_MAIN_OUTER_AIR_BAG_PRESSURE_mean,True,0.08308489302564769,0.38321201572435143
17,p2_primary_MAIN_OUTER_AIR_BAG_PRESSURE_std,True,0.6491155276744569,0.3667196334703234
17,p2_primary_PRESSURIZED_CHAMBER_PRESSURE_auc,True,1.550531443181643,0.4870259061831533
17,p2_primary_PRESSURIZED_CHAMBER_PRESSURE_mean,True,0.0987393715967976,0.16671867300377372
17,p2_primary_PRESSURIZED_CHAMBER_PRESSURE_std,True,3.200244232515237,0.10064704156074315
17,p2_primary_RETAINER_RING_PRESSURE_auc,True,1.2757175281137436,0.3140333692273288
17,p2_primary_RETAINER_RING_PRESSURE_mean,False,1.4952200239134963,-0.004926824383511067
17,p2_primary_RETAINER_RING_PRESSURE_std,True,1.9592552918728328,-0.2758168256312926
17,p2_primary_RIPPLE_AIR_BAG_PRESSURE_auc,True,0.004379081136487206,0.5303851489920935
17,p2_primary_RIPPLE_AIR_BAG_PRESSURE_mean,False,0.40810525432223355,0.13646648619207585
17,p2_primary_RIPPLE_AIR_BAG_PRESSURE_std,True,1.3411404061773116,0.24136608692350803
17,p2_primary_SLURRY_FLOW_LINE_A_auc,True,1.3166398388731666,0.5447045608968664
17,p2_primary_SLURRY_FLOW_LINE_A_mean,False,0.18750076785450992,0.08575800723923824
17,p2_primary_SLURRY_FLOW_LINE_A_std,True,0.10074075381237196,0.4016953462475342
17,p2_primary_SLURRY_FLOW_LINE_B_auc,True,1.8208206932034654,0.37642544838396047
17,p2_primary_SLURRY_FLOW_LINE_B_mean,False,0.5786158943180197,-0.2108996544070398
17,p2_primary_SLURRY_FLOW_LINE_B_std,True,0.7814303708557528,0.20631980754391951
17,p2_primary_SLURRY_FLOW_LINE_C_auc,True,0.07952755936967588,0.9212639821672012
17,p2_primary_SLURRY_FLOW_LINE_C_mean,True,1.6602972328255137,0.4314336729259839
17,p2_primary_SLURRY_FLOW_LINE_C_std,True,1.777996518270189,-0.21617226810644324
17,p2_primary_STAGE_ROTATION_mean,True,3.31128216346059,0.28162076284770693
17,p2_primary_USAGE_OF_BACKING_FILM_decreasing,True,14.468985899639264,-0.21500214589973224
17,p2_primary_USAGE_OF_BACKING_FILM_mean,True,3495614.7276890203,0.10978304665142741
17,p2_primary_USAGE_OF_BACKING_FILM_std,True,16.294912488836776,0.18146777623179625
17,p2_primary_USAGE_OF_DRESSER_TABLE_decreasing,False,0.04270279812978843,-0.14292756456549743
17,p2_primary_USAGE_OF_DRESSER_TABLE_mean,True,24.26974929263758,0.42127483177714586
17,p2_primary_USAGE_OF_DRESSER_TABLE_std,True,0.2136036223732252,0.29093972049684186
17,p2_primary_USAGE_OF_DRESSER_decreasing,False,0.10508303973319794,0.10817444127539227
17,p2_primary_USAGE_OF_DRESSER_mean,True,127.00029024739281,0.21182813149882224
17,p2_primary_USAGE_OF_DRESSER_std,False,0.4669068955948688,0.048732351809847835
17,p2_primary_USAGE_OF_MEMBRANE_decreasing,True,55.89521826819409,0.25167321040234025
17,p2_primary_USAGE_OF_MEMBRANE_mean,True,3438812.319993237,0.060546757560303505
17,p2_primary_USAGE_OF_MEMBRANE_std,True,68.90008883422121,0.19980319675272804
17,p2_primary_USAGE_OF_POLISHING_TABLE_decreasing,True,2.0211342139132986,-0.14631050382523092
17,p2_primary_USAGE_OF_POLISHING_TABLE_mean,True,0.7538191269730392,0.1679163021779493
17,p2_primary_USAGE_OF_POLISHING_TABLE_std,True,2.0506823844589945,0.3062722108934372
17,p2_primary_USAGE_OF_PRESSURIZED_SHEET_decreasing,True,55.18468497519645,-0.05180552661612372
17,p2_primary_USAGE_OF_PRESSURIZED_SHEET_mean,True,42992.09829194708,0.3028176622775925
17,p2_primary_USAGE_OF_PRESSURIZED_SHEET_std,True,67.55140029822773,0.32552927082664
17,p2_primary_WAFER_ROTATION_mean,True,1.3616285303489557,0.32411816751630795
17,p2_primary_duration,False,0.7752054680503213,-0.0828736325697472
17,p2_secondary_CENTER_AIR_BAG_PRESSURE_auc,False,0.7518748096955864,-0.06842194225958048
17,p2_secondary_CENTER_AIR_BAG_PRESSURE_mean,False,0.7387895197476516,-0.26145516779127476
17,p2_secondary_CENTER_AIR_BAG_PRESSURE_std,False,0.5392251026625451,0.14913699352422674
17,p2_secondary_DRESSING_WATER_STATUS_auc,False,0.1580920291976179,0.0420250305221261
17,p2_secondary_DRESSING_WATER_STATUS_mean,False,0.26158754539704293,0.12779063297405352
17,p2_secondary_DRESSING_WATER_STATUS_std,True,1.5897323643730277,-0.13276781753670827
17,p2_secondary_EDGE_AIR_BAG_PRESSURE_auc,True,0.4034208044668186,0.16457347374970985
17,p2_secondary_EDGE_AIR_BAG_PRESSURE_mean,True,0.27342233896687657,0.18288709067973416
17,p2_secondary_EDGE_AIR_BAG_PRESSURE_std,False,1.4339834155267555,-0.14242456400553918
17,p2_secondary_HEAD_ROTATION_mean,True,1.0958619277758983,0.23449248156660332
17,p2_secondary_MAIN_OUTER_AIR_BAG_PRESSURE_auc,False,0.19995886966546575,-0.06600630956283744
17,p2_secondary_MAIN_OUTER_AIR_BAG_PRESSURE_mean,True,0.25537083395044835,0.17677669529663678
17,p2_secondary_MAIN_OUTER_AIR_BAG_PRESSURE_std,False,0.5795531462043481,-0.02048184317410058
17,p2_secondary_PRESSURIZED_CHAMBER_PRESSURE_auc,False,0.8333174935861623,0.0846079994895917
17,p2_secondary_PRESSURIZED_CHAMBER_PRESSURE_mean,True,1.3018769727740345,0.27769425223331845
17,p2_secondary_PRESSURIZED_CHAMBER_PRESSURE_std,True,2.2191228885229015,-0.07152948886724575
17,p2_secondary_RETAINER_RING_PRESSURE_auc,True,0.9379634493119551,0.2722219630625441
17,p2_secondary_RETAINER_RING_PRESSURE_mean,True,1.1564481407327583,0.31796975126501925
17,p2_secondary_RETAINER_RING_PRESSURE_std,True,1.734963690768105,0.02114103979851219
17,p2_secondary_RIPPLE_AIR_BAG_PRESSURE_auc,True,0.040128286447617324,0.18546425745901007
17,p2_secondary_RIPPLE_AIR_BAG_PRESSURE_mean,False,0.03226583478971628,0.028865171573412382
17,p2_secondary_RIPPLE_AIR_BAG_PRESSURE_std,True,1.1516744849447957,0.15125086816554964
17,p2_secondary_SLURRY_FLOW_LINE_A_auc,False,0.03444857067517877,-0.23312434786374442
17,p2_secondary_SLURRY_FLOW_LINE_A_mean,False,0.5622584181425573,-0.1880534782735085
17,p2_secondary_SLURRY_FLOW_LINE_A_std,False,0.49621981962027545,-0.18881274838051035
17,p2_secondary_SLURRY_FLOW_LINE_B_auc,False,0.5788959058605888,-0.2355365176444136
17,p2_secondary_SLURRY_FLOW_LINE_B_mean,False,0.5521831740151542,0.1206681731062139
17,p2_secondary_SLURRY_FLOW_LINE_B_std,False,0.5444114797312506,-0.14730182299634204
17,p2_secondary_SLURRY_FLOW_LINE_C_auc,True,0.5296744079469659,0.17023825738116505
17,p2_secondary_SLURRY_FLOW_LINE_C_mean,True,0.03342589397116785,0.1767766952966369
17,p2_secondary_SLURRY_FLOW_LINE_C_std,True,1.2501595167322488,0.2531474634653945
17,p2_secondary_STAGE_ROTATION_mean,False,0.7189227500184204,-0.36448323826497214
17,p2_secondary_USAGE_OF_BACKING_FILM_decreasing,True,2.9762171184811557,0.0
17,p2_secondary_USAGE_OF_BACKING_FILM_mean,True,668421.77816747,0.1698623338424984
17,p2_secondary_USAGE_OF_BACKING_FILM_std,True,10.542741404978958,-0.1361326276921539
17,p2_secondary_USAGE_OF_DRESSER_TABLE_decreasing,True,1.8935156293808433,0.0
17,p2_secondary_USAGE_OF_DRESSER_TABLE_mean,True,26.96739987827234,0.19009254813798868
17,p2_secondary_USAGE_OF_DRESSER_TABLE_std,True,1.6998217518723833,0.0
17,p2_secondary_USAGE_OF_DRESSER_decreasing,False,0.31496654250739936,0.0
17,p2_secondary_USAGE_OF_DRESSER_mean,True,126.4927261527099,0.2756924673980574
17,p2_secondary_USAGE_OF_DRESSER_std,False,0.4387237653578969,0.0
17,p2_secondary_USAGE_OF_MEMBRANE_decreasing,True,339.8008856068809,0.07893690735406923
17,p2_secondary_USAGE_OF_MEMBRANE_mean,True,5819245.788538612,0.17558780131936702
17,p2_secondary_USAGE_OF_MEMBRANE_std,True,1257.140034146763,-0.11314274341373493
17,p2_secondary_USAGE_OF_POLISHING_TABLE_decreasing,False,0.6536813848561556,-0.2840405518091575
17,p2_secondary_USAGE_OF_POLISHING_TABLE_mean,False,0.801877492734033,0.08684966289848108
17,p2_secondary_USAGE_OF_POLISHING_TABLE_std,False,0.38648715401989103,0.009604700724489872
17,p2_secondary_USAGE_OF_PRESSURIZED_SHEET_decreasing,True,276.4160469536966,0.1500201046790046
17,p2_secondary_USAGE_OF_PRESSURIZED_SHEET_mean,True,6500708.850134361,-0.20345420867426808
17,p2_secondary_USAGE_OF_PRESSURIZED_SHEET_std,True,1078.2264294106587,-0.1767766952966368
17,p2_secondary_WAFER_ROTATION_mean,False,1.3228125624782323,-0.05863236918628651
17,p2_secondary_duration,False,0.523892325340986,-0.04103063792472651
18,lag_1,True,1.5539776751536614,0.4712085888347848
18,lag_2,False,0.7845468245964246,0.09897511594828574
18,lag_3,False,0.7980936870586385,0.07640248919511879
18,lag_4,False,0.7561954710172114,0.06890013837049982
18,lag_5,False,0.4268497518605362,0.023898220808816963
18,lag_6,True,1.106652819382088,0.1793938874239502
18,lag_7,True,1.4633549269947541,0.16764036591345652
18,lag_8,True,1.3063369920796135,0.1902333925928683
18,lag_9,False,0.8752551284235912,-0.22425628619488128
18,lag_10,True,3.24256637517374,-0.12230048996404204
18,lag_11,True,0.8873666330356266,0.2614547136802412
18,neighbor_1,True,7.216476949117792,1.6186228281751331
18,neighbor_2,True,1.3233416636842672,0.45163603531981195
18,neighbor_3,True,4.693740577833218,0.7313208047874797
18,neighbor_4,True,0.5248695986048705,0.8066961518103801
18,neighbor_5,True,1.1931932690848646,0.5706206284539215
18,neighbor_6,True,0.9898778937094604,0.4303418123539616
18,neighbor_7,True,1.839735599587315,0.23577100638361134
18,neighbor_8,True,1.6644117015582618,0.05404566365536157
18,neighbor_9,False,0.5963804330320684,0.11571813310468468
18,neighbor_10,True,0.04575195702565123,0.5693847046571674
18,p2_primary_CENTER_AIR_BAG_PRESSURE_auc,True,0.1819830557942371,0.5114398858703431
18,p2_primary_CENTER_AIR_BAG_PRESSURE_mean,False,0.25704659329915575,0.12626175046157784
18,p2_primary_CENTER_AIR_BAG_PRESSURE_std,False,0.6101185984490954,0.13803931073183232
18,p2_primary_DRESSING_WATER_STATUS_auc,True,1.5603950903040362,0.023736958529723014
18,p2_primary_DRESSING_WATER_STATUS_mean,True,1.8269655692797673,0.02579247704160278
18,p2_primary_DRESSING_WATER_STATUS_std,True,1.0561030839709777,0.23527105059674658
18,p2_primary_EDGE_AIR_BAG_PRESSURE_auc,True,3.2644509809305533,0.2537218747209442
18,p2_primary_EDGE_AIR_BAG_PRESSURE_mean,True,2.3536205053633674,0.25918613325633444
18,p2_primary_EDGE_AIR_BAG_PRESSURE_std,True,0.5758932957325256,0.7688343683455444
18,p2_primary_HEAD_ROTATION_mean,False,1.1109965697614481,0.12083513299926926
18,p2_primary_MAIN_OUTER_AIR_BAG_PRESSURE_auc,True,0.9699996971021334,0.5437964538638199
18,p2_primary_MAIN_OUTER_AIR_BAG_PRESSURE_mean,True,0.4867890657705356,0.2638392825178765
18,p2_primary_MAIN_OUTER_AIR_BAG_PRESSURE_std,True,0.1667190591525432,0.4672938090059885
18,p2_primary_PRESSURIZED_CHAMBER_PRESSURE_auc,True,1.9831685823031184,0.47725993205393297
18,p2_primary_PRESSURIZED_CHAMBER_PRESSURE_mean,False,0.4776877410558537,0.12500257239848736
18,p2_primary_PRESSURIZED_CHAMBER_PRESSURE_std,True,1.9981019529342017,0.19719123946629338
18,p2_primary_RETAINER_RING_PRESSURE_auc,True,2.3751121728311166,0.24833278181118254
18,p2_primary_RETAINER_RING_PRESSURE_mean,False,0.96509603752979,-0.24703487745620265
18,p2_primary_RETAINER_RING_PRESSURE_std,True,1.9020376945235158,-0.23429317007252226
18,p2_primary_RIPPLE_AIR_BAG_PRESSURE_auc,True,0.0828688519913853,0.4540051601380034
18,p2_primary_RIPPLE_AIR_BAG_PRESSURE_mean,True,0.19533055416325368,0.3175924334182699
18,p2_primary_RIPPLE_AIR_BAG_PRESSURE_std,True,2.285958097454268,0.3075246684751641
18,p2_primary_SLURRY_FLOW_LINE_A_auc,True,2.1362520848926265,0.5023709937362468
18,p2_primary_SLURRY_FLOW_LINE_A_mean,True,0.04571093603518807,0.36868327363813946
18,p2_primary_SLURRY_FLOW_LINE_A_std,True,1.600652091558858,0.20177936795324966
18,p2_primary_SLURRY_FLOW_LINE_B_auc,True,4.240596161082431,0.29519940279649604
18,p2_primary_SLURRY_FLOW_LINE_B_mean,False,1.486991736125233,-0.2448521492367567
18,p2_primary_SLURRY_FLOW_LINE_B_std,False,1.3612350196060634,-0.09944974026103662
18,p2_primary_SLURRY_FLOW_LINE_C_auc,True,0.9581107777176308,0.535758036843476
18,p2_primary_SLURRY_FLOW_LINE_C_mean,True,1.562510574567961,0.7835270051928638
18,p2_primary_SLURRY_FLOW_LINE_C_std,True,2.791714247516048,0.20078625122808696
18,p2_primary_STAGE_ROTATION_mean,True,2.0823265559885162,0.17661549557440148
18,p2_primary_USAGE_OF_BACKING_FILM_decreasing,True,7.2498951205682705,0.1262072502073509
18,p2_primary_USAGE_OF_BACKING_FILM_mean,True,91335.5046529757,-0.1447498695444179
18,p2_primary_USAGE_OF_BACKING_FILM_std,True,72.94246995256978,0.3255652927172234
18,p2_primary_USAGE_OF_DRESSER_TABLE_decreasing,False,0.21224812000746543,-0.1649944913082684
18,p2_primary_USAGE_OF_DRESSER_TABLE_mean,True,1892.3372130876594,0.20363916594143752
18,p2_primary_USAGE_OF_DRESSER_TABLE_std,True,0.1545567040835452,0.18771282725806734
18,p2_primary_USAGE_OF_DRESSER_decreasing,False,0.7730305350012426,-0.02942085558253184
18,p2_primary_USAGE_OF_DRESSER_mean,True,74.3620390541434,0.3280725127527934
18,p2_primary_USAGE_OF_DRESSER_std,False,1.4120141387360179,-0.08036372724268048
18,p2_primary_USAGE_OF_MEMBRANE_decreasing,True,32.18040661572117,0.1471560868710147
18,p2_primary_USAGE_OF_MEMBRANE_mean,True,106445.46814079907,-0.12633850308296934
18,p2_primary_USAGE_OF_MEMBRANE_std,True,470.7753524182345,-0.20059138206576602
18,p2_primary_USAGE_OF_POLISHING_TABLE_decreasing,False,0.45383536119977425,-0.053002525964004406
18,p2_primary_USAGE_OF_POLISHING_TABLE_mean,False,0.7540942120021225,0.09125586709848532
18,p2_primary_USAGE_OF_POLISHING_TABLE_std,True,0.4672104955412141,0.2651989096286943
18,p2_primary_USAGE_OF_PRESSURIZED_SHEET_decreasing,True,39.441318506324436,0.25529952362270586
18,p2_primary_USAGE_OF_PRESSURIZED_SHEET_mean,True,14759.05500857818,-0.119511714653772
18,p2_primary_USAGE_OF_PRESSURIZED_SHEET_std,True,592.8897516642294,-0.03679481350407467
18,p2_primary_WAFER_ROTATION_mean,True,0.0010705498933794423,0.29697881712244906
18,p2_primary_duration,True,1.708277749090071,0.12093913324670884
18,p2_secondary_CENTER_AIR_BAG_PRESSURE_auc,False,0.9007949519814025,0.061016723044659785
18,p2_secondary_CENTER_AIR_BAG_PRESSURE_mean,True,0.8333301097555758,0.27571619765334116
18,p2_secondary_CENTER_AIR_BAG_PRESSURE_std,False,0.5078771258012293,-0.253523510932822
18,p2_secondary_DRESSING_WATER_STATUS_auc,False,0.14933497334293205,0.10648940946522244
18,p2_secondary_DRESSING_WATER_STATUS_mean,False,0.3111679241663715,-0.1543243720454144
18,p2_secondary_DRESSING_WATER_STATUS_std,False,1.0408770572503043,-0.23087127173840813
18,p2_secondary_EDGE_AIR_BAG_PRESSURE_auc,False,0.022296553532651038,-0.09773657190899283
18,p2_secondary_EDGE_AIR_BAG_PRESSURE_mean,True,0.07260842888687209,0.2755916372684497
18,p2_secondary_EDGE_AIR_BAG_PRESSURE_std,True,0.9679677570689289,0.30637155957864487
18,p2_secondary_HEAD_ROTATION_mean,False,0.9556936818705195,-0.3183318686911852
18,p2_secondary_MAIN_OUTER_AIR_BAG_PRESSURE_auc,True,0.5279227709891882,0.15980819432786295
18,p2_secondary_MAIN_OUTER_AIR_BAG_PRESSURE_mean,False,0.4268939040770477,0.04430281290183673
18,p2_secondary_MAIN_OUTER_AIR_BAG_PRESSURE_std,False,1.3674029253071862,0.12608527260752628
18,p2_secondary_PRESSURIZED_CHAMBER_PRESSURE_auc,False,1.0908395664890138,-0.09392123376540584
18,p2_secondary_PRESSURIZED_CHAMBER_PRESSURE_mean,True,1.6036364905011662,-0.033529793465909716
18,p2_secondary_PRESSURIZED_CHAMBER_PRESSURE_std,True,2.416123221228077,-0.12818330949650603
18,p2_secondary_RETAINER_RING_PRESSURE_auc,True,0.31403676883566206,0.20187643581720693
18,p2_secondary_RETAINER_RING_PRESSURE_mean,False,0.6283239185423045,-0.04761004652149224
18,p2_secondary_RETAINER_RING_PRESSURE_std,True,0.5646194048599811,0.2091763931165356
18,p2_secondary_RIPPLE_AIR_BAG_PRESSURE_auc,True,0.04050376622422188,0.18957160372266926
18,p2_secondary_RIPPLE_AIR_BAG_PRESSURE_mean,True,0.014439059296502958,0.20383651475279294
18,p2_secondary_RIPPLE_AIR_BAG_PRESSURE_std,False,0.21643724882619012,0.12468760545626831
18,p2_secondary_SLURRY_FLOW_LINE_A_auc,True,1.58271550830996,0.06996995493024288
18,p2_secondary_SLURRY_FLOW_LINE_A_mean,True,1.8722957395032116,-0.05741979056210044
18,p2_secondary_SLURRY_FLOW_LINE_A_std,False,0.3910213902518859,0.10971192002530807
18,p2_secondary_SLURRY_FLOW_LINE_B_auc,True,2.4520474542335995,-0.1246202262194863
18,p2_secondary_SLURRY_FLOW_LINE_B_mean,True,2.458275860188235,-0.17416889068988942
18,p2_secondary_SLURRY_FLOW_LINE_B_std,True,1.8366241641387049,0.25375155255926035
18,p2_secondary_SLURRY_FLOW_LINE_C_auc,True,2.2666263948209604,-0.15939811138992374
18,p2_secondary_SLURRY_FLOW_LINE_C_mean,True,1.9855418835529253,0.1170797798196913
18,p2_secondary_SLURRY_FLOW_LINE_C_std,False,0.19682354806878166,-0.09408532142033811
18,p2_secondary_STAGE_ROTATION_mean,False,0.5252746638263894,-0.11071364036304002
18,p2_secondary_USAGE_OF_BACKING_FILM_decreasing,True,9.570004132251363,0.034820259249105166
18,p2_secondary_USAGE_OF_BACKING_FILM_mean,True,24871.53249621504,0.050305595115344784
18,p2_secondary_USAGE_OF_BACKING_FILM_std,True,16.2107082870661,0.2938112413321497
18,p2_secondary_USAGE_OF_DRESSER_TABLE_decreasing,True,1.766518928999546,0.0
18,p2_secondary_USAGE_OF_DRESSER_TABLE_mean,True,1871.6955804958393,-0.1035414370908064
18,p2_secondary_USAGE_OF_DRESSER_TABLE_std,True,1.9222288235117326,0.0
18,p2_secondary_USAGE_OF_DRESSER_decreasing,True,2.3663633073216066,0.0
18,p2_secondary_USAGE_OF_DRESSER_mean,True,73.97178648959641,0.17764775946083936
18,p2_secondary_USAGE_OF_DRESSER_std,True,2.594302778077531,0.0
18,p2_secondary_USAGE_OF_MEMBRANE_decreasing,True,2822.1607724882897,0.1656368285307028
18,p2_secondary_USAGE_OF_MEMBRANE_mean,True,473021.2628676699,0.11142591106335373
18,p2_secondary_USAGE_OF_MEMBRANE_std,True,4957.338852358364,0.16954916047935145
18,p2_secondary_USAGE_OF_POLISHING_TABLE_decreasing,False,0.2639924505350176,-0.27819441403417994
18,p2_secondary_USAGE_OF_POLISHING_TABLE_mean,True,0.765603660152861,0.3222990039761822
18,p2_secondary_USAGE_OF_POLISHING_TABLE_std,True,0.018453035936812138,0.2335236593558418
18,p2_secondary_USAGE_OF_PRESSURIZED_SHEET_decreasing,True,2292.803710385069,0.20757937938397383
18,p2_secondary_USAGE_OF_PRESSURIZED_SHEET_mean,True,498224.7366206456,0.20384608446299696
18,p2_secondary_USAGE_OF_PRESSURIZED_SHEET_std,True,4133.222273770944,0.19033515251057742
18,p2_secondary_WAFER_ROTATION_mean,False,0.9753213391742666,-0.2098892377184672
18,p2_secondary_duration,False,0.7315799979929754,-0.06426110515611401
19,lag_1,True,0.7799768150665924,0.6892406154260627
19,lag_2,True,1.9892566549681416,0.409999780873176
19,lag_3,False,0.610488834757323,0.12066205728733012
19,lag_4,True,0.39959467899481615,0.34741024500874723
19,lag_5,True,0.36487627139952217,0.18405279762831003
19,lag_6,True,0.6839832195322412,0.3826338078101748
19,lag_7,True,1.342073402305067,0.17264901783684908
19,lag_8,False,1.2186640270886864,-0.06443415856290571
19,lag_9,True,0.7831508859643609,0.2696144335374419
19,lag_10,True,1.473130970413035,0.150980974692233
19,lag_11,True,0.5861223087215671,0.30549775056772405
19,neighbor_1,True,6.128048452204131,1.2195190444394228
19,neighbor_2,True,2.6218217527499905,1.2120973228958167
19,neighbor_3,True,4.0377427153241525,0.8806206760867791
19,neighbor_4,True,0.9919250706646018,0.5510828064497977
19,neighbor_5,True,1.2426530369061308,0.2763284412128647
19,neighbor_6,True,0.5003257025549971,0.18022073950914672
19,neighbor_7,True,1.3763060565641294,0.4120564396044733
19,neighbor_8,True,0.6760770607790827,0.38483864761362097
19,neighbor_9,True,0.14126093173974108,0.2936018981309208
19,neighbor_10,True,2.2884640475343936,0.21250987028665255
19,p2_primary_CENTER_AIR_BAG_PRESSURE_auc,True,0.2831660643673262,0.8750496505282196
19,p2_primary_CENTER_AIR_BAG_PRESSURE_mean,False,0.07627821778620111,0.019135992543322204
19,p2_primary_CENTER_AIR_BAG_PRESSURE_std,False,1.3438389021085633,-0.1256083883390336
19,p2_primary_DRESSING_WATER_STATUS_auc,False,0.47075964453347535,-0.10733464200183193
19,p2_primary_DRESSING_WATER_STATUS_mean,False,0.3560215704058204,-0.14499844263582803
19,p2_primary_DRESSING_WATER_STATUS_std,True,0.034234216750696385,0.3376412632927142
19,p2_primary_EDGE_AIR_BAG_PRESSURE_auc,True,3.628036842582347,0.27216407317333163
19,p2_primary_EDGE_AIR_BAG_PRESSURE_mean,True,1.951485472168842,0.17522536558949633
19,p2_primary_EDGE_AIR_BAG_PRESSURE_std,True,1.4913542768780472,0.5225260980865319
19,p2_primary_HEAD_ROTATION_mean,False,1.1599024424332898,-0.1726509883252125
19,p2_primary_MAIN_OUTER_AIR_BAG_PRESSURE_auc,True,1.4942941198997988,0.7022136423534039
19,p2_primary_MAIN_OUTER_AIR_BAG_PRESSURE_mean,True,0.4710804198045411,0.3557983967291883
19,p2_primary_MAIN_OUTER_AIR_BAG_PRESSURE_std,False,1.4253410744005677,0.13292992615767477
19,p2_primary_PRESSURIZED_CHAMBER_PRESSURE_auc,True,1.9302284478675238,0.3033923108404117
19,p2_primary_PRESSURIZED_CHAMBER_PRESSURE_mean,False,0.16923025579499987,0.13869060329559255
19,p2_primary_PRESSURIZED_CHAMBER_PRESSURE_std,True,1.733043665432066,0.4030031903287099
19,p2_primary_RETAINER_RING_PRESSURE_auc,True,2.150017255266482,0.15436690618905918
19,p2_primary_RETAINER_RING_PRESSURE_mean,True,2.1018347617188398,0.07499662816112841
19,p2_primary_RETAINER_RING_PRESSURE_std,True,2.7575164857360006,0.004040780779162438
19,p2_primary_RIPPLE_AIR_BAG_PRESSURE_auc,True,0.7882254661578474,0.5850213076544734
19,p2_primary_RIPPLE_AIR_BAG_PRESSURE_mean,True,0.1631025413179122,0.28443152040695263
19,p2_primary_RIPPLE_AIR_BAG_PRESSURE_std,False,1.0219551129490854,0.05682303456197365
19,p2_primary_SLURRY_FLOW_LINE_A_auc,True,2.3327221927483666,0.5783454513439106
19,p2_primary_SLURRY_FLOW_LINE_A_mean,True,1.2735908651989991,0.2224419650182914
19,p2_primary_SLURRY_FLOW_LINE_A_std,True,0.4716231599083,0.28310414197329015
19,p2_primary_SLURRY_FLOW_LINE_B_auc,True,3.065019811292453,0.2620177672389247
19,p2_primary_SLURRY_FLOW_LINE_B_mean,False,0.3222193378213011,-0.1048639276658858
19,p2_primary_SLURRY_FLOW_LINE_B_std,False,0.11591617099644318,-0.23555119314595588
19,p2_primary_SLURRY_FLOW_LINE_C_auc,True,1.093860230064603,0.7984236136041752
19,p2_primary_SLURRY_FLOW_LINE_C_mean,True,1.4269880185523232,0.5103495974721516
19,p2_primary_SLURRY_FLOW_LINE_C_std,True,3.5128085492829197,0.42473924165298294
19,p2_primary_STAGE_ROTATION_mean,True,4.4730039219537785,0.13593272247636545
19,p2_primary_USAGE_OF_BACKING_FILM_decreasing,True,5.144425786004984,-0.2700155461862645
19,p2_primary_USAGE_OF_BACKING_FILM_mean,True,228831.0769536998,-0.24319774530496766
19,p2_primary_USAGE_OF_BACKING_FILM_std,True,77.57777612852382,0.07525580057021529
19,p2_primary_USAGE_OF_DRESSER_TABLE_decreasing,True,0.32346377956707995,0.27626478344203576
19,p2_primary_USAGE_OF_DRESSER_TABLE_mean,True,425.344626891217,0.22017328313350637
19,p2_primary_USAGE_OF_DRESSER_TABLE_std,False,0.6928283648293098,0.035059163686318125
19,p2_primary_USAGE_OF_DRESSER_decreasing,True,0.5630310331223762,0.1963841463503177
19,p2_primary_USAGE_OF_DRESSER_mean,True,125.8004598703518,0.42589143504009774
19,p2_primary_USAGE_OF_DRESSER_std,True,0.5217023429023653,0.23403852282573698
19,p2_primary_USAGE_OF_MEMBRANE_decreasing,True,24.783096460678504,0.24029315171202204
19,p2_primary_USAGE_OF_MEMBRANE_mean,True,254217.90383096604,-0.23982818012172666
19,p2_primary_USAGE_OF_MEMBRANE_std,True,476.8319906807784,0.18058500168544867
19,p2_primary_USAGE_OF_POLISHING_TABLE_decreasing,False,0.7001502934897902,-0.08557564834174193
19,p2_primary_USAGE_OF_POLISHING_TABLE_mean,True,1.109533502352872,0.20998201767098523
19,p2_primary_USAGE_OF_POLISHING_TABLE_std,True,0.6973155926197454,0.2533204442568623
19,p2_primary_USAGE_OF_PRESSURIZED_SHEET_decreasing,True,31.704493610362842,-0.04826664011823197
19,p2_primary_USAGE_OF_PRESSURIZED_SHEET_mean,True,24957.928037633526,-0.1710937147267087
19,p2_primary_USAGE_OF_PRESSURIZED_SHEET_std,True,583.1227860847202,-0.3265248615197921
19,p2_primary_WAFER_ROTATION_mean,False,0.997687979777985,0.11298922404279357
19,p2_primary_duration,False,0.7178760728213349,0.0803263906042118
19,p2_secondary_CENTER_AIR_BAG_PRESSURE_auc,False,0.33606791375264816,-0.04532961391543719
19,p2_secondary_CENTER_AIR_BAG_PRESSURE_mean,False,0.3792207894814498,-0.17115989922271282
19,p2_secondary_CENTER_AIR_BAG_PRESSURE_std,False,0.8624076944077474,0.12219327496141301
19,p2_secondary_DRESSING_WATER_STATUS_auc,False,0.05702528568976416,0.006256673711255182
19,p2_secondary_DRESSING_WATER_STATUS_mean,False,0.13060825856523695,-0.006731734015755816
19,p2_secondary_DRESSING_WATER_STATUS_std,True,1.6387080269992553,-0.04782206020552411
19,p2_secondary_EDGE_AIR_BAG_PRESSURE_auc,False,1.4036779791604874,-0.3117057275883667
19,p2_secondary_EDGE_AIR_BAG_PRESSURE_mean,False,1.4911179443670348,-0.15319966415729785
19,p2_secondary_EDGE_AIR_BAG_PRESSURE_std,True,1.4094277467026446,0.16330416255995037
19,p2_secondary_HEAD_ROTATION_mean,True,2.1454021575328848,-0.41186482512038525
19,p2_secondary_MAIN_OUTER_AIR_BAG_PRESSURE_auc,False,1.30701732267843,0.1142694832769833
19,p2_secondary_MAIN_OUTER_AIR_BAG_PRESSURE_mean,False,1.410582636402577,0.08515139165413152
19,p2_secondary_MAIN_OUTER_AIR_BAG_PRESSURE_std,True,0.0802839986867276,0.20011980824944614
19,p2_secondary_PRESSURIZED_CHAMBER_PRESSURE_auc,False,1.2967614920552446,-0.3351593282656858
19,p2_secondary_PRESSURIZED_CHAMBER_PRESSURE_mean,True,1.5765913754993286,0.2873181702638515
19,p2_secondary_PRESSURIZED_CHAMBER_PRESSURE_std,True,1.8490917751363893,-0.18988632330586278
19,p2_secondary_RETAINER_RING_PRESSURE_auc,False,0.23007482479787592,0.11539923008784579
19,p2_secondary_RETAINER_RING_PRESSURE_mean,False,1.3113280043593278,-0.08742723413598298
19,p2_secondary_RETAINER_RING_PRESSURE_std,False,1.151372076283969,-0.1268288149806765
19,p2_secondary_RIPPLE_AIR_BAG_PRESSURE_auc,True,0.056634369878364496,0.24636347769945627
19,p2_secondary_RIPPLE_AIR_BAG_PRESSURE_mean,True,0.04797740586872925,0.17677669529663712
19,p2_secondary_RIPPLE_AIR_BAG_PRESSURE_std,False,1.065346116301151,0.023314291588307123
19,p2_secondary_SLURRY_FLOW_LINE_A_auc,True,1.540912532586931,-0.24161198448583776
19,p2_secondary_SLURRY_FLOW_LINE_A_mean,True,1.8043274257592148,-0.07725149437706341
19,p2_secondary_SLURRY_FLOW_LINE_A_std,False,0.837825248013509,0.10890542977480513
19,p2_secondary_SLURRY_FLOW_LINE_B_auc,False,0.13004699473916473,-0.2845770713063632
19,p2_secondary_SLURRY_FLOW_LINE_B_mean,True,0.13986508181416682,0.18611859238868209
19,p2_secondary_SLURRY_FLOW_LINE_B_std,True,0.3214773880328128,0.2673948871200976
19,p2_secondary_SLURRY_FLOW_LINE_C_auc,True,1.1664820321440603,0.39096814240245986
19,p2_secondary_SLURRY_FLOW_LINE_C_mean,True,1.6743858547403379,-0.18686285401930303
19,p2_secondary_SLURRY_FLOW_LINE_C_std,False,1.0241441046520094,-0.13029090798894163
19,p2_secondary_STAGE_ROTATION_mean,True,0.020089103208360392,0.21567474598440647
19,p2_secondary_USAGE_OF_BACKING_FILM_decreasing,True,5.7637447789922795,-0.32124762944878615
19,p2_secondary_USAGE_OF_BACKING_FILM_mean,True,131300.53502279765,0.0
19,p2_secondary_USAGE_OF_BACKING_FILM_std,True,20.32248888790863,-0.1592777961608133
19,p2_secondary_USAGE_OF_DRESSER_TABLE_decreasing,True,2.108429252200996,0.0
19,p2_secondary_USAGE_OF_DRESSER_TABLE_mean,True,438.0602265407804,0.11379143597174306
19,p2_secondary_USAGE_OF_DRESSER_TABLE_std,True,1.8927533500569917,0.0
19,p2_secondary_USAGE_OF_DRESSER_decreasing,False,0.005544971398601129,0.0
19,p2_secondary_USAGE_OF_DRESSER_mean,True,126.01979144619993,0.2922635694368244
19,p2_secondary_USAGE_OF_DRESSER_std,False,0.4294585700810053,0.0
19,p2_secondary_USAGE_OF_MEMBRANE_decreasing,True,208.6760369830694,0.341716017645939
19,p2_secondary_USAGE_OF_MEMBRANE_mean,True,367611.36835227325,0.17677669529663687
19,p2_secondary_USAGE_OF_MEMBRANE_std,True,691.5224313965792,0.0026306223957876054
19,p2_secondary_USAGE_OF_POLISHING_TABLE_decreasing,True,2.0694612123413587,0.08388932766612328
19,p2_secondary_USAGE_OF_POLISHING_TABLE_mean,True,1.162839292087859,0.3267375946087882
19,p2_secondary_USAGE_OF_POLISHING_TABLE_std,True,1.8103392792250992,0.0856088998236816
19,p2_secondary_USAGE_OF_PRESSURIZED_SHEET_decreasing,True,193.95576886461194,-0.017479419397001848
19,p2_secondary_USAGE_OF_PRESSURIZED_SHEET_mean,True,236747.29580384257,0.11010689392768552
19,p2_secondary_USAGE_OF_PRESSURIZED_SHEET_std,True,644.9292072587635,-0.07339313821150867
19,p2_secondary_WAFER_ROTATION_mean,False,0.18793669759287673,-0.3726842429891063
19,p2_secondary_duration,False,0.6539129798485842,-0.28298732736245746
