fold,feature,selected,t_abs,oob_importance
0,lag_1,True,0.6523540932060761,0.42641116987064454
0,lag_2,True,0.5279274993083849,0.31345627744900095
0,lag_3,True,1.9768152265713816,-0.022316467979191623
0,lag_4,True,1.3543231123757964,0.1526514821715872
0,lag_5,True,0.165080134487446,0.2598646662818861
0,lag_6,False,1.4802197973695466,-0.14090736318331334
0,lag_7,False,0.9107626765626149,-0.3531529840342217
0,lag_8,False,1.3731862260523966,0.07516701560347791
0,lag_9,True,0.4016937534998003,0.17755983242751402
0,lag_10,False,0.6876958478395113,0.08800946404375319
0,lag_11,True,0.04182568951582676,0.2620418394989838
0,neighbor_1,True,7.963590483749875,1.5579853203910494
0,neighbor_2,True,5.292784851061061,0.8017681957296335
0,neighbor_3,True,1.4066273182974192,0.5058748813376716
0,neighbor_4,True,0.17172005547234911,0.30355501003212815
0,neighbor_5,True,1.1326181635773584,0.3720616146824654
0,neighbor_6,True,2.43928588601134,0.3544666481122911
0,neighbor_7,True,1.0828329265242975,0.36445158296425295
0,neighbor_8,True,0.6760062810332917,0.26917039082847205
0,neighbor_9,False,0.10720946495050858,0.086784971531835
0,neighbor_10,True,0.5471366587488994,0.4144273704939277
0,p2_primary_CENTER_AIR_BAG_PRESSURE_auc,True,0.15024152267492366,0.6160476379785449
0,p2_primary_CENTER_AIR_BAG_PRESSURE_mean,False,0.11765621424147175,-0.051956455757398094
0,p2_primary_CENTER_AIR_BAG_PRESSURE_std,True,0.6356244590217734,0.3376537979019637
0,p2_primary_DRESSING_WATER_STATUS_auc,False,0.6772712981656547,-0.132501994428758
0,p2_primary_DRESSING_WATER_STATUS_mean,False,0.6078969164957986,0.1367997806104844
0,p2_primary_DRESSING_WATER_STATUS_std,True,0.09747470388715886,0.3325155968930345
0,p2_primary_EDGE_AIR_BAG_PRESSURE_auc,True,2.8360586424507623,0.4500539082435272
0,p2_primary_EDGE_AIR_BAG_PRESSURE_mean,True,1.6543825222632167,0.2671040147328811
0,p2_primary_EDGE_AIR_BAG_PRESSURE_std,True,0.5921133258331859,0.5049148122805432
0,p2_primary_HEAD_ROTATION_mean,True,1.415655701578094,0.3168820152695028
0,p2_primary_MAIN_OUTER_AIR_BAG_PRESSURE_auc,True,1.3880492805578115,0.5070410846853317
0,p2_primary_MAIN_OUTER_AIR_BAG_PRESSURE_mean,True,0.7812629101475957,0.23441357747972716
0,p2_primary_MAIN_OUTER_AIR_BAG_PRESSURE_std,True,0.5630665331185243,0.4005456509522558
0,p2_primary_PRESSURIZED_CHAMBER_PRESSURE_auc,True,1.6632463565688411,0.7204951051533621
0,p2_primary_PRESSURIZED_CHAMBER_PRESSURE_mean,False,0.05267013180235074,-0.04715474852988466
0,p2_primary_PRESSURIZED_CHAMBER_PRESSURE_std,True,2.5832857883246736,0.4124867177268363
0,p2_primary_RETAINER_RING_PRESSURE_auc,True,1.9148039854275587,0.3834557102260106
0,p2_primary_RETAINER_RING_PRESSURE_mean,True,1.7769475578141842,-0.012932927817362723
0,p2_primary_RETAINER_RING_PRESSURE_std,True,2.4032997009234522,0.15893762951438783
0,p2_primary_RIPPLE_AIR_BAG_PRESSURE_auc,True,0.0772163829271855,0.9171951274189436
0,p2_primary_RIPPLE_AIR_BAG_PRESSURE_mean,True,0.30917479501518663,0.6765340087970392
0,p2_primary_RIPPLE_AIR_BAG_PRESSURE_std,True,1.9158464843333198,0.19371574573676897
0,p2_primary_SLURRY_FLOW_LINE_A_auc,True,1.6325855402014324,0.4669980795442202
0,p2_primary_SLURRY_FLOW_LINE_A_mean,True,0.020304369008699173,0.3044275498277056
0,p2_primary_SLURRY_FLOW_LINE_A_std,False,0.4988373499749888,0.10453972786028938
0,p2_primary_SLURRY_FLOW_LINE_B_auc,False,1.4591027666756078,0.07060652260797023
0,p2_primary_SLURRY_FLOW_LINE_B_mean,True,1.7818284084752058,0.1766859078506213
0,p2_primary_SLURRY_FLOW_LINE_B_std,True,2.089263805766247,-0.20029267758216907
0,p2_primary_SLURRY_FLOW_LINE_C_auc,True,0.5001304710561719,0.6133383003988983
0,p2_primary_SLURRY_FLOW_LINE_C_mean,True,2.806114009289855,0.5688048434519595
0,p2_primary_SLURRY_FLOW_LINE_C_std,True,2.3616393865204213,-0.0417243278086495
0,p2_primary_STAGE_ROTATION_mean,True,4.320473950946853,-0.12902177567592726
0,p2_primary_USAGE_OF_BACKING_FILM_decreasing,True,4.96001167620208,-0.17595842837355508
0,p2_primary_USAGE_OF_BACKING_FILM_mean,True,1350150.6099735247,0.22194635292123904
0,p2_primary_USAGE_OF_BACKING_FILM_std,True,52.68237767297268,0.19230125649786922
0,p2_primary_USAGE_OF_DRESSER_TABLE_decreasing,True,1.0408166078660506,0.24728177847952793
0,p2_primary_USAGE_OF_DRESSER_TABLE_mean,True,896.0392970835456,0.19523361828699545
0,p2_primary_USAGE_OF_DRESSER_TABLE_std,False,1.1898615826203338,0.028871118522813932
0,p2_primary_USAGE_OF_DRESSER_decreasing,False,1.0228177337345954,-0.22103260293071805
0,p2_primary_USAGE_OF_DRESSER_mean,True,44.614607339400514,-0.06145261877473512
0,p2_primary_USAGE_OF_DRESSER_std,False,0.7377297004735396,-0.18176591168493825
0,p2_primary_USAGE_OF_MEMBRANE_decreasing,True,13.262198234587556,0.1781983527927376
0,p2_primary_USAGE_OF_MEMBRANE_mean,True,362814.84066297096,-0.18305333223789283
0,p2_primary_USAGE_OF_MEMBRANE_std,True,250.30787686588823,0.15719177310029187
0,p2_primary_USAGE_OF_POLISHING_TABLE_decreasing,True,2.1052222260155258,-0.20450258991942025
0,p2_primary_USAGE_OF_POLISHING_TABLE_mean,True,0.7879891226971644,0.32972872747179616
0,p2_primary_USAGE_OF_POLISHING_TABLE_std,True,2.1223106525878066,0.19798381417510577
0,p2_primary_USAGE_OF_PRESSURIZED_SHEET_decreasing,True,11.739259284092995,-0.16989840625810362
0,p2_primary_USAGE_OF_PRESSURIZED_SHEET_mean,True,992247.7312215609,0.07214287900349117
0,p2_primary_USAGE_OF_PRESSURIZED_SHEET_std,True,207.02290800965977,0.10274015062953563
0,p2_primary_WAFER_ROTATION_mean,True,0.7881884697235605,0.4610003050823727
0,p2_primary_duration,True,1.2700079347727635,0.24798531177298766
0,p2_secondary_CENTER_AIR_BAG_PRESSURE_auc,True,0.13687896679032305,0.19111328852991558
0,p2_secondary_CENTER_AIR_BAG_PRESSURE_mean,False,0.1633194148230701,-0.24585887260896366
0,p2_secondary_CENTER_AIR_BAG_PRESSURE_std,False,0.7970209705388835,-0.04730153196582367
0,p2_secondary_DRESSING_WATER_STATUS_auc,True,2.4468236851543947,-0.16111952653210834
0,p2_secondary_DRESSING_WATER_STATUS_mean,True,2.4720748284305603,0.03226025014162384
0,p2_secondary_DRESSING_WATER_STATUS_std,False,0.3588126189076129,-0.23667732258332766
0,p2_secondary_EDGE_AIR_BAG_PRESSURE_auc,True,1.6714539255187657,-0.24960020019204682
0,p2_secondary_EDGE_AIR_BAG_PRESSURE_mean,True,1.7504635568813594,-0.07159471266966153
0,p2_secondary_EDGE_AIR_BAG_PRESSURE_std,False,0.6079072092734998,0.027196450039874722
0,p2_secondary_HEAD_ROTATION_mean,True,1.060983503667124,0.16798394648629253
0,p2_secondary_MAIN_OUTER_AIR_BAG_PRESSURE_auc,False,0.16394081197855645,0.04671048097933971
0,p2_secondary_MAIN_OUTER_AIR_BAG_PRESSURE_mean,False,0.22548156923694632,-0.16617753853987396
0,p2_secondary_MAIN_OUTER_AIR_BAG_PRESSURE_std,False,0.754359306686396,-0.040319847055926915
0,p2_secondary_PRESSURIZED_CHAMBER_PRESSURE_auc,True,1.112093708084079,0.18925779762544903
0,p2_secondary_PRESSURIZED_CHAMBER_PRESSURE_mean,True,1.8369014480301689,0.2023738670537795
0,p2_secondary_PRESSURIZED_CHAMBER_PRESSURE_std,True,2.5480227358471628,0.21754930772627545
0,p2_secondary_RETAINER_RING_PRESSURE_auc,False,0.5399639442529623,-0.07965558982988291
0,p2_secondary_RETAINER_RING_PRESSURE_mean,False,1.321323947598007,-0.1628031988358014
0,p2_secondary_RETAINER_RING_PRESSURE_std,False,0.20692317423633363,-0.0025534444566203945
0,p2_secondary_RIPPLE_AIR_BAG_PRESSURE_auc,False,1.1003081688954903,0.017325959128260345
0,p2_secondary_RIPPLE_AIR_BAG_PRESSURE_mean,True,1.0842537086428272,0.25976635558925293
0,p2_secondary_RIPPLE_AIR_BAG_PRESSURE_std,False,0.3930171615819856,0.08666146417779233
0,p2_secondary_SLURRY_FLOW_LINE_A_auc,False,0.46755823182434036,0.08341925149031647
0,p2_secondary_SLURRY_FLOW_LINE_A_mean,False,0.576192586212276,-0.2111112663915839
0,p2_secondary_SLURRY_FLOW_LINE_A_std,False,0.1584745134241,-0.13161812897602862
0,p2_secondary_SLURRY_FLOW_LINE_B_auc,False,0.3599439333485615,-0.06805560797891526
0,p2_secondary_SLURRY_FLOW_LINE_B_mean,False,0.33690010204018184,0.06789959913459805
0,p2_secondary_SLURRY_FLOW_LINE_B_std,True,0.17032895173139817,0.25143345130949035
0,p2_secondary_SLURRY_FLOW_LINE_C_auc,False,1.0271942303562145,-0.11707930334187391
0,p2_secondary_SLURRY_FLOW_LINE_C_mean,False,1.298463176368784,0.05200068372403193
0,p2_secondary_SLURRY_FLOW_LINE_C_std,True,0.10757282478739981,0.21784249243222523
0,p2_secondary_STAGE_ROTATION_mean,False,0.3552486214338479,-0.2873884182530251
0,p2_secondary_USAGE_OF_BACKING_FILM_decreasing,True,16.755861169486153,-0.09794512710103424
0,p2_secondary_USAGE_OF_BACKING_FILM_mean,True,378403.34418060177,-0.17677669529663703
0,p2_secondary_USAGE_OF_BACKING_FILM_std,True,69.40470370631469,-0.20172664007189872
0,p2_secondary_USAGE_OF_DRESSER_TABLE_decreasing,True,2.2551531282659782,0.0
0,p2_secondary_USAGE_OF_DRESSER_TABLE_mean,True,899.2333608257387,-0.2082616666790377
0,p2_secondary_USAGE_OF_DRESSER_TABLE_std,True,1.9016958754321525,0.0
0,p2_secondary_USAGE_OF_DRESSER_decreasing,False,0.6208667474514216,0.0
0,p2_secondary_USAGE_OF_DRESSER_mean,True,44.479230502043876,0.2704666054146646
0,p2_secondary_USAGE_OF_DRESSER_std,False,0.9583417023567334,0.0
0,p2_secondary_USAGE_OF_MEMBRANE_decreasing,True,312.7382547252197,-0.17677669529663684
0,p2_secondary_USAGE_OF_MEMBRANE_mean,True,2144257.0557446694,0.1712034460171296
0,p2_secondary_USAGE_OF_MEMBRANE_std,True,1174.4046836446144,-0.1912905308200967
0,p2_secondary_USAGE_OF_POLISHING_TABLE_decreasing,True,1.6068985982009165,0.007442651105668417
0,p2_secondary_USAGE_OF_POLISHING_TABLE_mean,True,0.8471554201451222,0.29058705618495034
0,p2_secondary_USAGE_OF_POLISHING_TABLE_std,False,1.1240891030946474,-0.01503101160546377
0,p2_secondary_USAGE_OF_PRESSURIZED_SHEET_decreasing,True,226.48294409306286,0.32712421022235744
0,p2_secondary_USAGE_OF_PRESSURIZED_SHEET_mean,True,1769113.1256973331,0.14542247352460178
0,p2_secondary_USAGE_OF_PRESSURIZED_SHEET_std,True,895.7939474955895,0.21883327458056578
0,p2_secondary_WAFER_ROTATION_mean,False,0.8730969862370545,0.12695357650147993
0,p2_secondary_duration,True,2.4409515308469723,-0.06668358095717886
1,lag_1,True,1.8217685089878055,0.29359373625348656
1,lag_2,True,0.422534289517303,0.3557942026259665
1,lag_3,True,0.2539374572450912,0.20376896831140506
1,lag_4,True,0.40725424514225433,0.18773287871611738
1,lag_5,True,0.08080156787124988,0.2771051518085087
1,lag_6,True,2.0775547740163143,0.02569916569726667
1,lag_7,False,1.2472232254415099,-0.005986676344487851
1,lag_8,True,0.13277133514118683,0.32769358235029705
1,lag_9,True,2.9639407866797107,0.3038220853767232
1,lag_10,True,2.071907166573524,0.3528974399076809
1,lag_11,True,1.5235337906228934,0.07004907486771028
1,neighbor_1,True,10.111332497549014,3.0833687489259645
1,neighbor_2,True,3.5980581516132,0.4632685706912901
1,neighbor_3,True,1.9536019927050654,0.49452726326356494
1,neighbor_4,True,0.7228751262649652,0.3850817684167151
1,neighbor_5,True,0.3362208606210974,0.35978210787797227
1,neighbor_6,True,2.4329936147812403,0.5518408308384777
1,neighbor_7,True,1.3872185013043254,0.4465539993311008
1,neighbor_8,True,0.11340925251143893,0.3868701311460028
1,neighbor_9,False,0.3727464703047232,0.12609294021250447
1,neighbor_10,True,0.11356939459162096,0.2077035383420545
1,p2_primary_CENTER_AIR_BAG_PRESSURE_auc,True,0.9063087882061848,0.8876974627444711
1,p2_primary_CENTER_AIR_BAG_PRESSURE_mean,True,1.2724774516505726,0.4193060538358809
1,p2_primary_CENTER_AIR_BAG_PRESSURE_std,False,1.4946935208164522,-0.06059651056837818
1,p2_primary_DRESSING_WATER_STATUS_auc,False,1.2574461324310995,-0.2220754693460345
1,p2_primary_DRESSING_WATER_STATUS_mean,True,1.7409492402640745,0.20589741011317383
1,p2_primary_DRESSING_WATER_STATUS_std,True,1.3886357256851167,0.50577044399813
1,p2_primary_EDGE_AIR_BAG_PRESSURE_auc,True,3.1825648841726646,0.3394757346578929
1,p2_primary_EDGE_AIR_BAG_PRESSURE_mean,True,1.7875215136603808,0.05063241236272459
1,p2_primary_EDGE_AIR_BAG_PRESSURE_std,True,0.9831048355132082,0.31616879131777326
1,p2_primary_HEAD_ROTATION_mean,True,1.1120830255489311,0.21224870304117446
1,p2_primary_MAIN_OUTER_AIR_BAG_PRESSURE_auc,True,0.430226920710056,0.43850448764855865
1,p2_primary_MAIN_OUTER_AIR_BAG_PRESSURE_mean,True,0.6409846624341015,0.2528789538689086
1,p2_primary_MAIN_OUTER_AIR_BAG_PRESSURE_std,True,1.5231395831147203,0.26007088973435566
1,p2_primary_PRESSURIZED_CHAMBER_PRESSURE_auc,True,1.867688941788584,0.6684020903308844
1,p2_primary_PRESSURIZED_CHAMBER_PRESSURE_mean,True,0.22081403107017633,0.3731423474363638
1,p2_primary_PRESSURIZED_CHAMBER_PRESSURE_std,True,2.6786616321668566,0.46854194865393156
1,p2_primary_RETAINER_RING_PRESSURE_auc,True,1.9205940103808876,0.0980965861250624
1,p2_primary_RETAINER_RING_PRESSURE_mean,True,0.4858045573756024,0.26590526571398654
1,p2_primary_RETAINER_RING_PRESSURE_std,False,1.4505093257668165,0.005101320308808558
1,p2_primary_RIPPLE_AIR_BAG_PRESSURE_auc,True,0.5340776141999662,0.513790895895901
1,p2_primary_RIPPLE_AIR_BAG_PRESSURE_mean,True,0.7726179439502118,0.4119250785612427
1,p2_primary_RIPPLE_AIR_BAG_PRESSURE_std,True,1.805811779659623,0.3986389550659097
1,p2_primary_SLURRY_FLOW_LINE_A_auc,True,2.8802568338160843,0.688576528892078
1,p2_primary_SLURRY_FLOW_LINE_A_mean,True,1.1893318778305175,0.29869070908704853
1,p2_primary_SLURRY_FLOW_LINE_A_std,True,0.2532825868356326,0.21710661674199214
1,p2_primary_SLURRY_FLOW_LINE_B_auc,True,1.7566885747727583,0.07041808564254884
1,p2_primary_SLURRY_FLOW_LINE_B_mean,True,2.0290116953575055,0.17983075322075492
1,p2_primary_SLURRY_FLOW_LINE_B_std,True,0.7082637299151999,0.15129527965127118
1,p2_primary_SLURRY_FLOW_LINE_C_auc,True,1.1021446339482912,0.7070564127356113
1,p2_primary_SLURRY_FLOW_LINE_C_mean,True,1.6089004359224972,0.4865592134976809
1,p2_primary_SLURRY_FLOW_LINE_C_std,True,3.9623252184661464,0.11857767501150533
1,p2_primary_STAGE_ROTATION_mean,True,1.3989451635326526,0.22693654027250681
1,p2_primary_USAGE_OF_BACKING_FILM_decreasing,True,6.600818099480515,0.1753069106205285
1,p2_primary_USAGE_OF_BACKING_FILM_mean,True,222082.45127621834,-0.004891179433726337
1,p2_primary_USAGE_OF_BACKING_FILM_std,True,96.12553044343258,0.07875915066281515
1,p2_primary_USAGE_OF_DRESSER_TABLE_decreasing,False,1.306376070322775,-0.2633210352535721
1,p2_primary_USAGE_OF_DRESSER_TABLE_mean,True,1142.0178258377066,-0.03628696442289464
1,p2_primary_USAGE_OF_DRESSER_TABLE_std,False,1.3401076324751717,-0.2745239921534995
1,p2_primary_USAGE_OF_DRESSER_decreasing,True,0.0894508778560071,0.22056266352586132
1,p2_primary_USAGE_OF_DRESSER_mean,True,2.1998368955348058,0.19336013111710978
1,p2_primary_USAGE_OF_DRESSER_std,False,0.6329264702992854,-0.3597438097628061
1,p2_primary_USAGE_OF_MEMBRANE_decreasing,True,24.412975888876932,0.0
1,p2_primary_USAGE_OF_MEMBRANE_mean,True,113293.30386113995,0.24546180328404352
1,p2_primary_USAGE_OF_MEMBRANE_std,True,424.8299253274318,0.16820646591287894
1,p2_primary_USAGE_OF_POLISHING_TABLE_decreasing,False,0.5702400942652194,-0.153713780004151
1,p2_primary_USAGE_OF_POLISHING_TABLE_mean,True,0.4317314062634211,0.2335698260867646
1,p2_primary_USAGE_OF_POLISHING_TABLE_std,True,0.5020682880211192,0.42579926306779603
1,p2_primary_USAGE_OF_PRESSURIZED_SHEET_decreasing,True,31.200948642339984,-0.041877224924960314
1,p2_primary_USAGE_OF_PRESSURIZED_SHEET_mean,True,109203.830397046,0.16925100371313162
1,p2_primary_USAGE_OF_PRESSURIZED_SHEET_std,True,540.6240270401241,0.27672331071434864
1,p2_primary_WAFER_ROTATION_mean,False,0.5697516744784078,-0.06136840639127497
1,p2_primary_duration,True,2.106511238956573,0.08680189694853872
1,p2_secondary_CENTER_AIR_BAG_PRESSURE_auc,False,0.43950763898656686,-0.1407193092050435
1,p2_secondary_CENTER_AIR_BAG_PRESSURE_mean,False,0.36693027492968544,-0.1426679512026739
1,p2_secondary_CENTER_AIR_BAG_PRESSURE_std,True,1.3433212348102224,0.1837847581744929
1,p2_secondary_DRESSING_WATER_STATUS_auc,True,2.3653399871370526,0.3647740455513149
1,p2_secondary_DRESSING_WATER_STATUS_mean,True,2.1468812384343936,-0.026366913289746937
1,p2_secondary_DRESSING_WATER_STATUS_std,True,2.0859962461706627,0.3234593284377464
1,p2_secondary_EDGE_AIR_BAG_PRESSURE_auc,False,0.7044766972421226,0.03136883730091763
1,p2_secondary_EDGE_AIR_BAG_PRESSURE_mean,False,0.735220995054719,-0.3754939143794243
1,p2_secondary_EDGE_AIR_BAG_PRESSURE_std,False,0.3562820213873701,-0.3159460811703212
1,p2_secondary_HEAD_ROTATION_mean,False,1.111083353405257,-0.053983911120982137
1,p2_secondary_MAIN_OUTER_AIR_BAG_PRESSURE_auc,False,0.7920044874334597,0.019696887983159755
1,p2_secondary_MAIN_OUTER_AIR_BAG_PRESSURE_mean,True,0.7669454075027553,0.19821074383502493
1,p2_secondary_MAIN_OUTER_AIR_BAG_PRESSURE_std,False,0.2671019892305356,0.041935487234305804
1,p2_secondary_PRESSURIZED_CHAMBER_PRESSURE_auc,True,1.601891614484289,0.036248943414182534
1,p2_secondary_PRESSURIZED_CHAMBER_PRESSURE_mean,True,1.8988224260689133,-0.04844538085193941
1,p2_secondary_PRESSURIZED_CHAMBER_PRESSURE_std,True,1.7561898280633863,-0.19695745567118325
1,p2_secondary_RETAINER_RING_PRESSURE_auc,True,0.804557686098863,0.20196044764901047
1,p2_secondary_RETAINER_RING_PRESSURE_mean,False,0.6656012779807271,0.02320852431488596
1,p2_secondary_RETAINER_RING_PRESSURE_std,False,0.45113783596837825,-0.12294109133952086
1,p2_secondary_RIPPLE_AIR_BAG_PRESSURE_auc,False,0.4626241086977444,-0.17677669529663687
1,p2_secondary_RIPPLE_AIR_BAG_PRESSURE_mean,False,0.4999910599722121,-0.15508115519504545
1,p2_secondary_RIPPLE_AIR_BAG_PRESSURE_std,True,1.019085855473508,0.23113834627720276
1,p2_secondary_SLURRY_FLOW_LINE_A_auc,False,0.8579929791477126,0.027283303941520377
1,p2_secondary_SLURRY_FLOW_LINE_A_mean,False,1.055372684114997,0.019922292150626228
1,p2_secondary_SLURRY_FLOW_LINE_A_std,True,0.530792539367311,0.2121766361237188
1,p2_secondary_SLURRY_FLOW_LINE_B_auc,True,1.493490522195407,0.20058377595897173
1,p2_secondary_SLURRY_FLOW_LINE_B_mean,False,1.4788279043612373,-0.013518247369514983
1,p2_secondary_SLURRY_FLOW_LINE_B_std,False,0.7918860358761021,-0.05647705388804171
1,p2_secondary_SLURRY_FLOW_LINE_C_auc,False,0.8047865199434456,-0.23944783602264313
1,p2_secondary_SLURRY_FLOW_LINE_C_mean,True,0.10451646470255002,0.2586245993465315
1,p2_secondary_SLURRY_FLOW_LINE_C_std,True,0.21478737615969629,0.19598769100020477
1,p2_secondary_STAGE_ROTATION_mean,False,0.6350335632622802,-0.23631222289314063
1,p2_secondary_USAGE_OF_BACKING_FILM_decreasing,True,21.99220119273044,-0.2527681797875169
1,p2_secondary_USAGE_OF_BACKING_FILM_mean,True,21495.8298036164,0.22999623473901093
1,p2_secondary_USAGE_OF_BACKING_FILM_std,True,86.87974152420502,-0.17677669529663692
1,p2_secondary_USAGE_OF_DRESSER_TABLE_decreasing,True,2.1953605183159723,0.0
1,p2_secondary_USAGE_OF_DRESSER_TABLE_mean,True,1159.6745490014653,0.12160025055713815
1,p2_secondary_USAGE_OF_DRESSER_TABLE_std,True,1.6625546062145435,0.0
1,p2_secondary_USAGE_OF_DRESSER_decreasing,False,0.37767530370164354,0.0
1,p2_secondary_USAGE_OF_DRESSER_mean,True,2.0094198224670037,0.28931090712324314
1,p2_secondary_USAGE_OF_DRESSER_std,False,0.3202415855670544,0.0
1,p2_secondary_USAGE_OF_MEMBRANE_decreasing,True,111.19968651466009,0.2790309060154888
1,p2_secondary_USAGE_OF_MEMBRANE_mean,True,161802.2060478044,0.19254887417196972
1,p2_secondary_USAGE_OF_MEMBRANE_std,True,371.9571232435649,-0.1448214001262146
1,p2_secondary_USAGE_OF_POLISHING_TABLE_decreasing,False,0.15103753678721002,-0.22889876005383952
1,p2_secondary_USAGE_OF_POLISHING_TABLE_mean,True,0.47447568535606993,0.24177948357648493
1,p2_secondary_USAGE_OF_POLISHING_TABLE_std,False,0.37126764185548533,-0.1594142906733583
1,p2_secondary_USAGE_OF_PRESSURIZED_SHEET_decreasing,True,51.79140261352984,-0.1375091413777396
1,p2_secondary_USAGE_OF_PRESSURIZED_SHEET_mean,True,183524.36977483754,0.056751085035135526
1,p2_secondary_USAGE_OF_PRESSURIZED_SHEET_std,True,179.89821250138448,-0.1422205808491106
1,p2_secondary_WAFER_ROTATION_mean,False,0.7368832730386735,0.12560058980916103
1,p2_secondary_duration,False,1.075110582650831,0.00658592510185205
2,lag_1,True,1.495493980921253,0.3907211239982259
2,lag_2,True,0.12478373851400343,0.2944139627651255
2,lag_3,True,0.08469133421340126,0.41091155063773194
2,lag_4,True,0.1205002347591739,0.2394528671069372
2,lag_5,True,0.04496550219933925,0.3256410592180342
2,lag_6,False,0.8451815807383162,-0.2532916253942837
2,lag_7,False,0.8188601375818993,0.14658510927343896
2,lag_8,False,0.5038287515183019,0.013338985309375134
2,lag_9,False,1.1827850760926009,-0.23883809810992954
2,lag_10,True,1.9941785643728187,-0.21196616462908344
2,lag_11,True,0.37678606869484377,0.35182759482283615
2,neighbor_1,True,7.162052921576152,2.421931672151358
2,neighbor_2,True,2.9252877481283734,0.47685184852781415
2,neighbor_3,True,4.601814851225125,1.0848138695269915
2,neighbor_4,True,0.3642155321698878,0.42056841706539794
2,neighbor_5,True,0.7240788819648994,0.45053081811549395
2,neighbor_6,True,2.271103310895505,0.27161393826415836
2,neighbor_7,True,1.4506823569908274,0.17754564648486107
2,neighbor_8,True,0.45814593328727354,0.32640668555659536
2,neighbor_9,True,2.3924337878565,0.23519838888449904
2,neighbor_10,False,1.2351659060665519,0.09301587389394014
2,p2_primary_CENTER_AIR_BAG_PRESSURE_auc,True,0.12344237152513987,1.0180437675285605
2,p2_primary_CENTER_AIR_BAG_PRESSURE_mean,True,0.3503594582619422,0.21525981667257907
2,p2_primary_CENTER_AIR_BAG_PRESSURE_std,False,1.1497232253778245,0.007279105754281573
2,p2_primary_DRESSING_WATER_STATUS_auc,False,1.366734321826229,0.04896650839524512
2,p2_primary_DRESSING_WATER_STATUS_mean,False,1.2815454576446657,0.12306165618452361
2,p2_primary_DRESSING_WATER_STATUS_std,True,0.1827120563437463,0.3448779413079641
2,p2_primary_EDGE_AIR_BAG_PRESSURE_auc,True,2.0148936031404405,0.36310332738450996
2,p2_primary_EDGE_AIR_BAG_PRESSURE_mean,False,0.9526564116556941,-0.13925725819548657
2,p2_primary_EDGE_AIR_BAG_PRESSURE_std,True,0.743524924608075,0.6366860750436558
2,p2_primary_HEAD_ROTATION_mean,False,1.1129455576038558,-0.2919551252505497
2,p2_primary_MAIN_OUTER_AIR_BAG_PRESSURE_auc,True,0.4999844519161559,0.8317827176492802
2,p2_primary_MAIN_OUTER_AIR_BAG_PRESSURE_mean,True,0.27480223732240816,0.2119032472812665
2,p2_primary_MAIN_OUTER_AIR_BAG_PRESSURE_std,True,1.4050077707527078,0.29156981585794817
2,p2_primary_PRESSURIZED_CHAMBER_PRESSURE_auc,True,1.747052591282711,0.40870666644370734
2,p2_primary_PRESSURIZED_CHAMBER_PRESSURE_mean,True,0.606337168932032,0.452838748182322
2,p2_primary_PRESSURIZED_CHAMBER_PRESSURE_std,True,1.8196046642756132,-0.06426664287857527
2,p2_primary_RETAINER_RING_PRESSURE_auc,True,1.0741659718574423,0.33283416006639177
2,p2_primary_RETAINER_RING_PRESSURE_mean,True,1.9013929989121852,0.09018685812577075
2,p2_primary_RETAINER_RING_PRESSURE_std,True,1.9564290347237334,-0.06705615258243947
2,p2_primary_RIPPLE_AIR_BAG_PRESSURE_auc,True,0.40777798264873455,0.6511765677934078
2,p2_primary_RIPPLE_AIR_BAG_PRESSURE_mean,True,0.3033682091510591,0.5277352911774486
2,p2_primary_RIPPLE_AIR_BAG_PRESSURE_std,True,1.0516836164512469,0.3405632182366435
2,p2_primary_SLURRY_FLOW_LINE_A_auc,True,0.9934827980191716,0.5507499153467129
2,p2_primary_SLURRY_FLOW_LINE_A_mean,False,0.12161907401540029,0.10824693760936885
2,p2_primary_SLURRY_FLOW_LINE_A_std,False,0.13276157148267442,0.1271275119493827
2,p2_primary_SLURRY_FLOW_LINE_B_auc,True,1.7091374520444154,0.18675960585557175
2,p2_primary_SLURRY_FLOW_LINE_B_mean,False,0.8910698733406429,0.02780484060152377
2,p2_primary_SLURRY_FLOW_LINE_B_std,False,1.1048591317826322,-0.030919567583599903
2,p2_primary_SLURRY_FLOW_LINE_C_auc,True,0.6808749232493196,0.564344755533791
2,p2_primary_SLURRY_FLOW_LINE_C_mean,True,2.890557732008196,0.23483781848615487
2,p2_primary_SLURRY_FLOW_LINE_C_std,True,2.4611642652417935,-0.021586835847125375
2,p2_primary_STAGE_ROTATION_mean,True,4.156432381942136,0.06096029825293224
2,p2_primary_USAGE_OF_BACKING_FILM_decreasing,True,2.2414154569907487,0.1657704131352892
2,p2_primary_USAGE_OF_BACKING_FILM_mean,True,727961.5917482325,-0.09241170483178135
2,p2_primary_USAGE_OF_BACKING_FILM_std,True,0.06755244807111635,0.2568038448107353
2,p2_primary_USAGE_OF_DRESSER_TABLE_decreasing,False,0.24323592488425932,-0.18168752653787196
2,p2_primary_USAGE_OF_DRESSER_TABLE_mean,True,76.98416575967968,0.3642018730313008
2,p2_primary_USAGE_OF_DRESSER_TABLE_std,True,0.006883442467400423,0.2314743010790394
2,p2_primary_USAGE_OF_DRESSER_decreasing,False,0.2502781762266338,-0.025363715363797005
2,p2_primary_USAGE_OF_DRESSER_mean,True,65.7178731894291,0.14377463948794825
2,p2_primary_USAGE_OF_DRESSER_std,False,0.23454271188267778,0.04496348775426787
2,p2_primary_USAGE_OF_MEMBRANE_decreasing,True,34.36997065621807,-0.020062459250823637
2,p2_primary_USAGE_OF_MEMBRANE_mean,True,1327234.736557288,0.356494825298109
2,p2_primary_USAGE_OF_MEMBRANE_std,True,644.2048661302214,0.22409247537077112
2,p2_primary_USAGE_OF_POLISHING_TABLE_decreasing,True,1.6026318854974948,-0.309970387468642
2,p2_primary_USAGE_OF_POLISHING_TABLE_mean,True,0.4278839555527027,0.39356598252222547
2,p2_primary_USAGE_OF_POLISHING_TABLE_std,True,1.656889225635208,0.3383586186274148
2,p2_primary_USAGE_OF_PRESSURIZED_SHEET_decreasing,True,36.126000926601385,-0.19170916368255037
2,p2_primary_USAGE_OF_PRESSURIZED_SHEET_mean,True,596208.6752471377,0.04157573861678436
2,p2_primary_USAGE_OF_PRESSURIZED_SHEET_std,True,717.1971966170312,-0.2859658410734137
2,p2_primary_WAFER_ROTATION_mean,True,1.018151084461789,0.420911471749184
2,p2_primary_duration,True,0.6611568458916297,0.2455037678017464
2,p2_secondary_CENTER_AIR_BAG_PRESSURE_auc,True,1.5700255803769874,0.13988813078703083
2,p2_secondary_CENTER_AIR_BAG_PRESSURE_mean,True,1.5624572654679592,0.15187345624382037
2,p2_secondary_CENTER_AIR_BAG_PRESSURE_std,False,0.07852447261706716,-0.17677669529663678
2,p2_secondary_DRESSING_WATER_STATUS_auc,False,1.06509590911466,0.1035573113544528
2,p2_secondary_DRESSING_WATER_STATUS_mean,False,1.1494836739362937,-0.31051414646624304
2,p2_secondary_DRESSING_WATER_STATUS_std,True,1.6809001594138853,0.04815814554026492
2,p2_secondary_EDGE_AIR_BAG_PRESSURE_auc,True,1.5610922573632566,0.19268082217356125
2,p2_secondary_EDGE_AIR_BAG_PRESSURE_mean,True,1.6333056531394539,-0.27450405969877156
2,p2_secondary_EDGE_AIR_BAG_PRESSURE_std,False,1.4126298666516677,-0.08248632800007598
2,p2_secondary_HEAD_ROTATION_mean,False,0.5792917312313953,0.037238379254087906
2,p2_secondary_MAIN_OUTER_AIR_BAG_PRESSURE_auc,True,0.3649052568690434,0.15346950464878242
2,p2_secondary_MAIN_OUTER_AIR_BAG_PRESSURE_mean,False,0.28242769162280634,0.10325124470793799
2,p2_secondary_MAIN_OUTER_AIR_BAG_PRESSURE_std,True,1.4560730728818516,0.30603152333674927
2,p2_secondary_PRESSURIZED_CHAMBER_PRESSURE_auc,True,0.12361885081392548,0.3362756806464776
2,p2_secondary_PRESSURIZED_CHAMBER_PRESSURE_mean,False,0.7298920112249461,-0.09107322443543152
2,p2_secondary_PRESSURIZED_CHAMBER_PRESSURE_std,True,2.268630915342371,0.32010418441397476
2,p2_secondary_RETAINER_RING_PRESSURE_auc,True,0.49103138516574796,0.19811853616433567
2,p2_secondary_RETAINER_RING_PRESSURE_mean,False,1.1979282278413967,0.07402035006251398
2,p2_secondary_RETAINER_RING_PRESSURE_std,False,1.2131188524229726,-0.004641567914569747
2,p2_secondary_RIPPLE_AIR_BAG_PRESSURE_auc,True,1.026217914785582,0.217912824952683
2,p2_secondary_RIPPLE_AIR_BAG_PRESSURE_mean,True,0.9606609244020827,0.18245877753224576
2,p2_secondary_RIPPLE_AIR_BAG_PRESSURE_std,True,0.9445630169524566,0.19663375303212935
2,p2_secondary_SLURRY_FLOW_LINE_A_auc,False,1.2724539302735052,0.11733188424594883
2,p2_secondary_SLURRY_FLOW_LINE_A_mean,False,0.8853548373524381,-0.120816076625188
2,p2_secondary_SLURRY_FLOW_LINE_A_std,False,1.302608984926678,-0.11257478544059932
2,p2_secondary_SLURRY_FLOW_LINE_B_auc,False,1.1249637861609385,-0.32440866848689276
2,p2_secondary_SLURRY_FLOW_LINE_B_mean,True,1.1166562473644812,0.17677669529663675
2,p2_secondary_SLURRY_FLOW_LINE_B_std,True,1.1802438740025287,0.2231251287302641
2,p2_secondary_SLURRY_FLOW_LINE_C_auc,False,0.9750753401272947,-0.18468167242550637
2,p2_secondary_SLURRY_FLOW_LINE_C_mean,False,1.358624922927184,0.014593653358235975
2,p2_secondary_SLURRY_FLOW_LINE_C_std,False,0.42825647606422046,-0.1469579962021849
2,p2_secondary_STAGE_ROTATION_mean,False,0.10978982697598258,-0.12299602184321609
2,p2_secondary_USAGE_OF_BACKING_FILM_decreasing,True,12.214607038320471,-0.12531673086228204
2,p2_secondary_USAGE_OF_BACKING_FILM_mean,True,30331.03452721614,-0.03721017352678788
2,p2_secondary_USAGE_OF_BACKING_FILM_std,True,51.870233274359386,0.14425971108117452
2,p2_secondary_USAGE_OF_DRESSER_TABLE_decreasing,True,2.535347766056298,0.0
2,p2_secondary_USAGE_OF_DRESSER_TABLE_mean,True,78.44166702651312,0.09361613984575845
2,p2_secondary_USAGE_OF_DRESSER_TABLE_std,True,2.45997609966281,0.0
2,p2_secondary_USAGE_OF_DRESSER_decreasing,False,1.1678306186116545,0.0
2,p2_secondary_USAGE_OF_DRESSER_mean,True,65.96991151995508,0.2807407023288824
2,p2_secondary_USAGE_OF_DRESSER_std,False,0.8361847680878961,-0.1767766952966369
2,p2_secondary_USAGE_OF_MEMBRANE_decreasing,True,337.3625579830612,0.10557480608027246
2,p2_secondary_USAGE_OF_MEMBRANE_mean,True,737698.0277251918,-0.11519416893742346
2,p2_secondary_USAGE_OF_MEMBRANE_std,True,1227.2173978923715,-0.11975373976204462
2,p2_secondary_USAGE_OF_POLISHING_TABLE_decreasing,True,1.6370180202415565,0.07353967809789665
2,p2_secondary_USAGE_OF_POLISHING_TABLE_mean,True,0.49141294678974784,0.1591813015781625
2,p2_secondary_USAGE_OF_POLISHING_TABLE_std,True,1.2577176834307884,0.20688749628652772
2,p2_secondary_USAGE_OF_PRESSURIZED_SHEET_decreasing,True,254.75925122243865,-0.2574549159968966
2,p2_secondary_USAGE_OF_PRESSURIZED_SHEET_mean,True,770368.229558065,0.01887876260042285
2,p2_secondary_USAGE_OF_PRESSURIZED_SHEET_std,True,985.8024943547816,0.06313222351628602
2,p2_secondary_WAFER_ROTATION_mean,False,0.16331601816893082,-0.18490454926952624
2,p2_secondary_duration,True,1.5622124361487915,0.11691033748823391
3,lag_1,True,2.233856361921203,0.5896425806433444
3,lag_2,True,0.4760661306007359,0.339495102791139
3,lag_3,True,0.6074677488696366,0.31503451503712837
3,lag_4,True,0.1164926170705821,0.3792202073237978
3,lag_5,True,0.8723693084803364,0.3267371124413029
3,lag_6,True,0.4121653915580357,0.5827903463572253
3,lag_7,False,0.7978534387124742,0.09087836055405772
3,lag_8,True,1.021063757946456,0.45616100654437564
3,lag_9,False,1.1647391340397526,0.1432980801387107
3,lag_10,True,0.6554191519641276,0.17855755067107057
3,lag_11,False,0.8850663830409256,-0.3471531546977847
3,neighbor_1,True,8.28223016487822,1.6367108054164876
3,neighbor_2,True,3.8746324386000097,0.5217961057115212
3,neighbor_3,True,1.701593439508982,0.5025807698150389
3,neighbor_4,True,1.9743327417823995,0.36389329292874245
3,neighbor_5,True,2.479690782052017,0.5082732857673355
3,neighbor_6,True,0.3142066947203815,0.3406709154701988
3,neighbor_7,True,0.7009109803377709,0.3137778011948739
3,neighbor_8,True,0.5216185158505409,0.38906651311283175
3,neighbor_9,True,1.7503584151474492,0.35178418980309617
3,neighbor_10,True,0.19743392458092643,0.31644255905433566
3,p2_primary_CENTER_AIR_BAG_PRESSURE_auc,True,0.24507406468665993,0.9843153386353773
3,p2_primary_CENTER_AIR_BAG_PRESSURE_mean,False,0.5379545508461882,-0.008507892679010295
3,p2_primary_CENTER_AIR_BAG_PRESSURE_std,False,1.0540543695953624,-0.12854359646557598
3,p2_primary_DRESSING_WATER_STATUS_auc,True,1.9424801427255312,0.21928392934173935
3,p2_primary_DRESSING_WATER_STATUS_mean,True,1.7835954249483683,-0.039563490234903444
3,p2_primary_DRESSING_WATER_STATUS_std,True,0.14519572452509116,0.25996941230127263
3,p2_primary_EDGE_AIR_BAG_PRESSURE_auc,True,3.5379892503666888,0.40822298427597703
3,p2_primary_EDGE_AIR_BAG_PRESSURE_mean,True,1.9892912697289211,0.22363499594508457
3,p2_primary_EDGE_AIR_BAG_PRESSURE_std,True,0.6567825589263767,0.5746836156919456
3,p2_primary_HEAD_ROTATION_mean,True,1.9317744965901178,0.29029649760868065
3,p2_primary_MAIN_OUTER_AIR_BAG_PRESSURE_auc,True,0.748141294151928,0.424438591118133
3,p2_primary_MAIN_OUTER_AIR_BAG_PRESSURE_mean,True,0.11367967282866245,0.42153649370356683
3,p2_primary_MAIN_OUTER_AIR_BAG_PRESSURE_std,True,0.9357813199667717,0.17148989754900454
3,p2_primary_PRESSURIZED_CHAMBER_PRESSURE_auc,True,1.5341606106790142,0.3861031900866901
3,p2_primary_PRESSURIZED_CHAMBER_PRESSURE_mean,True,1.3743445356377206,0.2090666650890728
3,p2_primary_PRESSURIZED_CHAMBER_PRESSURE_std,True,2.6589045937161693,0.21350144089141757
3,p2_primary_RETAINER_RING_PRESSURE_auc,True,2.2124270709002096,0.3751461126213961
3,p2_primary_RETAINER_RING_PRESSURE_mean,False,0.7675290668296785,-0.06182684613665748
3,p2_primary_RETAINER_RING_PRESSURE_std,True,1.7316792929660647,-0.22300946322837895
3,p2_primary_RIPPLE_AIR_BAG_PRESSURE_auc,True,0.4643826360035493,0.4342570537143452
3,p2_primary_RIPPLE_AIR_BAG_PRESSURE_mean,True,0.09116279283788463,0.5637150600203276
3,p2_primary_RIPPLE_AIR_BAG_PRESSURE_std,True,2.077892339998255,0.2321219425206332
3,p2_primary_SLURRY_FLOW_LINE_A_auc,True,1.5903519449598813,0.6644682018652804
3,p2_primary_SLURRY_FLOW_LINE_A_mean,False,0.2144544402591526,0.09346180181594252
3,p2_primary_SLURRY_FLOW_LINE_A_std,False,1.1667527823218296,0.019933981243833974
3,p2_primary_SLURRY_FLOW_LINE_B_auc,True,3.574035636903918,0.19690701841156802
3,p2_primary_SLURRY_FLOW_LINE_B_mean,True,1.5938088805835762,0.22454105888993547
3,p2_primary_SLURRY_FLOW_LINE_B_std,False,1.0127596245363624,0.07862810422789784
3,p2_primary_SLURRY_FLOW_LINE_C_auc,True,0.22657297465277995,0.6104526044826322
3,p2_primary_SLURRY_FLOW_LINE_C_mean,True,2.635226838336794,0.1928093208153443
3,p2_primary_SLURRY_FLOW_LINE_C_std,True,2.8379153010989406,-0.07936658818155515
3,p2_primary_STAGE_ROTATION_mean,True,3.182408175614478,0.07406497669588633
3,p2_primary_USAGE_OF_BACKING_FILM_decreasing,True,10.986550648745457,0.17677669529663687
3,p2_primary_USAGE_OF_BACKING_FILM_mean,True,155513.09512805278,-0.010148656448085254
3,p2_primary_USAGE_OF_BACKING_FILM_std,True,151.9767556184277,0.2358079875210373
3,p2_primary_USAGE_OF_DRESSER_TABLE_decreasing,False,1.1799856327619962,-0.03277022689993381
3,p2_primary_USAGE_OF_DRESSER_TABLE_mean,True,2477.259956854244,0.04936393692351098
3,p2_primary_USAGE_OF_DRESSER_TABLE_std,False,1.162386062982132,0.12527795177125312
3,p2_primary_USAGE_OF_DRESSER_decreasing,False,0.24635876372928467,-0.10787581297397895
3,p2_primary_USAGE_OF_DRESSER_mean,True,63.660484217341946,0.24225639265895443
3,p2_primary_USAGE_OF_DRESSER_std,False,0.07578367537970335,0.03351212222931723
3,p2_primary_USAGE_OF_MEMBRANE_decreasing,True,23.213344529404413,-0.18891382706095886
3,p2_primary_USAGE_OF_MEMBRANE_mean,True,207717.63700811443,0.16611844607678278
3,p2_primary_USAGE_OF_MEMBRANE_std,True,381.10561902499325,0.2261801655948747
3,p2_primary_USAGE_OF_POLISHING_TABLE_decreasing,True,1.2460337538237325,0.29078139964791133
3,p2_primary_USAGE_OF_POLISHING_TABLE_mean,True,0.47461868945493213,0.4098376423220669
3,p2_primary_USAGE_OF_POLISHING_TABLE_std,True,1.2191743212901551,0.34433134810364663
3,p2_primary_USAGE_OF_PRESSURIZED_SHEET_decreasing,True,32.28751744472213,0.11414850669706615
3,p2_primary_USAGE_OF_PRESSURIZED_SHEET_mean,True,51756.21265690869,0.16335510398946726
3,p2_primary_USAGE_OF_PRESSURIZED_SHEET_std,True,546.6250444697189,0.15274358754370596
3,p2_primary_WAFER_ROTATION_mean,True,0.12824066499919803,0.23923363810241738
3,p2_primary_duration,True,2.513210683850445,0.19492221451691485
3,p2_secondary_CENTER_AIR_BAG_PRESSURE_auc,True,1.7386679052282827,0.32379583350061014
3,p2_secondary_CENTER_AIR_BAG_PRESSURE_mean,True,1.7436132399503053,0.05793768989021168
3,p2_secondary_CENTER_AIR_BAG_PRESSURE_std,False,0.6671199990450033,-0.2292632805394871
3,p2_secondary_DRESSING_WATER_STATUS_auc,False,0.27045299114277044,-0.06792861026858191
3,p2_secondary_DRESSING_WATER_STATUS_mean,False,0.3912028860399289,0.1126929661384845
3,p2_secondary_DRESSING_WATER_STATUS_std,True,1.566391896415643,-0.006812777851502362
3,p2_secondary_EDGE_AIR_BAG_PRESSURE_auc,True,0.709501537240852,0.181231286381563
3,p2_secondary_EDGE_AIR_BAG_PRESSURE_mean,False,0.6981101713840369,-0.17677669529663687
3,p2_secondary_EDGE_AIR_BAG_PRESSURE_std,True,0.06069467908151087,0.32350638148808314
3,p2_secondary_HEAD_ROTATION_mean,True,1.665713088756557,-0.2258160125744451
3,p2_secondary_MAIN_OUTER_AIR_BAG_PRESSURE_auc,False,0.7884022579351576,-0.17677669529663706
3,p2_secondary_MAIN_OUTER_AIR_BAG_PRESSURE_mean,False,0.7819170686995126,-0.2696636839350711
3,p2_secondary_MAIN_OUTER_AIR_BAG_PRESSURE_std,True,0.5519298084490536,0.24438257134355892
3,p2_secondary_PRESSURIZED_CHAMBER_PRESSURE_auc,False,1.337590582059717,0.06648359934507134
3,p2_secondary_PRESSURIZED_CHAMBER_PRESSURE_mean,True,1.5568036282546873,-0.035948020923530284
3,p2_secondary_PRESSURIZED_CHAMBER_PRESSURE_std,False,1.3256319827663892,-0.08580067779716846
3,p2_secondary_RETAINER_RING_PRESSURE_auc,True,0.029660223481571508,0.3378341429045371
3,p2_secondary_RETAINER_RING_PRESSURE_mean,True,0.5991204561413139,0.17919490635987292
3,p2_secondary_RETAINER_RING_PRESSURE_std,False,0.16298323195387632,-0.12974808752997552
3,p2_secondary_RIPPLE_AIR_BAG_PRESSURE_auc,False,0.9470573602590702,0.0692084036745136
3,p2_secondary_RIPPLE_AIR_BAG_PRESSURE_mean,False,0.9568206091465656,-0.12487464905210968
3,p2_secondary_RIPPLE_AIR_BAG_PRESSURE_std,False,0.5005434215916188,-0.13556876042999086
3,p2_secondary_SLURRY_FLOW_LINE_A_auc,True,0.6950484215102849,0.16181259524677374
3,p2_secondary_SLURRY_FLOW_LINE_A_mean,True,0.8670228590129113,0.2678758737458638
3,p2_secondary_SLURRY_FLOW_LINE_A_std,False,0.11186546934202918,-0.24231951559947668
3,p2_secondary_SLURRY_FLOW_LINE_B_auc,False,0.34235704965145464,-0.12610104310934725
3,p2_secondary_SLURRY_FLOW_LINE_B_mean,False,0.3869606679110355,-0.06142180985111784
3,p2_secondary_SLURRY_FLOW_LINE_B_std,False,0.6137058712365027,-0.17091572132287575
3,p2_secondary_SLURRY_FLOW_LINE_C_auc,True,1.470021099906835,0.2169790987424713
3,p2_secondary_SLURRY_FLOW_LINE_C_mean,False,0.7698770390865318,-0.0802856753716418
3,p2_secondary_SLURRY_FLOW_LINE_C_std,False,0.3940874195989267,-0.14047244313215812
3,p2_secondary_STAGE_ROTATION_mean,False,1.3518621824238497,-0.09399295860986014
3,p2_secondary_USAGE_OF_BACKING_FILM_decreasing,True,14.881860611086665,-0.21879710215828618
3,p2_secondary_USAGE_OF_BACKING_FILM_mean,True,135529.91534118535,-0.0017740264112273989
3,p2_secondary_USAGE_OF_BACKING_FILM_std,True,63.46888849858544,0.30455857815038934
3,p2_secondary_USAGE_OF_DRESSER_TABLE_decreasing,True,2.8422722183610416,0.0
3,p2_secondary_USAGE_OF_DRESSER_TABLE_mean,True,2445.5090587788372,0.10556626057181034
3,p2_secondary_USAGE_OF_DRESSER_TABLE_std,True,2.472467750121343,0.0
3,p2_secondary_USAGE_OF_DRESSER_decreasing,False,1.0811823135839211,0.0
3,p2_secondary_USAGE_OF_DRESSER_mean,True,63.991328549302445,0.33674548891566586
3,p2_secondary_USAGE_OF_DRESSER_std,False,0.8151778652239304,0.0
3,p2_secondary_USAGE_OF_MEMBRANE_decreasing,True,265.7444172109754,-0.07665037387329254
3,p2_secondary_USAGE_OF_MEMBRANE_mean,True,351877.1365996269,-0.10712282136944962
3,p2_secondary_USAGE_OF_MEMBRANE_std,True,1009.4684432939097,0.188601380985949
3,p2_secondary_USAGE_OF_POLISHING_TABLE_decreasing,True,1.669806998300946,0.15960910532499495
3,p2_secondary_USAGE_OF_POLISHING_TABLE_mean,True,0.5266052790199822,0.45426748555857166
3,p2_secondary_USAGE_OF_POLISHING_TABLE_std,True,1.2833061052601797,0.2037316135262127
3,p2_secondary_USAGE_OF_PRESSURIZED_SHEET_decreasing,True,178.24429870275463,-0.2508965162202387
3,p2_secondary_USAGE_OF_PRESSURIZED_SHEET_mean,True,216822.13241189526,-0.15104974943344743
3,p2_secondary_USAGE_OF_PRESSURIZED_SHEET_std,True,716.2081388399795,0.16072253595087985
3,p2_secondary_WAFER_ROTATION_mean,False,0.012868698931790525,0.05269517973012777
3,p2_secondary_duration,True,2.359091169838786,-0.013960801811313935
4,lag_1,True,1.5831282521156924,0.4680303014034928
4,lag_2,False,0.26100047838335,0.051397888881692035
4,lag_3,True,0.23638294432843918,0.2598749894973802
4,lag_4,False,1.2000569425113516,-0.1051629554482742
4,lag_5,True,2.0870290484787217,-0.2173145682532858
4,lag_6,True,0.15727760008920494,0.26023143794952025
4,lag_7,True,0.579221819175607,0.23473486129228463
4,lag_8,True,1.9047810878253373,-0.011486392002183413
4,lag_9,True,2.638695871121575,-0.3151759156456384
4,lag_10,True,1.8206475260076447,0.424874598676935
4,lag_11,True,0.8998505587391805,0.16089193081128575
4,neighbor_1,True,8.808548574302376,1.7390382316651882
4,neighbor_2,True,2.7635431034706617,0.3627467102597118
4,neighbor_3,True,2.9585478506829035,1.0326067320321761
4,neighbor_4,True,0.2751307291108176,0.4646601174549487
4,neighbor_5,True,1.4242422570871986,0.4528210410174982
4,neighbor_6,True,0.16949161485894362,0.36446668580892083
4,neighbor_7,True,1.762514298014748,0.08000900816202253
4,neighbor_8,True,1.6469615290390192,0.22095424733143496
4,neighbor_9,True,2.64735061063247,0.3143877352126142
4,neighbor_10,True,1.204771412165745,0.24421707975958518
4,p2_primary_CENTER_AIR_BAG_PRESSURE_auc,True,1.2555884157335253,0.7423703995247111
4,p2_primary_CENTER_AIR_BAG_PRESSURE_mean,True,1.6213093051924374,-0.18150419305648122
4,p2_primary_CENTER_AIR_BAG_PRESSURE_std,True,1.5345187377462657,-0.2230110474963921
4,p2_primary_DRESSING_WATER_STATUS_auc,False,1.427208963346287,0.00866818366074832
4,p2_primary_DRESSING_WATER_STATUS_mean,True,1.5316897885811127,0.1861912320482425
4,p2_primary_DRESSING_WATER_STATUS_std,True,0.5798655561336747,0.21881434734145386
4,p2_primary_EDGE_AIR_BAG_PRESSURE_auc,True,3.5144147030830233,0.37081882374976516
4,p2_primary_EDGE_AIR_BAG_PRESSURE_mean,True,2.5177441453979883,0.270618242545535
4,p2_primary_EDGE_AIR_BAG_PRESSURE_std,True,0.015121642324256777,0.5481841930349678
4,p2_primary_HEAD_ROTATION_mean,True,0.9016985363705992,0.31937409522959925
4,p2_primary_MAIN_OUTER_AIR_BAG_PRESSURE_auc,True,0.05636036219068823,0.6015902439690447
4,p2_primary_MAIN_OUTER_AIR_BAG_PRESSURE_mean,True,0.76492466740146,0.3226158513817637
4,p2_primary_MAIN_OUTER_AIR_BAG_PRESSURE_std,True,1.0577834983915206,0.4820213074552461
4,p2_primary_PRESSURIZED_CHAMBER_PRESSURE_auc,True,1.7786753336809575,0.6926269298639292
4,p2_primary_PRESSURIZED_CHAMBER_PRESSURE_mean,True,0.21662357677526828,0.42731311653940834
4,p2_primary_PRESSURIZED_CHAMBER_PRESSURE_std,True,2.967502712642866,0.18519211115116474
4,p2_primary_RETAINER_RING_PRESSURE_auc,True,1.5196772753681953,0.27654987829810296
4,p2_primary_RETAINER_RING_PRESSURE_mean,False,1.3127491030668144,0.07020756570622975
4,p2_primary_RETAINER_RING_PRESSURE_std,True,2.10051098810549,-0.25591190486591425
4,p2_primary_RIPPLE_AIR_BAG_PRESSURE_auc,True,0.10032011422853483,0.4259608016701025
4,p2_primary_RIPPLE_AIR_BAG_PRESSURE_mean,True,0.552002939346989,0.4406747604038427
4,p2_primary_RIPPLE_AIR_BAG_PRESSURE_std,False,1.4821799286466923,0.07799505019780513
4,p2_primary_SLURRY_FLOW_LINE_A_auc,True,2.390385434896925,0.5738248397234047
4,p2_primary_SLURRY_FLOW_LINE_A_mean,True,0.1816001786986207,0.2308038241546988
4,p2_primary_SLURRY_FLOW_LINE_A_std,False,1.1096706916779173,-0.027957917973382915
4,p2_primary_SLURRY_FLOW_LINE_B_auc,True,0.369508656630522,0.291785195195433
4,p2_primary_SLURRY_FLOW_LINE_B_mean,False,0.15128215708132473,0.08865169659279842
4,p2_primary_SLURRY_FLOW_LINE_B_std,True,0.2352855604608788,0.29709070184242836
4,p2_primary_SLURRY_FLOW_LINE_C_auc,True,0.24827404025714755,0.3947675545376271
4,p2_primary_SLURRY_FLOW_LINE_C_mean,True,1.7943636564762961,0.3501109094561838
4,p2_primary_SLURRY_FLOW_LINE_C_std,True,2.995794243083647,-0.009550543885276354
4,p2_primary_STAGE_ROTATION_mean,True,3.888687671145255,0.2771463534110758
4,p2_primary_USAGE_OF_BACKING_FILM_decreasing,True,0.3817629831497277,0.21693759392871328
4,p2_primary_USAGE_OF_BACKING_FILM_mean,True,1538379.5794203302,0.14644564932509468
4,p2_primary_USAGE_OF_BACKING_FILM_std,True,5.539371944216997,0.11483353867529864
4,p2_primary_USAGE_OF_DRESSER_TABLE_decreasing,False,0.1973022644861358,-0.04884039001717007
4,p2_primary_USAGE_OF_DRESSER_TABLE_mean,True,275.853523870191,0.040462650080999744
4,p2_primary_USAGE_OF_DRESSER_TABLE_std,True,0.019796189502346715,0.17677669529663684
4,p2_primary_USAGE_OF_DRESSER_decreasing,True,0.13781840922025695,0.17770248287004078
4,p2_primary_USAGE_OF_DRESSER_mean,True,25.067335224630728,0.381136130768496
4,p2_primary_USAGE_OF_DRESSER_std,True,0.24675772447184152,0.2540754827861411
4,p2_primary_USAGE_OF_MEMBRANE_decreasing,True,33.504045303912754,-0.24471142821324296
4,p2_primary_USAGE_OF_MEMBRANE_mean,True,1655298.907846113,0.20886948038047035
4,p2_primary_USAGE_OF_MEMBRANE_std,True,58.68618196090243,-0.002880911904183202
4,p2_primary_USAGE_OF_POLISHING_TABLE_decreasing,True,1.7521898085310386,-0.2677607984647353
4,p2_primary_USAGE_OF_POLISHING_TABLE_mean,False,0.008463469366602134,0.03344013070395717
4,p2_primary_USAGE_OF_POLISHING_TABLE_std,True,1.6973618048265544,0.4508285305240736
4,p2_primary_USAGE_OF_PRESSURIZED_SHEET_decreasing,True,37.6375244254122,0.09788827091326359
4,p2_primary_USAGE_OF_PRESSURIZED_SHEET_mean,True,118284.25627808958,0.3105814530973027
4,p2_primary_USAGE_OF_PRESSURIZED_SHEET_std,True,67.53481193760503,0.39401281579996894
4,p2_primary_WAFER_ROTATION_mean,True,0.4338955718638088,0.36037047701871994
4,p2_primary_duration,False,0.29523560273688737,0.0958961155352088
4,p2_secondary_CENTER_AIR_BAG_PRESSURE_auc,False,1.154475713651789,0.04641352188280026
4,p2_secondary_CENTER_AIR_BAG_PRESSURE_mean,False,1.1827070427722886,0.0
4,p2_secondary_CENTER_AIR_BAG_PRESSURE_std,True,0.627881537822773,0.20849702819534163
4,p2_secondary_DRESSING_WATER_STATUS_auc,False,0.1976012879494853,0.08375719225719351
4,p2_secondary_DRESSING_WATER_STATUS_mean,False,0.1587899565169671,0.07614759268760704
4,p2_secondary_DRESSING_WATER_STATUS_std,False,1.4848742897886853,-0.08820877773603576
4,p2_secondary_EDGE_AIR_BAG_PRESSURE_auc,False,0.3620238283984428,0.015384113783294562
4,p2_secondary_EDGE_AIR_BAG_PRESSURE_mean,False,0.3131087622956316,-0.27062163328223604
4,p2_secondary_EDGE_AIR_BAG_PRESSURE_std,False,0.4942882028154532,0.08284561530346979
4,p2_secondary_HEAD_ROTATION_mean,False,0.026365056770537777,-0.1239286247538142
4,p2_secondary_MAIN_OUTER_AIR_BAG_PRESSURE_auc,True,0.18732498065346875,0.255944065965102
4,p2_secondary_MAIN_OUTER_AIR_BAG_PRESSURE_mean,True,0.24533152520593351,0.37297620699204165
4,p2_secondary_MAIN_OUTER_AIR_BAG_PRESSURE_std,True,0.829892851025556,0.15829859909006438
4,p2_secondary_PRESSURIZED_CHAMBER_PRESSURE_auc,True,0.46606117220627424,0.19430713763745233
4,p2_secondary_PRESSURIZED_CHAMBER_PRESSURE_mean,False,0.7332180831771657,-0.2764430991987722
4,p2_secondary_PRESSURIZED_CHAMBER_PRESSURE_std,True,2.188663879566269,-0.204482451174282
4,p2_secondary_RETAINER_RING_PRESSURE_auc,False,0.8473127084463781,-0.25372712993511404
4,p2_secondary_RETAINER_RING_PRESSURE_mean,False,0.5429001184721265,-0.07189088691538094
4,p2_secondary_RETAINER_RING_PRESSURE_std,False,0.8701961877986802,0.011997945039504665
4,p2_secondary_RIPPLE_AIR_BAG_PRESSURE_auc,True,0.6447321321228874,0.23825940612607904
4,p2_secondary_RIPPLE_AIR_BAG_PRESSURE_mean,False,0.632513070342945,-0.2312775677147434
4,p2_secondary_RIPPLE_AIR_BAG_PRESSURE_std,False,0.6559485605359798,-0.1504577843373956
4,p2_secondary_SLURRY_FLOW_LINE_A_auc,False,0.7720760947990267,-0.16415081965250414
4,p2_secondary_SLURRY_FLOW_LINE_A_mean,True,0.5762430257943774,0.18624622430955365
4,p2_secondary_SLURRY_FLOW_LINE_A_std,False,0.8638960108118123,-0.2796671260004038
4,p2_secondary_SLURRY_FLOW_LINE_B_auc,False,0.8725659296203838,-0.21578154307355996
4,p2_secondary_SLURRY_FLOW_LINE_B_mean,True,0.838180032141239,0.20678013388541777
4,p2_secondary_SLURRY_FLOW_LINE_B_std,True,0.7629399245363182,0.3151089564693123
4,p2_secondary_SLURRY_FLOW_LINE_C_auc,False,1.032265531145916,-0.2080134652936864
4,p2_secondary_SLURRY_FLOW_LINE_C_mean,False,0.5386428102174409,-0.36689319320901054
4,p2_secondary_SLURRY_FLOW_LINE_C_std,True,0.3523271072271448,0.1609551949267837
4,p2_secondary_STAGE_ROTATION_mean,True,0.9199588117720959,0.17492959877779768
4,p2_secondary_USAGE_OF_BACKING_FILM_decreasing,True,48.140879365724054,-0.2212700525301808
4,p2_secondary_USAGE_OF_BACKING_FILM_mean,True,103423.97642974733,-0.21280066163648326
4,p2_secondary_USAGE_OF_BACKING_FILM_std,True,83.41696843663145,0.11154035998727628
4,p2_secondary_USAGE_OF_DRESSER_TABLE_decreasing,True,2.687795394302446,0.0
4,p2_secondary_USAGE_OF_DRESSER_TABLE_mean,True,274.2490851623872,0.1464326630684368
4,p2_secondary_USAGE_OF_DRESSER_TABLE_std,True,2.3424613332941244,0.0
4,p2_secondary_USAGE_OF_DRESSER_decreasing,False,0.13451083152570753,0.0
4,p2_secondary_USAGE_OF_DRESSER_mean,True,24.740357128206455,0.28159013494591323
4,p2_secondary_USAGE_OF_DRESSER_std,False,0.05519851198495605,0.0
4,p2_secondary_USAGE_OF_MEMBRANE_decreasing,True,2069.573009455167,0.013373980260493879
4,p2_secondary_USAGE_OF_MEMBRANE_mean,True,75457.17217659613,0.1451119484587743
4,p2_secondary_USAGE_OF_MEMBRANE_std,True,3636.9821409129922,0.26799681496347366
4,p2_secondary_USAGE_OF_POLISHING_TABLE_decreasing,True,1.5832318225553252,-0.05064110843702418
4,p2_secondary_USAGE_OF_POLISHING_TABLE_mean,True,0.04390751704766479,0.2588023498724837
4,p2_secondary_USAGE_OF_POLISHING_TABLE_std,False,1.1520713985944953,0.02688887921671268
4,p2_secondary_USAGE_OF_PRESSURIZED_SHEET_decreasing,True,1820.6023573396915,-0.25349654073369327
4,p2_secondary_USAGE_OF_PRESSURIZED_SHEET_mean,True,27030.864419989357,0.09868423698963501
4,p2_secondary_USAGE_OF_PRESSURIZED_SHEET_std,True,3252.75699032904,-0.15271839651357214
4,p2_secondary_WAFER_ROTATION_mean,False,0.2501311081170736,-0.2683983975213897
4,p2_secondary_duration,False,1.0355060784257935,-0.2324797439208338
5,lag_1,True,1.889859969936632,0.6231971561837749
5,lag_2,True,0.5003527992194496,0.4262377495373663
5,lag_3,True,0.18732595186192996,0.15818432996641446
5,lag_4,True,0.2000360675257093,0.3027418125080268
5,lag_5,True,0.4983325577751822,0.36697749399890867
5,lag_6,True,0.765061662581399,0.27502969572090913
5,lag_7,False,0.007385639284563606,0.0923082553965581
5,lag_8,False,0.3192464365664967,0.06033619777380221
5,lag_9,True,0.3452813456885999,0.15485436710388692
5,lag_10,True,1.3405254103916524,0.2688274339631588
5,lag_11,True,0.4487121229774952,0.22957739779269812
5,neighbor_1,True,10.325880909899897,3.2835915520440393
5,neighbor_2,True,2.687531133477575,0.47398068685298284
5,neighbor_3,True,2.5215972551454393,0.4872704223291884
5,neighbor_4,True,0.8375817603911948,0.1993692583433762
5,neighbor_5,True,0.5586221124204702,0.4201341509541751
5,neighbor_6,True,2.820654314891608,0.2180510210412895
5,neighbor_7,True,0.405175947612116,0.19783411607193094
5,neighbor_8,True,1.4758250191504971,0.19282648045245843
5,neighbor_9,False,0.6463685425174378,-0.06506513288884874
5,neighbor_10,True,1.9967493972022923,0.28710230655381747
5,p2_primary_CENTER_AIR_BAG_PRESSURE_auc,True,0.2798745923115565,0.6735451816797828
5,p2_primary_CENTER_AIR_BAG_PRESSURE_mean,True,0.05751459456613959,0.343915101308364
5,p2_primary_CENTER_AIR_BAG_PRESSURE_std,False,1.1651108033219895,0.09853332781481902
5,p2_primary_DRESSING_WATER_STATUS_auc,False,1.1300220157599314,-0.1109041077020863
5,p2_primary_DRESSING_WATER_STATUS_mean,True,1.7590197790134916,0.11512042324801683
5,p2_primary_DRESSING_WATER_STATUS_std,True,1.7863434667654206,0.1869124122862317
5,p2_primary_EDGE_AIR_BAG_PRESSURE_auc,True,2.017379196761804,0.30022638417358505
5,p2_primary_EDGE_AIR_BAG_PRESSURE_mean,True,1.7019016092553385,-0.003936610385384929
5,p2_primary_EDGE_AIR_BAG_PRESSURE_std,True,0.5601780193998565,0.2306611289395156
5,p2_primary_HEAD_ROTATION_mean,False,1.2066118697414243,0.12214542121556418
5,p2_primary_MAIN_OUTER_AIR_BAG_PRESSURE_auc,True,1.0336268327173612,0.7161540465651287
5,p2_primary_MAIN_OUTER_AIR_BAG_PRESSURE_mean,False,0.6084909832774992,0.08734983822508449
5,p2_primary_MAIN_OUTER_AIR_BAG_PRESSURE_std,True,0.6811808711023056,0.46710940823457703
5,p2_primary_PRESSURIZED_CHAMBER_PRESSURE_auc,True,2.0023575089635237,0.593015308508722
5,p2_primary_PRESSURIZED_CHAMBER_PRESSURE_mean,False,0.9840285966828437,-0.009247745930312246
5,p2_primary_PRESSURIZED_CHAMBER_PRESSURE_std,True,1.0461022543241045,0.36559904099497814
5,p2_primary_RETAINER_RING_PRESSURE_auc,False,0.7505403877437266,-0.020558959635591356
5,p2_primary_RETAINER_RING_PRESSURE_mean,True,1.7494254557515874,0.2510088910308383
5,p2_primary_RETAINER_RING_PRESSURE_std,True,2.3572150796753784,-0.009702732323751587
5,p2_primary_RIPPLE_AIR_BAG_PRESSURE_auc,True,0.31913498198393225,0.3396055573654562
5,p2_primary_RIPPLE_AIR_BAG_PRESSURE_mean,True,0.008087037292609414,0.28653683289486803
5,p2_primary_RIPPLE_AIR_BAG_PRESSURE_std,True,0.5194091966982967,0.241342341652864
5,p2_primary_SLURRY_FLOW_LINE_A_auc,True,1.38071303182783,0.2240775538002088
5,p2_primary_SLURRY_FLOW_LINE_A_mean,False,0.7446633100576132,0.10843886542771206
5,p2_primary_SLURRY_FLOW_LINE_A_std,True,0.975580472051439,0.21710235897245747
5,p2_primary_SLURRY_FLOW_LINE_B_auc,True,2.4822239834952033,0.2574681732964662
5,p2_primary_SLURRY_FLOW_LINE_B_mean,True,0.23610989193198276,0.19092529346596684
5,p2_primary_SLURRY_FLOW_LINE_B_std,False,0.31022971349851575,0.1131063976089098
5,p2_primary_SLURRY_FLOW_LINE_C_auc,True,0.23307913285648071,0.8165164100166165
5,p2_primary_SLURRY_FLOW_LINE_C_mean,True,2.2332048969699505,0.22191785325441726
5,p2_primary_SLURRY_FLOW_LINE_C_std,True,3.348151933681963,0.3486412785244238
5,p2_primary_STAGE_ROTATION_mean,True,3.1742054139946356,0.34319979418920293
5,p2_primary_USAGE_OF_BACKING_FILM_decreasing,True,7.3137493914465965,-0.32541464244371726
5,p2_primary_USAGE_OF_BACKING_FILM_mean,True,214371.2726551577,0.2003722422369232
5,p2_primary_USAGE_OF_BACKING_FILM_std,True,72.57997783034966,0.121737883026882
5,p2_primary_USAGE_OF_DRESSER_TABLE_decreasing,False,0.24315212700718927,-0.24147828651600636
5,p2_primary_USAGE_OF_DRESSER_TABLE_mean,True,230.64055344101817,-0.01126152521425727
5,p2_primary_USAGE_OF_DRESSER_TABLE_std,False,0.34818705791670773,-0.16567225255022636
5,p2_primary_USAGE_OF_DRESSER_decreasing,True,1.8526577112763163,-0.13865794748341317
5,p2_primary_USAGE_OF_DRESSER_mean,True,82.2263788376145,0.3576436086794517
5,p2_primary_USAGE_OF_DRESSER_std,True,2.38286312123062,-0.059241476624388674
5,p2_primary_USAGE_OF_MEMBRANE_decreasing,True,24.426545929807457,-0.2618185263496062
5,p2_primary_USAGE_OF_MEMBRANE_mean,True,4760.738539745674,-0.176776695296637
5,p2_primary_USAGE_OF_MEMBRANE_std,True,388.8033405438507,0.3437708523359234
5,p2_primary_USAGE_OF_POLISHING_TABLE_decreasing,False,0.23437519597504738,-0.18287303928604826
5,p2_primary_USAGE_OF_POLISHING_TABLE_mean,True,0.4543597718142225,0.3449000541943222
5,p2_primary_USAGE_OF_POLISHING_TABLE_std,True,0.17633195245766456,0.2602907537866707
5,p2_primary_USAGE_OF_PRESSURIZED_SHEET_decreasing,True,23.35103240118148,-0.08624903225660237
5,p2_primary_USAGE_OF_PRESSURIZED_SHEET_mean,True,219443.6741821199,0.0970064931196297
5,p2_primary_USAGE_OF_PRESSURIZED_SHEET_std,True,352.67770582628424,-0.04820572314705521
5,p2_primary_WAFER_ROTATION_mean,True,0.49345970477742895,0.4015380731892846
5,p2_primary_duration,False,0.1607291266363071,0.09044750834556094
5,p2_secondary_CENTER_AIR_BAG_PRESSURE_auc,False,1.4600777444802158,-0.11276571706508147
5,p2_secondary_CENTER_AIR_BAG_PRESSURE_mean,False,1.4465844622757718,-0.14662527446656443
5,p2_secondary_CENTER_AIR_BAG_PRESSURE_std,False,0.5462021020659061,0.06255698694542916
5,p2_secondary_DRESSING_WATER_STATUS_auc,False,1.3128746137453136,-0.3430202996694923
5,p2_secondary_DRESSING_WATER_STATUS_mean,False,1.3660743022029345,0.04596335892294713
5,p2_secondary_DRESSING_WATER_STATUS_std,True,1.0854525138379658,0.23431865811742927
5,p2_secondary_EDGE_AIR_BAG_PRESSURE_auc,False,0.28159275924205396,0.026105263498060784
5,p2_secondary_EDGE_AIR_BAG_PRESSURE_mean,True,0.39071636542874794,0.27961103883354216
5,p2_secondary_EDGE_AIR_BAG_PRESSURE_std,False,0.5078650701973033,-0.18356493888097816
5,p2_secondary_HEAD_ROTATION_mean,True,1.8133285320681338,0.42005291472550776
5,p2_secondary_MAIN_OUTER_AIR_BAG_PRESSURE_auc,False,1.1120670192318411,0.022975616799206792
5,p2_secondary_MAIN_OUTER_AIR_BAG_PRESSURE_mean,True,0.9706172075515168,0.2178417255252594
5,p2_secondary_MAIN_OUTER_AIR_BAG_PRESSURE_std,True,2.0168006802249625,-0.08621904215453481
5,p2_secondary_PRESSURIZED_CHAMBER_PRESSURE_auc,True,2.4178802226671463,0.06626323243174108
5,p2_secondary_PRESSURIZED_CHAMBER_PRESSURE_mean,True,2.9964186544068023,-0.1349251862984891
5,p2_secondary_PRESSURIZED_CHAMBER_PRESSURE_std,True,1.9493391494384584,-0.0026601523183054426
5,p2_secondary_RETAINER_RING_PRESSURE_auc,True,0.07920368888821987,0.15247699196751816
5,p2_secondary_RETAINER_RING_PRESSURE_mean,True,1.7439188156870864,-0.14938463371691635
5,p2_secondary_RETAINER_RING_PRESSURE_std,True,1.6635799670686378,0.05532496756851152
5,p2_secondary_RIPPLE_AIR_BAG_PRESSURE_auc,False,0.5340621155377518,-0.19043380087700407
5,p2_secondary_RIPPLE_AIR_BAG_PRESSURE_mean,True,0.5817743169032065,0.3885299467197173
5,p2_secondary_RIPPLE_AIR_BAG_PRESSURE_std,False,0.5215354123695299,0.14511769738720123
5,p2_secondary_SLURRY_FLOW_LINE_A_auc,False,0.7555864421083291,-0.026458630441742532
5,p2_secondary_SLURRY_FLOW_LINE_A_mean,False,0.21591216539674588,-0.21468535715367587
5,p2_secondary_SLURRY_FLOW_LINE_A_std,True,0.3107377735354221,0.2956217123452082
5,p2_secondary_SLURRY_FLOW_LINE_B_auc,False,0.5443159669294114,0.02425650940661877
5,p2_secondary_SLURRY_FLOW_LINE_B_mean,True,0.5641314737327094,0.20108993387973623
5,p2_secondary_SLURRY_FLOW_LINE_B_std,True,1.1181254996748524,0.25831028921048027
5,p2_secondary_SLURRY_FLOW_LINE_C_auc,True,0.07110472946926902,0.4754870633391298
5,p2_secondary_SLURRY_FLOW_LINE_C_mean,False,0.17804160980357842,-0.25176159590991404
5,p2_secondary_SLURRY_FLOW_LINE_C_std,False,0.4186698607540831,0.1466444002790268
5,p2_secondary_STAGE_ROTATION_mean,False,0.15968975696170234,-0.07849610515285697
5,p2_secondary_USAGE_OF_BACKING_FILM_decreasing,True,32.778016525274204,-0.02849073913720725
5,p2_secondary_USAGE_OF_BACKING_FILM_mean,True,7724.552890805595,-0.18192488625739
5,p2_secondary_USAGE_OF_BACKING_FILM_std,True,139.21389114992937,-0.17793742859852274
5,p2_secondary_USAGE_OF_DRESSER_TABLE_decreasing,True,1.649425413211217,0.0
5,p2_secondary_USAGE_OF_DRESSER_TABLE_mean,True,234.0479837792287,-0.05508766707664101
5,p2_secondary_USAGE_OF_DRESSER_TABLE_std,False,1.2664499287526019,0.0
5,p2_secondary_USAGE_OF_DRESSER_decreasing,False,1.1418603675369254,0.0
5,p2_secondary_USAGE_OF_DRESSER_mean,True,81.98752981947008,0.39914350604758403
5,p2_secondary_USAGE_OF_DRESSER_std,False,1.153000150193439,0.0
5,p2_secondary_USAGE_OF_MEMBRANE_decreasing,True,240.42720949368567,-0.06632107560661292
5,p2_secondary_USAGE_OF_MEMBRANE_mean,True,3330.4782924461506,0.17677669529663703
5,p2_secondary_USAGE_OF_MEMBRANE_std,True,831.0972676070207,0.0
5,p2_secondary_USAGE_OF_POLISHING_TABLE_decreasing,False,1.123720864861519,-0.39680026273743846
5,p2_secondary_USAGE_OF_POLISHING_TABLE_mean,True,0.5054119134949243,0.31926388799275024
5,p2_secondary_USAGE_OF_POLISHING_TABLE_std,False,0.8398540046666405,0.12258899423908146
5,p2_secondary_USAGE_OF_PRESSURIZED_SHEET_decreasing,True,146.06195619564213,-0.23246914261890708
5,p2_secondary_USAGE_OF_PRESSURIZED_SHEET_mean,True,4614.491861986043,0.1767766952966368
5,p2_secondary_USAGE_OF_PRESSURIZED_SHEET_std,True,536.6792177721998,-0.16842208937191924
5,p2_secondary_WAFER_ROTATION_mean,True,0.43997750344639086,0.31821722214525683
5,p2_secondary_duration,False,0.06987216624614384,-0.22469352542206955
6,lag_1,True,2.0760751718107255,0.6326235701986292
6,lag_2,True,0.48002631162493875,0.3671333850673083
6,lag_3,True,0.8651049516834481,0.29553190794330747
6,lag_4,True,0.6086377919305044,0.2490079470890633
6,lag_5,True,0.008355193979228789,0.22430130303194354
6,lag_6,True,1.4707263582875598,0.2200507466101038
6,lag_7,True,0.293505541370418,0.2527102841007553
6,lag_8,False,1.4071528334378052,0.11266031621106065
6,lag_9,False,0.05378590683249323,0.10781040386117151
6,lag_10,False,0.129055074393505,0.01054064591537748
6,lag_11,True,0.22265216532754908,0.2799416773705206
6,neighbor_1,True,8.66898123779003,2.338367217870724
6,neighbor_2,True,2.639195486566205,0.9768267672667086
6,neighbor_3,True,1.813724210702545,0.8518195647994208
6,neighbor_4,True,2.145484295832841,0.6434403909397978
6,neighbor_5,True,1.6846947538846364,0.545201547775516
6,neighbor_6,True,1.3697784745427717,0.46989139871802754
6,neighbor_7,True,1.7503440062929874,0.3563204623765522
6,neighbor_8,True,1.3800204570294592,0.40852171526900455
6,neighbor_9,True,0.09881330432698511,0.4695482748629389
6,neighbor_10,False,0.4104786863968873,-0.24445355363072216
6,p2_primary_CENTER_AIR_BAG_PRESSURE_auc,True,0.023756098141170724,1.4499500603523057
6,p2_primary_CENTER_AIR_BAG_PRESSURE_mean,False,0.37488964487990567,-0.0651415219521279
6,p2_primary_CENTER_AIR_BAG_PRESSURE_std,True,1.6328067097129797,0.22658497313584325
6,p2_primary_DRESSING_WATER_STATUS_auc,False,1.2152997717821359,-0.038369238418944976
6,p2_primary_DRESSING_WATER_STATUS_mean,False,1.4663148451161234,0.03289980814618564
6,p2_primary_DRESSING_WATER_STATUS_std,True,0.955750994799571,0.3304408494202655
6,p2_primary_EDGE_AIR_BAG_PRESSURE_auc,True,2.892332156900566,0.34093594406258987
6,p2_primary_EDGE_AIR_BAG_PRESSURE_mean,True,1.8786081312534268,-0.10131266496581431
6,p2_primary_EDGE_AIR_BAG_PRESSURE_std,True,0.028201785544205604,0.6067845442896852
6,p2_primary_HEAD_ROTATION_mean,True,1.1443008379007378,0.5647880432219787
6,p2_primary_MAIN_OUTER_AIR_BAG_PRESSURE_auc,True,1.1761005721908762,0.5373590329957659
6,p2_primary_MAIN_OUTER_AIR_BAG_PRESSURE_mean,False,0.22237551342969755,0.14683531757425458
6,p2_primary_MAIN_OUTER_AIR_BAG_PRESSURE_std,True,1.080537931950873,0.2122386651590557
6,p2_primary_PRESSURIZED_CHAMBER_PRESSURE_auc,True,0.8768523557965257,0.4952428648200335
6,p2_primary_PRESSURIZED_CHAMBER_PRESSURE_mean,True,0.6934930870288092,0.23289390000358065
6,p2_primary_PRESSURIZED_CHAMBER_PRESSURE_std,True,1.6514240266981641,0.36658806002347427
6,p2_primary_RETAINER_RING_PRESSURE_auc,True,2.5465175975355807,0.37117467296834
6,p2_primary_RETAINER_RING_PRESSURE_mean,True,1.6352473731919341,-0.272226645966552
6,p2_primary_RETAINER_RING_PRESSURE_std,True,2.7602962258311217,-0.08984041351871677
6,p2_primary_RIPPLE_AIR_BAG_PRESSURE_auc,True,0.4551270149023374,0.4053919357846723
6,p2_primary_RIPPLE_AIR_BAG_PRESSURE_mean,True,0.07041589884450682,0.2965126431619153
6,p2_primary_RIPPLE_AIR_BAG_PRESSURE_std,True,1.5040030416692853,0.44383512937675207
6,p2_primary_SLURRY_FLOW_LINE_A_auc,True,1.995145936112603,0.8097578468184126
6,p2_primary_SLURRY_FLOW_LINE_A_mean,True,0.6507850939417829,0.17865865278677392
6,p2_primary_SLURRY_FLOW_LINE_A_std,True,0.1392510190456397,0.2602534574775227
6,p2_primary_SLURRY_FLOW_LINE_B_auc,True,1.8060049518582628,0.2744401667894763
6,p2_primary_SLURRY_FLOW_LINE_B_mean,False,0.3314515296023258,-0.017668491813537614
6,p2_primary_SLURRY_FLOW_LINE_B_std,False,0.2968480626299174,-0.005101740945767785
6,p2_primary_SLURRY_FLOW_LINE_C_auc,True,0.6505878288569136,0.7948673372031734
6,p2_primary_SLURRY_FLOW_LINE_C_mean,True,1.6633434059598302,0.40522778196957826
6,p2_primary_SLURRY_FLOW_LINE_C_std,True,1.9628243518063417,0.208947373525399
6,p2_primary_STAGE_ROTATION_mean,True,3.6108238365701024,-0.013773846751179085
6,p2_primary_USAGE_OF_BACKING_FILM_decreasing,False,0.14587747734487372,-0.13257466507877194
6,p2_primary_USAGE_OF_BACKING_FILM_mean,True,296723.60307179025,-0.21226405225903608
6,p2_primary_USAGE_OF_BACKING_FILM_std,True,8.321264125452005,0.30315660139943446
6,p2_primary_USAGE_OF_DRESSER_TABLE_decreasing,False,0.17558347973362634,-0.4256406395057664
6,p2_primary_USAGE_OF_DRESSER_TABLE_mean,True,1080.0662583587318,-0.03689035719804489
6,p2_primary_USAGE_OF_DRESSER_TABLE_std,False,0.35160906559123273,0.06757842844077941
6,p2_primary_USAGE_OF_DRESSER_decreasing,False,1.1167998290054377,-0.03867343547482049
6,p2_primary_USAGE_OF_DRESSER_mean,True,83.00580652984571,0.183564769594642
6,p2_primary_USAGE_OF_DRESSER_std,False,1.3284711308556436,-0.1259006918013248
6,p2_primary_USAGE_OF_MEMBRANE_decreasing,True,32.016922682779146,0.17677669529663678
6,p2_primary_USAGE_OF_MEMBRANE_mean,True,443868.69772736216,0.1908452452364964
6,p2_primary_USAGE_OF_MEMBRANE_std,True,626.1484422955151,-0.2264765400277289
6,p2_primary_USAGE_OF_POLISHING_TABLE_decreasing,True,2.478494455743662,0.27206984602997386
6,p2_primary_USAGE_OF_POLISHING_TABLE_mean,True,1.1333116700709953,0.3218735392887819
6,p2_primary_USAGE_OF_POLISHING_TABLE_std,True,2.3848700175494546,0.22251004786027054
6,p2_primary_USAGE_OF_PRESSURIZED_SHEET_decreasing,True,36.05484576778625,-0.17677669529663692
6,p2_primary_USAGE_OF_PRESSURIZED_SHEET_mean,True,146249.93524829065,0.3595910505966536
6,p2_primary_USAGE_OF_PRESSURIZED_SHEET_std,True,684.6025056840607,0.03300227439879717
6,p2_primary_WAFER_ROTATION_mean,True,1.0694107769935595,0.18317478145406324
6,p2_primary_duration,True,0.35576719254595346,0.2689007480512162
6,p2_secondary_CENTER_AIR_BAG_PRESSURE_auc,False,0.6279811476045353,-0.28682237319504633
6,p2_secondary_CENTER_AIR_BAG_PRESSURE_mean,False,0.6367169008915409,-0.04960199322845686
6,p2_secondary_CENTER_AIR_BAG_PRESSURE_std,False,0.4319632357703137,0.024399996376498537
6,p2_secondary_DRESSING_WATER_STATUS_auc,False,0.12040730188781214,-0.10739525658788157
6,p2_secondary_DRESSING_WATER_STATUS_mean,True,0.1618291687291895,0.2111708300472756
6,p2_secondary_DRESSING_WATER_STATUS_std,True,2.8536961287171363,-0.1081804184701965
6,p2_secondary_EDGE_AIR_BAG_PRESSURE_auc,False,0.8542302540938589,-0.006915682913854214
6,p2_secondary_EDGE_AIR_BAG_PRESSURE_mean,False,0.9414817089409899,-0.14956486738673397
6,p2_secondary_EDGE_AIR_BAG_PRESSURE_std,False,0.7107175161716195,-0.05794530329749027
6,p2_secondary_HEAD_ROTATION_mean,False,0.8755793000233507,0.14431358231769545
6,p2_secondary_MAIN_OUTER_AIR_BAG_PRESSURE_auc,False,0.7754303576816819,-0.20775542337435574
6,p2_secondary_MAIN_OUTER_AIR_BAG_PRESSURE_mean,False,0.6559808716133899,-0.07829784705939774
6,p2_secondary_MAIN_OUTER_AIR_BAG_PRESSURE_std,False,0.48223841318133914,-0.16573371113223886
6,p2_secondary_PRESSURIZED_CHAMBER_PRESSURE_auc,False,0.8093151186895301,-0.30013230727989404
6,p2_secondary_PRESSURIZED_CHAMBER_PRESSURE_mean,True,1.1253698713580875,0.19791596610721066
6,p2_secondary_PRESSURIZED_CHAMBER_PRESSURE_std,True,1.646540172767782,0.1409334235815647
6,p2_secondary_RETAINER_RING_PRESSURE_auc,False,0.28919652645329325,0.02154631611874017
6,p2_secondary_RETAINER_RING_PRESSURE_mean,True,0.22426318996657474,0.275901909132533
6,p2_secondary_RETAINER_RING_PRESSURE_std,False,0.13325700108672228,-0.09506796296973527
6,p2_secondary_RIPPLE_AIR_BAG_PRESSURE_auc,False,0.5078523643400205,-0.1998531163540654
6,p2_secondary_RIPPLE_AIR_BAG_PRESSURE_mean,False,0.3586507562472584,0.12237858321115215
6,p2_secondary_RIPPLE_AIR_BAG_PRESSURE_std,False,1.0335446500942902,0.08196889228493298
6,p2_secondary_SLURRY_FLOW_LINE_A_auc,True,1.5799662265152798,0.060049451326818146
6,p2_secondary_SLURRY_FLOW_LINE_A_mean,True,1.858978185344578,0.10737555174874162
6,p2_secondary_SLURRY_FLOW_LINE_A_std,True,0.11706416937346915,0.19920021815478642
6,p2_secondary_SLURRY_FLOW_LINE_B_auc,False,1.4750224836333887,-0.06038894966580229
6,p2_secondary_SLURRY_FLOW_LINE_B_mean,True,1.4812735673066693,0.23903155862056952
6,p2_secondary_SLURRY_FLOW_LINE_B_std,False,0.41091153349601306,-0.23152137492997185
6,p2_secondary_SLURRY_FLOW_LINE_C_auc,False,0.3278880365395878,-0.18350253875403472
6,p2_secondary_SLURRY_FLOW_LINE_C_mean,False,0.2715966256693451,-0.48679940674926336
6,p2_secondary_SLURRY_FLOW_LINE_C_std,True,0.1107279175168444,0.48640451406458934
6,p2_secondary_STAGE_ROTATION_mean,False,0.7650508803324835,0.08508879271291382
6,p2_secondary_USAGE_OF_BACKING_FILM_decreasing,True,7.657322193326331,-0.2058443829786776
6,p2_secondary_USAGE_OF_BACKING_FILM_mean,True,59146.82469757474,-0.15367711915622811
6,p2_secondary_USAGE_OF_BACKING_FILM_std,True,32.82572485916795,-0.13535984399284015
6,p2_secondary_USAGE_OF_DRESSER_TABLE_decreasing,True,2.0220599124649006,0.0
6,p2_secondary_USAGE_OF_DRESSER_TABLE_mean,True,1084.2463164669407,0.009953447782159756
6,p2_secondary_USAGE_OF_DRESSER_TABLE_std,True,1.778682556256331,0.0
6,p2_secondary_USAGE_OF_DRESSER_decreasing,False,0.1554770500502273,0.0
6,p2_secondary_USAGE_OF_DRESSER_mean,True,82.70555986413966,0.37677342965316807
6,p2_secondary_USAGE_OF_DRESSER_std,False,0.015320723220306982,0.0
6,p2_secondary_USAGE_OF_MEMBRANE_decreasing,True,115.37557141297746,-0.13980878888941392
6,p2_secondary_USAGE_OF_MEMBRANE_mean,True,377970.6932401145,0.04533121393577102
6,p2_secondary_USAGE_OF_MEMBRANE_std,True,362.4493088545537,0.04224555656958226
6,p2_secondary_USAGE_OF_POLISHING_TABLE_decreasing,True,1.8746923254996886,0.11320329961366972
6,p2_secondary_USAGE_OF_POLISHING_TABLE_mean,True,1.1797163246520679,0.43448005894592745
6,p2_secondary_USAGE_OF_POLISHING_TABLE_std,True,1.601967544959592,0.15081939378063614
6,p2_secondary_USAGE_OF_PRESSURIZED_SHEET_decreasing,True,106.5199905498701,0.17677669529663687
6,p2_secondary_USAGE_OF_PRESSURIZED_SHEET_mean,True,437830.3728250588,-0.03212230676245788
6,p2_secondary_USAGE_OF_PRESSURIZED_SHEET_std,True,369.8655472607377,0.17834224390778453
6,p2_secondary_WAFER_ROTATION_mean,False,0.45151820987488495,-0.21653412298848296
6,p2_secondary_duration,False,0.015759152796168477,0.02604629907962438
7,lag_1,True,1.7113052943932014,0.5311530741943767
7,lag_2,True,1.492221466129162,0.4636266313849153
7,lag_3,True,0.5439723594788042,0.16862675309007827
7,lag_4,True,0.6665636204043608,0.3146500146372318
7,lag_5,False,0.5657668564010678,-0.06041695415764656
7,lag_6,True,0.9870906850232788,0.3027831494058893
7,lag_7,True,1.7918040334718643,0.5430075783988979
7,lag_8,True,1.62878402996423,0.2017729875322703
7,lag_9,True,1.714863870569561,0.26566163394785686
7,lag_10,True,0.4242709343740073,0.3195105418512273
7,lag_11,True,1.6077998463003036,0.22216833470896621
7,neighbor_1,True,8.37702289049572,1.4527141005193096
7,neighbor_2,True,4.266758794176378,0.6654462873817699
7,neighbor_3,True,1.444613834970591,0.6152310282347752
7,neighbor_4,True,1.4311492595266062,0.4541384729542845
7,neighbor_5,True,0.3831910325290679,0.5921506398635838
7,neighbor_6,True,3.5927788967125998,0.21299597007286328
7,neighbor_7,True,0.8948787541127657,0.38467201519742744
7,neighbor_8,True,1.3731552505158626,0.4901955378765327
7,neighbor_9,False,1.286865263712097,-0.3347350287588274
7,neighbor_10,True,0.37666388569731063,0.1675299616961442
7,p2_primary_CENTER_AIR_BAG_PRESSURE_auc,True,1.1877330371660961,0.6866005281646836
7,p2_primary_CENTER_AIR_BAG_PRESSURE_mean,True,1.5571145395070451,0.41432528175969763
7,p2_primary_CENTER_AIR_BAG_PRESSURE_std,True,1.8213590457701188,0.1742437210049559
7,p2_primary_DRESSING_WATER_STATUS_auc,True,1.6493498764145091,0.2618802174878287
7,p2_primary_DRESSING_WATER_STATUS_mean,True,1.7762203300326356,0.4077998192208059
7,p2_primary_DRESSING_WATER_STATUS_std,True,0.8535442169935226,0.49703883711181296
7,p2_primary_EDGE_AIR_BAG_PRESSURE_auc,True,1.9907845570486804,0.37210868303866895
7,p2_primary_EDGE_AIR_BAG_PRESSURE_mean,False,0.8958587045775898,0.03277690570633982
7,p2_primary_EDGE_AIR_BAG_PRESSURE_std,True,0.5352885109349714,0.6720894005445548
7,p2_primary_HEAD_ROTATION_mean,False,0.8953609437529282,0.04913267399643386
7,p2_primary_MAIN_OUTER_AIR_BAG_PRESSURE_auc,True,0.545897870516377,0.6980966652634925
7,p2_primary_MAIN_OUTER_AIR_BAG_PRESSURE_mean,True,1.5153933873457637,0.03841669261423683
7,p2_primary_MAIN_OUTER_AIR_BAG_PRESSURE_std,True,1.576590633515138,0.27877552788946147
7,p2_primary_PRESSURIZED_CHAMBER_PRESSURE_auc,True,1.5467634781819248,0.8957126072971603
7,p2_primary_PRESSURIZED_CHAMBER_PRESSURE_mean,False,0.7939292951301868,0.12234964535553135
7,p2_primary_PRESSURIZED_CHAMBER_PRESSURE_std,True,2.548548444871829,0.14568701331225567
7,p2_primary_RETAINER_RING_PRESSURE_auc,True,2.0599495397329024,0.3431672000668755
7,p2_primary_RETAINER_RING_PRESSURE_mean,True,0.6432373908700814,0.3173879523963541
7,p2_primary_RETAINER_RING_PRESSURE_std,True,1.5450975093980637,0.15961045595816364
7,p2_primary_RIPPLE_AIR_BAG_PRESSURE_auc,True,0.29412697483123335,0.4279352696798732
7,p2_primary_RIPPLE_AIR_BAG_PRESSURE_mean,True,0.5539959471469259,0.39097529884258525
7,p2_primary_RIPPLE_AIR_BAG_PRESSURE_std,True,1.2593302170365281,0.1576731226475689
7,p2_primary_SLURRY_FLOW_LINE_A_auc,True,1.8019539447842892,0.7457741224416938
7,p2_primary_SLURRY_FLOW_LINE_A_mean,True,0.38461969653469585,0.3080067879296625
7,p2_primary_SLURRY_FLOW_LINE_A_std,True,0.15730002375154006,0.2727369897497152
7,p2_primary_SLURRY_FLOW_LINE_B_auc,True,0.9319790272433883,0.17720337480113035
7,p2_primary_SLURRY_FLOW_LINE_B_mean,True,2.420548522057696,-0.15920422232486067
7,p2_primary_SLURRY_FLOW_LINE_B_std,True,0.7640903127750279,0.2235002784047966
7,p2_primary_SLURRY_FLOW_LINE_C_auc,True,1.3869035435363875,0.754714225426437
7,p2_primary_SLURRY_FLOW_LINE_C_mean,False,1.284267960486165,0.12534068510353866
7,p2_primary_SLURRY_FLOW_LINE_C_std,True,3.112384988095555,0.21060984113642384
7,p2_primary_STAGE_ROTATION_mean,True,3.163696933315545,0.3123485095451041
7,p2_primary_USAGE_OF_BACKING_FILM_decreasing,True,4.349008696262523,0.27657598197649097
7,p2_primary_USAGE_OF_BACKING_FILM_mean,True,256628.57442280912,0.3143610888911879
7,p2_primary_USAGE_OF_BACKING_FILM_std,True,28.55073503790625,0.21166808286275932
7,p2_primary_USAGE_OF_DRESSER_TABLE_decreasing,True,0.021585459424207757,0.19617056632319438
7,p2_primary_USAGE_OF_DRESSER_TABLE_mean,True,77.21416037751248,0.17677669529663692
7,p2_primary_USAGE_OF_DRESSER_TABLE_std,False,0.1293386869272959,-0.06407396096997131
7,p2_primary_USAGE_OF_DRESSER_decreasing,False,0.49446635008166906,-0.24848643272764925
7,p2_primary_USAGE_OF_DRESSER_mean,True,313.1787073095154,0.4000411965779538
7,p2_primary_USAGE_OF_DRESSER_std,False,0.3156130385448142,-0.0051145408033533915
7,p2_primary_USAGE_OF_MEMBRANE_decreasing,True,44.8723410078104,0.0007898784788261462
7,p2_primary_USAGE_OF_MEMBRANE_mean,True,334842.6640594983,0.1896255892525838
7,p2_primary_USAGE_OF_MEMBRANE_std,True,753.5042615116971,-0.05026988333958692
7,p2_primary_USAGE_OF_POLISHING_TABLE_decreasing,False,0.6465988236988028,0.12808073296432035
7,p2_primary_USAGE_OF_POLISHING_TABLE_mean,True,0.8539929137721329,0.26722800158142784
7,p2_primary_USAGE_OF_POLISHING_TABLE_std,True,0.5834724647200235,0.23252409290118953
7,p2_primary_USAGE_OF_PRESSURIZED_SHEET_decreasing,True,46.58878414545,0.18281877975974997
7,p2_primary_USAGE_OF_PRESSURIZED_SHEET_mean,True,77952.71903793098,0.17940967152999632
7,p2_primary_USAGE_OF_PRESSURIZED_SHEET_std,True,811.5257898657627,0.2842918001979548
7,p2_primary_WAFER_ROTATION_mean,False,0.37380273746791265,0.04769501411020565
7,p2_primary_duration,True,2.470804960599988,0.2726915893515281
7,p2_secondary_CENTER_AIR_BAG_PRESSURE_auc,False,0.10376452450333222,0.05155153900693132
7,p2_secondary_CENTER_AIR_BAG_PRESSURE_mean,True,0.08992891851145192,0.2516254235420431
7,p2_secondary_CENTER_AIR_BAG_PRESSURE_std,False,0.24697838791853324,0.10715644893828259
7,p2_secondary_DRESSING_WATER_STATUS_auc,True,2.995547390694166,0.07264608195984164
7,p2_secondary_DRESSING_WATER_STATUS_mean,True,2.6379651935938706,0.08855515344452887
7,p2_secondary_DRESSING_WATER_STATUS_std,True,2.222112630172867,-0.24586106143851252
7,p2_secondary_EDGE_AIR_BAG_PRESSURE_auc,True,2.4721517433554085,-0.21061557133167869
7,p2_secondary_EDGE_AIR_BAG_PRESSURE_mean,True,2.5215125916409216,-0.28715194144797107
7,p2_secondary_EDGE_AIR_BAG_PRESSURE_std,False,1.166819528492042,0.024813459113855428
7,p2_secondary_HEAD_ROTATION_mean,False,0.4327435661888747,0.09431060036408992
7,p2_secondary_MAIN_OUTER_AIR_BAG_PRESSURE_auc,False,0.8797855265509009,-0.12291231444597249
7,p2_secondary_MAIN_OUTER_AIR_BAG_PRESSURE_mean,False,0.9360662060149214,-0.018261001405094675
7,p2_secondary_MAIN_OUTER_AIR_BAG_PRESSURE_std,False,0.9108668559632132,-0.33824866081053456
7,p2_secondary_PRESSURIZED_CHAMBER_PRESSURE_auc,True,0.9807981087153775,0.28232350296265146
7,p2_secondary_PRESSURIZED_CHAMBER_PRESSURE_mean,False,1.2669070084452685,-0.28492607782473334
7,p2_secondary_PRESSURIZED_CHAMBER_PRESSURE_std,True,1.5897671562742468,0.1986195567842937
7,p2_secondary_RETAINER_RING_PRESSURE_auc,False,0.536944713546582,-0.03452247790540109
7,p2_secondary_RETAINER_RING_PRESSURE_mean,True,2.0300552681202206,0.12548251979233474
7,p2_secondary_RETAINER_RING_PRESSURE_std,False,1.3131488000708469,-0.036720866724853654
7,p2_secondary_RIPPLE_AIR_BAG_PRESSURE_auc,False,0.8250648060087551,-0.10373554401011115
7,p2_secondary_RIPPLE_AIR_BAG_PRESSURE_mean,False,0.8206992890715136,0.05585532163190489
7,p2_secondary_RIPPLE_AIR_BAG_PRESSURE_std,False,1.1424594499123026,-0.08878128196900753
7,p2_secondary_SLURRY_FLOW_LINE_A_auc,True,2.3271982884423967,0.3313960779841398
7,p2_secondary_SLURRY_FLOW_LINE_A_mean,True,2.636975894088734,-0.03288524534691719
7,p2_secondary_SLURRY_FLOW_LINE_A_std,False,0.3678898940372961,-0.01309296904176269
7,p2_secondary_SLURRY_FLOW_LINE_B_auc,False,1.115942721096255,-0.26588044220210894
7,p2_secondary_SLURRY_FLOW_LINE_B_mean,False,1.077614660373124,-0.2294028147527753
7,p2_secondary_SLURRY_FLOW_LINE_B_std,False,0.36449062165273055,-0.1813286265147989
7,p2_secondary_SLURRY_FLOW_LINE_C_auc,False,0.7055668626389054,-0.24716180813674746
7,p2_secondary_SLURRY_FLOW_LINE_C_mean,True,1.3855844760993263,0.16375060207898814
7,p2_secondary_SLURRY_FLOW_LINE_C_std,True,0.6816879149787378,0.21897500396279868
7,p2_secondary_STAGE_ROTATION_mean,True,0.28158021127770977,0.2905981864780556
7,p2_secondary_USAGE_OF_BACKING_FILM_decreasing,False,0.6677702409134116,0.05727479235675394
7,p2_secondary_USAGE_OF_BACKING_FILM_mean,True,79236.34895909752,0.1767766952966369
7,p2_secondary_USAGE_OF_BACKING_FILM_std,True,0.4727611263683298,0.18685136615382222
7,p2_secondary_USAGE_OF_DRESSER_TABLE_decreasing,True,2.2939563881451797,0.0
7,p2_secondary_USAGE_OF_DRESSER_TABLE_mean,True,75.54925841357607,-0.044653345303378014
7,p2_secondary_USAGE_OF_DRESSER_TABLE_std,True,1.9978034447960515,0.0
7,p2_secondary_USAGE_OF_DRESSER_decreasing,False,0.1133133958175773,0.0
7,p2_secondary_USAGE_OF_DRESSER_mean,True,316.3553980549935,0.2741799262744864
7,p2_secondary_USAGE_OF_DRESSER_std,False,0.1673024927598514,0.0
7,p2_secondary_USAGE_OF_MEMBRANE_decreasing,True,287.9128476188462,-0.038792340421582874
7,p2_secondary_USAGE_OF_MEMBRANE_mean,True,389561.07027507084,0.06547869938926218
7,p2_secondary_USAGE_OF_MEMBRANE_std,True,886.4316086021971,0.2575892503404277
7,p2_secondary_USAGE_OF_POLISHING_TABLE_decreasing,True,0.07740454936316624,0.3362599855835056
7,p2_secondary_USAGE_OF_POLISHING_TABLE_mean,True,0.8979662760394964,0.4075502029950683
7,p2_secondary_USAGE_OF_POLISHING_TABLE_std,True,0.16268127460960505,0.22091368369100092
7,p2_secondary_USAGE_OF_PRESSURIZED_SHEET_decreasing,True,227.16707044907972,-0.11965883212541108
7,p2_secondary_USAGE_OF_PRESSURIZED_SHEET_mean,True,310472.60442400654,-0.049571717093795306
7,p2_secondary_USAGE_OF_PRESSURIZED_SHEET_std,True,736.1394212406911,-0.12200049003375363
7,p2_secondary_WAFER_ROTATION_mean,True,1.2910091237886907,0.1819534626278357
7,p2_secondary_duration,True,1.973135369215115,-0.031303216111219986
8,lag_1,True,2.14428716586882,0.2805661509339008
8,lag_2,True,1.0778693511766089,0.2356984771530018
8,lag_3,True,0.5509565104808632,0.1936422212672602
8,lag_4,True,0.15722260677521024,0.2110238824568113
8,lag_5,True,0.6238470138852601,0.27319577619735996
8,lag_6,True,1.4121846794149835,0.277000462034381
8,lag_7,False,0.4859225255105846,0.003212706698506235
8,lag_8,False,0.9850310020596172,-0.04990507830814757
8,lag_9,True,2.7708052830717387,0.12176794526851183
8,lag_10,False,0.8916134525315248,-0.08735931482208643
8,lag_11,True,1.5527264604246587,0.15516855620706418
8,neighbor_1,True,8.568868952814682,1.1659810502352805
8,neighbor_2,True,2.9623397479616655,0.9933806061477218
8,neighbor_3,True,3.212183010271365,0.5157285898180795
8,neighbor_4,True,0.6267885649145035,0.4528025959565486
8,neighbor_5,True,0.06827816382658171,0.2310344718642595
8,neighbor_6,True,2.6731203298429715,0.20713469175338492
8,neighbor_7,True,0.6014459945448073,0.15688100362076496
8,neighbor_8,True,0.1046850460625676,0.16012038221785505
8,neighbor_9,True,1.4064791193541664,0.277081932934353
8,neighbor_10,True,0.2653693262200161,0.30148452658374514
8,p2_primary_CENTER_AIR_BAG_PRESSURE_auc,True,0.439486389674332,0.47174553517356166
8,p2_primary_CENTER_AIR_BAG_PRESSURE_mean,False,0.8144910126861666,-0.23961815385816002
8,p2_primary_CENTER_AIR_BAG_PRESSURE_std,True,1.4255009083431,0.42065772065884766
8,p2_primary_DRESSING_WATER_STATUS_auc,True,1.420294363540079,0.24377029349758195
8,p2_primary_DRESSING_WATER_STATUS_mean,True,1.673325163211256,0.18573421684455618
8,p2_primary_DRESSING_WATER_STATUS_std,False,0.8615070968231452,0.09112920465487293
8,p2_primary_EDGE_AIR_BAG_PRESSURE_auc,True,2.017638696747648,0.2908241444503101
8,p2_primary_EDGE_AIR_BAG_PRESSURE_mean,True,0.6906335721953131,0.23165637086735333
8,p2_primary_EDGE_AIR_BAG_PRESSURE_std,True,0.7226249704995845,0.62198659713469
8,p2_primary_HEAD_ROTATION_mean,False,0.8739612073600471,-0.1389079493531249
8,p2_primary_MAIN_OUTER_AIR_BAG_PRESSURE_auc,True,0.4088595669785779,0.5063190750920158
8,p2_primary_MAIN_OUTER_AIR_BAG_PRESSURE_mean,True,0.790764451082497,0.2700571439199969
8,p2_primary_MAIN_OUTER_AIR_BAG_PRESSURE_std,True,1.7510611226828672,0.5368027613903162
8,p2_primary_PRESSURIZED_CHAMBER_PRESSURE_auc,True,0.7071582829261591,0.27689649199488026
8,p2_primary_PRESSURIZED_CHAMBER_PRESSURE_mean,True,1.7936047930200567,0.30918818159629374
8,p2_primary_PRESSURIZED_CHAMBER_PRESSURE_std,True,2.180026441439265,0.2663379520006743
8,p2_primary_RETAINER_RING_PRESSURE_auc,True,1.8560885018665538,0.28899677408122815
8,p2_primary_RETAINER_RING_PRESSURE_mean,False,0.15016569224055873,0.10149587769762049
8,p2_primary_RETAINER_RING_PRESSURE_std,True,0.9930528923421045,0.22862082609153708
8,p2_primary_RIPPLE_AIR_BAG_PRESSURE_auc,True,0.18416291123907924,0.38517297936389633
8,p2_primary_RIPPLE_AIR_BAG_PRESSURE_mean,True,0.4138177510704615,0.3424287873164121
8,p2_primary_RIPPLE_AIR_BAG_PRESSURE_std,True,2.499035280307249,0.06573273562586765
8,p2_primary_SLURRY_FLOW_LINE_A_auc,True,1.3541660640885353,0.5700289242153554
8,p2_primary_SLURRY_FLOW_LINE_A_mean,False,1.0488866552421507,0.018723096761091795
8,p2_primary_SLURRY_FLOW_LINE_A_std,True,2.210568052719116,0.4303154515451942
8,p2_primary_SLURRY_FLOW_LINE_B_auc,True,2.026187192320133,0.27175423154269573
8,p2_primary_SLURRY_FLOW_LINE_B_mean,True,1.3674311872291705,0.17766523385825886
8,p2_primary_SLURRY_FLOW_LINE_B_std,False,0.29527303640982205,-0.09616820578126044
8,p2_primary_SLURRY_FLOW_LINE_C_auc,True,0.21884750725580585,0.5133811502357105
8,p2_primary_SLURRY_FLOW_LINE_C_mean,True,1.7380457920955201,0.4197710147574824
8,p2_primary_SLURRY_FLOW_LINE_C_std,True,1.557142882038397,0.0003248061813281852
8,p2_primary_STAGE_ROTATION_mean,True,3.9780435912330043,0.31685306192960067
8,p2_primary_USAGE_OF_BACKING_FILM_decreasing,True,7.281587293300446,-0.11803675975854351
8,p2_primary_USAGE_OF_BACKING_FILM_mean,True,1161110.6836622725,0.24466971457258413
8,p2_primary_USAGE_OF_BACKING_FILM_std,True,66.79561029279198,0.1687970055925108
8,p2_primary_USAGE_OF_DRESSER_TABLE_decreasing,False,1.0320871699552197,-0.017614038397309795
8,p2_primary_USAGE_OF_DRESSER_TABLE_mean,True,2179.7138217780084,0.11341434769446702
8,p2_primary_USAGE_OF_DRESSER_TABLE_std,True,0.7966352812459083,0.1520086425544681
8,p2_primary_USAGE_OF_DRESSER_decreasing,False,0.5262439458980414,-0.021654968627160414
8,p2_primary_USAGE_OF_DRESSER_mean,True,8.896666896708503,0.5359349934479829
8,p2_primary_USAGE_OF_DRESSER_std,False,0.7508804095748831,0.016284652788647328
8,p2_primary_USAGE_OF_MEMBRANE_decreasing,True,31.892424208638086,0.19093633800688162
8,p2_primary_USAGE_OF_MEMBRANE_mean,True,1410865.2023925425,0.17677669529663675
8,p2_primary_USAGE_OF_MEMBRANE_std,True,621.307150907854,0.19846526491726488
8,p2_primary_USAGE_OF_POLISHING_TABLE_decreasing,True,1.705559184328975,-0.1625917640464647
8,p2_primary_USAGE_OF_POLISHING_TABLE_mean,True,0.6828194776926151,0.3381827325970217
8,p2_primary_USAGE_OF_POLISHING_TABLE_std,True,1.686610502847203,0.4630989259645756
8,p2_primary_USAGE_OF_PRESSURIZED_SHEET_decreasing,True,31.10016311541014,-0.10188294972304503
8,p2_primary_USAGE_OF_PRESSURIZED_SHEET_mean,True,245695.13957713166,0.18543316632909837
8,p2_primary_USAGE_OF_PRESSURIZED_SHEET_std,True,596.6482173254001,0.30490055899253454
8,p2_primary_WAFER_ROTATION_mean,False,1.326026893125078,0.0627168184156991
8,p2_primary_duration,True,5.6481338603641,0.19077700071105444
8,p2_secondary_CENTER_AIR_BAG_PRESSURE_auc,True,0.7393725169116787,0.30242080890920775
8,p2_secondary_CENTER_AIR_BAG_PRESSURE_mean,False,0.7829687698586371,-0.2424239785661056
8,p2_secondary_CENTER_AIR_BAG_PRESSURE_std,False,0.8446736682808491,-0.2359867445987213
8,p2_secondary_DRESSING_WATER_STATUS_auc,True,0.5861277530955742,0.22242244768045172
8,p2_secondary_DRESSING_WATER_STATUS_mean,False,0.6449656671691776,-0.04066842733221946
8,p2_secondary_DRESSING_WATER_STATUS_std,True,1.7028520074878173,-0.04147826118894109
8,p2_secondary_EDGE_AIR_BAG_PRESSURE_auc,False,0.14491885692975737,-0.2214341148705128
8,p2_secondary_EDGE_AIR_BAG_PRESSURE_mean,True,0.3430454443045503,0.2438184995716968
8,p2_secondary_EDGE_AIR_BAG_PRESSURE_std,False,1.1379749156685732,0.05571944542519259
8,p2_secondary_HEAD_ROTATION_mean,False,0.2073132237406958,-0.26497299930916784
8,p2_secondary_MAIN_OUTER_AIR_BAG_PRESSURE_auc,False,0.06664770029010672,-0.10553298267521277
8,p2_secondary_MAIN_OUTER_AIR_BAG_PRESSURE_mean,True,0.12658057322755203,0.2019365536282306
8,p2_secondary_MAIN_OUTER_AIR_BAG_PRESSURE_std,False,0.5641348910001215,-0.08805768451712881
8,p2_secondary_PRESSURIZED_CHAMBER_PRESSURE_auc,False,0.7461542209341465,-0.22152381598681053
8,p2_secondary_PRESSURIZED_CHAMBER_PRESSURE_mean,False,1.1884039625997254,-0.1255273224211716
8,p2_secondary_PRESSURIZED_CHAMBER_PRESSURE_std,True,1.749067395153244,-0.13486395989000957
8,p2_secondary_RETAINER_RING_PRESSURE_auc,False,1.3188985577975343,-0.06569034619558754
8,p2_secondary_RETAINER_RING_PRESSURE_mean,True,0.6698800451049062,0.15390131967937493
8,p2_secondary_RETAINER_RING_PRESSURE_std,False,0.8318774684236797,0.11073416175237379
8,p2_secondary_RIPPLE_AIR_BAG_PRESSURE_auc,False,0.6649695924333909,-0.043049682611721526
8,p2_secondary_RIPPLE_AIR_BAG_PRESSURE_mean,True,0.5683726859016326,0.24766234345018381
8,p2_secondary_RIPPLE_AIR_BAG_PRESSURE_std,False,0.07199345029387604,-0.317236203900112
8,p2_secondary_SLURRY_FLOW_LINE_A_auc,False,0.5295704663781734,-0.21982459070756208
8,p2_secondary_SLURRY_FLOW_LINE_A_mean,False,0.08728220765186832,0.0377749808269847
8,p2_secondary_SLURRY_FLOW_LINE_A_std,False,1.169301988293569,0.01267521950264805
8,p2_secondary_SLURRY_FLOW_LINE_B_auc,False,1.435531130444737,-0.09047002806277474
8,p2_secondary_SLURRY_FLOW_LINE_B_mean,False,1.3867066559952186,-0.19390792110267124
8,p2_secondary_SLURRY_FLOW_LINE_B_std,False,0.8345190831211731,-0.247753457054532
8,p2_secondary_SLURRY_FLOW_LINE_C_auc,False,0.24483323948071622,-0.08886671967915737
8,p2_secondary_SLURRY_FLOW_LINE_C_mean,False,0.0690833134215272,0.0032154925508634732
8,p2_secondary_SLURRY_FLOW_LINE_C_std,True,1.0130592417982522,0.18855143226019444
8,p2_secondary_STAGE_ROTATION_mean,False,0.8697543723283913,-0.028200068534590724
8,p2_secondary_USAGE_OF_BACKING_FILM_decreasing,True,5.557790298037689,0.11252874270007175
8,p2_secondary_USAGE_OF_BACKING_FILM_mean,True,66396.40621038227,0.10945344086106394
8,p2_secondary_USAGE_OF_BACKING_FILM_std,True,26.658300753289303,-0.055074281380795606
8,p2_secondary_USAGE_OF_DRESSER_TABLE_decreasing,True,2.764591822322176,0.0
8,p2_secondary_USAGE_OF_DRESSER_TABLE_mean,True,2276.4978661040477,0.11958371194811794
8,p2_secondary_USAGE_OF_DRESSER_TABLE_std,True,2.4430261967253766,0.0
8,p2_secondary_USAGE_OF_DRESSER_decreasing,False,0.46323780590565833,0.0
8,p2_secondary_USAGE_OF_DRESSER_mean,True,8.50902712994028,0.31990080122077547
8,p2_secondary_USAGE_OF_DRESSER_std,False,0.6043974948144386,0.0
8,p2_secondary_USAGE_OF_MEMBRANE_decreasing,True,1708.744713578655,0.17677669529663692
8,p2_secondary_USAGE_OF_MEMBRANE_mean,True,1633760.6175931157,0.3212046210559365
8,p2_secondary_USAGE_OF_MEMBRANE_std,True,6466.576111117367,0.2885164784053796
8,p2_secondary_USAGE_OF_POLISHING_TABLE_decreasing,False,0.35715189593041063,-0.035130337029719606
8,p2_secondary_USAGE_OF_POLISHING_TABLE_mean,True,0.7362149170342904,0.4386431837708509
8,p2_secondary_USAGE_OF_POLISHING_TABLE_std,False,0.05371749120005884,-0.14705402284344637
8,p2_secondary_USAGE_OF_PRESSURIZED_SHEET_decreasing,True,1431.1590263626354,0.17677669529663687
8,p2_secondary_USAGE_OF_PRESSURIZED_SHEET_mean,True,1700215.9550004788,0.2549193158805887
8,p2_secondary_USAGE_OF_PRESSURIZED_SHEET_std,True,5702.50297564309,0.1827004325251328
8,p2_secondary_WAFER_ROTATION_mean,False,0.727763971828273,-0.04975778681908263
8,p2_secondary_duration,True,0.7309904461586314,0.22583196257668026
9,lag_1,True,1.0899657641299942,0.4114759243619088
9,lag_2,True,1.4550487760808652,0.4735411321497131
9,lag_3,True,0.016069608671422774,0.16755916931097964
9,lag_4,True,0.3637333122142181,0.36887608498791935
9,lag_5,True,0.4656245423776615,0.32721909781669234
9,lag_6,True,2.306772753645928,-0.05285228924787024
9,lag_7,False,0.8655112381205987,-0.17717702825318649
9,lag_8,True,1.8913348176546048,0.12366274632753499
9,lag_9,False,1.4083705096766195,0.11467877219579044
9,lag_10,True,0.8316256528172667,0.24125061014633153
9,lag_11,False,0.3086122917383674,0.0657123659431013
9,neighbor_1,True,6.455975040605798,1.3365126793954418
9,neighbor_2,True,2.8099341391408954,0.6430829710276308
9,neighbor_3,True,2.9226952417416254,0.8649780276375167
9,neighbor_4,True,1.468323305575726,0.38045216970774093
9,neighbor_5,True,0.5510126835994698,0.2238866885358313
9,neighbor_6,True,0.9975475438469995,0.1591049991095381
9,neighbor_7,True,1.8879081675612936,0.470665555172359
9,neighbor_8,True,0.28783919271090413,0.37860114466173994
9,neighbor_9,False,0.5976877177989703,0.03932498085793069
9,neighbor_10,False,0.4104155204098555,0.08743141753404887
9,p2_primary_CENTER_AIR_BAG_PRESSURE_auc,True,0.32358425009845054,0.551980965161545
9,p2_primary_CENTER_AIR_BAG_PRESSURE_mean,False,0.7276559970659239,0.11625962056902658
9,p2_primary_CENTER_AIR_BAG_PRESSURE_std,True,1.9531169413724123,0.047095406875845416
9,p2_primary_DRESSING_WATER_STATUS_auc,False,0.10981764776020436,-0.019122390190340677
9,p2_primary_DRESSING_WATER_STATUS_mean,True,0.39627560696590247,0.35098431683228676
9,p2_primary_DRESSING_WATER_STATUS_std,True,0.7503971986711631,0.23912357593298844
9,p2_primary_EDGE_AIR_BAG_PRESSURE_auc,True,3.705823220445952,0.43802440203947235
9,p2_primary_EDGE_AIR_BAG_PRESSURE_mean,True,2.6921271040166292,0.10560667767573771
9,p2_primary_EDGE_AIR_BAG_PRESSURE_std,True,0.3377170304731148,0.5220914180399714
9,p2_primary_HEAD_ROTATION_mean,False,0.5501674665195848,-0.12830481405889552
9,p2_primary_MAIN_OUTER_AIR_BAG_PRESSURE_auc,True,0.6537370592095834,0.36943885636429463
9,p2_primary_MAIN_OUTER_AIR_BAG_PRESSURE_mean,False,0.295238988478081,0.101043210702368
9,p2_primary_MAIN_OUTER_AIR_BAG_PRESSURE_std,True,1.0940536303346067,0.30089984786870183
9,p2_primary_PRESSURIZED_CHAMBER_PRESSURE_auc,True,1.3951090546748344,0.3482588884543352
9,p2_primary_PRESSURIZED_CHAMBER_PRESSURE_mean,True,1.0239479925419832,0.26234244576655713
9,p2_primary_PRESSURIZED_CHAMBER_PRESSURE_std,True,2.5156463231966026,0.1990083630718705
9,p2_primary_RETAINER_RING_PRESSURE_auc,True,2.111598875742161,0.4133502271182235
9,p2_primary_RETAINER_RING_PRESSURE_mean,False,0.6807850612516995,-0.026057260001536717
9,p2_primary_RETAINER_RING_PRESSURE_std,True,1.7829828349705124,0.12827268900795152
9,p2_primary_RIPPLE_AIR_BAG_PRESSURE_auc,True,0.6475393677201907,0.8842127691333943
9,p2_primary_RIPPLE_AIR_BAG_PRESSURE_mean,True,0.25880265386097806,0.2670540486401896
9,p2_primary_RIPPLE_AIR_BAG_PRESSURE_std,True,1.7823173756262891,0.2777210015551938
9,p2_primary_SLURRY_FLOW_LINE_A_auc,True,2.3249111483863745,0.6108020301360936
9,p2_primary_SLURRY_FLOW_LINE_A_mean,False,0.6399030165944719,-0.005755631801562631
9,p2_primary_SLURRY_FLOW_LINE_A_std,True,0.4699245699360988,0.1713372051782477
9,p2_primary_SLURRY_FLOW_LINE_B_auc,False,0.5686805909283864,0.07845615609474035
9,p2_primary_SLURRY_FLOW_LINE_B_mean,False,0.017245117771909638,0.089403969148099
9,p2_primary_SLURRY_FLOW_LINE_B_std,True,0.06623879180123912,0.4251206284307375
9,p2_primary_SLURRY_FLOW_LINE_C_auc,True,0.5692292749928395,0.29932690188493316
9,p2_primary_SLURRY_FLOW_LINE_C_mean,True,1.2505924381109303,0.42323457909000467
9,p2_primary_SLURRY_FLOW_LINE_C_std,True,2.7839468969582915,-0.0010520072697565443
9,p2_primary_STAGE_ROTATION_mean,True,3.6424052360093664,0.269225641924815
9,p2_primary_USAGE_OF_BACKING_FILM_decreasing,True,18.36186070571577,0.0419603847030936
9,p2_primary_USAGE_OF_BACKING_FILM_mean,True,853938.7664789492,0.13058604512195504
9,p2_primary_USAGE_OF_BACKING_FILM_std,True,37.85188734865527,0.21802234921142577
9,p2_primary_USAGE_OF_DRESSER_TABLE_decreasing,False,0.03218067507621618,0.11699193719643737
9,p2_primary_USAGE_OF_DRESSER_TABLE_mean,True,264.718606513515,-0.15664091251277995
9,p2_primary_USAGE_OF_DRESSER_TABLE_std,False,0.06812288272912584,0.09739323504993443
9,p2_primary_USAGE_OF_DRESSER_decreasing,True,0.24324707111988841,0.3161149350898473
9,p2_primary_USAGE_OF_DRESSER_mean,True,65.38292054338027,0.29557849754448706
9,p2_primary_USAGE_OF_DRESSER_std,False,0.06305808003270304,-0.1344547511081897
9,p2_primary_USAGE_OF_MEMBRANE_decreasing,True,36.490163389211006,-0.2681561439885972
9,p2_primary_USAGE_OF_MEMBRANE_mean,True,964973.6530312018,0.052017178689267925
9,p2_primary_USAGE_OF_MEMBRANE_std,True,60.13450357876652,0.07738823944040005
9,p2_primary_USAGE_OF_POLISHING_TABLE_decreasing,False,0.9310561839442081,0.1356680612520907
9,p2_primary_USAGE_OF_POLISHING_TABLE_mean,False,1.1087935869421959,0.1317000823562392
9,p2_primary_USAGE_OF_POLISHING_TABLE_std,True,0.8050905667249848,0.46796369760832635
9,p2_primary_USAGE_OF_PRESSURIZED_SHEET_decreasing,True,49.67571705371357,-0.3007436237181221
9,p2_primary_USAGE_OF_PRESSURIZED_SHEET_mean,True,111800.12201817665,0.1616216145265643
9,p2_primary_USAGE_OF_PRESSURIZED_SHEET_std,True,85.45683143802364,0.1974407540010523
9,p2_primary_WAFER_ROTATION_mean,False,0.2178871714400472,0.13312314181211468
9,p2_primary_duration,True,0.3805811168220342,0.297098732732702
9,p2_secondary_CENTER_AIR_BAG_PRESSURE_auc,False,0.363082956482352,-0.16358487664619947
9,p2_secondary_CENTER_AIR_BAG_PRESSURE_mean,False,0.37940519862543637,-0.06398351711701998
9,p2_secondary_CENTER_AIR_BAG_PRESSURE_std,False,0.31209606369918025,-0.29894438222012815
9,p2_secondary_DRESSING_WATER_STATUS_auc,False,0.3049483969200862,0.14329598557305426
9,p2_secondary_DRESSING_WATER_STATUS_mean,True,0.3604770309062643,0.3575875340657586
9,p2_secondary_DRESSING_WATER_STATUS_std,False,1.270793539541213,0.09470122210019612
9,p2_secondary_EDGE_AIR_BAG_PRESSURE_auc,False,0.039658743444185934,-0.1768713138965623
9,p2_secondary_EDGE_AIR_BAG_PRESSURE_mean,True,0.13931262897460506,0.15415961244132714
9,p2_secondary_EDGE_AIR_BAG_PRESSURE_std,False,0.9957458752874516,0.0950838012963645
9,p2_secondary_HEAD_ROTATION_mean,False,0.4967260088394832,0.016301875061362284
9,p2_secondary_MAIN_OUTER_AIR_BAG_PRESSURE_auc,False,0.16948800258210364,-0.08271271324069841
9,p2_secondary_MAIN_OUTER_AIR_BAG_PRESSURE_mean,True,0.1777548437612891,0.23990563374114013
9,p2_secondary_MAIN_OUTER_AIR_BAG_PRESSURE_std,False,0.7769997350803923,-0.251214025299348
9,p2_secondary_PRESSURIZED_CHAMBER_PRESSURE_auc,True,0.6401962068639376,0.24749739753353076
9,p2_secondary_PRESSURIZED_CHAMBER_PRESSURE_mean,True,1.0501680941931135,0.28462573241231875
9,p2_secondary_PRESSURIZED_CHAMBER_PRESSURE_std,True,1.9803049420179162,0.14305738197543297
9,p2_secondary_RETAINER_RING_PRESSURE_auc,True,1.7501312928618264,0.10378614780315652
9,p2_secondary_RETAINER_RING_PRESSURE_mean,True,0.6765061749785409,0.15281523262393218
9,p2_secondary_RETAINER_RING_PRESSURE_std,False,0.015884941027747672,0.1274782473899001
9,p2_secondary_RIPPLE_AIR_BAG_PRESSURE_auc,False,0.1683424800353781,-0.21516485846297206
9,p2_secondary_RIPPLE_AIR_BAG_PRESSURE_mean,False,0.18393019091009533,-0.19588013469203203
9,p2_secondary_RIPPLE_AIR_BAG_PRESSURE_std,True,0.6293761909260343,0.24766537896005617
9,p2_secondary_SLURRY_FLOW_LINE_A_auc,True,2.0604550896779834,0.18238586225179484
9,p2_secondary_SLURRY_FLOW_LINE_A_mean,True,1.9624048718712346,-0.13255307898474425
9,p2_secondary_SLURRY_FLOW_LINE_A_std,False,0.23976869219772282,-0.34461206762706686
9,p2_secondary_SLURRY_FLOW_LINE_B_auc,True,1.9306493463460004,-0.19529556772690518
9,p2_secondary_SLURRY_FLOW_LINE_B_mean,True,1.949987714008079,0.24620193273692975
9,p2_secondary_SLURRY_FLOW_LINE_B_std,False,0.5562871016681207,0.047405214420919856
9,p2_secondary_SLURRY_FLOW_LINE_C_auc,False,0.36407577032628,-0.06536289845211105
9,p2_secondary_SLURRY_FLOW_LINE_C_mean,False,0.049926741918508336,0.0896055140338547
9,p2_secondary_SLURRY_FLOW_LINE_C_std,False,0.8028869180418389,0.14727674920433015
9,p2_secondary_STAGE_ROTATION_mean,True,1.5051780999793773,-0.15255863776828293
9,p2_secondary_USAGE_OF_BACKING_FILM_decreasing,True,46.4282055980549,-0.1694220542207911
9,p2_secondary_USAGE_OF_BACKING_FILM_mean,True,177256.23271221181,0.1712422216243184
9,p2_secondary_USAGE_OF_BACKING_FILM_std,True,197.82932312134463,-0.14298927758320673
9,p2_secondary_USAGE_OF_DRESSER_TABLE_decreasing,True,1.6146640246746427,0.0
9,p2_secondary_USAGE_OF_DRESSER_TABLE_mean,True,267.5282644940868,0.10621275582751409
9,p2_secondary_USAGE_OF_DRESSER_TABLE_std,False,1.080832500105443,0.0
9,p2_secondary_USAGE_OF_DRESSER_decreasing,False,0.4574303155738011,0.0
9,p2_secondary_USAGE_OF_DRESSER_mean,True,64.59076016426461,0.29812761374874275
9,p2_secondary_USAGE_OF_DRESSER_std,False,0.7177318195913983,0.0
9,p2_secondary_USAGE_OF_MEMBRANE_decreasing,True,1513.8032919340756,0.2345313068836247
9,p2_secondary_USAGE_OF_MEMBRANE_mean,True,111499.70912712076,0.3419579274087053
9,p2_secondary_USAGE_OF_MEMBRANE_std,True,5865.472415980214,0.1343547069901059
9,p2_secondary_USAGE_OF_POLISHING_TABLE_decreasing,False,1.1339217090839304,-0.2322508669435544
9,p2_secondary_USAGE_OF_POLISHING_TABLE_mean,False,1.1611326365576968,-0.06260501311305877
9,p2_secondary_USAGE_OF_POLISHING_TABLE_std,False,0.8497520681952351,0.07552203879784762
9,p2_secondary_USAGE_OF_PRESSURIZED_SHEET_decreasing,True,1603.1064484597205,0.1767766952966369
9,p2_secondary_USAGE_OF_PRESSURIZED_SHEET_mean,True,66498.12477930586,0.17677669529663675
9,p2_secondary_USAGE_OF_PRESSURIZED_SHEET_std,True,6213.667974958484,-0.001238905244451581
9,p2_secondary_WAFER_ROTATION_mean,False,0.7267857264091462,-0.054394926908551786
9,p2_secondary_duration,False,0.5413827073439973,-0.2052635980057763
10,lag_1,True,1.1206586042275217,0.5149888563013183
10,lag_2,False,1.0830073722878713,0.12793948425023374
10,lag_3,True,1.1722157005378049,0.34420270594279617
10,lag_4,True,0.32565941269838694,0.3563439196368242
10,lag_5,False,0.3911059837803832,-0.35943331547799273
10,lag_6,False,0.7874818833614879,-0.08549371534035562
10,lag_7,False,0.2087903555558746,0.09436037342077837
10,lag_8,True,0.5058858436363745,0.3041515757339138
10,lag_9,True,0.20411365780223478,0.18263196444315913
10,lag_10,True,0.2557323601738546,0.2273871125984236
10,lag_11,True,2.0085700116578775,0.19102604090399086
10,neighbor_1,True,9.411779739935556,3.1073717863820183
10,neighbor_2,True,4.081996797118793,0.6993254009217031
10,neighbor_3,True,0.6956565753007141,0.6239734088603617
10,neighbor_4,True,1.9585363108313136,0.5546344639528209
10,neighbor_5,True,1.3544537279415076,0.32834829480645483
10,neighbor_6,False,0.13715193649419033,0.11830479412623467
10,neighbor_7,True,0.47507950681933614,0.2153312300451385
10,neighbor_8,True,0.805192893574597,0.1771740779199019
10,neighbor_9,False,0.5648533980499125,-0.06955639348140313
10,neighbor_10,False,1.3628197015341166,-0.0625810901974744
10,p2_primary_CENTER_AIR_BAG_PRESSURE_auc,True,0.44033479626834776,0.7367602875870419
10,p2_primary_CENTER_AIR_BAG_PRESSURE_mean,True,0.7894963325504956,0.23088655504969804
10,p2_primary_CENTER_AIR_BAG_PRESSURE_std,True,1.7408238287127997,0.3366579164547336
10,p2_primary_DRESSING_WATER_STATUS_auc,True,1.7898439228966623,0.3546911259670916
10,p2_primary_DRESSING_WATER_STATUS_mean,True,1.5269226759459416,0.16569044801368213
10,p2_primary_DRESSING_WATER_STATUS_std,True,0.04213311479464944,0.26018420756812916
10,p2_primary_EDGE_AIR_BAG_PRESSURE_auc,True,2.873518421044509,0.3072374178545703
10,p2_primary_EDGE_AIR_BAG_PRESSURE_mean,True,1.7916445762733517,0.13285584126225602
10,p2_primary_EDGE_AIR_BAG_PRESSURE_std,True,0.07990830180356666,0.5861243841355165
10,p2_primary_HEAD_ROTATION_mean,False,0.9391073775404535,0.05234763743271678
10,p2_primary_MAIN_OUTER_AIR_BAG_PRESSURE_auc,True,0.7679861821397121,0.5292611292761364
10,p2_primary_MAIN_OUTER_AIR_BAG_PRESSURE_mean,False,0.2348773523376374,0.073653071981175
10,p2_primary_MAIN_OUTER_AIR_BAG_PRESSURE_std,True,1.0827716407372656,0.18046924644139983
10,p2_primary_PRESSURIZED_CHAMBER_PRESSURE_auc,True,0.09008974928839145,0.24648245718293874
10,p2_primary_PRESSURIZED_CHAMBER_PRESSURE_mean,False,1.4467145205420575,-0.02138361134691282
10,p2_primary_PRESSURIZED_CHAMBER_PRESSURE_std,True,2.4677707633360493,0.4336331142512319
10,p2_primary_RETAINER_RING_PRESSURE_auc,True,2.800852475718715,0.23142203450957674
10,p2_primary_RETAINER_RING_PRESSURE_mean,False,0.7592070386021962,0.12620508852532825
10,p2_primary_RETAINER_RING_PRESSURE_std,True,1.9689053906006817,0.16205709106325647
10,p2_primary_RIPPLE_AIR_BAG_PRESSURE_auc,True,0.0023722131555540464,0.7662637987243768
10,p2_primary_RIPPLE_AIR_BAG_PRESSURE_mean,True,0.4875906093066805,0.40720098716639225
10,p2_primary_RIPPLE_AIR_BAG_PRESSURE_std,True,2.2871189993302505,-0.1021840036104487
10,p2_primary_SLURRY_FLOW_LINE_A_auc,True,2.222510819377367,0.7408227596657813
10,p2_primary_SLURRY_FLOW_LINE_A_mean,False,0.8111073248630443,0.06405811660382671
10,p2_primary_SLURRY_FLOW_LINE_A_std,False,0.1488389694978101,0.09312007401548757
10,p2_primary_SLURRY_FLOW_LINE_B_auc,True,1.8824806212708176,0.17796206067433828
10,p2_primary_SLURRY_FLOW_LINE_B_mean,True,0.6418244442704093,0.36252871658182906
10,p2_primary_SLURRY_FLOW_LINE_B_std,True,0.6890051458565315,0.34981241368482885
10,p2_primary_SLURRY_FLOW_LINE_C_auc,True,0.0703755251249173,0.581574760084593
10,p2_primary_SLURRY_FLOW_LINE_C_mean,True,1.9227606998626166,0.28173788097023766
10,p2_primary_SLURRY_FLOW_LINE_C_std,True,2.137301619270782,0.2734061703030642
10,p2_primary_STAGE_ROTATION_mean,True,4.027142402939678,0.2858983885077504
10,p2_primary_USAGE_OF_BACKING_FILM_decreasing,True,16.318855729670478,-0.14313173923207964
10,p2_primary_USAGE_OF_BACKING_FILM_mean,True,10087762.64878611,0.12343585999847097
10,p2_primary_USAGE_OF_BACKING_FILM_std,True,23.673690603686527,-0.1531729183507709
10,p2_primary_USAGE_OF_DRESSER_TABLE_decreasing,False,0.12030090539611543,-0.1326512370070348
10,p2_primary_USAGE_OF_DRESSER_TABLE_mean,True,5036.889420882494,0.20702249783517424
10,p2_primary_USAGE_OF_DRESSER_TABLE_std,False,0.3656562808858257,-0.07455203293221391
10,p2_primary_USAGE_OF_DRESSER_decreasing,False,0.6730947886540007,0.008094480034973414
10,p2_primary_USAGE_OF_DRESSER_mean,True,73.52651619626025,0.39157394854605493
10,p2_primary_USAGE_OF_DRESSER_std,False,1.0181589393518904,0.011742424737522118
10,p2_primary_USAGE_OF_MEMBRANE_decreasing,True,41.18387129967974,-0.2875637799975128
10,p2_primary_USAGE_OF_MEMBRANE_mean,True,11565716.075159384,0.23563030000089
10,p2_primary_USAGE_OF_MEMBRANE_std,True,50.678658535824006,0.28034233248542045
10,p2_primary_USAGE_OF_POLISHING_TABLE_decreasing,False,1.2693313734795517,0.06376990058263898
10,p2_primary_USAGE_OF_POLISHING_TABLE_mean,True,0.901639033509417,0.2724361403620205
10,p2_primary_USAGE_OF_POLISHING_TABLE_std,True,1.2999300707466706,0.26268885618659604
10,p2_primary_USAGE_OF_PRESSURIZED_SHEET_decreasing,True,59.38073779171333,-0.3432219604426358
10,p2_primary_USAGE_OF_PRESSURIZED_SHEET_mean,True,1537961.3701103914,0.17315714051293263
10,p2_primary_USAGE_OF_PRESSURIZED_SHEET_std,True,74.31747396088252,0.15210727295806079
10,p2_primary_WAFER_ROTATION_mean,True,0.5863367589065662,0.1846655048559489
10,p2_primary_duration,True,0.8921706845159972,0.18848274327629097
10,p2_secondary_CENTER_AIR_BAG_PRESSURE_auc,False,0.10673195436470165,0.03799423556756594
10,p2_secondary_CENTER_AIR_BAG_PRESSURE_mean,False,0.14456085372945485,-0.020934241054727593
10,p2_secondary_CENTER_AIR_BAG_PRESSURE_std,True,0.028370846207299336,0.18087548385157148
10,p2_secondary_DRESSING_WATER_STATUS_auc,False,0.11315180256011552,0.10997745677849413
10,p2_secondary_DRESSING_WATER_STATUS_mean,True,0.1582854099947991,0.23466165284730714
10,p2_secondary_DRESSING_WATER_STATUS_std,False,1.0436743924791863,-0.12936154537832573
10,p2_secondary_EDGE_AIR_BAG_PRESSURE_auc,False,0.7787555472202756,0.0037172597866539396
10,p2_secondary_EDGE_AIR_BAG_PRESSURE_mean,False,0.6865008934904486,-0.2284212444694548
10,p2_secondary_EDGE_AIR_BAG_PRESSURE_std,False,0.15626821391765897,-0.05012106151172574
10,p2_secondary_HEAD_ROTATION_mean,False,0.5519636739783141,-0.3355331099327787
10,p2_secondary_MAIN_OUTER_AIR_BAG_PRESSURE_auc,True,1.126733310257553,0.25769561474635083
10,p2_secondary_MAIN_OUTER_AIR_BAG_PRESSURE_mean,False,1.1598770344206815,0.0495689421207487
10,p2_secondary_MAIN_OUTER_AIR_BAG_PRESSURE_std,False,1.1838703512508435,-0.25835481670402655
10,p2_secondary_PRESSURIZED_CHAMBER_PRESSURE_auc,True,1.849608929050399,-0.2290427292862961
10,p2_secondary_PRESSURIZED_CHAMBER_PRESSURE_mean,True,2.2876528447897746,0.09499959210701434
10,p2_secondary_PRESSURIZED_CHAMBER_PRESSURE_std,True,2.131668128528815,0.3002425568087059
10,p2_secondary_RETAINER_RING_PRESSURE_auc,False,0.18387191815100415,-0.1857545028418766
10,p2_secondary_RETAINER_RING_PRESSURE_mean,True,0.9593702221007229,0.15925448600922826
10,p2_secondary_RETAINER_RING_PRESSURE_std,True,0.07900675576075064,0.2392506150001621
10,p2_secondary_RIPPLE_AIR_BAG_PRESSURE_auc,False,1.0078963016720002,-0.07130654548456201
10,p2_secondary_RIPPLE_AIR_BAG_PRESSURE_mean,False,0.9227534152193777,-0.18529791027981432
10,p2_secondary_RIPPLE_AIR_BAG_PRESSURE_std,False,0.15902825703071152,-0.12961156444702393
10,p2_secondary_SLURRY_FLOW_LINE_A_auc,True,0.7314230788709288,0.20268041052944147
10,p2_secondary_SLURRY_FLOW_LINE_A_mean,False,0.7562125405012982,0.08443676877648476
10,p2_secondary_SLURRY_FLOW_LINE_A_std,False,0.6955844435539543,-0.25752417428720126
10,p2_secondary_SLURRY_FLOW_LINE_B_auc,False,0.9954786330886944,-0.260377521749755
10,p2_secondary_SLURRY_FLOW_LINE_B_mean,True,0.9747316557329766,0.1804162282672802
10,p2_secondary_SLURRY_FLOW_LINE_B_std,True,0.35335435833039736,0.16650682779325876
10,p2_secondary_SLURRY_FLOW_LINE_C_auc,False,1.4229725612398767,0.09217594759103052
10,p2_secondary_SLURRY_FLOW_LINE_C_mean,True,0.8792277316215448,0.22815052635869812
10,p2_secondary_SLURRY_FLOW_LINE_C_std,True,0.28832110118601995,0.17885663689225473
10,p2_secondary_STAGE_ROTATION_mean,False,1.2983969122125383,0.13768219114753533
10,p2_secondary_USAGE_OF_BACKING_FILM_decreasing,True,14.53224843404055,-0.33515381389479143
10,p2_secondary_USAGE_OF_BACKING_FILM_mean,True,169508.62697894167,0.10722929779379764
10,p2_secondary_USAGE_OF_BACKING_FILM_std,True,63.19986289113578,0.17698833572624922
10,p2_secondary_USAGE_OF_DRESSER_TABLE_decreasing,True,2.061986976979174,0.0
10,p2_secondary_USAGE_OF_DRESSER_TABLE_mean,True,5226.559135134113,0.12796778816343865
10,p2_secondary_USAGE_OF_DRESSER_TABLE_std,True,1.9422385791448376,0.0
10,p2_secondary_USAGE_OF_DRESSER_decreasing,False,1.159548692750871,0.0
10,p2_secondary_USAGE_OF_DRESSER_mean,True,72.36799471004177,0.11066178045727133
10,p2_secondary_USAGE_OF_DRESSER_std,False,1.3670717830830423,0.0
10,p2_secondary_USAGE_OF_MEMBRANE_decreasing,True,546.7003435491032,0.05812924025039765
10,p2_secondary_USAGE_OF_MEMBRANE_mean,True,26822734.837995544,-0.14594586127464457
10,p2_secondary_USAGE_OF_MEMBRANE_std,True,2006.09327078317,-0.17677669529663675
10,p2_secondary_USAGE_OF_POLISHING_TABLE_decreasing,True,1.7328106485518633,-0.08194283951125271
10,p2_secondary_USAGE_OF_POLISHING_TABLE_mean,True,0.9605139893281563,0.28278936312502256
10,p2_secondary_USAGE_OF_POLISHING_TABLE_std,False,1.2676512691565172,-0.06118319568535868
10,p2_secondary_USAGE_OF_PRESSURIZED_SHEET_decreasing,True,501.8297332154728,0.24678090032612912
10,p2_secondary_USAGE_OF_PRESSURIZED_SHEET_mean,True,26417114.426402,-0.18017717452371
10,p2_secondary_USAGE_OF_PRESSURIZED_SHEET_std,True,1844.2504569910113,0.07989071466975484
10,p2_secondary_WAFER_ROTATION_mean,True,0.6621942230103524,0.19293412911309601
10,p2_secondary_duration,True,0.15193321187544137,0.1881209065150776
11,lag_1,True,0.8236867097673835,0.5844114128393311
11,lag_2,False,0.68827759331859,0.14539280295441911
11,lag_3,True,1.8475497164727401,0.274194644920776
11,lag_4,True,1.763592746369662,0.017425483025728966
11,lag_5,False,0.31236833077458465,-0.19892064406073057
11,lag_6,True,1.6604974687899754,-0.18230751462024053
11,lag_7,True,0.45120339159423095,0.22889364948044727
11,lag_8,True,0.2015902740475278,0.2407823653511608
11,lag_9,True,1.668769233057,0.2432335575430454
11,lag_10,False,0.3363041696641953,-0.06324904765986453
11,lag_11,True,2.1345292814893875,0.14386347542161035
11,neighbor_1,True,9.392606473555812,1.6508422187487277
11,neighbor_2,True,3.0374143569961647,0.583091318582905
11,neighbor_3,True,1.5007484089761256,0.6026906758781371
11,neighbor_4,True,2.1268244578867708,0.36273951685692896
11,neighbor_5,True,0.7642641864733726,0.4182473249624117
11,neighbor_6,True,0.6034894481216785,0.2578808936144583
11,neighbor_7,False,0.5345175029459368,-0.23654313094590904
11,neighbor_8,False,0.2859295801260841,-0.004249012179635282
11,neighbor_9,True,0.9892074043480664,0.15417801617335794
11,neighbor_10,False,0.12934951823791643,-0.007745454438235674
11,p2_primary_CENTER_AIR_BAG_PRESSURE_auc,True,1.070545304730551,0.961063584993256
11,p2_primary_CENTER_AIR_BAG_PRESSURE_mean,False,1.4412072294800828,0.03942375445910757
11,p2_primary_CENTER_AIR_BAG_PRESSURE_std,True,1.5780235018923863,-0.06132543088990684
11,p2_primary_DRESSING_WATER_STATUS_auc,True,0.7069983776571346,0.3604167625456464
11,p2_primary_DRESSING_WATER_STATUS_mean,False,0.4860368896955429,0.07519871760043699
11,p2_primary_DRESSING_WATER_STATUS_std,True,0.17634019387815952,0.15889307093010752
11,p2_primary_EDGE_AIR_BAG_PRESSURE_auc,True,2.5103016905837836,0.14358146603077568
11,p2_primary_EDGE_AIR_BAG_PRESSURE_mean,True,1.8238507912071036,0.25978341369941066
11,p2_primary_EDGE_AIR_BAG_PRESSURE_std,True,0.42958013996727235,0.3384938436309182
11,p2_primary_HEAD_ROTATION_mean,False,0.14521867096203334,-0.19082535724502275
11,p2_primary_MAIN_OUTER_AIR_BAG_PRESSURE_auc,True,0.37013425552499907,0.6693033302098164
11,p2_primary_MAIN_OUTER_AIR_BAG_PRESSURE_mean,True,1.077433614323905,0.2936797362594472
11,p2_primary_MAIN_OUTER_AIR_BAG_PRESSURE_std,True,1.573183638920741,0.42044508844292444
11,p2_primary_PRESSURIZED_CHAMBER_PRESSURE_auc,True,1.9591371420721129,0.5169406357065164
11,p2_primary_PRESSURIZED_CHAMBER_PRESSURE_mean,False,0.04200479825408977,-0.16629974010730827
11,p2_primary_PRESSURIZED_CHAMBER_PRESSURE_std,True,1.8797776874878624,0.19473827822772968
11,p2_primary_RETAINER_RING_PRESSURE_auc,True,1.4048529342966218,0.41334916695023843
11,p2_primary_RETAINER_RING_PRESSURE_mean,False,0.9894869115782865,-0.07490240000771935
11,p2_primary_RETAINER_RING_PRESSURE_std,True,1.6559401687396986,0.15622349136917787
11,p2_primary_RIPPLE_AIR_BAG_PRESSURE_auc,True,0.39845080193785176,0.5502526101253422
11,p2_primary_RIPPLE_AIR_BAG_PRESSURE_mean,True,0.16506176126557692,0.4747032379997358
11,p2_primary_RIPPLE_AIR_BAG_PRESSURE_std,True,0.17606480986584566,0.20871987843115106
11,p2_primary_SLURRY_FLOW_LINE_A_auc,True,2.346854494375567,0.5041484049941138
11,p2_primary_SLURRY_FLOW_LINE_A_mean,True,0.03475002839192647,0.4784763149982874
11,p2_primary_SLURRY_FLOW_LINE_A_std,True,0.9380152418050549,0.5383487750550878
11,p2_primary_SLURRY_FLOW_LINE_B_auc,True,1.2902145417363204,0.3271882583339136
11,p2_primary_SLURRY_FLOW_LINE_B_mean,True,0.4855354047089722,0.18447352076553944
11,p2_primary_SLURRY_FLOW_LINE_B_std,False,0.8180080333050641,-0.22196111004569724
11,p2_primary_SLURRY_FLOW_LINE_C_auc,True,0.6598354710334537,0.7856793204478271
11,p2_primary_SLURRY_FLOW_LINE_C_mean,True,2.2819457679208224,0.028583594202309975
11,p2_primary_SLURRY_FLOW_LINE_C_std,True,1.6490553825100578,0.18378325119760078
11,p2_primary_STAGE_ROTATION_mean,True,3.076790539005547,0.2659110362349999
11,p2_primary_USAGE_OF_BACKING_FILM_decreasing,True,23.081250223000698,0.12714910858293374
11,p2_primary_USAGE_OF_BACKING_FILM_mean,True,1650735.5398692521,-0.16353071265168098
11,p2_primary_USAGE_OF_BACKING_FILM_std,True,34.50307959208544,0.28039523895729834
11,p2_primary_USAGE_OF_DRESSER_TABLE_decreasing,False,0.7878108701942912,0.13678047071559885
11,p2_primary_USAGE_OF_DRESSER_TABLE_mean,True,1164.6546193434808,0.11162786001374561
11,p2_primary_USAGE_OF_DRESSER_TABLE_std,False,0.9939211707532318,0.14241040407398003
11,p2_primary_USAGE_OF_DRESSER_decreasing,True,0.8156701286530582,0.15151451951744116
11,p2_primary_USAGE_OF_DRESSER_mean,True,86.51314589029617,0.3849049949712335
11,p2_primary_USAGE_OF_DRESSER_std,False,0.4655394984576074,-0.036877807650585126
11,p2_primary_USAGE_OF_MEMBRANE_decreasing,True,16.630267727696296,-0.21348565444739884
11,p2_primary_USAGE_OF_MEMBRANE_mean,True,908379.4219731481,-0.19627144578947855
11,p2_primary_USAGE_OF_MEMBRANE_std,True,16.36392119951841,-0.062095062479464995
11,p2_primary_USAGE_OF_POLISHING_TABLE_decreasing,False,0.1269360660358693,-0.19666044991695475
11,p2_primary_USAGE_OF_POLISHING_TABLE_mean,True,1.1455963558329374,0.33010157879748264
11,p2_primary_USAGE_OF_POLISHING_TABLE_std,True,0.1808170741065303,0.16492822707170582
11,p2_primary_USAGE_OF_PRESSURIZED_SHEET_decreasing,True,31.669167700943305,0.20322432899727738
11,p2_primary_USAGE_OF_PRESSURIZED_SHEET_mean,True,743978.5118730987,0.2300279852827981
11,p2_primary_USAGE_OF_PRESSURIZED_SHEET_std,True,36.4700191018287,-0.1767766952966369
11,p2_primary_WAFER_ROTATION_mean,True,0.13047825743146757,0.3713579328019384
11,p2_primary_duration,True,0.23462542807423165,0.21956621279034136
11,p2_secondary_CENTER_AIR_BAG_PRESSURE_auc,False,0.44146649075116023,0.005146297768291846
11,p2_secondary_CENTER_AIR_BAG_PRESSURE_mean,False,0.31514754525942323,-0.08455806152334072
11,p2_secondary_CENTER_AIR_BAG_PRESSURE_std,False,0.14701659369952488,0.12136301836295127
11,p2_secondary_DRESSING_WATER_STATUS_auc,False,0.3197679895808489,-0.18581779900414028
11,p2_secondary_DRESSING_WATER_STATUS_mean,True,0.21225105380043546,0.2696298651963943
11,p2_secondary_DRESSING_WATER_STATUS_std,True,1.8003724790134994,-0.2370855487886456
11,p2_secondary_EDGE_AIR_BAG_PRESSURE_auc,False,0.05201092023729501,-0.18793597943726553
11,p2_secondary_EDGE_AIR_BAG_PRESSURE_mean,False,0.2449053951535798,-0.03975101577115274
11,p2_secondary_EDGE_AIR_BAG_PRESSURE_std,True,0.7439172509314829,0.2533513346980002
11,p2_secondary_HEAD_ROTATION_mean,False,0.0773836752372714,0.024485846261400213
11,p2_secondary_MAIN_OUTER_AIR_BAG_PRESSURE_auc,False,1.3483657326038208,-0.34194355676521204
11,p2_secondary_MAIN_OUTER_AIR_BAG_PRESSURE_mean,True,1.4687818074835262,0.19327659794369953
11,p2_secondary_MAIN_OUTER_AIR_BAG_PRESSURE_std,True,1.4082343109499136,0.2833583533387988
11,p2_secondary_PRESSURIZED_CHAMBER_PRESSURE_auc,False,0.672875054181147,-0.18519087260460373
11,p2_secondary_PRESSURIZED_CHAMBER_PRESSURE_mean,False,0.9991844092167919,0.12836484954143706
11,p2_secondary_PRESSURIZED_CHAMBER_PRESSURE_std,True,1.7838636146953781,-0.2586349368696313
11,p2_secondary_RETAINER_RING_PRESSURE_auc,False,0.17442400434711533,-0.25550726800120527
11,p2_secondary_RETAINER_RING_PRESSURE_mean,False,0.17580843893644937,0.053276494336033216
11,p2_secondary_RETAINER_RING_PRESSURE_std,False,0.2630290762986958,0.14736564367230875
11,p2_secondary_RIPPLE_AIR_BAG_PRESSURE_auc,True,1.7198661979637335,0.18897666720711484
11,p2_secondary_RIPPLE_AIR_BAG_PRESSURE_mean,True,1.733309448552591,-0.21277824130026776
11,p2_secondary_RIPPLE_AIR_BAG_PRESSURE_std,False,0.4002603867656206,0.08673347934867406
11,p2_secondary_SLURRY_FLOW_LINE_A_auc,False,1.0950113338539609,0.08468870189065904
11,p2_secondary_SLURRY_FLOW_LINE_A_mean,False,0.7843300897190778,0.029794041473155276
11,p2_secondary_SLURRY_FLOW_LINE_A_std,False,1.0743972557954558,-0.11580075371931838
11,p2_secondary_SLURRY_FLOW_LINE_B_auc,True,1.02229128653184,0.1982163068393551
11,p2_secondary_SLURRY_FLOW_LINE_B_mean,True,1.0312153939919653,0.22717440241695738
11,p2_secondary_SLURRY_FLOW_LINE_B_std,True,0.6915399362019947,0.21344629566101841
11,p2_secondary_SLURRY_FLOW_LINE_C_auc,False,0.7162389251170255,-0.09886302949167719
11,p2_secondary_SLURRY_FLOW_LINE_C_mean,False,0.22022353429887723,0.033498629400923
11,p2_secondary_SLURRY_FLOW_LINE_C_std,False,0.3788067688643575,-0.12486776659691133
11,p2_secondary_STAGE_ROTATION_mean,False,0.4661426679179058,-0.2922055266558998
11,p2_secondary_USAGE_OF_BACKING_FILM_decreasing,True,54.310079537004604,-0.19287442149828085
11,p2_secondary_USAGE_OF_BACKING_FILM_mean,True,409544.39596276067,0.20450930730617933
11,p2_secondary_USAGE_OF_BACKING_FILM_std,True,238.33928285635187,0.0014468849229453743
11,p2_secondary_USAGE_OF_DRESSER_TABLE_decreasing,True,2.7593645506426063,0.1767766952966369
11,p2_secondary_USAGE_OF_DRESSER_TABLE_mean,True,1191.7510113794824,0.16098672631412628
11,p2_secondary_USAGE_OF_DRESSER_TABLE_std,True,2.6067442648304975,0.0
11,p2_secondary_USAGE_OF_DRESSER_decreasing,False,0.5467211881653145,0.0
11,p2_secondary_USAGE_OF_DRESSER_mean,True,86.90601288321392,0.4359771610279045
11,p2_secondary_USAGE_OF_DRESSER_std,False,0.6978645770969312,0.0
11,p2_secondary_USAGE_OF_MEMBRANE_decreasing,True,195.66927483085166,0.16790630652427535
11,p2_secondary_USAGE_OF_MEMBRANE_mean,True,3474232.15143093,0.04112591034589177
11,p2_secondary_USAGE_OF_MEMBRANE_std,True,720.098833469047,-0.10580507261635787
11,p2_secondary_USAGE_OF_POLISHING_TABLE_decreasing,False,1.2850954262504926,0.12909536223443008
11,p2_secondary_USAGE_OF_POLISHING_TABLE_mean,True,1.2025762513774116,0.27398693828328996
11,p2_secondary_USAGE_OF_POLISHING_TABLE_std,True,0.9014217168718255,0.1709603112419955
11,p2_secondary_USAGE_OF_PRESSURIZED_SHEET_decreasing,True,250.00294825265777,0.19982097385158024
11,p2_secondary_USAGE_OF_PRESSURIZED_SHEET_mean,True,3059821.765739078,0.2550012664903995
11,p2_secondary_USAGE_OF_PRESSURIZED_SHEET_std,True,993.5289651464968,0.1446894415996418
11,p2_secondary_WAFER_ROTATION_mean,False,0.3769187279106546,-0.009624095558606325
11,p2_secondary_duration,False,0.3241480635068487,-0.15360332432424462
12,lag_1,True,1.0390145065890042,0.376609888341178
12,lag_2,True,0.5163800046679616,0.3935205939486053
12,lag_3,False,0.5645061201206543,-0.03774693022752765
12,lag_4,False,0.29023205535175395,-0.0937592719797551
12,lag_5,True,1.3352516932918657,0.24148397534389698
12,lag_6,True,1.5907717615392576,-0.2240630172589729
12,lag_7,True,1.2674185798001152,0.4446897132002103
12,lag_8,True,0.6414756903964175,0.298959840709877
12,lag_9,False,0.0637277176101069,-0.052380352494657015
12,lag_10,True,2.1703549744163992,0.3129821638881148
12,lag_11,False,0.5193923286846001,-0.06981043997035921
12,neighbor_1,True,10.806035243793964,2.733217563468227
12,neighbor_2,True,1.3737260470329429,0.6085147481812317
12,neighbor_3,True,0.09136834502510072,0.5671844306358119
12,neighbor_4,True,1.7540304481101319,0.49814441604956555
12,neighbor_5,True,1.1418098343724181,0.3565261033333932
12,neighbor_6,True,1.9567469165963995,0.22119328527758256
12,neighbor_7,True,1.9041673572639146,0.47748042231425464
12,neighbor_8,True,0.30397062581395634,0.21278321516183013
12,neighbor_9,True,0.5393456903424885,0.5461611777448364
12,neighbor_10,True,0.7455394029061484,0.40001332096017067
12,p2_primary_CENTER_AIR_BAG_PRESSURE_auc,True,0.678044571577548,0.8541945587422967
12,p2_primary_CENTER_AIR_BAG_PRESSURE_mean,True,0.6890495435925983,0.2509193331320598
12,p2_primary_CENTER_AIR_BAG_PRESSURE_std,False,0.272170197953147,0.10327016515781048
12,p2_primary_DRESSING_WATER_STATUS_auc,True,1.5236155465298284,0.2862004771033805
12,p2_primary_DRESSING_WATER_STATUS_mean,True,2.4344234681030366,0.014431097605631004
12,p2_primary_DRESSING_WATER_STATUS_std,True,2.2263156093607654,0.2343473161840768
12,p2_primary_EDGE_AIR_BAG_PRESSURE_auc,True,3.3782859318095406,0.26756562675836865
12,p2_primary_EDGE_AIR_BAG_PRESSURE_mean,True,1.6919540502129917,0.04054565707771444
12,p2_primary_EDGE_AIR_BAG_PRESSURE_std,True,1.3610452699214224,0.44149448097133653
12,p2_primary_HEAD_ROTATION_mean,False,1.019903586619087,-0.1012158259995124
12,p2_primary_MAIN_OUTER_AIR_BAG_PRESSURE_auc,True,0.3790537359179133,0.5910928634773188
12,p2_primary_MAIN_OUTER_AIR_BAG_PRESSURE_mean,True,0.4570720444897083,0.3355116709194154
12,p2_primary_MAIN_OUTER_AIR_BAG_PRESSURE_std,True,1.0140495887924788,0.3761944066009345
12,p2_primary_PRESSURIZED_CHAMBER_PRESSURE_auc,True,1.640200641588338,0.7147921013240618
12,p2_primary_PRESSURIZED_CHAMBER_PRESSURE_mean,False,0.06105929278286559,0.10207254711483747
12,p2_primary_PRESSURIZED_CHAMBER_PRESSURE_std,True,2.02259088946992,0.3239821809208577
12,p2_primary_RETAINER_RING_PRESSURE_auc,False,1.3817505516918125,-0.02034172399733464
12,p2_primary_RETAINER_RING_PRESSURE_mean,False,0.6504577423881939,-0.02644752222484001
12,p2_primary_RETAINER_RING_PRESSURE_std,True,1.367017378587771,0.15697624328591736
12,p2_primary_RIPPLE_AIR_BAG_PRESSURE_auc,True,0.4009725099132786,0.6117508053064901
12,p2_primary_RIPPLE_AIR_BAG_PRESSURE_mean,True,0.19438657556953695,0.3339837414658966
12,p2_primary_RIPPLE_AIR_BAG_PRESSURE_std,True,2.1507277270802976,0.4060393885364149
12,p2_primary_SLURRY_FLOW_LINE_A_auc,True,2.023987356019046,0.41058823037642883
12,p2_primary_SLURRY_FLOW_LINE_A_mean,False,0.8823412719497389,0.037146093618187444
12,p2_primary_SLURRY_FLOW_LINE_A_std,False,0.19959721172337366,0.022024393892259377
12,p2_primary_SLURRY_FLOW_LINE_B_auc,True,3.5994890734216325,-0.09276129063862049
12,p2_primary_SLURRY_FLOW_LINE_B_mean,True,1.5228016788481538,-0.17677669529663678
12,p2_primary_SLURRY_FLOW_LINE_B_std,False,1.3405608616676097,0.023025957194022686
12,p2_primary_SLURRY_FLOW_LINE_C_auc,True,0.04460087258482619,0.7583476130998099
12,p2_primary_SLURRY_FLOW_LINE_C_mean,True,2.7262522365484485,0.46787759616606645
12,p2_primary_SLURRY_FLOW_LINE_C_std,True,3.028365015715205,0.5776040666364352
12,p2_primary_STAGE_ROTATION_mean,True,3.351798061169107,0.22599945463123877
12,p2_primary_USAGE_OF_BACKING_FILM_decreasing,True,4.611280700335745,-0.10242832288004784
12,p2_primary_USAGE_OF_BACKING_FILM_mean,True,204845.5393698307,-0.013078496449011715
12,p2_primary_USAGE_OF_BACKING_FILM_std,True,66.40555784561161,0.15322890168461445
12,p2_primary_USAGE_OF_DRESSER_TABLE_decreasing,False,0.35471346887141697,0.021288716296848607
12,p2_primary_USAGE_OF_DRESSER_TABLE_mean,True,2067.1808838999805,0.10790141397963927
12,p2_primary_USAGE_OF_DRESSER_TABLE_std,False,0.6268396477998378,-0.2020751147852947
12,p2_primary_USAGE_OF_DRESSER_decreasing,True,0.4682753048620346,0.3926695908269075
12,p2_primary_USAGE_OF_DRESSER_mean,True,119.50684666160326,0.36515479255236444
12,p2_primary_USAGE_OF_DRESSER_std,False,1.0275303569618905,0.11686108470717156
12,p2_primary_USAGE_OF_MEMBRANE_decreasing,True,21.29236233039661,-0.19999730260746146
12,p2_primary_USAGE_OF_MEMBRANE_mean,True,298896.31739238463,0.08335137465882497
12,p2_primary_USAGE_OF_MEMBRANE_std,True,338.3887178847551,0.03252352217294703
12,p2_primary_USAGE_OF_POLISHING_TABLE_decreasing,False,0.5022796706159528,0.0628915257965778
12,p2_primary_USAGE_OF_POLISHING_TABLE_mean,True,1.32483803706535,0.33148669947394543
12,p2_primary_USAGE_OF_POLISHING_TABLE_std,False,0.5905692512332138,0.1135995610849169
12,p2_primary_USAGE_OF_PRESSURIZED_SHEET_decreasing,True,26.58167863644144,0.34224328806208654
12,p2_primary_USAGE_OF_PRESSURIZED_SHEET_mean,True,93542.6252431095,0.08038177818763181
12,p2_primary_USAGE_OF_PRESSURIZED_SHEET_std,True,426.1636653697379,0.20991416486206782
12,p2_primary_WAFER_ROTATION_mean,False,0.6468984696347644,0.047651816070492674
12,p2_primary_duration,True,1.8804795279209998,0.23747459423670075
12,p2_secondary_CENTER_AIR_BAG_PRESSURE_auc,False,0.08075282875532513,-0.04149758171841888
12,p2_secondary_CENTER_AIR_BAG_PRESSURE_mean,False,0.08180741156083784,-0.18885782055742215
12,p2_secondary_CENTER_AIR_BAG_PRESSURE_std,True,0.2923136633370715,0.1920145081940269
12,p2_secondary_DRESSING_WATER_STATUS_auc,True,0.2692593696973757,0.24535571721172025
12,p2_secondary_DRESSING_WATER_STATUS_mean,False,0.33312078954370555,-0.37517698716990866
12,p2_secondary_DRESSING_WATER_STATUS_std,False,1.4863527555990474,-0.034986269578328615
12,p2_secondary_EDGE_AIR_BAG_PRESSURE_auc,False,0.5138947826379021,0.14594446164140923
12,p2_secondary_EDGE_AIR_BAG_PRESSURE_mean,False,0.6385048195310771,0.09538456814826256
12,p2_secondary_EDGE_AIR_BAG_PRESSURE_std,True,1.2250141532711598,0.29865174327098
12,p2_secondary_HEAD_ROTATION_mean,False,0.20239414069997727,-0.03036254927976049
12,p2_secondary_MAIN_OUTER_AIR_BAG_PRESSURE_auc,False,0.8317151480110045,-0.0450731349105021
12,p2_secondary_MAIN_OUTER_AIR_BAG_PRESSURE_mean,True,0.7905895396031862,0.2158089312286779
12,p2_secondary_MAIN_OUTER_AIR_BAG_PRESSURE_std,False,0.9500674162920966,-0.05281251142652682
12,p2_secondary_PRESSURIZED_CHAMBER_PRESSURE_auc,False,0.41128362331131807,-0.06001808674139752
12,p2_secondary_PRESSURIZED_CHAMBER_PRESSURE_mean,True,0.7768880089102778,0.36212779511076876
12,p2_secondary_PRESSURIZED_CHAMBER_PRESSURE_std,True,2.180265297979339,0.1583854859651298
12,p2_secondary_RETAINER_RING_PRESSURE_auc,False,0.4932939396387712,-0.10968520745420074
12,p2_secondary_RETAINER_RING_PRESSURE_mean,False,1.4711765048575371,-0.15224699620189608
12,p2_secondary_RETAINER_RING_PRESSURE_std,True,1.73677139857523,0.08578076613978808
12,p2_secondary_RIPPLE_AIR_BAG_PRESSURE_auc,False,0.9913276295847235,-0.22234824115750335
12,p2_secondary_RIPPLE_AIR_BAG_PRESSURE_mean,False,0.9983001647948091,0.09609804016909355
12,p2_secondary_RIPPLE_AIR_BAG_PRESSURE_std,False,0.8689907252815592,0.0
12,p2_secondary_SLURRY_FLOW_LINE_A_auc,False,0.9704597069127539,-0.12338257446931437
12,p2_secondary_SLURRY_FLOW_LINE_A_mean,False,0.8689303503294123,-0.23245382367382522
12,p2_secondary_SLURRY_FLOW_LINE_A_std,True,0.4363736760774248,0.1673245437040953
12,p2_secondary_SLURRY_FLOW_LINE_B_auc,False,0.8476727090258261,0.0042258608530646065
12,p2_secondary_SLURRY_FLOW_LINE_B_mean,False,0.8305195394926136,-0.09789069248263033
12,p2_secondary_SLURRY_FLOW_LINE_B_std,True,0.5322827260547586,0.30884155771198474
12,p2_secondary_SLURRY_FLOW_LINE_C_auc,True,0.39285226579540655,0.1994418973879073
12,p2_secondary_SLURRY_FLOW_LINE_C_mean,True,0.19401115091177482,0.21938941780015223
12,p2_secondary_SLURRY_FLOW_LINE_C_std,False,0.4286918367358219,-0.3443562499985126
12,p2_secondary_STAGE_ROTATION_mean,False,0.21328680252266324,0.00029165530006601493
12,p2_secondary_USAGE_OF_BACKING_FILM_decreasing,True,17.194462314858967,0.18905582013918448
12,p2_secondary_USAGE_OF_BACKING_FILM_mean,True,61990.210801833106,-0.21870870675199394
12,p2_secondary_USAGE_OF_BACKING_FILM_std,True,73.92928773453045,-0.08450176900772101
12,p2_secondary_USAGE_OF_DRESSER_TABLE_decreasing,True,1.5109376625731552,0.0
12,p2_secondary_USAGE_OF_DRESSER_TABLE_mean,True,1996.8591865678236,0.02077921819682142
12,p2_secondary_USAGE_OF_DRESSER_TABLE_std,False,1.136556247455402,0.0
12,p2_secondary_USAGE_OF_DRESSER_decreasing,False,0.042493878935943925,0.0
12,p2_secondary_USAGE_OF_DRESSER_mean,True,118.78547615047059,0.1522357925015884
12,p2_secondary_USAGE_OF_DRESSER_std,False,0.263659263636754,0.0
12,p2_secondary_USAGE_OF_MEMBRANE_decreasing,True,304.938865591648,0.2185032860014534
12,p2_secondary_USAGE_OF_MEMBRANE_mean,True,504843.84363810415,0.24366652045254333
12,p2_secondary_USAGE_OF_MEMBRANE_std,True,1098.624686530009,-0.24239889978398022
12,p2_secondary_USAGE_OF_POLISHING_TABLE_decreasing,False,1.4517036835572439,0.11786670623467675
12,p2_secondary_USAGE_OF_POLISHING_TABLE_mean,False,1.3345658460440946,0.11780999698853965
12,p2_secondary_USAGE_OF_POLISHING_TABLE_std,False,1.142697607054054,0.07075274634146955
12,p2_secondary_USAGE_OF_PRESSURIZED_SHEET_decreasing,True,283.22891395370107,-0.18617461160300933
12,p2_secondary_USAGE_OF_PRESSURIZED_SHEET_mean,True,443435.43183689984,0.08836434797641267
12,p2_secondary_USAGE_OF_PRESSURIZED_SHEET_std,True,1080.7163969619312,-0.16407741044569774
12,p2_secondary_WAFER_ROTATION_mean,False,0.3594712834505876,0.059427759859006474
12,p2_secondary_duration,False,0.32940319450016425,-0.07695768977884179
13,lag_1,True,1.7940566039166557,0.5119298893889076
13,lag_2,True,0.5383217452691468,0.355163488028671
13,lag_3,True,1.566049992725037,0.2366801182017525
13,lag_4,False,0.13965744684902667,0.0734767974351873
13,lag_5,True,1.8209187932700197,0.005207516960966147
13,lag_6,False,0.7866937931063585,0.08372072474341123
13,lag_7,False,0.6574418459212994,-0.016528851601153888
13,lag_8,False,1.1510504443771659,-0.09730046527684552
13,lag_9,False,0.0024620764942071193,0.13203680447148264
13,lag_10,False,0.0890814797130705,-0.051897304260657896
13,lag_11,True,1.5680928351692327,-0.05435270814283194
13,neighbor_1,True,8.445592139074856,3.2797372373814033
13,neighbor_2,True,3.58233272760087,0.9695366573749953
13,neighbor_3,True,2.5305121331236364,0.6195101969855636
13,neighbor_4,True,0.05505394169756531,0.36363186648901563
13,neighbor_5,False,0.7092209420572624,0.08075805613946366
13,neighbor_6,True,1.7185252561093782,0.27861051589128455
13,neighbor_7,True,1.4469840673456726,0.18522421254821844
13,neighbor_8,False,0.2611937435898485,0.12607105921523837
13,neighbor_9,True,0.20407557267394977,0.23997851066562415
13,neighbor_10,True,0.215938796871186,0.3534225621997753
13,p2_primary_CENTER_AIR_BAG_PRESSURE_auc,True,0.7359933668093367,0.6887932435963291
13,p2_primary_CENTER_AIR_BAG_PRESSURE_mean,False,0.8880845804791674,0.13363716118742178
13,p2_primary_CENTER_AIR_BAG_PRESSURE_std,False,1.1306105148854058,0.12565733361815107
13,p2_primary_DRESSING_WATER_STATUS_auc,True,1.5102635017707724,0.24637744651307042
13,p2_primary_DRESSING_WATER_STATUS_mean,True,1.9822621267216955,0.1025787166368822
13,p2_primary_DRESSING_WATER_STATUS_std,True,1.2661247508085152,0.1918490339321012
13,p2_primary_EDGE_AIR_BAG_PRESSURE_auc,True,3.5686507609459497,0.21539187372636331
13,p2_primary_EDGE_AIR_BAG_PRESSURE_mean,True,2.6315429050570542,0.20290604990709554
13,p2_primary_EDGE_AIR_BAG_PRESSURE_std,True,0.11319335999753487,0.6566561823770234
13,p2_primary_HEAD_ROTATION_mean,True,1.8294089793007633,-0.2865996213544599
13,p2_primary_MAIN_OUTER_AIR_BAG_PRESSURE_auc,True,0.8710640520367288,0.515183544321659
13,p2_primary_MAIN_OUTER_AIR_BAG_PRESSURE_mean,False,0.23176454054002626,0.053089372503345306
13,p2_primary_MAIN_OUTER_AIR_BAG_PRESSURE_std,True,0.6564276267809223,0.3110814690867178
13,p2_primary_PRESSURIZED_CHAMBER_PRESSURE_auc,True,1.723028675600548,0.5922224282363925
13,p2_primary_PRESSURIZED_CHAMBER_PRESSURE_mean,True,0.9623546396371595,0.30685494768390564
13,p2_primary_PRESSURIZED_CHAMBER_PRESSURE_std,True,2.0238473944081723,0.3549164654082286
13,p2_primary_RETAINER_RING_PRESSURE_auc,True,0.8564526314760478,0.4907663835338928
13,p2_primary_RETAINER_RING_PRESSURE_mean,True,2.5342336516283734,0.2032171825960704
13,p2_primary_RETAINER_RING_PRESSURE_std,True,3.041837043618543,-0.17529046950790592
13,p2_primary_RIPPLE_AIR_BAG_PRESSURE_auc,True,0.525715689246318,0.3918511947800149
13,p2_primary_RIPPLE_AIR_BAG_PRESSURE_mean,True,0.9447166144709769,0.3638963878799438
13,p2_primary_RIPPLE_AIR_BAG_PRESSURE_std,True,1.198785847501128,0.23372988987294135
13,p2_primary_SLURRY_FLOW_LINE_A_auc,True,1.7573720187778998,0.5268853217687067
13,p2_primary_SLURRY_FLOW_LINE_A_mean,False,0.15961224881429006,0.04875482261614166
13,p2_primary_SLURRY_FLOW_LINE_A_std,False,1.1480981859787178,-0.024114568153355845
13,p2_primary_SLURRY_FLOW_LINE_B_auc,False,1.181594192341614,0.11250168995600933
13,p2_primary_SLURRY_FLOW_LINE_B_mean,False,0.9707329719763944,-0.3243659535195412
13,p2_primary_SLURRY_FLOW_LINE_B_std,False,0.6030124602147837,-0.02096043241281567
13,p2_primary_SLURRY_FLOW_LINE_C_auc,True,0.6228844244919555,0.8594119542257351
13,p2_primary_SLURRY_FLOW_LINE_C_mean,True,2.6567187481282106,0.4008324492761701
13,p2_primary_SLURRY_FLOW_LINE_C_std,True,2.372165375023191,0.04141475985436765
13,p2_primary_STAGE_ROTATION_mean,True,3.4808224513095576,-0.15501791726791106
13,p2_primary_USAGE_OF_BACKING_FILM_decreasing,True,4.936151152683294,-0.20446830842408156
13,p2_primary_USAGE_OF_BACKING_FILM_mean,True,238611.84293047985,-0.26500481979322854
13,p2_primary_USAGE_OF_BACKING_FILM_std,True,48.47534596123972,-0.1273849842123563
13,p2_primary_USAGE_OF_DRESSER_TABLE_decreasing,True,0.010316187808574026,0.3167803600793161
13,p2_primary_USAGE_OF_DRESSER_TABLE_mean,True,1491.7687688001424,-0.17841853567463134
13,p2_primary_USAGE_OF_DRESSER_TABLE_std,False,0.08483479432511726,-0.25528406826372746
13,p2_primary_USAGE_OF_DRESSER_decreasing,False,0.6785122234166963,-0.3487156293022209
13,p2_primary_USAGE_OF_DRESSER_mean,True,6.214150688380546,0.20580837054365073
13,p2_primary_USAGE_OF_DRESSER_std,False,0.8448930755293198,0.14398785239633133
13,p2_primary_USAGE_OF_MEMBRANE_decreasing,True,26.995793646414448,0.1564588607666165
13,p2_primary_USAGE_OF_MEMBRANE_mean,True,175566.82541454965,-0.17677669529663673
13,p2_primary_USAGE_OF_MEMBRANE_std,True,439.33097181672116,0.23582748873550552
13,p2_primary_USAGE_OF_POLISHING_TABLE_decreasing,False,1.1289976303602152,-0.03510137715680813
13,p2_primary_USAGE_OF_POLISHING_TABLE_mean,True,0.6744960777937234,0.30003432463888674
13,p2_primary_USAGE_OF_POLISHING_TABLE_std,True,1.1850452798206825,0.16030889338180784
13,p2_primary_USAGE_OF_PRESSURIZED_SHEET_decreasing,True,27.729321179018324,-0.1010020129067072
13,p2_primary_USAGE_OF_PRESSURIZED_SHEET_mean,True,63426.62935015326,0.13258497440580316
13,p2_primary_USAGE_OF_PRESSURIZED_SHEET_std,True,435.4496654286241,0.023133083628358773
13,p2_primary_WAFER_ROTATION_mean,True,0.057231193981737837,0.2001537353402113
13,p2_primary_duration,True,0.5522853420442128,0.3693338165499516
13,p2_secondary_CENTER_AIR_BAG_PRESSURE_auc,False,0.3129126049494956,-0.13373727067679808
13,p2_secondary_CENTER_AIR_BAG_PRESSURE_mean,True,0.32865395456049945,0.18633110935418407
13,p2_secondary_CENTER_AIR_BAG_PRESSURE_std,False,0.7241844442379468,-0.1740486272816018
13,p2_secondary_DRESSING_WATER_STATUS_auc,False,0.6355368527833927,0.08064297120132201
13,p2_secondary_DRESSING_WATER_STATUS_mean,False,0.7193507968563116,-0.15192156335146667
13,p2_secondary_DRESSING_WATER_STATUS_std,True,1.5368065426376045,0.07395656897815983
13,p2_secondary_EDGE_AIR_BAG_PRESSURE_auc,True,0.06898078085449454,0.24528362321345054
13,p2_secondary_EDGE_AIR_BAG_PRESSURE_mean,False,0.07311115380822732,0.00361417092043009
13,p2_secondary_EDGE_AIR_BAG_PRESSURE_std,False,0.6365596165935252,0.05880532137651193
13,p2_secondary_HEAD_ROTATION_mean,False,1.430610374355124,-0.07522415682901738
13,p2_secondary_MAIN_OUTER_AIR_BAG_PRESSURE_auc,False,0.37596413487534314,-0.0033268548471086026
13,p2_secondary_MAIN_OUTER_AIR_BAG_PRESSURE_mean,True,0.3478744859859711,0.32045536556985366
13,p2_secondary_MAIN_OUTER_AIR_BAG_PRESSURE_std,False,0.7937548530914526,-0.2608820166085853
13,p2_secondary_PRESSURIZED_CHAMBER_PRESSURE_auc,False,0.5158564619228753,0.006910264569177904
13,p2_secondary_PRESSURIZED_CHAMBER_PRESSURE_mean,True,1.0578748542747554,0.24520563970126333
13,p2_secondary_PRESSURIZED_CHAMBER_PRESSURE_std,True,2.1075122708248677,0.26635701358628183
13,p2_secondary_RETAINER_RING_PRESSURE_auc,True,0.8861047100852143,0.20025933657082928
13,p2_secondary_RETAINER_RING_PRESSURE_mean,False,0.10876084572953515,-0.12641379862059243
13,p2_secondary_RETAINER_RING_PRESSURE_std,True,0.3359380226892786,0.15988748761411375
13,p2_secondary_RIPPLE_AIR_BAG_PRESSURE_auc,False,0.08956648726684036,-0.1525235404991067
13,p2_secondary_RIPPLE_AIR_BAG_PRESSURE_mean,True,0.10106885580490843,0.26447245693298
13,p2_secondary_RIPPLE_AIR_BAG_PRESSURE_std,True,0.7579960994299645,0.15748066310299177
13,p2_secondary_SLURRY_FLOW_LINE_A_auc,False,0.2292669657438189,-0.24972850788939416
13,p2_secondary_SLURRY_FLOW_LINE_A_mean,False,0.05551322609283715,0.11990125323760119
13,p2_secondary_SLURRY_FLOW_LINE_A_std,True,1.032236975269312,0.3183964252094735
13,p2_secondary_SLURRY_FLOW_LINE_B_auc,False,1.4968081590116016,-0.17436027745722185
13,p2_secondary_SLURRY_FLOW_LINE_B_mean,False,1.438684828558903,0.07504139193454175
13,p2_secondary_SLURRY_FLOW_LINE_B_std,True,0.05045481746934574,0.20038747051637854
13,p2_secondary_SLURRY_FLOW_LINE_C_auc,True,0.1396225096183495,0.17688382520605933
13,p2_secondary_SLURRY_FLOW_LINE_C_mean,True,0.5747604599559631,0.17934131237468318
13,p2_secondary_SLURRY_FLOW_LINE_C_std,True,1.1121712139133766,0.24526070257787794
13,p2_secondary_STAGE_ROTATION_mean,True,0.7905330561521838,0.3663672659272846
13,p2_secondary_USAGE_OF_BACKING_FILM_decreasing,True,33.467101377658764,0.3141480468502949
13,p2_secondary_USAGE_OF_BACKING_FILM_mean,True,84253.71762161421,0.27210125712811134
13,p2_secondary_USAGE_OF_BACKING_FILM_std,True,133.23164800459386,-0.20760994898019483
13,p2_secondary_USAGE_OF_DRESSER_TABLE_decreasing,True,3.1953416418298732,-0.17677669529663687
13,p2_secondary_USAGE_OF_DRESSER_TABLE_mean,True,1479.1773444322832,-0.2833929421810522
13,p2_secondary_USAGE_OF_DRESSER_TABLE_std,True,3.0435856629133293,0.0
13,p2_secondary_USAGE_OF_DRESSER_decreasing,False,0.20222586450429608,0.0
13,p2_secondary_USAGE_OF_DRESSER_mean,True,6.506579074704574,0.33119626070257197
13,p2_secondary_USAGE_OF_DRESSER_std,False,0.5624178586678119,0.0
13,p2_secondary_USAGE_OF_MEMBRANE_decreasing,True,132.95449252687717,0.176776695296637
13,p2_secondary_USAGE_OF_MEMBRANE_mean,True,318475.6798472058,-0.16060743318310147
13,p2_secondary_USAGE_OF_MEMBRANE_std,True,442.49552078153965,-0.11549725441197503
13,p2_secondary_USAGE_OF_POLISHING_TABLE_decreasing,False,0.910971019867194,-0.22673115839919156
13,p2_secondary_USAGE_OF_POLISHING_TABLE_mean,True,0.72758946679033,0.2952055433932698
13,p2_secondary_USAGE_OF_POLISHING_TABLE_std,False,0.6528565285605014,-0.24524078531922014
13,p2_secondary_USAGE_OF_PRESSURIZED_SHEET_decreasing,True,44.15163430799797,0.06996450713059667
13,p2_secondary_USAGE_OF_PRESSURIZED_SHEET_mean,True,234472.0716001321,-0.012520377929332844
13,p2_secondary_USAGE_OF_PRESSURIZED_SHEET_std,True,137.26076807043447,0.17563134866561464
13,p2_secondary_WAFER_ROTATION_mean,False,0.17280544983324853,-0.0365001332311061
13,p2_secondary_duration,True,0.8887250756072727,0.17087885716220047
14,lag_1,True,0.14466126130416906,0.6958186509370552
14,lag_2,False,0.11777141875256135,0.08337807346475526
14,lag_3,True,0.3617181749690706,0.2750268227613537
14,lag_4,True,0.5807867979437937,0.2449759521157436
14,lag_5,False,0.6659425155234748,0.08095379231299384
14,lag_6,True,2.892614456563226,0.2709013207500239
14,lag_7,False,0.29716892234835235,0.016339344039785257
14,lag_8,True,0.7738534167791624,0.31742181879026465
14,lag_9,True,1.660593269828087,0.0016293309586355152
14,lag_10,True,0.49696537221051357,0.20389583187333934
14,lag_11,False,1.217613675179342,-0.038403332240559446
14,neighbor_1,True,8.187385612143832,1.3495168051864732
14,neighbor_2,True,4.266160634999045,0.7888651059001915
14,neighbor_3,True,2.438639804919749,0.556662899101554
14,neighbor_4,True,0.5153450367804855,0.3161988793666369
14,neighbor_5,True,0.33121189732430445,0.41635154204365904
14,neighbor_6,True,1.3733437484906985,0.3163824018060083
14,neighbor_7,True,0.7802227097769583,0.2869811270414744
14,neighbor_8,True,0.5380907800484728,0.45701003251671823
14,neighbor_9,True,0.31735885959508653,0.2171799775176051
14,neighbor_10,True,0.456402854797424,0.46226316868580286
14,p2_primary_CENTER_AIR_BAG_PRESSURE_auc,True,0.8630924510020465,0.7205556313280499
14,p2_primary_CENTER_AIR_BAG_PRESSURE_mean,True,1.313756556608421,0.2584318339573003
14,p2_primary_CENTER_AIR_BAG_PRESSURE_std,True,2.0214752724907767,0.10317202471208772
14,p2_primary_DRESSING_WATER_STATUS_auc,False,1.1444935806765182,-0.013500198541098017
14,p2_primary_DRESSING_WATER_STATUS_mean,True,0.9532071817935619,0.22855746318142398
14,p2_primary_DRESSING_WATER_STATUS_std,False,0.039087633707406366,-0.3108016522721953
14,p2_primary_EDGE_AIR_BAG_PRESSURE_auc,True,2.152753133728675,0.37869363094529224
14,p2_primary_EDGE_AIR_BAG_PRESSURE_mean,True,0.9792033083871706,0.22517067841006064
14,p2_primary_EDGE_AIR_BAG_PRESSURE_std,True,0.31974141051695876,0.7625224364694836
14,p2_primary_HEAD_ROTATION_mean,True,1.5986815816822872,-0.13987096659411533
14,p2_primary_MAIN_OUTER_AIR_BAG_PRESSURE_auc,True,0.3944118025961202,0.43203643464378194
14,p2_primary_MAIN_OUTER_AIR_BAG_PRESSURE_mean,True,0.8702736723764233,0.2530166979812323
14,p2_primary_MAIN_OUTER_AIR_BAG_PRESSURE_std,True,1.6309734677926344,0.3498752531284083
14,p2_primary_PRESSURIZED_CHAMBER_PRESSURE_auc,True,0.1409373423540113,0.5918594013340868
14,p2_primary_PRESSURIZED_CHAMBER_PRESSURE_mean,True,1.9813312101863632,0.31613793520571637
14,p2_primary_PRESSURIZED_CHAMBER_PRESSURE_std,True,3.499069856179996,0.24780545717429162
14,p2_primary_RETAINER_RING_PRESSURE_auc,True,1.8181835753849203,-0.0528662357393074
14,p2_primary_RETAINER_RING_PRESSURE_mean,False,0.7183225846186335,-0.1595404592481824
14,p2_primary_RETAINER_RING_PRESSURE_std,True,1.952936976369106,-0.1479657479410895
14,p2_primary_RIPPLE_AIR_BAG_PRESSURE_auc,True,0.7684853490357463,0.4630701188290136
14,p2_primary_RIPPLE_AIR_BAG_PRESSURE_mean,True,1.0598577886729745,0.37349021971905233
14,p2_primary_RIPPLE_AIR_BAG_PRESSURE_std,True,2.8040392335319337,0.34699056183393695
14,p2_primary_SLURRY_FLOW_LINE_A_auc,True,1.0450221986623411,0.5418507414360019
14,p2_primary_SLURRY_FLOW_LINE_A_mean,False,0.4793277015657628,-0.037230016028354254
14,p2_primary_SLURRY_FLOW_LINE_A_std,True,0.8888095583292057,0.5331825830081773
14,p2_primary_SLURRY_FLOW_LINE_B_auc,False,0.8855755819085481,0.052855553130609564
14,p2_primary_SLURRY_FLOW_LINE_B_mean,True,0.6590397570559814,0.1943556732447311
14,p2_primary_SLURRY_FLOW_LINE_B_std,False,0.5909262435925448,-0.10621616002985378
14,p2_primary_SLURRY_FLOW_LINE_C_auc,True,1.1164394734904683,0.6488226091753315
14,p2_primary_SLURRY_FLOW_LINE_C_mean,True,1.422124899883854,0.34752516883395046
14,p2_primary_SLURRY_FLOW_LINE_C_std,True,2.176371177301983,-0.08111201144093245
14,p2_primary_STAGE_ROTATION_mean,True,3.3497563235994354,0.41705638010264773
14,p2_primary_USAGE_OF_BACKING_FILM_decreasing,True,8.174549587635745,-0.12843301959782283
14,p2_primary_USAGE_OF_BACKING_FILM_mean,True,3766305.1841756757,0.13495249707747242
14,p2_primary_USAGE_OF_BACKING_FILM_std,True,13.429298339264497,-0.11623406557168925
14,p2_primary_USAGE_OF_DRESSER_TABLE_decreasing,False,0.26801819369214175,0.13191631659766592
14,p2_primary_USAGE_OF_DRESSER_TABLE_mean,True,1457.2882477456444,-0.10299283060640103
14,p2_primary_USAGE_OF_DRESSER_TABLE_std,False,0.5598773378942331,-0.1454823483158938
14,p2_primary_USAGE_OF_DRESSER_decreasing,False,0.317974939943571,0.021274079275254997
14,p2_primary_USAGE_OF_DRESSER_mean,True,58.26429730204359,0.5288513489147038
14,p2_primary_USAGE_OF_DRESSER_std,True,0.25821126706009034,0.2382342585944685
14,p2_primary_USAGE_OF_MEMBRANE_decreasing,True,38.84421477594333,-0.09776814986051371
14,p2_primary_USAGE_OF_MEMBRANE_mean,True,2014266.260486932,0.2849095449854426
14,p2_primary_USAGE_OF_MEMBRANE_std,True,48.37867174637695,-0.015745992280947297
14,p2_primary_USAGE_OF_POLISHING_TABLE_decreasing,True,1.6966862358902304,-0.007684662465348208
14,p2_primary_USAGE_OF_POLISHING_TABLE_mean,True,0.893977018407449,0.3313517913869432
14,p2_primary_USAGE_OF_POLISHING_TABLE_std,True,1.6466820606718575,0.26401615820741053
14,p2_primary_USAGE_OF_PRESSURIZED_SHEET_decreasing,True,48.81466174318767,0.31646095208141617
14,p2_primary_USAGE_OF_PRESSURIZED_SHEET_mean,True,1778339.9075904456,0.02944219063993806
14,p2_primary_USAGE_OF_PRESSURIZED_SHEET_std,True,60.5327201442018,0.18462960708965467
14,p2_primary_WAFER_ROTATION_mean,True,0.36238536655259773,0.3886457692111468
14,p2_primary_duration,False,0.32978580204832714,0.1269901909521322
14,p2_secondary_CENTER_AIR_BAG_PRESSURE_auc,False,0.7493637521282612,-0.04928321600587004
14,p2_secondary_CENTER_AIR_BAG_PRESSURE_mean,False,0.696916338681848,-0.13841750995857893
14,p2_secondary_CENTER_AIR_BAG_PRESSURE_std,False,0.24919504157499928,-0.024058915539088472
14,p2_secondary_DRESSING_WATER_STATUS_auc,False,1.3917748471964881,-0.03318314477645028
14,p2_secondary_DRESSING_WATER_STATUS_mean,False,1.267677867369855,0.12782908887849553
14,p2_secondary_DRESSING_WATER_STATUS_std,True,2.2933904495097326,-0.10198469261825611
14,p2_secondary_EDGE_AIR_BAG_PRESSURE_auc,False,0.4731685307530919,-0.2146163540089628
14,p2_secondary_EDGE_AIR_BAG_PRESSURE_mean,False,0.4158904956698908,-0.065141999377001
14,p2_secondary_EDGE_AIR_BAG_PRESSURE_std,False,1.18002392279628,0.0
14,p2_secondary_HEAD_ROTATION_mean,False,1.0198245275757098,-0.030732157621087705
14,p2_secondary_MAIN_OUTER_AIR_BAG_PRESSURE_auc,True,0.33131377961991765,0.2409474834240807
14,p2_secondary_MAIN_OUTER_AIR_BAG_PRESSURE_mean,False,0.27485062685297196,-0.010930147539582491
14,p2_secondary_MAIN_OUTER_AIR_BAG_PRESSURE_std,False,0.5872884230834412,-0.21841603235193036
14,p2_secondary_PRESSURIZED_CHAMBER_PRESSURE_auc,False,1.4201041802285435,-0.2040994173023602
14,p2_secondary_PRESSURIZED_CHAMBER_PRESSURE_mean,True,1.697887647450456,0.37042922304974013
14,p2_secondary_PRESSURIZED_CHAMBER_PRESSURE_std,True,1.665574484085446,0.22772869567261864
14,p2_secondary_RETAINER_RING_PRESSURE_auc,False,1.0649033979513123,-0.019282395210531458
14,p2_secondary_RETAINER_RING_PRESSURE_mean,True,1.618182252555094,0.19144944542793765
14,p2_secondary_RETAINER_RING_PRESSURE_std,False,0.15785478968047897,-0.14624860052629576
14,p2_secondary_RIPPLE_AIR_BAG_PRESSURE_auc,True,0.478547111243079,0.28104489734308835
14,p2_secondary_RIPPLE_AIR_BAG_PRESSURE_mean,True,0.41831821574685585,0.21350390003863648
14,p2_secondary_RIPPLE_AIR_BAG_PRESSURE_std,False,0.34991175613425113,-0.11466238968497858
14,p2_secondary_SLURRY_FLOW_LINE_A_auc,False,0.11006333258666998,0.06039948297294657
14,p2_secondary_SLURRY_FLOW_LINE_A_mean,False,0.34817655868756064,-0.033413209543777786
14,p2_secondary_SLURRY_FLOW_LINE_A_std,False,0.22621048453132384,0.031415383846117535
14,p2_secondary_SLURRY_FLOW_LINE_B_auc,False,0.9943736289618138,-0.15685347991329976
14,p2_secondary_SLURRY_FLOW_LINE_B_mean,False,0.9746717719304246,0.12157304245856329
14,p2_secondary_SLURRY_FLOW_LINE_B_std,False,1.2550260032593814,0.09878369876024626
14,p2_secondary_SLURRY_FLOW_LINE_C_auc,False,1.3868956822468468,-0.1802799825801287
14,p2_secondary_SLURRY_FLOW_LINE_C_mean,False,0.6867282197415401,0.0331546681259977
14,p2_secondary_SLURRY_FLOW_LINE_C_std,False,1.2232882854549099,-0.0915697155500659
14,p2_secondary_STAGE_ROTATION_mean,True,0.11956478525027886,0.4183542603022188
14,p2_secondary_USAGE_OF_BACKING_FILM_decreasing,True,2.04999291575832,0.07613314537155663
14,p2_secondary_USAGE_OF_BACKING_FILM_mean,True,19019.61972585592,0.2060083833517476
14,p2_secondary_USAGE_OF_BACKING_FILM_std,True,9.981188976006527,0.06559060897201811
14,p2_secondary_USAGE_OF_DRESSER_TABLE_decreasing,True,1.738867609345039,0.0
14,p2_secondary_USAGE_OF_DRESSER_TABLE_mean,True,1424.3530717720805,0.021208979319079453
14,p2_secondary_USAGE_OF_DRESSER_TABLE_std,False,1.3266023280758805,0.0
14,p2_secondary_USAGE_OF_DRESSER_decreasing,False,0.24115671814266096,0.0
14,p2_secondary_USAGE_OF_DRESSER_mean,True,57.664454178511065,0.40550113739059507
14,p2_secondary_USAGE_OF_DRESSER_std,False,0.03314946565203948,0.0
14,p2_secondary_USAGE_OF_MEMBRANE_decreasing,True,672.7624524313707,-0.17677669529663687
14,p2_secondary_USAGE_OF_MEMBRANE_mean,True,14816547.47142837,-0.041442606331235504
14,p2_secondary_USAGE_OF_MEMBRANE_std,True,2412.349115358282,0.1261671957688171
14,p2_secondary_USAGE_OF_POLISHING_TABLE_decreasing,False,0.9211486160967353,-0.31077303866853767
14,p2_secondary_USAGE_OF_POLISHING_TABLE_mean,True,0.9505607184363811,0.26274717370169426
14,p2_secondary_USAGE_OF_POLISHING_TABLE_std,False,0.5063122025911496,0.0085026426322248
14,p2_secondary_USAGE_OF_PRESSURIZED_SHEET_decreasing,True,575.1849276331004,-0.13040473344637177
14,p2_secondary_USAGE_OF_PRESSURIZED_SHEET_mean,True,14976114.467506122,-0.18951628755692626
14,p2_secondary_USAGE_OF_PRESSURIZED_SHEET_std,True,2170.0344836017634,0.2581708692139578
14,p2_secondary_WAFER_ROTATION_mean,True,0.7251637252501224,0.19687163404530747
14,p2_secondary_duration,False,0.9408321701997232,0.050094770385464754
15,lag_1,True,1.8989807178370992,0.46871205903724245
15,lag_2,True,0.21360156883490247,0.36354743295046127
15,lag_3,True,0.6031962625377444,0.17580617954975808
15,lag_4,False,0.1749020105268664,-0.09149147687684793
15,lag_5,False,1.2207087772075922,-0.20188959754096314
15,lag_6,True,1.5680106080033722,0.3006538939282693
15,lag_7,True,0.7182348817023174,0.21357265252896224
15,lag_8,False,0.7597307764434286,0.11772855186806984
15,lag_9,False,0.7674400441798599,0.09368676514677252
15,lag_10,True,1.9002530240808817,-0.03891574847470833
15,lag_11,False,1.4477428195489794,-0.09521214180644433
15,neighbor_1,True,8.999223935238444,2.754257698066739
15,neighbor_2,True,2.0951278427192084,0.8433384289260528
15,neighbor_3,True,1.6838425147564953,0.2934946285429069
15,neighbor_4,True,1.0657199658580692,0.41018678007451015
15,neighbor_5,True,1.2156412219259354,0.6225919489702203
15,neighbor_6,True,0.210947555223929,0.3154759926121537
15,neighbor_7,True,2.411159104397987,0.5681039303425732
15,neighbor_8,True,0.06403651853765252,0.42257769565216974
15,neighbor_9,True,0.8304586490397479,0.16958311493555922
15,neighbor_10,False,1.2123031142740153,-0.1569556806128368
15,p2_primary_CENTER_AIR_BAG_PRESSURE_auc,True,1.3988612248092194,0.6702490056330141
15,p2_primary_CENTER_AIR_BAG_PRESSURE_mean,True,1.7716326416004453,0.4142047904092513
15,p2_primary_CENTER_AIR_BAG_PRESSURE_std,True,1.83225048653617,0.20768596604585787
15,p2_primary_DRESSING_WATER_STATUS_auc,True,1.7797705416294003,0.1768054085153691
15,p2_primary_DRESSING_WATER_STATUS_mean,True,2.3111624712437435,0.26895238492314066
15,p2_primary_DRESSING_WATER_STATUS_std,True,1.6055009174233033,0.519938842236198
15,p2_primary_EDGE_AIR_BAG_PRESSURE_auc,True,3.7346799848929817,0.4136674184481108
15,p2_primary_EDGE_AIR_BAG_PRESSURE_mean,True,2.7535673824437064,0.05428678257544645
15,p2_primary_EDGE_AIR_BAG_PRESSURE_std,True,0.05107149055027453,0.7192213432322462
15,p2_primary_HEAD_ROTATION_mean,False,0.4302277445415973,-0.00945635564828449
15,p2_primary_MAIN_OUTER_AIR_BAG_PRESSURE_auc,True,0.08727091544957896,0.4173649549541209
15,p2_primary_MAIN_OUTER_AIR_BAG_PRESSURE_mean,True,0.7937001285469457,0.4947780729837939
15,p2_primary_MAIN_OUTER_AIR_BAG_PRESSURE_std,True,1.306895025534016,0.49373309066517873
15,p2_primary_PRESSURIZED_CHAMBER_PRESSURE_auc,True,2.2801309174059825,0.3255017476204964
15,p2_primary_PRESSURIZED_CHAMBER_PRESSURE_mean,False,0.402768435447964,0.1405508600719625
15,p2_primary_PRESSURIZED_CHAMBER_PRESSURE_std,True,1.949502671244551,0.2919910030867266
15,p2_primary_RETAINER_RING_PRESSURE_auc,True,1.0281497410769485,0.24498051689237307
15,p2_primary_RETAINER_RING_PRESSURE_mean,True,1.872674708420186,0.022447432787102057
15,p2_primary_RETAINER_RING_PRESSURE_std,True,2.4895919302863168,-0.05738795436683916
15,p2_primary_RIPPLE_AIR_BAG_PRESSURE_auc,True,0.47383209243329827,0.42833618007381163
15,p2_primary_RIPPLE_AIR_BAG_PRESSURE_mean,False,0.93723253983249,0.11877511184628566
15,p2_primary_RIPPLE_AIR_BAG_PRESSURE_std,True,0.7837537366372695,0.15543939860393635
15,p2_primary_SLURRY_FLOW_LINE_A_auc,True,2.2849341068410296,0.1922582377195415
15,p2_primary_SLURRY_FLOW_LINE_A_mean,True,1.1758448793050873,0.1538016846048733
15,p2_primary_SLURRY_FLOW_LINE_A_std,True,0.11526899337650989,0.24351904961881812
15,p2_primary_SLURRY_FLOW_LINE_B_auc,True,1.574663801196322,0.3270029591357388
15,p2_primary_SLURRY_FLOW_LINE_B_mean,True,1.756520681270416,-0.08798023095577912
15,p2_primary_SLURRY_FLOW_LINE_B_std,False,1.0741700949397015,-0.21874070520911662
15,p2_primary_SLURRY_FLOW_LINE_C_auc,True,0.6186934232719045,0.5738516598817713
15,p2_primary_SLURRY_FLOW_LINE_C_mean,True,1.5026907023732083,0.17249765010849233
15,p2_primary_SLURRY_FLOW_LINE_C_std,True,3.422207144827486,0.00031099386845518046
15,p2_primary_STAGE_ROTATION_mean,True,2.7363731283161803,0.10388531738209603
15,p2_primary_USAGE_OF_BACKING_FILM_decreasing,True,3.246964578515437,0.19155052297718422
15,p2_primary_USAGE_OF_BACKING_FILM_mean,True,156865.0134807627,0.32746763842555465
15,p2_primary_USAGE_OF_BACKING_FILM_std,True,17.820564651101684,0.19888091018024529
15,p2_primary_USAGE_OF_DRESSER_TABLE_decreasing,False,0.10069348581194255,-0.0563808537766022
15,p2_primary_USAGE_OF_DRESSER_TABLE_mean,True,2031.4060451336086,0.25771594857682534
15,p2_primary_USAGE_OF_DRESSER_TABLE_std,False,0.11931832050138634,0.11921734136892516
15,p2_primary_USAGE_OF_DRESSER_decreasing,False,0.8142186941582129,-0.06473190745433113
15,p2_primary_USAGE_OF_DRESSER_mean,True,70.53539370260442,0.3364563424371176
15,p2_primary_USAGE_OF_DRESSER_std,False,1.4406240640033583,-0.1888913754967305
15,p2_primary_USAGE_OF_MEMBRANE_decreasing,True,33.53243299390442,-0.1480451232362014
15,p2_primary_USAGE_OF_MEMBRANE_mean,True,153036.08547158848,0.0
15,p2_primary_USAGE_OF_MEMBRANE_std,True,532.4396842759846,0.25291052370798267
15,p2_primary_USAGE_OF_POLISHING_TABLE_decreasing,True,0.7064235163353443,0.18906253139665552
15,p2_primary_USAGE_OF_POLISHING_TABLE_mean,False,0.7127789545769079,-0.11491309936260762
15,p2_primary_USAGE_OF_POLISHING_TABLE_std,True,0.7817914666044204,0.2590908674973578
15,p2_primary_USAGE_OF_PRESSURIZED_SHEET_decreasing,True,35.093663620863566,0.0429117423016875
15,p2_primary_USAGE_OF_PRESSURIZED_SHEET_mean,True,3951.890784986843,0.14126977936307578
15,p2_primary_USAGE_OF_PRESSURIZED_SHEET_std,True,563.1544144492127,0.34478701109769094
15,p2_primary_WAFER_ROTATION_mean,False,0.41801100446869666,-0.2871936934361425
15,p2_primary_duration,True,2.0125547526420955,0.20391742930690632
15,p2_secondary_CENTER_AIR_BAG_PRESSURE_auc,False,1.0055380955901034,0.016463926678005773
15,p2_secondary_CENTER_AIR_BAG_PRESSURE_mean,False,1.0752718193303539,0.10651974199840201
15,p2_secondary_CENTER_AIR_BAG_PRESSURE_std,False,1.0832487391958538,0.13881670276250593
15,p2_secondary_DRESSING_WATER_STATUS_auc,True,1.8890892725389958,0.1718940756478791
15,p2_secondary_DRESSING_WATER_STATUS_mean,True,1.668436867449988,0.25308797208749634
15,p2_secondary_DRESSING_WATER_STATUS_std,True,1.6752156411641284,0.0856360856116036
15,p2_secondary_EDGE_AIR_BAG_PRESSURE_auc,False,0.7125931259991174,-0.11280428781868983
15,p2_secondary_EDGE_AIR_BAG_PRESSURE_mean,False,0.6967818978132552,0.04837942253077435
15,p2_secondary_EDGE_AIR_BAG_PRESSURE_std,False,0.5590709951459177,0.13356414380063925
15,p2_secondary_HEAD_ROTATION_mean,False,0.34996935749340297,-0.007933905208249707
15,p2_secondary_MAIN_OUTER_AIR_BAG_PRESSURE_auc,True,0.07479167270354702,0.2376221323414418
15,p2_secondary_MAIN_OUTER_AIR_BAG_PRESSURE_mean,False,0.033216395655581286,0.07070441862195356
15,p2_secondary_MAIN_OUTER_AIR_BAG_PRESSURE_std,True,0.47095869593949524,0.3202400605264346
15,p2_secondary_PRESSURIZED_CHAMBER_PRESSURE_auc,False,0.05361532818675697,-0.34321972211852547
15,p2_secondary_PRESSURIZED_CHAMBER_PRESSURE_mean,False,0.5021276770973448,-0.246896197792556
15,p2_secondary_PRESSURIZED_CHAMBER_PRESSURE_std,True,1.833312193369435,0.15643463331078175
15,p2_secondary_RETAINER_RING_PRESSURE_auc,False,0.10788973845531409,0.06418661732158634
15,p2_secondary_RETAINER_RING_PRESSURE_mean,True,0.8531783975605143,0.18862348323596742
15,p2_secondary_RETAINER_RING_PRESSURE_std,False,0.7556364418501955,0.033036770469098586
15,p2_secondary_RIPPLE_AIR_BAG_PRESSURE_auc,False,0.9718682309783578,0.0
15,p2_secondary_RIPPLE_AIR_BAG_PRESSURE_mean,False,1.0222986787423418,-0.05695654619480052
15,p2_secondary_RIPPLE_AIR_BAG_PRESSURE_std,True,0.955693545767505,0.2104615244535036
15,p2_secondary_SLURRY_FLOW_LINE_A_auc,False,0.1271976774547422,-0.2508594960192601
15,p2_secondary_SLURRY_FLOW_LINE_A_mean,False,0.6713596179955114,-0.2059948097765898
15,p2_secondary_SLURRY_FLOW_LINE_A_std,False,0.306260785598072,0.0034842153724390056
15,p2_secondary_SLURRY_FLOW_LINE_B_auc,False,0.8829056329711633,-0.24955460163753285
15,p2_secondary_SLURRY_FLOW_LINE_B_mean,True,0.8335110502315815,0.18490846231730632
15,p2_secondary_SLURRY_FLOW_LINE_B_std,False,0.3762186185460884,-0.09371713167141474
15,p2_secondary_SLURRY_FLOW_LINE_C_auc,False,0.8645318775841446,-0.12665616375595445
15,p2_secondary_SLURRY_FLOW_LINE_C_mean,True,0.2545098943067088,0.23092477522125293
15,p2_secondary_SLURRY_FLOW_LINE_C_std,False,1.1991946720516393,-0.05137892008250613
15,p2_secondary_STAGE_ROTATION_mean,False,0.12209159906914001,0.030332731251471016
15,p2_secondary_USAGE_OF_BACKING_FILM_decreasing,True,57.308233267183034,-0.07686070204087045
15,p2_secondary_USAGE_OF_BACKING_FILM_mean,True,20383.342360951345,0.17133123102864048
15,p2_secondary_USAGE_OF_BACKING_FILM_std,True,245.93395276761902,-0.1959463099240737
15,p2_secondary_USAGE_OF_DRESSER_TABLE_decreasing,True,1.5005923697190435,0.0
15,p2_secondary_USAGE_OF_DRESSER_TABLE_mean,True,2055.4479825215917,0.03980602867520976
15,p2_secondary_USAGE_OF_DRESSER_TABLE_std,False,1.2745594393981743,0.0
15,p2_secondary_USAGE_OF_DRESSER_decreasing,False,0.24734811475248325,0.0
15,p2_secondary_USAGE_OF_DRESSER_mean,True,70.35332579731359,0.41051954118200995
15,p2_secondary_USAGE_OF_DRESSER_std,False,0.13509895454767387,0.0
15,p2_secondary_USAGE_OF_MEMBRANE_decreasing,True,10.509367474838482,0.14103847999431257
15,p2_secondary_USAGE_OF_MEMBRANE_mean,True,207889.6491003033,0.28113596194773205
15,p2_secondary_USAGE_OF_MEMBRANE_std,True,84.11340978255802,-0.1767766952966369
15,p2_secondary_USAGE_OF_POLISHING_TABLE_decreasing,False,0.5538439159595284,0.02195246907963607
15,p2_secondary_USAGE_OF_POLISHING_TABLE_mean,True,0.7230782955056895,0.4328068365791637
15,p2_secondary_USAGE_OF_POLISHING_TABLE_std,False,0.3514152733511228,-0.10389146476021059
15,p2_secondary_USAGE_OF_PRESSURIZED_SHEET_decreasing,True,94.88076070208885,0.1767766952966369
15,p2_secondary_USAGE_OF_PRESSURIZED_SHEET_mean,True,228395.1626169227,0.14716512242312874
15,p2_secondary_USAGE_OF_PRESSURIZED_SHEET_std,True,337.1992800474134,-0.2832452886536
15,p2_secondary_WAFER_ROTATION_mean,False,1.2670435479161748,-0.03497574542521298
15,p2_secondary_duration,False,0.22082099265391972,0.03810254325964171
16,lag_1,False,0.539899907530824,0.10710031979466945
16,lag_2,True,1.4688953100168518,0.38326985966053284
16,lag_3,False,1.2106511531666122,0.015900383701984794
16,lag_4,True,0.20409577338906632,0.19659753679617256
16,lag_5,False,0.40809230136163177,0.12907723952747996
16,lag_6,True,0.8052087277050672,0.2394741541976989
16,lag_7,False,1.2749965333558806,0.006056557623633769
16,lag_8,False,0.7740928534872564,-0.39111333292917994
16,lag_9,False,0.2586179021489302,-0.15577487694508857
16,lag_10,True,2.603557497952163,0.04604548506111328
16,lag_11,True,1.5469354847580994,-0.12012092522017262
16,neighbor_1,True,10.542364575452579,3.2197327324494998
16,neighbor_2,True,2.621653980561704,0.7933291121472793
16,neighbor_3,True,1.2475377470387363,0.5453434373777514
16,neighbor_4,True,1.7380315923786047,0.6454755303481825
16,neighbor_5,True,0.3832789234359495,0.4859695031552963
16,neighbor_6,True,0.9054460495339292,0.5926175686964809
16,neighbor_7,False,0.7086442251126123,0.09353462558093888
16,neighbor_8,False,0.1430894278244902,0.10739865049687018
16,neighbor_9,True,0.46965506191434714,0.3757066360816711
16,neighbor_10,False,0.3837272821380643,0.08285873275674335
16,p2_primary_CENTER_AIR_BAG_PRESSURE_auc,True,0.2658609077288492,0.843462518227678
16,p2_primary_CENTER_AIR_BAG_PRESSURE_mean,True,0.600427967015365,0.2928090746342922
16,p2_primary_CENTER_AIR_BAG_PRESSURE_std,False,1.4081745057308073,-0.021024957600918538
16,p2_primary_DRESSING_WATER_STATUS_auc,True,1.410066975748318,0.33063017751795576
16,p2_primary_DRESSING_WATER_STATUS_mean,True,1.5826289488602339,0.15992870703504553
16,p2_primary_DRESSING_WATER_STATUS_std,False,0.9254765792397898,0.10654694532167379
16,p2_primary_EDGE_AIR_BAG_PRESSURE_auc,True,2.1173340124359106,0.29737776258008086
16,p2_primary_EDGE_AIR_BAG_PRESSURE_mean,False,0.9696371289416101,0.14033390596309636
16,p2_primary_EDGE_AIR_BAG_PRESSURE_std,True,0.2079642951752717,0.5260641346289764
16,p2_primary_HEAD_ROTATION_mean,False,1.3471439844633168,-0.1924359204092672
16,p2_primary_MAIN_OUTER_AIR_BAG_PRESSURE_auc,True,0.3352057686415073,0.9654429672331439
16,p2_primary_MAIN_OUTER_AIR_BAG_PRESSURE_mean,True,0.5081280103480262,0.20166609518491105
16,p2_primary_MAIN_OUTER_AIR_BAG_PRESSURE_std,True,1.0820598929543568,0.529963673357166
16,p2_primary_PRESSURIZED_CHAMBER_PRESSURE_auc,True,1.6947043100639516,1.0325391554652883
16,p2_primary_PRESSURIZED_CHAMBER_PRESSURE_mean,True,0.4873995718858112,0.22273629109911552
16,p2_primary_PRESSURIZED_CHAMBER_PRESSURE_std,True,1.3556751144570554,0.3310770653024572
16,p2_primary_RETAINER_RING_PRESSURE_auc,True,1.4565068094170182,0.32733606614712907
16,p2_primary_RETAINER_RING_PRESSURE_mean,False,1.2766856242333706,0.06567339633190276
16,p2_primary_RETAINER_RING_PRESSURE_std,True,1.975852251657627,0.35621674439173295
16,p2_primary_RIPPLE_AIR_BAG_PRESSURE_auc,True,0.12882173909163488,0.48351152800226144
16,p2_primary_RIPPLE_AIR_BAG_PRESSURE_mean,True,0.3337302228820028,0.6785925931762985
16,p2_primary_RIPPLE_AIR_BAG_PRESSURE_std,False,1.2252792474044165,0.06974497306763112
16,p2_primary_SLURRY_FLOW_LINE_A_auc,True,1.6040498191854378,0.45703379130860783
16,p2_primary_SLURRY_FLOW_LINE_A_mean,True,0.4204943680682052,0.20171584249315092
16,p2_primary_SLURRY_FLOW_LINE_A_std,False,0.36140812656756616,0.10568608021391182
16,p2_primary_SLURRY_FLOW_LINE_B_auc,False,1.0001136262384032,0.14760719794760258
16,p2_primary_SLURRY_FLOW_LINE_B_mean,True,1.8175609917789506,0.08133018419661261
16,p2_primary_SLURRY_FLOW_LINE_B_std,False,0.34940151843616724,-0.17161440395031058
16,p2_primary_SLURRY_FLOW_LINE_C_auc,True,0.2768339326234269,0.5047970390186811
16,p2_primary_SLURRY_FLOW_LINE_C_mean,False,1.495637933618176,0.06018112082330612
16,p2_primary_SLURRY_FLOW_LINE_C_std,True,2.2238769338142634,0.22447343190855398
16,p2_primary_STAGE_ROTATION_mean,True,3.066694936721462,0.019626744332649024
16,p2_primary_USAGE_OF_BACKING_FILM_decreasing,True,7.312289979367257,0.1910554991009467
16,p2_primary_USAGE_OF_BACKING_FILM_mean,True,218897.65411562662,-0.025502408574623242
16,p2_primary_USAGE_OF_BACKING_FILM_std,True,87.24538504496137,0.26402350312269135
16,p2_primary_USAGE_OF_DRESSER_TABLE_decreasing,False,0.7855088216279689,-0.11647005024204554
16,p2_primary_USAGE_OF_DRESSER_TABLE_mean,True,964.4879389455251,0.19006661821425772
16,p2_primary_USAGE_OF_DRESSER_TABLE_std,False,0.4140220830839324,-0.2679045967707645
16,p2_primary_USAGE_OF_DRESSER_decreasing,False,0.08520232752762084,-0.04792884308889579
16,p2_primary_USAGE_OF_DRESSER_mean,True,3.795961958833538,0.40572920400593565
16,p2_primary_USAGE_OF_DRESSER_std,False,0.3363943804015602,-0.13080102119619355
16,p2_primary_USAGE_OF_MEMBRANE_decreasing,True,16.55216570404182,0.11991351331641714
16,p2_primary_USAGE_OF_MEMBRANE_mean,True,212870.14852925052,0.16857736795437636
16,p2_primary_USAGE_OF_MEMBRANE_std,True,262.88013251321553,0.056191753887492826
16,p2_primary_USAGE_OF_POLISHING_TABLE_decreasing,False,1.295930414544089,-0.3505039952126375
16,p2_primary_USAGE_OF_POLISHING_TABLE_mean,True,0.5984185943026658,0.25734671827442807
16,p2_primary_USAGE_OF_POLISHING_TABLE_std,True,1.2511491772089158,0.2581310854928485
16,p2_primary_USAGE_OF_PRESSURIZED_SHEET_decreasing,True,23.68771949491032,0.116584028264955
16,p2_primary_USAGE_OF_PRESSURIZED_SHEET_mean,True,6177.05298324945,0.16238663457442276
16,p2_primary_USAGE_OF_PRESSURIZED_SHEET_std,True,370.2225482153218,-0.2824676808212808
16,p2_primary_WAFER_ROTATION_mean,False,0.5145872811377006,0.05032744803943844
16,p2_primary_duration,True,1.534829681568857,0.262007876581843
16,p2_secondary_CENTER_AIR_BAG_PRESSURE_auc,False,0.48579462127263484,0.12268022204648592
16,p2_secondary_CENTER_AIR_BAG_PRESSURE_mean,False,0.5403564500372899,-0.07673293249536949
16,p2_secondary_CENTER_AIR_BAG_PRESSURE_std,False,0.6127377384609549,-0.20245564575507774
16,p2_secondary_DRESSING_WATER_STATUS_auc,True,2.0589536817223006,0.2236769125783494
16,p2_secondary_DRESSING_WATER_STATUS_mean,True,1.8831805483547421,0.2390954237060388
16,p2_secondary_DRESSING_WATER_STATUS_std,False,1.4330684745726285,0.11276934792640864
16,p2_secondary_EDGE_AIR_BAG_PRESSURE_auc,False,0.06581097590992406,-0.11397491939857411
16,p2_secondary_EDGE_AIR_BAG_PRESSURE_mean,False,0.08055133195120835,-0.17846662357514126
16,p2_secondary_EDGE_AIR_BAG_PRESSURE_std,False,0.7074615961220823,-0.12936586714577142
16,p2_secondary_HEAD_ROTATION_mean,True,0.014251822936273938,0.39636217518108746
16,p2_secondary_MAIN_OUTER_AIR_BAG_PRESSURE_auc,False,0.43516943812908465,-0.18051738598739925
16,p2_secondary_MAIN_OUTER_AIR_BAG_PRESSURE_mean,False,0.4221951777267796,0.03410484173007196
16,p2_secondary_MAIN_OUTER_AIR_BAG_PRESSURE_std,False,0.6274238838313844,-0.07698677806577096
16,p2_secondary_PRESSURIZED_CHAMBER_PRESSURE_auc,False,0.8563999231458287,-0.0890359436341501
16,p2_secondary_PRESSURIZED_CHAMBER_PRESSURE_mean,False,1.3154378280812913,0.033070869320463554
16,p2_secondary_PRESSURIZED_CHAMBER_PRESSURE_std,True,2.4108493924434495,0.25863741358498976
16,p2_secondary_RETAINER_RING_PRESSURE_auc,False,0.5436698633031308,-0.22836528697581213
16,p2_secondary_RETAINER_RING_PRESSURE_mean,True,0.3938233419232161,0.22179248822662925
16,p2_secondary_RETAINER_RING_PRESSURE_std,True,0.07505422447324495,0.21709162955343317
16,p2_secondary_RIPPLE_AIR_BAG_PRESSURE_auc,False,0.9155449373293325,0.03444463809812133
16,p2_secondary_RIPPLE_AIR_BAG_PRESSURE_mean,False,0.886511994052109,-0.16878317579878277
16,p2_secondary_RIPPLE_AIR_BAG_PRESSURE_std,False,0.4154021289514105,-0.037522433263107516
16,p2_secondary_SLURRY_FLOW_LINE_A_auc,True,0.37606894338047364,0.23520701905403701
16,p2_secondary_SLURRY_FLOW_LINE_A_mean,True,0.5373939491663561,0.18532249171461213
16,p2_secondary_SLURRY_FLOW_LINE_A_std,False,0.014101486629500374,-0.11969451961959435
16,p2_secondary_SLURRY_FLOW_LINE_B_auc,False,0.9425467960943001,-0.054595399134757264
16,p2_secondary_SLURRY_FLOW_LINE_B_mean,True,0.9398826134553405,0.24244753277090864
16,p2_secondary_SLURRY_FLOW_LINE_B_std,True,0.1740750255661424,0.20277841417173698
16,p2_secondary_SLURRY_FLOW_LINE_C_auc,False,0.4123711345564891,0.03852155407737078
16,p2_secondary_SLURRY_FLOW_LINE_C_mean,False,0.020594126442387076,-0.15876996951975964
16,p2_secondary_SLURRY_FLOW_LINE_C_std,False,0.5274128627021222,0.10754673963861876
16,p2_secondary_STAGE_ROTATION_mean,False,0.3630995592928457,-0.31726860965468456
16,p2_secondary_USAGE_OF_BACKING_FILM_decreasing,True,3.006630609778915,0.2761240176457402
16,p2_secondary_USAGE_OF_BACKING_FILM_mean,True,51241.13009158089,0.22923705448618084
16,p2_secondary_USAGE_OF_BACKING_FILM_std,True,11.320655610368332,0.2726094458019505
16,p2_secondary_USAGE_OF_DRESSER_TABLE_decreasing,True,2.4248707649112196,0.0
16,p2_secondary_USAGE_OF_DRESSER_TABLE_mean,True,986.3414307038739,-0.14370319583394822
16,p2_secondary_USAGE_OF_DRESSER_TABLE_std,True,2.068611338211989,0.0
16,p2_secondary_USAGE_OF_DRESSER_decreasing,False,0.6133959539750868,0.0
16,p2_secondary_USAGE_OF_DRESSER_mean,True,3.365424557014948,0.47090157040905023
16,p2_secondary_USAGE_OF_DRESSER_std,False,0.6984547710806273,0.0
16,p2_secondary_USAGE_OF_MEMBRANE_decreasing,True,480.62104987213485,-0.07488157750515809
16,p2_secondary_USAGE_OF_MEMBRANE_mean,True,482772.46519336855,-0.19430399820836183
16,p2_secondary_USAGE_OF_MEMBRANE_std,True,1501.6116708839456,0.10909533691808956
16,p2_secondary_USAGE_OF_POLISHING_TABLE_decreasing,False,0.34397123250332884,0.13628221432924206
16,p2_secondary_USAGE_OF_POLISHING_TABLE_mean,True,0.6604089134553824,0.3013443169985878
16,p2_secondary_USAGE_OF_POLISHING_TABLE_std,False,0.1087141678239954,-0.26885885932176545
16,p2_secondary_USAGE_OF_PRESSURIZED_SHEET_decreasing,True,384.69902415221225,0.35572480219071273
16,p2_secondary_USAGE_OF_PRESSURIZED_SHEET_mean,True,431758.1861052568,0.23443725918475083
16,p2_secondary_USAGE_OF_PRESSURIZED_SHEET_std,True,1255.9057565817418,0.12060945887108294
16,p2_secondary_WAFER_ROTATION_mean,False,0.4211119090110409,-0.03752746559064545
16,p2_secondary_duration,True,1.4121398438807773,0.20025268405982719
17,lag_1,True,1.1581989117565097,0.3643792696038875
17,lag_2,True,1.4220690267952019,0.3394716211253386
17,lag_3,True,0.6783200343000442,0.23920738245560327
17,lag_4,True,0.13832961320640327,0.17596622280363838
17,lag_5,True,0.5118961677470636,0.23954132201050632
17,lag_6,True,0.2887530181254154,0.3604102579207851
17,lag_7,True,0.20003364630661905,0.2214416068941835
17,lag_8,False,0.05054140414949748,-0.3312136727554421
17,lag_9,False,0.19515175696105902,-0.3582776219965793
17,lag_10,True,1.4143354637850027,0.35790034023390005
17,lag_11,True,0.12728384243556157,0.35685194121581537
17,neighbor_1,True,8.65291381570814,1.8364749199807309
17,neighbor_2,True,2.7076262660257604,0.787262032688557
17,neighbor_3,True,0.2687971123774433,0.5631338309796323
17,neighbor_4,True,1.8712020141315047,0.4567886158868985
17,neighbor_5,True,1.1454706938580759,0.46880168830104474
17,neighbor_6,True,1.9825424310246882,0.3618227661458615
17,neighbor_7,True,0.35091659195508124,0.8208443350751141
17,neighbor_8,True,1.5329237774474929,0.16703924519483945
17,neighbor_9,True,1.5274776543112119,0.21450620748684116
17,neighbor_10,False,0.38118365874726134,0.13663221454393923
17,p2_primary_CENTER_AIR_BAG_PRESSURE_auc,True,0.5508397141480084,0.6291370574650345
17,p2_primary_CENTER_AIR_BAG_PRESSURE_mean,True,0.7442986159923421,0.3068453221518707
17,p2_primary_CENTER_AIR_BAG_PRESSURE_std,True,1.482815952175242,0.1895277384606095
17,p2_primary_DRESSING_WATER_STATUS_auc,False,0.8711015924880727,0.02909784359184219
17,p2_primary_DRESSING_WATER_STATUS_mean,True,1.1574137081048042,0.16756163336232702
17,p2_primary_DRESSING_WATER_STATUS_std,True,0.9949630179626935,0.3713031275004381
17,p2_primary_EDGE_AIR_BAG_PRESSURE_auc,True,2.921393019097533,-0.19218250686064572
17,p2_primary_EDGE_AIR_BAG_PRESSURE_mean,True,1.8593113823740166,-0.09239243600618299
17,p2_primary_EDGE_AIR_BAG_PRESSURE_std,True,0.360842994366964,0.4409539752021108
17,p2_primary_HEAD_ROTATION_mean,True,0.0026217514553861705,0.3681390169605928
17,p2_primary_MAIN_OUTER_AIR_BAG_PRESSURE_auc,True,0.6307475556052312,0.4068161016836094
17,p2_primary_MAIN_OUTER_AIR_BAG_PRESSURE_mean,False,0.18840614057455732,0.13135345636902712
17,p2_primary_MAIN_OUTER_AIR_BAG_PRESSURE_std,True,0.7773293260722581,0.29386737751975367
17,p2_primary_PRESSURIZED_CHAMBER_PRESSURE_auc,True,1.3799282506537516,0.36786263002181574
17,p2_primary_PRESSURIZED_CHAMBER_PRESSURE_mean,True,0.17381493512165047,0.19683679527513082
17,p2_primary_PRESSURIZED_CHAMBER_PRESSURE_std,True,3.346560317353745,0.11612797441784699
17,p2_primary_RETAINER_RING_PRESSURE_auc,True,1.3220634679181564,0.44076181942945264
17,p2_primary_RETAINER_RING_PRESSURE_mean,True,1.4546014095258344,0.16756454597049605
17,p2_primary_RETAINER_RING_PRESSURE_std,True,1.9532217469426227,-0.16779564438321504
17,p2_primary_RIPPLE_AIR_BAG_PRESSURE_auc,True,0.08341527874146669,0.6282552638009113
17,p2_primary_RIPPLE_AIR_BAG_PRESSURE_mean,True,0.3282954715441693,0.40789777716382686
17,p2_primary_RIPPLE_AIR_BAG_PRESSURE_std,False,1.4021712264695614,0.07635343295662664
17,p2_primary_SLURRY_FLOW_LINE_A_auc,True,1.1474352422865068,0.7214954805787803
17,p2_primary_SLURRY_FLOW_LINE_A_mean,False,0.006921653516230575,0.09906997149535773
17,p2_primary_SLURRY_FLOW_LINE_A_std,False,0.20270542110516343,0.04401446973299169
17,p2_primary_SLURRY_FLOW_LINE_B_auc,True,1.7287521681300768,0.0391245196806514
17,p2_primary_SLURRY_FLOW_LINE_B_mean,False,0.5262935318287173,0.07511464881748157
17,p2_primary_SLURRY_FLOW_LINE_B_std,False,0.7221713568880554,-0.18535093599633315
17,p2_primary_SLURRY_FLOW_LINE_C_auc,True,0.05904835975969564,1.0010473866163523
17,p2_primary_SLURRY_FLOW_LINE_C_mean,True,1.74329318025686,0.5088790522078
17,p2_primary_SLURRY_FLOW_LINE_C_std,True,1.7158965944611468,0.43037582780078637
17,p2_primary_STAGE_ROTATION_mean,True,3.2143531159148373,0.35100736980064606
17,p2_primary_USAGE_OF_BACKING_FILM_decreasing,True,10.05440870994012,-0.047955452175122405
17,p2_primary_USAGE_OF_BACKING_FILM_mean,True,3680691.642439986,0.20840356993551995
17,p2_primary_USAGE_OF_BACKING_FILM_std,True,9.879618155692627,0.4027793850208082
17,p2_primary_USAGE_OF_DRESSER_TABLE_decreasing,False,0.022554251821722337,-0.24415924305727876
17,p2_primary_USAGE_OF_DRESSER_TABLE_mean,True,205.05222858558497,0.04699391164575491
17,p2_primary_USAGE_OF_DRESSER_TABLE_std,False,0.18375330439591683,0.06612893021166612
17,p2_primary_USAGE_OF_DRESSER_decreasing,False,0.008997466059585454,0.09408641338321598
17,p2_primary_USAGE_OF_DRESSER_mean,True,130.88362623758337,0.3111858457360854
17,p2_primary_USAGE_OF_DRESSER_std,False,0.5450443865348668,-0.02314694398822688
17,p2_primary_USAGE_OF_MEMBRANE_decreasing,True,46.851184961259065,0.1767766952966369
17,p2_primary_USAGE_OF_MEMBRANE_mean,True,4048833.5468661655,0.176776695296637
17,p2_primary_USAGE_OF_MEMBRANE_std,True,57.45792418614091,-0.023805287530903718
17,p2_primary_USAGE_OF_POLISHING_TABLE_decreasing,True,2.168011993885055,0.17098204344524806
17,p2_primary_USAGE_OF_POLISHING_TABLE_mean,True,0.6834698670076538,0.3550758272336763
17,p2_primary_USAGE_OF_POLISHING_TABLE_std,True,2.1957897204739014,0.26916477954548174
17,p2_primary_USAGE_OF_PRESSURIZED_SHEET_decreasing,True,47.50960938791297,0.16350610223190326
17,p2_primary_USAGE_OF_PRESSURIZED_SHEET_mean,True,383325.16598065244,0.31845396406293985
17,p2_primary_USAGE_OF_PRESSURIZED_SHEET_std,True,58.46051201451305,0.26163908281783216
17,p2_primary_WAFER_ROTATION_mean,True,1.471778525285008,0.17990299364423093
17,p2_primary_duration,True,0.7537449639209706,0.19062221065806068
17,p2_secondary_CENTER_AIR_BAG_PRESSURE_auc,False,0.901690175898696,-0.19147624801099056
17,p2_secondary_CENTER_AIR_BAG_PRESSURE_mean,False,0.8769875550090217,0.021362170615532763
17,p2_secondary_CENTER_AIR_BAG_PRESSURE_std,False,0.35397576707986605,-0.08434258739799017
17,p2_secondary_DRESSING_WATER_STATUS_auc,False,0.23255365743127668,-0.11530214931457847
17,p2_secondary_DRESSING_WATER_STATUS_mean,True,0.3451315751903964,0.3838319956452665
17,p2_secondary_DRESSING_WATER_STATUS_std,True,1.744281568324385,0.24828847711885135
17,p2_secondary_EDGE_AIR_BAG_PRESSURE_auc,False,0.4483207404677167,-0.1619206928683829
17,p2_secondary_EDGE_AIR_BAG_PRESSURE_mean,False,0.33822205975996367,-0.004796864376765052
17,p2_secondary_EDGE_AIR_BAG_PRESSURE_std,False,1.372499520327176,-0.13782385142326856
17,p2_secondary_HEAD_ROTATION_mean,False,1.137612347189527,-0.09085088631437009
17,p2_secondary_MAIN_OUTER_AIR_BAG_PRESSURE_auc,True,0.1908510713939031,0.1993469404298557
17,p2_secondary_MAIN_OUTER_AIR_BAG_PRESSURE_mean,False,0.2465597848905134,0.024711646092186828
17,p2_secondary_MAIN_OUTER_AIR_BAG_PRESSURE_std,True,0.6523459448081558,0.159305550449359
17,p2_secondary_PRESSURIZED_CHAMBER_PRESSURE_auc,False,0.7085569650436799,-0.2583950331372957
17,p2_secondary_PRESSURIZED_CHAMBER_PRESSURE_mean,False,1.1752581076483097,-0.02217563875689338
17,p2_secondary_PRESSURIZED_CHAMBER_PRESSURE_std,True,2.2619610254022238,-0.2563405253328451
17,p2_secondary_RETAINER_RING_PRESSURE_auc,False,0.9730131549476477,-0.10905411897807593
17,p2_secondary_RETAINER_RING_PRESSURE_mean,True,1.3239251966406982,0.29191939031462305
17,p2_secondary_RETAINER_RING_PRESSURE_std,True,1.9780796933318843,-0.07966701170514628
17,p2_secondary_RIPPLE_AIR_BAG_PRESSURE_auc,False,0.19111690145187,-0.1767766952966368
17,p2_secondary_RIPPLE_AIR_BAG_PRESSURE_mean,False,0.17185841087317144,0.09311530074072294
17,p2_secondary_RIPPLE_AIR_BAG_PRESSURE_std,False,0.9645643129594037,-0.3253310079300466
17,p2_secondary_SLURRY_FLOW_LINE_A_auc,False,0.02579019116973468,-0.23986449269859347
17,p2_secondary_SLURRY_FLOW_LINE_A_mean,False,0.5493416829005894,0.060566275963303745
17,p2_secondary_SLURRY_FLOW_LINE_A_std,False,0.4154856328393259,0.06111473411563276
17,p2_secondary_SLURRY_FLOW_LINE_B_auc,False,0.5477128186347029,-0.10837302282520837
17,p2_secondary_SLURRY_FLOW_LINE_B_mean,False,0.5221409400207541,-0.22894898503839295
17,p2_secondary_SLURRY_FLOW_LINE_B_std,False,0.4802777168206321,-0.16012201094253944
17,p2_secondary_SLURRY_FLOW_LINE_C_auc,True,0.46207826661438256,0.2379465876688247
17,p2_secondary_SLURRY_FLOW_LINE_C_mean,False,0.0822886938768954,-0.199635924714739
17,p2_secondary_SLURRY_FLOW_LINE_C_std,False,1.047075922732623,-0.10657986314115611
17,p2_secondary_STAGE_ROTATION_mean,False,0.8005200346413591,-0.04304205728883568
17,p2_secondary_USAGE_OF_BACKING_FILM_decreasing,True,4.4377658178995825,-0.17677669529663692
17,p2_secondary_USAGE_OF_BACKING_FILM_mean,True,925621.2495222155,-0.26859766658423406
17,p2_secondary_USAGE_OF_BACKING_FILM_std,True,17.501093370798156,0.23809748799393313
17,p2_secondary_USAGE_OF_DRESSER_TABLE_decreasing,True,2.041469484115044,0.0
17,p2_secondary_USAGE_OF_DRESSER_TABLE_mean,True,210.33068516387345,-0.12116640758364298
17,p2_secondary_USAGE_OF_DRESSER_TABLE_std,True,1.8566488131358214,0.0
17,p2_secondary_USAGE_OF_DRESSER_decreasing,False,0.40725565598081576,0.0
17,p2_secondary_USAGE_OF_DRESSER_mean,True,130.3790077995133,0.1695513731977981
17,p2_secondary_USAGE_OF_DRESSER_std,False,0.5320667268955981,0.0
17,p2_secondary_USAGE_OF_MEMBRANE_decreasing,True,297.68055528879637,0.00014965280085791336
17,p2_secondary_USAGE_OF_MEMBRANE_mean,True,5692820.206030419,-0.027774745117831703
17,p2_secondary_USAGE_OF_MEMBRANE_std,True,1105.1899760770946,0.1662655724494398
17,p2_secondary_USAGE_OF_POLISHING_TABLE_decreasing,False,0.48356020842624997,0.07991134023978406
17,p2_secondary_USAGE_OF_POLISHING_TABLE_mean,True,0.7333081368059757,0.3741292886518261
17,p2_secondary_USAGE_OF_POLISHING_TABLE_std,False,0.22865232520594503,-0.13635022750877654
17,p2_secondary_USAGE_OF_PRESSURIZED_SHEET_decreasing,True,238.50560400743063,-0.2526917145328889
17,p2_secondary_USAGE_OF_PRESSURIZED_SHEET_mean,True,6632324.561605985,0.11529780702162305
17,p2_secondary_USAGE_OF_PRESSURIZED_SHEET_std,True,931.9771749953137,-0.01889854260500638
17,p2_secondary_WAFER_ROTATION_mean,False,1.3819085808858702,-0.13847963063092525
17,p2_secondary_duration,False,0.5824292156075063,0.003869695479937397
18,lag_1,True,0.35697666968960134,0.2307146685879071
18,lag_2,True,0.8239564077459596,0.32635505563771966
18,lag_3,True,0.11044172242572685,0.1768366032339743
18,lag_4,False,0.3073430846884642,0.059017740541017674
18,lag_5,True,1.8088624725068505,0.04771325610007595
18,lag_6,False,0.20551410540648557,-0.35224743135499204
18,lag_7,True,2.5516875780008026,0.19450862327133053
18,lag_8,True,2.8954557886713026,0.3412575431056917
18,lag_9,False,0.5362515457534828,0.10913173777030113
18,lag_10,True,2.7810006831094682,0.23415231319067778
18,lag_11,False,1.178348635164507,-0.1926711825484005
18,neighbor_1,True,8.550433675091131,1.9196672797127505
18,neighbor_2,True,1.359713540471307,0.5654074516108547
18,neighbor_3,True,4.747665010514491,0.645131987818043
18,neighbor_4,True,0.6848909558748648,0.7563752400715292
18,neighbor_5,True,1.0408337234337612,0.35248733519744724
18,neighbor_6,True,0.9606737349180249,0.45665956639561783
18,neighbor_7,True,1.4381369339087986,0.2967004128159484
18,neighbor_8,True,1.081287621189626,0.162310637748457
18,neighbor_9,True,0.5001442087496196,0.24056028430996024
18,neighbor_10,True,0.13814313891735772,0.5120292116463954
18,p2_primary_CENTER_AIR_BAG_PRESSURE_auc,True,0.021325677776910773,0.5496769191688589
18,p2_primary_CENTER_AIR_BAG_PRESSURE_mean,True,0.1663577271136264,0.3787612470023369
18,p2_primary_CENTER_AIR_BAG_PRESSURE_std,True,0.8904494215366153,0.1501779575342904
18,p2_primary_DRESSING_WATER_STATUS_auc,True,1.6199886067348939,0.0005610300473210761
18,p2_primary_DRESSING_WATER_STATUS_mean,True,1.7979118822475697,0.01691175858232374
18,p2_primary_DRESSING_WATER_STATUS_std,True,0.8638619270819197,0.3510168360866485
18,p2_primary_EDGE_AIR_BAG_PRESSURE_auc,True,3.128891707908812,0.21903573368132234
18,p2_primary_EDGE_AIR_BAG_PRESSURE_mean,True,2.284292343351736,0.2186995251777252
18,p2_primary_EDGE_AIR_BAG_PRESSURE_std,True,0.5863582678624017,0.5337953695047004
18,p2_primary_HEAD_ROTATION_mean,False,0.8978327053906977,-0.25137726605296906
18,p2_primary_MAIN_OUTER_AIR_BAG_PRESSURE_auc,True,1.1362212901064481,0.4142235000051984
18,p2_primary_MAIN_OUTER_AIR_BAG_PRESSURE_mean,True,0.5350254378038862,0.18237710591339185
18,p2_primary_MAIN_OUTER_AIR_BAG_PRESSURE_std,True,0.46630528657323733,0.2173535615916792
18,p2_primary_PRESSURIZED_CHAMBER_PRESSURE_auc,True,1.6607218310608156,0.34321347367229976
18,p2_primary_PRESSURIZED_CHAMBER_PRESSURE_mean,False,0.8083414923558523,0.07261496562146762
18,p2_primary_PRESSURIZED_CHAMBER_PRESSURE_std,True,2.09522677904391,0.12564406492573732
18,p2_primary_RETAINER_RING_PRESSURE_auc,True,2.66034999882918,0.43953808036670766
18,p2_primary_RETAINER_RING_PRESSURE_mean,False,0.8071945463997254,0.0003004021933886369
18,p2_primary_RETAINER_RING_PRESSURE_std,True,1.8657203003908396,0.13823844651668524
18,p2_primary_RIPPLE_AIR_BAG_PRESSURE_auc,True,0.1372368092194755,0.5226632325021009
18,p2_primary_RIPPLE_AIR_BAG_PRESSURE_mean,True,0.07697138077574435,0.23809734284936315
18,p2_primary_RIPPLE_AIR_BAG_PRESSURE_std,True,2.3291229015083537,0.2727177366716147
18,p2_primary_SLURRY_FLOW_LINE_A_auc,True,2.209679040578943,0.5671445002974516
18,p2_primary_SLURRY_FLOW_LINE_A_mean,True,0.11530116195818277,0.29338007464595606
18,p2_primary_SLURRY_FLOW_LINE_A_std,True,1.3658218549937469,0.49814476062732943
18,p2_primary_SLURRY_FLOW_LINE_B_auc,True,4.177514047515635,0.11970096430770936
18,p2_primary_SLURRY_FLOW_LINE_B_mean,False,1.4445469392603503,-0.1526128303096422
18,p2_primary_SLURRY_FLOW_LINE_B_std,True,1.5929329704126163,-0.1965315842228201
18,p2_primary_SLURRY_FLOW_LINE_C_auc,True,1.2195518613091112,0.5854157277652263
18,p2_primary_SLURRY_FLOW_LINE_C_mean,True,1.535576978080739,0.4366587565094457
18,p2_primary_SLURRY_FLOW_LINE_C_std,True,2.9211582030236327,0.19342993809184272
18,p2_primary_STAGE_ROTATION_mean,True,1.7553095815180555,0.1963235123914389
18,p2_primary_USAGE_OF_BACKING_FILM_decreasing,True,9.579254864055837,-0.08514626835545695
18,p2_primary_USAGE_OF_BACKING_FILM_mean,True,96378.80900198732,0.048527075982700334
18,p2_primary_USAGE_OF_BACKING_FILM_std,True,93.02195318842027,0.18936453008605786
18,p2_primary_USAGE_OF_DRESSER_TABLE_decreasing,True,0.2588381071839057,0.15370981514409357
18,p2_primary_USAGE_OF_DRESSER_TABLE_mean,True,2145.542413876244,0.3241949962346632
18,p2_primary_USAGE_OF_DRESSER_TABLE_std,True,0.0561048788701308,0.21796733808017588
18,p2_primary_USAGE_OF_DRESSER_decreasing,True,0.8111345197123941,0.17448341217460428
18,p2_primary_USAGE_OF_DRESSER_mean,True,93.31274554388091,0.3171124479756914
18,p2_primary_USAGE_OF_DRESSER_std,False,1.4686989421501417,-0.18707740965774527
18,p2_primary_USAGE_OF_MEMBRANE_decreasing,True,34.71294377573417,0.17341789284228623
18,p2_primary_USAGE_OF_MEMBRANE_mean,True,157200.93303825887,-0.006126510449243716
18,p2_primary_USAGE_OF_MEMBRANE_std,True,502.8725115427681,-0.10095381223510679
18,p2_primary_USAGE_OF_POLISHING_TABLE_decreasing,False,0.5226505903321276,0.10282493229071689
18,p2_primary_USAGE_OF_POLISHING_TABLE_mean,True,1.060084387365985,0.3263383593946647
18,p2_primary_USAGE_OF_POLISHING_TABLE_std,True,0.5405322757157243,0.28992228049830754
18,p2_primary_USAGE_OF_PRESSURIZED_SHEET_decreasing,True,43.5338438849267,0.04132787307684249
18,p2_primary_USAGE_OF_PRESSURIZED_SHEET_mean,True,60448.743439988946,0.36517124392285705
18,p2_primary_USAGE_OF_PRESSURIZED_SHEET_std,True,647.7834861609368,0.08238998131761038
18,p2_primary_WAFER_ROTATION_mean,False,0.12922776361607274,0.1269758771598283
18,p2_primary_duration,True,1.655229069094483,0.1734738607994167
18,p2_secondary_CENTER_AIR_BAG_PRESSURE_auc,False,0.7410982602657485,-0.19448218362915198
18,p2_secondary_CENTER_AIR_BAG_PRESSURE_mean,True,0.6620765003617455,0.21811968089671907
18,p2_secondary_CENTER_AIR_BAG_PRESSURE_std,True,0.6265897062817135,0.2753233873755942
18,p2_secondary_DRESSING_WATER_STATUS_auc,False,0.043698127423454435,-0.04552102286686696
18,p2_secondary_DRESSING_WATER_STATUS_mean,True,0.18613649815364144,0.17429378481747534
18,p2_secondary_DRESSING_WATER_STATUS_std,False,0.9366140180435275,-0.1727634160486799
18,p2_secondary_EDGE_AIR_BAG_PRESSURE_auc,True,0.1355373281017417,0.23943713578898043
18,p2_secondary_EDGE_AIR_BAG_PRESSURE_mean,True,0.17492137909053723,0.17757878978165048
18,p2_secondary_EDGE_AIR_BAG_PRESSURE_std,False,0.96417153822429,-0.289847433567205
18,p2_secondary_HEAD_ROTATION_mean,False,0.7578251813640858,-0.06633840680325667
18,p2_secondary_MAIN_OUTER_AIR_BAG_PRESSURE_auc,True,0.25213295209660025,0.18908386711241518
18,p2_secondary_MAIN_OUTER_AIR_BAG_PRESSURE_mean,False,0.15476916350706812,-0.17677669529663692
18,p2_secondary_MAIN_OUTER_AIR_BAG_PRESSURE_std,False,1.4667086190263094,-0.11550202855291385
18,p2_secondary_PRESSURIZED_CHAMBER_PRESSURE_auc,False,1.0721900009492995,0.03652447379117784
18,p2_secondary_PRESSURIZED_CHAMBER_PRESSURE_mean,True,1.6178611298718224,-0.008601484654004232
18,p2_secondary_PRESSURIZED_CHAMBER_PRESSURE_std,True,2.636665119953969,0.20313291268415457
18,p2_secondary_RETAINER_RING_PRESSURE_auc,True,0.1685583657747688,0.25524228007297367
18,p2_secondary_RETAINER_RING_PRESSURE_mean,False,0.7246081074947296,-0.21321092882231182
18,p2_secondary_RETAINER_RING_PRESSURE_std,False,0.5748842750910714,0.1279544848543549
18,p2_secondary_RIPPLE_AIR_BAG_PRESSURE_auc,False,0.18182779623022988,-0.039024445384028494
18,p2_secondary_RIPPLE_AIR_BAG_PRESSURE_mean,False,0.1816314274674834,0.057456680746559706
18,p2_secondary_RIPPLE_AIR_BAG_PRESSURE_std,True,0.037086923148339675,0.1762091391696043
18,p2_secondary_SLURRY_FLOW_LINE_A_auc,True,1.5067851876902858,0.02789329557078351
18,p2_secondary_SLURRY_FLOW_LINE_A_mean,True,1.7137501487632767,0.1819149241464652
18,p2_secondary_SLURRY_FLOW_LINE_A_std,False,0.09240329154389651,-0.006837584041512624
18,p2_secondary_SLURRY_FLOW_LINE_B_auc,True,2.2821318704176172,-0.1993808131026265
18,p2_secondary_SLURRY_FLOW_LINE_B_mean,True,2.3067550957323344,0.09580880693275476
18,p2_secondary_SLURRY_FLOW_LINE_B_std,True,1.861016280394966,-0.3650613014382045
18,p2_secondary_SLURRY_FLOW_LINE_C_auc,True,2.1608308659518833,-0.29114319737228866
18,p2_secondary_SLURRY_FLOW_LINE_C_mean,True,1.9453144625395062,-0.03214016499256122
18,p2_secondary_SLURRY_FLOW_LINE_C_std,False,0.7562707995242192,-0.24562071525965537
18,p2_secondary_STAGE_ROTATION_mean,False,0.3569677504601408,-0.09722258709035005
18,p2_secondary_USAGE_OF_BACKING_FILM_decreasing,True,17.132754726327292,-0.19210587581418062
18,p2_secondary_USAGE_OF_BACKING_FILM_mean,True,4517.200423416233,0.1782876828699481
18,p2_secondary_USAGE_OF_BACKING_FILM_std,True,31.19750853369916,0.3442500465608637
18,p2_secondary_USAGE_OF_DRESSER_TABLE_decreasing,True,1.7758030295384672,0.0
18,p2_secondary_USAGE_OF_DRESSER_TABLE_mean,True,2122.9413186388997,-0.01987575405431307
18,p2_secondary_USAGE_OF_DRESSER_TABLE_std,True,1.8683327033895987,0.0
18,p2_secondary_USAGE_OF_DRESSER_decreasing,True,2.0482058660314872,0.0
18,p2_secondary_USAGE_OF_DRESSER_mean,True,92.84331378214249,0.2518567186832663
18,p2_secondary_USAGE_OF_DRESSER_std,True,2.2325078526114104,0.0
18,p2_secondary_USAGE_OF_MEMBRANE_decreasing,True,2826.282373599334,0.21598639688131677
18,p2_secondary_USAGE_OF_MEMBRANE_mean,True,491237.8257282309,0.307353818335751
18,p2_secondary_USAGE_OF_MEMBRANE_std,True,4967.9549099092565,0.14066427974992668
18,p2_secondary_USAGE_OF_POLISHING_TABLE_decreasing,True,0.3173492993267437,0.22311648886266938
18,p2_secondary_USAGE_OF_POLISHING_TABLE_mean,False,1.071555998011053,-0.031721321059406934
18,p2_secondary_USAGE_OF_POLISHING_TABLE_std,False,0.07484806097116443,0.11569122242564223
18,p2_secondary_USAGE_OF_PRESSURIZED_SHEET_decreasing,True,2280.5214071400983,-0.15970219731629726
18,p2_secondary_USAGE_OF_PRESSURIZED_SHEET_mean,True,496081.4601764404,-0.1731024173892811
18,p2_secondary_USAGE_OF_PRESSURIZED_SHEET_std,True,4114.5390708887835,0.16380062961185843
18,p2_secondary_WAFER_ROTATION_mean,True,0.835491675703109,0.2840027064723506
18,p2_secondary_duration,True,0.6466675796425367,0.3017616867313725
19,lag_1,True,1.1596694771029732,0.6036252442676886
19,lag_2,True,1.5778654671543155,0.45208522883791735
19,lag_3,True,0.8129167652912942,0.3281569297969469
19,lag_4,True,0.10946432255299565,0.309014627495153
19,lag_5,True,0.2223374781581437,0.2701999618044607
19,lag_6,True,1.5630710506644794,0.33698948274743246
19,lag_7,True,2.0130782002659253,0.23567747871206696
19,lag_8,False,0.30421891524357414,-0.06037335412628201
19,lag_9,True,1.4125452223300288,0.31862531101557157
19,lag_10,False,1.1800632609011295,-0.14937085235889944
19,lag_11,False,0.6826303545324607,-0.02916005867468223
19,neighbor_1,True,6.826992569516495,1.3130830566598573
19,neighbor_2,True,2.6647225486692667,1.0200905463800565
19,neighbor_3,True,3.8220895903897856,0.7445768930097215
19,neighbor_4,True,1.07176368278072,0.5500300816258682
19,neighbor_5,False,0.9514672605189393,0.10015816594397062
19,neighbor_6,True,0.7277473601905028,0.3798115160547148
19,neighbor_7,True,1.3589281770464992,0.5598676161534321
19,neighbor_8,False,0.8163529977857695,0.10447423560400654
19,neighbor_9,True,0.20202849007605878,0.29945265586607894
19,neighbor_10,True,2.540085311296657,0.37297741232088166
19,p2_primary_CENTER_AIR_BAG_PRESSURE_auc,True,0.2560256950018625,0.3680727622147809
19,p2_primary_CENTER_AIR_BAG_PRESSURE_mean,True,0.11490739534434827,0.39139838003219113
19,p2_primary_CENTER_AIR_BAG_PRESSURE_std,False,1.4149047034851503,0.049745712740152936
19,p2_primary_DRESSING_WATER_STATUS_auc,False,0.46075133215940417,-0.22800916321121553
19,p2_primary_DRESSING_WATER_STATUS_mean,False,0.3997816964760472,0.09248787435607704
19,p2_primary_DRESSING_WATER_STATUS_std,True,0.09976519191515842,0.2920510488085322
19,p2_primary_EDGE_AIR_BAG_PRESSURE_auc,True,3.6164045157559426,0.34255044559033965
19,p2_primary_EDGE_AIR_BAG_PRESSURE_mean,True,2.0110819407723626,0.13523840566605005
19,p2_primary_EDGE_AIR_BAG_PRESSURE_std,True,1.4333751989237755,0.6323880624365719
19,p2_primary_HEAD_ROTATION_mean,False,1.1705838364401626,-0.029479388499771258
19,p2_primary_MAIN_OUTER_AIR_BAG_PRESSURE_auc,True,1.498223970752399,0.7166155952470934
19,p2_primary_MAIN_OUTER_AIR_BAG_PRESSURE_mean,True,0.4860303418439006,0.48933970884661293
19,p2_primary_MAIN_OUTER_AIR_BAG_PRESSURE_std,True,1.4304134137712343,0.22655906050678917
19,p2_primary_PRESSURIZED_CHAMBER_PRESSURE_auc,True,1.8884666127790486,0.30369121970991625
19,p2_primary_PRESSURIZED_CHAMBER_PRESSURE_mean,True,0.27432448816523536,0.34914743395574827
19,p2_primary_PRESSURIZED_CHAMBER_PRESSURE_std,True,1.8305909173178123,0.5272227394485773
19,p2_primary_RETAINER_RING_PRESSURE_auc,True,2.18380689335072,0.2954860370065651
19,p2_primary_RETAINER_RING_PRESSURE_mean,True,2.139496893975553,0.24845513988904086
19,p2_primary_RETAINER_RING_PRESSURE_std,True,2.7887355897316737,0.07068529675727575
19,p2_primary_RIPPLE_AIR_BAG_PRESSURE_auc,True,0.7085250694958574,0.6322243400501311
19,p2_primary_RIPPLE_AIR_BAG_PRESSURE_mean,True,0.08545095990804191,0.2957119602051686
19,p2_primary_RIPPLE_AIR_BAG_PRESSURE_std,True,0.9113505351295669,0.3389986207753509
19,p2_primary_SLURRY_FLOW_LINE_A_auc,True,2.3594717516355916,0.47010403041045823
19,p2_primary_SLURRY_FLOW_LINE_A_mean,True,1.3515104969314649,0.2930285433114443
19,p2_primary_SLURRY_FLOW_LINE_A_std,True,0.5447950730684326,0.4387306521667618
19,p2_primary_SLURRY_FLOW_LINE_B_auc,True,2.962670259765245,0.20437435971679652
19,p2_primary_SLURRY_FLOW_LINE_B_mean,False,0.24895786578134574,-0.12512354227710018
19,p2_primary_SLURRY_FLOW_LINE_B_std,False,0.07551342242619394,-0.03251057823320767
19,p2_primary_SLURRY_FLOW_LINE_C_auc,True,1.0335721399615783,0.8317845237617071
19,p2_primary_SLURRY_FLOW_LINE_C_mean,True,1.4602191826531274,0.3974071423085238
19,p2_primary_SLURRY_FLOW_LINE_C_std,True,3.642303843936294,0.060446403878006226
19,p2_primary_STAGE_ROTATION_mean,True,4.549136703729012,0.11589719345926518
19,p2_primary_USAGE_OF_BACKING_FILM_decreasing,True,4.180541299095999,0.22515186607740245
19,p2_primary_USAGE_OF_BACKING_FILM_mean,True,241692.19751974102,0.24800313701529877
19,p2_primary_USAGE_OF_BACKING_FILM_std,True,64.42238949184178,-0.05875825305116399
19,p2_primary_USAGE_OF_DRESSER_TABLE_decreasing,False,0.3483083897627156,-0.20732342415393296
19,p2_primary_USAGE_OF_DRESSER_TABLE_mean,True,538.3610122744867,0.18893404044417503
19,p2_primary_USAGE_OF_DRESSER_TABLE_std,False,0.7336099946856498,0.0977931099427752
19,p2_primary_USAGE_OF_DRESSER_decreasing,True,0.4555319075371752,0.1848003569352196
19,p2_primary_USAGE_OF_DRESSER_mean,True,140.4717042191929,0.4752869090658266
19,p2_primary_USAGE_OF_DRESSER_std,False,0.4315537428200162,0.0686943806196846
19,p2_primary_USAGE_OF_MEMBRANE_decreasing,True,25.008325536370563,0.009922706377323244
19,p2_primary_USAGE_OF_MEMBRANE_mean,True,278092.76380189956,-0.13421004939657907
19,p2_primary_USAGE_OF_MEMBRANE_std,True,483.9164940160181,-0.22472335430482757
19,p2_primary_USAGE_OF_POLISHING_TABLE_decreasing,False,0.8547182223520943,-0.325963894547338
19,p2_primary_USAGE_OF_POLISHING_TABLE_mean,False,0.9970430741910675,0.07960154313644961
19,p2_primary_USAGE_OF_POLISHING_TABLE_std,True,0.8456575097157668,0.2575440066188177
19,p2_primary_USAGE_OF_PRESSURIZED_SHEET_decreasing,True,31.375644408375145,0.06550807455908875
19,p2_primary_USAGE_OF_PRESSURIZED_SHEET_mean,True,35976.81856362597,0.12998902408922294
19,p2_primary_USAGE_OF_PRESSURIZED_SHEET_std,True,574.4923520582101,0.1718212664637407
19,p2_primary_WAFER_ROTATION_mean,True,0.9209234110718229,0.33206636847815324
19,p2_primary_duration,True,0.5780314584674855,0.2463904809353808
19,p2_secondary_CENTER_AIR_BAG_PRESSURE_auc,False,0.44665156565270103,0.12292839724651167
19,p2_secondary_CENTER_AIR_BAG_PRESSURE_mean,False,0.5043452278300482,-0.16953803075348314
19,p2_secondary_CENTER_AIR_BAG_PRESSURE_std,True,1.0366452439189027,0.1594029422108493
19,p2_secondary_DRESSING_WATER_STATUS_auc,False,0.1912804175696987,-0.26623163622097396
19,p2_secondary_DRESSING_WATER_STATUS_mean,False,0.02369699729720839,-0.21930116117403525
19,p2_secondary_DRESSING_WATER_STATUS_std,True,1.5847751635065226,0.017755884218607007
19,p2_secondary_EDGE_AIR_BAG_PRESSURE_auc,False,1.4600061056044455,0.10719404406413802
19,p2_secondary_EDGE_AIR_BAG_PRESSURE_mean,True,1.5402903400830834,0.2041103842553107
19,p2_secondary_EDGE_AIR_BAG_PRESSURE_std,False,1.405196891543141,-0.0046499690681277754
19,p2_secondary_HEAD_ROTATION_mean,True,2.3702457282559806,0.022727553502883812
19,p2_secondary_MAIN_OUTER_AIR_BAG_PRESSURE_auc,True,1.326619881804277,0.21581946772724012
19,p2_secondary_MAIN_OUTER_AIR_BAG_PRESSURE_mean,False,1.4209880866025024,-0.27797062580167525
19,p2_secondary_MAIN_OUTER_AIR_BAG_PRESSURE_std,False,0.1394681370374502,0.143449301887388
19,p2_secondary_PRESSURIZED_CHAMBER_PRESSURE_auc,False,1.3495081326043488,-0.3006537931924142
19,p2_secondary_PRESSURIZED_CHAMBER_PRESSURE_mean,True,1.6298976421349076,0.18157534579284096
19,p2_secondary_PRESSURIZED_CHAMBER_PRESSURE_std,True,1.8501678276012183,-0.32086647936900564
19,p2_secondary_RETAINER_RING_PRESSURE_auc,False,0.03598678725651748,-0.20106622804410326
19,p2_secondary_RETAINER_RING_PRESSURE_mean,False,1.4761088440239107,-0.04172473808885828
19,p2_secondary_RETAINER_RING_PRESSURE_std,True,1.1894000418937676,0.2535625587423007
19,p2_secondary_RIPPLE_AIR_BAG_PRESSURE_auc,True,0.07409350369077321,0.18421346843126368
19,p2_secondary_RIPPLE_AIR_BAG_PRESSURE_mean,False,0.10635017061507335,0.142271354816996
19,p2_secondary_RIPPLE_AIR_BAG_PRESSURE_std,True,1.357417125043469,0.28881762247118015
19,p2_secondary_SLURRY_FLOW_LINE_A_auc,True,1.4984893744633394,0.24977495302987562
19,p2_secondary_SLURRY_FLOW_LINE_A_mean,True,1.7989248062236878,0.24783465049213996
19,p2_secondary_SLURRY_FLOW_LINE_A_std,True,0.8954192524633516,0.22444664845531184
19,p2_secondary_SLURRY_FLOW_LINE_B_auc,True,0.003194522330867577,0.17055004837814217
19,p2_secondary_SLURRY_FLOW_LINE_B_mean,True,0.00862844272161152,0.1606170546759157
19,p2_secondary_SLURRY_FLOW_LINE_B_std,False,0.38606173477494726,-0.12944676032891164
19,p2_secondary_SLURRY_FLOW_LINE_C_auc,True,1.1098172601794567,0.4044023110012108
19,p2_secondary_SLURRY_FLOW_LINE_C_mean,True,1.6015796686960921,0.1454479488863047
19,p2_secondary_SLURRY_FLOW_LINE_C_std,False,0.9809825437334975,-0.16328681977884713
19,p2_secondary_STAGE_ROTATION_mean,False,0.03573416908442174,-0.03513164449327925
19,p2_secondary_USAGE_OF_BACKING_FILM_decreasing,True,5.05161934195001,-0.12102498602988519
19,p2_secondary_USAGE_OF_BACKING_FILM_mean,True,119870.66246067289,-0.1767766952966369
19,p2_secondary_USAGE_OF_BACKING_FILM_std,True,17.446040635430574,0.11654411644329728
19,p2_secondary_USAGE_OF_DRESSER_TABLE_decreasing,True,2.196933147611453,0.0
19,p2_secondary_USAGE_OF_DRESSER_TABLE_mean,True,557.9257725060888,0.16916163041667323
19,p2_secondary_USAGE_OF_DRESSER_TABLE_std,True,1.9742122077825228,0.0
19,p2_secondary_USAGE_OF_DRESSER_decreasing,False,0.04842901451138417,0.0
19,p2_secondary_USAGE_OF_DRESSER_mean,True,140.5399623423683,0.3626419016555819
19,p2_secondary_USAGE_OF_DRESSER_std,False,0.41268957436336995,0.0
19,p2_secondary_USAGE_OF_MEMBRANE_decreasing,True,192.7053287523984,-0.13348039672067594
19,p2_secondary_USAGE_OF_MEMBRANE_mean,True,370772.35960217734,0.2069811385078013
19,p2_secondary_USAGE_OF_MEMBRANE_std,True,633.3531027086568,0.0
19,p2_secondary_USAGE_OF_POLISHING_TABLE_decreasing,True,2.1320689390213987,0.1728436830385812
19,p2_secondary_USAGE_OF_POLISHING_TABLE_mean,True,1.0487103027060802,0.3841762842333752
19,p2_secondary_USAGE_OF_POLISHING_TABLE_std,True,1.854116010127002,-0.08997720063907602
19,p2_secondary_USAGE_OF_PRESSURIZED_SHEET_decreasing,True,179.51350712517078,0.13328323394546188
19,p2_secondary_USAGE_OF_PRESSURIZED_SHEET_mean,True,251319.08397862565,0.40588141145370615
19,p2_secondary_USAGE_OF_PRESSURIZED_SHEET_std,True,592.6537941443576,0.20269399697869253
19,p2_secondary_WAFER_ROTATION_mean,False,0.00583258484819882,-0.06489208309036264
19,p2_secondary_duration,False,0.7971905455076478,-0.2221596339086624
