fold,feature,selected,t_abs,oob_importance
0,lag_1,True,4.427304617644788,0.6753680845772317
0,lag_2,True,2.034059542816894,0.45319069675223583
0,lag_3,True,1.9065175964214192,0.22113153154482926
0,lag_4,True,0.19819265762186675,0.27247408582757954
0,lag_5,True,1.7259778505461085,0.06008742903348266
0,lag_6,True,1.6252780576549253,-0.18870156505099467
0,lag_7,False,0.05310163357376753,0.003552060361411414
0,lag_8,False,0.39135644318501817,0.10303115373869393
0,lag_9,False,0.6725653216485051,-0.05659539072479454
0,lag_10,False,1.039085472068664,-0.13943322551376539
0,lag_11,True,0.33495347382113444,0.16726426166071925
0,neighbor_1,True,6.672596057432882,1.3433497292231944
0,neighbor_2,True,2.0022537249012937,0.5258432456996586
0,neighbor_3,False,0.7820103202252977,0.08135985346797352
0,neighbor_4,True,1.5107310955209838,0.5711754805699865
0,neighbor_5,True,2.0553450433686864,0.25175031975882217
0,neighbor_6,False,1.4676891484973176,-0.2559018359533555
0,neighbor_7,True,0.92703984786937,0.29265245993706973
0,neighbor_8,True,0.12179110647682986,0.20554098163785767
0,neighbor_9,True,1.529336985965317,0.26835457719071465
0,neighbor_10,True,1.1495463497793064,0.29565939796137186
0,p2_primary_CENTER_AIR_BAG_PRESSURE_auc,True,0.33808905961171126,0.7435946856488858
0,p2_primary_CENTER_AIR_BAG_PRESSURE_mean,True,0.4769341920762946,0.26375382594067553
0,p2_primary_CENTER_AIR_BAG_PRESSURE_std,True,0.11628754898765217,0.19343351572726264
0,p2_primary_DRESSING_WATER_STATUS_auc,False,1.3808103845122865,0.13846545728878043
0,p2_primary_DRESSING_WATER_STATUS_mean,True,1.0724348786334885,0.3021500103150972
0,p2_primary_DRESSING_WATER_STATUS_std,False,0.27774892888254726,0.06482061098518897
0,p2_primary_EDGE_AIR_BAG_PRESSURE_auc,True,1.780779852485622,0.2798622678390338
0,p2_primary_EDGE_AIR_BAG_PRESSURE_mean,True,0.5995814300220292,0.376552638865684
0,p2_primary_EDGE_AIR_BAG_PRESSURE_std,True,0.6462588073026513,0.5124067478237123
0,p2_primary_HEAD_ROTATION_mean,True,1.6820349089285815,0.2028709789530349
0,p2_primary_MAIN_OUTER_AIR_BAG_PRESSURE_auc,True,1.1698132761683309,0.360837324142968
0,p2_primary_MAIN_OUTER_AIR_BAG_PRESSURE_mean,True,0.6605597694322362,0.2176689540648481
0,p2_primary_MAIN_OUTER_AIR_BAG_PRESSURE_std,True,0.15733295081709428,0.3648602619181857
0,p2_primary_PRESSURIZED_CHAMBER_PRESSURE_auc,True,1.5429781031749819,0.44924446278998276
0,p2_primary_PRESSURIZED_CHAMBER_PRESSURE_mean,True,0.22314005422185315,0.34594041670912856
0,p2_primary_PRESSURIZED_CHAMBER_PRESSURE_std,True,1.9446374802737105,0.33685260114450893
0,p2_primary_RETAINER_RING_PRESSURE_auc,True,1.6539713492927075,0.41061072974145985
0,p2_primary_RETAINER_RING_PRESSURE_mean,True,1.4966963030829428,0.21090128119290277
0,p2_primary_RETAINER_RING_PRESSURE_std,True,1.8691208077879133,-0.015233050706707283
0,p2_primary_RIPPLE_AIR_BAG_PRESSURE_auc,True,0.0024552030591260352,1.3557116737320964
0,p2_primary_RIPPLE_AIR_BAG_PRESSURE_mean,True,0.15983317021641988,0.38777574349831245
0,p2_primary_RIPPLE_AIR_BAG_PRESSURE_std,True,2.015789092332624,-0.06826883506457172
0,p2_primary_SLURRY_FLOW_LINE_A_auc,True,0.7168947025317478,0.19620227909766794
0,p2_primary_SLURRY_FLOW_LINE_A_mean,False,0.29491555578293704,0.06084511473567403
0,p2_primary_SLURRY_FLOW_LINE_A_std,True,0.09594157918544778,0.24570969091856412
0,p2_primary_SLURRY_FLOW_LINE_B_auc,True,1.6824225524308887,0.2505258714894664
0,p2_primary_SLURRY_FLOW_LINE_B_mean,False,0.4977322451300677,-0.012307361134407427
0,p2_primary_SLURRY_FLOW_LINE_B_std,False,0.6663476961522381,0.11613748133605892
0,p2_primary_SLURRY_FLOW_LINE_C_auc,True,0.4043164188105391,0.5394120157551003
0,p2_primary_SLURRY_FLOW_LINE_C_mean,True,2.3899281277570954,0.4371917551487235
0,p2_primary_SLURRY_FLOW_LINE_C_std,True,1.986303927807389,0.1414311539244307
0,p2_primary_STAGE_ROTATION_mean,True,3.6697902934156947,0.3025658363437478
0,p2_primary_USAGE_OF_BACKING_FILM_decreasing,False,0.7237545158077714,-0.22325455389763832
0,p2_primary_USAGE_OF_BACKING_FILM_mean,True,990951.9412251784,0.1834807289917404
0,p2_primary_USAGE_OF_BACKING_FILM_std,True,21.909160287934743,0.27813947844523274
0,p2_primary_USAGE_OF_DRESSER_TABLE_decreasing,False,0.39319291294769015,-0.3319543276463579
0,p2_primary_USAGE_OF_DRESSER_TABLE_mean,True,1010.5337211125882,0.2758914084000025
0,p2_primary_USAGE_OF_DRESSER_TABLE_std,True,0.48093217116089365,0.2825581536369324
0,p2_primary_USAGE_OF_DRESSER_decreasing,False,1.2701125674397424,-0.10621408116522475
0,p2_primary_USAGE_OF_DRESSER_mean,True,16.033041463752,0.44849756630330706
0,p2_primary_USAGE_OF_DRESSER_std,True,1.2122942085276032,0.22833365987095705
0,p2_primary_USAGE_OF_MEMBRANE_decreasing,True,3.9765304039741856,0.2593934526205918
0,p2_primary_USAGE_OF_MEMBRANE_mean,True,993241.7771298143,-0.06444766629014043
0,p2_primary_USAGE_OF_MEMBRANE_std,True,54.10330227972723,0.18041608527897132
0,p2_primary_USAGE_OF_POLISHING_TABLE_decreasing,False,1.3897633224993173,-0.2308098119771668
0,p2_primary_USAGE_OF_POLISHING_TABLE_mean,True,1.2761859952602383,0.4215043135504517
0,p2_primary_USAGE_OF_POLISHING_TABLE_std,True,1.4346483523503144,0.39944775624858
0,p2_primary_USAGE_OF_PRESSURIZED_SHEET_decreasing,True,4.484778797420915,0.07357466976756093
0,p2_primary_USAGE_OF_PRESSURIZED_SHEET_mean,True,1985491.8223485935,0.12902565703759952
0,p2_primary_USAGE_OF_PRESSURIZED_SHEET_std,True,68.89861715819232,-0.15543767985014637
0,p2_primary_WAFER_ROTATION_mean,True,1.239013767390935,0.20310290072346487
0,p2_primary_duration,False,0.6644754132375941,0.07713499488205733
0,p2_secondary_CENTER_AIR_BAG_PRESSURE_auc,False,0.1571498577271645,-0.1344181163063553
0,p2_secondary_CENTER_AIR_BAG_PRESSURE_mean,False,0.02243713110309747,0.12047638369120621
0,p2_secondary_CENTER_AIR_BAG_PRESSURE_std,True,1.822255296135745,-0.11720763893049127
0,p2_secondary_DRESSING_WATER_STATUS_auc,False,0.8251386967073635,0.06825615121422503
0,p2_secondary_DRESSING_WATER_STATUS_mean,True,0.8440681504487929,0.2008628011124191
0,p2_secondary_DRESSING_WATER_STATUS_std,False,0.7245393418594033,-0.013734968457728439
0,p2_secondary_EDGE_AIR_BAG_PRESSURE_auc,False,1.0567478584759238,0.1401495151887421
0,p2_secondary_EDGE_AIR_BAG_PRESSURE_mean,False,1.1215555538362891,-0.05798772464517655
0,p2_secondary_EDGE_AIR_BAG_PRESSURE_std,True,0.34930424830722256,0.1506352699533106
0,p2_secondary_HEAD_ROTATION_mean,True,0.27665381897932245,0.16510352390907299
0,p2_secondary_MAIN_OUTER_AIR_BAG_PRESSURE_auc,True,0.9995562106342868,0.20286950249496527
0,p2_secondary_MAIN_OUTER_AIR_BAG_PRESSURE_mean,True,1.027056191603805,0.18169868997359553
0,p2_secondary_MAIN_OUTER_AIR_BAG_PRESSURE_std,True,0.6635777126097384,0.24211241267829256
0,p2_secondary_PRESSURIZED_CHAMBER_PRESSURE_auc,True,1.1463156814153124,0.39206479699080926
0,p2_secondary_PRESSURIZED_CHAMBER_PRESSURE_mean,True,1.777801251658592,0.18479807392445305
0,p2_secondary_PRESSURIZED_CHAMBER_PRESSURE_std,True,2.757282988304779,0.19650776658238692
0,p2_secondary_RETAINER_RING_PRESSURE_auc,False,0.22747996576691776,0.031094290736047435
0,p2_secondary_RETAINER_RING_PRESSURE_mean,False,1.0385117103161288,0.14693689518955566
0,p2_secondary_RETAINER_RING_PRESSURE_std,True,0.11270333599000572,0.2798390863488588
0,p2_secondary_RIPPLE_AIR_BAG_PRESSURE_auc,False,1.338702327958206,-0.21602757699601435
0,p2_secondary_RIPPLE_AIR_BAG_PRESSURE_mean,True,1.3732503831732452,0.29704943657748495
0,p2_secondary_RIPPLE_AIR_BAG_PRESSURE_std,True,1.0942441657235067,0.2740300605369116
0,p2_secondary_SLURRY_FLOW_LINE_A_auc,False,1.4229885272222496,-0.17150538922786812
0,p2_secondary_SLURRY_FLOW_LINE_A_mean,True,1.5938890820028402,-0.038993547174118556
0,p2_secondary_SLURRY_FLOW_LINE_A_std,False,0.289921741387638,-0.050058329528744505
0,p2_secondary_SLURRY_FLOW_LINE_B_auc,True,1.579680882413146,0.08562105467717987
0,p2_secondary_SLURRY_FLOW_LINE_B_mean,True,1.5563733959121666,-0.2528995319071467
0,p2_secondary_SLURRY_FLOW_LINE_B_std,False,0.6434251948595203,-0.2417322588247434
0,p2_secondary_SLURRY_FLOW_LINE_C_auc,False,0.5045553318401591,-0.11847659936983461
0,p2_secondary_SLURRY_FLOW_LINE_C_mean,False,0.27035094432308193,-0.0861306872997297
0,p2_secondary_SLURRY_FLOW_LINE_C_std,True,0.8438138967022928,0.2396837877848636
0,p2_secondary_STAGE_ROTATION_mean,False,0.6336495854699516,-0.24732844179850066
0,p2_secondary_USAGE_OF_BACKING_FILM_decreasing,True,31.522972401446978,0.0248227106453192
0,p2_secondary_USAGE_OF_BACKING_FILM_mean,True,537460.6818751359,0.2114587419465603
0,p2_secondary_USAGE_OF_BACKING_FILM_std,True,136.98796051106495,-0.26947375272478014
0,p2_secondary_USAGE_OF_DRESSER_TABLE_decreasing,True,1.6097894146514835,0.0
0,p2_secondary_USAGE_OF_DRESSER_TABLE_mean,True,1012.756145742535,0.2623729849816014
0,p2_secondary_USAGE_OF_DRESSER_TABLE_std,False,1.2768244423196735,0.0
0,p2_secondary_USAGE_OF_DRESSER_decreasing,False,1.41209382562755,0.0
0,p2_secondary_USAGE_OF_DRESSER_mean,True,16.162484473323893,-0.06945097726797085
0,p2_secondary_USAGE_OF_DRESSER_std,False,1.431616328591543,0.0
0,p2_secondary_USAGE_OF_MEMBRANE_decreasing,True,371.77528733558523,-0.18680443498912883
0,p2_secondary_USAGE_OF_MEMBRANE_mean,True,2193112.684478414,-0.24884285642035714
0,p2_secondary_USAGE_OF_MEMBRANE_std,True,1374.5781444655663,0.0
0,p2_secondary_USAGE_OF_POLISHING_TABLE_decreasing,False,1.4318846910207348,0.10301889784641079
0,p2_secondary_USAGE_OF_POLISHING_TABLE_mean,True,1.3371307342687824,0.2891391833211982
0,p2_secondary_USAGE_OF_POLISHING_TABLE_std,True,1.04803283244923,0.3724539429753532
0,p2_secondary_USAGE_OF_PRESSURIZED_SHEET_decreasing,True,249.39240645187655,0.2581044149194964
0,p2_secondary_USAGE_OF_PRESSURIZED_SHEET_mean,True,1657952.2053306957,0.2856262957075708
0,p2_secondary_USAGE_OF_PRESSURIZED_SHEET_std,True,960.4193081398273,0.20777082706506436
0,p2_secondary_WAFER_ROTATION_mean,True,0.07059610288117177,0.20412867329245538
0,p2_secondary_duration,False,0.8815997049288498,-0.22555886861420935
1,lag_1,True,5.382917293538918,1.593869952809752
1,lag_2,False,0.6201535437164567,0.006392509787480797
1,lag_3,True,0.3075762566045993,0.37078052308227566
1,lag_4,True,0.7085565472083436,0.17505821711704075
1,lag_5,True,0.7418565885262903,0.2693793598787346
1,lag_6,False,0.7465002216116612,-0.24152527241587265
1,lag_7,True,2.5502615952691965,-0.02137518383890898
1,lag_8,True,0.34796877798863657,0.29416653087641365
1,lag_9,True,1.7564820037994302,0.16010821856386784
1,lag_10,True,2.019545027835801,0.13411788124869983
1,lag_11,False,1.1023754424565522,-0.287553219654827
1,neighbor_1,True,6.571029606568824,1.4801571316882616
1,neighbor_2,True,1.5883837696035867,0.6702252898131668
1,neighbor_3,False,0.9532178507115677,0.13655200997095668
1,neighbor_4,False,0.2974651944984391,0.14749301360749417
1,neighbor_5,True,0.6248847061853106,0.17613154624236319
1,neighbor_6,True,0.38540436886976137,0.2238539508670775
1,neighbor_7,False,1.12403544276995,0.09050487936520965
1,neighbor_8,True,3.995523691906698,0.5305556526315056
1,neighbor_9,True,1.2717026730156138,0.6704105277403352
1,neighbor_10,False,0.21831348974448603,-0.23951305205212883
1,p2_primary_CENTER_AIR_BAG_PRESSURE_auc,True,0.03699841424226369,0.7361637379981371
1,p2_primary_CENTER_AIR_BAG_PRESSURE_mean,True,0.04162676135740423,0.3455318369740417
1,p2_primary_CENTER_AIR_BAG_PRESSURE_std,True,0.3552132098767366,0.16721870117621085
1,p2_primary_DRESSING_WATER_STATUS_auc,True,1.70778201106917,0.20634938812627285
1,p2_primary_DRESSING_WATER_STATUS_mean,True,1.8478330381650112,0.19668511395514274
1,p2_primary_DRESSING_WATER_STATUS_std,False,0.7058363909563337,0.03419163830361842
1,p2_primary_EDGE_AIR_BAG_PRESSURE_auc,True,1.7625762422769942,0.34821557590976965
1,p2_primary_EDGE_AIR_BAG_PRESSURE_mean,True,0.6319275310925861,0.26253489170168487
1,p2_primary_EDGE_AIR_BAG_PRESSURE_std,True,0.4258956303506895,0.49899142685445524
1,p2_primary_HEAD_ROTATION_mean,True,0.540742897955699,0.3406591473995031
1,p2_primary_MAIN_OUTER_AIR_BAG_PRESSURE_auc,True,0.6039162911966132,0.4000354822994989
1,p2_primary_MAIN_OUTER_AIR_BAG_PRESSURE_mean,True,0.005788795532876281,0.4081268105547653
1,p2_primary_MAIN_OUTER_AIR_BAG_PRESSURE_std,True,0.5665969270722937,0.3163506310246996
1,p2_primary_PRESSURIZED_CHAMBER_PRESSURE_auc,True,1.8294880957507618,0.3993751568202204
1,p2_primary_PRESSURIZED_CHAMBER_PRESSURE_mean,True,0.7316688355803063,0.38747157956176626
1,p2_primary_PRESSURIZED_CHAMBER_PRESSURE_std,True,1.9695425650839211,0.23417852110462004
1,p2_primary_RETAINER_RING_PRESSURE_auc,False,0.9832736566867085,0.09298924645195013
1,p2_primary_RETAINER_RING_PRESSURE_mean,True,0.1020620016408871,0.260092172878287
1,p2_primary_RETAINER_RING_PRESSURE_std,True,0.5190848875290229,0.21046099124039294
1,p2_primary_RIPPLE_AIR_BAG_PRESSURE_auc,True,0.07092059801220439,0.6731753564295628
1,p2_primary_RIPPLE_AIR_BAG_PRESSURE_mean,True,0.039250738401004126,0.5982114393600446
1,p2_primary_RIPPLE_AIR_BAG_PRESSURE_std,True,2.1978492340664064,0.3798054306654206
1,p2_primary_SLURRY_FLOW_LINE_A_auc,True,1.588293578842224,0.869733133280379
1,p2_primary_SLURRY_FLOW_LINE_A_mean,False,0.08315213969034999,-0.11287410699346843
1,p2_primary_SLURRY_FLOW_LINE_A_std,True,0.5160054682619165,0.2088459589963842
1,p2_primary_SLURRY_FLOW_LINE_B_auc,False,0.8209827551466768,0.1369020627410934
1,p2_primary_SLURRY_FLOW_LINE_B_mean,True,3.103354967262134,0.02214663464175501
1,p2_primary_SLURRY_FLOW_LINE_B_std,True,1.4728582283796605,0.17787945366941268
1,p2_primary_SLURRY_FLOW_LINE_C_auc,True,1.9930444167608523,0.6587024531768958
1,p2_primary_SLURRY_FLOW_LINE_C_mean,True,0.9981252285132582,0.4578503539010935
1,p2_primary_SLURRY_FLOW_LINE_C_std,True,2.8603443628758694,0.09106662130705803
1,p2_primary_STAGE_ROTATION_mean,True,0.7609072354562567,0.17924677486317636
1,p2_primary_USAGE_OF_BACKING_FILM_decreasing,True,3.990186118560848,-0.13298619396848368
1,p2_primary_USAGE_OF_BACKING_FILM_mean,True,206200.70119716754,0.2862491513225506
1,p2_primary_USAGE_OF_BACKING_FILM_std,True,67.17720732156603,0.27978403256999473
1,p2_primary_USAGE_OF_DRESSER_TABLE_decreasing,True,1.4737437171731083,0.1843381559011609
1,p2_primary_USAGE_OF_DRESSER_TABLE_mean,True,938.4221091422302,0.12491031601535138
1,p2_primary_USAGE_OF_DRESSER_TABLE_std,True,1.5839022256780118,-0.422782900115022
1,p2_primary_USAGE_OF_DRESSER_decreasing,False,0.5774907608618313,-0.02350557245602061
1,p2_primary_USAGE_OF_DRESSER_mean,True,48.44447271129803,0.48792954367884706
1,p2_primary_USAGE_OF_DRESSER_std,False,0.20019970261627712,-0.257602181154836
1,p2_primary_USAGE_OF_MEMBRANE_decreasing,True,33.79824568378955,0.027662746213936076
1,p2_primary_USAGE_OF_MEMBRANE_mean,True,106890.35343212434,-0.1403914938048299
1,p2_primary_USAGE_OF_MEMBRANE_std,True,590.0955694999442,0.160654092353164
1,p2_primary_USAGE_OF_POLISHING_TABLE_decreasing,False,1.0609952856084093,-0.015455613205199264
1,p2_primary_USAGE_OF_POLISHING_TABLE_mean,True,0.9689976924583401,0.30237402446832257
1,p2_primary_USAGE_OF_POLISHING_TABLE_std,True,0.9940033343985399,0.41380302617933573
1,p2_primary_USAGE_OF_PRESSURIZED_SHEET_decreasing,True,40.04408316643094,-0.0968919090368548
1,p2_primary_USAGE_OF_PRESSURIZED_SHEET_mean,True,99624.60114497769,0.2533447485196392
1,p2_primary_USAGE_OF_PRESSURIZED_SHEET_std,True,699.9245851519743,0.2688023337977021
1,p2_primary_WAFER_ROTATION_mean,True,0.05102449883127674,0.226782011222664
1,p2_primary_duration,True,3.268451401444412,0.36571122939490713
1,p2_secondary_CENTER_AIR_BAG_PRESSURE_auc,False,0.6677378781041265,-0.01906470832454233
1,p2_secondary_CENTER_AIR_BAG_PRESSURE_mean,True,0.5487128366075806,0.15683646109817817
1,p2_secondary_CENTER_AIR_BAG_PRESSURE_std,True,1.6231104577115694,0.222932630793606
1,p2_secondary_DRESSING_WATER_STATUS_auc,True,2.840277152090771,0.310001591838581
1,p2_secondary_DRESSING_WATER_STATUS_mean,True,2.66537389388402,-0.09471559840062778
1,p2_secondary_DRESSING_WATER_STATUS_std,True,2.0295908163477177,-0.2895433366898128
1,p2_secondary_EDGE_AIR_BAG_PRESSURE_auc,False,0.8027799840015681,-0.33087994700362955
1,p2_secondary_EDGE_AIR_BAG_PRESSURE_mean,False,0.7850295797063047,-0.03453987216220102
1,p2_secondary_EDGE_AIR_BAG_PRESSURE_std,True,0.044183745220797356,0.19285002589031847
1,p2_secondary_HEAD_ROTATION_mean,False,0.12363894949493216,-0.03760042595979795
1,p2_secondary_MAIN_OUTER_AIR_BAG_PRESSURE_auc,False,1.2174783979235222,-0.23371287702979932
1,p2_secondary_MAIN_OUTER_AIR_BAG_PRESSURE_mean,True,1.1609465440404023,0.2647003066208251
1,p2_secondary_MAIN_OUTER_AIR_BAG_PRESSURE_std,False,0.0459415227023897,-0.25218920539592204
1,p2_secondary_PRESSURIZED_CHAMBER_PRESSURE_auc,True,1.0018600997687104,0.24519173449670914
1,p2_secondary_PRESSURIZED_CHAMBER_PRESSURE_mean,False,1.1753163113376006,0.022726782891993483
1,p2_secondary_PRESSURIZED_CHAMBER_PRESSURE_std,False,1.34935860378679,-0.0028129037154180406
1,p2_secondary_RETAINER_RING_PRESSURE_auc,False,0.36877739387425623,0.10491244013898378
1,p2_secondary_RETAINER_RING_PRESSURE_mean,True,0.38202162906233045,0.18034924811096997
1,p2_secondary_RETAINER_RING_PRESSURE_std,False,0.3580204706902742,0.12233391799303786
1,p2_secondary_RIPPLE_AIR_BAG_PRESSURE_auc,False,0.8267475530816726,0.1362239523651863
1,p2_secondary_RIPPLE_AIR_BAG_PRESSURE_mean,True,0.8773931320866667,0.27352506632782936
1,p2_secondary_RIPPLE_AIR_BAG_PRESSURE_std,False,1.08766675874854,-0.20566153216869246
1,p2_secondary_SLURRY_FLOW_LINE_A_auc,True,1.610406882839847,0.10108395900545271
1,p2_secondary_SLURRY_FLOW_LINE_A_mean,True,2.1235741232736847,-0.04342691842285293
1,p2_secondary_SLURRY_FLOW_LINE_A_std,False,0.5759680202224783,0.011207567958564568
1,p2_secondary_SLURRY_FLOW_LINE_B_auc,True,2.1843564041498973,0.15391592770224455
1,p2_secondary_SLURRY_FLOW_LINE_B_mean,True,2.2317185814246248,0.17468403118874465
1,p2_secondary_SLURRY_FLOW_LINE_B_std,True,1.1486754056269242,0.34910743321030435
1,p2_secondary_SLURRY_FLOW_LINE_C_auc,False,1.3756595617033762,0.09912963770622144
1,p2_secondary_SLURRY_FLOW_LINE_C_mean,True,0.7807534844078581,0.17194449015905722
1,p2_secondary_SLURRY_FLOW_LINE_C_std,True,0.16822257051054093,0.3432828134637172
1,p2_secondary_STAGE_ROTATION_mean,False,0.06782824588594209,-0.19873822201218405
1,p2_secondary_USAGE_OF_BACKING_FILM_decreasing,True,15.78797313614595,0.14080557228907847
1,p2_secondary_USAGE_OF_BACKING_FILM_mean,True,8996.51804561775,0.2882827813415611
1,p2_secondary_USAGE_OF_BACKING_FILM_std,True,60.39261182274099,0.18244675215985273
1,p2_secondary_USAGE_OF_DRESSER_TABLE_decreasing,True,1.5938559921193287,0.0
1,p2_secondary_USAGE_OF_DRESSER_TABLE_mean,True,958.355337572711,-0.2643726984190574
1,p2_secondary_USAGE_OF_DRESSER_TABLE_std,False,1.2614327967843693,0.0
1,p2_secondary_USAGE_OF_DRESSER_decreasing,False,1.20713857931654,0.0
1,p2_secondary_USAGE_OF_DRESSER_mean,True,48.5566985253576,0.3505635638747391
1,p2_secondary_USAGE_OF_DRESSER_std,False,0.9007051195045305,0.0
1,p2_secondary_USAGE_OF_MEMBRANE_decreasing,True,169.10662745598026,0.23220478840430506
1,p2_secondary_USAGE_OF_MEMBRANE_mean,True,151737.3674341544,0.2509721652283551
1,p2_secondary_USAGE_OF_MEMBRANE_std,True,564.8009660319148,-0.23521083630242276
1,p2_secondary_USAGE_OF_POLISHING_TABLE_decreasing,False,0.024151598184606216,0.0245506868831247
1,p2_secondary_USAGE_OF_POLISHING_TABLE_mean,True,1.0006138336590824,0.33063583367228244
1,p2_secondary_USAGE_OF_POLISHING_TABLE_std,False,0.10030328564151943,0.09612894731422926
1,p2_secondary_USAGE_OF_PRESSURIZED_SHEET_decreasing,True,110.65548705613399,-0.12184719979824368
1,p2_secondary_USAGE_OF_PRESSURIZED_SHEET_mean,True,142856.2989506904,0.17677669529663692
1,p2_secondary_USAGE_OF_PRESSURIZED_SHEET_std,True,390.49021763458796,0.016402081758979784
1,p2_secondary_WAFER_ROTATION_mean,False,0.08893718608256984,-0.09072964201148105
1,p2_secondary_duration,False,1.4611662044530744,0.07636985306428411
2,lag_1,True,5.024598232139743,1.0201595030448976
2,lag_2,True,1.3661966940182568,0.3839283741075769
2,lag_3,True,0.6619539565328134,0.3956117444925013
2,lag_4,False,0.6722308485374189,0.022939546618611344
2,lag_5,False,1.44798144730941,0.1354184924711998
2,lag_6,False,1.2794850256761372,-0.2287094045785837
2,lag_7,True,1.3279708763743527,0.30434516459441957
2,lag_8,True,0.07589018134222282,0.1585912406002463
2,lag_9,False,0.6147793626750369,-0.09616940580521534
2,lag_10,False,1.449019225196536,0.06138156063802488
2,lag_11,False,0.4763053493034452,-0.04333583373337887
2,neighbor_1,True,5.303392809050798,1.3392509522385754
2,neighbor_2,True,1.8113775660676097,0.7406094881608251
2,neighbor_3,True,2.386226551728602,0.5095466532982164
2,neighbor_4,False,0.24326213486852175,0.1077435870667304
2,neighbor_5,True,1.2347782096503828,0.29612469240718015
2,neighbor_6,False,0.1717005971073125,-0.44151358181639383
2,neighbor_7,False,0.2594999903408384,0.0030763454273453165
2,neighbor_8,False,0.23731576746863936,0.05023537757329402
2,neighbor_9,True,0.43738037410683017,0.22423894603600714
2,neighbor_10,True,2.062351496248242,0.18866857854595756
2,p2_primary_CENTER_AIR_BAG_PRESSURE_auc,True,0.40052813675194177,0.7348886655635603
2,p2_primary_CENTER_AIR_BAG_PRESSURE_mean,True,0.44307942889536023,0.24786481308403224
2,p2_primary_CENTER_AIR_BAG_PRESSURE_std,False,0.6676936139509588,0.03761437823078322
2,p2_primary_DRESSING_WATER_STATUS_auc,True,1.6762972802492664,-0.16157693599176795
2,p2_primary_DRESSING_WATER_STATUS_mean,True,1.5622844250372103,0.1308107936188203
2,p2_primary_DRESSING_WATER_STATUS_std,True,0.21178444463041973,0.20646554537914183
2,p2_primary_EDGE_AIR_BAG_PRESSURE_auc,True,1.479626052256486,0.2650920712266661
2,p2_primary_EDGE_AIR_BAG_PRESSURE_mean,False,0.16408327701002026,-0.08475596151176876
2,p2_primary_EDGE_AIR_BAG_PRESSURE_std,True,0.7993951007200824,0.55588171845353
2,p2_primary_HEAD_ROTATION_mean,False,1.3197716211979125,-0.2535135071878749
2,p2_primary_MAIN_OUTER_AIR_BAG_PRESSURE_auc,True,0.2581019624202933,0.5727289648042058
2,p2_primary_MAIN_OUTER_AIR_BAG_PRESSURE_mean,True,0.6129019865230033,0.23093978307143842
2,p2_primary_MAIN_OUTER_AIR_BAG_PRESSURE_std,True,1.0654365207214562,0.40567404031538556
2,p2_primary_PRESSURIZED_CHAMBER_PRESSURE_auc,True,1.5488730542331874,0.5560483528293508
2,p2_primary_PRESSURIZED_CHAMBER_PRESSURE_mean,True,1.0993509882173644,0.28542135671069124
2,p2_primary_PRESSURIZED_CHAMBER_PRESSURE_std,True,1.5516793074494608,0.44576503106039334
2,p2_primary_RETAINER_RING_PRESSURE_auc,True,0.7944724793082002,0.29788493769723096
2,p2_primary_RETAINER_RING_PRESSURE_mean,False,1.083644723778529,-0.26885565453605254
2,p2_primary_RETAINER_RING_PRESSURE_std,False,0.8492624716691337,0.03606461211821403
2,p2_primary_RIPPLE_AIR_BAG_PRESSURE_auc,True,0.16366969001561954,1.159679921663258
2,p2_primary_RIPPLE_AIR_BAG_PRESSURE_mean,True,0.16414298951612322,0.49699263839299224
2,p2_primary_RIPPLE_AIR_BAG_PRESSURE_std,True,1.9134537197269477,0.3689689836595168
2,p2_primary_SLURRY_FLOW_LINE_A_auc,True,0.040803501370743005,0.1856967787146988
2,p2_primary_SLURRY_FLOW_LINE_A_mean,False,1.0161314683277125,0.000556682421741077
2,p2_primary_SLURRY_FLOW_LINE_A_std,False,0.5127049499026192,0.11666633456528115
2,p2_primary_SLURRY_FLOW_LINE_B_auc,True,0.8887669834695573,0.3018723039283393
2,p2_primary_SLURRY_FLOW_LINE_B_mean,False,0.14730262142199868,0.10488493647382158
2,p2_primary_SLURRY_FLOW_LINE_B_std,False,0.5686586104183128,-0.25541404762304054
2,p2_primary_SLURRY_FLOW_LINE_C_auc,True,0.29894891991652406,0.702639001596367
2,p2_primary_SLURRY_FLOW_LINE_C_mean,True,2.7051061384661224,0.41095521732785795
2,p2_primary_SLURRY_FLOW_LINE_C_std,True,2.124227537199931,-0.11045936066492174
2,p2_primary_STAGE_ROTATION_mean,True,3.66216229625656,0.32642567582110193
2,p2_primary_USAGE_OF_BACKING_FILM_decreasing,True,3.6863236376355974,0.043199254638443645
2,p2_primary_USAGE_OF_BACKING_FILM_mean,True,662219.9787172583,0.15906188677567554
2,p2_primary_USAGE_OF_BACKING_FILM_std,True,20.590823001148124,0.24911425123415565
2,p2_primary_USAGE_OF_DRESSER_TABLE_decreasing,False,0.8352962235801551,0.13782262278800247
2,p2_primary_USAGE_OF_DRESSER_TABLE_mean,True,72.72364281528498,-0.11387851534546048
2,p2_primary_USAGE_OF_DRESSER_TABLE_std,True,0.516306323138228,0.2226133807858135
2,p2_primary_USAGE_OF_DRESSER_decreasing,True,0.8450297081537154,0.244139705258136
2,p2_primary_USAGE_OF_DRESSER_mean,True,87.4459727978563,0.4127021122127066
2,p2_primary_USAGE_OF_DRESSER_std,False,0.8428410072264486,-0.18869268291376934
2,p2_primary_USAGE_OF_MEMBRANE_decreasing,True,24.222571305687804,0.06331498569542351
2,p2_primary_USAGE_OF_MEMBRANE_mean,True,1271538.4762833267,0.17677669529663687
2,p2_primary_USAGE_OF_MEMBRANE_std,True,464.22636459083895,0.2307736147839455
2,p2_primary_USAGE_OF_POLISHING_TABLE_decreasing,True,1.299243531155753,0.2388482389684137
2,p2_primary_USAGE_OF_POLISHING_TABLE_mean,False,0.7852631684714696,0.028843717885422074
2,p2_primary_USAGE_OF_POLISHING_TABLE_std,True,1.3152192774993787,0.289626046785884
2,p2_primary_USAGE_OF_PRESSURIZED_SHEET_decreasing,True,24.320120705882363,0.27812365519757665
2,p2_primary_USAGE_OF_PRESSURIZED_SHEET_mean,True,606523.0990969962,0.23780794197038083
2,p2_primary_USAGE_OF_PRESSURIZED_SHEET_std,True,485.47653896993893,0.13342486342047963
2,p2_primary_WAFER_ROTATION_mean,False,1.0511506025854693,-0.09294669431400833
2,p2_primary_duration,False,0.2460593617526106,-0.08452147663729169
2,p2_secondary_CENTER_AIR_BAG_PRESSURE_auc,True,0.2135435730584207,0.1633762578267582
2,p2_secondary_CENTER_AIR_BAG_PRESSURE_mean,True,0.15478487407745276,0.19987872925867084
2,p2_secondary_CENTER_AIR_BAG_PRESSURE_std,True,1.1477254258637886,0.20993911874482166
2,p2_secondary_DRESSING_WATER_STATUS_auc,False,0.6120440685515212,-0.23866982944029885
2,p2_secondary_DRESSING_WATER_STATUS_mean,False,0.6679708501767134,-0.005662600044594773
2,p2_secondary_DRESSING_WATER_STATUS_std,False,1.3560236986239165,-0.052639622965608604
2,p2_secondary_EDGE_AIR_BAG_PRESSURE_auc,False,0.05077926851585749,-0.08466278023969044
2,p2_secondary_EDGE_AIR_BAG_PRESSURE_mean,False,0.18030635148637647,-0.06191805444965492
2,p2_secondary_EDGE_AIR_BAG_PRESSURE_std,False,1.336690277197323,0.07378179398758725
2,p2_secondary_HEAD_ROTATION_mean,False,0.7929247582407632,-0.015177134517994307
2,p2_secondary_MAIN_OUTER_AIR_BAG_PRESSURE_auc,False,1.084982228645374,0.1404014328748006
2,p2_secondary_MAIN_OUTER_AIR_BAG_PRESSURE_mean,False,1.05633977367572,-0.14277575265542863
2,p2_secondary_MAIN_OUTER_AIR_BAG_PRESSURE_std,False,0.4591820198544261,-0.05217725954296135
2,p2_secondary_PRESSURIZED_CHAMBER_PRESSURE_auc,False,0.04526570528904521,-0.21672143212065953
2,p2_secondary_PRESSURIZED_CHAMBER_PRESSURE_mean,False,0.5868846654017681,0.04634568649735083
2,p2_secondary_PRESSURIZED_CHAMBER_PRESSURE_std,True,2.4032875244115774,0.3457597117771108
2,p2_secondary_RETAINER_RING_PRESSURE_auc,False,0.9636603303869461,-0.00796083012978716
2,p2_secondary_RETAINER_RING_PRESSURE_mean,False,0.5287850438808999,0.084401085446345
2,p2_secondary_RETAINER_RING_PRESSURE_std,True,0.9386045474177835,0.15053793934581258
2,p2_secondary_RIPPLE_AIR_BAG_PRESSURE_auc,False,1.1402210701660982,0.02322217128062442
2,p2_secondary_RIPPLE_AIR_BAG_PRESSURE_mean,True,1.0445893266483168,0.21289453478079162
2,p2_secondary_RIPPLE_AIR_BAG_PRESSURE_std,False,0.8033427209525636,-0.26477969091534365
2,p2_secondary_SLURRY_FLOW_LINE_A_auc,True,1.0848900504917354,0.3561075231703354
2,p2_secondary_SLURRY_FLOW_LINE_A_mean,True,0.8439598433226231,0.20444845795173744
2,p2_secondary_SLURRY_FLOW_LINE_A_std,False,0.9486834822853274,0.1062373764978364
2,p2_secondary_SLURRY_FLOW_LINE_B_auc,True,1.5031776249705,0.30610924931507316
2,p2_secondary_SLURRY_FLOW_LINE_B_mean,False,1.4629671569467637,0.10748862710811632
2,p2_secondary_SLURRY_FLOW_LINE_B_std,False,1.1496301699650207,-0.024187428555410215
2,p2_secondary_SLURRY_FLOW_LINE_C_auc,False,0.22795671563269748,0.010117350223195059
2,p2_secondary_SLURRY_FLOW_LINE_C_mean,False,0.04132795922733457,0.0414194329054235
2,p2_secondary_SLURRY_FLOW_LINE_C_std,True,0.34213571503846624,0.23895380804065183
2,p2_secondary_STAGE_ROTATION_mean,False,0.2063385916235045,-0.18207209440854294
2,p2_secondary_USAGE_OF_BACKING_FILM_decreasing,True,16.844000072562725,-0.31106775954685423
2,p2_secondary_USAGE_OF_BACKING_FILM_mean,True,29641.6397844255,0.07850320155302415
2,p2_secondary_USAGE_OF_BACKING_FILM_std,True,75.82131379591308,0.23597254639851306
2,p2_secondary_USAGE_OF_DRESSER_TABLE_decreasing,True,2.0895228824279046,0.0
2,p2_secondary_USAGE_OF_DRESSER_TABLE_mean,True,74.89629446204243,0.0999886294662819
2,p2_secondary_USAGE_OF_DRESSER_TABLE_std,True,1.9155291325275796,0.0
2,p2_secondary_USAGE_OF_DRESSER_decreasing,False,0.4540038896024854,0.0
2,p2_secondary_USAGE_OF_DRESSER_mean,True,87.48738378816508,0.5878098968366495
2,p2_secondary_USAGE_OF_DRESSER_std,False,0.3834542174041104,0.0
2,p2_secondary_USAGE_OF_MEMBRANE_decreasing,True,486.5809661341373,0.2519633145521545
2,p2_secondary_USAGE_OF_MEMBRANE_mean,True,1139841.3147492576,-0.14189286477570426
2,p2_secondary_USAGE_OF_MEMBRANE_std,True,1734.8656324396172,0.2507503523892047
2,p2_secondary_USAGE_OF_POLISHING_TABLE_decreasing,True,1.8168358278234744,0.06135256097854416
2,p2_secondary_USAGE_OF_POLISHING_TABLE_mean,True,0.8467113491462929,0.30535835827678304
2,p2_secondary_USAGE_OF_POLISHING_TABLE_std,True,1.4403591030231027,0.2576612122600982
2,p2_secondary_USAGE_OF_PRESSURIZED_SHEET_decreasing,True,423.91466707509323,-0.19047851368230492
2,p2_secondary_USAGE_OF_PRESSURIZED_SHEET_mean,True,1112924.979885521,-0.014760121453519787
2,p2_secondary_USAGE_OF_PRESSURIZED_SHEET_std,True,1626.5568092623846,0.2499584367247387
2,p2_secondary_WAFER_ROTATION_mean,False,0.15913855860650622,0.0372940844148313
2,p2_secondary_duration,False,1.0851992613665722,-0.1809564680265645
3,lag_1,True,4.654564716535267,1.2227721472069972
3,lag_2,False,1.1168624629643484,0.1287346148292566
3,lag_3,True,0.9916662345087558,0.45691422696781225
3,lag_4,True,0.34432510765542323,0.18592338794285004
3,lag_5,True,0.271522642705795,0.2208823051746175
3,lag_6,True,0.5972078388958291,0.21824666033686246
3,lag_7,False,1.0600565959031412,0.0958068227088652
3,lag_8,True,1.092865910366574,0.5751337617670986
3,lag_9,True,0.17333565650184227,0.15772981091447785
3,lag_10,False,0.36566389039555336,-0.24533961255110248
3,lag_11,True,0.2807827210683573,0.22939402265712983
3,neighbor_1,True,5.884285153732987,1.3332384118066083
3,neighbor_2,True,2.740724862919714,0.6586604656802195
3,neighbor_3,True,1.0774718195952975,0.705777805473641
3,neighbor_4,True,0.8286964870357505,0.2498290822516112
3,neighbor_5,True,0.9774596851321262,0.5309957508151216
3,neighbor_6,False,0.2636554740334021,-0.19293774425697507
3,neighbor_7,True,1.3923922231899257,0.1595898417464151
3,neighbor_8,True,0.939113575608001,0.40889809115159514
3,neighbor_9,True,1.0299205873772477,0.2817742375948564
3,neighbor_10,False,0.10176821840491387,-0.15346562608205283
3,p2_primary_CENTER_AIR_BAG_PRESSURE_auc,True,0.38265275447064373,0.7374680185464195
3,p2_primary_CENTER_AIR_BAG_PRESSURE_mean,False,0.12460364986617913,-0.12129228976443561
3,p2_primary_CENTER_AIR_BAG_PRESSURE_std,True,0.7390644657481623,0.18622366041558266
3,p2_primary_DRESSING_WATER_STATUS_auc,True,1.7563512188043227,0.23896279606329354
3,p2_primary_DRESSING_WATER_STATUS_mean,True,1.9473811495244453,0.08240366066288278
3,p2_primary_DRESSING_WATER_STATUS_std,True,0.7458935923322294,0.17684827265454053
3,p2_primary_EDGE_AIR_BAG_PRESSURE_auc,True,2.7146216119243567,0.3807582873902927
3,p2_primary_EDGE_AIR_BAG_PRESSURE_mean,True,1.2182252206047601,0.18157884779745403
3,p2_primary_EDGE_AIR_BAG_PRESSURE_std,True,0.6214596109867473,0.39658185997079043
3,p2_primary_HEAD_ROTATION_mean,True,1.8183393038078741,0.20116895143700053
3,p2_primary_MAIN_OUTER_AIR_BAG_PRESSURE_auc,True,1.147165535163863,0.3853706211547779
3,p2_primary_MAIN_OUTER_AIR_BAG_PRESSURE_mean,False,0.2376806588334091,0.0754939720072964
3,p2_primary_MAIN_OUTER_AIR_BAG_PRESSURE_std,True,1.0623797416261824,0.29721076348764236
3,p2_primary_PRESSURIZED_CHAMBER_PRESSURE_auc,True,1.6088684081185727,0.4010577528626982
3,p2_primary_PRESSURIZED_CHAMBER_PRESSURE_mean,False,0.8975814212739062,0.11332089604201626
3,p2_primary_PRESSURIZED_CHAMBER_PRESSURE_std,True,1.5954767284897753,0.2915193726281781
3,p2_primary_RETAINER_RING_PRESSURE_auc,True,1.3594408579578399,0.2563810572173159
3,p2_primary_RETAINER_RING_PRESSURE_mean,True,0.7955734892133235,0.28480476041793645
3,p2_primary_RETAINER_RING_PRESSURE_std,True,1.2288853396923176,0.15600515935648876
3,p2_primary_RIPPLE_AIR_BAG_PRESSURE_auc,True,0.47172099806743656,0.5876725822446859
3,p2_primary_RIPPLE_AIR_BAG_PRESSURE_mean,True,0.1834141215815507,0.4049747341089605
3,p2_primary_RIPPLE_AIR_BAG_PRESSURE_std,True,2.435755780498066,0.151425841197711
3,p2_primary_SLURRY_FLOW_LINE_A_auc,True,0.7036198560521086,0.3292866511744342
3,p2_primary_SLURRY_FLOW_LINE_A_mean,True,0.8634730023294556,0.32927115014295516
3,p2_primary_SLURRY_FLOW_LINE_A_std,True,1.5040029974295541,0.127575879386919
3,p2_primary_SLURRY_FLOW_LINE_B_auc,True,2.5306474160090215,0.23903390161339452
3,p2_primary_SLURRY_FLOW_LINE_B_mean,False,0.5855052229658687,0.12258330551841114
3,p2_primary_SLURRY_FLOW_LINE_B_std,False,0.5572254620942295,-0.15323077320359482
3,p2_primary_SLURRY_FLOW_LINE_C_auc,True,0.5539208728124295,0.49121600283242955
3,p2_primary_SLURRY_FLOW_LINE_C_mean,True,2.276036129404912,0.574699099218243
3,p2_primary_SLURRY_FLOW_LINE_C_std,True,2.134566111460387,0.34234145401434046
3,p2_primary_STAGE_ROTATION_mean,True,2.2547377427920314,0.2863983445245213
3,p2_primary_USAGE_OF_BACKING_FILM_decreasing,True,9.34465422022661,0.0970718748715093
3,p2_primary_USAGE_OF_BACKING_FILM_mean,True,141168.76974088492,0.2215556157212328
3,p2_primary_USAGE_OF_BACKING_FILM_std,True,135.95451241052058,0.13722910663298818
3,p2_primary_USAGE_OF_DRESSER_TABLE_decreasing,True,1.167305516801488,0.2823571222686867
3,p2_primary_USAGE_OF_DRESSER_TABLE_mean,True,2376.0178199990664,0.22890871203328858
3,p2_primary_USAGE_OF_DRESSER_TABLE_std,False,1.2473170040916792,0.06512959846906533
3,p2_primary_USAGE_OF_DRESSER_decreasing,True,0.5447635833130854,0.1724797084431932
3,p2_primary_USAGE_OF_DRESSER_mean,True,51.1651556587604,0.4745118414890351
3,p2_primary_USAGE_OF_DRESSER_std,False,0.3855046892308415,-0.14506227623142415
3,p2_primary_USAGE_OF_MEMBRANE_decreasing,True,22.02179898264593,0.22702106775728192
3,p2_primary_USAGE_OF_MEMBRANE_mean,True,130612.0008341676,0.30190352688232286
3,p2_primary_USAGE_OF_MEMBRANE_std,True,368.5752243465122,0.20240486203433652
3,p2_primary_USAGE_OF_POLISHING_TABLE_decreasing,True,1.8093027792963323,-0.1495561005987465
3,p2_primary_USAGE_OF_POLISHING_TABLE_mean,True,0.34601994309506073,0.19097460727827048
3,p2_primary_USAGE_OF_POLISHING_TABLE_std,True,1.7648898228455687,0.19273987408159543
3,p2_primary_USAGE_OF_PRESSURIZED_SHEET_decreasing,True,29.942874526498645,0.17132861023288706
3,p2_primary_USAGE_OF_PRESSURIZED_SHEET_mean,True,10888.67887006099,-0.17500912013811687
3,p2_primary_USAGE_OF_PRESSURIZED_SHEET_std,True,517.4096655718026,0.005690220829088583
3,p2_primary_WAFER_ROTATION_mean,True,0.04103723169966164,0.28928358371533974
3,p2_primary_duration,True,1.352497679851539,0.23057049444638997
3,p2_secondary_CENTER_AIR_BAG_PRESSURE_auc,True,1.64254123090866,-0.1018107920292109
3,p2_secondary_CENTER_AIR_BAG_PRESSURE_mean,True,1.7848847172712272,0.2534106387608144
3,p2_secondary_CENTER_AIR_BAG_PRESSURE_std,True,1.9000461591790618,0.21434329033961794
3,p2_secondary_DRESSING_WATER_STATUS_auc,True,0.041818252284610814,0.19963348881110257
3,p2_secondary_DRESSING_WATER_STATUS_mean,False,0.06821943252024297,0.08185897404733192
3,p2_secondary_DRESSING_WATER_STATUS_std,True,1.1528922407543944,0.30544033370456275
3,p2_secondary_EDGE_AIR_BAG_PRESSURE_auc,True,0.8510602010914208,0.18203280512580514
3,p2_secondary_EDGE_AIR_BAG_PRESSURE_mean,True,0.6312152781621033,0.1767766952966369
3,p2_secondary_EDGE_AIR_BAG_PRESSURE_std,True,0.8582998634354866,0.271527321984478
3,p2_secondary_HEAD_ROTATION_mean,False,0.978502748272038,0.11867124899478113
3,p2_secondary_MAIN_OUTER_AIR_BAG_PRESSURE_auc,False,0.524698889794756,-0.14667399829418035
3,p2_secondary_MAIN_OUTER_AIR_BAG_PRESSURE_mean,False,0.6104072707040441,0.011844031497167078
3,p2_secondary_MAIN_OUTER_AIR_BAG_PRESSURE_std,True,0.24731414490231662,0.20459071780742819
3,p2_secondary_PRESSURIZED_CHAMBER_PRESSURE_auc,True,1.745550714372862,0.16243689854203242
3,p2_secondary_PRESSURIZED_CHAMBER_PRESSURE_mean,True,1.6964139159580303,0.2578830758380172
3,p2_secondary_PRESSURIZED_CHAMBER_PRESSURE_std,False,0.5593653591061717,0.13950282595954222
3,p2_secondary_RETAINER_RING_PRESSURE_auc,True,0.41858908584576565,0.196311830479383
3,p2_secondary_RETAINER_RING_PRESSURE_mean,False,0.04451774426658541,-0.09461773283160307
3,p2_secondary_RETAINER_RING_PRESSURE_std,False,0.23646473984435493,0.003004456743311222
3,p2_secondary_RIPPLE_AIR_BAG_PRESSURE_auc,True,1.0620855641994964,0.24289321681096976
3,p2_secondary_RIPPLE_AIR_BAG_PRESSURE_mean,True,1.0958897620855572,0.1767766952966369
3,p2_secondary_RIPPLE_AIR_BAG_PRESSURE_std,True,0.8804092459435265,0.2408663396159198
3,p2_secondary_SLURRY_FLOW_LINE_A_auc,False,0.8911847527213649,-0.06386424121328906
3,p2_secondary_SLURRY_FLOW_LINE_A_mean,False,1.0192779016721305,-0.03403609635357416
3,p2_secondary_SLURRY_FLOW_LINE_A_std,False,0.10974179626245857,-0.16022131854067165
3,p2_secondary_SLURRY_FLOW_LINE_B_auc,False,0.6041260155033092,0.05888825673677277
3,p2_secondary_SLURRY_FLOW_LINE_B_mean,False,0.60086197803339,-0.13821535004914523
3,p2_secondary_SLURRY_FLOW_LINE_B_std,False,0.31484523108220674,-0.09685158090258332
3,p2_secondary_SLURRY_FLOW_LINE_C_auc,True,1.9001544762872027,-0.10419491778633466
3,p2_secondary_SLURRY_FLOW_LINE_C_mean,False,1.3282001524903577,-0.18054568061388235
3,p2_secondary_SLURRY_FLOW_LINE_C_std,True,0.3383099133758946,0.2087059811638967
3,p2_secondary_STAGE_ROTATION_mean,False,0.8678890928804859,-0.2412452579371597
3,p2_secondary_USAGE_OF_BACKING_FILM_decreasing,True,10.853092882086768,-0.17677669529663695
3,p2_secondary_USAGE_OF_BACKING_FILM_mean,True,95718.19445315623,0.27161611719680584
3,p2_secondary_USAGE_OF_BACKING_FILM_std,True,42.60043867609044,-0.3385422237690177
3,p2_secondary_USAGE_OF_DRESSER_TABLE_decreasing,True,2.1755622436014916,0.0
3,p2_secondary_USAGE_OF_DRESSER_TABLE_mean,True,2353.4413859038837,0.18741206824636628
3,p2_secondary_USAGE_OF_DRESSER_TABLE_std,True,1.923428293506752,0.0
3,p2_secondary_USAGE_OF_DRESSER_decreasing,False,0.7218457227287677,0.0
3,p2_secondary_USAGE_OF_DRESSER_mean,True,51.403932622068034,0.43164817635841396
3,p2_secondary_USAGE_OF_DRESSER_std,False,0.6853691321425137,0.0
3,p2_secondary_USAGE_OF_MEMBRANE_decreasing,True,156.85123240875785,0.2974969459005302
3,p2_secondary_USAGE_OF_MEMBRANE_mean,True,232373.18173435124,-0.17677669529663692
3,p2_secondary_USAGE_OF_MEMBRANE_std,True,558.5613006561586,-0.08595265061954148
3,p2_secondary_USAGE_OF_POLISHING_TABLE_decreasing,True,1.3828446125908835,0.1601332825721866
3,p2_secondary_USAGE_OF_POLISHING_TABLE_mean,True,0.3971637922251418,0.3894235494258147
3,p2_secondary_USAGE_OF_POLISHING_TABLE_std,False,1.1133657782218236,0.11462778187990923
3,p2_secondary_USAGE_OF_PRESSURIZED_SHEET_decreasing,True,104.22852590690306,0.20242998991345867
3,p2_secondary_USAGE_OF_PRESSURIZED_SHEET_mean,True,137047.433315992,0.251404242888753
3,p2_secondary_USAGE_OF_PRESSURIZED_SHEET_std,True,392.45638632773193,-0.20018778482576122
3,p2_secondary_WAFER_ROTATION_mean,True,0.019224059016338963,0.28142415796142467
3,p2_secondary_duration,True,2.250916182930964,0.1167050604493856
4,lag_1,True,5.098948836481941,1.5530075003458188
4,lag_2,True,0.35706237194836704,0.38436259221729474
4,lag_3,True,0.31769129784478717,0.21280153119078207
4,lag_4,False,0.9823200988091885,0.07173013951381181
4,lag_5,True,1.352731326766286,0.3081905518157354
4,lag_6,True,0.22766431704480725,0.26114515360507323
4,lag_7,False,1.4228974494042725,0.08767003649337643
4,lag_8,False,1.1615882746709625,-0.00698276657921883
4,lag_9,True,1.7933511537350992,-0.09253199837679793
4,lag_10,False,0.8260985852833357,0.1319453710197643
4,lag_11,True,1.8592781432018826,0.19632364592866836
4,neighbor_1,True,5.0809326490506015,1.304430002844632
4,neighbor_2,True,1.065255871489222,0.401659288305415
4,neighbor_3,True,2.0046039412647487,0.43122204357735505
4,neighbor_4,True,1.5029665916448416,0.4636016340432432
4,neighbor_5,False,0.4606542314329011,0.028215922296057832
4,neighbor_6,True,0.03104713717301465,0.19072604144121486
4,neighbor_7,True,1.530701027884836,0.23884489020073638
4,neighbor_8,True,1.3161561247708715,0.3870129783489892
4,neighbor_9,True,1.0529295829902798,0.3566880790446169
4,neighbor_10,True,0.5009974234013873,0.29203561077290435
4,p2_primary_CENTER_AIR_BAG_PRESSURE_auc,True,1.3386349297114457,0.50171341969157
4,p2_primary_CENTER_AIR_BAG_PRESSURE_mean,True,1.43199840851661,0.27612727647082896
4,p2_primary_CENTER_AIR_BAG_PRESSURE_std,True,0.6804168761643598,0.20962629150659584
4,p2_primary_DRESSING_WATER_STATUS_auc,True,1.3708698849875904,0.32121684245047355
4,p2_primary_DRESSING_WATER_STATUS_mean,True,1.6786280081665772,-0.007850666228397944
4,p2_primary_DRESSING_WATER_STATUS_std,False,1.035558107817329,-0.15041657465562974
4,p2_primary_EDGE_AIR_BAG_PRESSURE_auc,True,2.672909805761769,0.35066462774042817
4,p2_primary_EDGE_AIR_BAG_PRESSURE_mean,True,1.7970872184533824,0.01190974451097631
4,p2_primary_EDGE_AIR_BAG_PRESSURE_std,True,0.012430087120485633,0.5054896388220104
4,p2_primary_HEAD_ROTATION_mean,False,0.9259572624649728,-0.15486118482418784
4,p2_primary_MAIN_OUTER_AIR_BAG_PRESSURE_auc,True,0.13733930004735426,0.3162661085636888
4,p2_primary_MAIN_OUTER_AIR_BAG_PRESSURE_mean,False,0.6256825384900294,0.12180118261451747
4,p2_primary_MAIN_OUTER_AIR_BAG_PRESSURE_std,True,0.5426557093069124,0.4817958321409203
4,p2_primary_PRESSURIZED_CHAMBER_PRESSURE_auc,True,2.120491377243258,0.6821601258348291
4,p2_primary_PRESSURIZED_CHAMBER_PRESSURE_mean,True,0.22077708322590983,0.32278880891824874
4,p2_primary_PRESSURIZED_CHAMBER_PRESSURE_std,True,1.8992990283924152,0.4907192754362529
4,p2_primary_RETAINER_RING_PRESSURE_auc,True,1.4977518683530389,0.42717362541811454
4,p2_primary_RETAINER_RING_PRESSURE_mean,False,0.8905436990214708,-0.25092568434715434
4,p2_primary_RETAINER_RING_PRESSURE_std,False,1.4838620065241834,-0.2175429782972463
4,p2_primary_RIPPLE_AIR_BAG_PRESSURE_auc,True,0.6201425329154132,0.6323056254510854
4,p2_primary_RIPPLE_AIR_BAG_PRESSURE_mean,True,0.9695416327806315,0.4667687457792808
4,p2_primary_RIPPLE_AIR_BAG_PRESSURE_std,True,1.4549626901902515,0.4188313733550822
4,p2_primary_SLURRY_FLOW_LINE_A_auc,True,1.4723268962577727,0.6362406282236567
4,p2_primary_SLURRY_FLOW_LINE_A_mean,True,0.42945530047135366,0.40308801128632016
4,p2_primary_SLURRY_FLOW_LINE_A_std,False,1.4575352689900922,-0.03373189101799651
4,p2_primary_SLURRY_FLOW_LINE_B_auc,True,0.16387647841200306,0.15801822578012745
4,p2_primary_SLURRY_FLOW_LINE_B_mean,True,0.0397731299125906,0.16897177632884902
4,p2_primary_SLURRY_FLOW_LINE_B_std,False,0.11949750930935303,0.042603949010213714
4,p2_primary_SLURRY_FLOW_LINE_C_auc,True,0.018400590098398832,0.5025585192488472
4,p2_primary_SLURRY_FLOW_LINE_C_mean,True,1.9254442372273313,0.4501911454511147
4,p2_primary_SLURRY_FLOW_LINE_C_std,True,2.3491359188604983,0.34881527307811416
4,p2_primary_STAGE_ROTATION_mean,True,3.2627767473707308,0.35077684936023
4,p2_primary_USAGE_OF_BACKING_FILM_decreasing,True,9.663594491256188,-0.18116633958565515
4,p2_primary_USAGE_OF_BACKING_FILM_mean,True,1411781.8732892303,0.32901717581745854
4,p2_primary_USAGE_OF_BACKING_FILM_std,True,26.31589778504979,-0.03148781730323187
4,p2_primary_USAGE_OF_DRESSER_TABLE_decreasing,False,1.328104376580166,-0.18452021545705993
4,p2_primary_USAGE_OF_DRESSER_TABLE_mean,True,1060.0877457393465,0.15779547355853285
4,p2_primary_USAGE_OF_DRESSER_TABLE_std,False,0.948507642039968,0.10412296144767377
4,p2_primary_USAGE_OF_DRESSER_decreasing,False,0.5540952773010798,-0.015319556379577645
4,p2_primary_USAGE_OF_DRESSER_mean,True,56.60255090684352,0.20743615351907982
4,p2_primary_USAGE_OF_DRESSER_std,False,0.6579527744673683,0.04682597660377141
4,p2_primary_USAGE_OF_MEMBRANE_decreasing,True,17.63829003620096,-0.17509598149709055
4,p2_primary_USAGE_OF_MEMBRANE_mean,True,757205.8062252883,0.14500989207941908
4,p2_primary_USAGE_OF_MEMBRANE_std,True,27.430826879666473,-0.21152268638563976
4,p2_primary_USAGE_OF_POLISHING_TABLE_decreasing,False,1.3826982429257157,-0.25626131351332937
4,p2_primary_USAGE_OF_POLISHING_TABLE_mean,True,0.45972470881708705,0.2152678564812406
4,p2_primary_USAGE_OF_POLISHING_TABLE_std,False,1.3060581105882674,0.05928466365209966
4,p2_primary_USAGE_OF_PRESSURIZED_SHEET_decreasing,True,25.455278573294038,-0.18311365641019683
4,p2_primary_USAGE_OF_PRESSURIZED_SHEET_mean,True,654227.6379481081,0.3881418591132473
4,p2_primary_USAGE_OF_PRESSURIZED_SHEET_std,True,44.454486227331834,0.13608397323065963
4,p2_primary_WAFER_ROTATION_mean,False,0.6340251023094139,0.0600069381862558
4,p2_primary_duration,True,0.41659285849345634,0.2170706389800866
4,p2_secondary_CENTER_AIR_BAG_PRESSURE_auc,True,0.6953374591226341,0.38024328764292215
4,p2_secondary_CENTER_AIR_BAG_PRESSURE_mean,False,0.7992078840902187,0.0
4,p2_secondary_CENTER_AIR_BAG_PRESSURE_std,False,1.249314379838507,0.14905488508028114
4,p2_secondary_DRESSING_WATER_STATUS_auc,True,0.16003611370856197,0.2109874639770339
4,p2_secondary_DRESSING_WATER_STATUS_mean,False,0.20266543169280665,-0.21153970418265688
4,p2_secondary_DRESSING_WATER_STATUS_std,True,1.7062319988770627,0.03166599299076582
4,p2_secondary_EDGE_AIR_BAG_PRESSURE_auc,True,0.7412306683692245,0.2131071468586649
4,p2_secondary_EDGE_AIR_BAG_PRESSURE_mean,False,0.7179104245362588,0.04448229161321311
4,p2_secondary_EDGE_AIR_BAG_PRESSURE_std,True,0.06280959596602687,0.2247120976502846
4,p2_secondary_HEAD_ROTATION_mean,False,0.7134908597987689,-0.27291719730662256
4,p2_secondary_MAIN_OUTER_AIR_BAG_PRESSURE_auc,False,0.09655786884006749,0.0337202606400751
4,p2_secondary_MAIN_OUTER_AIR_BAG_PRESSURE_mean,True,0.004346415700052491,0.19363027166588767
4,p2_secondary_MAIN_OUTER_AIR_BAG_PRESSURE_std,True,0.7336918551668227,0.24184739239314304
4,p2_secondary_PRESSURIZED_CHAMBER_PRESSURE_auc,False,0.8166809040325472,-0.021428812391586904
4,p2_secondary_PRESSURIZED_CHAMBER_PRESSURE_mean,False,0.9633252312973302,0.12552267721420426
4,p2_secondary_PRESSURIZED_CHAMBER_PRESSURE_std,True,1.9131611459159181,0.24294667694625227
4,p2_secondary_RETAINER_RING_PRESSURE_auc,False,1.2773045931487195,-0.12283667538053007
4,p2_secondary_RETAINER_RING_PRESSURE_mean,False,0.6313925462115202,-0.03290768759323419
4,p2_secondary_RETAINER_RING_PRESSURE_std,True,1.5084524221048963,-0.07717130013978754
4,p2_secondary_RIPPLE_AIR_BAG_PRESSURE_auc,False,0.9752815524709988,0.05901206417518071
4,p2_secondary_RIPPLE_AIR_BAG_PRESSURE_mean,False,0.9906756642032031,-0.03440592853028179
4,p2_secondary_RIPPLE_AIR_BAG_PRESSURE_std,False,1.2569357698560102,0.0
4,p2_secondary_SLURRY_FLOW_LINE_A_auc,True,1.6078061437908004,0.3231305619868784
4,p2_secondary_SLURRY_FLOW_LINE_A_mean,True,1.5736575490725313,-0.20877307272150641
4,p2_secondary_SLURRY_FLOW_LINE_A_std,False,0.25132386655960015,0.019842224266180458
4,p2_secondary_SLURRY_FLOW_LINE_B_auc,False,1.424660612224605,0.06512785315735758
4,p2_secondary_SLURRY_FLOW_LINE_B_mean,True,1.393802333128093,0.27810516060743745
4,p2_secondary_SLURRY_FLOW_LINE_B_std,False,1.283581898058692,-0.021428026519114792
4,p2_secondary_SLURRY_FLOW_LINE_C_auc,True,1.8687172308533015,0.044611850936026626
4,p2_secondary_SLURRY_FLOW_LINE_C_mean,False,1.4416391457479856,0.11353960981730549
4,p2_secondary_SLURRY_FLOW_LINE_C_std,False,0.1538881233403744,-0.0038669579256555065
4,p2_secondary_STAGE_ROTATION_mean,False,0.4675623457443668,-0.23379519564705936
4,p2_secondary_USAGE_OF_BACKING_FILM_decreasing,True,17.570232799990137,-0.17677669529663687
4,p2_secondary_USAGE_OF_BACKING_FILM_mean,True,246549.13849788785,-0.25079961807900764
4,p2_secondary_USAGE_OF_BACKING_FILM_std,True,26.223427593204107,0.02787853548355609
4,p2_secondary_USAGE_OF_DRESSER_TABLE_decreasing,True,2.1792148765940933,0.0
4,p2_secondary_USAGE_OF_DRESSER_TABLE_mean,True,1037.6923575219196,-0.048346262021318545
4,p2_secondary_USAGE_OF_DRESSER_TABLE_std,True,1.9601085685625887,0.0
4,p2_secondary_USAGE_OF_DRESSER_decreasing,False,0.05155332228114794,0.0
4,p2_secondary_USAGE_OF_DRESSER_mean,True,56.66496824509567,0.042957636407496363
4,p2_secondary_USAGE_OF_DRESSER_std,False,0.06672638400188916,0.0
4,p2_secondary_USAGE_OF_MEMBRANE_decreasing,True,3226.110248254477,0.17760811280494146
4,p2_secondary_USAGE_OF_MEMBRANE_mean,True,153644.57624770634,0.2148508025753105
4,p2_secondary_USAGE_OF_MEMBRANE_std,True,5701.658593405477,-0.010639383716079504
4,p2_secondary_USAGE_OF_POLISHING_TABLE_decreasing,False,1.4247218504750168,-0.007613259292925237
4,p2_secondary_USAGE_OF_POLISHING_TABLE_mean,True,0.5119661079867145,0.3774543048297229
4,p2_secondary_USAGE_OF_POLISHING_TABLE_std,False,1.1416099635264945,-0.16777937135379556
4,p2_secondary_USAGE_OF_PRESSURIZED_SHEET_decreasing,True,2746.6801954259154,-0.1767766952966368
4,p2_secondary_USAGE_OF_PRESSURIZED_SHEET_mean,True,92701.40604349479,0.3016047477312381
4,p2_secondary_USAGE_OF_PRESSURIZED_SHEET_std,True,4925.997750877529,0.22221921711862916
4,p2_secondary_WAFER_ROTATION_mean,False,0.2838238404890883,-0.3108161972071787
4,p2_secondary_duration,False,0.9541532465974112,0.01829046755460896
5,lag_1,True,6.220829502724749,1.8594294022159934
5,lag_2,True,0.4421764027183294,0.16407096351815778
5,lag_3,True,0.25330407495872936,0.3592511636918618
5,lag_4,True,1.7639206140096728,0.38622729384949894
5,lag_5,True,2.0589917238933237,0.23169236342708818
5,lag_6,True,1.6415322505565337,0.3537001807210682
5,lag_7,True,0.4259226505833063,0.1713599536758109
5,lag_8,True,1.7387910364358676,-0.07093732257062386
5,lag_9,True,1.614237662500616,0.24317948638090298
5,lag_10,True,1.1666219274569896,0.23563002560934299
5,lag_11,False,3.495779073521713e-05,-0.20759610640897289
5,neighbor_1,True,5.749968823868558,0.9461781761945639
5,neighbor_2,True,1.109481275771113,0.40648666400405364
5,neighbor_3,True,0.7458099741842407,0.4611799257362723
5,neighbor_4,False,1.268283936082329,-0.04487326318224754
5,neighbor_5,True,1.5915635635500691,0.26270810470265
5,neighbor_6,True,1.2302015251072822,0.27985795452291784
5,neighbor_7,True,1.1589611731249478,0.4463942746730446
5,neighbor_8,True,1.230823811394703,0.4906390725196811
5,neighbor_9,False,0.03462512701905633,0.07133802855803284
5,neighbor_10,False,1.464611270440863,0.14022948606326796
5,p2_primary_CENTER_AIR_BAG_PRESSURE_auc,True,0.43330382514456484,0.655058231970397
5,p2_primary_CENTER_AIR_BAG_PRESSURE_mean,True,0.33644209495918187,0.21804255842229062
5,p2_primary_CENTER_AIR_BAG_PRESSURE_std,True,0.3989981462604116,0.2855627586197343
5,p2_primary_DRESSING_WATER_STATUS_auc,True,1.7327682390258963,0.4740917884486409
5,p2_primary_DRESSING_WATER_STATUS_mean,True,2.401262411975649,0.20476226124326055
5,p2_primary_DRESSING_WATER_STATUS_std,True,2.005651139349886,0.2502559678587866
5,p2_primary_EDGE_AIR_BAG_PRESSURE_auc,True,1.7035030994153648,0.2941022133633761
5,p2_primary_EDGE_AIR_BAG_PRESSURE_mean,True,1.095002322000803,0.24587416106327833
5,p2_primary_EDGE_AIR_BAG_PRESSURE_std,True,0.42784372587695313,0.39710066063754607
5,p2_primary_HEAD_ROTATION_mean,True,1.3814122262229214,0.3011410539358895
5,p2_primary_MAIN_OUTER_AIR_BAG_PRESSURE_auc,True,0.3656796021878389,0.25689718424918123
5,p2_primary_MAIN_OUTER_AIR_BAG_PRESSURE_mean,True,0.030390573884804754,0.36000439786075317
5,p2_primary_MAIN_OUTER_AIR_BAG_PRESSURE_std,True,0.15586852178653485,0.28166745549126715
5,p2_primary_PRESSURIZED_CHAMBER_PRESSURE_auc,True,2.3520159783237338,0.3920527218759855
5,p2_primary_PRESSURIZED_CHAMBER_PRESSURE_mean,True,1.0069035242978814,0.18301352799630702
5,p2_primary_PRESSURIZED_CHAMBER_PRESSURE_std,True,0.24956143124356642,0.28560806166021646
5,p2_primary_RETAINER_RING_PRESSURE_auc,True,0.32136473655877634,0.2686805796652531
5,p2_primary_RETAINER_RING_PRESSURE_mean,True,1.1701058208980235,0.2975868494647036
5,p2_primary_RETAINER_RING_PRESSURE_std,False,1.4397334039696794,0.11315952330324407
5,p2_primary_RIPPLE_AIR_BAG_PRESSURE_auc,True,0.37684704507843,0.4027101363736384
5,p2_primary_RIPPLE_AIR_BAG_PRESSURE_mean,True,0.4976716740414026,0.43086250329530995
5,p2_primary_RIPPLE_AIR_BAG_PRESSURE_std,False,1.043035807306491,0.02269236486872279
5,p2_primary_SLURRY_FLOW_LINE_A_auc,True,0.724455407941288,0.6906236838320615
5,p2_primary_SLURRY_FLOW_LINE_A_mean,True,0.08792189942851844,0.23710811054406639
5,p2_primary_SLURRY_FLOW_LINE_A_std,True,0.18122099092784436,0.23752626587046857
5,p2_primary_SLURRY_FLOW_LINE_B_auc,False,0.12217245920373511,0.1187159955789417
5,p2_primary_SLURRY_FLOW_LINE_B_mean,True,3.426625946836191,0.08901713980611457
5,p2_primary_SLURRY_FLOW_LINE_B_std,True,2.128408964761317,-0.2823506337159215
5,p2_primary_SLURRY_FLOW_LINE_C_auc,True,1.0582315795097326,0.8313269747058241
5,p2_primary_SLURRY_FLOW_LINE_C_mean,True,1.441671288440041,0.27558578084932756
5,p2_primary_SLURRY_FLOW_LINE_C_std,True,2.387758081500069,0.24602309119348084
5,p2_primary_STAGE_ROTATION_mean,True,2.4665501960809526,0.4213669872623624
5,p2_primary_USAGE_OF_BACKING_FILM_decreasing,False,1.2928606857087754,0.13930588590788723
5,p2_primary_USAGE_OF_BACKING_FILM_mean,True,216535.55973736334,0.2621948133142949
5,p2_primary_USAGE_OF_BACKING_FILM_std,True,20.251352117348294,0.2307355936268229
5,p2_primary_USAGE_OF_DRESSER_TABLE_decreasing,False,0.07129274109072513,-0.3020508049705824
5,p2_primary_USAGE_OF_DRESSER_TABLE_mean,True,275.2708915412809,0.379629596190563
5,p2_primary_USAGE_OF_DRESSER_TABLE_std,True,0.5016732473075877,0.1790209480052689
5,p2_primary_USAGE_OF_DRESSER_decreasing,True,1.1036295377601857,0.17615195037999873
5,p2_primary_USAGE_OF_DRESSER_mean,True,35.133278334728324,0.35038706665347374
5,p2_primary_USAGE_OF_DRESSER_std,True,1.5795304260605412,-0.32621082706050325
5,p2_primary_USAGE_OF_MEMBRANE_decreasing,True,30.96304268532757,0.36668936007639996
5,p2_primary_USAGE_OF_MEMBRANE_mean,True,13805.938401603067,-0.12812587189345515
5,p2_primary_USAGE_OF_MEMBRANE_std,True,481.97534082456485,0.14611244129149112
5,p2_primary_USAGE_OF_POLISHING_TABLE_decreasing,False,0.03805017200872512,-0.03058050630590885
5,p2_primary_USAGE_OF_POLISHING_TABLE_mean,True,0.76451296712318,0.5600855430115428
5,p2_primary_USAGE_OF_POLISHING_TABLE_std,True,0.015282656433482287,0.45657259596246547
5,p2_primary_USAGE_OF_PRESSURIZED_SHEET_decreasing,True,35.899269540595974,-0.143568047595254
5,p2_primary_USAGE_OF_PRESSURIZED_SHEET_mean,True,202729.8051920225,-0.2331536085797487
5,p2_primary_USAGE_OF_PRESSURIZED_SHEET_std,True,538.3867443412965,0.004658619241493757
5,p2_primary_WAFER_ROTATION_mean,False,0.4142628815196125,0.14440120568432596
5,p2_primary_duration,True,3.68032489125121,-0.1057807835506388
5,p2_secondary_CENTER_AIR_BAG_PRESSURE_auc,True,1.1155290860232943,0.22548690352259526
5,p2_secondary_CENTER_AIR_BAG_PRESSURE_mean,False,1.186420210472505,0.14171867116138864
5,p2_secondary_CENTER_AIR_BAG_PRESSURE_std,True,1.1310362277383934,0.17677669529663675
5,p2_secondary_DRESSING_WATER_STATUS_auc,False,0.29591446913380476,-0.30540275605464545
5,p2_secondary_DRESSING_WATER_STATUS_mean,True,0.3317480377283214,0.3952809112241628
5,p2_secondary_DRESSING_WATER_STATUS_std,True,0.8202859869838987,0.19938161892417539
5,p2_secondary_EDGE_AIR_BAG_PRESSURE_auc,False,0.5606807102046295,-0.23416010195712225
5,p2_secondary_EDGE_AIR_BAG_PRESSURE_mean,False,0.7106380744633328,-0.24875335312146019
5,p2_secondary_EDGE_AIR_BAG_PRESSURE_std,False,0.6033589599561231,0.01733493853353921
5,p2_secondary_HEAD_ROTATION_mean,False,0.534339153872256,-0.26736062278363315
5,p2_secondary_MAIN_OUTER_AIR_BAG_PRESSURE_auc,False,0.6488351543871054,0.00950440775877798
5,p2_secondary_MAIN_OUTER_AIR_BAG_PRESSURE_mean,False,0.6209722175319264,-0.003689423939390053
5,p2_secondary_MAIN_OUTER_AIR_BAG_PRESSURE_std,True,0.8893757533372729,0.1535270941639352
5,p2_secondary_PRESSURIZED_CHAMBER_PRESSURE_auc,True,2.557428275617978,0.01410609618724279
5,p2_secondary_PRESSURIZED_CHAMBER_PRESSURE_mean,True,2.7844826264336846,0.22506239790304006
5,p2_secondary_PRESSURIZED_CHAMBER_PRESSURE_std,True,1.0092296836193289,0.3174062963927122
5,p2_secondary_RETAINER_RING_PRESSURE_auc,False,0.857952801285143,0.014840187585768511
5,p2_secondary_RETAINER_RING_PRESSURE_mean,True,0.12586537176564458,0.16592410370967278
5,p2_secondary_RETAINER_RING_PRESSURE_std,False,0.31608527987066254,0.00043045502769381355
5,p2_secondary_RIPPLE_AIR_BAG_PRESSURE_auc,False,0.3833520021713526,-0.09220192854100104
5,p2_secondary_RIPPLE_AIR_BAG_PRESSURE_mean,False,0.4502245984235498,0.1412884223418161
5,p2_secondary_RIPPLE_AIR_BAG_PRESSURE_std,False,1.284976348912422,0.09110620989594227
5,p2_secondary_SLURRY_FLOW_LINE_A_auc,True,0.23494281129193434,0.3056757282627601
5,p2_secondary_SLURRY_FLOW_LINE_A_mean,False,0.11892870006900261,-0.08450187668937205
5,p2_secondary_SLURRY_FLOW_LINE_A_std,False,0.20601847406214233,-0.3332900231910787
5,p2_secondary_SLURRY_FLOW_LINE_B_auc,False,1.1535060652738567,0.019604574852752146
5,p2_secondary_SLURRY_FLOW_LINE_B_mean,True,1.1512125265174864,0.24159007916496253
5,p2_secondary_SLURRY_FLOW_LINE_B_std,False,0.9398517952756074,-0.05184735067525496
5,p2_secondary_SLURRY_FLOW_LINE_C_auc,True,0.933635098189269,0.19091193123588923
5,p2_secondary_SLURRY_FLOW_LINE_C_mean,True,0.6444733725471744,0.22631258975444635
5,p2_secondary_SLURRY_FLOW_LINE_C_std,False,0.0249208753048291,0.0941853541083792
5,p2_secondary_STAGE_ROTATION_mean,False,0.20820575061089877,-0.21509537129485062
5,p2_secondary_USAGE_OF_BACKING_FILM_decreasing,True,9.856903463988003,-0.26183229613013687
5,p2_secondary_USAGE_OF_BACKING_FILM_mean,True,16014.336221885627,0.1875834577079856
5,p2_secondary_USAGE_OF_BACKING_FILM_std,True,48.44304704252931,0.13290853997567978
5,p2_secondary_USAGE_OF_DRESSER_TABLE_decreasing,False,1.4189540103311338,0.0
5,p2_secondary_USAGE_OF_DRESSER_TABLE_mean,True,275.39620341376593,0.2370128963131689
5,p2_secondary_USAGE_OF_DRESSER_TABLE_std,False,1.2299457567319103,0.0
5,p2_secondary_USAGE_OF_DRESSER_decreasing,True,1.5498602512059878,0.0
5,p2_secondary_USAGE_OF_DRESSER_mean,True,35.03351943573925,0.3696276680193657
5,p2_secondary_USAGE_OF_DRESSER_std,False,1.363452450567359,0.0
5,p2_secondary_USAGE_OF_MEMBRANE_decreasing,True,270.7352041431091,-0.15558749445535147
5,p2_secondary_USAGE_OF_MEMBRANE_mean,True,7249.878153611991,0.3187741385040468
5,p2_secondary_USAGE_OF_MEMBRANE_std,True,973.3185634936752,-0.2529781532428206
5,p2_secondary_USAGE_OF_POLISHING_TABLE_decreasing,False,0.9705495129735859,-0.04881881292631928
5,p2_secondary_USAGE_OF_POLISHING_TABLE_mean,True,0.8152451876597288,0.3396295909314674
5,p2_secondary_USAGE_OF_POLISHING_TABLE_std,False,0.8313961473336098,0.04693285000231353
5,p2_secondary_USAGE_OF_PRESSURIZED_SHEET_decreasing,True,216.13118641196507,0.09288126862228563
5,p2_secondary_USAGE_OF_PRESSURIZED_SHEET_mean,True,8726.623155617664,0.19211399464739345
5,p2_secondary_USAGE_OF_PRESSURIZED_SHEET_std,True,816.3477097710784,-0.2677772149817019
5,p2_secondary_WAFER_ROTATION_mean,True,0.1569557702196048,0.15760478751430748
5,p2_secondary_duration,False,0.5766515965880715,0.11491318500128378
6,lag_1,True,4.928807403616224,0.7705872400361372
6,lag_2,True,0.5017460106300844,0.3723682635321573
6,lag_3,True,0.3129656863068923,0.1748078966908056
6,lag_4,False,0.26445204298066927,0.05792682009111992
6,lag_5,False,0.3080163751418011,-0.1929800542955272
6,lag_6,True,0.44921716133716716,0.161721099446493
6,lag_7,True,0.9011717038670514,0.3565957414127848
6,lag_8,True,1.0098595450907084,0.40992605348279115
6,lag_9,True,0.5537901487677286,0.3127981905066042
6,lag_10,False,0.245942963934357,0.13851520141043774
6,lag_11,False,0.40142222321258997,0.09789025350024237
6,neighbor_1,True,7.008500148772085,1.1580951472278354
6,neighbor_2,True,0.4604631456491807,0.5312703606044612
6,neighbor_3,True,1.1977344674423986,0.2355707381394297
6,neighbor_4,True,0.6152993454815395,0.20102488743259242
6,neighbor_5,True,0.8798648620874825,0.28229379898021156
6,neighbor_6,True,0.2719660293201222,0.35757100042279394
6,neighbor_7,True,1.838931702034615,0.44645324946942405
6,neighbor_8,True,1.144095500991879,0.4553486267809118
6,neighbor_9,True,0.4396245692389636,0.30451499607234955
6,neighbor_10,True,1.162769013142191,0.21246656161083427
6,p2_primary_CENTER_AIR_BAG_PRESSURE_auc,True,0.322644980220016,0.9849135276085705
6,p2_primary_CENTER_AIR_BAG_PRESSURE_mean,True,0.11469721312455662,0.20687483156679226
6,p2_primary_CENTER_AIR_BAG_PRESSURE_std,False,1.2010906136248514,0.12240847697042817
6,p2_primary_DRESSING_WATER_STATUS_auc,True,0.9902564484951052,0.15811768204257862
6,p2_primary_DRESSING_WATER_STATUS_mean,False,1.3434953701058472,-0.06326653351053368
6,p2_primary_DRESSING_WATER_STATUS_std,True,1.1242589384317225,0.2386329628755518
6,p2_primary_EDGE_AIR_BAG_PRESSURE_auc,True,1.8066406666287076,0.1974004487026757
6,p2_primary_EDGE_AIR_BAG_PRESSURE_mean,False,1.0285533310780222,-0.07386177959673974
6,p2_primary_EDGE_AIR_BAG_PRESSURE_std,True,0.7987065539213283,0.49847455382833566
6,p2_primary_HEAD_ROTATION_mean,False,1.403681563712412,-0.08541177354025468
6,p2_primary_MAIN_OUTER_AIR_BAG_PRESSURE_auc,True,1.374464224073397,0.40465003841916963
6,p2_primary_MAIN_OUTER_AIR_BAG_PRESSURE_mean,True,0.5959996166675925,0.39414730407849247
6,p2_primary_MAIN_OUTER_AIR_BAG_PRESSURE_std,True,0.5080593147557078,0.4794047296713962
6,p2_primary_PRESSURIZED_CHAMBER_PRESSURE_auc,True,1.4131031943661252,0.459705513509402
6,p2_primary_PRESSURIZED_CHAMBER_PRESSURE_mean,True,0.5127412522135528,0.39354255451780545
6,p2_primary_PRESSURIZED_CHAMBER_PRESSURE_std,True,0.6569110617753893,0.22788957563537174
6,p2_primary_RETAINER_RING_PRESSURE_auc,True,1.969630602407937,0.3138104223522985
6,p2_primary_RETAINER_RING_PRESSURE_mean,False,1.444850410170409,0.02723105073120963
6,p2_primary_RETAINER_RING_PRESSURE_std,True,2.202061029810264,0.045532388710600946
6,p2_primary_RIPPLE_AIR_BAG_PRESSURE_auc,True,0.09217097541273538,0.634084922898496
6,p2_primary_RIPPLE_AIR_BAG_PRESSURE_mean,True,0.456769700296159,0.267370425970885
6,p2_primary_RIPPLE_AIR_BAG_PRESSURE_std,True,1.937204167691217,0.29987971241977895
6,p2_primary_SLURRY_FLOW_LINE_A_auc,True,0.8855097423445782,0.5357842108706591
6,p2_primary_SLURRY_FLOW_LINE_A_mean,False,0.09750684557702087,0.027032084164154865
6,p2_primary_SLURRY_FLOW_LINE_A_std,False,0.3479070829047361,0.14210600358656628
6,p2_primary_SLURRY_FLOW_LINE_B_auc,False,1.477915848566602,0.13265030896387042
6,p2_primary_SLURRY_FLOW_LINE_B_mean,True,0.9505916368897935,0.24083465712080207
6,p2_primary_SLURRY_FLOW_LINE_B_std,False,1.087089330969418,-0.09420919769667896
6,p2_primary_SLURRY_FLOW_LINE_C_auc,True,0.9467873757554942,0.800320347749635
6,p2_primary_SLURRY_FLOW_LINE_C_mean,True,1.1903797691509497,0.610037520444612
6,p2_primary_SLURRY_FLOW_LINE_C_std,True,1.4293021474633494,0.22327191694222853
6,p2_primary_STAGE_ROTATION_mean,True,2.607459273966041,0.05052311557912825
6,p2_primary_USAGE_OF_BACKING_FILM_decreasing,True,5.545632333367995,0.059440594105050294
6,p2_primary_USAGE_OF_BACKING_FILM_mean,True,260377.5376678947,0.2564916237896586
6,p2_primary_USAGE_OF_BACKING_FILM_std,True,81.22575395037603,0.1786135922827723
6,p2_primary_USAGE_OF_DRESSER_TABLE_decreasing,True,0.1565408622974633,0.15768408606699927
6,p2_primary_USAGE_OF_DRESSER_TABLE_mean,True,163.8622669766023,0.17565144657524606
6,p2_primary_USAGE_OF_DRESSER_TABLE_std,False,0.03389644224612092,-0.060186705091458105
6,p2_primary_USAGE_OF_DRESSER_decreasing,True,0.6337551632581736,0.38307835079745706
6,p2_primary_USAGE_OF_DRESSER_mean,True,23.688029842088504,0.33970865297870545
6,p2_primary_USAGE_OF_DRESSER_std,False,0.7309822440771495,-0.06775280802554842
6,p2_primary_USAGE_OF_MEMBRANE_decreasing,True,20.739905935397616,0.36398930663805185
6,p2_primary_USAGE_OF_MEMBRANE_mean,True,357748.450184248,0.191145477810164
6,p2_primary_USAGE_OF_MEMBRANE_std,True,405.77993413448365,0.1132678144510175
6,p2_primary_USAGE_OF_POLISHING_TABLE_decreasing,True,2.4962070864424164,-0.1942746020935896
6,p2_primary_USAGE_OF_POLISHING_TABLE_mean,False,0.8608296807339818,0.04037159408668917
6,p2_primary_USAGE_OF_POLISHING_TABLE_std,True,2.431619603629298,0.2586395646226123
6,p2_primary_USAGE_OF_PRESSURIZED_SHEET_decreasing,True,26.322295128928715,-0.20568269764183647
6,p2_primary_USAGE_OF_PRESSURIZED_SHEET_mean,True,96717.44679834065,0.13337378788870105
6,p2_primary_USAGE_OF_PRESSURIZED_SHEET_std,True,506.85332377693385,0.17526899032333437
6,p2_primary_WAFER_ROTATION_mean,False,1.1838161691975346,0.14624748863167344
6,p2_primary_duration,True,0.13713457108167276,0.3024017437037329
6,p2_secondary_CENTER_AIR_BAG_PRESSURE_auc,False,0.6890910737273906,0.04935268174619653
6,p2_secondary_CENTER_AIR_BAG_PRESSURE_mean,False,0.5563291410478316,-0.09647633953364197
6,p2_secondary_CENTER_AIR_BAG_PRESSURE_std,False,0.7135879389647258,-0.17677669529663684
6,p2_secondary_DRESSING_WATER_STATUS_auc,True,0.34339087967496024,0.33560974480561534
6,p2_secondary_DRESSING_WATER_STATUS_mean,True,0.13131880259991988,0.18645456000278315
6,p2_secondary_DRESSING_WATER_STATUS_std,True,2.4800176743110898,0.10018268493127114
6,p2_secondary_EDGE_AIR_BAG_PRESSURE_auc,False,1.1306930988654023,0.0
6,p2_secondary_EDGE_AIR_BAG_PRESSURE_mean,False,1.1209669872478867,-0.0771305161919006
6,p2_secondary_EDGE_AIR_BAG_PRESSURE_std,False,0.03424790992574047,0.04744296047199106
6,p2_secondary_HEAD_ROTATION_mean,True,1.8109596844737517,0.12818691894660486
6,p2_secondary_MAIN_OUTER_AIR_BAG_PRESSURE_auc,False,0.8253886870274395,-0.255500039703198
6,p2_secondary_MAIN_OUTER_AIR_BAG_PRESSURE_mean,True,0.7254556329817287,0.2541107651166832
6,p2_secondary_MAIN_OUTER_AIR_BAG_PRESSURE_std,False,0.10940249815859558,0.03403700414417295
6,p2_secondary_PRESSURIZED_CHAMBER_PRESSURE_auc,False,1.2538729553919574,0.05150541087063241
6,p2_secondary_PRESSURIZED_CHAMBER_PRESSURE_mean,True,1.460939695423232,0.2877961066606324
6,p2_secondary_PRESSURIZED_CHAMBER_PRESSURE_std,True,1.3045057427315254,0.26915897453397397
6,p2_secondary_RETAINER_RING_PRESSURE_auc,True,0.6385664413490281,0.2964822169540194
6,p2_secondary_RETAINER_RING_PRESSURE_mean,False,0.2078433344851874,0.07743895550518681
6,p2_secondary_RETAINER_RING_PRESSURE_std,True,0.15604426908165,0.15042455758100953
6,p2_secondary_RIPPLE_AIR_BAG_PRESSURE_auc,False,0.4873400491207475,0.07150857689207381
6,p2_secondary_RIPPLE_AIR_BAG_PRESSURE_mean,False,0.46980182600710424,-0.3132098058752907
6,p2_secondary_RIPPLE_AIR_BAG_PRESSURE_std,False,0.012352958345003528,0.1014870514004757
6,p2_secondary_SLURRY_FLOW_LINE_A_auc,True,1.7801200000378536,0.12502432474701544
6,p2_secondary_SLURRY_FLOW_LINE_A_mean,True,2.398142863730615,0.3353922838119611
6,p2_secondary_SLURRY_FLOW_LINE_A_std,False,0.5315395258046413,0.13793662247682387
6,p2_secondary_SLURRY_FLOW_LINE_B_auc,True,1.7615055472707448,0.17619859769272364
6,p2_secondary_SLURRY_FLOW_LINE_B_mean,True,1.7914611723588851,0.2558802469432409
6,p2_secondary_SLURRY_FLOW_LINE_B_std,False,0.16638208320521558,-0.04065621838775447
6,p2_secondary_SLURRY_FLOW_LINE_C_auc,False,0.7001725591822128,0.1192244365365898
6,p2_secondary_SLURRY_FLOW_LINE_C_mean,False,0.2307790371556233,-0.0021153031899735016
6,p2_secondary_SLURRY_FLOW_LINE_C_std,False,0.2746625630022245,-0.18606123681845635
6,p2_secondary_STAGE_ROTATION_mean,False,0.6150559162575804,0.07425719310357878
6,p2_secondary_USAGE_OF_BACKING_FILM_decreasing,True,21.130649818445782,-0.06661123448325479
6,p2_secondary_USAGE_OF_BACKING_FILM_mean,True,56354.56221529536,-0.12472949645809778
6,p2_secondary_USAGE_OF_BACKING_FILM_std,True,92.20824332634521,0.2288922234152086
6,p2_secondary_USAGE_OF_DRESSER_TABLE_decreasing,False,0.8778848738708076,0.0
6,p2_secondary_USAGE_OF_DRESSER_TABLE_mean,True,164.49983204944718,0.15458375194705934
6,p2_secondary_USAGE_OF_DRESSER_TABLE_std,False,0.7365965283219059,0.0
6,p2_secondary_USAGE_OF_DRESSER_decreasing,False,0.5528055202262059,0.0
6,p2_secondary_USAGE_OF_DRESSER_mean,True,23.344490272195145,0.4330296461750202
6,p2_secondary_USAGE_OF_DRESSER_std,False,0.19082044606407714,0.0
6,p2_secondary_USAGE_OF_MEMBRANE_decreasing,True,16.11050711520393,0.10254782128193424
6,p2_secondary_USAGE_OF_MEMBRANE_mean,True,332791.01387736155,0.24526891497843908
6,p2_secondary_USAGE_OF_MEMBRANE_std,True,114.39819945771849,-0.2003642720855295
6,p2_secondary_USAGE_OF_POLISHING_TABLE_decreasing,True,1.7418763415770442,-0.14492460070890145
6,p2_secondary_USAGE_OF_POLISHING_TABLE_mean,True,0.9005118359031453,0.3700139297259505
6,p2_secondary_USAGE_OF_POLISHING_TABLE_std,True,1.5565185988218926,-0.09643952837766806
6,p2_secondary_USAGE_OF_PRESSURIZED_SHEET_decreasing,True,25.403503884944023,0.16032108026238123
6,p2_secondary_USAGE_OF_PRESSURIZED_SHEET_mean,True,389815.2536500845,-0.1924144636368707
6,p2_secondary_USAGE_OF_PRESSURIZED_SHEET_std,True,49.9002686725949,0.0832018543623185
6,p2_secondary_WAFER_ROTATION_mean,False,0.11787923710803007,-0.07596261067371601
6,p2_secondary_duration,True,0.0949601704466445,0.20241337180795863
7,lag_1,True,3.9543798719452234,1.6603616632342943
7,lag_2,True,1.5847234841243205,0.32347428002056455
7,lag_3,False,1.0746811539533474,0.08851175796150225
7,lag_4,True,0.8462333551978851,0.20856379101196665
7,lag_5,True,0.7044339445034921,0.1929318289690614
7,lag_6,False,0.2843150935920993,-0.3907851503652977
7,lag_7,True,1.5834208065965552,0.22443788820440747
7,lag_8,False,1.46478971589444,0.14996970248119837
7,lag_9,True,0.6434170074108042,0.16938405015205574
7,lag_10,False,0.2709553928585369,-0.032010824237388186
7,lag_11,True,2.7386443498815463,0.05047685382556485
7,neighbor_1,True,6.003835898743204,0.9211994494731565
7,neighbor_2,True,2.863154614889029,1.0064476911030753
7,neighbor_3,True,1.7271774186535283,0.3417799642002077
7,neighbor_4,True,0.3345327129147868,0.5161018125000247
7,neighbor_5,True,0.10079788093406822,0.2513160670427878
7,neighbor_6,True,2.276720626573611,0.3663899160480646
7,neighbor_7,True,0.9776000845057078,0.23669669473757585
7,neighbor_8,True,0.31864759599953685,0.27331729839296315
7,neighbor_9,True,0.20163559570077333,0.3514610169263961
7,neighbor_10,True,0.2991754159740585,0.2540372538582403
7,p2_primary_CENTER_AIR_BAG_PRESSURE_auc,True,0.6821147570868991,0.7702350664490032
7,p2_primary_CENTER_AIR_BAG_PRESSURE_mean,True,0.9642893558368228,0.4010810054364426
7,p2_primary_CENTER_AIR_BAG_PRESSURE_std,True,1.6410843689506018,-0.08266110043173924
7,p2_primary_DRESSING_WATER_STATUS_auc,True,1.550263960337017,0.1755262564223267
7,p2_primary_DRESSING_WATER_STATUS_mean,True,1.6341379399842473,0.19326100230687737
7,p2_primary_DRESSING_WATER_STATUS_std,True,0.7183902781355014,0.19455759539108536
7,p2_primary_EDGE_AIR_BAG_PRESSURE_auc,True,0.9046651755922315,0.5207084455252172
7,p2_primary_EDGE_AIR_BAG_PRESSURE_mean,True,0.14761259929275386,0.21760347768402924
7,p2_primary_EDGE_AIR_BAG_PRESSURE_std,True,0.3193452186450617,0.2452733846566115
7,p2_primary_HEAD_ROTATION_mean,False,1.0205685946190042,-0.144113338509193
7,p2_primary_MAIN_OUTER_AIR_BAG_PRESSURE_auc,True,0.19560663787036817,0.8436200484388845
7,p2_primary_MAIN_OUTER_AIR_BAG_PRESSURE_mean,True,1.159855759544552,0.4081132488559115
7,p2_primary_MAIN_OUTER_AIR_BAG_PRESSURE_std,True,1.5556591344877078,0.35775281876375353
7,p2_primary_PRESSURIZED_CHAMBER_PRESSURE_auc,True,2.0260400997510075,1.0869277427427853
7,p2_primary_PRESSURIZED_CHAMBER_PRESSURE_mean,True,0.8115350418826626,0.3748102063480788
7,p2_primary_PRESSURIZED_CHAMBER_PRESSURE_std,True,1.5937555151670197,0.05494232386823376
7,p2_primary_RETAINER_RING_PRESSURE_auc,True,1.9410954611824682,0.4455139961865141
7,p2_primary_RETAINER_RING_PRESSURE_mean,False,0.2855340315312304,-0.17078147844125002
7,p2_primary_RETAINER_RING_PRESSURE_std,False,1.064371261050125,-0.0767010379426143
7,p2_primary_RIPPLE_AIR_BAG_PRESSURE_auc,True,0.6002301091236001,0.5392121665770071
7,p2_primary_RIPPLE_AIR_BAG_PRESSURE_mean,True,0.6853388884178676,0.3788770500239836
7,p2_primary_RIPPLE_AIR_BAG_PRESSURE_std,True,1.308668407246183,0.16191023277012911
7,p2_primary_SLURRY_FLOW_LINE_A_auc,True,0.2075960920864814,0.6864837392576996
7,p2_primary_SLURRY_FLOW_LINE_A_mean,True,1.2722664401509745,0.17354017126498772
7,p2_primary_SLURRY_FLOW_LINE_A_std,True,1.3309287116932083,0.26872187976188994
7,p2_primary_SLURRY_FLOW_LINE_B_auc,True,0.6352903315286714,0.25735730827871955
7,p2_primary_SLURRY_FLOW_LINE_B_mean,True,4.4590477658551695,0.024521102779646562
7,p2_primary_SLURRY_FLOW_LINE_B_std,True,2.5524929689808618,-0.09029439189986786
7,p2_primary_SLURRY_FLOW_LINE_C_auc,True,1.236225495279084,0.810270835577216
7,p2_primary_SLURRY_FLOW_LINE_C_mean,True,1.5382464283413362,0.18531957755567777
7,p2_primary_SLURRY_FLOW_LINE_C_std,True,2.2101250251835327,-0.12378560533536526
7,p2_primary_STAGE_ROTATION_mean,True,3.070076994952221,0.05384426367540756
7,p2_primary_USAGE_OF_BACKING_FILM_decreasing,True,2.439411996595985,0.03805066872106828
7,p2_primary_USAGE_OF_BACKING_FILM_mean,True,280087.4159879269,0.13714902223910574
7,p2_primary_USAGE_OF_BACKING_FILM_std,True,7.6519136486067065,0.2274419258771222
7,p2_primary_USAGE_OF_DRESSER_TABLE_decreasing,False,1.2788662160213684,0.12297784531074907
7,p2_primary_USAGE_OF_DRESSER_TABLE_mean,True,62.41274088809341,0.19525318666513083
7,p2_primary_USAGE_OF_DRESSER_TABLE_std,True,1.3924991935115334,0.28155541722579286
7,p2_primary_USAGE_OF_DRESSER_decreasing,False,0.3604051575797821,-0.0823435805341267
7,p2_primary_USAGE_OF_DRESSER_mean,True,261.97351868935664,0.28305614383200717
7,p2_primary_USAGE_OF_DRESSER_std,False,0.6133509479216358,-0.16727933012541094
7,p2_primary_USAGE_OF_MEMBRANE_decreasing,True,25.533383254651927,0.17004112347667838
7,p2_primary_USAGE_OF_MEMBRANE_mean,True,350576.61268914444,0.0
7,p2_primary_USAGE_OF_MEMBRANE_std,True,431.56043458055615,0.1807654799068514
7,p2_primary_USAGE_OF_POLISHING_TABLE_decreasing,True,0.9907194701383185,0.30960173478243214
7,p2_primary_USAGE_OF_POLISHING_TABLE_mean,False,0.5008923903757634,0.10576857841858492
7,p2_primary_USAGE_OF_POLISHING_TABLE_std,True,0.9688013216228594,0.38012274173918476
7,p2_primary_USAGE_OF_PRESSURIZED_SHEET_decreasing,True,26.33863988626863,0.3432510455483793
7,p2_primary_USAGE_OF_PRESSURIZED_SHEET_mean,True,70317.57654186033,-0.14978023341940142
7,p2_primary_USAGE_OF_PRESSURIZED_SHEET_std,True,469.27222520380684,-0.10020020464803955
7,p2_primary_WAFER_ROTATION_mean,False,0.929274017487711,-0.03220920994729118
7,p2_primary_duration,True,4.387517453940643,0.36271677223693277
7,p2_secondary_CENTER_AIR_BAG_PRESSURE_auc,False,0.10158589377593502,-0.03638582990061224
7,p2_secondary_CENTER_AIR_BAG_PRESSURE_mean,True,0.3292363824530854,0.20396627822296204
7,p2_secondary_CENTER_AIR_BAG_PRESSURE_std,True,1.944347979371919,-0.1767766952966369
7,p2_secondary_DRESSING_WATER_STATUS_auc,True,2.96500632020999,0.3639817637474335
7,p2_secondary_DRESSING_WATER_STATUS_mean,True,2.6903489492799197,0.062491515567252916
7,p2_secondary_DRESSING_WATER_STATUS_std,True,2.1192422067341123,-0.13349755031410573
7,p2_secondary_EDGE_AIR_BAG_PRESSURE_auc,True,1.9631059182872999,0.09981969372781406
7,p2_secondary_EDGE_AIR_BAG_PRESSURE_mean,True,1.9611483171749682,-0.19513140976489304
7,p2_secondary_EDGE_AIR_BAG_PRESSURE_std,False,0.4748815985940958,-0.10621378319633674
7,p2_secondary_HEAD_ROTATION_mean,True,1.6810571153357061,-0.4100886051363708
7,p2_secondary_MAIN_OUTER_AIR_BAG_PRESSURE_auc,False,0.9206027892311751,-0.37314120780461874
7,p2_secondary_MAIN_OUTER_AIR_BAG_PRESSURE_mean,False,1.0838690715694579,0.021077201257668928
7,p2_secondary_MAIN_OUTER_AIR_BAG_PRESSURE_std,False,0.2218767743594824,-0.013842038534743674
7,p2_secondary_PRESSURIZED_CHAMBER_PRESSURE_auc,False,0.9992484289242951,0.09546788137103512
7,p2_secondary_PRESSURIZED_CHAMBER_PRESSURE_mean,False,1.3276089290158362,-0.2036691599622196
7,p2_secondary_PRESSURIZED_CHAMBER_PRESSURE_std,True,1.8434493960372593,-0.1539422196676976
7,p2_secondary_RETAINER_RING_PRESSURE_auc,False,0.3092566734101646,-0.12993189181110215
7,p2_secondary_RETAINER_RING_PRESSURE_mean,True,1.7326027052115018,0.0378805423963924
7,p2_secondary_RETAINER_RING_PRESSURE_std,True,0.9762960173344366,0.16157333613918154
7,p2_secondary_RIPPLE_AIR_BAG_PRESSURE_auc,False,0.5317445684165454,-0.18674430691066007
7,p2_secondary_RIPPLE_AIR_BAG_PRESSURE_mean,True,0.5226805948033779,0.1895115556340333
7,p2_secondary_RIPPLE_AIR_BAG_PRESSURE_std,False,1.1206940749742762,0.1011923464040392
7,p2_secondary_SLURRY_FLOW_LINE_A_auc,True,2.164772001844596,0.10243986749447244
7,p2_secondary_SLURRY_FLOW_LINE_A_mean,True,2.8872163469315844,0.21383011354343479
7,p2_secondary_SLURRY_FLOW_LINE_A_std,True,0.8290259798371247,0.15984842440336572
7,p2_secondary_SLURRY_FLOW_LINE_B_auc,False,1.4010555153169473,0.047112350566506735
7,p2_secondary_SLURRY_FLOW_LINE_B_mean,False,1.412964856848145,-0.20556120350301246
7,p2_secondary_SLURRY_FLOW_LINE_B_std,False,0.26081713896948505,-0.16744507067002765
7,p2_secondary_SLURRY_FLOW_LINE_C_auc,False,0.17383782901284456,0.12919049204711133
7,p2_secondary_SLURRY_FLOW_LINE_C_mean,False,0.768183585395264,-0.012204962488985378
7,p2_secondary_SLURRY_FLOW_LINE_C_std,True,0.3571170307183992,0.4084946088971386
7,p2_secondary_STAGE_ROTATION_mean,False,0.8110579817283207,-0.025062167019808276
7,p2_secondary_USAGE_OF_BACKING_FILM_decreasing,False,1.4367359960302415,0.10209767099477962
7,p2_secondary_USAGE_OF_BACKING_FILM_mean,True,69873.67636215263,0.17677669529663687
7,p2_secondary_USAGE_OF_BACKING_FILM_std,True,9.549193795867884,0.09844291787707624
7,p2_secondary_USAGE_OF_DRESSER_TABLE_decreasing,True,2.6301567065074702,0.0
7,p2_secondary_USAGE_OF_DRESSER_TABLE_mean,True,60.92271039066736,0.21585252542348415
7,p2_secondary_USAGE_OF_DRESSER_TABLE_std,True,2.314191941737343,0.0
7,p2_secondary_USAGE_OF_DRESSER_decreasing,False,0.7891089859578421,0.0
7,p2_secondary_USAGE_OF_DRESSER_mean,True,263.3682287479525,0.40646615751982496
7,p2_secondary_USAGE_OF_DRESSER_std,False,0.5449844265350112,0.0
7,p2_secondary_USAGE_OF_MEMBRANE_decreasing,True,117.56866976853355,0.2614761496895283
7,p2_secondary_USAGE_OF_MEMBRANE_mean,True,336733.7235804401,0.16138742022272473
7,p2_secondary_USAGE_OF_MEMBRANE_std,True,321.14231234277895,-0.16367623293578668
7,p2_secondary_USAGE_OF_POLISHING_TABLE_decreasing,False,0.3812433470512255,0.0986482428076446
7,p2_secondary_USAGE_OF_POLISHING_TABLE_mean,True,0.541159662543881,0.3669588528249825
7,p2_secondary_USAGE_OF_POLISHING_TABLE_std,True,0.1798784696109148,0.21837497128800262
7,p2_secondary_USAGE_OF_PRESSURIZED_SHEET_decreasing,True,96.99806433047613,-0.23152044447429507
7,p2_secondary_USAGE_OF_PRESSURIZED_SHEET_mean,True,266935.1624660434,0.1185797504483541
7,p2_secondary_USAGE_OF_PRESSURIZED_SHEET_std,True,284.55801000543227,0.17677669529663667
7,p2_secondary_WAFER_ROTATION_mean,False,1.4711917730064152,-0.004827250200525479
7,p2_secondary_duration,True,1.7921556022110812,-0.16984527160826368
8,lag_1,True,6.482065494388724,1.0683672240733444
8,lag_2,True,0.47932159672340696,0.4266684492449313
8,lag_3,True,0.43159386214917994,0.436626847590197
8,lag_4,False,0.37194869412706766,-0.22050649504976036
8,lag_5,False,0.18427785875040026,-0.19736680090522965
8,lag_6,False,0.7442927461430195,-0.21463733712690305
8,lag_7,False,1.3012858730021857,0.13893078255651015
8,lag_8,True,1.1272487106833855,0.3104346277706096
8,lag_9,True,1.943188711911558,0.32865434077714256
8,lag_10,False,0.6780114528786557,-0.15964852998217932
8,lag_11,True,0.31910576503151916,0.20069826348151767
8,neighbor_1,True,3.731613316614138,0.8239980892079989
8,neighbor_2,True,1.8300050512027644,0.5181539050744479
8,neighbor_3,True,1.565999053384652,0.38841144867600497
8,neighbor_4,True,2.246755957898574,0.23546752202756288
8,neighbor_5,False,0.6119802692408363,0.032235785558560194
8,neighbor_6,True,2.2284006968368755,0.5260122443290413
8,neighbor_7,True,0.45319697465948466,0.36791634682885027
8,neighbor_8,False,0.2713394911292386,-0.09627950487184721
8,neighbor_9,True,3.1022079368530253,0.4390767783009345
8,neighbor_10,False,0.5776837251948795,-0.11397068276464536
8,p2_primary_CENTER_AIR_BAG_PRESSURE_auc,True,0.41275365284319915,0.7991947272721928
8,p2_primary_CENTER_AIR_BAG_PRESSURE_mean,False,0.4417988550081854,-0.08145643602257151
8,p2_primary_CENTER_AIR_BAG_PRESSURE_std,True,0.703132387423508,0.303637320671317
8,p2_primary_DRESSING_WATER_STATUS_auc,True,2.0893160785513754,0.3907803023363981
8,p2_primary_DRESSING_WATER_STATUS_mean,True,2.189392338162062,-0.058585886699970995
8,p2_primary_DRESSING_WATER_STATUS_std,True,0.61587295215727,0.15665032612675525
8,p2_primary_EDGE_AIR_BAG_PRESSURE_auc,True,1.3103366324226013,0.5001172240627261
8,p2_primary_EDGE_AIR_BAG_PRESSURE_mean,False,0.007214817363550702,0.014808566316295995
8,p2_primary_EDGE_AIR_BAG_PRESSURE_std,True,0.3785884233974338,0.5064057631330718
8,p2_primary_HEAD_ROTATION_mean,False,0.4067879736135314,0.0864190776950107
8,p2_primary_MAIN_OUTER_AIR_BAG_PRESSURE_auc,True,0.34422120780613935,0.6302564783800048
8,p2_primary_MAIN_OUTER_AIR_BAG_PRESSURE_mean,True,0.6380163407574361,0.338950466968466
8,p2_primary_MAIN_OUTER_AIR_BAG_PRESSURE_std,True,0.9331255843495315,0.3533809389287349
8,p2_primary_PRESSURIZED_CHAMBER_PRESSURE_auc,True,0.94336585792293,0.3314188379378457
8,p2_primary_PRESSURIZED_CHAMBER_PRESSURE_mean,False,1.2523026765496428,0.02739801741594658
8,p2_primary_PRESSURIZED_CHAMBER_PRESSURE_std,True,1.072093854620121,0.2936776803730508
8,p2_primary_RETAINER_RING_PRESSURE_auc,True,2.0376363630268823,0.30752695992108786
8,p2_primary_RETAINER_RING_PRESSURE_mean,False,0.10502096437580302,-0.16322929835207883
8,p2_primary_RETAINER_RING_PRESSURE_std,False,0.7540823444543457,-0.09208733337268675
8,p2_primary_RIPPLE_AIR_BAG_PRESSURE_auc,True,0.4934625921269967,0.8545123364656732
8,p2_primary_RIPPLE_AIR_BAG_PRESSURE_mean,True,0.6141180425966509,0.32441867227686094
8,p2_primary_RIPPLE_AIR_BAG_PRESSURE_std,True,2.6372548438940284,-0.11005671020377429
8,p2_primary_SLURRY_FLOW_LINE_A_auc,True,0.2828991768799374,0.5178743577628055
8,p2_primary_SLURRY_FLOW_LINE_A_mean,True,1.873010291802094,-0.015397302355964319
8,p2_primary_SLURRY_FLOW_LINE_A_std,True,2.6029915534191925,0.05527006176177902
8,p2_primary_SLURRY_FLOW_LINE_B_auc,False,0.9415437422402487,0.023738694201663094
8,p2_primary_SLURRY_FLOW_LINE_B_mean,True,1.2304575678678986,0.18417055233721122
8,p2_primary_SLURRY_FLOW_LINE_B_std,True,0.48382465725459667,0.24436552952877702
8,p2_primary_SLURRY_FLOW_LINE_C_auc,True,0.13898070801907222,0.607653557476846
8,p2_primary_SLURRY_FLOW_LINE_C_mean,True,1.709832270823373,0.23627482789243354
8,p2_primary_SLURRY_FLOW_LINE_C_std,False,0.4918334946605421,-0.048681929762169646
8,p2_primary_STAGE_ROTATION_mean,True,3.955076017835518,0.12787228299690215
8,p2_primary_USAGE_OF_BACKING_FILM_decreasing,True,2.8907364177856216,0.08486922008500251
8,p2_primary_USAGE_OF_BACKING_FILM_mean,True,952867.4898353305,0.008345099911632443
8,p2_primary_USAGE_OF_BACKING_FILM_std,True,11.591302592561496,0.26925037232407856
8,p2_primary_USAGE_OF_DRESSER_TABLE_decreasing,True,1.839400214057924,0.09030197777359233
8,p2_primary_USAGE_OF_DRESSER_TABLE_mean,True,1551.0913603575032,0.18094754950296554
8,p2_primary_USAGE_OF_DRESSER_TABLE_std,True,1.518286780061666,-0.09809049004529823
8,p2_primary_USAGE_OF_DRESSER_decreasing,False,0.19733056018724818,-0.18507382840961542
8,p2_primary_USAGE_OF_DRESSER_mean,True,35.24339925554218,0.3527209325500459
8,p2_primary_USAGE_OF_DRESSER_std,False,0.03571609855533484,0.1472324454760633
8,p2_primary_USAGE_OF_MEMBRANE_decreasing,True,3.459575383508091,0.2902500937628905
8,p2_primary_USAGE_OF_MEMBRANE_mean,True,596025.6493216077,0.208494332509516
8,p2_primary_USAGE_OF_MEMBRANE_std,True,47.71175789470322,0.02713163592509912
8,p2_primary_USAGE_OF_POLISHING_TABLE_decreasing,False,0.9049016006720247,0.04327459643426517
8,p2_primary_USAGE_OF_POLISHING_TABLE_mean,True,0.8738249928417388,0.23294142405920495
8,p2_primary_USAGE_OF_POLISHING_TABLE_std,True,0.8666737339246091,0.46903415640877427
8,p2_primary_USAGE_OF_PRESSURIZED_SHEET_decreasing,True,2.226545321132847,0.33223868812794455
8,p2_primary_USAGE_OF_PRESSURIZED_SHEET_mean,True,359399.6765561301,0.30207269782978224
8,p2_primary_USAGE_OF_PRESSURIZED_SHEET_std,True,36.154706825077746,0.23194153564887568
8,p2_primary_WAFER_ROTATION_mean,True,2.3391209584014696,0.4148156505680154
8,p2_primary_duration,True,4.1388825175251425,0.23526422364737798
8,p2_secondary_CENTER_AIR_BAG_PRESSURE_auc,False,0.7713369173484659,-0.1767766952966368
8,p2_secondary_CENTER_AIR_BAG_PRESSURE_mean,False,0.8611416259116681,-0.17996713552640226
8,p2_secondary_CENTER_AIR_BAG_PRESSURE_std,False,1.2613381924149096,-0.0177346897276319
8,p2_secondary_DRESSING_WATER_STATUS_auc,False,0.6891535459449173,0.10136106183827572
8,p2_secondary_DRESSING_WATER_STATUS_mean,False,0.7338572122719361,-0.05759864174828072
8,p2_secondary_DRESSING_WATER_STATUS_std,True,1.3480889670199507,0.49134264780926684
8,p2_secondary_EDGE_AIR_BAG_PRESSURE_auc,False,0.21422202367076806,0.062355705658325475
8,p2_secondary_EDGE_AIR_BAG_PRESSURE_mean,True,0.3678225459833266,0.34965079553115513
8,p2_secondary_EDGE_AIR_BAG_PRESSURE_std,True,0.7834471594014886,0.17677669529663675
8,p2_secondary_HEAD_ROTATION_mean,False,0.29867576517567906,-0.05199275813103456
8,p2_secondary_MAIN_OUTER_AIR_BAG_PRESSURE_auc,False,0.013453107704185214,0.06984014975504926
8,p2_secondary_MAIN_OUTER_AIR_BAG_PRESSURE_mean,False,0.13099943328274546,-0.008391826727387034
8,p2_secondary_MAIN_OUTER_AIR_BAG_PRESSURE_std,False,0.025470506441521146,0.12127727557719005
8,p2_secondary_PRESSURIZED_CHAMBER_PRESSURE_auc,False,1.4330561444004777,0.004483338780390653
8,p2_secondary_PRESSURIZED_CHAMBER_PRESSURE_mean,True,1.8845920014477586,0.08980849525079455
8,p2_secondary_PRESSURIZED_CHAMBER_PRESSURE_std,True,1.849040366453227,0.01064083049847372
8,p2_secondary_RETAINER_RING_PRESSURE_auc,True,1.2271850113397267,0.20047770733090572
8,p2_secondary_RETAINER_RING_PRESSURE_mean,True,0.7229718205271995,0.22226751074612786
8,p2_secondary_RETAINER_RING_PRESSURE_std,True,0.8147734748182656,0.33035929745936854
8,p2_secondary_RIPPLE_AIR_BAG_PRESSURE_auc,False,0.516277528336636,0.008966170135188212
8,p2_secondary_RIPPLE_AIR_BAG_PRESSURE_mean,False,0.5012851569388116,-0.2093715055222058
8,p2_secondary_RIPPLE_AIR_BAG_PRESSURE_std,False,0.7999224981217552,-0.25980943037560833
8,p2_secondary_SLURRY_FLOW_LINE_A_auc,True,0.6036725863403297,0.30008746562098293
8,p2_secondary_SLURRY_FLOW_LINE_A_mean,False,0.5267752792837309,-0.3254965231353618
8,p2_secondary_SLURRY_FLOW_LINE_A_std,True,0.5285114257178514,0.23912850250692072
8,p2_secondary_SLURRY_FLOW_LINE_B_auc,True,1.57820993242104,-0.16180002241745536
8,p2_secondary_SLURRY_FLOW_LINE_B_mean,True,1.545206365896263,0.050456980370850855
8,p2_secondary_SLURRY_FLOW_LINE_B_std,False,0.8519280569902976,-0.0008108670326794424
8,p2_secondary_SLURRY_FLOW_LINE_C_auc,False,0.23685162223160616,0.08007992236284427
8,p2_secondary_SLURRY_FLOW_LINE_C_mean,False,0.02059214766862444,0.07364067352508301
8,p2_secondary_SLURRY_FLOW_LINE_C_std,False,0.44147887425193133,-0.059238857290580656
8,p2_secondary_STAGE_ROTATION_mean,True,1.0105014497335807,0.3485775824360823
8,p2_secondary_USAGE_OF_BACKING_FILM_decreasing,True,15.243647006483593,-0.1327448840047586
8,p2_secondary_USAGE_OF_BACKING_FILM_mean,True,22424.574701502705,0.0
8,p2_secondary_USAGE_OF_BACKING_FILM_std,True,70.6911007195564,0.25401171168533426
8,p2_secondary_USAGE_OF_DRESSER_TABLE_decreasing,True,2.3086148950507632,0.0
8,p2_secondary_USAGE_OF_DRESSER_TABLE_mean,True,1604.888936339546,0.2538337001326277
8,p2_secondary_USAGE_OF_DRESSER_TABLE_std,True,2.1317586371225232,0.0
8,p2_secondary_USAGE_OF_DRESSER_decreasing,False,1.3011217342310681,0.0
8,p2_secondary_USAGE_OF_DRESSER_mean,True,35.30749626194393,0.33092030982318765
8,p2_secondary_USAGE_OF_DRESSER_std,False,1.0549422247166655,0.0
8,p2_secondary_USAGE_OF_MEMBRANE_decreasing,True,884.3065309958648,0.03684668878919898
8,p2_secondary_USAGE_OF_MEMBRANE_mean,True,2042256.7111930952,0.17677669529663687
8,p2_secondary_USAGE_OF_MEMBRANE_std,True,3309.363263745648,0.0
8,p2_secondary_USAGE_OF_POLISHING_TABLE_decreasing,True,0.44592620681095274,0.20113667850394334
8,p2_secondary_USAGE_OF_POLISHING_TABLE_mean,False,0.9290738319654279,0.012964644017944206
8,p2_secondary_USAGE_OF_POLISHING_TABLE_std,False,0.28354178289025433,0.11792328084894393
8,p2_secondary_USAGE_OF_PRESSURIZED_SHEET_decreasing,True,766.7135733143837,-0.16682872603277654
8,p2_secondary_USAGE_OF_PRESSURIZED_SHEET_mean,True,2065384.593910379,0.09504380338653873
8,p2_secondary_USAGE_OF_PRESSURIZED_SHEET_std,True,3025.907882038161,0.2513543755906716
8,p2_secondary_WAFER_ROTATION_mean,False,0.06625250962733838,0.11148298287429359
8,p2_secondary_duration,False,0.8046389111816208,-0.037461552135009124
9,lag_1,True,3.246049406862515,0.8432329755027259
9,lag_2,True,0.690895684123702,0.2606772209763899
9,lag_3,True,1.9208086310636545,0.374232694235616
9,lag_4,True,0.6296731450805977,0.28069170355220885
9,lag_5,True,1.5145642475206276,0.06051140736008266
9,lag_6,True,1.9032211411921576,-0.05204843525891363
9,lag_7,False,1.1463760966793748,-0.11372461520871854
9,lag_8,True,2.287254405173478,0.2677708841259981
9,lag_9,True,1.7799390647487923,0.018352412155380728
9,lag_10,True,1.997379278392808,0.12978677289461213
9,lag_11,False,0.13976479400730624,-0.28514681532627373
9,neighbor_1,True,7.35353798782484,1.1092642802344905
9,neighbor_2,True,1.5454936801681647,0.6580339821534771
9,neighbor_3,True,0.9559915262846592,0.5666174991214964
9,neighbor_4,False,0.7718363676983611,0.1303966661399727
9,neighbor_5,True,1.2096137547962416,0.3942493642831812
9,neighbor_6,True,1.6321769200189225,0.3644620958009341
9,neighbor_7,False,0.04709220353983523,-0.019683617605739973
9,neighbor_8,True,0.9914725503588955,0.2818305113341697
9,neighbor_9,True,2.9236615255863976,0.06123182554667791
9,neighbor_10,True,1.32576918058831,0.22856727294624848
9,p2_primary_CENTER_AIR_BAG_PRESSURE_auc,True,0.7754928883540345,0.8430961068076652
9,p2_primary_CENTER_AIR_BAG_PRESSURE_mean,True,0.36996379531705476,0.39242354628220766
9,p2_primary_CENTER_AIR_BAG_PRESSURE_std,True,1.9163431639022244,0.3557694422276497
9,p2_primary_DRESSING_WATER_STATUS_auc,False,0.4161643002346899,0.03377840792079327
9,p2_primary_DRESSING_WATER_STATUS_mean,True,0.5404819945131722,0.23367715041995057
9,p2_primary_DRESSING_WATER_STATUS_std,False,0.5207391141805581,0.008960626408833288
9,p2_primary_EDGE_AIR_BAG_PRESSURE_auc,True,2.5728140498440877,0.2435389048367018
9,p2_primary_EDGE_AIR_BAG_PRESSURE_mean,True,1.85396095496115,0.15406625300306687
9,p2_primary_EDGE_AIR_BAG_PRESSURE_std,True,0.82117000845803,0.2461394598699841
9,p2_primary_HEAD_ROTATION_mean,False,0.045412243493905095,-0.010145324881865517
9,p2_primary_MAIN_OUTER_AIR_BAG_PRESSURE_auc,True,1.4314697453540688,0.4664310797173386
9,p2_primary_MAIN_OUTER_AIR_BAG_PRESSURE_mean,True,0.5677185836647783,0.27320474315736476
9,p2_primary_MAIN_OUTER_AIR_BAG_PRESSURE_std,True,1.0507037597852225,0.36829962143622513
9,p2_primary_PRESSURIZED_CHAMBER_PRESSURE_auc,True,2.4010842485116304,0.3712047870017888
9,p2_primary_PRESSURIZED_CHAMBER_PRESSURE_mean,True,0.1330381622171705,0.20499781351070928
9,p2_primary_PRESSURIZED_CHAMBER_PRESSURE_std,True,1.663881910746225,0.21544347198962693
9,p2_primary_RETAINER_RING_PRESSURE_auc,True,1.6965947838865634,0.3241509315959282
9,p2_primary_RETAINER_RING_PRESSURE_mean,True,0.6817711640666881,0.26841712322267747
9,p2_primary_RETAINER_RING_PRESSURE_std,False,1.3177030333869038,0.0734391874763644
9,p2_primary_RIPPLE_AIR_BAG_PRESSURE_auc,True,0.5613277409115236,0.8013126025199111
9,p2_primary_RIPPLE_AIR_BAG_PRESSURE_mean,True,0.3065977301201002,0.4745221459716859
9,p2_primary_RIPPLE_AIR_BAG_PRESSURE_std,True,1.7442886912505473,0.4109570018516038
9,p2_primary_SLURRY_FLOW_LINE_A_auc,True,1.125824285659843,0.4822930022814481
9,p2_primary_SLURRY_FLOW_LINE_A_mean,True,0.4314980231426002,0.30836607317764186
9,p2_primary_SLURRY_FLOW_LINE_A_std,False,0.6653654472816689,-0.05208300860627862
9,p2_primary_SLURRY_FLOW_LINE_B_auc,True,0.7284460743574963,0.1830470684701319
9,p2_primary_SLURRY_FLOW_LINE_B_mean,False,0.30601364807697395,-0.04820901335638627
9,p2_primary_SLURRY_FLOW_LINE_B_std,False,0.6080904616368744,-0.23560464836258965
9,p2_primary_SLURRY_FLOW_LINE_C_auc,True,0.9903761060049904,0.5712397972835784
9,p2_primary_SLURRY_FLOW_LINE_C_mean,True,0.924634988742046,0.42225705632980826
9,p2_primary_SLURRY_FLOW_LINE_C_std,True,1.851445682857464,0.04756538280747854
9,p2_primary_STAGE_ROTATION_mean,True,2.5875429300414914,-0.16064295904143877
9,p2_primary_USAGE_OF_BACKING_FILM_decreasing,True,12.51323387707922,0.09702383679555766
9,p2_primary_USAGE_OF_BACKING_FILM_mean,True,665153.643140164,0.2180482620423724
9,p2_primary_USAGE_OF_BACKING_FILM_std,True,27.737123095268416,0.1858781232994107
9,p2_primary_USAGE_OF_DRESSER_TABLE_decreasing,False,0.6135221631066132,-0.016688122583386228
9,p2_primary_USAGE_OF_DRESSER_TABLE_mean,True,242.05525056564224,0.28283341297891434
9,p2_primary_USAGE_OF_DRESSER_TABLE_std,False,0.4801241510508709,-0.006878359955299135
9,p2_primary_USAGE_OF_DRESSER_decreasing,False,0.9094473910192672,-0.0746258005155243
9,p2_primary_USAGE_OF_DRESSER_mean,True,103.17324572547497,0.4289219786188875
9,p2_primary_USAGE_OF_DRESSER_std,True,0.9286655838914661,0.2473994929157041
9,p2_primary_USAGE_OF_MEMBRANE_decreasing,True,41.54146718738144,-0.31953141101742066
9,p2_primary_USAGE_OF_MEMBRANE_mean,True,606513.1440191263,0.20706535260428244
9,p2_primary_USAGE_OF_MEMBRANE_std,True,69.81408160916187,0.2824196387935816
9,p2_primary_USAGE_OF_POLISHING_TABLE_decreasing,False,0.8132368755480062,-0.21586182483981975
9,p2_primary_USAGE_OF_POLISHING_TABLE_mean,False,1.3577172408479303,0.07774312501546002
9,p2_primary_USAGE_OF_POLISHING_TABLE_std,True,0.7150460393925933,0.197980484434089
9,p2_primary_USAGE_OF_PRESSURIZED_SHEET_decreasing,True,52.13957235588944,0.11228899593245839
9,p2_primary_USAGE_OF_PRESSURIZED_SHEET_mean,True,56080.275050402546,-0.23621088606850738
9,p2_primary_USAGE_OF_PRESSURIZED_SHEET_std,True,91.37442903883601,0.39949728700122406
9,p2_primary_WAFER_ROTATION_mean,False,0.4078953114099903,0.04740524257351719
9,p2_primary_duration,True,0.19019154725625098,0.26044099661495723
9,p2_secondary_CENTER_AIR_BAG_PRESSURE_auc,False,0.4256610108058729,-0.1575184838613731
9,p2_secondary_CENTER_AIR_BAG_PRESSURE_mean,False,0.47829163802328845,0.032538816469224664
9,p2_secondary_CENTER_AIR_BAG_PRESSURE_std,False,1.256363131276783,-0.21627706598827626
9,p2_secondary_DRESSING_WATER_STATUS_auc,False,0.10624984782990063,0.11261291740820457
9,p2_secondary_DRESSING_WATER_STATUS_mean,True,0.06099741215271875,0.19051665075407442
9,p2_secondary_DRESSING_WATER_STATUS_std,True,1.3684288216150338,0.25917367732914837
9,p2_secondary_EDGE_AIR_BAG_PRESSURE_auc,False,0.5360278753241339,0.03397595716784994
9,p2_secondary_EDGE_AIR_BAG_PRESSURE_mean,False,0.5111840158361786,-0.03377119136028466
9,p2_secondary_EDGE_AIR_BAG_PRESSURE_std,False,0.33704474472807366,-0.24524122412854035
9,p2_secondary_HEAD_ROTATION_mean,True,0.4208937051398373,0.2877626066639716
9,p2_secondary_MAIN_OUTER_AIR_BAG_PRESSURE_auc,False,0.3725758604856954,0.06452972618204429
9,p2_secondary_MAIN_OUTER_AIR_BAG_PRESSURE_mean,True,0.3862415865221655,0.15242646228714427
9,p2_secondary_MAIN_OUTER_AIR_BAG_PRESSURE_std,False,0.6604932825962685,0.1088390453688998
9,p2_secondary_PRESSURIZED_CHAMBER_PRESSURE_auc,False,0.612224479352915,0.09080028826894755
9,p2_secondary_PRESSURIZED_CHAMBER_PRESSURE_mean,True,1.0324956395646505,0.275796884958893
9,p2_secondary_PRESSURIZED_CHAMBER_PRESSURE_std,True,2.062844163379148,0.3563292923866746
9,p2_secondary_RETAINER_RING_PRESSURE_auc,True,1.8372328678646423,0.20160401319588775
9,p2_secondary_RETAINER_RING_PRESSURE_mean,False,0.5358092073178099,-0.005355995723385544
9,p2_secondary_RETAINER_RING_PRESSURE_std,False,0.4496814616375206,0.09891983182396168
9,p2_secondary_RIPPLE_AIR_BAG_PRESSURE_auc,False,0.5685081895098931,0.14073893842737165
9,p2_secondary_RIPPLE_AIR_BAG_PRESSURE_mean,False,0.6015458904128584,0.033631913216888853
9,p2_secondary_RIPPLE_AIR_BAG_PRESSURE_std,False,0.9730003330491036,-0.032160424669089006
9,p2_secondary_SLURRY_FLOW_LINE_A_auc,True,1.587717639127939,0.1694783083772164
9,p2_secondary_SLURRY_FLOW_LINE_A_mean,True,1.9618232617070426,0.09625825386628771
9,p2_secondary_SLURRY_FLOW_LINE_A_std,False,0.8810033897516503,-0.056637254656263646
9,p2_secondary_SLURRY_FLOW_LINE_B_auc,True,1.9173986302644126,0.12887514656632154
9,p2_secondary_SLURRY_FLOW_LINE_B_mean,True,1.9531577301766847,0.294910635713192
9,p2_secondary_SLURRY_FLOW_LINE_B_std,False,0.33047165268414863,-0.3206410047571472
9,p2_secondary_SLURRY_FLOW_LINE_C_auc,True,1.2271460589078835,0.2271762097959433
9,p2_secondary_SLURRY_FLOW_LINE_C_mean,False,0.9371058748601718,-0.014548530919713436
9,p2_secondary_SLURRY_FLOW_LINE_C_std,True,0.1916482538375276,0.15646143058578446
9,p2_secondary_STAGE_ROTATION_mean,True,2.7074947335633675,0.10071926437917823
9,p2_secondary_USAGE_OF_BACKING_FILM_decreasing,True,8.719922215972378,0.35621859292617664
9,p2_secondary_USAGE_OF_BACKING_FILM_mean,True,369269.6236971865,0.020152230433260827
9,p2_secondary_USAGE_OF_BACKING_FILM_std,True,38.14740291014678,-0.02285255726745763
9,p2_secondary_USAGE_OF_DRESSER_TABLE_decreasing,True,1.9133674939985736,0.0
9,p2_secondary_USAGE_OF_DRESSER_TABLE_mean,True,245.56071604428084,0.05678368525373141
9,p2_secondary_USAGE_OF_DRESSER_TABLE_std,False,1.3794698487174284,0.0
9,p2_secondary_USAGE_OF_DRESSER_decreasing,False,1.1084459283703048,0.0
9,p2_secondary_USAGE_OF_DRESSER_mean,True,102.97194214202533,0.16266984166357026
9,p2_secondary_USAGE_OF_DRESSER_std,False,0.9710109170236443,0.0
9,p2_secondary_USAGE_OF_MEMBRANE_decreasing,True,1980.6108357729186,-0.23673506858502114
9,p2_secondary_USAGE_OF_MEMBRANE_mean,True,212446.30045724535,0.2092711439766442
9,p2_secondary_USAGE_OF_MEMBRANE_std,True,7644.167545030669,0.03546163750854786
9,p2_secondary_USAGE_OF_POLISHING_TABLE_decreasing,False,0.5139085501345427,0.07282310154944688
9,p2_secondary_USAGE_OF_POLISHING_TABLE_mean,True,1.4017783263672559,0.4614221193404011
9,p2_secondary_USAGE_OF_POLISHING_TABLE_std,True,0.2912060380528314,0.299427922017468
9,p2_secondary_USAGE_OF_PRESSURIZED_SHEET_decreasing,True,1990.275603848384,0.34764017554173393
9,p2_secondary_USAGE_OF_PRESSURIZED_SHEET_mean,True,158803.9758678183,0.19105632857253937
9,p2_secondary_USAGE_OF_PRESSURIZED_SHEET_std,True,7686.884673771125,-0.06156668743954605
9,p2_secondary_WAFER_ROTATION_mean,False,1.0001136182784625,0.11942716600858501
9,p2_secondary_duration,True,0.2712295587096607,0.29258821096534876
10,lag_1,True,5.229547118526693,1.2695455609001864
10,lag_2,True,0.4006300889386502,0.3606640980580081
10,lag_3,True,0.30740767192453405,0.3307040232949337
10,lag_4,True,0.7241482478667491,0.42039928741670857
10,lag_5,False,0.6167925916086386,-0.06522217570351017
10,lag_6,True,1.0438052953282861,0.20741285162262485
10,lag_7,True,1.1968648386780265,0.27886794992795305
10,lag_8,False,1.0040001316357867,0.13715150184276076
10,lag_9,True,0.34590674320950787,0.4406264454322555
10,lag_10,True,0.802378972253241,0.20842880064223854
10,lag_11,True,1.3103617655519575,0.2882384755596546
10,neighbor_1,True,6.33888185175889,1.1923047191362066
10,neighbor_2,True,1.122262793963303,0.5820304402826932
10,neighbor_3,True,2.5079006972765336,0.45123268565508495
10,neighbor_4,True,2.3235495041474454,0.396020346560614
10,neighbor_5,True,0.7800617684587773,0.37769005737964784
10,neighbor_6,True,0.7743172892046001,0.42214117344172547
10,neighbor_7,False,0.1306844339278013,0.1203957235215813
10,neighbor_8,True,2.0395248090182037,0.12169688260887454
10,neighbor_9,True,0.19616836102188298,0.3720107011074296
10,neighbor_10,True,1.8527132268916364,-0.15806146207586594
10,p2_primary_CENTER_AIR_BAG_PRESSURE_auc,True,0.49137187654259185,0.9364981796498809
10,p2_primary_CENTER_AIR_BAG_PRESSURE_mean,True,0.6098480409986609,0.18403591674575054
10,p2_primary_CENTER_AIR_BAG_PRESSURE_std,True,0.9341868186743416,0.3028381500647903
10,p2_primary_DRESSING_WATER_STATUS_auc,True,2.304054434220798,0.15534551342209243
10,p2_primary_DRESSING_WATER_STATUS_mean,True,2.1779197392557963,0.32596651071097077
10,p2_primary_DRESSING_WATER_STATUS_std,False,0.46551721149540354,-0.15040704144307818
10,p2_primary_EDGE_AIR_BAG_PRESSURE_auc,True,2.012722259033461,0.3428250520001056
10,p2_primary_EDGE_AIR_BAG_PRESSURE_mean,True,0.7354674386193476,0.3614616867741191
10,p2_primary_EDGE_AIR_BAG_PRESSURE_std,True,0.09269529315482027,0.568238506734171
10,p2_primary_HEAD_ROTATION_mean,False,0.6993442980397933,-0.1907950642163767
10,p2_primary_MAIN_OUTER_AIR_BAG_PRESSURE_auc,True,0.5287678763602301,0.36010577188113907
10,p2_primary_MAIN_OUTER_AIR_BAG_PRESSURE_mean,True,0.3641432054070371,0.18270197247691428
10,p2_primary_MAIN_OUTER_AIR_BAG_PRESSURE_std,True,0.7016684749879302,0.3127734354118097
10,p2_primary_PRESSURIZED_CHAMBER_PRESSURE_auc,True,0.8142302888123535,0.5546547259722796
10,p2_primary_PRESSURIZED_CHAMBER_PRESSURE_mean,True,1.4214150894078081,0.5051221608971802
10,p2_primary_PRESSURIZED_CHAMBER_PRESSURE_std,True,2.0455587641404125,0.36279737160043013
10,p2_primary_RETAINER_RING_PRESSURE_auc,True,2.793986273633184,0.4423581332863814
10,p2_primary_RETAINER_RING_PRESSURE_mean,False,0.22940320424696084,-0.1151168855456226
10,p2_primary_RETAINER_RING_PRESSURE_std,False,1.2640435768782827,-0.018581415040043715
10,p2_primary_RIPPLE_AIR_BAG_PRESSURE_auc,True,0.35870578948517173,0.6270405414831144
10,p2_primary_RIPPLE_AIR_BAG_PRESSURE_mean,False,0.6570686848271488,0.13434100827437834
10,p2_primary_RIPPLE_AIR_BAG_PRESSURE_std,True,2.758048891912714,0.03538268567867472
10,p2_primary_SLURRY_FLOW_LINE_A_auc,True,0.7074990042857051,0.31946111336749117
10,p2_primary_SLURRY_FLOW_LINE_A_mean,False,0.4307778564347443,0.14371955705411046
10,p2_primary_SLURRY_FLOW_LINE_A_std,False,0.5195614927235633,-0.06648050636827062
10,p2_primary_SLURRY_FLOW_LINE_B_auc,False,0.8936817864392989,0.14888818675675392
10,p2_primary_SLURRY_FLOW_LINE_B_mean,True,0.19593399503364384,0.21480675393738802
10,p2_primary_SLURRY_FLOW_LINE_B_std,False,0.2896509266025022,0.11213599677499977
10,p2_primary_SLURRY_FLOW_LINE_C_auc,True,0.01314955876771983,0.5042275241748607
10,p2_primary_SLURRY_FLOW_LINE_C_mean,True,1.9908012345875514,0.6158629647363274
10,p2_primary_SLURRY_FLOW_LINE_C_std,True,2.0382119515469004,0.4625756336361411
10,p2_primary_STAGE_ROTATION_mean,True,3.455279291206468,0.20224634509207898
10,p2_primary_USAGE_OF_BACKING_FILM_decreasing,True,20.87038547273526,0.2702261030331306
10,p2_primary_USAGE_OF_BACKING_FILM_mean,True,5270517.301522657,0.14473594664676354
10,p2_primary_USAGE_OF_BACKING_FILM_std,True,30.277045041609057,0.34923960429706496
10,p2_primary_USAGE_OF_DRESSER_TABLE_decreasing,False,0.8578082594989067,-0.20376658378567908
10,p2_primary_USAGE_OF_DRESSER_TABLE_mean,True,6641.763076903031,0.2183468836230063
10,p2_primary_USAGE_OF_DRESSER_TABLE_std,True,1.0801137500928009,0.15688582711074522
10,p2_primary_USAGE_OF_DRESSER_decreasing,False,0.13641106899371475,-0.033965998930773594
10,p2_primary_USAGE_OF_DRESSER_mean,True,14.968848243744683,0.3025956619536385
10,p2_primary_USAGE_OF_DRESSER_std,True,0.22344548259120134,0.21439783348641378
10,p2_primary_USAGE_OF_MEMBRANE_decreasing,True,41.20832102576963,0.1285892953526093
10,p2_primary_USAGE_OF_MEMBRANE_mean,True,5892050.619697385,-0.18649703374837873
10,p2_primary_USAGE_OF_MEMBRANE_std,True,50.343419773782216,-0.00851328444294873
10,p2_primary_USAGE_OF_POLISHING_TABLE_decreasing,True,0.7359972142756404,0.3060546987072597
10,p2_primary_USAGE_OF_POLISHING_TABLE_mean,True,1.179888066394867,0.3423018444524343
10,p2_primary_USAGE_OF_POLISHING_TABLE_std,True,0.759017674133398,0.3076146878690804
10,p2_primary_USAGE_OF_PRESSURIZED_SHEET_decreasing,True,63.005953179873295,0.0548991866793958
10,p2_primary_USAGE_OF_PRESSURIZED_SHEET_mean,True,591679.1693468479,0.13399569750951018
10,p2_primary_USAGE_OF_PRESSURIZED_SHEET_std,True,79.03635331380254,0.18567468023790532
10,p2_primary_WAFER_ROTATION_mean,True,0.4848988778854257,0.19293514638266684
10,p2_primary_duration,True,0.19777264241407735,0.3287711142291041
10,p2_secondary_CENTER_AIR_BAG_PRESSURE_auc,True,0.005290371296064559,0.2296939824493684
10,p2_secondary_CENTER_AIR_BAG_PRESSURE_mean,True,0.05723839812119993,0.2452539293402423
10,p2_secondary_CENTER_AIR_BAG_PRESSURE_std,False,0.4447066572996887,-0.05159160763306455
10,p2_secondary_DRESSING_WATER_STATUS_auc,False,0.5511829178476306,0.06843754245101036
10,p2_secondary_DRESSING_WATER_STATUS_mean,False,0.47478915221777046,-0.13194341848058094
10,p2_secondary_DRESSING_WATER_STATUS_std,False,1.3635409100687612,-0.24330028706595713
10,p2_secondary_EDGE_AIR_BAG_PRESSURE_auc,False,0.44683466865584076,0.014435579574199147
10,p2_secondary_EDGE_AIR_BAG_PRESSURE_mean,True,0.26882697264737226,0.24588202306620022
10,p2_secondary_EDGE_AIR_BAG_PRESSURE_std,True,0.04030168667427907,0.20468139274927138
10,p2_secondary_HEAD_ROTATION_mean,True,1.5680216419600153,-0.08620852175253894
10,p2_secondary_MAIN_OUTER_AIR_BAG_PRESSURE_auc,False,1.0038325857676325,0.0738195319328353
10,p2_secondary_MAIN_OUTER_AIR_BAG_PRESSURE_mean,True,0.9908804289498471,0.2656385180052073
10,p2_secondary_MAIN_OUTER_AIR_BAG_PRESSURE_std,False,0.8962671179956546,-0.011895659757495623
10,p2_secondary_PRESSURIZED_CHAMBER_PRESSURE_auc,True,2.3051446718461746,0.30450377854835914
10,p2_secondary_PRESSURIZED_CHAMBER_PRESSURE_mean,True,2.601208515818355,0.3705177560205021
10,p2_secondary_PRESSURIZED_CHAMBER_PRESSURE_std,True,1.766332092240391,0.353370205261197
10,p2_secondary_RETAINER_RING_PRESSURE_auc,False,0.12333140902842925,-0.02173092791182773
10,p2_secondary_RETAINER_RING_PRESSURE_mean,False,0.8616976693732219,-0.07011972530046118
10,p2_secondary_RETAINER_RING_PRESSURE_std,True,0.4781053174669706,0.20781634301594878
10,p2_secondary_RIPPLE_AIR_BAG_PRESSURE_auc,False,0.7426901471827051,-0.14852489095243313
10,p2_secondary_RIPPLE_AIR_BAG_PRESSURE_mean,True,0.7112357288278767,0.17461714528100059
10,p2_secondary_RIPPLE_AIR_BAG_PRESSURE_std,True,0.6235139344357102,0.2355178541976481
10,p2_secondary_SLURRY_FLOW_LINE_A_auc,True,1.1916286712325281,0.17880196147464147
10,p2_secondary_SLURRY_FLOW_LINE_A_mean,True,1.5295519778688662,-0.08148645931188925
10,p2_secondary_SLURRY_FLOW_LINE_A_std,False,0.026667316868541565,0.08583902535927969
10,p2_secondary_SLURRY_FLOW_LINE_B_auc,True,1.872715469626986,0.2035575784960023
10,p2_secondary_SLURRY_FLOW_LINE_B_mean,True,1.8521786366981947,-0.14790821071805282
10,p2_secondary_SLURRY_FLOW_LINE_B_std,False,0.40997710667221027,-0.13848532378427103
10,p2_secondary_SLURRY_FLOW_LINE_C_auc,True,2.444489565061744,-0.3368846180937423
10,p2_secondary_SLURRY_FLOW_LINE_C_mean,True,1.9489318617791094,-0.13272077602348456
10,p2_secondary_SLURRY_FLOW_LINE_C_std,False,0.38509815854809326,-0.16613490132263506
10,p2_secondary_STAGE_ROTATION_mean,True,1.6752119113285038,-0.28683286435111205
10,p2_secondary_USAGE_OF_BACKING_FILM_decreasing,True,14.422983204542508,-0.12844992310314524
10,p2_secondary_USAGE_OF_BACKING_FILM_mean,True,1055436.9694045857,-0.11338882396377578
10,p2_secondary_USAGE_OF_BACKING_FILM_std,True,62.94392911086665,0.18508175873181437
10,p2_secondary_USAGE_OF_DRESSER_TABLE_decreasing,False,1.1393967955305955,0.0
10,p2_secondary_USAGE_OF_DRESSER_TABLE_mean,True,6632.998005483147,0.2585487255514478
10,p2_secondary_USAGE_OF_DRESSER_TABLE_std,False,1.1416345394529233,0.0
10,p2_secondary_USAGE_OF_DRESSER_decreasing,False,1.2559754328628314,0.0
10,p2_secondary_USAGE_OF_DRESSER_mean,True,15.543911601940458,0.33852033455030794
10,p2_secondary_USAGE_OF_DRESSER_std,False,1.267589433644992,0.0
10,p2_secondary_USAGE_OF_MEMBRANE_decreasing,True,366.416535633405,0.1767766952966369
10,p2_secondary_USAGE_OF_MEMBRANE_mean,True,11892763.491330896,-0.13634390797735804
10,p2_secondary_USAGE_OF_MEMBRANE_std,True,1316.7172903531168,0.07914852838954954
10,p2_secondary_USAGE_OF_POLISHING_TABLE_decreasing,True,1.5665704667913851,-0.1426676731925889
10,p2_secondary_USAGE_OF_POLISHING_TABLE_mean,True,1.2346390904687983,0.44308908362062843
10,p2_secondary_USAGE_OF_POLISHING_TABLE_std,False,1.21253060488087,0.020842208445427873
10,p2_secondary_USAGE_OF_PRESSURIZED_SHEET_decreasing,True,383.84538601595443,0.0032746478796707307
10,p2_secondary_USAGE_OF_PRESSURIZED_SHEET_mean,True,13013995.367945729,-0.07793940895075055
10,p2_secondary_USAGE_OF_PRESSURIZED_SHEET_std,True,1400.0085229855958,0.17677669529663687
10,p2_secondary_WAFER_ROTATION_mean,False,0.6962514324017145,-0.4704755346858354
10,p2_secondary_duration,False,0.30733941702568046,-0.0015797516309127145
11,lag_1,True,4.49298283775509,0.6799529280030939
11,lag_2,True,0.6680891697840274,0.37659374267051887
11,lag_3,False,0.7659533112428523,-0.007283739218872555
11,lag_4,True,1.531660062622836,0.15893237173394228
11,lag_5,False,0.2679786040718787,-0.04788176146924893
11,lag_6,True,1.4475724863731072,0.42569671447911006
11,lag_7,False,0.3243388472133895,0.12878181389286633
11,lag_8,True,0.41466826491103437,0.22720008488938187
11,lag_9,True,0.5226965719322958,0.2884824992783492
11,lag_10,False,1.4011491813133539,0.08582841935875701
11,lag_11,True,3.282967340965914,0.05264547635989576
11,neighbor_1,True,7.250143092013891,0.8854717736269662
11,neighbor_2,True,0.8324494996295797,0.21425591727845827
11,neighbor_3,True,2.2553815584135943,0.44701905706301875
11,neighbor_4,True,1.3854576176967326,0.38722371126185084
11,neighbor_5,False,0.1335213514494933,0.11486722378295039
11,neighbor_6,True,0.393586896451738,0.4588032814879553
11,neighbor_7,True,0.3163394923062032,0.24354693547022746
11,neighbor_8,False,0.3211415214806275,-0.2724604800990308
11,neighbor_9,True,0.9818453205310251,0.34472303729319126
11,neighbor_10,False,1.1517913125866888,0.03837643295951592
11,p2_primary_CENTER_AIR_BAG_PRESSURE_auc,True,0.8634352244332314,0.6372088521166459
11,p2_primary_CENTER_AIR_BAG_PRESSURE_mean,True,1.0430452065766496,0.32918433053974533
11,p2_primary_CENTER_AIR_BAG_PRESSURE_std,False,1.0867422363812318,0.05909084341202887
11,p2_primary_DRESSING_WATER_STATUS_auc,False,0.36336179930775997,-0.015093178116872594
11,p2_primary_DRESSING_WATER_STATUS_mean,True,0.16807501480363024,0.23353456416665272
11,p2_primary_DRESSING_WATER_STATUS_std,False,0.21320106964511848,0.01920585574165843
11,p2_primary_EDGE_AIR_BAG_PRESSURE_auc,True,2.543460544123733,-0.5030296433157209
11,p2_primary_EDGE_AIR_BAG_PRESSURE_mean,True,1.9950423189543505,0.16865350297210538
11,p2_primary_EDGE_AIR_BAG_PRESSURE_std,True,0.3797341863238166,0.4414900860486437
11,p2_primary_HEAD_ROTATION_mean,False,1.0989296053677124,0.1058540732667466
11,p2_primary_MAIN_OUTER_AIR_BAG_PRESSURE_auc,True,0.21798953755483078,0.6732657699366579
11,p2_primary_MAIN_OUTER_AIR_BAG_PRESSURE_mean,False,0.7470902015529304,-0.03184388107412062
11,p2_primary_MAIN_OUTER_AIR_BAG_PRESSURE_std,True,0.8157547891827402,0.24902414202740272
11,p2_primary_PRESSURIZED_CHAMBER_PRESSURE_auc,True,2.4105528758392625,0.6682405555239781
11,p2_primary_PRESSURIZED_CHAMBER_PRESSURE_mean,True,0.15667231849892174,0.2339939264703959
11,p2_primary_PRESSURIZED_CHAMBER_PRESSURE_std,True,1.186384415654467,0.449722177707204
11,p2_primary_RETAINER_RING_PRESSURE_auc,False,0.5044213712253537,0.1310291597916464
11,p2_primary_RETAINER_RING_PRESSURE_mean,False,1.4308975970653315,-0.08193009279950526
11,p2_primary_RETAINER_RING_PRESSURE_std,True,1.6907811520505578,-0.023905529011928515
11,p2_primary_RIPPLE_AIR_BAG_PRESSURE_auc,True,0.5023883515063774,1.0571004384617058
11,p2_primary_RIPPLE_AIR_BAG_PRESSURE_mean,True,0.3384303673600955,0.37854184696038634
11,p2_primary_RIPPLE_AIR_BAG_PRESSURE_std,True,0.685715073129975,0.3052189913515839
11,p2_primary_SLURRY_FLOW_LINE_A_auc,True,1.9063850576847026,0.5028595144723446
11,p2_primary_SLURRY_FLOW_LINE_A_mean,True,0.5932155760765375,0.31217901336242
11,p2_primary_SLURRY_FLOW_LINE_A_std,True,1.5822419887236816,0.03893471411826459
11,p2_primary_SLURRY_FLOW_LINE_B_auc,True,1.0734701924225505,0.23432462418723274
11,p2_primary_SLURRY_FLOW_LINE_B_mean,False,0.058350670177611766,-0.024955022352311736
11,p2_primary_SLURRY_FLOW_LINE_B_std,True,0.27615751556002655,0.30593671258686117
11,p2_primary_SLURRY_FLOW_LINE_C_auc,True,0.3683221308471205,0.4409331538938335
11,p2_primary_SLURRY_FLOW_LINE_C_mean,True,1.9034917333005255,0.31041772553979025
11,p2_primary_SLURRY_FLOW_LINE_C_std,False,1.1332155213896962,0.06927372176412222
11,p2_primary_STAGE_ROTATION_mean,True,3.186648918356037,0.23985366760737092
11,p2_primary_USAGE_OF_BACKING_FILM_decreasing,True,22.127133301378194,0.010996509626849999
11,p2_primary_USAGE_OF_BACKING_FILM_mean,True,1833620.2528773989,-0.3004675557412566
11,p2_primary_USAGE_OF_BACKING_FILM_std,True,34.03255978427057,0.239155278630561
11,p2_primary_USAGE_OF_DRESSER_TABLE_decreasing,False,0.5972492542165596,-0.14064809215356888
11,p2_primary_USAGE_OF_DRESSER_TABLE_mean,True,59.93036620803204,0.15233953144282142
11,p2_primary_USAGE_OF_DRESSER_TABLE_std,False,0.918729652338319,-0.11628114896348933
11,p2_primary_USAGE_OF_DRESSER_decreasing,True,0.967055299715305,0.1926731804277928
11,p2_primary_USAGE_OF_DRESSER_mean,True,35.74128434957374,0.15242824044612907
11,p2_primary_USAGE_OF_DRESSER_std,False,0.7294741574271899,-0.1356043544248496
11,p2_primary_USAGE_OF_MEMBRANE_decreasing,True,6.842804299472596,0.10538883384837146
11,p2_primary_USAGE_OF_MEMBRANE_mean,True,1232961.9431554312,-0.20292920511352538
11,p2_primary_USAGE_OF_MEMBRANE_std,True,12.508022594011825,0.09073056914927584
11,p2_primary_USAGE_OF_POLISHING_TABLE_decreasing,False,0.1535045015713481,-0.23169413992070428
11,p2_primary_USAGE_OF_POLISHING_TABLE_mean,True,1.4414232848311401,0.2702449106762538
11,p2_primary_USAGE_OF_POLISHING_TABLE_std,True,0.19036762964226878,0.37302622150644715
11,p2_primary_USAGE_OF_PRESSURIZED_SHEET_decreasing,True,4.442060417221103,0.26124782379606554
11,p2_primary_USAGE_OF_PRESSURIZED_SHEET_mean,True,3076550.405831584,0.32915396766944927
11,p2_primary_USAGE_OF_PRESSURIZED_SHEET_std,True,3.8373448136836856,0.08700158452671897
11,p2_primary_WAFER_ROTATION_mean,False,0.9181692107946953,-0.1416905830257258
11,p2_primary_duration,True,0.12625692545343445,0.2861120173377385
11,p2_secondary_CENTER_AIR_BAG_PRESSURE_auc,True,0.015705271199845782,0.15887917709218197
11,p2_secondary_CENTER_AIR_BAG_PRESSURE_mean,False,0.030580601232163836,0.14271828719602728
11,p2_secondary_CENTER_AIR_BAG_PRESSURE_std,False,0.7807416577501035,-0.14000275629067135
11,p2_secondary_DRESSING_WATER_STATUS_auc,True,0.7184702000639197,0.25460448858334944
11,p2_secondary_DRESSING_WATER_STATUS_mean,False,0.6338835081783981,0.04114308835203678
11,p2_secondary_DRESSING_WATER_STATUS_std,True,1.8386150959433039,-0.010916316073807025
11,p2_secondary_EDGE_AIR_BAG_PRESSURE_auc,False,0.41994401423152505,-0.3194502135983796
11,p2_secondary_EDGE_AIR_BAG_PRESSURE_mean,False,0.5319866632096133,0.07151286640635907
11,p2_secondary_EDGE_AIR_BAG_PRESSURE_std,False,0.25348111411960506,-0.21262628936531539
11,p2_secondary_HEAD_ROTATION_mean,False,0.9861933663707646,-0.1243719859503784
11,p2_secondary_MAIN_OUTER_AIR_BAG_PRESSURE_auc,True,1.5598577785888832,-0.04061032602173002
11,p2_secondary_MAIN_OUTER_AIR_BAG_PRESSURE_mean,True,1.5579187940377872,0.027375467867743215
11,p2_secondary_MAIN_OUTER_AIR_BAG_PRESSURE_std,False,0.36675437489128665,0.1325315410070857
11,p2_secondary_PRESSURIZED_CHAMBER_PRESSURE_auc,False,0.4831195786139804,0.01626334742257921
11,p2_secondary_PRESSURIZED_CHAMBER_PRESSURE_mean,False,0.6526326820123199,-0.11626029139516808
11,p2_secondary_PRESSURIZED_CHAMBER_PRESSURE_std,False,0.844953942881104,-0.15233719693468098
11,p2_secondary_RETAINER_RING_PRESSURE_auc,False,0.6737458360546688,0.11217383673678344
11,p2_secondary_RETAINER_RING_PRESSURE_mean,False,0.7270615812469226,0.0499153494811427
11,p2_secondary_RETAINER_RING_PRESSURE_std,True,0.772834034915855,0.36468714227134874
11,p2_secondary_RIPPLE_AIR_BAG_PRESSURE_auc,True,1.769344589290951,0.1724109315946918
11,p2_secondary_RIPPLE_AIR_BAG_PRESSURE_mean,True,1.7272206199896185,0.010087553870614604
11,p2_secondary_RIPPLE_AIR_BAG_PRESSURE_std,False,0.29814716794669577,-0.30801744514010787
11,p2_secondary_SLURRY_FLOW_LINE_A_auc,True,1.6541766551500292,0.22227124329708142
11,p2_secondary_SLURRY_FLOW_LINE_A_mean,True,1.8251611817549098,-0.26942944415790576
11,p2_secondary_SLURRY_FLOW_LINE_A_std,True,0.24387711299158252,0.25217172515730274
11,p2_secondary_SLURRY_FLOW_LINE_B_auc,True,1.635847703714991,-0.11426995725044972
11,p2_secondary_SLURRY_FLOW_LINE_B_mean,True,1.6926244833807333,0.21368462352331913
11,p2_secondary_SLURRY_FLOW_LINE_B_std,True,0.2952672364385957,0.25745109395024185
11,p2_secondary_SLURRY_FLOW_LINE_C_auc,True,1.207303304633922,0.27349208578463063
11,p2_secondary_SLURRY_FLOW_LINE_C_mean,False,0.7250496181585527,-0.2673669688229499
11,p2_secondary_SLURRY_FLOW_LINE_C_std,False,0.04185220415206335,0.015045026022096649
11,p2_secondary_STAGE_ROTATION_mean,False,0.1425550018137752,0.02985746392513703
11,p2_secondary_USAGE_OF_BACKING_FILM_decreasing,True,58.976281178788895,-0.2206134625104893
11,p2_secondary_USAGE_OF_BACKING_FILM_mean,True,374441.5551247427,0.3719752355757861
11,p2_secondary_USAGE_OF_BACKING_FILM_std,True,260.0650491828936,0.18561649825223558
11,p2_secondary_USAGE_OF_DRESSER_TABLE_decreasing,True,2.0839510009299875,0.0
11,p2_secondary_USAGE_OF_DRESSER_TABLE_mean,True,63.70046484408433,0.3027422817663753
11,p2_secondary_USAGE_OF_DRESSER_TABLE_std,True,2.082680877896509,0.17677669529663687
11,p2_secondary_USAGE_OF_DRESSER_decreasing,False,1.326923962705852,0.0
11,p2_secondary_USAGE_OF_DRESSER_mean,True,36.1787222623682,0.20304667916142805
11,p2_secondary_USAGE_OF_DRESSER_std,False,1.1092713576422546,0.0
11,p2_secondary_USAGE_OF_MEMBRANE_decreasing,True,193.65521381395553,0.37758535693417444
11,p2_secondary_USAGE_OF_MEMBRANE_mean,True,3503152.085906211,0.11349070766891234
11,p2_secondary_USAGE_OF_MEMBRANE_std,True,692.7594278230233,0.13045375715757515
11,p2_secondary_USAGE_OF_POLISHING_TABLE_decreasing,False,1.1395901506952717,-0.1005323313077337
11,p2_secondary_USAGE_OF_POLISHING_TABLE_mean,True,1.4944405285099411,0.24234088965825776
11,p2_secondary_USAGE_OF_POLISHING_TABLE_std,False,0.9017706291593883,-0.31166016282366726
11,p2_secondary_USAGE_OF_PRESSURIZED_SHEET_decreasing,True,256.8201657182457,0.07034764798947396
11,p2_secondary_USAGE_OF_PRESSURIZED_SHEET_mean,True,3125470.016999757,0.011594945276267348
11,p2_secondary_USAGE_OF_PRESSURIZED_SHEET_std,True,1007.2544824134609,0.039115722698884664
11,p2_secondary_WAFER_ROTATION_mean,True,0.6311809071375605,0.16454134417954522
11,p2_secondary_duration,False,0.554366191451767,-0.22101885728360662
12,lag_1,True,3.1992636440440885,0.9258414743427561
12,lag_2,True,1.6088452516726743,0.2975281106235557
12,lag_3,False,0.6145116921303158,-0.05266542642995517
12,lag_4,False,0.3594271197091889,-0.030968054404137708
12,lag_5,False,1.229589507096454,0.04347059730322847
12,lag_6,True,0.9338233661686277,0.19945700665364227
12,lag_7,True,2.4596518500226723,0.20848016837564562
12,lag_8,True,0.36419253256143247,0.2534644922773023
12,lag_9,False,0.4042607187970147,-0.2886039748600018
12,lag_10,True,1.9909737758749988,0.11716262177647377
12,lag_11,True,0.5791493280002358,0.20729869138281112
12,neighbor_1,True,7.040191248341237,1.263758020536132
12,neighbor_2,True,1.2095586352055419,0.6486177129837214
12,neighbor_3,True,2.1661905247868662,0.49113672240657863
12,neighbor_4,False,0.3658536181051445,0.0756010273657497
12,neighbor_5,False,0.9028493043403709,-0.10020738269895736
12,neighbor_6,False,1.3858787708554863,0.1263422683699273
12,neighbor_7,False,0.8594265762895638,-0.18556225571022433
12,neighbor_8,True,0.012771846173067128,0.3172673689334197
12,neighbor_9,True,1.2399401402369181,0.15580965994934948
12,neighbor_10,True,0.6148711122720883,0.2136765182984817
12,p2_primary_CENTER_AIR_BAG_PRESSURE_auc,True,0.7813372831422694,0.8295849609229864
12,p2_primary_CENTER_AIR_BAG_PRESSURE_mean,True,0.5659934026779915,0.24392951228029752
12,p2_primary_CENTER_AIR_BAG_PRESSURE_std,True,0.3662457416681833,0.23037358345006395
12,p2_primary_DRESSING_WATER_STATUS_auc,True,1.2156696751467433,0.2785481221994866
12,p2_primary_DRESSING_WATER_STATUS_mean,True,1.9225953515377998,0.35153535953283055
12,p2_primary_DRESSING_WATER_STATUS_std,True,1.765381076509248,0.2721137857787213
12,p2_primary_EDGE_AIR_BAG_PRESSURE_auc,True,2.703293459044021,0.30259669564986375
12,p2_primary_EDGE_AIR_BAG_PRESSURE_mean,False,1.1269908054884206,0.0059169583505434935
12,p2_primary_EDGE_AIR_BAG_PRESSURE_std,True,1.056972995199786,0.4641474111223598
12,p2_primary_HEAD_ROTATION_mean,True,0.7854641335214124,0.21597630034075138
12,p2_primary_MAIN_OUTER_AIR_BAG_PRESSURE_auc,True,0.2083422881047506,0.5395405871145237
12,p2_primary_MAIN_OUTER_AIR_BAG_PRESSURE_mean,True,0.3259610423910371,0.2573770038939922
12,p2_primary_MAIN_OUTER_AIR_BAG_PRESSURE_std,True,0.15378905541507706,0.32018507395425577
12,p2_primary_PRESSURIZED_CHAMBER_PRESSURE_auc,True,2.395846893946812,0.5628155132141015
12,p2_primary_PRESSURIZED_CHAMBER_PRESSURE_mean,False,0.5546176048825049,-0.17088610566961074
12,p2_primary_PRESSURIZED_CHAMBER_PRESSURE_std,True,1.0246302909499028,0.32479958838196094
12,p2_primary_RETAINER_RING_PRESSURE_auc,False,0.6959386997518024,0.10630305601321088
12,p2_primary_RETAINER_RING_PRESSURE_mean,False,0.9066929222250718,0.09868945291182815
12,p2_primary_RETAINER_RING_PRESSURE_std,False,0.9827796873610231,0.1323926483239326
12,p2_primary_RIPPLE_AIR_BAG_PRESSURE_auc,True,0.11743371656550157,0.6395970423750574
12,p2_primary_RIPPLE_AIR_BAG_PRESSURE_mean,True,0.3551944357243639,0.5017562398653382
12,p2_primary_RIPPLE_AIR_BAG_PRESSURE_std,True,1.6175124237813927,0.2330153096689931
12,p2_primary_SLURRY_FLOW_LINE_A_auc,True,1.5309721031707098,0.5013429388962314
12,p2_primary_SLURRY_FLOW_LINE_A_mean,True,0.3356218600444854,0.4403961485125473
12,p2_primary_SLURRY_FLOW_LINE_A_std,False,0.36590449425386723,0.07872826915370558
12,p2_primary_SLURRY_FLOW_LINE_B_auc,True,2.400067568673723,0.21112209865497672
12,p2_primary_SLURRY_FLOW_LINE_B_mean,False,0.19576117810208107,-0.008063346092139588
12,p2_primary_SLURRY_FLOW_LINE_B_std,True,0.06657982513688548,0.18398300165868986
12,p2_primary_SLURRY_FLOW_LINE_C_auc,True,0.12084179530577012,0.7068623046879134
12,p2_primary_SLURRY_FLOW_LINE_C_mean,True,2.497257961273769,0.31282671442333065
12,p2_primary_SLURRY_FLOW_LINE_C_std,True,2.863319014689701,0.05742965726538954
12,p2_primary_STAGE_ROTATION_mean,True,2.960375797922153,0.165017174168237
12,p2_primary_USAGE_OF_BACKING_FILM_decreasing,True,11.967393548424008,-0.11488667565349306
12,p2_primary_USAGE_OF_BACKING_FILM_mean,True,151759.0681335066,-0.10005284053870399
12,p2_primary_USAGE_OF_BACKING_FILM_std,True,141.63237001755832,0.0697346227912346
12,p2_primary_USAGE_OF_DRESSER_TABLE_decreasing,False,0.4786492484238021,-0.06788366502912682
12,p2_primary_USAGE_OF_DRESSER_TABLE_mean,True,222.98961181443894,0.24094080631356013
12,p2_primary_USAGE_OF_DRESSER_TABLE_std,False,0.4328817597501063,0.08602914234709695
12,p2_primary_USAGE_OF_DRESSER_decreasing,True,0.32141715822160705,0.27686886946622863
12,p2_primary_USAGE_OF_DRESSER_mean,True,62.04918169324751,0.30530788847972845
12,p2_primary_USAGE_OF_DRESSER_std,True,0.6223833430815732,0.16287789955713722
12,p2_primary_USAGE_OF_MEMBRANE_decreasing,True,10.09405200119802,-0.16901504229598363
12,p2_primary_USAGE_OF_MEMBRANE_mean,True,168162.41447936572,0.21340337286596708
12,p2_primary_USAGE_OF_MEMBRANE_std,True,150.73356163482217,0.26165732815984316
12,p2_primary_USAGE_OF_POLISHING_TABLE_decreasing,True,0.755911761873116,0.28282866309181715
12,p2_primary_USAGE_OF_POLISHING_TABLE_mean,True,1.3603881160739366,0.3913006170716986
12,p2_primary_USAGE_OF_POLISHING_TABLE_std,True,0.8444957799517024,0.3447707621713333
12,p2_primary_USAGE_OF_PRESSURIZED_SHEET_decreasing,True,17.995274808758456,0.2221524257234865
12,p2_primary_USAGE_OF_PRESSURIZED_SHEET_mean,True,16093.014981103268,0.12580539132854004
12,p2_primary_USAGE_OF_PRESSURIZED_SHEET_std,True,285.6642627191849,0.10484330735104624
12,p2_primary_WAFER_ROTATION_mean,True,0.7440787229639262,0.16368496385815567
12,p2_primary_duration,False,0.03158160470975849,-0.254104985800345
12,p2_secondary_CENTER_AIR_BAG_PRESSURE_auc,False,0.23638191269061515,-0.16786590746523858
12,p2_secondary_CENTER_AIR_BAG_PRESSURE_mean,False,0.3779981440702539,-0.1287606291254388
12,p2_secondary_CENTER_AIR_BAG_PRESSURE_std,True,1.5123430624585468,-0.04434211772038126
12,p2_secondary_DRESSING_WATER_STATUS_auc,False,0.1810736596206041,0.015118602861712965
12,p2_secondary_DRESSING_WATER_STATUS_mean,True,0.21866542935406957,0.3313708317216821
12,p2_secondary_DRESSING_WATER_STATUS_std,False,1.0368081829520281,-0.06125046948386532
12,p2_secondary_EDGE_AIR_BAG_PRESSURE_auc,False,0.276556237812609,-0.05643571614473261
12,p2_secondary_EDGE_AIR_BAG_PRESSURE_mean,False,0.2751842419046898,0.11552655501087306
12,p2_secondary_EDGE_AIR_BAG_PRESSURE_std,False,0.15831366812154565,-0.12408613369452541
12,p2_secondary_HEAD_ROTATION_mean,False,1.1349982168339856,-0.020137099799184658
12,p2_secondary_MAIN_OUTER_AIR_BAG_PRESSURE_auc,True,0.6563481778773348,0.20803812218514095
12,p2_secondary_MAIN_OUTER_AIR_BAG_PRESSURE_mean,False,0.5177541769747288,0.054682752458474815
12,p2_secondary_MAIN_OUTER_AIR_BAG_PRESSURE_std,False,0.09749013173767002,0.0025995506120758843
12,p2_secondary_PRESSURIZED_CHAMBER_PRESSURE_auc,False,1.0660835126636177,0.1136641396947729
12,p2_secondary_PRESSURIZED_CHAMBER_PRESSURE_mean,False,1.1985320864446118,0.13967533276401095
12,p2_secondary_PRESSURIZED_CHAMBER_PRESSURE_std,True,1.6727981351914114,0.3060803488685721
12,p2_secondary_RETAINER_RING_PRESSURE_auc,False,0.6949450512665074,-0.08917917644575482
12,p2_secondary_RETAINER_RING_PRESSURE_mean,True,1.2021375302946182,0.25412689035771263
12,p2_secondary_RETAINER_RING_PRESSURE_std,True,1.7293150478610075,-0.14784503114726286
12,p2_secondary_RIPPLE_AIR_BAG_PRESSURE_auc,False,0.874192944982503,0.08084368946053809
12,p2_secondary_RIPPLE_AIR_BAG_PRESSURE_mean,False,0.9037140408420823,-0.22967783565689653
12,p2_secondary_RIPPLE_AIR_BAG_PRESSURE_std,False,0.921384265454775,0.14119559470528703
12,p2_secondary_SLURRY_FLOW_LINE_A_auc,False,1.1116044993501673,0.1281928071864985
12,p2_secondary_SLURRY_FLOW_LINE_A_mean,False,1.2237165621637436,0.1471117192341958
12,p2_secondary_SLURRY_FLOW_LINE_A_std,False,0.3093694539193139,-0.26907815447467426
12,p2_secondary_SLURRY_FLOW_LINE_B_auc,True,1.585248718994243,-0.18081601619904936
12,p2_secondary_SLURRY_FLOW_LINE_B_mean,True,1.554070635362888,-0.06148041551208874
12,p2_secondary_SLURRY_FLOW_LINE_B_std,False,0.4101423573097967,-0.028502204480219576
12,p2_secondary_SLURRY_FLOW_LINE_C_auc,False,0.8420717426301683,-0.05551967512255531
12,p2_secondary_SLURRY_FLOW_LINE_C_mean,True,0.609173000410975,0.2633489211774823
12,p2_secondary_SLURRY_FLOW_LINE_C_std,True,0.6609405617689751,0.3065585791956215
12,p2_secondary_STAGE_ROTATION_mean,False,0.37235636263615857,-0.09535120842761771
12,p2_secondary_USAGE_OF_BACKING_FILM_decreasing,True,56.741727790582,-0.0033189126850824324
12,p2_secondary_USAGE_OF_BACKING_FILM_mean,True,48208.93665031194,-0.19690290559001122
12,p2_secondary_USAGE_OF_BACKING_FILM_std,True,246.68185838456577,-0.00823845218102751
12,p2_secondary_USAGE_OF_DRESSER_TABLE_decreasing,False,1.0736850977279355,0.0
12,p2_secondary_USAGE_OF_DRESSER_TABLE_mean,True,204.05983531885747,0.10453973524366088
12,p2_secondary_USAGE_OF_DRESSER_TABLE_std,False,0.7886593518373816,0.0
12,p2_secondary_USAGE_OF_DRESSER_decreasing,False,0.04718576908312977,0.0
12,p2_secondary_USAGE_OF_DRESSER_mean,True,61.63299985797129,0.39894955951470273
12,p2_secondary_USAGE_OF_DRESSER_std,False,0.021556471928827738,0.0
12,p2_secondary_USAGE_OF_MEMBRANE_decreasing,True,142.0238752896988,0.027849751034775466
12,p2_secondary_USAGE_OF_MEMBRANE_mean,True,410977.61790801975,-0.17620444165787366
12,p2_secondary_USAGE_OF_MEMBRANE_std,True,452.9149061279592,0.23419079512504568
12,p2_secondary_USAGE_OF_POLISHING_TABLE_decreasing,False,1.4003638102349543,-0.19790504784121726
12,p2_secondary_USAGE_OF_POLISHING_TABLE_mean,True,1.3694390092470852,0.34507055829567823
12,p2_secondary_USAGE_OF_POLISHING_TABLE_std,False,1.1560190354046054,0.09200271477671552
12,p2_secondary_USAGE_OF_PRESSURIZED_SHEET_decreasing,True,222.8225382266743,-0.16931397142140067
12,p2_secondary_USAGE_OF_PRESSURIZED_SHEET_mean,True,363148.57800680166,0.3458769189760463
12,p2_secondary_USAGE_OF_PRESSURIZED_SHEET_std,True,819.4238625142493,0.27219633061790466
12,p2_secondary_WAFER_ROTATION_mean,False,0.2641086028584406,-0.09192498700482958
12,p2_secondary_duration,True,0.32571788199503915,0.3775969122642862
13,lag_1,True,5.538836752985143,0.8906055226780352
13,lag_2,True,1.0922359267864323,0.22463315184192129
13,lag_3,True,0.9686956993812602,0.20119551103798367
13,lag_4,False,0.3407515535872553,0.14970647738236637
13,lag_5,False,1.363126285959789,-0.07985323147014631
13,lag_6,False,0.24348664418079427,0.1043034381349812
13,lag_7,False,0.44297628153996677,-0.157283755129808
13,lag_8,True,2.1470817932002797,0.22362283568575733
13,lag_9,False,0.029338934614724338,-0.2743016745329527
13,lag_10,False,0.33734455965097626,-0.03869017043211693
13,lag_11,False,1.3484679657955578,0.1448186550740685
13,neighbor_1,True,5.081031175630039,1.0712054678248655
13,neighbor_2,True,1.8339451783420657,0.4664887721650408
13,neighbor_3,True,0.9517720897899723,0.41236665146951657
13,neighbor_4,True,0.8057322682813554,0.3462644209939104
13,neighbor_5,False,0.23802444195576236,0.02434606826551764
13,neighbor_6,True,0.43635405328562815,0.3419218841853679
13,neighbor_7,True,0.5296948712696555,0.20601698149018338
13,neighbor_8,True,1.5454713075650504,0.24228708073291658
13,neighbor_9,True,2.3206425369364694,0.4241174886641456
13,neighbor_10,False,0.22525603906315705,0.14069981618839045
13,p2_primary_CENTER_AIR_BAG_PRESSURE_auc,True,1.2959421371412192,0.6297107578544849
13,p2_primary_CENTER_AIR_BAG_PRESSURE_mean,False,1.3475936497185415,-0.03694550558105928
13,p2_primary_CENTER_AIR_BAG_PRESSURE_std,True,0.8027741151184844,0.3086719085738978
13,p2_primary_DRESSING_WATER_STATUS_auc,True,2.069092502136983,0.13750694779805853
13,p2_primary_DRESSING_WATER_STATUS_mean,True,2.592587504776528,0.18357255916063778
13,p2_primary_DRESSING_WATER_STATUS_std,True,1.5017469109206596,0.19809159324574213
13,p2_primary_EDGE_AIR_BAG_PRESSURE_auc,True,2.812558368720383,0.26636661507469117
13,p2_primary_EDGE_AIR_BAG_PRESSURE_mean,True,1.77940361964057,-0.02790113279054611
13,p2_primary_EDGE_AIR_BAG_PRESSURE_std,True,0.014865810485377265,0.5492221563218705
13,p2_primary_HEAD_ROTATION_mean,True,2.2384017094207938,0.05375195223371602
13,p2_primary_MAIN_OUTER_AIR_BAG_PRESSURE_auc,True,0.01654208835624603,0.5086903007659036
13,p2_primary_MAIN_OUTER_AIR_BAG_PRESSURE_mean,True,0.5579952610748394,0.2403256653581056
13,p2_primary_MAIN_OUTER_AIR_BAG_PRESSURE_std,True,0.5375980152937424,0.4206081906327298
13,p2_primary_PRESSURIZED_CHAMBER_PRESSURE_auc,True,2.3919238054282936,0.4189085689684291
13,p2_primary_PRESSURIZED_CHAMBER_PRESSURE_mean,True,0.48300000111864516,0.548249701376505
13,p2_primary_PRESSURIZED_CHAMBER_PRESSURE_std,True,1.4271510302681931,0.5803716131014027
13,p2_primary_RETAINER_RING_PRESSURE_auc,False,0.7393050496958673,0.07057893880171127
13,p2_primary_RETAINER_RING_PRESSURE_mean,False,1.216869134351723,-0.37765805691406495
13,p2_primary_RETAINER_RING_PRESSURE_std,True,1.8287214480090506,0.06634987119939903
13,p2_primary_RIPPLE_AIR_BAG_PRESSURE_auc,True,0.8689864231966838,0.6510588511229414
13,p2_primary_RIPPLE_AIR_BAG_PRESSURE_mean,True,1.113285657200528,0.2714291793110427
13,p2_primary_RIPPLE_AIR_BAG_PRESSURE_std,True,1.2893246950041488,0.34020243364485114
13,p2_primary_SLURRY_FLOW_LINE_A_auc,True,1.1578254503932977,0.31956073297747933
13,p2_primary_SLURRY_FLOW_LINE_A_mean,True,0.4602104581919639,0.31203860288595003
13,p2_primary_SLURRY_FLOW_LINE_A_std,False,1.2466265048824854,-0.03721701317581037
13,p2_primary_SLURRY_FLOW_LINE_B_auc,True,0.8422469707375233,0.3102324387874909
13,p2_primary_SLURRY_FLOW_LINE_B_mean,True,1.7812682790071843,-0.09943421513362005
13,p2_primary_SLURRY_FLOW_LINE_B_std,False,1.105868784506142,-0.030248658420482414
13,p2_primary_SLURRY_FLOW_LINE_C_auc,True,0.005719093691752479,0.5339768936238094
13,p2_primary_SLURRY_FLOW_LINE_C_mean,True,2.4929822375175066,0.49872717614578765
13,p2_primary_SLURRY_FLOW_LINE_C_std,True,2.0469370836726144,-0.3631870887835808
13,p2_primary_STAGE_ROTATION_mean,True,3.0043238131527183,0.1688386612211716
13,p2_primary_USAGE_OF_BACKING_FILM_decreasing,True,4.047925074393181,0.15378811958372943
13,p2_primary_USAGE_OF_BACKING_FILM_mean,True,246787.63917025868,0.31213880168136526
13,p2_primary_USAGE_OF_BACKING_FILM_std,True,31.53983300547058,0.09641163108292174
13,p2_primary_USAGE_OF_DRESSER_TABLE_decreasing,False,0.4268810807058089,0.058085563752662356
13,p2_primary_USAGE_OF_DRESSER_TABLE_mean,True,32.06922404809571,-0.04570806056645528
13,p2_primary_USAGE_OF_DRESSER_TABLE_std,False,0.16843301953647477,-0.17168944253886823
13,p2_primary_USAGE_OF_DRESSER_decreasing,True,0.4438510523634132,0.1644282383447831
13,p2_primary_USAGE_OF_DRESSER_mean,True,96.13208692352853,0.47389830329992194
13,p2_primary_USAGE_OF_DRESSER_std,False,0.3340895622731331,-0.19935859915884982
13,p2_primary_USAGE_OF_MEMBRANE_decreasing,True,27.84352298580178,0.12959814179369714
13,p2_primary_USAGE_OF_MEMBRANE_mean,True,154493.8435119554,0.03952741702205554
13,p2_primary_USAGE_OF_MEMBRANE_std,True,452.47204868428844,0.17406138462773696
13,p2_primary_USAGE_OF_POLISHING_TABLE_decreasing,True,0.7809654305828191,0.391316705517514
13,p2_primary_USAGE_OF_POLISHING_TABLE_mean,True,0.9413712004099541,0.15187315624916992
13,p2_primary_USAGE_OF_POLISHING_TABLE_std,True,0.8012784118454223,0.4509729458381935
13,p2_primary_USAGE_OF_PRESSURIZED_SHEET_decreasing,True,29.48567665436323,-0.1417308523071261
13,p2_primary_USAGE_OF_PRESSURIZED_SHEET_mean,True,92567.1761624117,0.19064639813005874
13,p2_primary_USAGE_OF_PRESSURIZED_SHEET_std,True,469.0011556531984,0.2066512385080412
13,p2_primary_WAFER_ROTATION_mean,True,0.7278396096004908,0.3551110382923645
13,p2_primary_duration,True,1.4131437088717231,0.35980818806276743
13,p2_secondary_CENTER_AIR_BAG_PRESSURE_auc,True,0.3095137976922088,0.18067042822706678
13,p2_secondary_CENTER_AIR_BAG_PRESSURE_mean,False,0.4935449685154502,-0.2539924525446314
13,p2_secondary_CENTER_AIR_BAG_PRESSURE_std,True,1.9219367756736097,0.1525400618747135
13,p2_secondary_DRESSING_WATER_STATUS_auc,True,0.4921533947411638,0.19968481986391368
13,p2_secondary_DRESSING_WATER_STATUS_mean,False,0.5641547410409308,-0.03964264749865213
13,p2_secondary_DRESSING_WATER_STATUS_std,True,1.3420553295295878,0.2779692080202747
13,p2_secondary_EDGE_AIR_BAG_PRESSURE_auc,False,0.4311807953211209,0.0
13,p2_secondary_EDGE_AIR_BAG_PRESSURE_mean,False,0.3594239759607202,-0.21177147500111754
13,p2_secondary_EDGE_AIR_BAG_PRESSURE_std,False,0.19478297564159214,-0.17677669529663687
13,p2_secondary_HEAD_ROTATION_mean,False,0.27928547495385825,0.11419880684790176
13,p2_secondary_MAIN_OUTER_AIR_BAG_PRESSURE_auc,False,0.13602254592750396,-0.17677669529663687
13,p2_secondary_MAIN_OUTER_AIR_BAG_PRESSURE_mean,False,0.1734723900044113,-0.22908944348155755
13,p2_secondary_MAIN_OUTER_AIR_BAG_PRESSURE_std,True,0.02366826306330611,0.1632148492851087
13,p2_secondary_PRESSURIZED_CHAMBER_PRESSURE_auc,False,1.1978753474137147,-0.22381346214866704
13,p2_secondary_PRESSURIZED_CHAMBER_PRESSURE_mean,True,1.5363570363870456,0.11653470100202777
13,p2_secondary_PRESSURIZED_CHAMBER_PRESSURE_std,True,1.652948350836406,0.06607252491638876
13,p2_secondary_RETAINER_RING_PRESSURE_auc,False,0.9584409197004576,-0.019931665982893858
13,p2_secondary_RETAINER_RING_PRESSURE_mean,True,0.2586954028543507,0.25837410426865964
13,p2_secondary_RETAINER_RING_PRESSURE_std,False,0.6317391466082491,0.11241357282809412
13,p2_secondary_RIPPLE_AIR_BAG_PRESSURE_auc,False,0.14111121842878352,-0.24333506178782202
13,p2_secondary_RIPPLE_AIR_BAG_PRESSURE_mean,False,0.18922862432117404,0.10987482324010933
13,p2_secondary_RIPPLE_AIR_BAG_PRESSURE_std,True,1.1423513358722996,0.1628397995638197
13,p2_secondary_SLURRY_FLOW_LINE_A_auc,False,0.6230326892426795,0.027178663746281004
13,p2_secondary_SLURRY_FLOW_LINE_A_mean,False,0.6841635325532847,-0.07129827510342203
13,p2_secondary_SLURRY_FLOW_LINE_A_std,False,0.18862435127496716,0.1249956453871474
13,p2_secondary_SLURRY_FLOW_LINE_B_auc,True,2.125078122905384,0.16956484514087303
13,p2_secondary_SLURRY_FLOW_LINE_B_mean,True,2.0748903061989346,0.02199962926011138
13,p2_secondary_SLURRY_FLOW_LINE_B_std,False,0.6248321375817789,-0.18456776823321308
13,p2_secondary_SLURRY_FLOW_LINE_C_auc,True,0.5375973939416845,0.34637651776916933
13,p2_secondary_SLURRY_FLOW_LINE_C_mean,True,0.0779338679069606,0.3797262857298786
13,p2_secondary_SLURRY_FLOW_LINE_C_std,False,0.24596813480528057,-0.13253272462657803
13,p2_secondary_STAGE_ROTATION_mean,False,0.25046326201658187,-0.17000216879576927
13,p2_secondary_USAGE_OF_BACKING_FILM_decreasing,True,12.577130277803036,-0.016617694942910745
13,p2_secondary_USAGE_OF_BACKING_FILM_mean,True,95110.00347502624,0.17677669529663695
13,p2_secondary_USAGE_OF_BACKING_FILM_std,True,43.825061505901445,-0.17677669529663687
13,p2_secondary_USAGE_OF_DRESSER_TABLE_decreasing,True,2.785976086471834,0.0
13,p2_secondary_USAGE_OF_DRESSER_TABLE_mean,True,33.728479138348945,0.3664130592371353
13,p2_secondary_USAGE_OF_DRESSER_TABLE_std,True,2.7354904833816183,0.0
13,p2_secondary_USAGE_OF_DRESSER_decreasing,False,0.7933188718267279,0.0
13,p2_secondary_USAGE_OF_DRESSER_mean,True,95.95191971576756,0.42691281771411066
13,p2_secondary_USAGE_OF_DRESSER_std,False,0.7449690671722762,0.0
13,p2_secondary_USAGE_OF_MEMBRANE_decreasing,True,10.575989082195306,0.17677669529663703
13,p2_secondary_USAGE_OF_MEMBRANE_mean,True,267363.08734390204,-0.21074622955750236
13,p2_secondary_USAGE_OF_MEMBRANE_std,True,42.21648104303771,0.0657825329603197
13,p2_secondary_USAGE_OF_POLISHING_TABLE_decreasing,False,0.6196612357378346,-0.15531015208951407
13,p2_secondary_USAGE_OF_POLISHING_TABLE_mean,True,0.986988488159037,0.3241688239350488
13,p2_secondary_USAGE_OF_POLISHING_TABLE_std,False,0.4876435157987871,-0.2390200359533016
13,p2_secondary_USAGE_OF_PRESSURIZED_SHEET_decreasing,True,13.56747040164073,0.0
13,p2_secondary_USAGE_OF_PRESSURIZED_SHEET_mean,True,172423.05125840293,-0.18913105808587416
13,p2_secondary_USAGE_OF_PRESSURIZED_SHEET_std,True,105.33111470086763,-0.23043606142674766
13,p2_secondary_WAFER_ROTATION_mean,True,0.08755265266226009,0.276134443779527
13,p2_secondary_duration,False,0.851142661809144,-0.08569988636080579
14,lag_1,True,3.209139300738767,1.0789747453817005
14,lag_2,True,0.136001680876919,0.43214483610700505
14,lag_3,True,1.5319936146234776,0.1673216512739345
14,lag_4,True,0.06074410817993889,0.3140019912220314
14,lag_5,True,0.03874330384357301,0.2577688442679558
14,lag_6,True,1.6411388755190999,0.42315025893416514
14,lag_7,True,0.3321981001643093,0.2720241568569676
14,lag_8,False,1.1583006191882372,-0.028402116029543716
14,lag_9,True,1.5032617252122198,-0.1965113691900512
14,lag_10,False,0.18888532930656332,0.03599118837550574
14,lag_11,False,0.11957825294721826,-0.022677520709878288
14,neighbor_1,True,6.647742350278129,1.088436902082434
14,neighbor_2,True,3.615666427839333,0.7394860115573869
14,neighbor_3,True,1.2641046345900928,0.2127349728993124
14,neighbor_4,True,0.43989540210088973,0.17646454708500472
14,neighbor_5,True,1.8235629472594013,0.09613463749652466
14,neighbor_6,False,1.0365267816942125,0.05944871413302098
14,neighbor_7,True,2.2002246984416463,0.07859727468421526
14,neighbor_8,True,0.8585545663951486,0.16371330178735882
14,neighbor_9,True,0.6612579338080625,0.33203740508059965
14,neighbor_10,False,1.32780478007768,0.03299302471463051
14,p2_primary_CENTER_AIR_BAG_PRESSURE_auc,True,0.5527126030218095,0.592876949965704
14,p2_primary_CENTER_AIR_BAG_PRESSURE_mean,False,0.9821066267898361,0.09866106683803681
14,p2_primary_CENTER_AIR_BAG_PRESSURE_std,True,2.0270674708655885,0.14108977804099357
14,p2_primary_DRESSING_WATER_STATUS_auc,True,1.2167531698925251,0.1782554185726974
14,p2_primary_DRESSING_WATER_STATUS_mean,False,1.0419198386913584,-0.011388232193564692
14,p2_primary_DRESSING_WATER_STATUS_std,True,0.020336460007892906,0.2707039977242243
14,p2_primary_EDGE_AIR_BAG_PRESSURE_auc,True,1.5644061069539088,0.3138057160574098
14,p2_primary_EDGE_AIR_BAG_PRESSURE_mean,True,0.6541246399314061,0.15782222525032255
14,p2_primary_EDGE_AIR_BAG_PRESSURE_std,True,0.4596942807161463,0.5224929852220915
14,p2_primary_HEAD_ROTATION_mean,True,1.0883262200795567,0.18800215033773857
14,p2_primary_MAIN_OUTER_AIR_BAG_PRESSURE_auc,True,0.5842561416931096,0.6122958497267491
14,p2_primary_MAIN_OUTER_AIR_BAG_PRESSURE_mean,True,0.6534856441576478,0.2795053044494606
14,p2_primary_MAIN_OUTER_AIR_BAG_PRESSURE_std,True,1.505593528494464,0.2609664440172315
14,p2_primary_PRESSURIZED_CHAMBER_PRESSURE_auc,True,0.0672447846760248,0.5892954682046
14,p2_primary_PRESSURIZED_CHAMBER_PRESSURE_mean,True,2.161103656588465,0.2647843775734819
14,p2_primary_PRESSURIZED_CHAMBER_PRESSURE_std,True,2.554953110663575,0.37450755461040086
14,p2_primary_RETAINER_RING_PRESSURE_auc,True,1.1026199107080012,0.29355901872093443
14,p2_primary_RETAINER_RING_PRESSURE_mean,False,0.45564833454064024,-0.10289132155372431
14,p2_primary_RETAINER_RING_PRESSURE_std,False,1.4274116671835153,-0.03389065629235012
14,p2_primary_RIPPLE_AIR_BAG_PRESSURE_auc,True,0.8803491127325184,0.6617682554690583
14,p2_primary_RIPPLE_AIR_BAG_PRESSURE_mean,True,1.0640161173381273,0.2858486138485813
14,p2_primary_RIPPLE_AIR_BAG_PRESSURE_std,True,3.061291975443394,0.2711702614681207
14,p2_primary_SLURRY_FLOW_LINE_A_auc,True,0.408548054036733,0.23302782769403646
14,p2_primary_SLURRY_FLOW_LINE_A_mean,True,1.2315852448393878,0.25573883312232437
14,p2_primary_SLURRY_FLOW_LINE_A_std,True,1.5771854248441557,0.06397365040921818
14,p2_primary_SLURRY_FLOW_LINE_B_auc,True,0.3850425413122066,0.30938496758994277
14,p2_primary_SLURRY_FLOW_LINE_B_mean,False,1.1373529164197773,-0.2670365449327657
14,p2_primary_SLURRY_FLOW_LINE_B_std,False,1.2675939929986528,-0.22667072302705743
14,p2_primary_SLURRY_FLOW_LINE_C_auc,True,1.5398484495813196,0.7723789495768965
14,p2_primary_SLURRY_FLOW_LINE_C_mean,True,1.0458558858481055,0.4995254832591415
14,p2_primary_SLURRY_FLOW_LINE_C_std,True,1.7835371916667617,0.22254707317555034
14,p2_primary_STAGE_ROTATION_mean,True,3.1068267798859877,0.1464407849957253
14,p2_primary_USAGE_OF_BACKING_FILM_decreasing,True,2.8705329384831826,-0.17677669529663687
14,p2_primary_USAGE_OF_BACKING_FILM_mean,True,5140857.170124082,0.26067341177761266
14,p2_primary_USAGE_OF_BACKING_FILM_std,True,1.414623108932004,0.17331603786106564
14,p2_primary_USAGE_OF_DRESSER_TABLE_decreasing,False,0.02216558221696629,0.14144196049963412
14,p2_primary_USAGE_OF_DRESSER_TABLE_mean,True,576.825211339741,0.27392093856275107
14,p2_primary_USAGE_OF_DRESSER_TABLE_std,False,0.051378290536759144,0.07207499588346325
14,p2_primary_USAGE_OF_DRESSER_decreasing,False,0.49967934327233493,-0.2510308188482925
14,p2_primary_USAGE_OF_DRESSER_mean,True,82.71831980863224,0.6121224919987942
14,p2_primary_USAGE_OF_DRESSER_std,False,0.13840742979921186,0.14807125193687384
14,p2_primary_USAGE_OF_MEMBRANE_decreasing,True,35.09426990312487,0.010293733459653133
14,p2_primary_USAGE_OF_MEMBRANE_mean,True,826269.0750278595,-0.05821791345396705
14,p2_primary_USAGE_OF_MEMBRANE_std,True,43.65364873315135,0.042042947050483434
14,p2_primary_USAGE_OF_POLISHING_TABLE_decreasing,False,1.3669460818490176,0.010273994820244332
14,p2_primary_USAGE_OF_POLISHING_TABLE_mean,True,0.8052890352243285,0.2015495528501165
14,p2_primary_USAGE_OF_POLISHING_TABLE_std,True,1.3013808642390965,0.5367792676038905
14,p2_primary_USAGE_OF_PRESSURIZED_SHEET_decreasing,True,37.95029391305935,-0.16341190867329333
14,p2_primary_USAGE_OF_PRESSURIZED_SHEET_mean,True,4334060.73526774,0.33410654613409446
14,p2_primary_USAGE_OF_PRESSURIZED_SHEET_std,True,47.078241042947084,0.187241113820611
14,p2_primary_WAFER_ROTATION_mean,True,0.4295205611264316,0.2025305056758712
14,p2_primary_duration,True,0.7722917322014089,0.18051199830087003
14,p2_secondary_CENTER_AIR_BAG_PRESSURE_auc,False,0.7938077186628664,-0.10221918888190551
14,p2_secondary_CENTER_AIR_BAG_PRESSURE_mean,True,0.985894022208973,0.17426292003951227
14,p2_secondary_CENTER_AIR_BAG_PRESSURE_std,True,1.8813259984869253,-0.3159372606992736
14,p2_secondary_DRESSING_WATER_STATUS_auc,True,1.5354374824560515,0.07800757631903206
14,p2_secondary_DRESSING_WATER_STATUS_mean,False,1.4353946355663314,-0.1573378930840414
14,p2_secondary_DRESSING_WATER_STATUS_std,True,2.1833885719661765,0.15088562629001792
14,p2_secondary_EDGE_AIR_BAG_PRESSURE_auc,False,0.8101949473691232,0.06824928231062365
14,p2_secondary_EDGE_AIR_BAG_PRESSURE_mean,False,0.9816518372804871,0.11061888135176233
14,p2_secondary_EDGE_AIR_BAG_PRESSURE_std,False,0.6585247907689058,-0.14386284458715773
14,p2_secondary_HEAD_ROTATION_mean,False,0.12784982459675934,-0.12719105320986615
14,p2_secondary_MAIN_OUTER_AIR_BAG_PRESSURE_auc,False,0.16940613577445415,-0.17179236143877044
14,p2_secondary_MAIN_OUTER_AIR_BAG_PRESSURE_mean,True,0.03344146439681109,0.34668351114328994
14,p2_secondary_MAIN_OUTER_AIR_BAG_PRESSURE_std,False,0.1899391500588326,-0.27010689179240294
14,p2_secondary_PRESSURIZED_CHAMBER_PRESSURE_auc,True,1.4716008793726407,0.24216921853677148
14,p2_secondary_PRESSURIZED_CHAMBER_PRESSURE_mean,False,1.4896659380145654,-0.04536640943424578
14,p2_secondary_PRESSURIZED_CHAMBER_PRESSURE_std,False,1.1484025149477186,-0.03837143924389331
14,p2_secondary_RETAINER_RING_PRESSURE_auc,False,0.8194783312577628,0.0786362395949601
14,p2_secondary_RETAINER_RING_PRESSURE_mean,True,0.4102360087941772,0.1959965827722732
14,p2_secondary_RETAINER_RING_PRESSURE_std,False,0.7846907784665739,-0.09626927592484746
14,p2_secondary_RIPPLE_AIR_BAG_PRESSURE_auc,False,0.2540735074303487,-0.26595575210107447
14,p2_secondary_RIPPLE_AIR_BAG_PRESSURE_mean,True,0.23578268922126147,0.3378406621812863
14,p2_secondary_RIPPLE_AIR_BAG_PRESSURE_std,False,0.8269945835969869,-0.024494708358769286
14,p2_secondary_SLURRY_FLOW_LINE_A_auc,False,0.46330485710588337,-0.3649352654330191
14,p2_secondary_SLURRY_FLOW_LINE_A_mean,False,0.9015058514193593,0.14692329304931456
14,p2_secondary_SLURRY_FLOW_LINE_A_std,False,0.2345289117769166,-0.1758465108388221
14,p2_secondary_SLURRY_FLOW_LINE_B_auc,True,1.5383276288940173,-0.1252367355445161
14,p2_secondary_SLURRY_FLOW_LINE_B_mean,True,1.5600878604808008,0.2631387854425255
14,p2_secondary_SLURRY_FLOW_LINE_B_std,True,1.9641134047910414,0.06427421623278805
14,p2_secondary_SLURRY_FLOW_LINE_C_auc,True,1.7900771895751595,-0.2519202486042366
14,p2_secondary_SLURRY_FLOW_LINE_C_mean,False,1.161601917981521,0.06194134786910233
14,p2_secondary_SLURRY_FLOW_LINE_C_std,True,0.3848877213442447,0.24910281156404995
14,p2_secondary_STAGE_ROTATION_mean,True,0.37571012177666135,0.15027721540208397
14,p2_secondary_USAGE_OF_BACKING_FILM_decreasing,True,22.45911717806585,0.060005960592346246
14,p2_secondary_USAGE_OF_BACKING_FILM_mean,True,1166661.7883327813,-0.07935313391913314
14,p2_secondary_USAGE_OF_BACKING_FILM_std,True,98.05596841850021,0.17677669529663695
14,p2_secondary_USAGE_OF_DRESSER_TABLE_decreasing,False,1.4962176943093828,0.0
14,p2_secondary_USAGE_OF_DRESSER_TABLE_mean,True,558.3658282498599,-0.24897411474642991
14,p2_secondary_USAGE_OF_DRESSER_TABLE_std,False,1.2059691509380357,0.0
14,p2_secondary_USAGE_OF_DRESSER_decreasing,False,0.724624470444916,0.0
14,p2_secondary_USAGE_OF_DRESSER_mean,True,83.02120045388716,0.5402170039537442
14,p2_secondary_USAGE_OF_DRESSER_std,False,0.6166576347932595,0.0
14,p2_secondary_USAGE_OF_MEMBRANE_decreasing,True,362.8552199183931,-0.17677669529663687
14,p2_secondary_USAGE_OF_MEMBRANE_mean,True,9888598.66800159,0.21560136814669884
14,p2_secondary_USAGE_OF_MEMBRANE_std,True,1241.5236609179187,0.16062115272546168
14,p2_secondary_USAGE_OF_POLISHING_TABLE_decreasing,False,0.849054148643974,-0.2633895543187477
14,p2_secondary_USAGE_OF_POLISHING_TABLE_mean,True,0.8407920277065036,0.48814018733107073
14,p2_secondary_USAGE_OF_POLISHING_TABLE_std,False,0.5281026516185973,-0.2599489019711225
14,p2_secondary_USAGE_OF_PRESSURIZED_SHEET_decreasing,True,346.34580744516506,-0.23903777218193953
14,p2_secondary_USAGE_OF_PRESSURIZED_SHEET_mean,True,11201267.61139353,-0.1435495905103283
14,p2_secondary_USAGE_OF_PRESSURIZED_SHEET_std,True,1265.9689884346174,0.1767766952966368
14,p2_secondary_WAFER_ROTATION_mean,False,0.09837401758838,-0.16439006330352124
14,p2_secondary_duration,True,0.9591348739667342,0.23023687955646352
15,lag_1,True,5.552312660335538,1.6816204672831156
15,lag_2,True,1.3808295430232747,0.25977056179988595
15,lag_3,True,1.6455478218623392,-0.1304702241060167
15,lag_4,True,0.6816760223181457,0.16155085748850187
15,lag_5,True,0.2574302425675292,0.16121410735761083
15,lag_6,True,2.9452877863982225,0.1974240761631027
15,lag_7,True,1.2595885770648925,0.33318087678026187
15,lag_8,False,0.8420018792786709,-0.014893979261767571
15,lag_9,False,0.9063689078003251,-0.08799473291419964
15,lag_10,True,0.843082189293673,0.2761640093449466
15,lag_11,False,1.0794980912334096,0.02679954037745715
15,neighbor_1,True,6.183228627477891,0.9478397717901181
15,neighbor_2,True,4.286408448842108,0.5077616924520707
15,neighbor_3,True,1.3947228429579663,0.5230703262224429
15,neighbor_4,True,0.08663939537166325,0.37079209098985577
15,neighbor_5,True,0.7249714245790096,0.15039871954977252
15,neighbor_6,False,0.6914298856823252,-0.11366758594386327
15,neighbor_7,True,0.8538378630168785,0.2325389852996634
15,neighbor_8,False,0.08269178575608468,-0.13723381261423628
15,neighbor_9,True,1.2200529252835266,0.19539640248025827
15,neighbor_10,True,2.542970019486995,0.2670074745684593
15,p2_primary_CENTER_AIR_BAG_PRESSURE_auc,True,1.1489346299048646,0.9429415472009884
15,p2_primary_CENTER_AIR_BAG_PRESSURE_mean,True,1.3202353324675435,0.3585544176298223
15,p2_primary_CENTER_AIR_BAG_PRESSURE_std,True,1.2995457822494438,0.2920196116812988
15,p2_primary_DRESSING_WATER_STATUS_auc,True,1.9189011021643438,0.2352256220699751
15,p2_primary_DRESSING_WATER_STATUS_mean,True,2.445093435600731,-0.13739053483699826
15,p2_primary_DRESSING_WATER_STATUS_std,True,1.6881495345000734,0.42337393434586196
15,p2_primary_EDGE_AIR_BAG_PRESSURE_auc,True,3.449935874811073,0.40690188865473786
15,p2_primary_EDGE_AIR_BAG_PRESSURE_mean,True,2.285258888612453,-0.027445073646931637
15,p2_primary_EDGE_AIR_BAG_PRESSURE_std,True,0.12301688744510815,0.42436729207127943
15,p2_primary_HEAD_ROTATION_mean,False,0.7492467396649856,0.0005240607671498448
15,p2_primary_MAIN_OUTER_AIR_BAG_PRESSURE_auc,True,0.18440866503240852,0.532462470216295
15,p2_primary_MAIN_OUTER_AIR_BAG_PRESSURE_mean,True,1.0370015324690123,0.18689401374759734
15,p2_primary_MAIN_OUTER_AIR_BAG_PRESSURE_std,True,1.2699353488959009,0.34596628250675143
15,p2_primary_PRESSURIZED_CHAMBER_PRESSURE_auc,True,2.319236279052638,0.6114050518446644
15,p2_primary_PRESSURIZED_CHAMBER_PRESSURE_mean,True,0.1465273644548961,0.38812716375410394
15,p2_primary_PRESSURIZED_CHAMBER_PRESSURE_std,True,1.137708673372421,0.5104727369038181
15,p2_primary_RETAINER_RING_PRESSURE_auc,False,1.3639113022010692,0.01790126902625964
15,p2_primary_RETAINER_RING_PRESSURE_mean,False,1.2064535663568658,0.007262263325868327
15,p2_primary_RETAINER_RING_PRESSURE_std,True,1.743988997622572,0.057721434282126435
15,p2_primary_RIPPLE_AIR_BAG_PRESSURE_auc,True,0.33923938325642533,0.613967097170718
15,p2_primary_RIPPLE_AIR_BAG_PRESSURE_mean,True,0.1858874401934242,0.2511313534800839
15,p2_primary_RIPPLE_AIR_BAG_PRESSURE_std,True,1.2113962310866595,0.239740390788455
15,p2_primary_SLURRY_FLOW_LINE_A_auc,True,1.834058592854652,0.5057746489911741
15,p2_primary_SLURRY_FLOW_LINE_A_mean,True,0.3429044011090625,0.23973216948335072
15,p2_primary_SLURRY_FLOW_LINE_A_std,True,1.2063677274676545,0.16763313145788186
15,p2_primary_SLURRY_FLOW_LINE_B_auc,True,0.9364065606540514,0.191319528304911
15,p2_primary_SLURRY_FLOW_LINE_B_mean,True,2.123846454950118,-0.06866656542043283
15,p2_primary_SLURRY_FLOW_LINE_B_std,True,1.8359227564416298,0.23255169649148863
15,p2_primary_SLURRY_FLOW_LINE_C_auc,True,0.04440733830956225,0.46917177052617015
15,p2_primary_SLURRY_FLOW_LINE_C_mean,True,1.8479775893303583,0.31104639508143755
15,p2_primary_SLURRY_FLOW_LINE_C_std,True,2.226173508465592,0.3447176303854165
15,p2_primary_STAGE_ROTATION_mean,True,2.971927900533138,0.11704104383226457
15,p2_primary_USAGE_OF_BACKING_FILM_decreasing,True,3.3031923213237735,0.035760393775297876
15,p2_primary_USAGE_OF_BACKING_FILM_mean,True,210213.98301697907,0.17677669529663698
15,p2_primary_USAGE_OF_BACKING_FILM_std,True,18.416337677468142,-0.07475618624511823
15,p2_primary_USAGE_OF_DRESSER_TABLE_decreasing,False,0.33012814994753276,0.03760745427112297
15,p2_primary_USAGE_OF_DRESSER_TABLE_mean,True,408.55858680890253,0.18217893665918503
15,p2_primary_USAGE_OF_DRESSER_TABLE_std,False,0.10307951983652651,-0.06264001698994305
15,p2_primary_USAGE_OF_DRESSER_decreasing,False,0.11150879843376622,0.05062220802694065
15,p2_primary_USAGE_OF_DRESSER_mean,True,50.75816285123067,0.34765186150343724
15,p2_primary_USAGE_OF_DRESSER_std,False,0.6697433202734803,0.00025825933558006964
15,p2_primary_USAGE_OF_MEMBRANE_decreasing,True,10.281658751846296,-0.325998451475549
15,p2_primary_USAGE_OF_MEMBRANE_mean,True,246953.55812426808,-0.2537122526384667
15,p2_primary_USAGE_OF_MEMBRANE_std,True,156.5644056143735,0.28495039610255257
15,p2_primary_USAGE_OF_POLISHING_TABLE_decreasing,False,1.1309341690998578,0.024443202316020634
15,p2_primary_USAGE_OF_POLISHING_TABLE_mean,True,1.113669606253129,0.3709224457687916
15,p2_primary_USAGE_OF_POLISHING_TABLE_std,True,1.1988296092168496,0.45723578291829026
15,p2_primary_USAGE_OF_PRESSURIZED_SHEET_decreasing,True,9.35364799597622,-0.4356245224486523
15,p2_primary_USAGE_OF_PRESSURIZED_SHEET_mean,True,36623.4585190181,0.05261893189819283
15,p2_primary_USAGE_OF_PRESSURIZED_SHEET_std,True,154.58084024713517,0.17197071059380065
15,p2_primary_WAFER_ROTATION_mean,False,1.3131727904490091,-0.20973355652327505
15,p2_primary_duration,True,2.2416459025021274,0.11456928088893313
15,p2_secondary_CENTER_AIR_BAG_PRESSURE_auc,False,1.3396564605385495,-0.198896250237952
15,p2_secondary_CENTER_AIR_BAG_PRESSURE_mean,True,1.546322688676315,0.3133693821915267
15,p2_secondary_CENTER_AIR_BAG_PRESSURE_std,True,3.110326700047509,-0.18616096048896855
15,p2_secondary_DRESSING_WATER_STATUS_auc,True,1.914888869582493,0.17763849930616327
15,p2_secondary_DRESSING_WATER_STATUS_mean,True,1.701344860750176,-0.005412419346847735
15,p2_secondary_DRESSING_WATER_STATUS_std,True,1.84153057025575,-0.037211018506797554
15,p2_secondary_EDGE_AIR_BAG_PRESSURE_auc,False,1.0287691110705037,-0.07301672092628222
15,p2_secondary_EDGE_AIR_BAG_PRESSURE_mean,True,1.1185031392807576,0.24179334207406405
15,p2_secondary_EDGE_AIR_BAG_PRESSURE_std,False,0.11578626324091393,-0.10281942695019362
15,p2_secondary_HEAD_ROTATION_mean,False,0.7338101335078185,-0.21423636808139138
15,p2_secondary_MAIN_OUTER_AIR_BAG_PRESSURE_auc,True,0.04537783923156207,0.24079078966107573
15,p2_secondary_MAIN_OUTER_AIR_BAG_PRESSURE_mean,True,0.09909876091348717,0.18701078058981038
15,p2_secondary_MAIN_OUTER_AIR_BAG_PRESSURE_std,True,0.6811964026409505,0.2093999691232994
15,p2_secondary_PRESSURIZED_CHAMBER_PRESSURE_auc,False,0.9930880241299761,-0.12547955097872995
15,p2_secondary_PRESSURIZED_CHAMBER_PRESSURE_mean,False,0.6712003336606781,0.11627919289575622
15,p2_secondary_PRESSURIZED_CHAMBER_PRESSURE_std,True,2.005384714467701,0.22432418040505192
15,p2_secondary_RETAINER_RING_PRESSURE_auc,False,0.5818513671453203,-0.21593966324596772
15,p2_secondary_RETAINER_RING_PRESSURE_mean,False,0.22466485209801632,-0.04609608873685567
15,p2_secondary_RETAINER_RING_PRESSURE_std,False,0.3795133034039122,-0.256998067250422
15,p2_secondary_RIPPLE_AIR_BAG_PRESSURE_auc,False,1.4622868542868648,0.10118962715201772
15,p2_secondary_RIPPLE_AIR_BAG_PRESSURE_mean,True,1.549346502102404,-0.23109134165066028
15,p2_secondary_RIPPLE_AIR_BAG_PRESSURE_std,False,1.3398786614903708,-0.1561464139309286
15,p2_secondary_SLURRY_FLOW_LINE_A_auc,False,1.220024372297372,-0.14733265379870936
15,p2_secondary_SLURRY_FLOW_LINE_A_mean,True,1.6799310173899928,-0.30764912193919897
15,p2_secondary_SLURRY_FLOW_LINE_A_std,False,0.2705014616859704,0.09929627978523593
15,p2_secondary_SLURRY_FLOW_LINE_B_auc,True,1.932276596850648,-0.0009603100477219604
15,p2_secondary_SLURRY_FLOW_LINE_B_mean,True,1.8306049448766384,0.12056940098991319
15,p2_secondary_SLURRY_FLOW_LINE_B_std,False,0.4362639853304068,0.05817696517386005
15,p2_secondary_SLURRY_FLOW_LINE_C_auc,True,1.4737875434808694,0.15038440481955842
15,p2_secondary_SLURRY_FLOW_LINE_C_mean,False,1.0048279351194953,-0.1026888670228286
15,p2_secondary_SLURRY_FLOW_LINE_C_std,True,0.26293450851859734,0.38464080018984237
15,p2_secondary_STAGE_ROTATION_mean,False,0.26998666316797787,0.047730121466346816
15,p2_secondary_USAGE_OF_BACKING_FILM_decreasing,True,73.48892021170569,0.145633687558989
15,p2_secondary_USAGE_OF_BACKING_FILM_mean,True,29379.525344009937,0.05131058731790969
15,p2_secondary_USAGE_OF_BACKING_FILM_std,True,316.65074774438017,0.12480696546809208
15,p2_secondary_USAGE_OF_DRESSER_TABLE_decreasing,False,1.4530328383021498,0.0
15,p2_secondary_USAGE_OF_DRESSER_TABLE_mean,True,398.8588163007216,0.2445649031989606
15,p2_secondary_USAGE_OF_DRESSER_TABLE_std,False,1.2705990024995113,0.0
15,p2_secondary_USAGE_OF_DRESSER_decreasing,False,0.037995781101380965,0.0
15,p2_secondary_USAGE_OF_DRESSER_mean,True,50.656734491836566,0.2686616946494356
15,p2_secondary_USAGE_OF_DRESSER_std,False,0.07871465892678783,0.0
15,p2_secondary_USAGE_OF_MEMBRANE_decreasing,True,203.42416425700324,-0.08520068929655474
15,p2_secondary_USAGE_OF_MEMBRANE_mean,True,374863.8377336319,0.1409233877594986
15,p2_secondary_USAGE_OF_MEMBRANE_std,True,694.1804378639753,0.17025664237532584
15,p2_secondary_USAGE_OF_POLISHING_TABLE_decreasing,False,1.367671216173784,0.027519434651552266
15,p2_secondary_USAGE_OF_POLISHING_TABLE_mean,True,1.1214959162811224,0.3101962108348217
15,p2_secondary_USAGE_OF_POLISHING_TABLE_std,False,1.1778251451966926,-0.13023385399577764
15,p2_secondary_USAGE_OF_PRESSURIZED_SHEET_decreasing,True,302.5411684626402,0.010100190834241367
15,p2_secondary_USAGE_OF_PRESSURIZED_SHEET_mean,True,404395.1799373125,0.0946094094600901
15,p2_secondary_USAGE_OF_PRESSURIZED_SHEET_std,True,1155.562345539961,0.18037162344274052
15,p2_secondary_WAFER_ROTATION_mean,False,1.2361733125989878,-0.2838911342163928
15,p2_secondary_duration,True,0.32875618403156837,0.2482310284690392
16,lag_1,True,3.8291550081702805,0.783568730975983
16,lag_2,True,1.3496412990637987,0.39594212598462114
16,lag_3,True,0.5770563061240954,0.3572277664054173
16,lag_4,False,0.21924044031659717,-0.08646426667897832
16,lag_5,True,0.5065685403077526,0.22748154925992278
16,lag_6,True,0.13966939709917628,0.3206822663447361
16,lag_7,True,1.5098691244148237,-0.040511781969566826
16,lag_8,False,0.09257737015900513,-0.0635066586458525
16,lag_9,False,0.832478767901573,-0.050491917229821236
16,lag_10,True,1.3416640029989113,0.3047234666648218
16,lag_11,True,0.15816266269085785,0.15486041361590086
16,neighbor_1,True,7.022891289485975,1.0845664735465432
16,neighbor_2,True,1.5253662731748225,0.5167978780038166
16,neighbor_3,True,2.8345363307385503,0.8607838571603054
16,neighbor_4,False,0.1491521264210199,0.12748379727980963
16,neighbor_5,False,0.36546761517935794,0.12873282148976092
16,neighbor_6,True,0.5600851336610345,0.22756217948161753
16,neighbor_7,False,0.2862776259629144,0.11741582682914702
16,neighbor_8,False,0.2852528277354395,-0.029028238468140535
16,neighbor_9,True,0.13804279682174242,0.39658860367936705
16,neighbor_10,True,1.3287080157218814,0.4326640151145868
16,p2_primary_CENTER_AIR_BAG_PRESSURE_auc,True,0.4098007799128566,1.1360173298176741
16,p2_primary_CENTER_AIR_BAG_PRESSURE_mean,True,0.36336771732561457,0.20289387782615934
16,p2_primary_CENTER_AIR_BAG_PRESSURE_std,True,0.5972809592272607,0.21096941848672085
16,p2_primary_DRESSING_WATER_STATUS_auc,True,1.622620049528208,0.14257279878135878
16,p2_primary_DRESSING_WATER_STATUS_mean,False,1.4157331667084627,-0.21043055431347918
16,p2_primary_DRESSING_WATER_STATUS_std,True,0.22671420839261705,0.3241366373907862
16,p2_primary_EDGE_AIR_BAG_PRESSURE_auc,True,1.2909127644703473,0.5044615021755224
16,p2_primary_EDGE_AIR_BAG_PRESSURE_mean,False,0.34705517581078754,0.1265025368869072
16,p2_primary_EDGE_AIR_BAG_PRESSURE_std,True,0.1660653286202958,0.45037104866019384
16,p2_primary_HEAD_ROTATION_mean,True,1.5522475076573548,-0.08169661449910559
16,p2_primary_MAIN_OUTER_AIR_BAG_PRESSURE_auc,True,0.6656385171960597,0.5828230206341168
16,p2_primary_MAIN_OUTER_AIR_BAG_PRESSURE_mean,False,0.14366673566004068,0.07180300196866062
16,p2_primary_MAIN_OUTER_AIR_BAG_PRESSURE_std,True,0.25668945858694536,0.4774288455520092
16,p2_primary_PRESSURIZED_CHAMBER_PRESSURE_auc,True,2.046815459454971,0.6695790359660505
16,p2_primary_PRESSURIZED_CHAMBER_PRESSURE_mean,True,0.053906516766197086,0.3550476813593496
16,p2_primary_PRESSURIZED_CHAMBER_PRESSURE_std,False,0.41770641318433493,0.07666779525130643
16,p2_primary_RETAINER_RING_PRESSURE_auc,True,1.2285347736972492,0.42763376829156674
16,p2_primary_RETAINER_RING_PRESSURE_mean,False,1.3109720208254012,-0.168280476556061
16,p2_primary_RETAINER_RING_PRESSURE_std,True,1.6346921581865714,-0.23648159493874737
16,p2_primary_RIPPLE_AIR_BAG_PRESSURE_auc,True,0.3561036742463743,0.40321169232519205
16,p2_primary_RIPPLE_AIR_BAG_PRESSURE_mean,True,0.010084968479097891,0.39893953229769863
16,p2_primary_RIPPLE_AIR_BAG_PRESSURE_std,True,1.049429865839746,0.23239429451828184
16,p2_primary_SLURRY_FLOW_LINE_A_auc,True,0.5044969366490444,0.6636001119372058
16,p2_primary_SLURRY_FLOW_LINE_A_mean,False,0.5662986304551911,0.10775147967889913
16,p2_primary_SLURRY_FLOW_LINE_A_std,True,0.1803613550027097,0.27587018473951597
16,p2_primary_SLURRY_FLOW_LINE_B_auc,False,1.2469823995070655,-0.27460876505328863
16,p2_primary_SLURRY_FLOW_LINE_B_mean,True,1.6227085491140607,0.10552713257256621
16,p2_primary_SLURRY_FLOW_LINE_B_std,False,0.2871175498363351,-0.3107830454898586
16,p2_primary_SLURRY_FLOW_LINE_C_auc,True,0.576982479851703,0.5664040664103508
16,p2_primary_SLURRY_FLOW_LINE_C_mean,True,1.150002304966319,0.24718876403536652
16,p2_primary_SLURRY_FLOW_LINE_C_std,True,1.8250840619251767,0.07784762886461258
16,p2_primary_STAGE_ROTATION_mean,True,2.8736563091873797,0.4144164501812807
16,p2_primary_USAGE_OF_BACKING_FILM_decreasing,True,6.2768537341328505,-0.009933576511367568
16,p2_primary_USAGE_OF_BACKING_FILM_mean,True,215156.80027622016,0.22113125225653915
16,p2_primary_USAGE_OF_BACKING_FILM_std,True,77.34431421582462,0.049523997639525204
16,p2_primary_USAGE_OF_DRESSER_TABLE_decreasing,True,2.147463056281715,0.2756961555243531
16,p2_primary_USAGE_OF_DRESSER_TABLE_mean,True,509.6374984400864,0.2928628737515695
16,p2_primary_USAGE_OF_DRESSER_TABLE_std,True,1.7734088966308232,-0.011404226355098511
16,p2_primary_USAGE_OF_DRESSER_decreasing,False,0.8147727958287642,-0.05907430072362577
16,p2_primary_USAGE_OF_DRESSER_mean,True,83.06614672925492,0.3373890967533797
16,p2_primary_USAGE_OF_DRESSER_std,False,0.6234774319918188,-0.09078201237897762
16,p2_primary_USAGE_OF_MEMBRANE_decreasing,True,9.097457277955492,-0.08049198955554804
16,p2_primary_USAGE_OF_MEMBRANE_mean,True,79054.89145755407,0.17538106053267305
16,p2_primary_USAGE_OF_MEMBRANE_std,True,137.79480400831034,0.3460480939684947
16,p2_primary_USAGE_OF_POLISHING_TABLE_decreasing,False,0.8509793722107234,0.14122404879034153
16,p2_primary_USAGE_OF_POLISHING_TABLE_mean,False,1.1681327328778106,-0.14017922633334748
16,p2_primary_USAGE_OF_POLISHING_TABLE_std,True,0.7457220882191467,0.2015901720819337
16,p2_primary_USAGE_OF_PRESSURIZED_SHEET_decreasing,True,14.313457009484225,-0.2979451619815666
16,p2_primary_USAGE_OF_PRESSURIZED_SHEET_mean,True,136265.4505922504,-0.008196055380083465
16,p2_primary_USAGE_OF_PRESSURIZED_SHEET_std,True,220.81500917786917,0.22241532519900556
16,p2_primary_WAFER_ROTATION_mean,True,0.18242625758435957,0.17565821096785028
16,p2_primary_duration,True,1.213424033982283,0.18595070380161882
16,p2_secondary_CENTER_AIR_BAG_PRESSURE_auc,True,0.21943546746384573,0.3228980379351819
16,p2_secondary_CENTER_AIR_BAG_PRESSURE_mean,False,0.34344639416030137,-0.04984745483854026
16,p2_secondary_CENTER_AIR_BAG_PRESSURE_std,False,1.0839004873087015,-0.10927301315870482
16,p2_secondary_DRESSING_WATER_STATUS_auc,True,1.5273630594652268,0.1682502331376747
16,p2_secondary_DRESSING_WATER_STATUS_mean,False,1.415903511529031,0.034426465897296504
16,p2_secondary_DRESSING_WATER_STATUS_std,False,0.7360919038208713,-0.04103309979221943
16,p2_secondary_EDGE_AIR_BAG_PRESSURE_auc,False,0.6588235486709184,0.008109386737141858
16,p2_secondary_EDGE_AIR_BAG_PRESSURE_mean,False,0.5943787856769566,0.0035266082987443765
16,p2_secondary_EDGE_AIR_BAG_PRESSURE_std,True,0.5017649418366248,0.1543775592483331
16,p2_secondary_HEAD_ROTATION_mean,False,1.211813401314438,0.08349223582648534
16,p2_secondary_MAIN_OUTER_AIR_BAG_PRESSURE_auc,False,0.2666892261997235,-0.04724431557871887
16,p2_secondary_MAIN_OUTER_AIR_BAG_PRESSURE_mean,True,0.2617147068931694,0.1723344965334918
16,p2_secondary_MAIN_OUTER_AIR_BAG_PRESSURE_std,False,0.8054995319314266,0.0987569397405183
16,p2_secondary_PRESSURIZED_CHAMBER_PRESSURE_auc,False,1.2781429903525106,0.12477188410920614
16,p2_secondary_PRESSURIZED_CHAMBER_PRESSURE_mean,True,1.5470722613338779,-0.23401722539526576
16,p2_secondary_PRESSURIZED_CHAMBER_PRESSURE_std,True,1.6719290184873992,0.0366637195492457
16,p2_secondary_RETAINER_RING_PRESSURE_auc,True,1.4170930400076829,0.15242716779321328
16,p2_secondary_RETAINER_RING_PRESSURE_mean,False,0.3130684956263246,0.01691066804427217
16,p2_secondary_RETAINER_RING_PRESSURE_std,True,0.3172941204074595,0.1764153424376153
16,p2_secondary_RIPPLE_AIR_BAG_PRESSURE_auc,True,0.9622481897951024,0.18784984632835958
16,p2_secondary_RIPPLE_AIR_BAG_PRESSURE_mean,True,0.9886266634702209,0.16949878096900212
16,p2_secondary_RIPPLE_AIR_BAG_PRESSURE_std,False,0.8773832343222739,0.0892778291910752
16,p2_secondary_SLURRY_FLOW_LINE_A_auc,True,1.545967368586889,0.05421591911924982
16,p2_secondary_SLURRY_FLOW_LINE_A_mean,True,1.7338071539616686,-0.17138514573146807
16,p2_secondary_SLURRY_FLOW_LINE_A_std,True,0.6360774770215156,0.18150872113739533
16,p2_secondary_SLURRY_FLOW_LINE_B_auc,True,1.9996126523872282,-0.1019345152859872
16,p2_secondary_SLURRY_FLOW_LINE_B_mean,True,1.9971965094271287,0.2134706110663473
16,p2_secondary_SLURRY_FLOW_LINE_B_std,False,0.405280802904061,0.1415718680349487
16,p2_secondary_SLURRY_FLOW_LINE_C_auc,False,0.6056861609320153,0.03130206638580563
16,p2_secondary_SLURRY_FLOW_LINE_C_mean,False,0.19312850940930573,-0.2639690316722945
16,p2_secondary_SLURRY_FLOW_LINE_C_std,False,0.6341283189541598,0.0802762297717382
16,p2_secondary_STAGE_ROTATION_mean,False,0.8205859432929081,0.14979660180417692
16,p2_secondary_USAGE_OF_BACKING_FILM_decreasing,True,5.542848572126235,0.2694686817761264
16,p2_secondary_USAGE_OF_BACKING_FILM_mean,True,49767.05271529041,0.07702136502790954
16,p2_secondary_USAGE_OF_BACKING_FILM_std,True,19.639344673175735,0.038698852872020684
16,p2_secondary_USAGE_OF_DRESSER_TABLE_decreasing,True,2.6598156965552935,0.0
16,p2_secondary_USAGE_OF_DRESSER_TABLE_mean,True,524.1982506833047,-0.11337413408380985
16,p2_secondary_USAGE_OF_DRESSER_TABLE_std,True,2.435784573020847,0.0
16,p2_secondary_USAGE_OF_DRESSER_decreasing,False,1.116178508029924,0.0
16,p2_secondary_USAGE_OF_DRESSER_mean,True,83.25419615714323,0.24714213030994747
16,p2_secondary_USAGE_OF_DRESSER_std,False,1.0220378248244784,0.0
16,p2_secondary_USAGE_OF_MEMBRANE_decreasing,True,542.9534792823163,-0.25625271931256577
16,p2_secondary_USAGE_OF_MEMBRANE_mean,True,496422.62755750713,0.09242706973871717
16,p2_secondary_USAGE_OF_MEMBRANE_std,True,1671.5093474814303,-0.17677669529663692
16,p2_secondary_USAGE_OF_POLISHING_TABLE_decreasing,True,0.4491371403394547,0.3387560741601171
16,p2_secondary_USAGE_OF_POLISHING_TABLE_mean,False,1.2149317082313147,-0.006529728167086234
16,p2_secondary_USAGE_OF_POLISHING_TABLE_std,False,0.4049914610859021,-0.33583728549003333
16,p2_secondary_USAGE_OF_PRESSURIZED_SHEET_decreasing,True,441.3181485279439,0.2738904758954747
16,p2_secondary_USAGE_OF_PRESSURIZED_SHEET_mean,True,446933.13580598566,0.24366005972953325
16,p2_secondary_USAGE_OF_PRESSURIZED_SHEET_std,True,1414.2675277312537,0.2800908240604308
16,p2_secondary_WAFER_ROTATION_mean,False,0.16336004435552598,0.12148009089941741
16,p2_secondary_duration,True,1.0177655828039978,0.15570300093975076
17,lag_1,True,5.711609609346372,1.0615370909330268
17,lag_2,True,0.6282495872517722,0.38265571379765245
17,lag_3,True,0.5681077231054952,0.35964557202699077
17,lag_4,True,0.7471663999748014,0.21511688972786946
17,lag_5,True,0.045462364710659064,0.15341121794796772
17,lag_6,False,0.353278834649143,-0.25840646697628356
17,lag_7,False,0.815473376461478,0.026168831042323336
17,lag_8,False,0.48134540128517866,-0.07349421008686623
17,lag_9,False,0.4303811261263012,-0.3945216496420038
17,lag_10,True,2.5055808791955556,0.2755541741925541
17,lag_11,False,0.7715390843219505,0.12153760023547952
17,neighbor_1,True,6.01144340632059,1.0225241110194059
17,neighbor_2,True,2.0667831651340896,1.2653110237195857
17,neighbor_3,True,0.9496064302571345,0.43866811111568266
17,neighbor_4,True,0.5386409536265444,0.27343673910541255
17,neighbor_5,False,1.2593409384225123,-0.0730609096117616
17,neighbor_6,True,0.2789392126827648,0.28879742442968565
17,neighbor_7,False,0.5804181498752987,0.11334961570724904
17,neighbor_8,True,1.4261033979419144,0.37043376874311484
17,neighbor_9,True,0.6339914726599634,0.24328145378111543
17,neighbor_10,True,1.6126925869991426,0.36470006938039345
17,p2_primary_CENTER_AIR_BAG_PRESSURE_auc,True,0.701009347767352,0.6090060028523577
17,p2_primary_CENTER_AIR_BAG_PRESSURE_mean,False,0.7636741221557624,0.111808695071089
17,p2_primary_CENTER_AIR_BAG_PRESSURE_std,True,0.9357084773505789,0.21178072553478622
17,p2_primary_DRESSING_WATER_STATUS_auc,False,0.9653496716250484,0.04896553935523791
17,p2_primary_DRESSING_WATER_STATUS_mean,False,1.1121832887807788,0.10050607307668016
17,p2_primary_DRESSING_WATER_STATUS_std,True,0.7326822643704813,0.1656566629736192
17,p2_primary_EDGE_AIR_BAG_PRESSURE_auc,True,2.4685276740437514,0.19366026580815385
17,p2_primary_EDGE_AIR_BAG_PRESSURE_mean,True,1.5414445800419436,0.04102904796199838
17,p2_primary_EDGE_AIR_BAG_PRESSURE_std,True,0.09857524686842399,0.4439173217113871
17,p2_primary_HEAD_ROTATION_mean,False,0.05185934660645373,-0.08044508944097192
17,p2_primary_MAIN_OUTER_AIR_BAG_PRESSURE_auc,True,0.6153391728004932,0.38140420395141644
17,p2_primary_MAIN_OUTER_AIR_BAG_PRESSURE_mean,True,0.0009161864977995728,0.27241515759136414
17,p2_primary_MAIN_OUTER_AIR_BAG_PRESSURE_std,True,0.553682906988628,0.36974433713501825
17,p2_primary_PRESSURIZED_CHAMBER_PRESSURE_auc,True,2.1197045598718987,0.4848558181170022
17,p2_primary_PRESSURIZED_CHAMBER_PRESSURE_mean,True,0.30431527164452454,0.3636185308051825
17,p2_primary_PRESSURIZED_CHAMBER_PRESSURE_std,True,2.131116567185505,0.2984355690409461
17,p2_primary_RETAINER_RING_PRESSURE_auc,True,0.7879898257273238,0.2077505133766013
17,p2_primary_RETAINER_RING_PRESSURE_mean,False,1.2287489294650948,-0.07338838366182097
17,p2_primary_RETAINER_RING_PRESSURE_std,False,1.2386896494239936,-0.1764302294117221
17,p2_primary_RIPPLE_AIR_BAG_PRESSURE_auc,True,0.6344390830729489,0.7243541789216044
17,p2_primary_RIPPLE_AIR_BAG_PRESSURE_mean,True,0.9411253988992339,0.37595431461054335
17,p2_primary_RIPPLE_AIR_BAG_PRESSURE_std,True,1.4212629939562336,0.30223895193340466
17,p2_primary_SLURRY_FLOW_LINE_A_auc,True,0.7974450710373759,0.21819564787329815
17,p2_primary_SLURRY_FLOW_LINE_A_mean,True,0.2603200994358196,0.20647810160680966
17,p2_primary_SLURRY_FLOW_LINE_A_std,False,0.5155797981494663,0.01636587649433422
17,p2_primary_SLURRY_FLOW_LINE_B_auc,True,1.7579310364303835,0.32202820860853965
17,p2_primary_SLURRY_FLOW_LINE_B_mean,False,0.6082261595588144,0.007047039534820958
17,p2_primary_SLURRY_FLOW_LINE_B_std,False,0.9159327540583136,-0.00051947959649102
17,p2_primary_SLURRY_FLOW_LINE_C_auc,True,0.6642329614816841,0.7515607399010193
17,p2_primary_SLURRY_FLOW_LINE_C_mean,True,1.649103575372587,0.6470259564960961
17,p2_primary_SLURRY_FLOW_LINE_C_std,True,1.6488076966912812,0.11059520401015681
17,p2_primary_STAGE_ROTATION_mean,True,3.0500883873893483,0.03419588385428013
17,p2_primary_USAGE_OF_BACKING_FILM_decreasing,True,6.686921920276898,0.1490742313819637
17,p2_primary_USAGE_OF_BACKING_FILM_mean,True,3805846.65696222,0.3107160264120071
17,p2_primary_USAGE_OF_BACKING_FILM_std,True,12.932975170280757,0.20442758567415817
17,p2_primary_USAGE_OF_DRESSER_TABLE_decreasing,False,0.37497554282297235,-0.03694398106916273
17,p2_primary_USAGE_OF_DRESSER_TABLE_mean,True,156.42560983706795,0.15767742815495844
17,p2_primary_USAGE_OF_DRESSER_TABLE_std,False,0.16526997729441956,-0.11409310708159402
17,p2_primary_USAGE_OF_DRESSER_decreasing,False,0.617599655664098,0.10764155533920126
17,p2_primary_USAGE_OF_DRESSER_mean,True,67.0537001091876,0.2660253975515108
17,p2_primary_USAGE_OF_DRESSER_std,True,0.15226731799661689,0.15000771608152125
17,p2_primary_USAGE_OF_MEMBRANE_decreasing,True,45.81759798960989,0.07517069932808633
17,p2_primary_USAGE_OF_MEMBRANE_mean,True,1136631.3845175784,-0.157664861396596
17,p2_primary_USAGE_OF_MEMBRANE_std,True,54.48234584261279,0.2496671392692005
17,p2_primary_USAGE_OF_POLISHING_TABLE_decreasing,False,1.3904432088406118,0.09264260704462529
17,p2_primary_USAGE_OF_POLISHING_TABLE_mean,False,1.297705400414729,-0.09604109257087358
17,p2_primary_USAGE_OF_POLISHING_TABLE_std,True,1.4406399010957482,0.3285755073436497
17,p2_primary_USAGE_OF_PRESSURIZED_SHEET_decreasing,True,56.8831483344982,0.24026603967979523
17,p2_primary_USAGE_OF_PRESSURIZED_SHEET_mean,True,2658807.5152137354,0.15711468718493987
17,p2_primary_USAGE_OF_PRESSURIZED_SHEET_std,True,68.3806031538932,0.10738218096378131
17,p2_primary_WAFER_ROTATION_mean,True,1.4716368094227266,0.21059118477772712
17,p2_primary_duration,True,0.7734941631355563,0.26451276910623656
17,p2_secondary_CENTER_AIR_BAG_PRESSURE_auc,False,0.7399349112653941,-0.12321508980164854
17,p2_secondary_CENTER_AIR_BAG_PRESSURE_mean,False,0.8520285581074787,0.11770446269153373
17,p2_secondary_CENTER_AIR_BAG_PRESSURE_std,False,1.3204041901377206,-0.1929821188819408
17,p2_secondary_DRESSING_WATER_STATUS_auc,True,0.23559940462553786,0.17997567099414472
17,p2_secondary_DRESSING_WATER_STATUS_mean,False,0.3094743994894914,-0.07480277541095189
17,p2_secondary_DRESSING_WATER_STATUS_std,False,1.0555018606814712,0.11689735379228672
17,p2_secondary_EDGE_AIR_BAG_PRESSURE_auc,True,0.04879910570350112,0.29244594157121967
17,p2_secondary_EDGE_AIR_BAG_PRESSURE_mean,False,0.11177903154980268,-0.056275431916368246
17,p2_secondary_EDGE_AIR_BAG_PRESSURE_std,False,0.44997924111458987,-0.2226444940845578
17,p2_secondary_HEAD_ROTATION_mean,False,0.3128499038090248,-0.24852621475384634
17,p2_secondary_MAIN_OUTER_AIR_BAG_PRESSURE_auc,True,0.19920731393082305,0.32708423229911104
17,p2_secondary_MAIN_OUTER_AIR_BAG_PRESSURE_mean,True,0.3099124031016824,0.21577498935260683
17,p2_secondary_MAIN_OUTER_AIR_BAG_PRESSURE_std,False,0.6058831653111655,0.055716810899978826
17,p2_secondary_PRESSURIZED_CHAMBER_PRESSURE_auc,True,1.172605313800081,0.20283645384594245
17,p2_secondary_PRESSURIZED_CHAMBER_PRESSURE_mean,False,1.445556399362848,-0.1995008862310504
17,p2_secondary_PRESSURIZED_CHAMBER_PRESSURE_std,True,2.116889112750158,0.37484970285333385
17,p2_secondary_RETAINER_RING_PRESSURE_auc,True,1.172657756365863,0.22605269640352285
17,p2_secondary_RETAINER_RING_PRESSURE_mean,False,0.9825436680672528,0.06496738158263346
17,p2_secondary_RETAINER_RING_PRESSURE_std,True,1.8177332463434366,-0.17454272032225593
17,p2_secondary_RIPPLE_AIR_BAG_PRESSURE_auc,False,0.15243051835487692,0.028521163115610686
17,p2_secondary_RIPPLE_AIR_BAG_PRESSURE_mean,False,0.16827632853900334,-0.019290131697800382
17,p2_secondary_RIPPLE_AIR_BAG_PRESSURE_std,True,1.5581042634593396,0.15472935731665396
17,p2_secondary_SLURRY_FLOW_LINE_A_auc,True,0.6897449455060829,0.15587759636015172
17,p2_secondary_SLURRY_FLOW_LINE_A_mean,True,1.2940842357195768,0.2964356697359125
17,p2_secondary_SLURRY_FLOW_LINE_A_std,False,0.7151756671345765,0.01696014488802223
17,p2_secondary_SLURRY_FLOW_LINE_B_auc,False,1.3406625837561938,0.10428251698902177
17,p2_secondary_SLURRY_FLOW_LINE_B_mean,False,1.3058754419370044,-0.08335194528862797
17,p2_secondary_SLURRY_FLOW_LINE_B_std,True,0.8936651188431134,0.15427281896877842
17,p2_secondary_SLURRY_FLOW_LINE_C_auc,True,1.2730019476764605,0.21884646658680307
17,p2_secondary_SLURRY_FLOW_LINE_C_mean,True,0.7012658881050389,0.1651174461148283
17,p2_secondary_SLURRY_FLOW_LINE_C_std,True,0.317761146403791,0.1782363201387423
17,p2_secondary_STAGE_ROTATION_mean,False,0.6343073341211235,-0.015156420237460288
17,p2_secondary_USAGE_OF_BACKING_FILM_decreasing,True,4.423431396259643,0.16118794559224814
17,p2_secondary_USAGE_OF_BACKING_FILM_mean,True,1262473.9412815077,-0.19943489817790563
17,p2_secondary_USAGE_OF_BACKING_FILM_std,True,14.588864872724276,-0.2202319960468198
17,p2_secondary_USAGE_OF_DRESSER_TABLE_decreasing,False,1.3791372532941746,0.0
17,p2_secondary_USAGE_OF_DRESSER_TABLE_mean,True,155.28121145953773,0.3521297988229448
17,p2_secondary_USAGE_OF_DRESSER_TABLE_std,False,1.3549278412741703,0.0
17,p2_secondary_USAGE_OF_DRESSER_decreasing,False,0.6261337709612358,0.0
17,p2_secondary_USAGE_OF_DRESSER_mean,True,66.81860507487733,0.32060134798742546
17,p2_secondary_USAGE_OF_DRESSER_std,False,0.49428083752038016,0.0
17,p2_secondary_USAGE_OF_MEMBRANE_decreasing,True,268.413445681094,0.10143341329884639
17,p2_secondary_USAGE_OF_MEMBRANE_mean,True,6020784.633555889,0.3531627907517389
17,p2_secondary_USAGE_OF_MEMBRANE_std,True,951.1110345585694,-0.26211057815315647
17,p2_secondary_USAGE_OF_POLISHING_TABLE_decreasing,False,0.5382099770434244,0.11559995497662617
17,p2_secondary_USAGE_OF_POLISHING_TABLE_mean,True,1.3488048954931162,0.4150305748300526
17,p2_secondary_USAGE_OF_POLISHING_TABLE_std,False,0.4108747472727121,-0.1265055893293383
17,p2_secondary_USAGE_OF_PRESSURIZED_SHEET_decreasing,True,217.5764484074368,0.15456937628281728
17,p2_secondary_USAGE_OF_PRESSURIZED_SHEET_mean,True,7287503.150732285,0.17677669529663673
17,p2_secondary_USAGE_OF_PRESSURIZED_SHEET_std,True,813.2914834656433,0.05303267572661311
17,p2_secondary_WAFER_ROTATION_mean,False,1.1953692256239987,0.10147961602757707
17,p2_secondary_duration,False,0.8261796606330724,-0.03524915466151649
18,lag_1,True,4.548101443703544,0.7716100424643442
18,lag_2,True,0.09027870519590218,0.4423809977552129
18,lag_3,True,1.754645338973542,0.353483660364838
18,lag_4,False,0.5295464353415354,-0.051806418685746765
18,lag_5,False,0.13320736473713657,-0.3372627732234295
18,lag_6,True,1.7445078727731296,0.025931510783832233
18,lag_7,True,1.0730041995345598,0.2632741239977055
18,lag_8,True,1.5323656945518704,0.23153630381900506
18,lag_9,False,0.3037843137805798,0.10542409996476203
18,lag_10,True,2.7043865412923322,-0.13316432671557468
18,lag_11,False,1.118420166736411,-0.09817800169920238
18,neighbor_1,True,6.15911632838879,1.0293220701998247
18,neighbor_2,True,1.533220447653678,0.47758315950101277
18,neighbor_3,True,0.1523941826169814,0.1663617850117141
18,neighbor_4,True,1.5008991524893687,0.28088596660701226
18,neighbor_5,True,1.4061896004644658,0.4022946520478995
18,neighbor_6,True,0.8692690577756876,0.5005072791834821
18,neighbor_7,False,0.30526250239202735,-0.2902435758443503
18,neighbor_8,True,0.14749225336571195,0.2418076692470328
18,neighbor_9,True,0.08540157313296053,0.2545030356312913
18,neighbor_10,True,0.027207764247524642,0.2347913980591852
18,p2_primary_CENTER_AIR_BAG_PRESSURE_auc,True,0.17829671651696843,0.5682659526495123
18,p2_primary_CENTER_AIR_BAG_PRESSURE_mean,True,0.14139938912966363,0.45397186929284555
18,p2_primary_CENTER_AIR_BAG_PRESSURE_std,True,0.15462439592921723,0.3886006709125563
18,p2_primary_DRESSING_WATER_STATUS_auc,True,1.8268848059322929,0.39166815831668705
18,p2_primary_DRESSING_WATER_STATUS_mean,True,1.9648070068784456,0.0385196019384759
18,p2_primary_DRESSING_WATER_STATUS_std,False,0.8117907900936663,0.02324783358476605
18,p2_primary_EDGE_AIR_BAG_PRESSURE_auc,True,2.247325390016379,0.25100444199382577
18,p2_primary_EDGE_AIR_BAG_PRESSURE_mean,False,1.3967921023247492,-0.10140884249415696
18,p2_primary_EDGE_AIR_BAG_PRESSURE_std,True,0.5397053384915892,0.4497140738047051
18,p2_primary_HEAD_ROTATION_mean,False,1.1010674232256568,0.14974575354004888
18,p2_primary_MAIN_OUTER_AIR_BAG_PRESSURE_auc,True,0.7843484338785918,0.4100382387622195
18,p2_primary_MAIN_OUTER_AIR_BAG_PRESSURE_mean,True,0.3772273815436993,0.3367938569883355
18,p2_primary_MAIN_OUTER_AIR_BAG_PRESSURE_std,True,0.07655319469537968,0.5084283448374458
18,p2_primary_PRESSURIZED_CHAMBER_PRESSURE_auc,True,1.782640871535172,0.4337804439117615
18,p2_primary_PRESSURIZED_CHAMBER_PRESSURE_mean,False,0.43823681764925065,0.06552823439592437
18,p2_primary_PRESSURIZED_CHAMBER_PRESSURE_std,True,1.5584678210027023,0.5213831493629842
18,p2_primary_RETAINER_RING_PRESSURE_auc,True,2.0055895393236343,0.06606023953373968
18,p2_primary_RETAINER_RING_PRESSURE_mean,False,0.6904469066716697,-0.1535847456640749
18,p2_primary_RETAINER_RING_PRESSURE_std,True,1.3222389287976268,0.22929711153097065
18,p2_primary_RIPPLE_AIR_BAG_PRESSURE_auc,True,0.17658135731145808,0.7589460133236109
18,p2_primary_RIPPLE_AIR_BAG_PRESSURE_mean,True,0.4716396496419906,0.4373290432298381
18,p2_primary_RIPPLE_AIR_BAG_PRESSURE_std,True,2.3108988016320877,0.24625715831892311
18,p2_primary_SLURRY_FLOW_LINE_A_auc,True,1.1195086443758349,0.4970586532978745
18,p2_primary_SLURRY_FLOW_LINE_A_mean,True,0.6965504224370394,0.23103075240855978
18,p2_primary_SLURRY_FLOW_LINE_A_std,True,1.5782651484947772,0.16700522519776853
18,p2_primary_SLURRY_FLOW_LINE_B_auc,True,2.993898730617579,0.2074275257364624
18,p2_primary_SLURRY_FLOW_LINE_B_mean,False,0.2816644950918092,0.07302772001501572
18,p2_primary_SLURRY_FLOW_LINE_B_std,False,0.6853594987748577,-0.13270461474034295
18,p2_primary_SLURRY_FLOW_LINE_C_auc,True,0.9617563486352905,0.5334171713811874
18,p2_primary_SLURRY_FLOW_LINE_C_mean,True,1.4319731044403932,0.42955312533394857
18,p2_primary_SLURRY_FLOW_LINE_C_std,True,2.066038372711224,0.19308088380573515
18,p2_primary_STAGE_ROTATION_mean,True,2.1011855266797603,0.2031018762170018
18,p2_primary_USAGE_OF_BACKING_FILM_decreasing,True,9.558478488718354,-0.17947776538747912
18,p2_primary_USAGE_OF_BACKING_FILM_mean,True,89987.58554271268,0.12182714154029618
18,p2_primary_USAGE_OF_BACKING_FILM_std,True,93.3810674335457,-0.23384526379671206
18,p2_primary_USAGE_OF_DRESSER_TABLE_decreasing,False,0.13179019511373538,0.12808881283194984
18,p2_primary_USAGE_OF_DRESSER_TABLE_mean,True,1519.760819906613,-0.16840392529240075
18,p2_primary_USAGE_OF_DRESSER_TABLE_std,False,0.021587843464400465,0.062389798723580685
18,p2_primary_USAGE_OF_DRESSER_decreasing,False,0.4637167714239229,-0.04586144973802742
18,p2_primary_USAGE_OF_DRESSER_mean,True,68.52302727986081,0.504276985702087
18,p2_primary_USAGE_OF_DRESSER_std,False,0.949720371783575,-0.05127984616391979
18,p2_primary_USAGE_OF_MEMBRANE_decreasing,True,25.766543424067542,-0.09366145234471239
18,p2_primary_USAGE_OF_MEMBRANE_mean,True,81108.39592748221,0.3290972692903703
18,p2_primary_USAGE_OF_MEMBRANE_std,True,373.0944328129198,0.27478803343603947
18,p2_primary_USAGE_OF_POLISHING_TABLE_decreasing,False,0.17207546745701185,-0.03494346556061168
18,p2_primary_USAGE_OF_POLISHING_TABLE_mean,True,1.0932915402002001,0.3115944616971712
18,p2_primary_USAGE_OF_POLISHING_TABLE_std,True,0.1862434965900291,0.23102677184392714
18,p2_primary_USAGE_OF_PRESSURIZED_SHEET_decreasing,True,33.660573288056675,0.25827908317545706
18,p2_primary_USAGE_OF_PRESSURIZED_SHEET_mean,True,9132.20922337256,0.2350394568028592
18,p2_primary_USAGE_OF_PRESSURIZED_SHEET_std,True,508.56138595994315,0.26623234976126015
18,p2_primary_WAFER_ROTATION_mean,False,0.36503105874502084,-0.05840867495945486
18,p2_primary_duration,True,0.5145365657849333,0.19103371489776366
18,p2_secondary_CENTER_AIR_BAG_PRESSURE_auc,False,0.8128758762467759,-0.3108408325787814
18,p2_secondary_CENTER_AIR_BAG_PRESSURE_mean,True,0.8545769432936653,0.16777647896106165
18,p2_secondary_CENTER_AIR_BAG_PRESSURE_std,True,0.3901523781369374,0.18497899314637783
18,p2_secondary_DRESSING_WATER_STATUS_auc,False,0.40640993926536556,-0.18754406832780193
18,p2_secondary_DRESSING_WATER_STATUS_mean,True,0.3426611304165865,0.2293179723225095
18,p2_secondary_DRESSING_WATER_STATUS_std,False,0.38056051196358537,0.012430767719761244
18,p2_secondary_EDGE_AIR_BAG_PRESSURE_auc,True,0.21940490887901495,0.25938758679858304
18,p2_secondary_EDGE_AIR_BAG_PRESSURE_mean,False,0.17626786555970841,-0.2523440660442668
18,p2_secondary_EDGE_AIR_BAG_PRESSURE_std,True,0.9245478757813581,0.2695722988764041
18,p2_secondary_HEAD_ROTATION_mean,False,0.36950993558859513,-0.12853614571959712
18,p2_secondary_MAIN_OUTER_AIR_BAG_PRESSURE_auc,True,0.38791337089129574,0.179968948062071
18,p2_secondary_MAIN_OUTER_AIR_BAG_PRESSURE_mean,False,0.33102153755978564,-0.20584979530747216
18,p2_secondary_MAIN_OUTER_AIR_BAG_PRESSURE_std,False,1.0004366979584383,0.005074835773652087
18,p2_secondary_PRESSURIZED_CHAMBER_PRESSURE_auc,False,1.4921406495823746,0.14978705552164684
18,p2_secondary_PRESSURIZED_CHAMBER_PRESSURE_mean,True,1.8851377225427324,-0.024462593529826285
18,p2_secondary_PRESSURIZED_CHAMBER_PRESSURE_std,True,2.252665037769138,0.3014391189167146
18,p2_secondary_RETAINER_RING_PRESSURE_auc,True,1.0100584986520031,0.231349911008213
18,p2_secondary_RETAINER_RING_PRESSURE_mean,False,0.05164115237044994,0.10489190181730193
18,p2_secondary_RETAINER_RING_PRESSURE_std,True,0.28355884901511647,0.1946989277723028
18,p2_secondary_RIPPLE_AIR_BAG_PRESSURE_auc,True,0.07780210806648279,0.17981650482142986
18,p2_secondary_RIPPLE_AIR_BAG_PRESSURE_mean,False,0.015812801141400296,-0.14581293784222954
18,p2_secondary_RIPPLE_AIR_BAG_PRESSURE_std,True,0.7059734781488372,0.333520576213463
18,p2_secondary_SLURRY_FLOW_LINE_A_auc,True,1.6805223445026616,-0.09276297406704896
18,p2_secondary_SLURRY_FLOW_LINE_A_mean,True,2.054300010256938,0.11969697511201459
18,p2_secondary_SLURRY_FLOW_LINE_A_std,True,0.6591967442742783,0.15784764247654076
18,p2_secondary_SLURRY_FLOW_LINE_B_auc,True,3.015446291862142,0.17013992765733743
18,p2_secondary_SLURRY_FLOW_LINE_B_mean,True,3.0288136584838403,0.06091396820760976
18,p2_secondary_SLURRY_FLOW_LINE_B_std,True,1.5015587099994099,-0.2949636883509909
18,p2_secondary_SLURRY_FLOW_LINE_C_auc,True,2.6213098568032245,-0.13640203783317345
18,p2_secondary_SLURRY_FLOW_LINE_C_mean,True,2.3555906205452115,-0.1580388727404426
18,p2_secondary_SLURRY_FLOW_LINE_C_std,True,0.5283442917735329,0.15224406593931414
18,p2_secondary_STAGE_ROTATION_mean,False,0.1056273841472865,-0.14508069999771694
18,p2_secondary_USAGE_OF_BACKING_FILM_decreasing,True,2.5723168607000746,0.2531497542964313
18,p2_secondary_USAGE_OF_BACKING_FILM_mean,True,973.5698290899545,0.22648505799556984
18,p2_secondary_USAGE_OF_BACKING_FILM_std,True,1.9811972006847962,0.0694302005055522
18,p2_secondary_USAGE_OF_DRESSER_TABLE_decreasing,False,1.0154977977620419,0.0
18,p2_secondary_USAGE_OF_DRESSER_TABLE_mean,True,1493.7749562987633,0.08505580854774941
18,p2_secondary_USAGE_OF_DRESSER_TABLE_std,False,1.3493228497965055,0.0
18,p2_secondary_USAGE_OF_DRESSER_decreasing,True,2.274848210948801,0.0
18,p2_secondary_USAGE_OF_DRESSER_mean,True,67.88753427667844,0.37325580798773944
18,p2_secondary_USAGE_OF_DRESSER_std,True,2.268247132057091,0.0
18,p2_secondary_USAGE_OF_MEMBRANE_decreasing,True,2554.4032139640635,0.1800781161036337
18,p2_secondary_USAGE_OF_MEMBRANE_mean,True,501719.17896215955,0.2055404962709099
18,p2_secondary_USAGE_OF_MEMBRANE_std,True,4488.771008061339,0.12290332784502532
18,p2_secondary_USAGE_OF_POLISHING_TABLE_decreasing,False,0.560916797171556,-0.16915233716127956
18,p2_secondary_USAGE_OF_POLISHING_TABLE_mean,True,1.1042314007607403,0.4743894053839355
18,p2_secondary_USAGE_OF_POLISHING_TABLE_std,True,0.4350326391006223,0.29650140702487787
18,p2_secondary_USAGE_OF_PRESSURIZED_SHEET_decreasing,True,2096.3057563490843,0.260570603050792
18,p2_secondary_USAGE_OF_PRESSURIZED_SHEET_mean,True,502957.4818080198,0.0862892729400801
18,p2_secondary_USAGE_OF_PRESSURIZED_SHEET_std,True,3776.2167708897114,0.17677669529663687
18,p2_secondary_WAFER_ROTATION_mean,True,0.7159997949984432,0.2047473046042391
18,p2_secondary_duration,False,0.35129395516737394,-0.06037193737707273
19,lag_1,True,3.572402521745203,0.865600477638574
19,lag_2,True,2.7301463733175866,0.35528207040229953
19,lag_3,True,0.9333751255404031,0.40033561142557333
19,lag_4,True,0.14136306627503648,0.2720001097217854
19,lag_5,False,0.548006362341555,0.11576786376226833
19,lag_6,True,0.510533161072114,0.17593634182590417
19,lag_7,False,1.1534869261028469,-0.04349816896467905
19,lag_8,True,1.7525053059132467,-0.23974123121131252
19,lag_9,False,0.4546203731142621,-0.021014511751704584
19,lag_10,False,0.9862372123139798,0.11526197853125064
19,lag_11,True,0.5001874632905415,0.34182645818206725
19,neighbor_1,True,6.63495328353874,0.8966254493235847
19,neighbor_2,True,2.183592469338726,0.9385350516610672
19,neighbor_3,True,1.9811081969933073,0.48796688204994904
19,neighbor_4,True,0.21423020969092213,0.28628057665135737
19,neighbor_5,True,1.5616203231731096,0.19291123403182872
19,neighbor_6,True,1.7388890425628787,0.22660075743930705
19,neighbor_7,True,1.128191931621466,0.2652990235888659
19,neighbor_8,True,0.6576721957616628,0.22784669659059728
19,neighbor_9,True,1.4663202202795806,0.19026243518047525
19,neighbor_10,True,0.12290336153973265,0.27821659931602843
19,p2_primary_CENTER_AIR_BAG_PRESSURE_auc,True,0.3857464788086879,1.051798626238449
19,p2_primary_CENTER_AIR_BAG_PRESSURE_mean,True,0.5225624352325129,0.24879537000810334
19,p2_primary_CENTER_AIR_BAG_PRESSURE_std,False,0.6700755351313558,0.09085455274358285
19,p2_primary_DRESSING_WATER_STATUS_auc,False,0.5632884539562719,0.025229483244217914
19,p2_primary_DRESSING_WATER_STATUS_mean,False,0.5690008638409574,0.031143438703197142
19,p2_primary_DRESSING_WATER_STATUS_std,True,0.2508267258005831,0.4034592648910076
19,p2_primary_EDGE_AIR_BAG_PRESSURE_auc,True,2.531429947338343,0.32257406212653617
19,p2_primary_EDGE_AIR_BAG_PRESSURE_mean,False,0.9582900852868597,-0.24333236880793332
19,p2_primary_EDGE_AIR_BAG_PRESSURE_std,True,0.9495316349916378,0.3821667848982253
19,p2_primary_HEAD_ROTATION_mean,False,0.19890671721390726,-0.20032642204283663
19,p2_primary_MAIN_OUTER_AIR_BAG_PRESSURE_auc,True,0.6621722230213504,0.7020841407825499
19,p2_primary_MAIN_OUTER_AIR_BAG_PRESSURE_mean,True,0.19641360195119859,0.32244991528558753
19,p2_primary_MAIN_OUTER_AIR_BAG_PRESSURE_std,True,0.8238259816091897,0.26681001208635824
19,p2_primary_PRESSURIZED_CHAMBER_PRESSURE_auc,True,2.5836098068493967,0.40621297280288243
19,p2_primary_PRESSURIZED_CHAMBER_PRESSURE_mean,True,0.3888158066979051,0.23500891155989193
19,p2_primary_PRESSURIZED_CHAMBER_PRESSURE_std,True,1.0044061454531632,0.36208637555555934
19,p2_primary_RETAINER_RING_PRESSURE_auc,True,0.9272006549288696,0.2503263665902576
19,p2_primary_RETAINER_RING_PRESSURE_mean,True,1.7847396987602742,-0.030961717470093866
19,p2_primary_RETAINER_RING_PRESSURE_std,True,1.9374373195424135,0.10720283768364662
19,p2_primary_RIPPLE_AIR_BAG_PRESSURE_auc,True,0.06204818827320758,0.765043474275475
19,p2_primary_RIPPLE_AIR_BAG_PRESSURE_mean,True,0.501057268086001,0.41164224586121817
19,p2_primary_RIPPLE_AIR_BAG_PRESSURE_std,True,1.5178820144770948,-0.0801907067052144
19,p2_primary_SLURRY_FLOW_LINE_A_auc,True,1.1829397904910386,0.30021575236669346
19,p2_primary_SLURRY_FLOW_LINE_A_mean,True,0.21696582540787882,0.39864747443493453
19,p2_primary_SLURRY_FLOW_LINE_A_std,True,0.08956671207226927,0.5686785185254405
19,p2_primary_SLURRY_FLOW_LINE_B_auc,True,1.6423954568323516,0.3777667467292071
19,p2_primary_SLURRY_FLOW_LINE_B_mean,False,1.4597385136374772,0.10805308711355191
19,p2_primary_SLURRY_FLOW_LINE_B_std,False,1.3582860177523517,-0.11031925944589396
19,p2_primary_SLURRY_FLOW_LINE_C_auc,True,1.2950961831516916,0.4623338870992556
19,p2_primary_SLURRY_FLOW_LINE_C_mean,True,1.064942286764804,0.35435459973930317
19,p2_primary_SLURRY_FLOW_LINE_C_std,True,2.991561854794577,0.30756865532283784
19,p2_primary_STAGE_ROTATION_mean,True,3.0399882109518215,0.24256706470759903
19,p2_primary_USAGE_OF_BACKING_FILM_decreasing,True,3.954903920179955,-0.012873748236974817
19,p2_primary_USAGE_OF_BACKING_FILM_mean,True,147587.42848476087,0.15494727382262077
19,p2_primary_USAGE_OF_BACKING_FILM_std,True,69.08614935369093,-0.16534741696644106
19,p2_primary_USAGE_OF_DRESSER_TABLE_decreasing,False,0.25248968228472785,0.10733900325791247
19,p2_primary_USAGE_OF_DRESSER_TABLE_mean,True,98.86706295561672,0.15595735023804197
19,p2_primary_USAGE_OF_DRESSER_TABLE_std,True,0.1684666718219516,0.18487055084826454
19,p2_primary_USAGE_OF_DRESSER_decreasing,True,1.0121268162561992,0.17900945239560082
19,p2_primary_USAGE_OF_DRESSER_mean,True,172.4721186016127,0.37375072452165975
19,p2_primary_USAGE_OF_DRESSER_std,False,1.1030034416773111,-0.18176054719201865
19,p2_primary_USAGE_OF_MEMBRANE_decreasing,True,20.41145609291062,-0.19959231345877687
19,p2_primary_USAGE_OF_MEMBRANE_mean,True,123853.70768273984,-0.2132218791402982
19,p2_primary_USAGE_OF_MEMBRANE_std,True,386.1749353639653,0.2609307447630759
19,p2_primary_USAGE_OF_POLISHING_TABLE_decreasing,False,1.1306909459333383,-0.07034419918623384
19,p2_primary_USAGE_OF_POLISHING_TABLE_mean,False,1.0195110004340493,0.07200062821430069
19,p2_primary_USAGE_OF_POLISHING_TABLE_std,True,1.156235162793129,0.30737466958824594
19,p2_primary_USAGE_OF_PRESSURIZED_SHEET_decreasing,True,25.768613683459908,-0.20944931003596695
19,p2_primary_USAGE_OF_PRESSURIZED_SHEET_mean,True,23989.08135202924,0.0
19,p2_primary_USAGE_OF_PRESSURIZED_SHEET_std,True,479.5313918758796,-0.2076725935759934
19,p2_primary_WAFER_ROTATION_mean,True,0.9792082600472025,0.22516659131161965
19,p2_primary_duration,True,1.1206516510168463,0.30197519072235585
19,p2_secondary_CENTER_AIR_BAG_PRESSURE_auc,False,0.8839921654064772,-0.1767766952966368
19,p2_secondary_CENTER_AIR_BAG_PRESSURE_mean,False,0.9917644766458182,-0.12857326141839162
19,p2_secondary_CENTER_AIR_BAG_PRESSURE_std,True,1.6545522521946676,0.176776695296637
19,p2_secondary_DRESSING_WATER_STATUS_auc,True,0.8551987433228213,0.2926352502627614
19,p2_secondary_DRESSING_WATER_STATUS_mean,False,0.7118209225929374,-0.2824103184961674
19,p2_secondary_DRESSING_WATER_STATUS_std,True,1.5595109684559207,0.03579839376985965
19,p2_secondary_EDGE_AIR_BAG_PRESSURE_auc,False,0.7130376150057185,-0.27390803706818206
19,p2_secondary_EDGE_AIR_BAG_PRESSURE_mean,False,0.6880208868254861,-0.26851789593436143
19,p2_secondary_EDGE_AIR_BAG_PRESSURE_std,False,0.28438743253462684,-0.1711365817733085
19,p2_secondary_HEAD_ROTATION_mean,False,1.0269908709452673,-0.13396587746623903
19,p2_secondary_MAIN_OUTER_AIR_BAG_PRESSURE_auc,True,1.0798767174815935,0.23945297387122916
19,p2_secondary_MAIN_OUTER_AIR_BAG_PRESSURE_mean,False,1.181144857594221,-0.06416432199469722
19,p2_secondary_MAIN_OUTER_AIR_BAG_PRESSURE_std,False,0.35223167005426564,-0.0627612494003757
19,p2_secondary_PRESSURIZED_CHAMBER_PRESSURE_auc,True,1.6748485488154674,0.06562316068767911
19,p2_secondary_PRESSURIZED_CHAMBER_PRESSURE_mean,True,1.84080374893419,0.20246790825091918
19,p2_secondary_PRESSURIZED_CHAMBER_PRESSURE_std,True,1.9179540014972667,-0.06641838199437956
19,p2_secondary_RETAINER_RING_PRESSURE_auc,False,0.7581704700473418,0.10671345533397888
19,p2_secondary_RETAINER_RING_PRESSURE_mean,False,0.6927014104801561,-0.13094991617733154
19,p2_secondary_RETAINER_RING_PRESSURE_std,False,1.2281291381511537,-0.0017332017207884625
19,p2_secondary_RIPPLE_AIR_BAG_PRESSURE_auc,True,0.15963226286356622,0.24685595338725344
19,p2_secondary_RIPPLE_AIR_BAG_PRESSURE_mean,True,0.20165340949588975,0.1762212572080813
19,p2_secondary_RIPPLE_AIR_BAG_PRESSURE_std,False,1.2732548551195002,0.147842746099271
19,p2_secondary_SLURRY_FLOW_LINE_A_auc,False,1.2998663318583503,-0.016633650485660654
19,p2_secondary_SLURRY_FLOW_LINE_A_mean,True,1.8785670908322174,0.11775785424975775
19,p2_secondary_SLURRY_FLOW_LINE_A_std,False,1.2149570742802236,-0.13635820367394005
19,p2_secondary_SLURRY_FLOW_LINE_B_auc,False,0.7758063222643801,-0.13254608181829247
19,p2_secondary_SLURRY_FLOW_LINE_B_mean,False,0.8270179109842211,0.14676395110859916
19,p2_secondary_SLURRY_FLOW_LINE_B_std,False,0.10370767714798801,0.0033422623963320673
19,p2_secondary_SLURRY_FLOW_LINE_C_auc,False,0.05712769437843144,-0.1550937076353796
19,p2_secondary_SLURRY_FLOW_LINE_C_mean,False,0.4725278003627457,-0.15209703484849132
19,p2_secondary_SLURRY_FLOW_LINE_C_std,True,0.3436399471799576,0.29192006338607707
19,p2_secondary_STAGE_ROTATION_mean,False,0.5963945271691161,-0.13628163563757084
19,p2_secondary_USAGE_OF_BACKING_FILM_decreasing,True,47.344626984938245,0.3750378642077268
19,p2_secondary_USAGE_OF_BACKING_FILM_mean,True,78478.44192747626,0.2530453982650125
19,p2_secondary_USAGE_OF_BACKING_FILM_std,True,171.72255329450488,0.22513292826006231
19,p2_secondary_USAGE_OF_DRESSER_TABLE_decreasing,False,1.1936877257215728,0.0
19,p2_secondary_USAGE_OF_DRESSER_TABLE_mean,True,104.85179125707512,0.4407035641294064
19,p2_secondary_USAGE_OF_DRESSER_TABLE_std,False,1.045386884171394,0.0
19,p2_secondary_USAGE_OF_DRESSER_decreasing,False,0.6400281666402089,0.0
19,p2_secondary_USAGE_OF_DRESSER_mean,True,172.62036724062736,0.31716036523586544
19,p2_secondary_USAGE_OF_DRESSER_std,False,0.760544937625233,0.0
19,p2_secondary_USAGE_OF_MEMBRANE_decreasing,True,41.72275886217868,0.19479116270246394
19,p2_secondary_USAGE_OF_MEMBRANE_mean,True,253894.3175317699,0.19196179195181923
19,p2_secondary_USAGE_OF_MEMBRANE_std,True,151.62985277018348,0.26360299979741986
19,p2_secondary_USAGE_OF_POLISHING_TABLE_decreasing,True,1.6300297670887702,-0.10966276413054012
19,p2_secondary_USAGE_OF_POLISHING_TABLE_mean,True,1.0656363063051477,0.3121633728202155
19,p2_secondary_USAGE_OF_POLISHING_TABLE_std,True,1.4590949344538304,0.17242027907069515
19,p2_secondary_USAGE_OF_PRESSURIZED_SHEET_decreasing,True,52.75974969129805,0.09931816205180982
19,p2_secondary_USAGE_OF_PRESSURIZED_SHEET_mean,True,175678.6522806394,0.06294573672887145
19,p2_secondary_USAGE_OF_PRESSURIZED_SHEET_std,True,162.368132185358,0.01560981956863078
19,p2_secondary_WAFER_ROTATION_mean,False,0.8348141199290678,0.026946606367931145
19,p2_secondary_duration,False,1.0884571259443123,0.14238145706734473
