fold,feature,t_abs,oob_importance,selected
0,lag_1,1.9985400387058188,0.7184512707604898,True
0,lag_2,0.26268356232519546,-0.0013719928113224593,False
0,lag_3,0.5371889631475265,-0.2589421059929829,False
0,lag_4,0.7400664568810513,0.18464027878574335,True
0,lag_5,1.00714126830095,0.13240137381766695,False
0,lag_6,0.4085383386638121,0.038868246057306176,False
0,lag_7,0.06288819404063169,-0.0869664993221446,False
0,lag_8,1.0927904271464528,0.13171621512993154,False
0,lag_9,0.5423723529928737,0.07082181865640082,False
0,lag_10,2.2386195839133727,0.3227831971551601,True
0,lag_11,2.612108292936518,0.3601592578341419,True
0,neighbor_1,4.865279542860628,1.0575713801041162,True
0,neighbor_2,0.4232319644793499,0.4803249965355339,True
0,neighbor_3,1.2723396979529331,0.3610116343615276,True
0,neighbor_4,2.667101363957133,0.18684407671562303,True
0,neighbor_5,1.718529142257108,-0.1090533513646228,True
0,neighbor_6,0.8994594523731433,-0.22816711076388171,False
0,neighbor_7,0.5725793486815175,0.09461008746382538,False
0,neighbor_8,1.5210977466032496,0.3912941018686995,True
0,neighbor_9,2.2988518730807947,0.33877929729751066,True
0,neighbor_10,0.18186876429154744,0.5552012220579442,True
0,p2_primary_CENTER_AIR_BAG_PRESSURE_auc,1.4902392371277804,1.5008794485539128,True
0,p2_primary_CENTER_AIR_BAG_PRESSURE_mean,0.7549983543894913,0.3345473716803046,True
0,p2_primary_CENTER_AIR_BAG_PRESSURE_std,1.877415905906787,0.15256424507611144,True
0,p2_primary_DRESSING_WATER_STATUS_auc,0.6630771244478023,0.16551874333888889,True
0,p2_primary_DRESSING_WATER_STATUS_mean,0.9838610473929599,0.295341849116088,True
0,p2_primary_DRESSING_WATER_STATUS_std,0.9207540093151013,-0.18245438451515925,False
0,p2_primary_EDGE_AIR_BAG_PRESSURE_auc,1.3125483789423653,0.1123654887593175,False
0,p2_primary_EDGE_AIR_BAG_PRESSURE_mean,0.5026387175404203,-0.1583560229611877,False
0,p2_primary_EDGE_AIR_BAG_PRESSURE_std,0.42762196678035547,0.22763445286422324,True
0,p2_primary_HEAD_ROTATION_mean,0.6143125461218434,0.01571553663465737,False
0,p2_primary_MAIN_OUTER_AIR_BAG_PRESSURE_auc,1.1569294224303286,0.3504139844580664,True
0,p2_primary_MAIN_OUTER_AIR_BAG_PRESSURE_mean,0.7471575072447891,0.2426668863238805,True
0,p2_primary_MAIN_OUTER_AIR_BAG_PRESSURE_std,2.0464279704992525,0.3392079230156794,True
0,p2_primary_PRESSURIZED_CHAMBER_PRESSURE_auc,0.6272475210618402,0.47284963552266335,True
0,p2_primary_PRESSURIZED_CHAMBER_PRESSURE_mean,0.6308472630657529,0.22755045320291006,True
0,p2_primary_PRESSURIZED_CHAMBER_PRESSURE_std,1.589663378712644,0.17484408890873826,True
0,p2_primary_RETAINER_RING_PRESSURE_auc,0.8256277946005764,0.19720040340680667,True
0,p2_primary_RETAINER_RING_PRESSURE_mean,1.0612582633285759,0.18106341639407764,True
0,p2_primary_RETAINER_RING_PRESSURE_std,1.2938540481605576,-0.037076398550185304,False
0,p2_primary_RIPPLE_AIR_BAG_PRESSURE_auc,0.3348783434565553,0.38091391058330154,True
0,p2_primary_RIPPLE_AIR_BAG_PRESSURE_mean,0.6305087441374332,0.19673833705744456,True
0,p2_primary_RIPPLE_AIR_BAG_PRESSURE_std,1.1741727838333333,0.38070992722673197,True
0,p2_primary_SLURRY_FLOW_LINE_A_auc,0.7740467938697302,0.3707757735344432,True
0,p2_primary_SLURRY_FLOW_LINE_A_mean,0.2760362594615581,-0.11101299263148055,False
0,p2_primary_SLURRY_FLOW_LINE_A_std,0.4622952424658829,0.23988704347065806,True
0,p2_primary_SLURRY_FLOW_LINE_B_auc,0.03574298202446222,-0.1313631109914409,False
0,p2_primary_SLURRY_FLOW_LINE_B_mean,2.8008507247328502,0.06269249028083164,True
0,p2_primary_SLURRY_FLOW_LINE_B_std,0.9957284398449683,-0.060470010353184625,False
0,p2_primary_SLURRY_FLOW_LINE_C_auc,0.548488905537136,0.5549688374354478,True
0,p2_primary_SLURRY_FLOW_LINE_C_mean,0.7348856351856303,0.5328039092633634,True
0,p2_primary_SLURRY_FLOW_LINE_C_std,1.8458150830212667,0.15374438728269907,True
0,p2_primary_STAGE_ROTATION_mean,1.5157529294849812,0.3220131657358476,True
0,p2_primary_USAGE_OF_BACKING_FILM_decreasing,10.304932103229172,-0.11857766933580084,True
0,p2_primary_USAGE_OF_BACKING_FILM_mean,203865.60878397562,0.21044572952448726,True
0,p2_primary_USAGE_OF_BACKING_FILM_std,90.6483624595268,-0.1767766952966369,True
0,p2_primary_USAGE_OF_DRESSER_TABLE_decreasing,1.4063014214480498,-0.00906717170808111,False
0,p2_primary_USAGE_OF_DRESSER_TABLE_mean,130.77127721136,0.527102140019283,True
0,p2_primary_USAGE_OF_DRESSER_TABLE_std,1.5801583552288698,0.09815136041607582,True
0,p2_primary_USAGE_OF_DRESSER_decreasing,0.7628766392752085,0.07064549043603652,False
0,p2_primary_USAGE_OF_DRESSER_mean,8.575644121738193,0.23648433793640927,True
0,p2_primary_USAGE_OF_DRESSER_std,0.5435975999501388,-0.020837407588228125,False
0,p2_primary_USAGE_OF_MEMBRANE_decreasing,29.25364203370742,0.2673362152730003,True
0,p2_primary_USAGE_OF_MEMBRANE_mean,513370.85224591516,0.22106682839829367,True
0,p2_primary_USAGE_OF_MEMBRANE_std,449.3065144317745,0.19892232131279397,True
0,p2_primary_USAGE_OF_POLISHING_TABLE_decreasing,0.8662157973620469,0.013475511445956583,False
0,p2_primary_USAGE_OF_POLISHING_TABLE_mean,0.1673019725575247,0.3228204340178185,True
0,p2_primary_USAGE_OF_POLISHING_TABLE_std,0.8638038906216432,0.333728615609212,True
0,p2_primary_USAGE_OF_PRESSURIZED_SHEET_decreasing,38.244886867363554,0.0042354001677036264,True
0,p2_primary_USAGE_OF_PRESSURIZED_SHEET_mean,309854.5458941353,0.22668393654737232,True
0,p2_primary_USAGE_OF_PRESSURIZED_SHEET_std,537.500968461735,-0.17427364316238192,True
0,p2_primary_WAFER_ROTATION_mean,0.6372258001669685,0.23698400424985505,True
0,p2_primary_duration,2.883664982175429,0.2266535873715261,True
0,p2_secondary_CENTER_AIR_BAG_PRESSURE_auc,1.9455542734671039,0.0,True
0,p2_secondary_CENTER_AIR_BAG_PRESSURE_mean,1.3806772711954716,-0.17677669529663692,False
0,p2_secondary_CENTER_AIR_BAG_PRESSURE_std,2.2633667542238323,-0.03508612609735282,True
0,p2_secondary_DRESSING_WATER_STATUS_auc,0.7779623048383905,-0.10607256898417883,False
0,p2_secondary_DRESSING_WATER_STATUS_mean,0.7267008802968465,-0.017064455519224458,False
0,p2_secondary_DRESSING_WATER_STATUS_std,1.3195779148345848,0.23786996999371665,True
0,p2_secondary_EDGE_AIR_BAG_PRESSURE_auc,0.9927202401863191,0.216284491744048,True
0,p2_secondary_EDGE_AIR_BAG_PRESSURE_mean,0.9700692105952526,-0.17677669529663687,False
0,p2_secondary_EDGE_AIR_BAG_PRESSURE_std,0.2604081996079628,0.2984192860750132,True
0,p2_secondary_HEAD_ROTATION_mean,1.1882185494616802,0.07844966728418414,False
0,p2_secondary_MAIN_OUTER_AIR_BAG_PRESSURE_auc,0.12852686439442412,0.176776695296637,True
0,p2_secondary_MAIN_OUTER_AIR_BAG_PRESSURE_mean,0.17879950580189527,-0.23576602644339448,False
0,p2_secondary_MAIN_OUTER_AIR_BAG_PRESSURE_std,0.511026056154383,0.10098956708590423,False
0,p2_secondary_PRESSURIZED_CHAMBER_PRESSURE_auc,1.8244994868346707,0.05772651423794388,True
0,p2_secondary_PRESSURIZED_CHAMBER_PRESSURE_mean,1.7511978777211055,0.09338365676272711,True
0,p2_secondary_PRESSURIZED_CHAMBER_PRESSURE_std,0.0850033640535034,0.07035682699127507,False
0,p2_secondary_RETAINER_RING_PRESSURE_auc,0.46332106209748447,0.0,False
0,p2_secondary_RETAINER_RING_PRESSURE_mean,0.6361341204541743,0.1593028047770162,True
0,p2_secondary_RETAINER_RING_PRESSURE_std,0.5741840073740512,-0.1400524924638523,False
0,p2_secondary_RIPPLE_AIR_BAG_PRESSURE_auc,0.317313283578907,-0.11788183770784666,False
0,p2_secondary_RIPPLE_AIR_BAG_PRESSURE_mean,0.16933010321715897,0.0,False
0,p2_secondary_RIPPLE_AIR_BAG_PRESSURE_std,1.518721414231484,0.13223170890211777,True
0,p2_secondary_SLURRY_FLOW_LINE_A_auc,1.624403213543007,0.048441491758610365,True
0,p2_secondary_SLURRY_FLOW_LINE_A_mean,1.792399975588718,-0.08292055087898433,True
0,p2_secondary_SLURRY_FLOW_LINE_A_std,1.394261252387047,-0.06358017088695647,False
0,p2_secondary_SLURRY_FLOW_LINE_B_auc,0.7616877572361115,-0.021249078627227063,False
0,p2_secondary_SLURRY_FLOW_LINE_B_mean,0.7050578626624071,-0.01791556840861171,False
0,p2_secondary_SLURRY_FLOW_LINE_B_std,0.03525072244311776,-0.22802234124609302,False
0,p2_secondary_SLURRY_FLOW_LINE_C_auc,1.2690681568430071,-0.09230054676392414,False
0,p2_secondary_SLURRY_FLOW_LINE_C_mean,1.4602922099245785,0.0,False
0,p2_secondary_SLURRY_FLOW_LINE_C_std,1.0924327228948392,-0.27236735713385796,False
0,p2_secondary_STAGE_ROTATION_mean,0.6417724623422951,-0.12839113874120087,False
0,p2_secondary_USAGE_OF_BACKING_FILM_decreasing,39.22692579805477,0.17677669529663695,True
0,p2_secondary_USAGE_OF_BACKING_FILM_mean,606.511168070749,0.03334731150430814,True
0,p2_secondary_USAGE_OF_BACKING_FILM_std,199.70880857304005,-0.12334219909106735,True
0,p2_secondary_USAGE_OF_DRESSER_TABLE_decreasing,2.34089349586722,0.0,True
0,p2_secondary_USAGE_OF_DRESSER_TABLE_mean,130.23404265255547,0.4018987343112224,True
0,p2_secondary_USAGE_OF_DRESSER_TABLE_std,2.5846452913257485,0.0,True
0,p2_secondary_USAGE_OF_DRESSER_decreasing,0.051070174116029585,0.0,False
0,p2_secondary_USAGE_OF_DRESSER_mean,8.555099712743434,0.3203218189534433,True
0,p2_secondary_USAGE_OF_DRESSER_std,0.0362368036007783,0.0,False
0,p2_secondary_USAGE_OF_MEMBRANE_decreasing,69.05057595312108,0.111472054190654,True
0,p2_secondary_USAGE_OF_MEMBRANE_mean,9555.465532781274,0.18563950746580613,True
0,p2_secondary_USAGE_OF_MEMBRANE_std,265.44978802280707,-0.004959161039397297,True
0,p2_secondary_USAGE_OF_POLISHING_TABLE_decreasing,0.6571374803260536,0.20027971988483192,True
0,p2_secondary_USAGE_OF_POLISHING_TABLE_mean,0.18037816940502122,0.20090648392907062,True
0,p2_secondary_USAGE_OF_POLISHING_TABLE_std,0.6730212258268239,0.13061753747376031,False
0,p2_secondary_USAGE_OF_PRESSURIZED_SHEET_decreasing,10.508349950048657,0.06325531903349561,True
0,p2_secondary_USAGE_OF_PRESSURIZED_SHEET_mean,8767.365924512136,0.19578296460784353,True
0,p2_secondary_USAGE_OF_PRESSURIZED_SHEET_std,1.173430818302771,0.2532461489924725,True
0,p2_secondary_WAFER_ROTATION_mean,0.6483717287929925,-0.09656462321873073,False
0,p2_secondary_duration,0.41973060791861505,-0.05883128078355217,False
1,lag_1,4.887033346229595,0.7890623525173327,True
1,lag_2,0.6773061930483745,0.36932226769863863,True
1,lag_3,0.20544134885693996,0.33074300766914144,True
1,lag_4,1.1970366191667168,0.45223830286863353,True
1,lag_5,2.35544575106246,0.24287228481838352,True
1,lag_6,0.0065477460906422985,0.23651804711323543,True
1,lag_7,1.082024722392178,0.19764465443405396,True
1,lag_8,2.2876843274885093,0.19285252489989216,True
1,lag_9,1.9185020272571076,-0.11654788708949916,True
1,lag_10,0.0765202563310555,0.27107412590887703,True
1,lag_11,0.864995332446949,0.3145519355839809,True
1,neighbor_1,4.5480827021016665,1.095263541500017,True
1,neighbor_2,1.0641499901510572,0.4282249732257553,True
1,neighbor_3,0.3047587904662877,0.4488967657956868,True
1,neighbor_4,0.6885468168860083,0.4002860691060717,True
1,neighbor_5,0.001595528233226876,-0.22707202388319436,False
1,neighbor_6,1.6735830903487092,0.28301365278080987,True
1,neighbor_7,0.9835787022502158,0.003320084705400579,False
1,neighbor_8,0.07272755069392627,0.39868926451762476,True
1,neighbor_9,1.0171786656951551,0.1600615123788293,True
1,neighbor_10,0.7462705857009487,-0.06226555899332473,False
1,p2_primary_CENTER_AIR_BAG_PRESSURE_auc,0.8444399487521594,1.1298036975410588,True
1,p2_primary_CENTER_AIR_BAG_PRESSURE_mean,0.1583846161375574,0.25587008389168303,True
1,p2_primary_CENTER_AIR_BAG_PRESSURE_std,0.9314349060375331,0.23870340041862595,True
1,p2_primary_DRESSING_WATER_STATUS_auc,0.4571698428476098,0.25987632280195355,True
1,p2_primary_DRESSING_WATER_STATUS_mean,0.4246891734161,-0.20363763361582474,False
1,p2_primary_DRESSING_WATER_STATUS_std,0.08485497020042267,0.32969335011106626,True
1,p2_primary_EDGE_AIR_BAG_PRESSURE_auc,2.308880408483519,0.22374141445860515,True
1,p2_primary_EDGE_AIR_BAG_PRESSURE_mean,1.8155954594435548,-0.23224476528727442,True
1,p2_primary_EDGE_AIR_BAG_PRESSURE_std,0.1546025133425833,-0.1653096595023973,False
1,p2_primary_HEAD_ROTATION_mean,0.42966565615467084,-0.03396038133564256,False
1,p2_primary_MAIN_OUTER_AIR_BAG_PRESSURE_auc,0.25722059319703167,0.7188561529876977,True
1,p2_primary_MAIN_OUTER_AIR_BAG_PRESSURE_mean,0.07313642705186861,0.36455022054329655,True
1,p2_primary_MAIN_OUTER_AIR_BAG_PRESSURE_std,0.7617953990965544,0.24536929690549586,True
1,p2_primary_PRESSURIZED_CHAMBER_PRESSURE_auc,1.808234942883843,0.21571749698826748,True
1,p2_primary_PRESSURIZED_CHAMBER_PRESSURE_mean,0.2166593538613208,-0.08282814499876498,False
1,p2_primary_PRESSURIZED_CHAMBER_PRESSURE_std,0.4837036413186135,0.1914001285685238,True
1,p2_primary_RETAINER_RING_PRESSURE_auc,0.2063387307032555,0.19718538641125172,True
1,p2_primary_RETAINER_RING_PRESSURE_mean,0.8140446302918738,-0.149734792823899,False
1,p2_primary_RETAINER_RING_PRESSURE_std,0.7774073065496003,-0.0046110362368806815,False
1,p2_primary_RIPPLE_AIR_BAG_PRESSURE_auc,1.1425507097672503,0.4701791174148442,True
1,p2_primary_RIPPLE_AIR_BAG_PRESSURE_mean,1.1709777051457746,0.22834002715027293,True
1,p2_primary_RIPPLE_AIR_BAG_PRESSURE_std,0.0824676645486716,0.17916444475337026,True
1,p2_primary_SLURRY_FLOW_LINE_A_auc,1.751343687751732,0.21774953626657992,True
1,p2_primary_SLURRY_FLOW_LINE_A_mean,0.9889057306682263,0.15555941731029735,True
1,p2_primary_SLURRY_FLOW_LINE_A_std,2.4961922665872467,-0.030095563713989987,True
1,p2_primary_SLURRY_FLOW_LINE_B_auc,1.2345313853684687,-0.20635971775487424,False
1,p2_primary_SLURRY_FLOW_LINE_B_mean,2.4197610307039685,-0.11412372834090845,True
1,p2_primary_SLURRY_FLOW_LINE_B_std,1.6893985189217704,-0.0857672202292141,True
1,p2_primary_SLURRY_FLOW_LINE_C_auc,0.6332059638033214,0.37509156017958023,True
1,p2_primary_SLURRY_FLOW_LINE_C_mean,1.126817515215436,0.6549994272765648,True
1,p2_primary_SLURRY_FLOW_LINE_C_std,0.5675298124313641,0.27082978246498485,True
1,p2_primary_STAGE_ROTATION_mean,2.3950890586273856,0.16711082388768791,True
1,p2_primary_USAGE_OF_BACKING_FILM_decreasing,0.2867784039290746,0.0,False
1,p2_primary_USAGE_OF_BACKING_FILM_mean,49438.49364417574,0.0,True
1,p2_primary_USAGE_OF_BACKING_FILM_std,10.261078227375634,0.20486276282193644,True
1,p2_primary_USAGE_OF_DRESSER_TABLE_decreasing,2.072365106975864,-0.042493194642951794,True
1,p2_primary_USAGE_OF_DRESSER_TABLE_mean,72.3895837435194,0.2851184139844054,True
1,p2_primary_USAGE_OF_DRESSER_TABLE_std,1.8750992643111064,0.2630941267842154,True
1,p2_primary_USAGE_OF_DRESSER_decreasing,0.13362173000423927,0.0,False
1,p2_primary_USAGE_OF_DRESSER_mean,67.04317127771586,0.30845036771181183,True
1,p2_primary_USAGE_OF_DRESSER_std,0.46964561984273784,-0.17677669529663687,False
1,p2_primary_USAGE_OF_MEMBRANE_decreasing,10.967257150793362,0.2124236641452855,True
1,p2_primary_USAGE_OF_MEMBRANE_mean,78440.27088357636,0.1767766952966369,True
1,p2_primary_USAGE_OF_MEMBRANE_std,171.91531407446558,0.2606754340089618,True
1,p2_primary_USAGE_OF_POLISHING_TABLE_decreasing,0.40222069305385694,-0.10715653004557617,False
1,p2_primary_USAGE_OF_POLISHING_TABLE_mean,1.0532840741631468,0.3892521569724789,True
1,p2_primary_USAGE_OF_POLISHING_TABLE_std,0.38837045851079244,-0.1369716178964131,False
1,p2_primary_USAGE_OF_PRESSURIZED_SHEET_decreasing,12.343605015426306,-0.04930634488397232,True
1,p2_primary_USAGE_OF_PRESSURIZED_SHEET_mean,28946.74616699063,0.2442137755669075,True
1,p2_primary_USAGE_OF_PRESSURIZED_SHEET_std,186.21283515983836,0.29784863128856837,True
1,p2_primary_WAFER_ROTATION_mean,1.254795742916802,0.3259377819042858,True
1,p2_primary_duration,2.9850490260831397,0.029601808197910178,True
1,p2_secondary_CENTER_AIR_BAG_PRESSURE_auc,36.58500708334839,0.17677669529663684,True
1,p2_secondary_CENTER_AIR_BAG_PRESSURE_mean,31.142997825517718,0.17238071100186866,True
1,p2_secondary_CENTER_AIR_BAG_PRESSURE_std,0.767479274591708,0.0,False
1,p2_secondary_DRESSING_WATER_STATUS_auc,1.1116598357797107,0.19030091596375115,True
1,p2_secondary_DRESSING_WATER_STATUS_mean,0.980792381709932,-0.26113887025617016,False
1,p2_secondary_DRESSING_WATER_STATUS_std,2.3178967437210414,0.13082158706717018,True
1,p2_secondary_EDGE_AIR_BAG_PRESSURE_auc,3.125264494503623,0.12119074919314266,True
1,p2_secondary_EDGE_AIR_BAG_PRESSURE_mean,3.0552792480425177,0.0,True
1,p2_secondary_EDGE_AIR_BAG_PRESSURE_std,0.4860644206514715,0.17677669529663692,True
1,p2_secondary_HEAD_ROTATION_mean,0.8864934416951378,0.039937329666999845,False
1,p2_secondary_MAIN_OUTER_AIR_BAG_PRESSURE_auc,1.6381382096825694,0.19051914494575492,True
1,p2_secondary_MAIN_OUTER_AIR_BAG_PRESSURE_mean,1.5374025755750733,0.12267810502834765,True
1,p2_secondary_MAIN_OUTER_AIR_BAG_PRESSURE_std,0.11774288852312251,0.0,False
1,p2_secondary_PRESSURIZED_CHAMBER_PRESSURE_auc,1.9282102518942328,0.18199931901601507,True
1,p2_secondary_PRESSURIZED_CHAMBER_PRESSURE_mean,2.1155926415637465,0.19905527413330526,True
1,p2_secondary_PRESSURIZED_CHAMBER_PRESSURE_std,0.6988248996505187,0.14604785723168312,False
1,p2_secondary_RETAINER_RING_PRESSURE_auc,0.499018497343925,-0.06462062205608397,False
1,p2_secondary_RETAINER_RING_PRESSURE_mean,0.16290916028359465,-0.19293493411097684,False
1,p2_secondary_RETAINER_RING_PRESSURE_std,0.2164838100237147,-0.07829152245686179,False
1,p2_secondary_RIPPLE_AIR_BAG_PRESSURE_auc,19.273832452748746,0.20320080111132602,True
1,p2_secondary_RIPPLE_AIR_BAG_PRESSURE_mean,18.069050194455052,0.30947574652518095,True
1,p2_secondary_RIPPLE_AIR_BAG_PRESSURE_std,0.08770267147532014,-0.17677669529663684,False
1,p2_secondary_SLURRY_FLOW_LINE_A_auc,3.8409076348313853,0.1974152433117372,True
1,p2_secondary_SLURRY_FLOW_LINE_A_mean,3.008021856928233,0.15873393332043123,True
1,p2_secondary_SLURRY_FLOW_LINE_A_std,2.119841035458486,-0.13212299686441792,True
1,p2_secondary_SLURRY_FLOW_LINE_B_auc,2.521056476489125,0.12986890836523032,True
1,p2_secondary_SLURRY_FLOW_LINE_B_mean,2.390140181206214,0.304419354825546,True
1,p2_secondary_SLURRY_FLOW_LINE_B_std,0.484295344702682,0.2401713645023945,True
1,p2_secondary_SLURRY_FLOW_LINE_C_auc,0.4742062017650593,0.22299178635086775,True
1,p2_secondary_SLURRY_FLOW_LINE_C_mean,0.8325500952562475,0.2598624986000751,True
1,p2_secondary_SLURRY_FLOW_LINE_C_std,0.17583502188066497,0.30082367302969054,True
1,p2_secondary_STAGE_ROTATION_mean,0.5895778632012324,-0.09739263521087466,False
1,p2_secondary_USAGE_OF_BACKING_FILM_decreasing,32.10233943002115,0.17677669529663687,True
1,p2_secondary_USAGE_OF_BACKING_FILM_mean,13363.665825653787,0.2521661933496316,True
1,p2_secondary_USAGE_OF_BACKING_FILM_std,225.33599712710975,0.0,True
1,p2_secondary_USAGE_OF_DRESSER_TABLE_decreasing,0.5919401918158141,0.0,False
1,p2_secondary_USAGE_OF_DRESSER_TABLE_mean,72.16072040784154,0.2932829269123797,True
1,p2_secondary_USAGE_OF_DRESSER_TABLE_std,0.27592678419828204,0.0,False
1,p2_secondary_USAGE_OF_DRESSER_decreasing,0.3689827254804546,0.0,False
1,p2_secondary_USAGE_OF_DRESSER_mean,66.87656070332201,0.26785853641204904,True
1,p2_secondary_USAGE_OF_DRESSER_std,0.06387438601395373,0.0,False
1,p2_secondary_USAGE_OF_MEMBRANE_decreasing,3.563953300277473,0.0,True
1,p2_secondary_USAGE_OF_MEMBRANE_mean,55150.01321185985,0.26050936897991844,True
1,p2_secondary_USAGE_OF_MEMBRANE_std,67.32738418192412,0.20503430419066979,True
1,p2_secondary_USAGE_OF_POLISHING_TABLE_decreasing,1.3296079642118004,0.09617084571470494,False
1,p2_secondary_USAGE_OF_POLISHING_TABLE_mean,1.0537801835497416,0.24838445779469764,True
1,p2_secondary_USAGE_OF_POLISHING_TABLE_std,1.2789067088394013,0.06549415319202986,False
1,p2_secondary_USAGE_OF_PRESSURIZED_SHEET_decreasing,58.11287247203616,0.015208609196314971,True
1,p2_secondary_USAGE_OF_PRESSURIZED_SHEET_mean,41797.65974208451,0.212562853631262,True
1,p2_secondary_USAGE_OF_PRESSURIZED_SHEET_std,286.6760739646087,0.17677669529663687,True
1,p2_secondary_WAFER_ROTATION_mean,0.9509377242245185,0.2214094416505633,True
1,p2_secondary_duration,0.744907104765614,-0.12547175897557247,False
2,lag_1,2.7382221334984376,0.6379465617409796,True
2,lag_2,0.31958900500603776,0.47055813139464414,True
2,lag_3,0.12742274296128484,-0.3463252827955501,False
2,lag_4,1.46243453929113,0.04738014907747703,False
2,lag_5,1.6998810550648997,0.33779906866746207,True
2,lag_6,0.10894443173753271,-0.006192360024813997,False
2,lag_7,0.13641064971778535,0.14859306374811626,False
2,lag_8,0.764858756997555,0.2682841762535674,True
2,lag_9,1.9389459389793502,0.2575866548142525,True
2,lag_10,1.817829590735177,-0.17677669529663687,True
2,lag_11,3.511124812258387,0.4159429499982008,True
2,neighbor_1,3.8333821130031627,1.0582874929019634,True
2,neighbor_2,0.15748525784281328,0.245488799095401,True
2,neighbor_3,3.083730752469866,0.01620221251679868,True
2,neighbor_4,0.8224327702759827,0.26133898914866655,True
2,neighbor_5,2.2145041002443766,0.3623332198654629,True
2,neighbor_6,1.5100162695891546,0.11274091396454078,True
2,neighbor_7,1.2589093718871802,0.2020772788384276,True
2,neighbor_8,1.1088072770405404,-0.17677669529663698,False
2,neighbor_9,2.727831556313247,-0.11570791414608286,True
2,neighbor_10,0.5674279534302723,-0.18776212334131687,False
2,p2_primary_CENTER_AIR_BAG_PRESSURE_auc,2.768325650735666,0.7533205921565478,True
2,p2_primary_CENTER_AIR_BAG_PRESSURE_mean,1.597112218384446,0.15090496847287202,True
2,p2_primary_CENTER_AIR_BAG_PRESSURE_std,0.8496146472178138,0.01939521301404205,False
2,p2_primary_DRESSING_WATER_STATUS_auc,0.8609549320928558,-0.08488220318468441,False
2,p2_primary_DRESSING_WATER_STATUS_mean,1.084907104358833,0.14092351199127168,False
2,p2_primary_DRESSING_WATER_STATUS_std,0.5835038404717342,-0.17677669529663684,False
2,p2_primary_EDGE_AIR_BAG_PRESSURE_auc,1.1249020681709816,0.32827323948117576,True
2,p2_primary_EDGE_AIR_BAG_PRESSURE_mean,0.8545671949997719,0.02129930472150345,False
2,p2_primary_EDGE_AIR_BAG_PRESSURE_std,0.6712328151246706,0.21710572532686376,True
2,p2_primary_HEAD_ROTATION_mean,1.226665925335039,0.2749401552689568,True
2,p2_primary_MAIN_OUTER_AIR_BAG_PRESSURE_auc,3.467171708907368,0.8266588713944027,True
2,p2_primary_MAIN_OUTER_AIR_BAG_PRESSURE_mean,1.7442536986317265,0.24641959000488486,True
2,p2_primary_MAIN_OUTER_AIR_BAG_PRESSURE_std,0.11662689410180765,0.2127680461201048,True
2,p2_primary_PRESSURIZED_CHAMBER_PRESSURE_auc,1.352556364829067,0.10064218753865459,False
2,p2_primary_PRESSURIZED_CHAMBER_PRESSURE_mean,2.0330619510640995,0.24715673326380566,True
2,p2_primary_PRESSURIZED_CHAMBER_PRESSURE_std,2.1901305682096757,0.022126958217597373,True
2,p2_primary_RETAINER_RING_PRESSURE_auc,1.9951627003360686,0.18189278105467904,True
2,p2_primary_RETAINER_RING_PRESSURE_mean,0.44807116045520884,-0.1631453422660472,False
2,p2_primary_RETAINER_RING_PRESSURE_std,0.435367760152527,-0.07829359154238139,False
2,p2_primary_RIPPLE_AIR_BAG_PRESSURE_auc,0.9513876818310514,0.5118806249439708,True
2,p2_primary_RIPPLE_AIR_BAG_PRESSURE_mean,0.6356511717088621,0.276459668690581,True
2,p2_primary_RIPPLE_AIR_BAG_PRESSURE_std,0.42589253103312524,0.368920667816634,True
2,p2_primary_SLURRY_FLOW_LINE_A_auc,0.07103928212113186,0.2355649842149681,True
2,p2_primary_SLURRY_FLOW_LINE_A_mean,1.0195491347779368,-0.19289332316548138,False
2,p2_primary_SLURRY_FLOW_LINE_A_std,1.1796672139345705,-0.09563864434527318,False
2,p2_primary_SLURRY_FLOW_LINE_B_auc,1.4779351579303082,0.24650721332735162,True
2,p2_primary_SLURRY_FLOW_LINE_B_mean,0.4815186977720123,0.1767766952966369,True
2,p2_primary_SLURRY_FLOW_LINE_B_std,0.27342855850156894,-0.25201915757829224,False
2,p2_primary_SLURRY_FLOW_LINE_C_auc,0.37874084024006244,0.5510862413398289,True
2,p2_primary_SLURRY_FLOW_LINE_C_mean,1.7871989589746242,0.2122606867317594,True
2,p2_primary_SLURRY_FLOW_LINE_C_std,0.9024989610507788,0.11131019818314895,False
2,p2_primary_STAGE_ROTATION_mean,0.35997066848158427,-0.09983234879450514,False
2,p2_primary_USAGE_OF_BACKING_FILM_decreasing,21.343940520286665,0.0,True
2,p2_primary_USAGE_OF_BACKING_FILM_mean,110228.73943853048,0.17677669529663687,True
2,p2_primary_USAGE_OF_BACKING_FILM_std,177.6693985023726,0.2434571897033159,True
2,p2_primary_USAGE_OF_DRESSER_TABLE_decreasing,0.9684979735186489,-0.17742478100596887,False
2,p2_primary_USAGE_OF_DRESSER_TABLE_mean,347.39738703758604,0.2834907987511714,True
2,p2_primary_USAGE_OF_DRESSER_TABLE_std,0.8481591994163825,-0.17677669529663706,False
2,p2_primary_USAGE_OF_DRESSER_decreasing,0.35084497750505694,0.0,False
2,p2_primary_USAGE_OF_DRESSER_mean,75.94566039836799,0.5484591150640764,True
2,p2_primary_USAGE_OF_DRESSER_std,0.1864238533070682,-0.17956520153056954,False
2,p2_primary_USAGE_OF_MEMBRANE_decreasing,40.605702685699036,0.17677669529663695,True
2,p2_primary_USAGE_OF_MEMBRANE_mean,373356.3690779424,0.0,True
2,p2_primary_USAGE_OF_MEMBRANE_std,661.5270952691614,0.07579910194194911,True
2,p2_primary_USAGE_OF_POLISHING_TABLE_decreasing,1.1727555432738368,0.1758458625444968,True
2,p2_primary_USAGE_OF_POLISHING_TABLE_mean,0.5579189084496218,0.10636730205334587,False
2,p2_primary_USAGE_OF_POLISHING_TABLE_std,1.2316847421805621,-0.10482255160694871,False
2,p2_primary_USAGE_OF_PRESSURIZED_SHEET_decreasing,35.09552945094677,-0.12664351348987152,True
2,p2_primary_USAGE_OF_PRESSURIZED_SHEET_mean,262815.21039278177,-0.17677669529663687,True
2,p2_primary_USAGE_OF_PRESSURIZED_SHEET_std,476.65431800202543,-0.25431372977479305,True
2,p2_primary_WAFER_ROTATION_mean,0.13060848029113692,0.21336960867823535,True
2,p2_primary_duration,0.9783798222552298,0.13291804330262177,False
2,p2_secondary_CENTER_AIR_BAG_PRESSURE_auc,26.479497650892636,0.0,True
2,p2_secondary_CENTER_AIR_BAG_PRESSURE_mean,21.99300085676263,0.0,True
2,p2_secondary_CENTER_AIR_BAG_PRESSURE_std,1.859598390092461,-0.17677669529663684,True
2,p2_secondary_DRESSING_WATER_STATUS_auc,0.9007200117092058,0.2522729500153048,True
2,p2_secondary_DRESSING_WATER_STATUS_mean,0.8339793571261797,-0.2140876698783839,False
2,p2_secondary_DRESSING_WATER_STATUS_std,0.17544060433509687,-0.0998564517566764,False
2,p2_secondary_EDGE_AIR_BAG_PRESSURE_auc,0.6687201172656321,0.0,False
2,p2_secondary_EDGE_AIR_BAG_PRESSURE_mean,0.8292173558519914,0.0,False
2,p2_secondary_EDGE_AIR_BAG_PRESSURE_std,2.4674695324436913,0.0,True
2,p2_secondary_HEAD_ROTATION_mean,0.015567167684967952,0.1429760283506683,False
2,p2_secondary_MAIN_OUTER_AIR_BAG_PRESSURE_auc,2.0453287276938994,-0.14062439704924956,True
2,p2_secondary_MAIN_OUTER_AIR_BAG_PRESSURE_mean,2.33404864769483,-0.1191973516682201,True
2,p2_secondary_MAIN_OUTER_AIR_BAG_PRESSURE_std,0.1223086033535149,-0.17677669529663706,False
2,p2_secondary_PRESSURIZED_CHAMBER_PRESSURE_auc,2.244945094814593,0.0,True
2,p2_secondary_PRESSURIZED_CHAMBER_PRESSURE_mean,2.2753198770235805,-0.009239144018265798,True
2,p2_secondary_PRESSURIZED_CHAMBER_PRESSURE_std,0.4883276344458804,0.10650637628999708,False
2,p2_secondary_RETAINER_RING_PRESSURE_auc,0.1908900952526231,0.23108470796712663,True
2,p2_secondary_RETAINER_RING_PRESSURE_mean,0.39074871154864016,0.17677669529663687,True
2,p2_secondary_RETAINER_RING_PRESSURE_std,0.047796511287801206,0.022783181125308614,False
2,p2_secondary_RIPPLE_AIR_BAG_PRESSURE_auc,17.005444755590194,-0.17677669529663695,True
2,p2_secondary_RIPPLE_AIR_BAG_PRESSURE_mean,13.57748071891648,0.1767766952966369,True
2,p2_secondary_RIPPLE_AIR_BAG_PRESSURE_std,0.5289064730137105,-0.08218953336707971,False
2,p2_secondary_SLURRY_FLOW_LINE_A_auc,1.5123346509890465,-0.1155960781023454,True
2,p2_secondary_SLURRY_FLOW_LINE_A_mean,0.5400964360417234,-0.25679702636680274,False
2,p2_secondary_SLURRY_FLOW_LINE_A_std,1.89937510498984,-0.11137095732961311,True
2,p2_secondary_SLURRY_FLOW_LINE_B_auc,0.7384472875363365,0.0869499739147136,False
2,p2_secondary_SLURRY_FLOW_LINE_B_mean,0.8075537390372683,0.17677669529663692,True
2,p2_secondary_SLURRY_FLOW_LINE_B_std,0.7206127444732234,-0.21167560281659212,False
2,p2_secondary_SLURRY_FLOW_LINE_C_auc,0.9589602136469018,-0.0952453826850864,False
2,p2_secondary_SLURRY_FLOW_LINE_C_mean,1.1444642121281596,-0.17677669529663684,False
2,p2_secondary_SLURRY_FLOW_LINE_C_std,0.979208908002228,0.06749125137075843,False
2,p2_secondary_STAGE_ROTATION_mean,0.08867196362721937,0.02192977701331389,False
2,p2_secondary_USAGE_OF_BACKING_FILM_decreasing,111.21557194220155,0.0,True
2,p2_secondary_USAGE_OF_BACKING_FILM_mean,44447.12198714448,0.0,True
2,p2_secondary_USAGE_OF_BACKING_FILM_std,119.08084579905645,0.0,True
2,p2_secondary_USAGE_OF_DRESSER_TABLE_decreasing,1.5905488487736774,0.0,True
2,p2_secondary_USAGE_OF_DRESSER_TABLE_mean,344.83400292593245,0.22253707220052163,True
2,p2_secondary_USAGE_OF_DRESSER_TABLE_std,1.3853716864748287,0.0,False
2,p2_secondary_USAGE_OF_DRESSER_decreasing,0.489433197769215,0.0,False
2,p2_secondary_USAGE_OF_DRESSER_mean,76.15110590646812,0.518815406865399,True
2,p2_secondary_USAGE_OF_DRESSER_std,0.5322697315970965,0.0,False
2,p2_secondary_USAGE_OF_MEMBRANE_decreasing,48.75779992584395,0.0,True
2,p2_secondary_USAGE_OF_MEMBRANE_mean,22184.74852482897,0.2736113540916484,True
2,p2_secondary_USAGE_OF_MEMBRANE_std,53.62691263936496,-0.20229451268732918,True
2,p2_secondary_USAGE_OF_POLISHING_TABLE_decreasing,2.953745919008126,-0.16249731800931702,True
2,p2_secondary_USAGE_OF_POLISHING_TABLE_mean,0.5577856372289923,0.3053336059878828,True
2,p2_secondary_USAGE_OF_POLISHING_TABLE_std,2.963509412250414,0.007685962995171528,True
2,p2_secondary_USAGE_OF_PRESSURIZED_SHEET_decreasing,53.55678949835316,0.0,True
2,p2_secondary_USAGE_OF_PRESSURIZED_SHEET_mean,22182.918015147578,0.17677669529663687,True
2,p2_secondary_USAGE_OF_PRESSURIZED_SHEET_std,61.84365020385708,0.17677669529663703,True
2,p2_secondary_WAFER_ROTATION_mean,0.67069360500848,0.04359106101057723,False
2,p2_secondary_duration,0.32594680225557665,0.07290755607800842,False
3,lag_1,1.3778379644198262,0.38270913077156016,True
3,lag_2,1.5611659004175575,0.34342587914568373,True
3,lag_3,0.3259652814692397,0.20923067755887892,True
3,lag_4,1.111606458515702,0.2484868439080584,True
3,lag_5,1.06482156978641,0.08710969545625415,False
3,lag_6,1.0513297790704303,0.14560388993046144,False
3,lag_7,0.7098923563657983,0.2959892713244724,True
3,lag_8,0.5681622465676229,-0.342741623605394,False
3,lag_9,1.2094658151573183,0.2696826024140061,True
3,lag_10,1.0230065629587801,0.39056388703709194,True
3,lag_11,0.6594126924766772,0.3521688836362242,True
3,neighbor_1,5.455306167691775,1.0911661589184618,True
3,neighbor_2,1.2953012021224968,0.5440454218262301,True
3,neighbor_3,0.3630195663939022,0.033910276010818446,False
3,neighbor_4,2.156001296405983,-0.08193546474173888,True
3,neighbor_5,2.1980214727215186,0.4795620568998709,True
3,neighbor_6,0.09357165867743297,0.22966400716654847,True
3,neighbor_7,0.5953923958302254,-0.03307679519963571,False
3,neighbor_8,2.246722687421023,0.5859136642641235,True
3,neighbor_9,1.0465234646540735,-0.20764106556038678,False
3,neighbor_10,0.6158166772061314,0.09295210586176429,False
3,p2_primary_CENTER_AIR_BAG_PRESSURE_auc,1.1470197104768955,1.4285286825256023,True
3,p2_primary_CENTER_AIR_BAG_PRESSURE_mean,0.5008189366925359,0.21771876403603277,True
3,p2_primary_CENTER_AIR_BAG_PRESSURE_std,1.4793788380115553,0.27553744876376546,True
3,p2_primary_DRESSING_WATER_STATUS_auc,0.7340853830577502,0.24840613443389545,True
3,p2_primary_DRESSING_WATER_STATUS_mean,0.9549764576821286,0.03424936536276168,False
3,p2_primary_DRESSING_WATER_STATUS_std,0.6409232421617622,0.18078572780117064,True
3,p2_primary_EDGE_AIR_BAG_PRESSURE_auc,1.1956888994445454,0.21242139515948805,True
3,p2_primary_EDGE_AIR_BAG_PRESSURE_mean,0.4773975984390956,-0.2592970035496975,False
3,p2_primary_EDGE_AIR_BAG_PRESSURE_std,0.4801168374054007,0.2690048915769306,True
3,p2_primary_HEAD_ROTATION_mean,0.9814480913341207,-0.029098387847313684,False
3,p2_primary_MAIN_OUTER_AIR_BAG_PRESSURE_auc,0.9196505603050944,0.419989176718522,True
3,p2_primary_MAIN_OUTER_AIR_BAG_PRESSURE_mean,0.635676021204288,0.34133203498355424,True
3,p2_primary_MAIN_OUTER_AIR_BAG_PRESSURE_std,1.622814398324934,0.4549582774923579,True
3,p2_primary_PRESSURIZED_CHAMBER_PRESSURE_auc,0.6416431320636553,0.3594129435304669,True
3,p2_primary_PRESSURIZED_CHAMBER_PRESSURE_mean,0.7996398123419161,-0.19825231642324914,False
3,p2_primary_PRESSURIZED_CHAMBER_PRESSURE_std,2.5390895354500382,0.30865735763495245,True
3,p2_primary_RETAINER_RING_PRESSURE_auc,0.5169685588522067,0.2663465201666937,True
3,p2_primary_RETAINER_RING_PRESSURE_mean,0.3747109087797325,0.01794640721581799,False
3,p2_primary_RETAINER_RING_PRESSURE_std,0.2539677598105413,-0.06999797849552618,False
3,p2_primary_RIPPLE_AIR_BAG_PRESSURE_auc,0.09051354948759366,0.3879758695114085,True
3,p2_primary_RIPPLE_AIR_BAG_PRESSURE_mean,0.21715518865622985,0.2674106264771483,True
3,p2_primary_RIPPLE_AIR_BAG_PRESSURE_std,1.167823590517754,-0.002857967047130285,False
3,p2_primary_SLURRY_FLOW_LINE_A_auc,0.5552552110592338,0.5004880960227481,True
3,p2_primary_SLURRY_FLOW_LINE_A_mean,0.9642432960120422,-0.03262742601958927,False
3,p2_primary_SLURRY_FLOW_LINE_A_std,1.5162259847609016,0.2754438899594183,True
3,p2_primary_SLURRY_FLOW_LINE_B_auc,1.5277042177694737,-0.10694217334936991,True
3,p2_primary_SLURRY_FLOW_LINE_B_mean,4.249942872957433,0.28236807110389794,True
3,p2_primary_SLURRY_FLOW_LINE_B_std,1.3238887268692645,0.12241863257501537,False
3,p2_primary_SLURRY_FLOW_LINE_C_auc,0.20636806874454006,0.4960756729561679,True
3,p2_primary_SLURRY_FLOW_LINE_C_mean,0.7653727824759649,0.32807737060575043,True
3,p2_primary_SLURRY_FLOW_LINE_C_std,1.534231960967094,0.19393934560313786,True
3,p2_primary_STAGE_ROTATION_mean,0.5123693524646745,0.0479930674758443,False
3,p2_primary_USAGE_OF_BACKING_FILM_decreasing,18.889475953626526,0.15452261717264884,True
3,p2_primary_USAGE_OF_BACKING_FILM_mean,98953.33782762059,0.2686031201994126,True
3,p2_primary_USAGE_OF_BACKING_FILM_std,163.616082140813,0.21897801451257812,True
3,p2_primary_USAGE_OF_DRESSER_TABLE_decreasing,1.2726170052691006,0.31530165178318903,True
3,p2_primary_USAGE_OF_DRESSER_TABLE_mean,246.1037064819396,0.501113312485279,True
3,p2_primary_USAGE_OF_DRESSER_TABLE_std,1.0831805628305604,-0.2584988677925648,False
3,p2_primary_USAGE_OF_DRESSER_decreasing,1.3374744432882073,0.2530036222275634,True
3,p2_primary_USAGE_OF_DRESSER_mean,13.677840470948466,0.31512993672041045,True
3,p2_primary_USAGE_OF_DRESSER_std,0.8103934200567856,-0.19669520520439318,False
3,p2_primary_USAGE_OF_MEMBRANE_decreasing,12.72952415577676,-0.2699249875771694,True
3,p2_primary_USAGE_OF_MEMBRANE_mean,226370.20953000878,0.17201086565119475,True
3,p2_primary_USAGE_OF_MEMBRANE_std,200.73167639578503,0.09622816634879294,True
3,p2_primary_USAGE_OF_POLISHING_TABLE_decreasing,0.9034369243519189,-0.19656829915901874,False
3,p2_primary_USAGE_OF_POLISHING_TABLE_mean,0.16722103530002774,-0.02437440866600732,False
3,p2_primary_USAGE_OF_POLISHING_TABLE_std,0.9057275451719322,0.19644647862254747,True
3,p2_primary_USAGE_OF_PRESSURIZED_SHEET_decreasing,24.341296943574616,0.2769763687073927,True
3,p2_primary_USAGE_OF_PRESSURIZED_SHEET_mean,127552.67562346316,-0.2500139661193132,True
3,p2_primary_USAGE_OF_PRESSURIZED_SHEET_std,357.4269022589126,0.10993853151089004,True
3,p2_primary_WAFER_ROTATION_mean,0.6010599133738916,0.12198921746527565,False
3,p2_primary_duration,4.699761766153779,0.2079594154790095,True
3,p2_secondary_CENTER_AIR_BAG_PRESSURE_auc,0.7811467530593709,0.21939297662651688,True
3,p2_secondary_CENTER_AIR_BAG_PRESSURE_mean,1.2913165218121572,-0.17677669529663687,False
3,p2_secondary_CENTER_AIR_BAG_PRESSURE_std,2.844901817744297,0.1351673672934651,True
3,p2_secondary_DRESSING_WATER_STATUS_auc,1.1642304032232984,0.028181216533507095,False
3,p2_secondary_DRESSING_WATER_STATUS_mean,1.1819456750569184,-0.09573961597290631,False
3,p2_secondary_DRESSING_WATER_STATUS_std,0.09623017530397004,0.1706945228943584,True
3,p2_secondary_EDGE_AIR_BAG_PRESSURE_auc,0.817335721367487,-0.17677669529663684,False
3,p2_secondary_EDGE_AIR_BAG_PRESSURE_mean,0.8011208746547657,0.04032700379799238,False
3,p2_secondary_EDGE_AIR_BAG_PRESSURE_std,0.6061518681178113,-0.28798862328530406,False
3,p2_secondary_HEAD_ROTATION_mean,0.7349513577724792,-0.056683337015557285,False
3,p2_secondary_MAIN_OUTER_AIR_BAG_PRESSURE_auc,0.10082531690832187,0.16203361345621203,True
3,p2_secondary_MAIN_OUTER_AIR_BAG_PRESSURE_mean,0.18102868439720868,-0.01038711074863065,False
3,p2_secondary_MAIN_OUTER_AIR_BAG_PRESSURE_std,1.1576981560311348,-0.22361132266717207,False
3,p2_secondary_PRESSURIZED_CHAMBER_PRESSURE_auc,1.9997781197173208,0.31476172772202626,True
3,p2_secondary_PRESSURIZED_CHAMBER_PRESSURE_mean,1.914274492690167,0.14122895746981792,True
3,p2_secondary_PRESSURIZED_CHAMBER_PRESSURE_std,0.7823572013579216,-0.2852600405379482,False
3,p2_secondary_RETAINER_RING_PRESSURE_auc,0.06908007876492503,0.0,False
3,p2_secondary_RETAINER_RING_PRESSURE_mean,0.7687335200475568,-0.18641769445176626,False
3,p2_secondary_RETAINER_RING_PRESSURE_std,0.4408957233545373,-0.07275102583020651,False
3,p2_secondary_RIPPLE_AIR_BAG_PRESSURE_auc,0.5774324737698179,0.3035799691535136,True
3,p2_secondary_RIPPLE_AIR_BAG_PRESSURE_mean,0.7426695539352912,0.17677669529663687,True
3,p2_secondary_RIPPLE_AIR_BAG_PRESSURE_std,1.5852044824093703,-0.17677669529663684,True
3,p2_secondary_SLURRY_FLOW_LINE_A_auc,0.7702839348743626,0.2926122004550075,True
3,p2_secondary_SLURRY_FLOW_LINE_A_mean,1.3155213510252814,0.2685582865363788,True
3,p2_secondary_SLURRY_FLOW_LINE_A_std,1.0806136784100366,-0.20080074442682205,False
3,p2_secondary_SLURRY_FLOW_LINE_B_auc,1.2559924644792146,-0.24816636344328766,False
3,p2_secondary_SLURRY_FLOW_LINE_B_mean,1.2049659308997027,-0.09093281048383184,False
3,p2_secondary_SLURRY_FLOW_LINE_B_std,0.04363725082210134,0.31545711142876964,True
3,p2_secondary_SLURRY_FLOW_LINE_C_auc,0.5197480857656509,-0.24560222491499434,False
3,p2_secondary_SLURRY_FLOW_LINE_C_mean,0.7982977831250735,0.0,False
3,p2_secondary_SLURRY_FLOW_LINE_C_std,0.9315498103618886,0.13651047077389716,False
3,p2_secondary_STAGE_ROTATION_mean,0.8760030228903786,-0.20773196385973744,False
3,p2_secondary_USAGE_OF_BACKING_FILM_decreasing,32.997682845961386,-0.25182172060358143,True
3,p2_secondary_USAGE_OF_BACKING_FILM_mean,5810.646607039674,0.043795879699698066,True
3,p2_secondary_USAGE_OF_BACKING_FILM_std,175.93765979971835,0.1767766952966368,True
3,p2_secondary_USAGE_OF_DRESSER_TABLE_decreasing,2.056998350037989,0.0,True
3,p2_secondary_USAGE_OF_DRESSER_TABLE_mean,246.17435359448058,0.5072708588558886,True
3,p2_secondary_USAGE_OF_DRESSER_TABLE_std,2.1262375946216494,0.0,True
3,p2_secondary_USAGE_OF_DRESSER_decreasing,0.08845668052355428,0.0,False
3,p2_secondary_USAGE_OF_DRESSER_mean,13.653171416480372,0.26264652847781367,True
3,p2_secondary_USAGE_OF_DRESSER_std,0.5375798838649438,0.0,False
3,p2_secondary_USAGE_OF_MEMBRANE_decreasing,85.93612239943603,-0.17677669529663678,True
3,p2_secondary_USAGE_OF_MEMBRANE_mean,62583.204749583216,0.24323917343761575,True
3,p2_secondary_USAGE_OF_MEMBRANE_std,289.23975382924425,-0.09519703964312888,True
3,p2_secondary_USAGE_OF_POLISHING_TABLE_decreasing,1.1101679217411509,0.18134249875575723,True
3,p2_secondary_USAGE_OF_POLISHING_TABLE_mean,0.20290809536783622,0.2802740781203055,True
3,p2_secondary_USAGE_OF_POLISHING_TABLE_std,1.116850147638526,-0.17677669529663684,False
3,p2_secondary_USAGE_OF_PRESSURIZED_SHEET_decreasing,16.910692204161226,-0.176776695296637,True
3,p2_secondary_USAGE_OF_PRESSURIZED_SHEET_mean,68164.2862240998,-0.2545616110736179,True
3,p2_secondary_USAGE_OF_PRESSURIZED_SHEET_std,47.103840493853546,-0.05536589635852903,True
3,p2_secondary_WAFER_ROTATION_mean,1.4373147969356415,0.2215383357088601,True
3,p2_secondary_duration,1.006065891922468,0.21937322948982974,True
4,lag_1,2.3728402123223122,0.4199740564437923,True
4,lag_2,0.6759721085642081,0.36188048107685306,True
4,lag_3,0.13422530348039674,0.08885503765060179,False
4,lag_4,0.5937990549513511,0.437879195847856,True
4,lag_5,0.5581457917429259,0.10143782533187774,False
4,lag_6,0.9777980801134188,0.3759688138438239,True
4,lag_7,0.6156689557209699,0.086893801418752,False
4,lag_8,0.7401897539948914,0.291442984660286,True
4,lag_9,0.9969127770914018,0.17640329740303198,True
4,lag_10,2.6212253935339698,0.20878769579943196,True
4,lag_11,2.9370405020338577,0.014215597291511372,True
4,neighbor_1,5.165953935435529,0.7368437605600668,True
4,neighbor_2,1.186315072567147,0.6971235268936413,True
4,neighbor_3,0.49783337762728747,0.054392846437620865,False
4,neighbor_4,1.609024695485602,0.11101708189143941,True
4,neighbor_5,0.3816790074090027,0.2236904826807848,True
4,neighbor_6,0.058728908124197274,-0.14761699606833517,False
4,neighbor_7,1.0321845495783915,0.26622848860626785,True
4,neighbor_8,1.3933291811691062,0.2079113490949658,True
4,neighbor_9,0.9386097952343148,0.4975032845652322,True
4,neighbor_10,1.317122838290396,-0.30576812674346204,False
4,p2_primary_CENTER_AIR_BAG_PRESSURE_auc,1.531564769439212,1.4132941651988014,True
4,p2_primary_CENTER_AIR_BAG_PRESSURE_mean,0.6459638734390674,0.10352399878914002,False
4,p2_primary_CENTER_AIR_BAG_PRESSURE_std,2.3113111352251288,0.06899928278281531,True
4,p2_primary_DRESSING_WATER_STATUS_auc,0.15946224525222247,0.05475241417654751,False
4,p2_primary_DRESSING_WATER_STATUS_mean,0.1345352595227962,-0.03920294816085263,False
4,p2_primary_DRESSING_WATER_STATUS_std,0.0730945871738969,0.22924529500837265,True
4,p2_primary_EDGE_AIR_BAG_PRESSURE_auc,0.16881989383745075,0.3182558347609417,True
4,p2_primary_EDGE_AIR_BAG_PRESSURE_mean,0.5759300247011488,-0.06730172261711843,False
4,p2_primary_EDGE_AIR_BAG_PRESSURE_std,0.29060750194140833,0.3551941066928755,True
4,p2_primary_HEAD_ROTATION_mean,0.884520427754501,0.06723667523391762,False
4,p2_primary_MAIN_OUTER_AIR_BAG_PRESSURE_auc,1.8504937622522484,0.20427618994507965,True
4,p2_primary_MAIN_OUTER_AIR_BAG_PRESSURE_mean,1.2709029782054868,0.09882329300704734,False
4,p2_primary_MAIN_OUTER_AIR_BAG_PRESSURE_std,1.8733819251633554,0.12751149066374481,True
4,p2_primary_PRESSURIZED_CHAMBER_PRESSURE_auc,1.0769447426899883,0.42558083500845956,True
4,p2_primary_PRESSURIZED_CHAMBER_PRESSURE_mean,0.7881811778771616,0.31685646339682616,True
4,p2_primary_PRESSURIZED_CHAMBER_PRESSURE_std,0.2303235232413678,0.015771688107076517,False
4,p2_primary_RETAINER_RING_PRESSURE_auc,0.1267496206998386,0.3267488901724754,True
4,p2_primary_RETAINER_RING_PRESSURE_mean,0.20840176243034556,-0.08767082159359973,False
4,p2_primary_RETAINER_RING_PRESSURE_std,0.5113046383673481,0.17096269118067745,True
4,p2_primary_RIPPLE_AIR_BAG_PRESSURE_auc,0.2956787478768156,0.4690062729626251,True
4,p2_primary_RIPPLE_AIR_BAG_PRESSURE_mean,0.12098668445975413,0.3215251691053004,True
4,p2_primary_RIPPLE_AIR_BAG_PRESSURE_std,0.30976986072432267,-0.12290045501779154,False
4,p2_primary_SLURRY_FLOW_LINE_A_auc,0.005569095364383368,0.37752886805809993,True
4,p2_primary_SLURRY_FLOW_LINE_A_mean,2.3668540990174884,0.34403481054893853,True
4,p2_primary_SLURRY_FLOW_LINE_A_std,2.4288846007768066,0.23656567252788316,True
4,p2_primary_SLURRY_FLOW_LINE_B_auc,0.45702221739081694,-0.3124609474891738,False
4,p2_primary_SLURRY_FLOW_LINE_B_mean,1.3014638263848748,0.19692012594913316,True
4,p2_primary_SLURRY_FLOW_LINE_B_std,0.2350679251022295,-0.2251011575976014,False
4,p2_primary_SLURRY_FLOW_LINE_C_auc,0.6611432574052453,0.31524053820596837,True
4,p2_primary_SLURRY_FLOW_LINE_C_mean,0.07902309574321088,0.25730082519278363,True
4,p2_primary_SLURRY_FLOW_LINE_C_std,0.8841231151630187,-0.10222992630964968,False
4,p2_primary_STAGE_ROTATION_mean,1.8651264307871596,0.3511091841474627,True
4,p2_primary_USAGE_OF_BACKING_FILM_decreasing,8.069335831160403,0.17677669529663695,True
4,p2_primary_USAGE_OF_BACKING_FILM_mean,56921.43077345755,0.1767766952966368,True
4,p2_primary_USAGE_OF_BACKING_FILM_std,64.84542398807312,0.2078238851981093,True
4,p2_primary_USAGE_OF_DRESSER_TABLE_decreasing,1.1382822606599279,0.19568262405908046,True
4,p2_primary_USAGE_OF_DRESSER_TABLE_mean,47.32961087771074,0.37941391059414564,True
4,p2_primary_USAGE_OF_DRESSER_TABLE_std,1.531304860950402,0.0,True
4,p2_primary_USAGE_OF_DRESSER_decreasing,0.04559726781865834,-0.17677669529663692,False
4,p2_primary_USAGE_OF_DRESSER_mean,16.80224712635531,0.051826703453718766,True
4,p2_primary_USAGE_OF_DRESSER_std,0.13963776280071785,0.0,False
4,p2_primary_USAGE_OF_MEMBRANE_decreasing,20.409454593723726,0.11047309419234318,True
4,p2_primary_USAGE_OF_MEMBRANE_mean,128431.97613517282,0.34672412747146997,True
4,p2_primary_USAGE_OF_MEMBRANE_std,354.9618214073094,0.3075798094535619,True
4,p2_primary_USAGE_OF_POLISHING_TABLE_decreasing,0.5799185627819121,-0.3685483462506652,False
4,p2_primary_USAGE_OF_POLISHING_TABLE_mean,0.17715362811793425,0.2617186878150176,True
4,p2_primary_USAGE_OF_POLISHING_TABLE_std,0.5548130065800787,-0.10210457921296344,False
4,p2_primary_USAGE_OF_PRESSURIZED_SHEET_decreasing,26.025279988581367,-0.23162354118306677,True
4,p2_primary_USAGE_OF_PRESSURIZED_SHEET_mean,71544.81076542515,0.1767766952966369,True
4,p2_primary_USAGE_OF_PRESSURIZED_SHEET_std,420.16144096313644,0.20817216672664968,True
4,p2_primary_WAFER_ROTATION_mean,0.2501063950182821,0.20458782091131097,True
4,p2_primary_duration,2.115501377059779,0.24634541369769594,True
4,p2_secondary_CENTER_AIR_BAG_PRESSURE_auc,8.932698249906945,0.019360623719959922,True
4,p2_secondary_CENTER_AIR_BAG_PRESSURE_mean,8.467335328055874,-0.11555845590951946,True
4,p2_secondary_CENTER_AIR_BAG_PRESSURE_std,1.7639699635859987,-0.3345995645840304,True
4,p2_secondary_DRESSING_WATER_STATUS_auc,0.3862293096064394,0.19230297569323654,True
4,p2_secondary_DRESSING_WATER_STATUS_mean,0.3526166692259172,0.11134353411481679,False
4,p2_secondary_DRESSING_WATER_STATUS_std,0.35024148002553596,0.19808725744514086,True
4,p2_secondary_EDGE_AIR_BAG_PRESSURE_auc,2.259039282333981,-0.17677669529663692,True
4,p2_secondary_EDGE_AIR_BAG_PRESSURE_mean,2.2555351914280886,0.22142466976272956,True
4,p2_secondary_EDGE_AIR_BAG_PRESSURE_std,0.06000952097250598,0.17032557572695636,True
4,p2_secondary_HEAD_ROTATION_mean,1.656383806482611,0.17792308778457178,True
4,p2_secondary_MAIN_OUTER_AIR_BAG_PRESSURE_auc,0.20812039763630283,-0.17677669529663684,False
4,p2_secondary_MAIN_OUTER_AIR_BAG_PRESSURE_mean,0.2456728438571852,0.34168190373328666,True
4,p2_secondary_MAIN_OUTER_AIR_BAG_PRESSURE_std,1.21694960353284,0.1767766952966368,True
4,p2_secondary_PRESSURIZED_CHAMBER_PRESSURE_auc,1.6279182236630658,-0.3063951842166216,True
4,p2_secondary_PRESSURIZED_CHAMBER_PRESSURE_mean,1.8364667951455487,0.21339529816771402,True
4,p2_secondary_PRESSURIZED_CHAMBER_PRESSURE_std,0.11186943953605624,0.16528045017487442,True
4,p2_secondary_RETAINER_RING_PRESSURE_auc,1.7466800860257445,0.28806625971226923,True
4,p2_secondary_RETAINER_RING_PRESSURE_mean,0.5598792652492763,-0.044837630185816185,False
4,p2_secondary_RETAINER_RING_PRESSURE_std,0.403359656596813,-0.02313054949655211,False
4,p2_secondary_RIPPLE_AIR_BAG_PRESSURE_auc,2.214279519764582,0.16624158763236788,True
4,p2_secondary_RIPPLE_AIR_BAG_PRESSURE_mean,2.186819908186118,0.19774024854560973,True
4,p2_secondary_RIPPLE_AIR_BAG_PRESSURE_std,0.6063298425551364,0.3209926319421021,True
4,p2_secondary_SLURRY_FLOW_LINE_A_auc,3.019689560063373,0.1600222488091153,True
4,p2_secondary_SLURRY_FLOW_LINE_A_mean,2.3933276870314146,0.22195582226064306,True
4,p2_secondary_SLURRY_FLOW_LINE_A_std,0.6743948270316373,0.1331260867715342,False
4,p2_secondary_SLURRY_FLOW_LINE_B_auc,2.338472233382076,-0.12087751924924516,True
4,p2_secondary_SLURRY_FLOW_LINE_B_mean,2.113301274701723,0.3495737673320359,True
4,p2_secondary_SLURRY_FLOW_LINE_B_std,1.0940850537727147,-0.24339032359608795,False
4,p2_secondary_SLURRY_FLOW_LINE_C_auc,0.6395097167015205,-0.035014273510704956,False
4,p2_secondary_SLURRY_FLOW_LINE_C_mean,1.00645867214039,0.08493716083481376,False
4,p2_secondary_SLURRY_FLOW_LINE_C_std,0.9655271263911483,0.05506425693186001,False
4,p2_secondary_STAGE_ROTATION_mean,0.8951972521359595,-0.09809336052321957,False
4,p2_secondary_USAGE_OF_BACKING_FILM_decreasing,1.8628206805856151,0.18706905918881486,True
4,p2_secondary_USAGE_OF_BACKING_FILM_mean,8025.99153375907,-0.2511186856757192,True
4,p2_secondary_USAGE_OF_BACKING_FILM_std,10.208401209283238,-0.17677669529663687,True
4,p2_secondary_USAGE_OF_DRESSER_TABLE_decreasing,1.8917797921801467,0.0,True
4,p2_secondary_USAGE_OF_DRESSER_TABLE_mean,47.317245457968944,0.4996259888026538,True
4,p2_secondary_USAGE_OF_DRESSER_TABLE_std,2.091660492719427,0.0,True
4,p2_secondary_USAGE_OF_DRESSER_decreasing,0.3346421249331591,0.0,False
4,p2_secondary_USAGE_OF_DRESSER_mean,16.765590125505337,0.20797051355660212,True
4,p2_secondary_USAGE_OF_DRESSER_std,0.08971414348259105,0.0,False
4,p2_secondary_USAGE_OF_MEMBRANE_decreasing,175.76748242683706,0.06282823871942747,True
4,p2_secondary_USAGE_OF_MEMBRANE_mean,95153.81482396067,0.17677669529663692,True
4,p2_secondary_USAGE_OF_MEMBRANE_std,892.6429928388324,-0.05640599142446876,True
4,p2_secondary_USAGE_OF_POLISHING_TABLE_decreasing,1.1206330871014203,-0.18493841742130995,False
4,p2_secondary_USAGE_OF_POLISHING_TABLE_mean,0.18700455710056169,0.4333156620027435,True
4,p2_secondary_USAGE_OF_POLISHING_TABLE_std,1.1094030032142734,0.13323455816417187,False
4,p2_secondary_USAGE_OF_PRESSURIZED_SHEET_decreasing,167.81926331104742,-0.07117970281472923,True
4,p2_secondary_USAGE_OF_PRESSURIZED_SHEET_mean,87217.58151299841,0.17677669529663706,True
4,p2_secondary_USAGE_OF_PRESSURIZED_SHEET_std,869.6342145965201,-0.1767766952966369,True
4,p2_secondary_WAFER_ROTATION_mean,1.2974316526047676,-0.3152044783245588,False
4,p2_secondary_duration,1.6813123864817638,0.26239860232296913,True
5,lag_1,3.045958504293588,0.5956208904385791,True
5,lag_2,0.49685066745404655,0.250842892415317,True
5,lag_3,0.6483745496898894,0.2702061355660656,True
5,lag_4,2.176784955748237,0.2563117065322358,True
5,lag_5,0.46882095135142304,0.09140691712527164,False
5,lag_6,0.6272963044501544,0.25931963198385416,True
5,lag_7,1.3266623560598043,0.03534207052242615,False
5,lag_8,0.08175214004315354,-0.13381481823849314,False
5,lag_9,0.016615549651332464,0.2594034544437144,True
5,lag_10,0.7042535020997307,-0.0489457099672662,False
5,lag_11,1.5612727789296288,0.47840601873435545,True
5,neighbor_1,4.79138568622211,1.399619613156772,True
5,neighbor_2,0.6924565070728557,0.3110934986647091,True
5,neighbor_3,1.0232190637960203,0.27514715353096464,True
5,neighbor_4,0.674796399519694,0.026802025213590503,False
5,neighbor_5,0.05676099795721799,0.46969305259140004,True
5,neighbor_6,0.4372472320123772,0.13885600915851934,False
5,neighbor_7,2.02471270917513,0.21989303551405187,True
5,neighbor_8,0.3607601675443671,0.20522750030640793,True
5,neighbor_9,1.0447719365486725,0.0020730407170813955,False
5,neighbor_10,0.08498931023571685,0.09426684312082027,False
5,p2_primary_CENTER_AIR_BAG_PRESSURE_auc,0.007151625215057723,0.5054465219902722,True
5,p2_primary_CENTER_AIR_BAG_PRESSURE_mean,0.18227525635615816,0.197725929264529,True
5,p2_primary_CENTER_AIR_BAG_PRESSURE_std,0.45564409567774766,0.24931299765499676,True
5,p2_primary_DRESSING_WATER_STATUS_auc,0.6328579356215429,-0.043034831292855874,False
5,p2_primary_DRESSING_WATER_STATUS_mean,0.8281403136944836,0.24371002114548698,True
5,p2_primary_DRESSING_WATER_STATUS_std,0.593555991267982,0.16259648281121958,True
5,p2_primary_EDGE_AIR_BAG_PRESSURE_auc,0.4969250972940432,0.26369946381874365,True
5,p2_primary_EDGE_AIR_BAG_PRESSURE_mean,0.6339197706429792,0.23883146735038974,True
5,p2_primary_EDGE_AIR_BAG_PRESSURE_std,0.7690970532875349,0.4269096392445588,True
5,p2_primary_HEAD_ROTATION_mean,0.5002813024867054,0.27359111613333537,True
5,p2_primary_MAIN_OUTER_AIR_BAG_PRESSURE_auc,0.009108970154123881,1.106312766857753,True
5,p2_primary_MAIN_OUTER_AIR_BAG_PRESSURE_mean,0.21735288907822928,0.2787437228309489,True
5,p2_primary_MAIN_OUTER_AIR_BAG_PRESSURE_std,0.10057511874828413,0.46217058649986537,True
5,p2_primary_PRESSURIZED_CHAMBER_PRESSURE_auc,1.0998902220408908,0.33580082946237566,True
5,p2_primary_PRESSURIZED_CHAMBER_PRESSURE_mean,1.0360947370954234,0.32778215367843333,True
5,p2_primary_PRESSURIZED_CHAMBER_PRESSURE_std,1.8969856177060747,0.325353084022292,True
5,p2_primary_RETAINER_RING_PRESSURE_auc,2.1870010547949312,0.3698872130428242,True
5,p2_primary_RETAINER_RING_PRESSURE_mean,0.13051760144791086,-0.07110756012468429,False
5,p2_primary_RETAINER_RING_PRESSURE_std,0.36020979503565337,0.012745161875989713,False
5,p2_primary_RIPPLE_AIR_BAG_PRESSURE_auc,0.18003646776733237,0.3910879461712705,True
5,p2_primary_RIPPLE_AIR_BAG_PRESSURE_mean,0.13466499391444875,0.32872447400200944,True
5,p2_primary_RIPPLE_AIR_BAG_PRESSURE_std,1.6635527024423242,0.19795856946961227,True
5,p2_primary_SLURRY_FLOW_LINE_A_auc,0.5880078453580367,0.6714284978399748,True
5,p2_primary_SLURRY_FLOW_LINE_A_mean,0.5443813463867612,-0.1155619281508907,False
5,p2_primary_SLURRY_FLOW_LINE_A_std,0.9744299684052012,0.29018831880227586,True
5,p2_primary_SLURRY_FLOW_LINE_B_auc,0.017716485253191156,0.19494797389559557,True
5,p2_primary_SLURRY_FLOW_LINE_B_mean,2.5960198300676978,-0.24970559806643636,True
5,p2_primary_SLURRY_FLOW_LINE_B_std,0.466156711880314,0.19801018126194256,True
5,p2_primary_SLURRY_FLOW_LINE_C_auc,1.3654953828621006,0.47629884409030554,True
5,p2_primary_SLURRY_FLOW_LINE_C_mean,0.1631176306259285,0.5375524293612316,True
5,p2_primary_SLURRY_FLOW_LINE_C_std,1.9492075354988465,0.12004771387253893,True
5,p2_primary_STAGE_ROTATION_mean,1.2256086460393019,0.18145195835616146,True
5,p2_primary_USAGE_OF_BACKING_FILM_decreasing,21.818760046016397,0.003011091110235468,True
5,p2_primary_USAGE_OF_BACKING_FILM_mean,124312.1547927267,0.1767766952966368,True
5,p2_primary_USAGE_OF_BACKING_FILM_std,160.716832006396,-0.21214244704996701,True
5,p2_primary_USAGE_OF_DRESSER_TABLE_decreasing,0.9650956891537102,-0.03669701054360947,False
5,p2_primary_USAGE_OF_DRESSER_TABLE_mean,240.49123578995705,0.40338290820208655,True
5,p2_primary_USAGE_OF_DRESSER_TABLE_std,0.8631168205888995,0.32890666548626074,True
5,p2_primary_USAGE_OF_DRESSER_decreasing,0.2734139745346639,0.15357424395363156,True
5,p2_primary_USAGE_OF_DRESSER_mean,29.901681502382626,0.31915288449233037,True
5,p2_primary_USAGE_OF_DRESSER_std,0.4075176019993301,-0.13225405254344025,False
5,p2_primary_USAGE_OF_MEMBRANE_decreasing,25.8452260037996,-0.2528524275884883,True
5,p2_primary_USAGE_OF_MEMBRANE_mean,258452.67768055416,0.33285977743683465,True
5,p2_primary_USAGE_OF_MEMBRANE_std,399.7937508461379,0.308407635955882,True
5,p2_primary_USAGE_OF_POLISHING_TABLE_decreasing,0.6908058209237077,0.039374739719838035,False
5,p2_primary_USAGE_OF_POLISHING_TABLE_mean,0.08842242745207564,0.018760000793358197,False
5,p2_primary_USAGE_OF_POLISHING_TABLE_std,0.6599873005796507,0.2187317685201919,True
5,p2_primary_USAGE_OF_PRESSURIZED_SHEET_decreasing,18.535687716948974,0.0,True
5,p2_primary_USAGE_OF_PRESSURIZED_SHEET_mean,134613.64766824446,0.2612815039571571,True
5,p2_primary_USAGE_OF_PRESSURIZED_SHEET_std,263.0175287602984,0.1004813548111208,True
5,p2_primary_WAFER_ROTATION_mean,0.10981794199573998,0.3608856972086447,True
5,p2_primary_duration,3.6543252601049083,0.26439649110278024,True
5,p2_secondary_CENTER_AIR_BAG_PRESSURE_auc,4.0583550033008,-0.16544121978913823,True
5,p2_secondary_CENTER_AIR_BAG_PRESSURE_mean,3.5664618749261576,-0.10818481603896106,True
5,p2_secondary_CENTER_AIR_BAG_PRESSURE_std,1.6576807542745946,0.18758093590435296,True
5,p2_secondary_DRESSING_WATER_STATUS_auc,1.1634802754227145,-0.16093155940023798,False
5,p2_secondary_DRESSING_WATER_STATUS_mean,1.1937657657850502,-0.02610336743450551,False
5,p2_secondary_DRESSING_WATER_STATUS_std,0.03146595319714668,0.07275403449516918,False
5,p2_secondary_EDGE_AIR_BAG_PRESSURE_auc,0.9201541655071103,0.24306679256847208,True
5,p2_secondary_EDGE_AIR_BAG_PRESSURE_mean,0.8543299550231033,-0.24388932902500815,False
5,p2_secondary_EDGE_AIR_BAG_PRESSURE_std,0.9224028166323394,0.14928775393175173,False
5,p2_secondary_HEAD_ROTATION_mean,0.5226648466081878,0.09485971188050286,False
5,p2_secondary_MAIN_OUTER_AIR_BAG_PRESSURE_auc,0.1495740466325777,0.18999640461934336,True
5,p2_secondary_MAIN_OUTER_AIR_BAG_PRESSURE_mean,0.1884239504074027,-0.2507037942361772,False
5,p2_secondary_MAIN_OUTER_AIR_BAG_PRESSURE_std,0.42019992161030406,0.2655300546316671,True
5,p2_secondary_PRESSURIZED_CHAMBER_PRESSURE_auc,1.5176829112636796,0.13718555832796753,True
5,p2_secondary_PRESSURIZED_CHAMBER_PRESSURE_mean,1.6029388957653337,-0.06409790363866877,True
5,p2_secondary_PRESSURIZED_CHAMBER_PRESSURE_std,0.7786566700227847,0.04430618576117879,False
5,p2_secondary_RETAINER_RING_PRESSURE_auc,0.8606001684389887,0.1277390108045845,False
5,p2_secondary_RETAINER_RING_PRESSURE_mean,0.21406508995166654,0.16625853107193303,True
5,p2_secondary_RETAINER_RING_PRESSURE_std,0.041227903914690445,-0.10481356603443243,False
5,p2_secondary_RIPPLE_AIR_BAG_PRESSURE_auc,0.8084504451467861,-0.1744278827638424,False
5,p2_secondary_RIPPLE_AIR_BAG_PRESSURE_mean,0.6927067454454402,0.17677669529663698,True
5,p2_secondary_RIPPLE_AIR_BAG_PRESSURE_std,1.1314939873769487,-0.17677669529663695,False
5,p2_secondary_SLURRY_FLOW_LINE_A_auc,1.7319872749121754,-0.04007403093355678,True
5,p2_secondary_SLURRY_FLOW_LINE_A_mean,2.0860077489137647,0.07425946801217043,True
5,p2_secondary_SLURRY_FLOW_LINE_A_std,0.8144062309055486,0.17618700000438867,True
5,p2_secondary_SLURRY_FLOW_LINE_B_auc,1.4755947801215297,0.22208623932509014,True
5,p2_secondary_SLURRY_FLOW_LINE_B_mean,1.4583291673218148,0.1767766952966369,True
5,p2_secondary_SLURRY_FLOW_LINE_B_std,0.7736179537049303,-0.3049690722404289,False
5,p2_secondary_SLURRY_FLOW_LINE_C_auc,0.8376097636339015,-0.03514299688296794,False
5,p2_secondary_SLURRY_FLOW_LINE_C_mean,0.5155230913598426,-0.08590778970179865,False
5,p2_secondary_SLURRY_FLOW_LINE_C_std,1.099030862813298,0.3382616686681501,True
5,p2_secondary_STAGE_ROTATION_mean,0.2839128408813004,0.26367988147289456,True
5,p2_secondary_USAGE_OF_BACKING_FILM_decreasing,10.31629222178332,0.16821616138294923,True
5,p2_secondary_USAGE_OF_BACKING_FILM_mean,44042.46366577246,0.2097049192486779,True
5,p2_secondary_USAGE_OF_BACKING_FILM_std,65.14150448637268,-0.2008168326764302,True
5,p2_secondary_USAGE_OF_DRESSER_TABLE_decreasing,2.6050997561434284,0.0,True
5,p2_secondary_USAGE_OF_DRESSER_TABLE_mean,240.32234586904454,0.43717335477940467,True
5,p2_secondary_USAGE_OF_DRESSER_TABLE_std,2.6595311821906553,0.0,True
5,p2_secondary_USAGE_OF_DRESSER_decreasing,0.4017501308893457,0.0,False
5,p2_secondary_USAGE_OF_DRESSER_mean,29.87524264806993,0.38590424781214716,True
5,p2_secondary_USAGE_OF_DRESSER_std,0.26900063640887883,0.0,False
5,p2_secondary_USAGE_OF_MEMBRANE_decreasing,1804.9205823229252,0.17677669529663692,True
5,p2_secondary_USAGE_OF_MEMBRANE_mean,44243.92098438339,0.19378782136998995,True
5,p2_secondary_USAGE_OF_MEMBRANE_std,9126.053631001267,0.1767766952966369,True
5,p2_secondary_USAGE_OF_POLISHING_TABLE_decreasing,2.2304469419217647,-0.1294361230786691,True
5,p2_secondary_USAGE_OF_POLISHING_TABLE_mean,0.0713915072296041,0.27364619301653226,True
5,p2_secondary_USAGE_OF_POLISHING_TABLE_std,2.2123887568747267,0.13722296562388783,True
5,p2_secondary_USAGE_OF_PRESSURIZED_SHEET_decreasing,1709.7023111806736,-0.17403152501820823,True
5,p2_secondary_USAGE_OF_PRESSURIZED_SHEET_mean,138.25907233206027,0.2193277187278924,True
5,p2_secondary_USAGE_OF_PRESSURIZED_SHEET_std,8833.208104128054,0.2656588381794458,True
5,p2_secondary_WAFER_ROTATION_mean,0.8202712348281481,0.14415900682681737,False
5,p2_secondary_duration,2.14580549612002,0.2057038810185666,True
6,lag_1,1.339301760654216,0.35133342169671294,True
6,lag_2,0.7444611793262572,0.3653162327749486,True
6,lag_3,0.5553421403572252,0.0859682655815557,False
6,lag_4,1.7992759881612987,-0.09988115619223586,True
6,lag_5,0.9387616696790955,0.28310360360507036,True
6,lag_6,0.14212025436497067,-0.1767766952966368,False
6,lag_7,1.145609537834417,-0.2468725144415161,False
6,lag_8,1.0600961328292684,-0.05816198634808332,False
6,lag_9,1.8687886686771182,0.09247943314359199,True
6,lag_10,1.4355899050806347,0.05474658550837183,False
6,lag_11,2.3367206182269133,-0.12507988881758156,True
6,neighbor_1,3.302111436749314,1.2453599961974722,True
6,neighbor_2,1.5669752937241175,0.05002210439459728,True
6,neighbor_3,0.2853010329950351,0.4799111248050693,True
6,neighbor_4,0.40385011767137013,0.13279847055993668,False
6,neighbor_5,0.9552592180858559,0.5308761541944123,True
6,neighbor_6,1.2551212632412447,0.06338099594071868,False
6,neighbor_7,0.9897511732509796,0.4103790209637742,True
6,neighbor_8,0.28568810955191265,0.06459557202003381,False
6,neighbor_9,1.655456490100881,0.3194961974579014,True
6,neighbor_10,2.237029036371607,0.2532317878231821,True
6,p2_primary_CENTER_AIR_BAG_PRESSURE_auc,0.13637269052908674,0.46893319569564573,True
6,p2_primary_CENTER_AIR_BAG_PRESSURE_mean,0.18488477450800006,0.32376244494119627,True
6,p2_primary_CENTER_AIR_BAG_PRESSURE_std,0.4284862197559949,0.15027851488271204,True
6,p2_primary_DRESSING_WATER_STATUS_auc,0.49427942071829023,-0.13516930626712226,False
6,p2_primary_DRESSING_WATER_STATUS_mean,0.6873127431987326,-0.22449331259929556,False
6,p2_primary_DRESSING_WATER_STATUS_std,0.541082246404339,-0.10020234019729646,False
6,p2_primary_EDGE_AIR_BAG_PRESSURE_auc,0.9714820852402386,0.3596919301831067,True
6,p2_primary_EDGE_AIR_BAG_PRESSURE_mean,0.021901684289444782,-0.04063055970472401,False
6,p2_primary_EDGE_AIR_BAG_PRESSURE_std,0.8171410936137836,0.14790173867646506,False
6,p2_primary_HEAD_ROTATION_mean,2.3367974101911746,0.0008336595837324208,True
6,p2_primary_MAIN_OUTER_AIR_BAG_PRESSURE_auc,0.23144402499667502,1.6292907000404235,True
6,p2_primary_MAIN_OUTER_AIR_BAG_PRESSURE_mean,0.12453001674709002,0.17835970507742896,True
6,p2_primary_MAIN_OUTER_AIR_BAG_PRESSURE_std,0.9387512514392518,0.19903227877541346,True
6,p2_primary_PRESSURIZED_CHAMBER_PRESSURE_auc,1.6281522310989722,0.5110861930673443,True
6,p2_primary_PRESSURIZED_CHAMBER_PRESSURE_mean,0.15236531591443064,0.06532985752767512,False
6,p2_primary_PRESSURIZED_CHAMBER_PRESSURE_std,1.5426449535269826,0.3463915106881282,True
6,p2_primary_RETAINER_RING_PRESSURE_auc,0.7537621071789521,0.2923844560176281,True
6,p2_primary_RETAINER_RING_PRESSURE_mean,1.006767769699698,0.22710350176154454,True
6,p2_primary_RETAINER_RING_PRESSURE_std,1.320098217628793,-0.19224637858197616,False
6,p2_primary_RIPPLE_AIR_BAG_PRESSURE_auc,0.20828409963067487,0.262285754035911,True
6,p2_primary_RIPPLE_AIR_BAG_PRESSURE_mean,0.35522815095759713,0.21212318711219705,True
6,p2_primary_RIPPLE_AIR_BAG_PRESSURE_std,1.0869432738533853,0.22620813796939193,True
6,p2_primary_SLURRY_FLOW_LINE_A_auc,1.4075711681807843,0.22934788525595828,True
6,p2_primary_SLURRY_FLOW_LINE_A_mean,0.44607567031818934,0.28617669454657896,True
6,p2_primary_SLURRY_FLOW_LINE_A_std,0.4413733441192813,0.3385937243910778,True
6,p2_primary_SLURRY_FLOW_LINE_B_auc,0.4922253158530769,0.20268802448465617,True
6,p2_primary_SLURRY_FLOW_LINE_B_mean,1.5387107864742253,0.0,True
6,p2_primary_SLURRY_FLOW_LINE_B_std,0.7056373924715332,0.32059913229018583,True
6,p2_primary_SLURRY_FLOW_LINE_C_auc,1.2837995644864086,1.083848087421202,True
6,p2_primary_SLURRY_FLOW_LINE_C_mean,0.1407102868843157,0.27463725345308115,True
6,p2_primary_SLURRY_FLOW_LINE_C_std,1.2195288085307148,0.1337022077806978,False
6,p2_primary_STAGE_ROTATION_mean,0.4727830122315562,0.04492051374716847,False
6,p2_primary_USAGE_OF_BACKING_FILM_decreasing,30.94434832635697,-0.11485240381437534,True
6,p2_primary_USAGE_OF_BACKING_FILM_mean,265828.66384771554,-0.16585687151547332,True
6,p2_primary_USAGE_OF_BACKING_FILM_std,43.136233818960285,0.1826711201715091,True
6,p2_primary_USAGE_OF_DRESSER_TABLE_decreasing,0.0005627810230127325,0.1562542485711004,True
6,p2_primary_USAGE_OF_DRESSER_TABLE_mean,557.5434252944106,0.2946824062580454,True
6,p2_primary_USAGE_OF_DRESSER_TABLE_std,0.09115743662679766,0.03257056821535224,False
6,p2_primary_USAGE_OF_DRESSER_decreasing,1.5126583354081518,-0.043685615881496186,True
6,p2_primary_USAGE_OF_DRESSER_mean,1.7220344032481167,0.39831865486079954,True
6,p2_primary_USAGE_OF_DRESSER_std,0.8883635489969542,0.0,False
6,p2_primary_USAGE_OF_MEMBRANE_decreasing,66.94468666119813,-0.2649344579027752,True
6,p2_primary_USAGE_OF_MEMBRANE_mean,485785.82757961756,0.22842298291567553,True
6,p2_primary_USAGE_OF_MEMBRANE_std,150.61081196368946,-0.03516431399730164,True
6,p2_primary_USAGE_OF_POLISHING_TABLE_decreasing,1.1942647041738241,0.17006314593762178,True
6,p2_primary_USAGE_OF_POLISHING_TABLE_mean,0.6866477077025934,0.41219014828659567,True
6,p2_primary_USAGE_OF_POLISHING_TABLE_std,1.1645529480435093,0.1576423160942938,True
6,p2_primary_USAGE_OF_PRESSURIZED_SHEET_decreasing,46.50329778091164,-0.18037228538618996,True
6,p2_primary_USAGE_OF_PRESSURIZED_SHEET_mean,218656.02334086207,0.3069764539159566,True
6,p2_primary_USAGE_OF_PRESSURIZED_SHEET_std,97.12127594975992,0.23181902467899998,True
6,p2_primary_WAFER_ROTATION_mean,0.15720287719656423,0.31610422339878863,True
6,p2_primary_duration,0.6611177283431154,0.019030771539649844,False
6,p2_secondary_CENTER_AIR_BAG_PRESSURE_auc,0.9749543293789316,0.0666025223276998,False
6,p2_secondary_CENTER_AIR_BAG_PRESSURE_mean,0.5292789229990127,0.07371973965849407,False
6,p2_secondary_CENTER_AIR_BAG_PRESSURE_std,0.7594070984743263,-0.17677669529663687,False
6,p2_secondary_DRESSING_WATER_STATUS_auc,1.0026489295253516,-0.3242475544122215,False
6,p2_secondary_DRESSING_WATER_STATUS_mean,1.0440250357499714,-0.15301243405260984,False
6,p2_secondary_DRESSING_WATER_STATUS_std,0.7859876715135666,0.060360530767228505,False
6,p2_secondary_EDGE_AIR_BAG_PRESSURE_auc,0.27307541072149755,0.0,False
6,p2_secondary_EDGE_AIR_BAG_PRESSURE_mean,0.4209924139972883,0.0,False
6,p2_secondary_EDGE_AIR_BAG_PRESSURE_std,1.1697470791199096,0.1320227163955747,False
6,p2_secondary_HEAD_ROTATION_mean,0.34721426262107635,-0.1716363533723745,False
6,p2_secondary_MAIN_OUTER_AIR_BAG_PRESSURE_auc,0.6815846794240543,0.0,False
6,p2_secondary_MAIN_OUTER_AIR_BAG_PRESSURE_mean,0.7213301241552499,-0.12423778367974128,False
6,p2_secondary_MAIN_OUTER_AIR_BAG_PRESSURE_std,1.0249490023657906,0.2532025386209765,True
6,p2_secondary_PRESSURIZED_CHAMBER_PRESSURE_auc,1.1314191273245795,0.24300780055448962,True
6,p2_secondary_PRESSURIZED_CHAMBER_PRESSURE_mean,0.8639604981246526,0.0,False
6,p2_secondary_PRESSURIZED_CHAMBER_PRESSURE_std,1.011124023226913,0.10884357249644797,False
6,p2_secondary_RETAINER_RING_PRESSURE_auc,1.0464828933558628,-0.07862565356911265,False
6,p2_secondary_RETAINER_RING_PRESSURE_mean,0.29569010737746415,0.03850925955309858,False
6,p2_secondary_RETAINER_RING_PRESSURE_std,1.7139474342762235,0.18139963582755736,True
6,p2_secondary_RIPPLE_AIR_BAG_PRESSURE_auc,1.3481051228783045,0.17637069124314736,True
6,p2_secondary_RIPPLE_AIR_BAG_PRESSURE_mean,1.236040682762605,0.3059051099630201,True
6,p2_secondary_RIPPLE_AIR_BAG_PRESSURE_std,0.7952012638560991,-0.13323015973396402,False
6,p2_secondary_SLURRY_FLOW_LINE_A_auc,1.1514041566103976,-0.1492723607383855,False
6,p2_secondary_SLURRY_FLOW_LINE_A_mean,1.807197891129272,0.005112484870037666,True
6,p2_secondary_SLURRY_FLOW_LINE_A_std,1.9638533108687533,0.11388737128450181,True
6,p2_secondary_SLURRY_FLOW_LINE_B_auc,0.6605605713479227,-0.1659379258158717,False
6,p2_secondary_SLURRY_FLOW_LINE_B_mean,0.6687762772639189,0.17677669529663664,True
6,p2_secondary_SLURRY_FLOW_LINE_B_std,0.48028438693750375,0.14425699416026447,False
6,p2_secondary_SLURRY_FLOW_LINE_C_auc,0.8524584536653221,0.20591472998117696,True
6,p2_secondary_SLURRY_FLOW_LINE_C_mean,0.9729979718727625,-0.1048412552930462,False
6,p2_secondary_SLURRY_FLOW_LINE_C_std,2.224703546765326,0.28478327098879147,True
6,p2_secondary_STAGE_ROTATION_mean,0.021188032964296947,0.279782706546595,True
6,p2_secondary_USAGE_OF_BACKING_FILM_decreasing,0.9927166810935755,-0.176776695296637,False
6,p2_secondary_USAGE_OF_BACKING_FILM_mean,77939.54571460775,0.3046641775470497,True
6,p2_secondary_USAGE_OF_BACKING_FILM_std,4.130010698275499,0.18041265822361602,True
6,p2_secondary_USAGE_OF_DRESSER_TABLE_decreasing,1.2705773123741997,0.0,False
6,p2_secondary_USAGE_OF_DRESSER_TABLE_mean,563.8147027675651,0.2544563847216795,True
6,p2_secondary_USAGE_OF_DRESSER_TABLE_std,1.1299778046062185,0.0,False
6,p2_secondary_USAGE_OF_DRESSER_decreasing,0.17838724633442796,0.0,False
6,p2_secondary_USAGE_OF_DRESSER_mean,1.6843876511089417,0.3947443060991199,True
6,p2_secondary_USAGE_OF_DRESSER_std,0.49548824597302227,0.0,False
6,p2_secondary_USAGE_OF_MEMBRANE_decreasing,152.43444319687904,0.17677669529663692,True
6,p2_secondary_USAGE_OF_MEMBRANE_mean,40716.72502390224,0.2687798650959974,True
6,p2_secondary_USAGE_OF_MEMBRANE_std,86.32856254180007,-0.1767766952966369,True
6,p2_secondary_USAGE_OF_POLISHING_TABLE_decreasing,0.413682315873933,0.0,False
6,p2_secondary_USAGE_OF_POLISHING_TABLE_mean,0.6740759087568532,0.23775491887057057,True
6,p2_secondary_USAGE_OF_POLISHING_TABLE_std,0.4466322812338266,-0.17451758788796007,False
6,p2_secondary_USAGE_OF_PRESSURIZED_SHEET_decreasing,154.8712316574624,0.1767766952966369,True
6,p2_secondary_USAGE_OF_PRESSURIZED_SHEET_mean,40901.03554065428,0.22014799221339004,True
6,p2_secondary_USAGE_OF_PRESSURIZED_SHEET_std,79.8473561593084,0.24208166521663016,True
6,p2_secondary_WAFER_ROTATION_mean,0.6363052480643541,-0.38169594429917997,False
6,p2_secondary_duration,1.12706841243957,-0.006346931593014846,False
7,lag_1,2.464576606994238,0.415038410569893,True
7,lag_2,0.6518504353213673,0.3057950386430854,True
7,lag_3,0.6562718657334938,-0.0486488554022454,False
7,lag_4,1.3530118765674302,0.2863250713678165,True
7,lag_5,0.5577055895384286,0.2230264202235809,True
7,lag_6,0.07008521882279015,0.2119513823505182,True
7,lag_7,1.414981720749142,0.09705836697150604,False
7,lag_8,0.08161331433940927,0.11125973932471515,False
7,lag_9,0.8540878304597765,0.2460742984520547,True
7,lag_10,0.3439871895287067,-0.20871509788239068,False
7,lag_11,0.06486386856193928,0.2274495895909387,True
7,neighbor_1,3.1133222518429395,0.5556991481016084,True
7,neighbor_2,1.2072943777844627,0.35413375850380896,True
7,neighbor_3,0.3129110231885418,0.04555194342452468,False
7,neighbor_4,0.0702055013501747,-0.01747749325464583,False
7,neighbor_5,0.40224188257574545,0.2831732319962095,True
7,neighbor_6,0.8378831467024118,0.22012049677718012,True
7,neighbor_7,0.9409553912235055,-0.01843138643805112,False
7,neighbor_8,0.44338566798910056,0.14033758113148526,False
7,neighbor_9,0.41820034161979286,-0.021305689843386336,False
7,neighbor_10,0.49837940670832925,-0.29321405113790255,False
7,p2_primary_CENTER_AIR_BAG_PRESSURE_auc,0.6039402480880283,0.764618333334029,True
7,p2_primary_CENTER_AIR_BAG_PRESSURE_mean,0.13581453207558775,0.13741300792067218,False
7,p2_primary_CENTER_AIR_BAG_PRESSURE_std,1.099379484888283,0.0770394644015962,False
7,p2_primary_DRESSING_WATER_STATUS_auc,0.6703734770782818,0.09633656529143757,False
7,p2_primary_DRESSING_WATER_STATUS_mean,0.9780120492832619,0.2693584362457697,True
7,p2_primary_DRESSING_WATER_STATUS_std,0.9812839486818015,-0.15396619338303993,False
7,p2_primary_EDGE_AIR_BAG_PRESSURE_auc,0.16538544219864904,0.24017426205943976,True
7,p2_primary_EDGE_AIR_BAG_PRESSURE_mean,0.6642702934605795,0.1572008856448064,True
7,p2_primary_EDGE_AIR_BAG_PRESSURE_std,1.1696681970236122,0.3026374575003265,True
7,p2_primary_HEAD_ROTATION_mean,1.2652446614271842,0.15651202618674892,True
7,p2_primary_MAIN_OUTER_AIR_BAG_PRESSURE_auc,0.5364857148349108,0.8205600528879222,True
7,p2_primary_MAIN_OUTER_AIR_BAG_PRESSURE_mean,0.31900415282326233,0.2622799232058755,True
7,p2_primary_MAIN_OUTER_AIR_BAG_PRESSURE_std,0.5009601186617522,0.30013498170139774,True
7,p2_primary_PRESSURIZED_CHAMBER_PRESSURE_auc,0.45021112849941924,0.20053679256927207,True
7,p2_primary_PRESSURIZED_CHAMBER_PRESSURE_mean,1.2807503626951862,0.23780420761542742,True
7,p2_primary_PRESSURIZED_CHAMBER_PRESSURE_std,2.297183665124823,0.16433540794476542,True
7,p2_primary_RETAINER_RING_PRESSURE_auc,2.4081842184801228,0.2176572188416721,True
7,p2_primary_RETAINER_RING_PRESSURE_mean,0.5224753635305663,-0.27183692981224206,False
7,p2_primary_RETAINER_RING_PRESSURE_std,0.36218872962300297,0.06446674899382578,False
7,p2_primary_RIPPLE_AIR_BAG_PRESSURE_auc,0.21264099542719936,0.3812055806013151,True
7,p2_primary_RIPPLE_AIR_BAG_PRESSURE_mean,0.2137830088533717,-0.17983335542506973,False
7,p2_primary_RIPPLE_AIR_BAG_PRESSURE_std,1.0612847545798716,0.379243730803072,True
7,p2_primary_SLURRY_FLOW_LINE_A_auc,1.5327588322257166,0.23819169772754845,True
7,p2_primary_SLURRY_FLOW_LINE_A_mean,0.6405071708630152,-0.13858516841278887,False
7,p2_primary_SLURRY_FLOW_LINE_A_std,0.48885296628878006,0.2342318689680349,True
7,p2_primary_SLURRY_FLOW_LINE_B_auc,0.8140254418797533,0.17072922920560663,True
7,p2_primary_SLURRY_FLOW_LINE_B_mean,1.2092700468108355,0.25358056252674166,True
7,p2_primary_SLURRY_FLOW_LINE_B_std,1.4794965036468544,0.0,False
7,p2_primary_SLURRY_FLOW_LINE_C_auc,2.0264386863446044,0.9726796984448645,True
7,p2_primary_SLURRY_FLOW_LINE_C_mean,0.461891703948846,0.2097940633165514,True
7,p2_primary_SLURRY_FLOW_LINE_C_std,1.382989161612251,-0.34316415029701425,False
7,p2_primary_STAGE_ROTATION_mean,0.7741529164485704,0.07644022532352827,False
7,p2_primary_USAGE_OF_BACKING_FILM_decreasing,47.28106068824702,0.24642686665731353,True
7,p2_primary_USAGE_OF_BACKING_FILM_mean,231509.08602933623,0.26169006610300755,True
7,p2_primary_USAGE_OF_BACKING_FILM_std,64.137583872703,0.19985362600916692,True
7,p2_primary_USAGE_OF_DRESSER_TABLE_decreasing,0.19899167984363272,0.12426390847823446,False
7,p2_primary_USAGE_OF_DRESSER_TABLE_mean,622.962612457562,0.16182851618693497,True
7,p2_primary_USAGE_OF_DRESSER_TABLE_std,0.29502133387063656,0.08253131846439861,False
7,p2_primary_USAGE_OF_DRESSER_decreasing,1.028179241397599,0.20476901588249563,True
7,p2_primary_USAGE_OF_DRESSER_mean,4.942856017046153,0.25713057090673413,True
7,p2_primary_USAGE_OF_DRESSER_std,0.7984434539347293,0.09555828867439968,False
7,p2_primary_USAGE_OF_MEMBRANE_decreasing,18.00482396508657,0.10805947022761307,True
7,p2_primary_USAGE_OF_MEMBRANE_mean,742153.4545900773,0.25304837128987323,True
7,p2_primary_USAGE_OF_MEMBRANE_std,20.716859313844033,0.17716327850389682,True
7,p2_primary_USAGE_OF_POLISHING_TABLE_decreasing,0.4612859836722397,0.32485322221887636,True
7,p2_primary_USAGE_OF_POLISHING_TABLE_mean,0.2942071590121921,0.18744528016546907,True
7,p2_primary_USAGE_OF_POLISHING_TABLE_std,0.4939902102020465,0.18231221026382624,True
7,p2_primary_USAGE_OF_PRESSURIZED_SHEET_decreasing,1.1418327242644402,-0.07394898842920473,False
7,p2_primary_USAGE_OF_PRESSURIZED_SHEET_mean,513016.6311383963,0.20432444279069337,True
7,p2_primary_USAGE_OF_PRESSURIZED_SHEET_std,1.403693897390158,0.27091004515851413,True
7,p2_primary_WAFER_ROTATION_mean,0.7737631233562035,0.2848739931334685,True
7,p2_primary_duration,0.3821572026665433,0.2988318326078267,True
7,p2_secondary_CENTER_AIR_BAG_PRESSURE_auc,4.1463210056276925,0.159184032025707,True
7,p2_secondary_CENTER_AIR_BAG_PRESSURE_mean,4.138306579598803,0.17677669529663687,True
7,p2_secondary_CENTER_AIR_BAG_PRESSURE_std,0.15291513053053635,0.2524625516255723,True
7,p2_secondary_DRESSING_WATER_STATUS_auc,1.0448651289374935,0.05451309107393476,False
7,p2_secondary_DRESSING_WATER_STATUS_mean,1.0303607194885382,-0.025217567930158124,False
7,p2_secondary_DRESSING_WATER_STATUS_std,0.890267270993121,0.13226604353846313,False
7,p2_secondary_EDGE_AIR_BAG_PRESSURE_auc,0.1042875300880446,0.0,False
7,p2_secondary_EDGE_AIR_BAG_PRESSURE_mean,0.11785114419857033,0.16812952821092686,True
7,p2_secondary_EDGE_AIR_BAG_PRESSURE_std,0.1500660021149355,0.10093500369848919,False
7,p2_secondary_HEAD_ROTATION_mean,0.17655863099083258,-0.023364565618259774,False
7,p2_secondary_MAIN_OUTER_AIR_BAG_PRESSURE_auc,1.6929711593549697,0.0,True
7,p2_secondary_MAIN_OUTER_AIR_BAG_PRESSURE_mean,1.6101591325627238,0.17677669529663695,True
7,p2_secondary_MAIN_OUTER_AIR_BAG_PRESSURE_std,1.4490757236804543,0.11231882848170731,False
7,p2_secondary_PRESSURIZED_CHAMBER_PRESSURE_auc,1.5735010660896602,0.1767766952966369,True
7,p2_secondary_PRESSURIZED_CHAMBER_PRESSURE_mean,1.710632818217957,-0.17677669529663673,True
7,p2_secondary_PRESSURIZED_CHAMBER_PRESSURE_std,1.8772744416543568,0.19171875017632092,True
7,p2_secondary_RETAINER_RING_PRESSURE_auc,0.5174191425961252,0.15026946772015892,True
7,p2_secondary_RETAINER_RING_PRESSURE_mean,0.2967985833594408,0.0,False
7,p2_secondary_RETAINER_RING_PRESSURE_std,0.6885485162418884,0.08443066613743692,False
7,p2_secondary_RIPPLE_AIR_BAG_PRESSURE_auc,0.018362399530211248,0.24561854834293326,True
7,p2_secondary_RIPPLE_AIR_BAG_PRESSURE_mean,0.14003569985962286,0.12786136401204345,False
7,p2_secondary_RIPPLE_AIR_BAG_PRESSURE_std,0.7866632867984509,-0.17677669529663692,False
7,p2_secondary_SLURRY_FLOW_LINE_A_auc,0.19183694700951504,0.09434811016507438,False
7,p2_secondary_SLURRY_FLOW_LINE_A_mean,0.4623930067322711,-0.25174349608728036,False
7,p2_secondary_SLURRY_FLOW_LINE_A_std,1.0839716115716205,-0.14518030241280727,False
7,p2_secondary_SLURRY_FLOW_LINE_B_auc,0.4762057054620248,-0.18243370670226344,False
7,p2_secondary_SLURRY_FLOW_LINE_B_mean,0.420570499862823,-0.17677669529663678,False
7,p2_secondary_SLURRY_FLOW_LINE_B_std,2.2726169377659238,0.0,True
7,p2_secondary_SLURRY_FLOW_LINE_C_auc,0.740134608960105,0.004103576068195529,False
7,p2_secondary_SLURRY_FLOW_LINE_C_mean,0.45673816723874056,-0.17677669529663703,False
7,p2_secondary_SLURRY_FLOW_LINE_C_std,1.3898376471428409,0.17677669529663692,True
7,p2_secondary_STAGE_ROTATION_mean,0.3780531277094944,-0.011696074757969882,False
7,p2_secondary_USAGE_OF_BACKING_FILM_decreasing,18.20807836131014,0.0,True
7,p2_secondary_USAGE_OF_BACKING_FILM_mean,658296.9439278032,0.31262355530978736,True
7,p2_secondary_USAGE_OF_BACKING_FILM_std,19.410139941042207,-0.17677669529663673,True
7,p2_secondary_USAGE_OF_DRESSER_TABLE_decreasing,3.2476104941552237,0.0,True
7,p2_secondary_USAGE_OF_DRESSER_TABLE_mean,635.6805721609103,-0.10375930669718447,True
7,p2_secondary_USAGE_OF_DRESSER_TABLE_std,2.860358805537399,0.0,True
7,p2_secondary_USAGE_OF_DRESSER_decreasing,0.1069465282301105,0.0,False
7,p2_secondary_USAGE_OF_DRESSER_mean,4.903337444215086,0.1878877679921157,True
7,p2_secondary_USAGE_OF_DRESSER_std,0.23593423093006707,0.0,False
7,p2_secondary_USAGE_OF_MEMBRANE_decreasing,1.9126670910960513,-0.1767766952966369,True
7,p2_secondary_USAGE_OF_MEMBRANE_mean,332841.08566800505,0.3246889743536434,True
7,p2_secondary_USAGE_OF_MEMBRANE_std,37.839652008082346,0.17677669529663687,True
7,p2_secondary_USAGE_OF_POLISHING_TABLE_decreasing,1.2760028956819391,0.07360211054262122,False
7,p2_secondary_USAGE_OF_POLISHING_TABLE_mean,0.24441100058944837,0.12366041927214291,False
7,p2_secondary_USAGE_OF_POLISHING_TABLE_std,1.3419755831716387,-0.176776695296637,False
7,p2_secondary_USAGE_OF_PRESSURIZED_SHEET_decreasing,36.59318275745494,0.0,True
7,p2_secondary_USAGE_OF_PRESSURIZED_SHEET_mean,332840.8423476218,0.0,True
7,p2_secondary_USAGE_OF_PRESSURIZED_SHEET_std,0.42866803133670517,0.0,False
7,p2_secondary_WAFER_ROTATION_mean,1.915002991139828,-0.1676837406523539,True
7,p2_secondary_duration,0.8682443343492041,-0.20460038967721822,False
8,lag_1,2.494248356475545,0.36260962556760157,True
8,lag_2,0.43697525675411164,0.3136834376346873,True
8,lag_3,0.5585485069898773,-0.20913157024028337,False
8,lag_4,0.004645421626120256,0.2015422443307506,True
8,lag_5,0.5453624864240757,0.2215047679387634,True
8,lag_6,0.062038552539110316,0.11393172987168439,False
8,lag_7,0.8462901453481624,0.2942742461578664,True
8,lag_8,1.126109571517724,-0.06540094411038166,False
8,lag_9,0.10093899096416474,0.06699982173030226,False
8,lag_10,1.1214582694805004,0.34222753567665976,True
8,lag_11,1.504486498537926,0.21036222592170703,True
8,neighbor_1,4.871938913968009,1.60723610226792,True
8,neighbor_2,1.1340790175868563,0.49894679807992454,True
8,neighbor_3,2.233580732269137,0.48397630957518895,True
8,neighbor_4,0.9989997331689991,-0.1278998979695847,False
8,neighbor_5,1.6970584690613881,0.3024451563902228,True
8,neighbor_6,1.0614117253884663,-0.08006741863881942,False
8,neighbor_7,1.7651119629832606,0.1453855717349803,True
8,neighbor_8,1.1179235222540584,0.14695414661199768,False
8,neighbor_9,1.467243850117779,0.1675390547396436,True
8,neighbor_10,1.6586306667847015,0.3583914334532433,True
8,p2_primary_CENTER_AIR_BAG_PRESSURE_auc,1.2764144882954775,1.3069144701032538,True
8,p2_primary_CENTER_AIR_BAG_PRESSURE_mean,0.40684840762902974,0.3473076225377276,True
8,p2_primary_CENTER_AIR_BAG_PRESSURE_std,1.936371039686763,0.2946799326943267,True
8,p2_primary_DRESSING_WATER_STATUS_auc,0.384755390578819,0.12110056814756436,False
8,p2_primary_DRESSING_WATER_STATUS_mean,0.28645237127513906,0.10757429132568493,False
8,p2_primary_DRESSING_WATER_STATUS_std,1.6597460439024798,0.20118992180007447,True
8,p2_primary_EDGE_AIR_BAG_PRESSURE_auc,1.5103064956131687,0.15513434409307414,True
8,p2_primary_EDGE_AIR_BAG_PRESSURE_mean,0.6169143783023955,0.05416061193785351,False
8,p2_primary_EDGE_AIR_BAG_PRESSURE_std,0.8236571943571582,0.24231200081771578,True
8,p2_primary_HEAD_ROTATION_mean,0.9536232020860275,-0.018701081638317785,False
8,p2_primary_MAIN_OUTER_AIR_BAG_PRESSURE_auc,0.831530432831968,0.4464512101737713,True
8,p2_primary_MAIN_OUTER_AIR_BAG_PRESSURE_mean,0.26704624639985103,0.21384343611548262,True
8,p2_primary_MAIN_OUTER_AIR_BAG_PRESSURE_std,1.8604403935773544,0.302345715505538,True
8,p2_primary_PRESSURIZED_CHAMBER_PRESSURE_auc,1.1879741327404332,0.4536966475546064,True
8,p2_primary_PRESSURIZED_CHAMBER_PRESSURE_mean,0.21663405750964487,0.24451288246221708,True
8,p2_primary_PRESSURIZED_CHAMBER_PRESSURE_std,1.3342500940040385,0.2997277007795556,True
8,p2_primary_RETAINER_RING_PRESSURE_auc,0.6516148093648534,0.34275104444118676,True
8,p2_primary_RETAINER_RING_PRESSURE_mean,0.7529937204051145,0.10908860689802453,False
8,p2_primary_RETAINER_RING_PRESSURE_std,0.7174108848665709,-0.2657900802153841,False
8,p2_primary_RIPPLE_AIR_BAG_PRESSURE_auc,0.09652628052256228,0.4015247651014756,True
8,p2_primary_RIPPLE_AIR_BAG_PRESSURE_mean,0.40547642800195427,0.3442006294152221,True
8,p2_primary_RIPPLE_AIR_BAG_PRESSURE_std,0.5091064564707662,0.33468851315976933,True
8,p2_primary_SLURRY_FLOW_LINE_A_auc,0.7510046240020242,0.5517821006473679,True
8,p2_primary_SLURRY_FLOW_LINE_A_mean,0.5454111797535911,0.01432992005008327,False
8,p2_primary_SLURRY_FLOW_LINE_A_std,1.735451032113056,0.12401530325973822,True
8,p2_primary_SLURRY_FLOW_LINE_B_auc,0.6421903331892123,0.2365874148653469,True
8,p2_primary_SLURRY_FLOW_LINE_B_mean,0.5409319190369208,-0.07652029339436675,False
8,p2_primary_SLURRY_FLOW_LINE_B_std,0.5011898683659624,0.16123867686078325,True
8,p2_primary_SLURRY_FLOW_LINE_C_auc,0.6489427282264778,0.8144383316329762,True
8,p2_primary_SLURRY_FLOW_LINE_C_mean,0.6905500435144938,0.3515747981710332,True
8,p2_primary_SLURRY_FLOW_LINE_C_std,1.458439207230553,0.053779776804759864,False
8,p2_primary_STAGE_ROTATION_mean,0.928476852143561,-0.19539928879862445,False
8,p2_primary_USAGE_OF_BACKING_FILM_decreasing,1.962418592964084,0.09106898649615239,True
8,p2_primary_USAGE_OF_BACKING_FILM_mean,165127.72589274822,0.0,True
8,p2_primary_USAGE_OF_BACKING_FILM_std,22.4856431913211,0.2909453355477456,True
8,p2_primary_USAGE_OF_DRESSER_TABLE_decreasing,1.2270119842297018,0.03411893200094458,False
8,p2_primary_USAGE_OF_DRESSER_TABLE_mean,210.72018378326726,0.19529776443527003,True
8,p2_primary_USAGE_OF_DRESSER_TABLE_std,0.9764361836374837,-0.23008148139937112,False
8,p2_primary_USAGE_OF_DRESSER_decreasing,0.19573219407499953,0.09745644941451484,False
8,p2_primary_USAGE_OF_DRESSER_mean,3.293583236467175,-0.06625977604474793,True
8,p2_primary_USAGE_OF_DRESSER_std,0.23326002025260587,0.0,False
8,p2_primary_USAGE_OF_MEMBRANE_decreasing,5.509209842274252,0.16659307910761106,True
8,p2_primary_USAGE_OF_MEMBRANE_mean,215059.64400744322,-0.05555939606614028,True
8,p2_primary_USAGE_OF_MEMBRANE_std,83.46307934600154,-0.18019602276172825,True
8,p2_primary_USAGE_OF_POLISHING_TABLE_decreasing,0.9448856769995299,-0.2411248099917998,False
8,p2_primary_USAGE_OF_POLISHING_TABLE_mean,0.21830495541705827,0.34412683664766736,True
8,p2_primary_USAGE_OF_POLISHING_TABLE_std,0.9889196261400397,0.07751167712849286,False
8,p2_primary_USAGE_OF_PRESSURIZED_SHEET_decreasing,5.036181140418147,-0.14189534861611372,True
8,p2_primary_USAGE_OF_PRESSURIZED_SHEET_mean,48956.37202866086,-0.12210517398276327,True
8,p2_primary_USAGE_OF_PRESSURIZED_SHEET_std,60.09323736874221,0.18012514893762946,True
8,p2_primary_WAFER_ROTATION_mean,0.14584011805546007,0.12130315617801488,False
8,p2_primary_duration,0.362208926589576,0.3661220665084674,True
8,p2_secondary_CENTER_AIR_BAG_PRESSURE_auc,0.624560922316214,0.0,False
8,p2_secondary_CENTER_AIR_BAG_PRESSURE_mean,0.09422932635357896,0.1515066049206472,True
8,p2_secondary_CENTER_AIR_BAG_PRESSURE_std,1.5003887934584006,0.08984000022023897,True
8,p2_secondary_DRESSING_WATER_STATUS_auc,0.3906326046616906,-0.10781011417726587,False
8,p2_secondary_DRESSING_WATER_STATUS_mean,0.34553915220233417,-0.2325775875087144,False
8,p2_secondary_DRESSING_WATER_STATUS_std,0.5018455410588937,-0.35497150210815354,False
8,p2_secondary_EDGE_AIR_BAG_PRESSURE_auc,0.8799729367184554,0.0,False
8,p2_secondary_EDGE_AIR_BAG_PRESSURE_mean,0.8200355994700155,0.17677669529663684,True
8,p2_secondary_EDGE_AIR_BAG_PRESSURE_std,0.9790044463958285,0.1767766952966369,True
8,p2_secondary_HEAD_ROTATION_mean,0.42186695289695325,0.22927293378115213,True
8,p2_secondary_MAIN_OUTER_AIR_BAG_PRESSURE_auc,0.29026136602452557,-0.16335443410170458,False
8,p2_secondary_MAIN_OUTER_AIR_BAG_PRESSURE_mean,0.22118954241301894,-0.3478805735957834,False
8,p2_secondary_MAIN_OUTER_AIR_BAG_PRESSURE_std,0.3704248181887264,0.252917979786635,True
8,p2_secondary_PRESSURIZED_CHAMBER_PRESSURE_auc,0.9528416769008191,0.15623795731790502,True
8,p2_secondary_PRESSURIZED_CHAMBER_PRESSURE_mean,1.0691093614650087,0.07134877978504739,False
8,p2_secondary_PRESSURIZED_CHAMBER_PRESSURE_std,0.8370635135348895,-0.290642053935366,False
8,p2_secondary_RETAINER_RING_PRESSURE_auc,0.6549398292438428,0.27085812256753516,True
8,p2_secondary_RETAINER_RING_PRESSURE_mean,0.03967961550219165,0.17138716606486953,True
8,p2_secondary_RETAINER_RING_PRESSURE_std,0.11900776152971614,-0.1823085115950707,False
8,p2_secondary_RIPPLE_AIR_BAG_PRESSURE_auc,0.6340805104504921,0.24517687563212753,True
8,p2_secondary_RIPPLE_AIR_BAG_PRESSURE_mean,0.6959095044564698,0.29752836996937243,True
8,p2_secondary_RIPPLE_AIR_BAG_PRESSURE_std,0.24941215400317704,-0.31105007069199075,False
8,p2_secondary_SLURRY_FLOW_LINE_A_auc,1.3667925060569976,-0.21131988922500042,False
8,p2_secondary_SLURRY_FLOW_LINE_A_mean,1.7648456451796262,0.17300833481888933,True
8,p2_secondary_SLURRY_FLOW_LINE_A_std,0.940281708806835,0.27007407449134235,True
8,p2_secondary_SLURRY_FLOW_LINE_B_auc,0.9503634395752486,0.21307166639902345,True
8,p2_secondary_SLURRY_FLOW_LINE_B_mean,1.0172470369069437,0.24670706519637953,True
8,p2_secondary_SLURRY_FLOW_LINE_B_std,0.24390840032372776,-0.254098013851837,False
8,p2_secondary_SLURRY_FLOW_LINE_C_auc,0.33210900780535163,0.18911835895626358,True
8,p2_secondary_SLURRY_FLOW_LINE_C_mean,0.13710898320285353,0.14865410790713351,False
8,p2_secondary_SLURRY_FLOW_LINE_C_std,1.1621667682700845,0.18309083107241672,True
8,p2_secondary_STAGE_ROTATION_mean,0.7460568332058871,-0.424368540982434,False
8,p2_secondary_USAGE_OF_BACKING_FILM_decreasing,33.664500274802606,0.1767766952966369,True
8,p2_secondary_USAGE_OF_BACKING_FILM_mean,22989.495527079533,0.17677669529663695,True
8,p2_secondary_USAGE_OF_BACKING_FILM_std,79.42634423349698,0.0,True
8,p2_secondary_USAGE_OF_DRESSER_TABLE_decreasing,1.9321200456627894,0.0,True
8,p2_secondary_USAGE_OF_DRESSER_TABLE_mean,211.68745132646154,0.23428269632544066,True
8,p2_secondary_USAGE_OF_DRESSER_TABLE_std,2.2314894124835165,0.0,True
8,p2_secondary_USAGE_OF_DRESSER_decreasing,1.1207859765100174,0.0,False
8,p2_secondary_USAGE_OF_DRESSER_mean,3.2701573606150354,0.23628840175218171,True
8,p2_secondary_USAGE_OF_DRESSER_std,0.8456054643879042,0.0,False
8,p2_secondary_USAGE_OF_MEMBRANE_decreasing,289.77802763756085,-0.17677669529663712,True
8,p2_secondary_USAGE_OF_MEMBRANE_mean,406184.30300158885,0.23509925428653544,True
8,p2_secondary_USAGE_OF_MEMBRANE_std,599.5617973410928,-0.17677669529663687,True
8,p2_secondary_USAGE_OF_POLISHING_TABLE_decreasing,0.2095470531648569,-0.10593774069135774,False
8,p2_secondary_USAGE_OF_POLISHING_TABLE_mean,0.20103953699206198,0.2203272667809761,True
8,p2_secondary_USAGE_OF_POLISHING_TABLE_std,0.2944972768791125,-0.032171376067301846,False
8,p2_secondary_USAGE_OF_PRESSURIZED_SHEET_decreasing,347.762208518342,-0.03726771695931203,True
8,p2_secondary_USAGE_OF_PRESSURIZED_SHEET_mean,430373.3420279602,0.0,True
8,p2_secondary_USAGE_OF_PRESSURIZED_SHEET_std,721.2631455273872,0.0,True
8,p2_secondary_WAFER_ROTATION_mean,0.41835931812213173,-0.1355189831892495,False
8,p2_secondary_duration,1.3324745160983813,0.004773639686417672,False
9,lag_1,3.3866600143387386,0.6879347460663151,True
9,lag_2,0.3380600072726811,0.18909498473980338,True
9,lag_3,0.4575224551102921,0.2009922554248023,True
9,lag_4,1.6889734135539518,0.21772238732252774,True
9,lag_5,0.4704799797160042,-0.2864047209682706,False
9,lag_6,1.3449396312079138,0.2460181797986237,True
9,lag_7,0.9949217412661101,0.1856518100411354,True
9,lag_8,0.38468117658452683,0.045678508967100635,False
9,lag_9,0.12737260321008462,0.16673458948079045,True
9,lag_10,0.504506776738893,0.1617583360437123,True
9,lag_11,0.2220321474901272,-0.12486967060852648,False
9,neighbor_1,5.696958176741954,1.6328818493237296,True
9,neighbor_2,0.10805547571541568,0.4414004539825917,True
9,neighbor_3,1.5523890437547567,0.37032547638104535,True
9,neighbor_4,0.16700734084809718,0.199843337066663,True
9,neighbor_5,0.6494767574512518,0.1592534423942095,True
9,neighbor_6,1.4740289680606344,0.3206227062052454,True
9,neighbor_7,0.7436953199112899,0.30072501379105304,True
9,neighbor_8,0.11006904274607558,0.1998868329608639,True
9,neighbor_9,0.37309624892839244,-0.011955135751978973,False
9,neighbor_10,1.3300728325360727,0.4074010694494192,True
9,p2_primary_CENTER_AIR_BAG_PRESSURE_auc,0.31523911131621346,0.547899179120317,True
9,p2_primary_CENTER_AIR_BAG_PRESSURE_mean,0.47135237551388054,0.2719402218669802,True
9,p2_primary_CENTER_AIR_BAG_PRESSURE_std,0.6543905750018966,-0.040756767518069746,False
9,p2_primary_DRESSING_WATER_STATUS_auc,0.7565171696081082,0.2874738407057199,True
9,p2_primary_DRESSING_WATER_STATUS_mean,1.55165765844212,0.21245864940327971,True
9,p2_primary_DRESSING_WATER_STATUS_std,1.82427789774208,0.17749766893382093,True
9,p2_primary_EDGE_AIR_BAG_PRESSURE_auc,1.180455640341173,0.27015608012950604,True
9,p2_primary_EDGE_AIR_BAG_PRESSURE_mean,0.2130370150508107,-0.13537902020336326,False
9,p2_primary_EDGE_AIR_BAG_PRESSURE_std,0.5075356866724408,0.18092664297887928,True
9,p2_primary_HEAD_ROTATION_mean,1.1079132217367442,-0.0021301874691519907,False
9,p2_primary_MAIN_OUTER_AIR_BAG_PRESSURE_auc,0.5000362354326162,0.9460569188856869,True
9,p2_primary_MAIN_OUTER_AIR_BAG_PRESSURE_mean,1.0111426301825548,0.08174559621660764,False
9,p2_primary_MAIN_OUTER_AIR_BAG_PRESSURE_std,1.167772253068587,0.22580308318452727,True
9,p2_primary_PRESSURIZED_CHAMBER_PRESSURE_auc,1.3678637917654808,0.6307573691251929,True
9,p2_primary_PRESSURIZED_CHAMBER_PRESSURE_mean,1.0457456797070503,0.1457744358171488,False
9,p2_primary_PRESSURIZED_CHAMBER_PRESSURE_std,1.1482096707042821,0.1375630957830114,False
9,p2_primary_RETAINER_RING_PRESSURE_auc,2.0346203038329285,0.057366745481448086,True
9,p2_primary_RETAINER_RING_PRESSURE_mean,0.026399108643145385,0.3001812614124186,True
9,p2_primary_RETAINER_RING_PRESSURE_std,0.7113586526531319,0.11584815499707708,False
9,p2_primary_RIPPLE_AIR_BAG_PRESSURE_auc,0.7094758760945065,0.2919061042722575,True
9,p2_primary_RIPPLE_AIR_BAG_PRESSURE_mean,0.6849329726681154,0.10192955336316578,False
9,p2_primary_RIPPLE_AIR_BAG_PRESSURE_std,1.3473920842657403,0.1945488605218039,True
9,p2_primary_SLURRY_FLOW_LINE_A_auc,0.24555334923048713,0.3910247192681897,True
9,p2_primary_SLURRY_FLOW_LINE_A_mean,0.6468448290318332,0.23311438002231566,True
9,p2_primary_SLURRY_FLOW_LINE_A_std,1.180657010911332,-0.15045392736959323,False
9,p2_primary_SLURRY_FLOW_LINE_B_auc,2.0009820442605553,0.1905890320737467,True
9,p2_primary_SLURRY_FLOW_LINE_B_mean,4.524342489965351,0.1767766952966368,True
9,p2_primary_SLURRY_FLOW_LINE_B_std,1.8234370270070013,0.06760846175850278,True
9,p2_primary_SLURRY_FLOW_LINE_C_auc,0.5044400778013782,0.5352336036935696,True
9,p2_primary_SLURRY_FLOW_LINE_C_mean,1.2999459687211135,0.4780156272096086,True
9,p2_primary_SLURRY_FLOW_LINE_C_std,2.0885082470162457,0.22718604943176704,True
9,p2_primary_STAGE_ROTATION_mean,0.3550227548406066,0.24331206994230486,True
9,p2_primary_USAGE_OF_BACKING_FILM_decreasing,13.669010330505,0.09560889328233503,True
9,p2_primary_USAGE_OF_BACKING_FILM_mean,51309.47228001099,-0.17677669529663687,True
9,p2_primary_USAGE_OF_BACKING_FILM_std,111.46523710889896,-0.3691657509953481,True
9,p2_primary_USAGE_OF_DRESSER_TABLE_decreasing,0.30184940341962296,-0.10256931372493085,False
9,p2_primary_USAGE_OF_DRESSER_TABLE_mean,200.6363346748051,0.26256955547086047,True
9,p2_primary_USAGE_OF_DRESSER_TABLE_std,0.06597971413585682,0.09533029714243818,False
9,p2_primary_USAGE_OF_DRESSER_decreasing,0.03376414513428187,0.05524237915874162,False
9,p2_primary_USAGE_OF_DRESSER_mean,60.42682538262392,0.3260848391360656,True
9,p2_primary_USAGE_OF_DRESSER_std,0.616304258359963,0.09071735350642408,False
9,p2_primary_USAGE_OF_MEMBRANE_decreasing,40.42184877123363,-0.04392481735730688,True
9,p2_primary_USAGE_OF_MEMBRANE_mean,169067.27882705053,-0.1767766952966369,True
9,p2_primary_USAGE_OF_MEMBRANE_std,563.361388125587,-0.06757608957678021,True
9,p2_primary_USAGE_OF_POLISHING_TABLE_decreasing,0.17811794262722777,-0.22949805242610724,False
9,p2_primary_USAGE_OF_POLISHING_TABLE_mean,1.1026840470309631,-0.048559824178229676,False
9,p2_primary_USAGE_OF_POLISHING_TABLE_std,0.16548292656554087,0.1819126144321267,True
9,p2_primary_USAGE_OF_PRESSURIZED_SHEET_decreasing,38.396443102929176,0.16571335260096187,True
9,p2_primary_USAGE_OF_PRESSURIZED_SHEET_mean,117864.79423271293,-0.17677669529663692,True
9,p2_primary_USAGE_OF_PRESSURIZED_SHEET_std,486.644797536803,0.24175385408076586,True
9,p2_primary_WAFER_ROTATION_mean,0.8273246844255968,0.42281160168054727,True
9,p2_primary_duration,5.463728370875901,0.3056793642292958,True
9,p2_secondary_CENTER_AIR_BAG_PRESSURE_auc,5.79329319312552,0.2201025552065623,True
9,p2_secondary_CENTER_AIR_BAG_PRESSURE_mean,5.395232747070375,0.17677669529663698,True
9,p2_secondary_CENTER_AIR_BAG_PRESSURE_std,0.22942616561351833,-0.17677669529663692,False
9,p2_secondary_DRESSING_WATER_STATUS_auc,3.0622593103502136,0.21194641406868034,True
9,p2_secondary_DRESSING_WATER_STATUS_mean,3.071685732112226,0.2486754010163434,True
9,p2_secondary_DRESSING_WATER_STATUS_std,0.41032158608235264,0.0,False
9,p2_secondary_EDGE_AIR_BAG_PRESSURE_auc,0.3000893468045974,0.17677669529663684,True
9,p2_secondary_EDGE_AIR_BAG_PRESSURE_mean,0.14775065951584657,0.17677669529663692,True
9,p2_secondary_EDGE_AIR_BAG_PRESSURE_std,1.4597571809482506,-0.1767766952966369,False
9,p2_secondary_HEAD_ROTATION_mean,0.3072940524621767,-0.25777501573943895,False
9,p2_secondary_MAIN_OUTER_AIR_BAG_PRESSURE_auc,1.6229743079554244,0.011630228490140485,True
9,p2_secondary_MAIN_OUTER_AIR_BAG_PRESSURE_mean,1.7624082454750387,-0.17456862059507403,True
9,p2_secondary_MAIN_OUTER_AIR_BAG_PRESSURE_std,1.6567806598387096,0.24099902764707626,True
9,p2_secondary_PRESSURIZED_CHAMBER_PRESSURE_auc,2.247874613363614,-0.3114727129727092,True
9,p2_secondary_PRESSURIZED_CHAMBER_PRESSURE_mean,2.0824782087851634,0.0,True
9,p2_secondary_PRESSURIZED_CHAMBER_PRESSURE_std,0.2584713369665329,0.0009814373600529735,False
9,p2_secondary_RETAINER_RING_PRESSURE_auc,1.544689965940438,0.12050804167592342,True
9,p2_secondary_RETAINER_RING_PRESSURE_mean,1.4223880308007006,0.06538512548525978,False
9,p2_secondary_RETAINER_RING_PRESSURE_std,0.254417124343258,0.24439100970846916,True
9,p2_secondary_RIPPLE_AIR_BAG_PRESSURE_auc,0.5941032929241902,-0.13965601777444656,False
9,p2_secondary_RIPPLE_AIR_BAG_PRESSURE_mean,0.5959463179098577,0.24613132776315955,True
9,p2_secondary_RIPPLE_AIR_BAG_PRESSURE_std,0.6538190290548741,-0.17677669529663684,False
9,p2_secondary_SLURRY_FLOW_LINE_A_auc,0.7828399827805219,0.2505816255586987,True
9,p2_secondary_SLURRY_FLOW_LINE_A_mean,1.0070447757350611,-0.05384315931798885,False
9,p2_secondary_SLURRY_FLOW_LINE_A_std,0.3582840382920354,-0.12256698509515439,False
9,p2_secondary_SLURRY_FLOW_LINE_B_auc,0.9880346302312,0.2274857672995272,True
9,p2_secondary_SLURRY_FLOW_LINE_B_mean,0.9579754715195009,-0.05931617811304962,False
9,p2_secondary_SLURRY_FLOW_LINE_B_std,1.2482220971371836,0.08923201464989962,False
9,p2_secondary_SLURRY_FLOW_LINE_C_auc,1.2194755484541713,-0.08038726593987076,False
9,p2_secondary_SLURRY_FLOW_LINE_C_mean,0.9256655815940119,0.24692668340172957,True
9,p2_secondary_SLURRY_FLOW_LINE_C_std,1.9091773750910914,0.30939102264819274,True
9,p2_secondary_STAGE_ROTATION_mean,1.1298043845910297,0.057967458469694984,False
9,p2_secondary_USAGE_OF_BACKING_FILM_decreasing,309.34798299748473,0.0,True
9,p2_secondary_USAGE_OF_BACKING_FILM_mean,93551.22107239907,0.25376839951882807,True
9,p2_secondary_USAGE_OF_BACKING_FILM_std,650.0679521314314,0.2112159076220065,True
9,p2_secondary_USAGE_OF_DRESSER_TABLE_decreasing,1.4741791850570396,0.0,False
9,p2_secondary_USAGE_OF_DRESSER_TABLE_mean,200.90518002316742,0.24977552329243474,True
9,p2_secondary_USAGE_OF_DRESSER_TABLE_std,1.2422654713740506,0.0,False
9,p2_secondary_USAGE_OF_DRESSER_decreasing,0.06041912062961444,0.0,False
9,p2_secondary_USAGE_OF_DRESSER_mean,60.875137743227754,0.2561243132044399,True
9,p2_secondary_USAGE_OF_DRESSER_std,0.2717453636718576,0.0,False
9,p2_secondary_USAGE_OF_MEMBRANE_decreasing,10171.71384070238,0.0,True
9,p2_secondary_USAGE_OF_MEMBRANE_mean,66076.52662765162,0.11448661485780601,True
9,p2_secondary_USAGE_OF_MEMBRANE_std,14891.269591750573,-0.17677669529663698,True
9,p2_secondary_USAGE_OF_POLISHING_TABLE_decreasing,2.700767303739056,-0.2129156862905278,True
9,p2_secondary_USAGE_OF_POLISHING_TABLE_mean,1.1018022487728028,0.3035359298573782,True
9,p2_secondary_USAGE_OF_POLISHING_TABLE_std,2.561590286414884,0.009083692034066667,True
9,p2_secondary_USAGE_OF_PRESSURIZED_SHEET_decreasing,12354.811032929152,-0.20976560056964927,True
9,p2_secondary_USAGE_OF_PRESSURIZED_SHEET_mean,27504.181726190694,0.1767766952966369,True
9,p2_secondary_USAGE_OF_PRESSURIZED_SHEET_std,15642.517369147217,0.2679463415752579,True
9,p2_secondary_WAFER_ROTATION_mean,0.409283910649271,-0.05486645713440952,False
9,p2_secondary_duration,1.0706046925194583,-0.1642758536622933,False
10,lag_1,4.317495597321694,0.8922001603526215,True
10,lag_2,0.08930231110167539,0.35361287916713324,True
10,lag_3,0.07126973486371295,0.17737807987661172,True
10,lag_4,1.5616901699241752,0.18310106490238393,True
10,lag_5,0.14899999737930114,0.24158751834126055,True
10,lag_6,0.1601875154919592,-0.061784995333658534,False
10,lag_7,1.2543781228374271,-0.13129921943122091,False
10,lag_8,1.8521905059325219,0.04571700736024345,True
10,lag_9,0.03732683917645968,0.35849963840135324,True
10,lag_10,0.24103688175149404,0.2716691233735136,True
10,lag_11,1.1721027356896088,0.24329964532747134,True
10,neighbor_1,5.903109724924498,1.651932305032501,True
10,neighbor_2,0.007220213136001587,0.3475555431158207,True
10,neighbor_3,1.3897192298597498,0.4063685633066038,True
10,neighbor_4,1.0167089661413515,0.06235251369664805,False
10,neighbor_5,1.3331097302575048,0.4839864255283157,True
10,neighbor_6,1.276944057576182,0.39181146387625837,True
10,neighbor_7,1.0851636404355849,-0.10356504091800077,False
10,neighbor_8,0.4774133895338312,0.38708045250071077,True
10,neighbor_9,0.6313080015186957,0.3874352028669865,True
10,neighbor_10,0.3550060855197822,-0.23323900426858704,False
10,p2_primary_CENTER_AIR_BAG_PRESSURE_auc,1.712056615851182,1.5204126421445714,True
10,p2_primary_CENTER_AIR_BAG_PRESSURE_mean,1.090227144871994,0.29479177940561274,True
10,p2_primary_CENTER_AIR_BAG_PRESSURE_std,1.4649616778662649,0.3305818630483579,True
10,p2_primary_DRESSING_WATER_STATUS_auc,0.23692211861812051,0.02879364585429952,False
10,p2_primary_DRESSING_WATER_STATUS_mean,1.2688226222374746,0.33743291423063076,True
10,p2_primary_DRESSING_WATER_STATUS_std,2.332361806975375,0.20849711577775884,True
10,p2_primary_EDGE_AIR_BAG_PRESSURE_auc,1.135330036731997,0.2241352451470476,True
10,p2_primary_EDGE_AIR_BAG_PRESSURE_mean,0.8133516708884863,0.3452929828986755,True
10,p2_primary_EDGE_AIR_BAG_PRESSURE_std,0.22634179854323286,0.4934082426448552,True
10,p2_primary_HEAD_ROTATION_mean,0.5415263823491633,0.03073783495327752,False
10,p2_primary_MAIN_OUTER_AIR_BAG_PRESSURE_auc,1.641793864879385,0.5530401512562431,True
10,p2_primary_MAIN_OUTER_AIR_BAG_PRESSURE_mean,1.28751340481077,0.3849689782475268,True
10,p2_primary_MAIN_OUTER_AIR_BAG_PRESSURE_std,1.1809382603884186,0.3416566032210121,True
10,p2_primary_PRESSURIZED_CHAMBER_PRESSURE_auc,1.4730945575159597,0.7438717468545525,True
10,p2_primary_PRESSURIZED_CHAMBER_PRESSURE_mean,0.9435987638771519,0.2832124242417458,True
10,p2_primary_PRESSURIZED_CHAMBER_PRESSURE_std,0.22925421245183383,0.005967502040409882,False
10,p2_primary_RETAINER_RING_PRESSURE_auc,0.2236255032517301,-0.07054079205412012,False
10,p2_primary_RETAINER_RING_PRESSURE_mean,1.820819378454348,-0.11316849058811328,True
10,p2_primary_RETAINER_RING_PRESSURE_std,1.0108016488911125,-0.20592845898461543,False
10,p2_primary_RIPPLE_AIR_BAG_PRESSURE_auc,0.0833717551006186,0.3763859233426177,True
10,p2_primary_RIPPLE_AIR_BAG_PRESSURE_mean,0.1609295058591824,0.44087046760318094,True
10,p2_primary_RIPPLE_AIR_BAG_PRESSURE_std,0.6760100143083209,0.30362745908185257,True
10,p2_primary_SLURRY_FLOW_LINE_A_auc,0.4372413433790456,0.2318620130985703,True
10,p2_primary_SLURRY_FLOW_LINE_A_mean,0.17388868957247985,0.299293287437435,True
10,p2_primary_SLURRY_FLOW_LINE_A_std,0.3618497240712222,0.0452906330650354,False
10,p2_primary_SLURRY_FLOW_LINE_B_auc,0.3930169392257699,0.06005411966787748,False
10,p2_primary_SLURRY_FLOW_LINE_B_mean,2.8760979853782063,0.0,True
10,p2_primary_SLURRY_FLOW_LINE_B_std,0.006576729111822792,0.20263944356352587,True
10,p2_primary_SLURRY_FLOW_LINE_C_auc,0.9555350958883297,0.4502175439604332,True
10,p2_primary_SLURRY_FLOW_LINE_C_mean,0.8313423895197211,0.5521515821013386,True
10,p2_primary_SLURRY_FLOW_LINE_C_std,1.8876736949315664,0.33426882385812584,True
10,p2_primary_STAGE_ROTATION_mean,1.8712841114354246,0.10568888512190945,True
10,p2_primary_USAGE_OF_BACKING_FILM_decreasing,16.24551551818926,0.2022518322309046,True
10,p2_primary_USAGE_OF_BACKING_FILM_mean,82420.00929867447,0.21396551893936583,True
10,p2_primary_USAGE_OF_BACKING_FILM_std,119.12087007121583,0.17938289731409215,True
10,p2_primary_USAGE_OF_DRESSER_TABLE_decreasing,0.7758699976203041,-0.4033834922150758,False
10,p2_primary_USAGE_OF_DRESSER_TABLE_mean,84.36445305194037,0.24408345463659895,True
10,p2_primary_USAGE_OF_DRESSER_TABLE_std,0.9345017406081024,0.03119781731716986,False
10,p2_primary_USAGE_OF_DRESSER_decreasing,0.041752718405316726,0.23894575739430812,True
10,p2_primary_USAGE_OF_DRESSER_mean,16.034834014387293,0.2682273530663586,True
10,p2_primary_USAGE_OF_DRESSER_std,0.2714642481400695,-0.11421536050142848,False
10,p2_primary_USAGE_OF_MEMBRANE_decreasing,16.72861868649106,-0.09127774176911403,True
10,p2_primary_USAGE_OF_MEMBRANE_mean,68747.53916024556,0.17958174394094142,True
10,p2_primary_USAGE_OF_MEMBRANE_std,236.50864453391247,0.10978054372690504,True
10,p2_primary_USAGE_OF_POLISHING_TABLE_decreasing,0.6514707390937258,0.010293162052069368,False
10,p2_primary_USAGE_OF_POLISHING_TABLE_mean,0.35930851180089424,0.1320627205163702,False
10,p2_primary_USAGE_OF_POLISHING_TABLE_std,0.6098055222766527,-0.08841666983087564,False
10,p2_primary_USAGE_OF_PRESSURIZED_SHEET_decreasing,10.503884691951006,0.0,True
10,p2_primary_USAGE_OF_PRESSURIZED_SHEET_mean,13544.710708597166,0.3359306653291081,True
10,p2_primary_USAGE_OF_PRESSURIZED_SHEET_std,131.9021955282063,0.23861628281405164,True
10,p2_primary_WAFER_ROTATION_mean,0.7598490440293618,0.4369273284886888,True
10,p2_primary_duration,3.7612492966474997,0.20381149057821604,True
10,p2_secondary_CENTER_AIR_BAG_PRESSURE_auc,6.361278728473768,0.23439244430104836,True
10,p2_secondary_CENTER_AIR_BAG_PRESSURE_mean,6.1367508198265766,-0.17677669529663695,True
10,p2_secondary_CENTER_AIR_BAG_PRESSURE_std,0.5566801572792357,0.17914181512136257,True
10,p2_secondary_DRESSING_WATER_STATUS_auc,1.1318633979238697,0.07968910765633451,False
10,p2_secondary_DRESSING_WATER_STATUS_mean,1.1876161622668857,-0.1419177461758985,False
10,p2_secondary_DRESSING_WATER_STATUS_std,0.12279388931446678,-0.14465129768458956,False
10,p2_secondary_EDGE_AIR_BAG_PRESSURE_auc,1.4415476075130804,0.17677669529663695,True
10,p2_secondary_EDGE_AIR_BAG_PRESSURE_mean,1.4073195450899902,0.17677669529663673,True
10,p2_secondary_EDGE_AIR_BAG_PRESSURE_std,0.3370735179977132,0.17677669529663703,True
10,p2_secondary_HEAD_ROTATION_mean,1.3448583085589474,0.0006008276361378544,False
10,p2_secondary_MAIN_OUTER_AIR_BAG_PRESSURE_auc,0.7406280585354119,-0.22232235837897693,False
10,p2_secondary_MAIN_OUTER_AIR_BAG_PRESSURE_mean,0.7585456991598727,-0.0052877055739197635,False
10,p2_secondary_MAIN_OUTER_AIR_BAG_PRESSURE_std,0.5317352992378115,0.0,False
10,p2_secondary_PRESSURIZED_CHAMBER_PRESSURE_auc,1.6684868429526492,0.015046510449100697,True
10,p2_secondary_PRESSURIZED_CHAMBER_PRESSURE_mean,1.8467092631448379,0.02502819135008407,True
10,p2_secondary_PRESSURIZED_CHAMBER_PRESSURE_std,1.3160282787813888,0.014418105328703591,False
10,p2_secondary_RETAINER_RING_PRESSURE_auc,0.4511374454032267,-0.0006079693740717215,False
10,p2_secondary_RETAINER_RING_PRESSURE_mean,0.30199585391397454,-0.04079746452802113,False
10,p2_secondary_RETAINER_RING_PRESSURE_std,0.20926981484988652,-0.20345870030050814,False
10,p2_secondary_RIPPLE_AIR_BAG_PRESSURE_auc,1.0855504939894947,0.16947165150092217,True
10,p2_secondary_RIPPLE_AIR_BAG_PRESSURE_mean,1.136639140381717,0.17677669529663695,True
10,p2_secondary_RIPPLE_AIR_BAG_PRESSURE_std,0.3245063978464386,-0.17677669529663675,False
10,p2_secondary_SLURRY_FLOW_LINE_A_auc,1.727675577268951,0.10053578247796385,True
10,p2_secondary_SLURRY_FLOW_LINE_A_mean,2.2855932473124714,0.11137419396896689,True
10,p2_secondary_SLURRY_FLOW_LINE_A_std,1.5225785527057831,-0.0914634363296315,True
10,p2_secondary_SLURRY_FLOW_LINE_B_auc,1.0107874009993139,-0.2523475005574385,False
10,p2_secondary_SLURRY_FLOW_LINE_B_mean,1.0227881458326413,0.3375758580368142,True
10,p2_secondary_SLURRY_FLOW_LINE_B_std,0.4974948847767578,-0.18685315005680314,False
10,p2_secondary_SLURRY_FLOW_LINE_C_auc,0.49365899663641993,0.21580103032348621,True
10,p2_secondary_SLURRY_FLOW_LINE_C_mean,0.00476447361387141,0.2760327282581565,True
10,p2_secondary_SLURRY_FLOW_LINE_C_std,0.46169785582664874,0.17427046879063257,True
10,p2_secondary_STAGE_ROTATION_mean,0.5104028729245296,-0.08875134959582676,False
10,p2_secondary_USAGE_OF_BACKING_FILM_decreasing,32.00339998931384,-0.24060489391543666,True
10,p2_secondary_USAGE_OF_BACKING_FILM_mean,55249.78983399986,0.18060619113039003,True
10,p2_secondary_USAGE_OF_BACKING_FILM_std,171.71321562192384,0.008112216629328551,True
10,p2_secondary_USAGE_OF_DRESSER_TABLE_decreasing,2.936968951003823,0.0,True
10,p2_secondary_USAGE_OF_DRESSER_TABLE_mean,83.94750739890517,0.20222879880436115,True
10,p2_secondary_USAGE_OF_DRESSER_TABLE_std,3.1759641174213944,0.0,True
10,p2_secondary_USAGE_OF_DRESSER_decreasing,0.22061474208972182,0.0,False
10,p2_secondary_USAGE_OF_DRESSER_mean,15.877362075049058,0.24529513816521398,True
10,p2_secondary_USAGE_OF_DRESSER_std,0.3053721299991126,0.0,False
10,p2_secondary_USAGE_OF_MEMBRANE_decreasing,14.452621725869525,0.11414365077227083,True
10,p2_secondary_USAGE_OF_MEMBRANE_mean,99525.6266879792,0.17394453177254152,True
10,p2_secondary_USAGE_OF_MEMBRANE_std,54.9755390439601,-0.3025775979670459,True
10,p2_secondary_USAGE_OF_POLISHING_TABLE_decreasing,1.5682913055999295,-0.03568511652687134,True
10,p2_secondary_USAGE_OF_POLISHING_TABLE_mean,0.3791915399435477,0.2913921615613169,True
10,p2_secondary_USAGE_OF_POLISHING_TABLE_std,1.506532419411497,0.1445936739429885,True
10,p2_secondary_USAGE_OF_PRESSURIZED_SHEET_decreasing,47.74739166364591,-0.048490285846837705,True
10,p2_secondary_USAGE_OF_PRESSURIZED_SHEET_mean,44128.07769635147,0.20685122219489893,True
10,p2_secondary_USAGE_OF_PRESSURIZED_SHEET_std,217.73515835683386,0.17677669529663692,True
10,p2_secondary_WAFER_ROTATION_mean,0.47002884651304194,0.06110310794899093,False
10,p2_secondary_duration,1.9236007001993884,0.21736705320124675,True
11,lag_1,3.877079285241949,0.9409385988917542,True
11,lag_2,1.1211882400679962,0.505246464781678,True
11,lag_3,0.24871612374283872,-0.2747246889461523,False
11,lag_4,1.3409954446112664,0.3725107788197317,True
11,lag_5,1.6205213099788878,0.1674058459542804,True
11,lag_6,0.15513374925041581,-0.12250554699551185,False
11,lag_7,0.667965783533865,-0.05488670336437241,False
11,lag_8,1.479357887284421,0.1817646162638271,True
11,lag_9,1.0916086261482185,0.30017926939288947,True
11,lag_10,0.07839980283906692,-0.13529962195523834,False
11,lag_11,0.7236769137174253,0.5256151398766123,True
11,neighbor_1,5.1223713548989585,0.9914158169078697,True
11,neighbor_2,0.45830138862821246,0.4192130925817324,True
11,neighbor_3,2.213987035991057,0.19826002437221973,True
11,neighbor_4,1.1769741067324222,0.4673377665013745,True
11,neighbor_5,1.5680882375899199,0.2946855963907411,True
11,neighbor_6,2.3093933475733617,0.2314734562216742,True
11,neighbor_7,1.7011953340797585,0.009396930093873958,True
11,neighbor_8,0.6927110395481761,-0.12577628087479883,False
11,neighbor_9,0.7320504817038969,0.36030650428227995,True
11,neighbor_10,0.6029098657392842,-0.042007072093896945,False
11,p2_primary_CENTER_AIR_BAG_PRESSURE_auc,1.8983604979444444,1.652642756666811,True
11,p2_primary_CENTER_AIR_BAG_PRESSURE_mean,1.1929187032335877,0.14839328960041176,False
11,p2_primary_CENTER_AIR_BAG_PRESSURE_std,1.376746629299135,0.28899872108452185,True
11,p2_primary_DRESSING_WATER_STATUS_auc,0.29706523992869455,0.32012779711881306,True
11,p2_primary_DRESSING_WATER_STATUS_mean,0.5749414120285881,-0.33485830644393405,False
11,p2_primary_DRESSING_WATER_STATUS_std,1.9519517739889929,-0.05263604177093846,True
11,p2_primary_EDGE_AIR_BAG_PRESSURE_auc,1.8922619812777868,0.2436512698869006,True
11,p2_primary_EDGE_AIR_BAG_PRESSURE_mean,1.3097773834016633,-0.16477019909366125,False
11,p2_primary_EDGE_AIR_BAG_PRESSURE_std,0.49043045114676864,0.3614702994302311,True
11,p2_primary_HEAD_ROTATION_mean,1.3483861904518588,-0.36442895612392395,False
11,p2_primary_MAIN_OUTER_AIR_BAG_PRESSURE_auc,1.751448793514409,0.21614660586077672,True
11,p2_primary_MAIN_OUTER_AIR_BAG_PRESSURE_mean,1.2016983874546945,0.00046225069752803857,False
11,p2_primary_MAIN_OUTER_AIR_BAG_PRESSURE_std,1.4229904781957121,0.4340947073438556,True
11,p2_primary_PRESSURIZED_CHAMBER_PRESSURE_auc,0.034246494377610064,0.2509587301205163,True
11,p2_primary_PRESSURIZED_CHAMBER_PRESSURE_mean,0.841320609711919,0.025123463160214125,False
11,p2_primary_PRESSURIZED_CHAMBER_PRESSURE_std,1.1701827034241798,0.29249411418538035,True
11,p2_primary_RETAINER_RING_PRESSURE_auc,1.8495594329711091,0.34887853515632267,True
11,p2_primary_RETAINER_RING_PRESSURE_mean,0.3605775661238469,0.1654238196394799,True
11,p2_primary_RETAINER_RING_PRESSURE_std,0.48742971804653906,0.30864211035905936,True
11,p2_primary_RIPPLE_AIR_BAG_PRESSURE_auc,0.6159977736856603,0.40304074160419356,True
11,p2_primary_RIPPLE_AIR_BAG_PRESSURE_mean,0.32186551810243164,0.4740088634464048,True
11,p2_primary_RIPPLE_AIR_BAG_PRESSURE_std,0.16928208853633614,0.2971006049787473,True
11,p2_primary_SLURRY_FLOW_LINE_A_auc,0.018805784078561785,0.20472180007988425,True
11,p2_primary_SLURRY_FLOW_LINE_A_mean,1.2037367013084057,0.33815542279864685,True
11,p2_primary_SLURRY_FLOW_LINE_A_std,1.8183113382621905,0.2943802027669513,True
11,p2_primary_SLURRY_FLOW_LINE_B_auc,1.4362964565360488,0.05834908531401282,False
11,p2_primary_SLURRY_FLOW_LINE_B_mean,0.8381948262685952,0.2016532303717792,True
11,p2_primary_SLURRY_FLOW_LINE_B_std,0.5306276361652043,0.23873612574172673,True
11,p2_primary_SLURRY_FLOW_LINE_C_auc,0.41998764193391874,0.48902475531594936,True
11,p2_primary_SLURRY_FLOW_LINE_C_mean,2.6264625271079094,0.1979897449149411,True
11,p2_primary_SLURRY_FLOW_LINE_C_std,0.6339046985805065,0.10898389858375758,False
11,p2_primary_STAGE_ROTATION_mean,2.1908071552859707,0.16354251623433896,True
11,p2_primary_USAGE_OF_BACKING_FILM_decreasing,4.676796177167829,-0.19379311928572698,True
11,p2_primary_USAGE_OF_BACKING_FILM_mean,67571.87305793901,0.11877641831880587,True
11,p2_primary_USAGE_OF_BACKING_FILM_std,55.37742679488126,0.17391853631937085,True
11,p2_primary_USAGE_OF_DRESSER_TABLE_decreasing,1.712910945061518,-0.08471761393710331,True
11,p2_primary_USAGE_OF_DRESSER_TABLE_mean,102.60499710459105,0.21779928307694726,True
11,p2_primary_USAGE_OF_DRESSER_TABLE_std,1.737474712690809,-0.0015647668279053302,True
11,p2_primary_USAGE_OF_DRESSER_decreasing,0.1991024894316333,-0.06999207482215726,False
11,p2_primary_USAGE_OF_DRESSER_mean,17.026033709549075,-0.0895550950343012,True
11,p2_primary_USAGE_OF_DRESSER_std,0.13823216922595158,0.10390217238283142,False
11,p2_primary_USAGE_OF_MEMBRANE_decreasing,3.042270001533006,-0.176776695296637,True
11,p2_primary_USAGE_OF_MEMBRANE_mean,173381.95909124153,0.21613153459524745,True
11,p2_primary_USAGE_OF_MEMBRANE_std,51.957778647176944,0.07433433894072163,True
11,p2_primary_USAGE_OF_POLISHING_TABLE_decreasing,0.12834552610904237,-0.18885144798251832,False
11,p2_primary_USAGE_OF_POLISHING_TABLE_mean,0.26607577589535714,0.23250296963885442,True
11,p2_primary_USAGE_OF_POLISHING_TABLE_std,0.17577707919880892,0.15212491963583483,True
11,p2_primary_USAGE_OF_PRESSURIZED_SHEET_decreasing,1.1477078559324008,-0.23945771585607697,False
11,p2_primary_USAGE_OF_PRESSURIZED_SHEET_mean,105565.18706402082,0.0,True
11,p2_primary_USAGE_OF_PRESSURIZED_SHEET_std,4.340885122760466,0.2592516583326938,True
11,p2_primary_WAFER_ROTATION_mean,0.26477591106420395,0.4099322399604416,True
11,p2_primary_duration,1.3934975437665025,0.17129941923277156,True
11,p2_secondary_CENTER_AIR_BAG_PRESSURE_auc,3.349151495628001,0.20464916422206375,True
11,p2_secondary_CENTER_AIR_BAG_PRESSURE_mean,2.701287596750461,0.017039362246995236,True
11,p2_secondary_CENTER_AIR_BAG_PRESSURE_std,0.7568181007289164,-0.17677669529663695,False
11,p2_secondary_DRESSING_WATER_STATUS_auc,0.8747172498313209,0.1329861420161333,False
11,p2_secondary_DRESSING_WATER_STATUS_mean,0.9482449777525924,0.16165875859557635,True
11,p2_secondary_DRESSING_WATER_STATUS_std,0.6821878995889028,0.04133065504144565,False
11,p2_secondary_EDGE_AIR_BAG_PRESSURE_auc,0.22608571150020312,0.17677669529663687,True
11,p2_secondary_EDGE_AIR_BAG_PRESSURE_mean,0.18089014185104374,0.06430941430031348,False
11,p2_secondary_EDGE_AIR_BAG_PRESSURE_std,0.6086254986925368,-0.1713393931379091,False
11,p2_secondary_HEAD_ROTATION_mean,0.4276016982664951,-0.016629610220089033,False
11,p2_secondary_MAIN_OUTER_AIR_BAG_PRESSURE_auc,0.6308116032362378,-0.06262368645232808,False
11,p2_secondary_MAIN_OUTER_AIR_BAG_PRESSURE_mean,0.46737744671200027,-0.17516221788521627,False
11,p2_secondary_MAIN_OUTER_AIR_BAG_PRESSURE_std,0.2241909366649228,-0.23534183675412718,False
11,p2_secondary_PRESSURIZED_CHAMBER_PRESSURE_auc,2.390449944639697,0.0,True
11,p2_secondary_PRESSURIZED_CHAMBER_PRESSURE_mean,2.523475914341316,-0.2554910232608555,True
11,p2_secondary_PRESSURIZED_CHAMBER_PRESSURE_std,1.0566398226476272,-0.0689285651650498,False
11,p2_secondary_RETAINER_RING_PRESSURE_auc,0.0016182596343567435,-0.1472463346989912,False
11,p2_secondary_RETAINER_RING_PRESSURE_mean,0.22695947504130737,0.0,False
11,p2_secondary_RETAINER_RING_PRESSURE_std,1.1792783504828328,-0.01980599843567942,False
11,p2_secondary_RIPPLE_AIR_BAG_PRESSURE_auc,0.7733866407257525,-0.1821259556938651,False
11,p2_secondary_RIPPLE_AIR_BAG_PRESSURE_mean,0.963882798917716,-0.24833818536051525,False
11,p2_secondary_RIPPLE_AIR_BAG_PRESSURE_std,0.34070293130229123,0.07083613884844016,False
11,p2_secondary_SLURRY_FLOW_LINE_A_auc,1.1019502574720499,-0.05659023897834572,False
11,p2_secondary_SLURRY_FLOW_LINE_A_mean,0.773047226834171,-0.04583981069139431,False
11,p2_secondary_SLURRY_FLOW_LINE_A_std,0.6495375980124672,0.1872407455375745,True
11,p2_secondary_SLURRY_FLOW_LINE_B_auc,0.5413704541300057,0.10580235225091728,False
11,p2_secondary_SLURRY_FLOW_LINE_B_mean,0.5447729794994292,0.17677669529663675,True
11,p2_secondary_SLURRY_FLOW_LINE_B_std,1.253274504484177,0.23861443568428792,True
11,p2_secondary_SLURRY_FLOW_LINE_C_auc,1.0023602572756212,-0.12127081972475008,False
11,p2_secondary_SLURRY_FLOW_LINE_C_mean,1.5032995070832793,0.08827727553203542,True
11,p2_secondary_SLURRY_FLOW_LINE_C_std,0.48128649011187086,0.2078250017405185,True
11,p2_secondary_STAGE_ROTATION_mean,0.6446322102820318,0.03359933201941425,False
11,p2_secondary_USAGE_OF_BACKING_FILM_decreasing,31.518143644781045,0.0,True
11,p2_secondary_USAGE_OF_BACKING_FILM_mean,102086.81825842444,0.175798192351476,True
11,p2_secondary_USAGE_OF_BACKING_FILM_std,82.83523265196091,-0.16348229853237375,True
11,p2_secondary_USAGE_OF_DRESSER_TABLE_decreasing,2.7411733394780238,0.0,True
11,p2_secondary_USAGE_OF_DRESSER_TABLE_mean,102.01205857952272,0.21604006710359341,True
11,p2_secondary_USAGE_OF_DRESSER_TABLE_std,2.6011046041875536,0.0,True
11,p2_secondary_USAGE_OF_DRESSER_decreasing,1.2606221348251674,0.0,False
11,p2_secondary_USAGE_OF_DRESSER_mean,16.931612219885345,0.29493261457618947,True
11,p2_secondary_USAGE_OF_DRESSER_std,1.0485864363424557,0.0,False
11,p2_secondary_USAGE_OF_MEMBRANE_decreasing,83.28374549901888,-0.17677669529663684,True
11,p2_secondary_USAGE_OF_MEMBRANE_mean,305868.3239015179,-0.18231708440007038,True
11,p2_secondary_USAGE_OF_MEMBRANE_std,224.51377531691585,-0.17030644208557486,True
11,p2_secondary_USAGE_OF_POLISHING_TABLE_decreasing,3.061841471185287,0.24688199743471498,True
11,p2_secondary_USAGE_OF_POLISHING_TABLE_mean,0.26537273581348164,0.13793621895444533,False
11,p2_secondary_USAGE_OF_POLISHING_TABLE_std,3.0367927583008587,-0.17677669529663687,True
11,p2_secondary_USAGE_OF_PRESSURIZED_SHEET_decreasing,20.24128350363227,0.0,True
11,p2_secondary_USAGE_OF_PRESSURIZED_SHEET_mean,204226.46691871082,0.1456763968014919,True
11,p2_secondary_USAGE_OF_PRESSURIZED_SHEET_std,63.1208457318244,-0.2285031016953276,True
11,p2_secondary_WAFER_ROTATION_mean,0.5461464116946034,-0.20373640019349623,False
11,p2_secondary_duration,0.08166702884890345,-0.19835084153722055,False
12,lag_1,2.7519384075272266,0.7055745166921891,True
12,lag_2,0.5888656045005951,0.2208265447431621,True
12,lag_3,0.9821935854854995,-0.022321260712245255,False
12,lag_4,0.29342941908058523,0.22040839347066463,True
12,lag_5,2.2881403332390926,-0.051303311634607635,True
12,lag_6,0.26195241549689147,0.09477321057434603,False
12,lag_7,0.9047038600978432,-0.21460043184006292,False
12,lag_8,0.9440825138532846,0.3660463629686615,True
12,lag_9,0.7809343636117412,0.0003140126329225203,False
12,lag_10,0.3390968083848999,0.012846509514672226,False
12,lag_11,0.02472347286996309,0.3710161390386301,True
12,neighbor_1,5.562615922960062,1.5833089146063233,True
12,neighbor_2,0.025633277346672843,0.38689703090755184,True
12,neighbor_3,3.3433325554341713,0.12195150406311467,True
12,neighbor_4,0.602176738063719,0.3200665359906494,True
12,neighbor_5,0.4769780580418658,0.4169241916033887,True
12,neighbor_6,1.0050107697133772,-0.2681951373955538,False
12,neighbor_7,1.1764730251550193,-0.17383303227350963,False
12,neighbor_8,1.580095387161255,0.2218375329645258,True
12,neighbor_9,0.5405290116992576,-0.17314038758346714,False
12,neighbor_10,0.3014463811516648,0.3049408178926352,True
12,p2_primary_CENTER_AIR_BAG_PRESSURE_auc,0.8838588750918349,0.7841858711985097,True
12,p2_primary_CENTER_AIR_BAG_PRESSURE_mean,0.830098748993095,0.07588418010405205,False
12,p2_primary_CENTER_AIR_BAG_PRESSURE_std,0.8155086805117336,0.24445563782795748,True
12,p2_primary_DRESSING_WATER_STATUS_auc,1.0777247803586452,0.022072454475629406,False
12,p2_primary_DRESSING_WATER_STATUS_mean,1.8512541813446206,-0.2665809480879175,True
12,p2_primary_DRESSING_WATER_STATUS_std,1.8944030566421102,0.19089691620538418,True
12,p2_primary_EDGE_AIR_BAG_PRESSURE_auc,1.3811557217062953,0.27004397389780904,True
12,p2_primary_EDGE_AIR_BAG_PRESSURE_mean,0.49302163592152687,0.3104140251722549,True
12,p2_primary_EDGE_AIR_BAG_PRESSURE_std,0.5218162425703778,0.11658106087388866,False
12,p2_primary_HEAD_ROTATION_mean,0.4612631969879957,0.04464949181849197,False
12,p2_primary_MAIN_OUTER_AIR_BAG_PRESSURE_auc,0.9010826933827756,0.6899728000465667,True
12,p2_primary_MAIN_OUTER_AIR_BAG_PRESSURE_mean,1.399302770123777,0.29446326381425764,True
12,p2_primary_MAIN_OUTER_AIR_BAG_PRESSURE_std,0.7515243396112421,0.6478023304629145,True
12,p2_primary_PRESSURIZED_CHAMBER_PRESSURE_auc,0.2209368110937427,0.5947740866808183,True
12,p2_primary_PRESSURIZED_CHAMBER_PRESSURE_mean,0.45625121553456,0.21890081410755702,True
12,p2_primary_PRESSURIZED_CHAMBER_PRESSURE_std,0.7074666659860429,0.36130659249198993,True
12,p2_primary_RETAINER_RING_PRESSURE_auc,1.0304090880583652,0.25293898004335263,True
12,p2_primary_RETAINER_RING_PRESSURE_mean,0.5653291519777887,-0.07893913867302536,False
12,p2_primary_RETAINER_RING_PRESSURE_std,0.5603882855618599,0.10290600179089503,False
12,p2_primary_RIPPLE_AIR_BAG_PRESSURE_auc,0.5366181962073748,0.32977516921801636,True
12,p2_primary_RIPPLE_AIR_BAG_PRESSURE_mean,0.47626526152873583,0.23849251169388097,True
12,p2_primary_RIPPLE_AIR_BAG_PRESSURE_std,0.30143533381506454,0.08921230717627218,False
12,p2_primary_SLURRY_FLOW_LINE_A_auc,0.0832388405241327,0.4085495179103023,True
12,p2_primary_SLURRY_FLOW_LINE_A_mean,0.6594664295238639,0.3303386904272714,True
12,p2_primary_SLURRY_FLOW_LINE_A_std,0.7894736598432702,0.2232694092249803,True
12,p2_primary_SLURRY_FLOW_LINE_B_auc,0.1347041580435847,0.19716228872551714,True
12,p2_primary_SLURRY_FLOW_LINE_B_mean,0.41960370447914386,0.1767766952966369,True
12,p2_primary_SLURRY_FLOW_LINE_B_std,0.1820889316161694,-0.18341271275666826,False
12,p2_primary_SLURRY_FLOW_LINE_C_auc,0.41703218254771196,0.4957518476560089,True
12,p2_primary_SLURRY_FLOW_LINE_C_mean,1.4032705329271737,0.4909964695517916,True
12,p2_primary_SLURRY_FLOW_LINE_C_std,0.29316780001970344,-0.26129140634907266,False
12,p2_primary_STAGE_ROTATION_mean,1.3555556121884293,-0.06710558764702736,False
12,p2_primary_USAGE_OF_BACKING_FILM_decreasing,43.49666488563614,-0.2083440141088195,True
12,p2_primary_USAGE_OF_BACKING_FILM_mean,17024.03277057273,0.176776695296637,True
12,p2_primary_USAGE_OF_BACKING_FILM_std,59.09184517043541,0.20586315837032865,True
12,p2_primary_USAGE_OF_DRESSER_TABLE_decreasing,1.3042442557790308,0.1362981898807587,False
12,p2_primary_USAGE_OF_DRESSER_TABLE_mean,75.72455446604867,0.15789558534775933,True
12,p2_primary_USAGE_OF_DRESSER_TABLE_std,0.9763791011452497,-0.24831299069639648,False
12,p2_primary_USAGE_OF_DRESSER_decreasing,0.1574789388033915,-0.03135133574378286,False
12,p2_primary_USAGE_OF_DRESSER_mean,9.39881865013722,0.3204563865282042,True
12,p2_primary_USAGE_OF_DRESSER_std,0.4025363736636273,0.03153892422139374,False
12,p2_primary_USAGE_OF_MEMBRANE_decreasing,61.76382954886494,-0.06883904872565251,True
12,p2_primary_USAGE_OF_MEMBRANE_mean,55838.612158300755,0.17677669529663692,True
12,p2_primary_USAGE_OF_MEMBRANE_std,76.96009374905117,0.22556115516488906,True
12,p2_primary_USAGE_OF_POLISHING_TABLE_decreasing,0.49236072553529103,0.126203041207921,False
12,p2_primary_USAGE_OF_POLISHING_TABLE_mean,0.2997850556388323,-0.026884396471487507,False
12,p2_primary_USAGE_OF_POLISHING_TABLE_std,0.45506062550892795,0.18467065459335558,True
12,p2_primary_USAGE_OF_PRESSURIZED_SHEET_decreasing,45.681810552968585,-0.219595426710841,True
12,p2_primary_USAGE_OF_PRESSURIZED_SHEET_mean,73233.95105402118,0.2239156317269617,True
12,p2_primary_USAGE_OF_PRESSURIZED_SHEET_std,51.010996237650005,-0.17494920658716118,True
12,p2_primary_WAFER_ROTATION_mean,0.15524825700468975,0.21906272352599548,True
12,p2_primary_duration,0.19431112262529102,0.0,False
12,p2_secondary_CENTER_AIR_BAG_PRESSURE_auc,4.99027783106506,-0.1767766952966369,True
12,p2_secondary_CENTER_AIR_BAG_PRESSURE_mean,4.633381309066114,-0.1767766952966369,True
12,p2_secondary_CENTER_AIR_BAG_PRESSURE_std,0.5015780084900816,0.0,False
12,p2_secondary_DRESSING_WATER_STATUS_auc,0.07856205387634466,0.24209870126555313,True
12,p2_secondary_DRESSING_WATER_STATUS_mean,0.09708257901302803,-0.09158215401665067,False
12,p2_secondary_DRESSING_WATER_STATUS_std,0.7386060158355044,-0.20756076136620102,False
12,p2_secondary_EDGE_AIR_BAG_PRESSURE_auc,1.0006853702984368,0.20476356377503507,True
12,p2_secondary_EDGE_AIR_BAG_PRESSURE_mean,0.9306280021206036,0.17677669529663678,True
12,p2_secondary_EDGE_AIR_BAG_PRESSURE_std,0.48450300652288775,-0.07653798264664505,False
12,p2_secondary_HEAD_ROTATION_mean,0.10008633974519969,-0.2429180556486741,False
12,p2_secondary_MAIN_OUTER_AIR_BAG_PRESSURE_auc,0.15747359232129687,0.1197131941512979,False
12,p2_secondary_MAIN_OUTER_AIR_BAG_PRESSURE_mean,0.12330758791856435,-0.17677669529663692,False
12,p2_secondary_MAIN_OUTER_AIR_BAG_PRESSURE_std,0.02116709875960086,-0.09973466324865697,False
12,p2_secondary_PRESSURIZED_CHAMBER_PRESSURE_auc,1.1843725185668774,-0.2478529659723307,False
12,p2_secondary_PRESSURIZED_CHAMBER_PRESSURE_mean,1.2670702769417765,0.09367576887601357,False
12,p2_secondary_PRESSURIZED_CHAMBER_PRESSURE_std,1.0523469200661728,-0.08283770165225839,False
12,p2_secondary_RETAINER_RING_PRESSURE_auc,0.25723750012959584,-0.07178792926002606,False
12,p2_secondary_RETAINER_RING_PRESSURE_mean,0.5370509435543241,-0.17677669529663684,False
12,p2_secondary_RETAINER_RING_PRESSURE_std,0.09073740464280267,0.31336521847414667,True
12,p2_secondary_RIPPLE_AIR_BAG_PRESSURE_auc,0.8046109836486962,0.17677669529663687,True
12,p2_secondary_RIPPLE_AIR_BAG_PRESSURE_mean,0.851897235146542,0.2670785177101691,True
12,p2_secondary_RIPPLE_AIR_BAG_PRESSURE_std,0.027033454125961677,-0.06298913219256021,False
12,p2_secondary_SLURRY_FLOW_LINE_A_auc,1.1016293063086695,0.050650226789167474,False
12,p2_secondary_SLURRY_FLOW_LINE_A_mean,1.33149455995452,0.10108930584838388,False
12,p2_secondary_SLURRY_FLOW_LINE_A_std,0.39177515717571626,-0.24209735962853587,False
12,p2_secondary_SLURRY_FLOW_LINE_B_auc,1.1480108205899093,-0.17677669529663687,False
12,p2_secondary_SLURRY_FLOW_LINE_B_mean,1.103604267900318,0.17677669529663695,True
12,p2_secondary_SLURRY_FLOW_LINE_B_std,0.6366554635382877,0.09629831084718792,False
12,p2_secondary_SLURRY_FLOW_LINE_C_auc,0.14269636431942698,0.15522472395090928,True
12,p2_secondary_SLURRY_FLOW_LINE_C_mean,0.24854475204104326,0.03898157485929682,False
12,p2_secondary_SLURRY_FLOW_LINE_C_std,1.1703127221055116,0.008000580234588122,False
12,p2_secondary_STAGE_ROTATION_mean,0.1696948081983231,0.2343150094600541,True
12,p2_secondary_USAGE_OF_BACKING_FILM_decreasing,31.59136170501502,0.0,True
12,p2_secondary_USAGE_OF_BACKING_FILM_mean,87137.33155766274,0.1974665987172759,True
12,p2_secondary_USAGE_OF_BACKING_FILM_std,167.91063206207875,-0.24168616383312566,True
12,p2_secondary_USAGE_OF_DRESSER_TABLE_decreasing,1.752215313896611,0.0,True
12,p2_secondary_USAGE_OF_DRESSER_TABLE_mean,75.37178570720907,0.3407575012387221,True
12,p2_secondary_USAGE_OF_DRESSER_TABLE_std,1.4800889268891007,0.0,False
12,p2_secondary_USAGE_OF_DRESSER_decreasing,0.6774041779202716,0.0,False
12,p2_secondary_USAGE_OF_DRESSER_mean,9.249285187138726,0.06610471786878722,True
12,p2_secondary_USAGE_OF_DRESSER_std,0.7902600375009684,0.0,False
12,p2_secondary_USAGE_OF_MEMBRANE_decreasing,1739.2613732931052,0.0,True
12,p2_secondary_USAGE_OF_MEMBRANE_mean,199005.66061055535,0.20011265994494082,True
12,p2_secondary_USAGE_OF_MEMBRANE_std,6227.0059250051345,0.22582222771520233,True
12,p2_secondary_USAGE_OF_POLISHING_TABLE_decreasing,2.2755174709881665,-0.018127413484347127,True
12,p2_secondary_USAGE_OF_POLISHING_TABLE_mean,0.2985127274147654,0.27277157204863506,True
12,p2_secondary_USAGE_OF_POLISHING_TABLE_std,2.201637756391161,-0.19021960938979768,True
12,p2_secondary_USAGE_OF_PRESSURIZED_SHEET_decreasing,1685.6857644002616,0.14993365170561793,True
12,p2_secondary_USAGE_OF_PRESSURIZED_SHEET_mean,111510.42304654956,0.2204623527780991,True
12,p2_secondary_USAGE_OF_PRESSURIZED_SHEET_std,5984.290619235921,0.1380931947942236,True
12,p2_secondary_WAFER_ROTATION_mean,0.6928144472897689,-0.047860154010033226,False
12,p2_secondary_duration,0.5396630519359228,-0.062395189978835544,False
13,lag_1,3.0535466227688217,0.5305048126350045,True
13,lag_2,1.1589939488138246,0.29316963058376017,True
13,lag_3,0.04524087288421618,0.20865627677687934,True
13,lag_4,0.698048771304628,0.4033065275802183,True
13,lag_5,0.14471879127340906,0.1531840150333169,True
13,lag_6,0.5114926832001438,-0.20800378803844707,False
13,lag_7,0.8396568289131432,0.11477580388843432,False
13,lag_8,1.0786437018368211,-0.2145697402743244,False
13,lag_9,1.0574419197320284,0.1778830606420735,True
13,lag_10,0.6766421077771742,0.4329177243275201,True
13,lag_11,0.5243824129988187,0.09494284989760227,False
13,neighbor_1,5.263584290714113,1.009339024950898,True
13,neighbor_2,0.08650705883713372,0.7621246442727877,True
13,neighbor_3,1.8193696677501228,0.39448033819451456,True
13,neighbor_4,1.7577634353208764,-0.16200458644114665,True
13,neighbor_5,0.6211950608651027,0.4168230428863276,True
13,neighbor_6,0.9694263549155816,0.32775670570585796,True
13,neighbor_7,0.1700556792561504,0.5347338981846125,True
13,neighbor_8,0.7494421992782161,-0.024921447604481787,False
13,neighbor_9,0.7527441088273306,0.061157867486864505,False
13,neighbor_10,1.2416720127176346,0.07991867576333035,False
13,p2_primary_CENTER_AIR_BAG_PRESSURE_auc,1.1422440631632287,1.222265976816034,True
13,p2_primary_CENTER_AIR_BAG_PRESSURE_mean,0.7363983228508041,0.1231251767339569,False
13,p2_primary_CENTER_AIR_BAG_PRESSURE_std,0.7031340180398522,-0.17677669529663687,False
13,p2_primary_DRESSING_WATER_STATUS_auc,0.616165008084119,-0.035625808428746415,False
13,p2_primary_DRESSING_WATER_STATUS_mean,1.2107294854704045,-0.2498098246195138,False
13,p2_primary_DRESSING_WATER_STATUS_std,1.4550716496306082,-0.10423484496249825,False
13,p2_primary_EDGE_AIR_BAG_PRESSURE_auc,1.3011402702376802,-0.19662841025271174,False
13,p2_primary_EDGE_AIR_BAG_PRESSURE_mean,0.21531483774719942,0.3491995399048975,True
13,p2_primary_EDGE_AIR_BAG_PRESSURE_std,1.0948095518787568,0.16570555940528814,True
13,p2_primary_HEAD_ROTATION_mean,0.082121660403836,-0.12163060366934784,False
13,p2_primary_MAIN_OUTER_AIR_BAG_PRESSURE_auc,1.0195861638059762,0.5153440565636704,True
13,p2_primary_MAIN_OUTER_AIR_BAG_PRESSURE_mean,1.1893461367769504,0.43343222038889945,True
13,p2_primary_MAIN_OUTER_AIR_BAG_PRESSURE_std,0.391949635100572,0.3021581019314192,True
13,p2_primary_PRESSURIZED_CHAMBER_PRESSURE_auc,0.007085552924580409,0.4418403542418772,True
13,p2_primary_PRESSURIZED_CHAMBER_PRESSURE_mean,0.15779931945806172,-0.3386882187336135,False
13,p2_primary_PRESSURIZED_CHAMBER_PRESSURE_std,1.1917651171956773,0.44898090981331645,True
13,p2_primary_RETAINER_RING_PRESSURE_auc,1.4667650840571067,0.32544224072698097,True
13,p2_primary_RETAINER_RING_PRESSURE_mean,1.1498731443867505,0.19342980560763806,True
13,p2_primary_RETAINER_RING_PRESSURE_std,1.3586483230055268,-0.2171134265910709,False
13,p2_primary_RIPPLE_AIR_BAG_PRESSURE_auc,0.19854046380029908,0.32710557600474277,True
13,p2_primary_RIPPLE_AIR_BAG_PRESSURE_mean,0.004149328510168995,0.2584218541506645,True
13,p2_primary_RIPPLE_AIR_BAG_PRESSURE_std,0.8482965476797798,0.23582509571849458,True
13,p2_primary_SLURRY_FLOW_LINE_A_auc,1.3661008937712737,0.12910742711957762,False
13,p2_primary_SLURRY_FLOW_LINE_A_mean,0.508215769046187,0.21223157149106328,True
13,p2_primary_SLURRY_FLOW_LINE_A_std,0.14059749702826632,0.4118262989913298,True
13,p2_primary_SLURRY_FLOW_LINE_B_auc,0.8320527415348965,0.30302939992601063,True
13,p2_primary_SLURRY_FLOW_LINE_B_mean,1.2674895965715711,0.041238707851425783,False
13,p2_primary_SLURRY_FLOW_LINE_B_std,0.264363190256933,-0.21019560853686642,False
13,p2_primary_SLURRY_FLOW_LINE_C_auc,0.9852085588595894,0.8958285604677559,True
13,p2_primary_SLURRY_FLOW_LINE_C_mean,0.014193215572618777,0.11090599925484955,False
13,p2_primary_SLURRY_FLOW_LINE_C_std,1.2183101255458548,0.29204386526107706,True
13,p2_primary_STAGE_ROTATION_mean,1.9054786712963727,0.14764406851582818,True
13,p2_primary_USAGE_OF_BACKING_FILM_decreasing,60.438851446658006,0.20551328174960573,True
13,p2_primary_USAGE_OF_BACKING_FILM_mean,256778.64350283306,0.2180807470587307,True
13,p2_primary_USAGE_OF_BACKING_FILM_std,80.3071488540604,0.176776695296637,True
13,p2_primary_USAGE_OF_DRESSER_TABLE_decreasing,0.2641883496390895,-0.01645823874495859,False
13,p2_primary_USAGE_OF_DRESSER_TABLE_mean,24.48717438105446,0.19191566685557362,True
13,p2_primary_USAGE_OF_DRESSER_TABLE_std,0.5025650404495055,-0.19354112324008366,False
13,p2_primary_USAGE_OF_DRESSER_decreasing,0.16096180157627357,-0.18329672993700794,False
13,p2_primary_USAGE_OF_DRESSER_mean,0.1762583944686068,-0.009864872425993033,False
13,p2_primary_USAGE_OF_DRESSER_std,0.1061105732478742,-0.34293307941625817,False
13,p2_primary_USAGE_OF_MEMBRANE_decreasing,55.625837109047126,0.19282330213434729,True
13,p2_primary_USAGE_OF_MEMBRANE_mean,249708.4650137557,0.1767766952966368,True
13,p2_primary_USAGE_OF_MEMBRANE_std,69.56849000830363,-0.2331748692597811,True
13,p2_primary_USAGE_OF_POLISHING_TABLE_decreasing,1.1052756392495116,0.046841965496808344,False
13,p2_primary_USAGE_OF_POLISHING_TABLE_mean,0.5955699515835069,0.22750933894718411,True
13,p2_primary_USAGE_OF_POLISHING_TABLE_std,1.056363107604224,0.070654466381867,False
13,p2_primary_USAGE_OF_PRESSURIZED_SHEET_decreasing,28.97320228876834,-0.012381599103795632,True
13,p2_primary_USAGE_OF_PRESSURIZED_SHEET_mean,6362.846941799356,0.1815458584928457,True
13,p2_primary_USAGE_OF_PRESSURIZED_SHEET_std,33.211560206327114,-0.06518087924304249,True
13,p2_primary_WAFER_ROTATION_mean,0.5143948944974376,0.2903534011819621,True
13,p2_primary_duration,1.3033337338203175,0.2635746252611193,True
13,p2_secondary_CENTER_AIR_BAG_PRESSURE_auc,7.499045716907345,0.013236261848413948,True
13,p2_secondary_CENTER_AIR_BAG_PRESSURE_mean,6.896669445128389,-0.24519110278862227,True
13,p2_secondary_CENTER_AIR_BAG_PRESSURE_std,0.10555726963382336,0.24102605268315866,True
13,p2_secondary_DRESSING_WATER_STATUS_auc,0.2648762736180783,0.13956610751008758,False
13,p2_secondary_DRESSING_WATER_STATUS_mean,0.2566617749347328,0.16691051688513686,True
13,p2_secondary_DRESSING_WATER_STATUS_std,0.2881572805604797,0.21189533152408233,True
13,p2_secondary_EDGE_AIR_BAG_PRESSURE_auc,0.5498174216137598,0.2612879828455424,True
13,p2_secondary_EDGE_AIR_BAG_PRESSURE_mean,0.5371712554486641,-0.05439417264100729,False
13,p2_secondary_EDGE_AIR_BAG_PRESSURE_std,0.28101625975521843,0.21826150547966258,True
13,p2_secondary_HEAD_ROTATION_mean,0.15213495149808434,-0.08521218608963876,False
13,p2_secondary_MAIN_OUTER_AIR_BAG_PRESSURE_auc,0.19221237990035808,0.16436400062064951,True
13,p2_secondary_MAIN_OUTER_AIR_BAG_PRESSURE_mean,0.22670224694521487,-0.21470005604778145,False
13,p2_secondary_MAIN_OUTER_AIR_BAG_PRESSURE_std,0.9418462036132761,-0.0719357487167486,False
13,p2_secondary_PRESSURIZED_CHAMBER_PRESSURE_auc,0.6650216416079787,-0.138448223642451,False
13,p2_secondary_PRESSURIZED_CHAMBER_PRESSURE_mean,0.7872386583837813,0.0,False
13,p2_secondary_PRESSURIZED_CHAMBER_PRESSURE_std,1.3240223924012575,0.06704969987100504,False
13,p2_secondary_RETAINER_RING_PRESSURE_auc,0.573255251198497,-0.29737731721072347,False
13,p2_secondary_RETAINER_RING_PRESSURE_mean,0.03569856686595183,0.2126988642899626,True
13,p2_secondary_RETAINER_RING_PRESSURE_std,0.11383283264177613,0.2937381129433242,True
13,p2_secondary_RIPPLE_AIR_BAG_PRESSURE_auc,1.062402829050408,-0.2148778103697808,False
13,p2_secondary_RIPPLE_AIR_BAG_PRESSURE_mean,1.036730686723782,0.01034489068368499,False
13,p2_secondary_RIPPLE_AIR_BAG_PRESSURE_std,0.30502475842958277,0.13395613378021126,False
13,p2_secondary_SLURRY_FLOW_LINE_A_auc,0.8933225279440176,0.06163808052991423,False
13,p2_secondary_SLURRY_FLOW_LINE_A_mean,1.372643809211396,0.08545151215229145,False
13,p2_secondary_SLURRY_FLOW_LINE_A_std,1.3841935555591083,0.11320097618453817,False
13,p2_secondary_SLURRY_FLOW_LINE_B_auc,0.12316700547201137,0.22289569671170356,True
13,p2_secondary_SLURRY_FLOW_LINE_B_mean,0.1114299576306084,-0.3295016491072156,False
13,p2_secondary_SLURRY_FLOW_LINE_B_std,0.9201112684829482,-0.2350869060405298,False
13,p2_secondary_SLURRY_FLOW_LINE_C_auc,0.1108378747413802,-0.04331015358732322,False
13,p2_secondary_SLURRY_FLOW_LINE_C_mean,0.4723411509339357,0.25523125237226074,True
13,p2_secondary_SLURRY_FLOW_LINE_C_std,0.5423622167964293,0.06712241919656005,False
13,p2_secondary_STAGE_ROTATION_mean,0.2485837319736198,0.052601736570481845,False
13,p2_secondary_USAGE_OF_BACKING_FILM_decreasing,9.555726448314113,-0.24620654299189193,True
13,p2_secondary_USAGE_OF_BACKING_FILM_mean,85557.82262061804,0.21719767305881002,True
13,p2_secondary_USAGE_OF_BACKING_FILM_std,43.56690228525497,0.25397852948625405,True
13,p2_secondary_USAGE_OF_DRESSER_TABLE_decreasing,2.4380695741632494,0.0,True
13,p2_secondary_USAGE_OF_DRESSER_TABLE_mean,24.536707203680074,0.18446347751812753,True
13,p2_secondary_USAGE_OF_DRESSER_TABLE_std,2.469928332019271,0.0,True
13,p2_secondary_USAGE_OF_DRESSER_decreasing,0.12990833168473223,0.0,False
13,p2_secondary_USAGE_OF_DRESSER_mean,0.3033900721450628,0.13462730971930165,False
13,p2_secondary_USAGE_OF_DRESSER_std,0.07991870076535652,0.0,False
13,p2_secondary_USAGE_OF_MEMBRANE_decreasing,2338.3209608955235,0.0,True
13,p2_secondary_USAGE_OF_MEMBRANE_mean,233215.77828622417,0.17439661369987183,True
13,p2_secondary_USAGE_OF_MEMBRANE_std,7125.606088224706,-0.1603461752288693,True
13,p2_secondary_USAGE_OF_POLISHING_TABLE_decreasing,1.8831796030694918,0.15295505980569213,True
13,p2_secondary_USAGE_OF_POLISHING_TABLE_mean,0.6070993457875333,0.22197877689278728,True
13,p2_secondary_USAGE_OF_POLISHING_TABLE_std,1.8881352655431445,0.25173572597585975,True
13,p2_secondary_USAGE_OF_PRESSURIZED_SHEET_decreasing,2337.296036072893,0.09919355325053332,True
13,p2_secondary_USAGE_OF_PRESSURIZED_SHEET_mean,148771.57411263068,0.0,True
13,p2_secondary_USAGE_OF_PRESSURIZED_SHEET_std,7104.038913597984,-0.19735912752222434,True
13,p2_secondary_WAFER_ROTATION_mean,0.8073566128440778,0.11032047986435553,False
13,p2_secondary_duration,1.2004368405050105,-0.04256045564729413,False
14,lag_1,4.1393892058200095,0.8422309778019667,True
14,lag_2,0.10726844792795683,0.4873873218120318,True
14,lag_3,0.11209217921396264,0.013410663751291524,False
14,lag_4,0.8880417303848209,0.22610073819536983,True
14,lag_5,2.378013639752139,-0.18957611032174432,True
14,lag_6,0.623374969303275,-0.47816252305091045,False
14,lag_7,1.5587147723822439,0.25469843434036277,True
14,lag_8,2.526739449827099,-0.07793273008241211,True
14,lag_9,0.4260927951522835,0.15452018525724054,True
14,lag_10,0.004880722281430127,-0.11473828624509784,False
14,lag_11,1.4645221157618655,0.040376640510975836,False
14,neighbor_1,5.743705659689958,1.030120129008691,True
14,neighbor_2,0.3756555850074628,0.3455434990342147,True
14,neighbor_3,1.6336553735389254,0.3992939349670222,True
14,neighbor_4,0.21015102413238598,0.3744839719942012,True
14,neighbor_5,1.24196370418317,0.31020261811679545,True
14,neighbor_6,0.6512615035146397,0.18540338894935346,True
14,neighbor_7,1.2873053858312813,0.25502952753393826,True
14,neighbor_8,0.6573891301120165,0.302143021718173,True
14,neighbor_9,1.9229400384027955,0.2985692808515615,True
14,neighbor_10,1.0294826185724124,0.046403326579241906,False
14,p2_primary_CENTER_AIR_BAG_PRESSURE_auc,1.7802785887385406,1.0301617544789679,True
14,p2_primary_CENTER_AIR_BAG_PRESSURE_mean,1.4602843488215242,0.3139695709660372,True
14,p2_primary_CENTER_AIR_BAG_PRESSURE_std,0.2869394900549505,0.2495648012160144,True
14,p2_primary_DRESSING_WATER_STATUS_auc,0.7696157817718691,0.14079760056557503,False
14,p2_primary_DRESSING_WATER_STATUS_mean,1.7126222468684886,0.03398053745870036,True
14,p2_primary_DRESSING_WATER_STATUS_std,2.042618028344086,-0.09403952636509437,True
14,p2_primary_EDGE_AIR_BAG_PRESSURE_auc,1.8069228756528233,0.33971443414033325,True
14,p2_primary_EDGE_AIR_BAG_PRESSURE_mean,1.409124017600015,0.20518560499346628,True
14,p2_primary_EDGE_AIR_BAG_PRESSURE_std,0.26250207039179535,0.5821250677145838,True
14,p2_primary_HEAD_ROTATION_mean,0.200698477281925,-0.14778932792715777,False
14,p2_primary_MAIN_OUTER_AIR_BAG_PRESSURE_auc,1.722301865389376,0.6774955984249961,True
14,p2_primary_MAIN_OUTER_AIR_BAG_PRESSURE_mean,1.4495265266697797,0.5423601890518438,True
14,p2_primary_MAIN_OUTER_AIR_BAG_PRESSURE_std,0.8734282797274063,0.2781464504375929,True
14,p2_primary_PRESSURIZED_CHAMBER_PRESSURE_auc,1.5885893236475013,0.2909641602075292,True
14,p2_primary_PRESSURIZED_CHAMBER_PRESSURE_mean,0.13820497916913227,0.07363874064844579,False
14,p2_primary_PRESSURIZED_CHAMBER_PRESSURE_std,0.5071895537295197,0.16189196182062207,True
14,p2_primary_RETAINER_RING_PRESSURE_auc,0.38653108424434235,-0.14357332824270305,False
14,p2_primary_RETAINER_RING_PRESSURE_mean,1.7860380720245455,0.1990524725847876,True
14,p2_primary_RETAINER_RING_PRESSURE_std,1.5151873560777591,-0.10610018052882737,True
14,p2_primary_RIPPLE_AIR_BAG_PRESSURE_auc,0.10747888203140295,0.50857163197966,True
14,p2_primary_RIPPLE_AIR_BAG_PRESSURE_mean,0.21752116504205668,0.29726902497939933,True
14,p2_primary_RIPPLE_AIR_BAG_PRESSURE_std,0.2626492203273777,0.39552561326461844,True
14,p2_primary_SLURRY_FLOW_LINE_A_auc,0.3381182285014579,0.44461203152611045,True
14,p2_primary_SLURRY_FLOW_LINE_A_mean,0.1265082470356963,0.22436443470617604,True
14,p2_primary_SLURRY_FLOW_LINE_A_std,0.18271119496874036,0.16277151868140563,True
14,p2_primary_SLURRY_FLOW_LINE_B_auc,0.3861723032230942,0.21016787262160594,True
14,p2_primary_SLURRY_FLOW_LINE_B_mean,2.4744105976057353,0.20169590350599426,True
14,p2_primary_SLURRY_FLOW_LINE_B_std,0.8596808964955892,0.007646105258980936,False
14,p2_primary_SLURRY_FLOW_LINE_C_auc,0.5464395713990164,0.40818166395492517,True
14,p2_primary_SLURRY_FLOW_LINE_C_mean,1.5936610564557279,0.16087129096453556,True
14,p2_primary_SLURRY_FLOW_LINE_C_std,2.0730702409224917,-0.1329974631907567,True
14,p2_primary_STAGE_ROTATION_mean,1.8729129979107457,0.4282093694772996,True
14,p2_primary_USAGE_OF_BACKING_FILM_decreasing,7.798032385636742,-0.17677669529663692,True
14,p2_primary_USAGE_OF_BACKING_FILM_mean,112080.05283092103,0.21919549358995308,True
14,p2_primary_USAGE_OF_BACKING_FILM_std,87.21732137351425,0.021412039043231492,True
14,p2_primary_USAGE_OF_DRESSER_TABLE_decreasing,2.9070332438675006,0.23745234917541194,True
14,p2_primary_USAGE_OF_DRESSER_TABLE_mean,74.72854260397429,0.39559035425527483,True
14,p2_primary_USAGE_OF_DRESSER_TABLE_std,2.8242973541638263,0.260121927648548,True
14,p2_primary_USAGE_OF_DRESSER_decreasing,0.31925574880841473,-0.09731629455887894,False
14,p2_primary_USAGE_OF_DRESSER_mean,13.100968285087232,0.21821163584181977,True
14,p2_primary_USAGE_OF_DRESSER_std,0.13284781430345283,0.2273315701204046,True
14,p2_primary_USAGE_OF_MEMBRANE_decreasing,11.399929259101985,0.11913172692752323,True
14,p2_primary_USAGE_OF_MEMBRANE_mean,94449.2367199438,0.23523567675511117,True
14,p2_primary_USAGE_OF_MEMBRANE_std,186.96696941059048,-0.19471095640185881,True
14,p2_primary_USAGE_OF_POLISHING_TABLE_decreasing,2.3739246931607663,-0.11508964034420832,True
14,p2_primary_USAGE_OF_POLISHING_TABLE_mean,0.12864266013195444,0.01463689201825875,False
14,p2_primary_USAGE_OF_POLISHING_TABLE_std,2.432869543173231,0.3392100593259758,True
14,p2_primary_USAGE_OF_PRESSURIZED_SHEET_decreasing,8.219020717434173,0.18418746896784136,True
14,p2_primary_USAGE_OF_PRESSURIZED_SHEET_mean,17708.58549479355,0.37206661210640474,True
14,p2_primary_USAGE_OF_PRESSURIZED_SHEET_std,102.13610139871064,0.1777446833115186,True
14,p2_primary_WAFER_ROTATION_mean,0.12411496094354746,0.5067631723121242,True
14,p2_primary_duration,2.340313440012066,0.24668853729692125,True
14,p2_secondary_CENTER_AIR_BAG_PRESSURE_auc,5.432999383883415,0.17677669529663684,True
14,p2_secondary_CENTER_AIR_BAG_PRESSURE_mean,4.975071321361601,-0.2750350170268762,True
14,p2_secondary_CENTER_AIR_BAG_PRESSURE_std,0.8471286613782629,0.0,False
14,p2_secondary_DRESSING_WATER_STATUS_auc,0.5805216357888102,0.3612444708571341,True
14,p2_secondary_DRESSING_WATER_STATUS_mean,0.6157411635727273,-0.30364821971416905,False
14,p2_secondary_DRESSING_WATER_STATUS_std,0.23787508174450414,0.21750377490852327,True
14,p2_secondary_EDGE_AIR_BAG_PRESSURE_auc,0.9164993817167499,0.1767766952966369,True
14,p2_secondary_EDGE_AIR_BAG_PRESSURE_mean,0.7819639687272857,0.0,False
14,p2_secondary_EDGE_AIR_BAG_PRESSURE_std,1.1694759782575588,-0.06079884458029652,False
14,p2_secondary_HEAD_ROTATION_mean,0.951634966451076,-0.13371044201340707,False
14,p2_secondary_MAIN_OUTER_AIR_BAG_PRESSURE_auc,0.7393944537747679,0.1767766952966369,True
14,p2_secondary_MAIN_OUTER_AIR_BAG_PRESSURE_mean,0.6394932930321754,0.1373552586963693,False
14,p2_secondary_MAIN_OUTER_AIR_BAG_PRESSURE_std,0.28861817481306057,0.1767766952966367,True
14,p2_secondary_PRESSURIZED_CHAMBER_PRESSURE_auc,1.9918725087385991,-0.17677669529663692,True
14,p2_secondary_PRESSURIZED_CHAMBER_PRESSURE_mean,2.0303995627605,0.24297255822882782,True
14,p2_secondary_PRESSURIZED_CHAMBER_PRESSURE_std,0.6750989589614504,0.21667519645915756,True
14,p2_secondary_RETAINER_RING_PRESSURE_auc,0.4749043595889325,0.18331943617892996,True
14,p2_secondary_RETAINER_RING_PRESSURE_mean,0.5568688082065412,0.17677669529663678,True
14,p2_secondary_RETAINER_RING_PRESSURE_std,0.3131027506177706,0.0748845223025363,False
14,p2_secondary_RIPPLE_AIR_BAG_PRESSURE_auc,0.9261749795359427,-0.013208605422122066,False
14,p2_secondary_RIPPLE_AIR_BAG_PRESSURE_mean,1.0013968888558764,-0.03187400841907282,False
14,p2_secondary_RIPPLE_AIR_BAG_PRESSURE_std,0.0011605894985050134,-0.17677669529663678,False
14,p2_secondary_SLURRY_FLOW_LINE_A_auc,2.2759061291571543,0.19678903275630236,True
14,p2_secondary_SLURRY_FLOW_LINE_A_mean,2.6269617802690988,0.16806759562111273,True
14,p2_secondary_SLURRY_FLOW_LINE_A_std,0.7824237914546625,-0.19271450137863172,False
14,p2_secondary_SLURRY_FLOW_LINE_B_auc,1.2994188228647625,0.17677669529663684,True
14,p2_secondary_SLURRY_FLOW_LINE_B_mean,1.3453719704029337,-0.18825166154980222,False
14,p2_secondary_SLURRY_FLOW_LINE_B_std,0.0625823555184171,0.2242574861451828,True
14,p2_secondary_SLURRY_FLOW_LINE_C_auc,0.15229818168114423,0.13067159627135297,False
14,p2_secondary_SLURRY_FLOW_LINE_C_mean,0.2189716566572193,0.18271999497881644,True
14,p2_secondary_SLURRY_FLOW_LINE_C_std,0.11585399460734258,0.25498651063800953,True
14,p2_secondary_STAGE_ROTATION_mean,1.0156091127138873,-0.17311611011421818,False
14,p2_secondary_USAGE_OF_BACKING_FILM_decreasing,18.24114991417295,0.1767766952966369,True
14,p2_secondary_USAGE_OF_BACKING_FILM_mean,22239.664623276934,0.24536808129571394,True
14,p2_secondary_USAGE_OF_BACKING_FILM_std,104.661578325442,0.03244012479074995,True
14,p2_secondary_USAGE_OF_DRESSER_TABLE_decreasing,0.9899279043926712,0.0,False
14,p2_secondary_USAGE_OF_DRESSER_TABLE_mean,74.90082794756881,0.36678067497185957,True
14,p2_secondary_USAGE_OF_DRESSER_TABLE_std,1.1949335314074347,0.0,False
14,p2_secondary_USAGE_OF_DRESSER_decreasing,0.42572940806834586,0.0,False
14,p2_secondary_USAGE_OF_DRESSER_mean,13.059407768052232,0.3195030193781963,True
14,p2_secondary_USAGE_OF_DRESSER_std,0.23167293704080202,0.0,False
14,p2_secondary_USAGE_OF_MEMBRANE_decreasing,6.632669195201786,0.08259995484650548,True
14,p2_secondary_USAGE_OF_MEMBRANE_mean,239884.1900163742,0.27553212713876396,True
14,p2_secondary_USAGE_OF_MEMBRANE_std,20.15189465769948,0.0,True
14,p2_secondary_USAGE_OF_POLISHING_TABLE_decreasing,2.184902423818595,0.16356313252816793,True
14,p2_secondary_USAGE_OF_POLISHING_TABLE_mean,0.13017402388591987,0.27978574412114876,True
14,p2_secondary_USAGE_OF_POLISHING_TABLE_std,2.243580910657273,-0.17701227145151016,True
14,p2_secondary_USAGE_OF_PRESSURIZED_SHEET_decreasing,40.67344207474272,0.2530795489944588,True
14,p2_secondary_USAGE_OF_PRESSURIZED_SHEET_mean,217990.2414605212,0.2648525484480925,True
14,p2_secondary_USAGE_OF_PRESSURIZED_SHEET_std,108.85840402250182,0.179620250552696,True
14,p2_secondary_WAFER_ROTATION_mean,0.5117422866739463,-0.27179565232061276,False
14,p2_secondary_duration,1.7612481115332241,-0.056369747576561026,True
15,lag_1,1.6463895902766905,0.31465100490042003,True
15,lag_2,0.4948018138218521,0.42745673234543496,True
15,lag_3,0.444077471156963,0.15660151145824255,True
15,lag_4,1.163942115221745,0.2854190908328786,True
15,lag_5,0.27634068997508665,0.08333054528309107,False
15,lag_6,0.3540913146297208,0.11946023079351174,False
15,lag_7,1.397113730262608,0.2218602585691362,True
15,lag_8,0.4498163769641177,-0.05641119530991298,False
15,lag_9,0.15502879947297094,0.30338000417104977,True
15,lag_10,1.489319496327647,0.3343955489182771,True
15,lag_11,1.5691903564069563,0.3966037564042734,True
15,neighbor_1,5.67798062346486,1.099185725214226,True
15,neighbor_2,0.67122816877544,0.36427912220880704,True
15,neighbor_3,0.3578635930881802,0.49101976057932123,True
15,neighbor_4,1.0538917112018238,0.2302361815974788,True
15,neighbor_5,0.3983865920510982,0.05470224094694071,False
15,neighbor_6,0.30323373352115807,0.1428560051636313,False
15,neighbor_7,1.585404628639438,0.20727922650226568,True
15,neighbor_8,0.47857018549677655,0.30364613686214037,True
15,neighbor_9,0.31685360582089245,0.12757051377286754,False
15,neighbor_10,1.625489474955606,-0.32100065005051165,True
15,p2_primary_CENTER_AIR_BAG_PRESSURE_auc,0.2962633864105419,0.4225978301760606,True
15,p2_primary_CENTER_AIR_BAG_PRESSURE_mean,0.26217427371497587,0.2480981120915333,True
15,p2_primary_CENTER_AIR_BAG_PRESSURE_std,0.2661178805357498,0.409449654846492,True
15,p2_primary_DRESSING_WATER_STATUS_auc,0.39795418023964374,0.30640428636109357,True
15,p2_primary_DRESSING_WATER_STATUS_mean,0.05164622219159286,0.3112399605979024,True
15,p2_primary_DRESSING_WATER_STATUS_std,0.7859666323597202,0.2790875651079798,True
15,p2_primary_EDGE_AIR_BAG_PRESSURE_auc,1.3435505026831438,0.25947292401749295,True
15,p2_primary_EDGE_AIR_BAG_PRESSURE_mean,0.15294369565166527,0.16826387651334254,True
15,p2_primary_EDGE_AIR_BAG_PRESSURE_std,0.9612087149156563,0.29254111178542785,True
15,p2_primary_HEAD_ROTATION_mean,0.6144068305134079,0.1397577423230733,False
15,p2_primary_MAIN_OUTER_AIR_BAG_PRESSURE_auc,0.19047511517270166,1.0073728244512126,True
15,p2_primary_MAIN_OUTER_AIR_BAG_PRESSURE_mean,0.6588550302436794,0.5872641932855919,True
15,p2_primary_MAIN_OUTER_AIR_BAG_PRESSURE_std,0.635421078700154,0.3737746020530491,True
15,p2_primary_PRESSURIZED_CHAMBER_PRESSURE_auc,1.4885252174298185,0.4931451083364876,True
15,p2_primary_PRESSURIZED_CHAMBER_PRESSURE_mean,0.19851383222264862,0.21213660829492503,True
15,p2_primary_PRESSURIZED_CHAMBER_PRESSURE_std,1.325928413337254,0.09666572706404847,False
15,p2_primary_RETAINER_RING_PRESSURE_auc,2.097022115911864,0.4206918762950745,True
15,p2_primary_RETAINER_RING_PRESSURE_mean,1.4177927354611506,0.1191857174948442,False
15,p2_primary_RETAINER_RING_PRESSURE_std,1.8825090112230864,-0.11621202925191919,True
15,p2_primary_RIPPLE_AIR_BAG_PRESSURE_auc,0.49642267234448434,0.5176124080895819,True
15,p2_primary_RIPPLE_AIR_BAG_PRESSURE_mean,0.3303555853415718,0.35150073243684343,True
15,p2_primary_RIPPLE_AIR_BAG_PRESSURE_std,1.2632352670298175,0.3280664929244936,True
15,p2_primary_SLURRY_FLOW_LINE_A_auc,0.7020739472531351,0.2705584255663601,True
15,p2_primary_SLURRY_FLOW_LINE_A_mean,0.7289556077127032,0.17773821068347131,True
15,p2_primary_SLURRY_FLOW_LINE_A_std,1.4343816548398032,-0.016794911057978038,False
15,p2_primary_SLURRY_FLOW_LINE_B_auc,0.5239241709357343,0.23058013814764486,True
15,p2_primary_SLURRY_FLOW_LINE_B_mean,1.5929974680776264,0.22641206490343174,True
15,p2_primary_SLURRY_FLOW_LINE_B_std,0.2888133555000808,0.0,False
15,p2_primary_SLURRY_FLOW_LINE_C_auc,1.6221211531120294,0.6675068570531,True
15,p2_primary_SLURRY_FLOW_LINE_C_mean,0.16454258267705293,0.19644310383220204,True
15,p2_primary_SLURRY_FLOW_LINE_C_std,1.8501863060085528,-0.22013126660489252,True
15,p2_primary_STAGE_ROTATION_mean,0.8343968545661515,-0.011696162986631072,False
15,p2_primary_USAGE_OF_BACKING_FILM_decreasing,27.871775001097298,0.26924159461313335,True
15,p2_primary_USAGE_OF_BACKING_FILM_mean,112702.24701557316,0.0,True
15,p2_primary_USAGE_OF_BACKING_FILM_std,223.13122596384613,0.2960038936955205,True
15,p2_primary_USAGE_OF_DRESSER_TABLE_decreasing,0.09503223218539417,-0.0991766704626635,False
15,p2_primary_USAGE_OF_DRESSER_TABLE_mean,146.67213868086213,0.2182245957504917,True
15,p2_primary_USAGE_OF_DRESSER_TABLE_std,0.1510230675126557,-0.177697463991677,False
15,p2_primary_USAGE_OF_DRESSER_decreasing,0.5463365028751492,0.1767766952966368,True
15,p2_primary_USAGE_OF_DRESSER_mean,23.810810683884817,0.22717732299450646,True
15,p2_primary_USAGE_OF_DRESSER_std,0.10310274492955936,-0.14716332240481697,False
15,p2_primary_USAGE_OF_MEMBRANE_decreasing,32.208971403820556,0.2519100258343836,True
15,p2_primary_USAGE_OF_MEMBRANE_mean,234046.9786198982,0.043145977755910433,True
15,p2_primary_USAGE_OF_MEMBRANE_std,555.2599420206203,0.1419553057710807,True
15,p2_primary_USAGE_OF_POLISHING_TABLE_decreasing,1.0682675836002702,0.15202867118085311,True
15,p2_primary_USAGE_OF_POLISHING_TABLE_mean,0.24220291427672397,0.04457130399865519,False
15,p2_primary_USAGE_OF_POLISHING_TABLE_std,1.0882394416050578,0.19351852659998076,True
15,p2_primary_USAGE_OF_PRESSURIZED_SHEET_decreasing,22.77598290966315,0.008691655577209748,True
15,p2_primary_USAGE_OF_PRESSURIZED_SHEET_mean,121396.53102500549,0.2990209494883912,True
15,p2_primary_USAGE_OF_PRESSURIZED_SHEET_std,347.7781912875129,-0.05942250297646702,True
15,p2_primary_WAFER_ROTATION_mean,0.6452347341756873,0.26777852087973397,True
15,p2_primary_duration,1.940495039361916,0.20850928068994376,True
15,p2_secondary_CENTER_AIR_BAG_PRESSURE_auc,11.584815344663918,0.17677669529663703,True
15,p2_secondary_CENTER_AIR_BAG_PRESSURE_mean,10.809939094924557,0.0,True
15,p2_secondary_CENTER_AIR_BAG_PRESSURE_std,1.2978269427580782,-0.17677669529663692,False
15,p2_secondary_DRESSING_WATER_STATUS_auc,1.518249493768022,-0.14799540898696334,True
15,p2_secondary_DRESSING_WATER_STATUS_mean,1.5632150038828805,-0.2641782457845428,True
15,p2_secondary_DRESSING_WATER_STATUS_std,0.25657599987377244,-0.06450572065056114,False
15,p2_secondary_EDGE_AIR_BAG_PRESSURE_auc,0.7335446427872124,0.1767766952966369,True
15,p2_secondary_EDGE_AIR_BAG_PRESSURE_mean,0.6443091208255944,-0.176776695296637,False
15,p2_secondary_EDGE_AIR_BAG_PRESSURE_std,1.3759538624185543,0.293868036526683,True
15,p2_secondary_HEAD_ROTATION_mean,0.04141968952088564,0.1189963641869374,False
15,p2_secondary_MAIN_OUTER_AIR_BAG_PRESSURE_auc,1.4975980800098734,-0.09576353597160772,False
15,p2_secondary_MAIN_OUTER_AIR_BAG_PRESSURE_mean,1.4740030173838128,0.1919687960045872,True
15,p2_secondary_MAIN_OUTER_AIR_BAG_PRESSURE_std,0.263562536423182,-0.2270552999141186,False
15,p2_secondary_PRESSURIZED_CHAMBER_PRESSURE_auc,1.604617451684347,-0.3037618994040311,True
15,p2_secondary_PRESSURIZED_CHAMBER_PRESSURE_mean,1.5114101265112043,-0.2934618719871414,True
15,p2_secondary_PRESSURIZED_CHAMBER_PRESSURE_std,0.09778423342906356,0.2557492880169564,True
15,p2_secondary_RETAINER_RING_PRESSURE_auc,0.10812188537645114,-0.12306914296805416,False
15,p2_secondary_RETAINER_RING_PRESSURE_mean,0.1584878069843634,-0.14130510429949278,False
15,p2_secondary_RETAINER_RING_PRESSURE_std,0.15408985036859646,0.20937786321970236,True
15,p2_secondary_RIPPLE_AIR_BAG_PRESSURE_auc,1.6256637078713072,0.07103515355185323,True
15,p2_secondary_RIPPLE_AIR_BAG_PRESSURE_mean,1.5955877526009843,0.17677669529663692,True
15,p2_secondary_RIPPLE_AIR_BAG_PRESSURE_std,0.42202437355167094,-0.18936391321995075,False
15,p2_secondary_SLURRY_FLOW_LINE_A_auc,2.744841478307311,-0.07408222763085047,True
15,p2_secondary_SLURRY_FLOW_LINE_A_mean,3.1029895477383347,-0.21697759211949086,True
15,p2_secondary_SLURRY_FLOW_LINE_A_std,1.3333738746119843,-0.25488319376557833,False
15,p2_secondary_SLURRY_FLOW_LINE_B_auc,1.7064389392529258,0.0,True
15,p2_secondary_SLURRY_FLOW_LINE_B_mean,1.714638680128098,-0.2541307006821674,True
15,p2_secondary_SLURRY_FLOW_LINE_B_std,0.5831958786107649,-0.22503085748753301,False
15,p2_secondary_SLURRY_FLOW_LINE_C_auc,0.3350566653516701,0.22346480332579585,True
15,p2_secondary_SLURRY_FLOW_LINE_C_mean,0.10024341395483073,-0.16738109208530427,False
15,p2_secondary_SLURRY_FLOW_LINE_C_std,1.107108342658247,0.19475978293018475,True
15,p2_secondary_STAGE_ROTATION_mean,0.10339637260045569,-0.12126726305534469,False
15,p2_secondary_USAGE_OF_BACKING_FILM_decreasing,16.26477504493077,0.0,True
15,p2_secondary_USAGE_OF_BACKING_FILM_mean,68457.87272960754,0.24105588589441987,True
15,p2_secondary_USAGE_OF_BACKING_FILM_std,98.56579808890693,0.17677669529663692,True
15,p2_secondary_USAGE_OF_DRESSER_TABLE_decreasing,2.7023762965639264,0.0,True
15,p2_secondary_USAGE_OF_DRESSER_TABLE_mean,146.15612938351785,0.2430604338428284,True
15,p2_secondary_USAGE_OF_DRESSER_TABLE_std,2.618939726573074,0.0,True
15,p2_secondary_USAGE_OF_DRESSER_decreasing,0.4127968352552559,0.0,False
15,p2_secondary_USAGE_OF_DRESSER_mean,23.78821813897502,0.3577956666432542,True
15,p2_secondary_USAGE_OF_DRESSER_std,0.2504798373894131,0.0,False
15,p2_secondary_USAGE_OF_MEMBRANE_decreasing,2757.6935303477826,-0.1638388856186036,True
15,p2_secondary_USAGE_OF_MEMBRANE_mean,59927.09329753084,0.0,True
15,p2_secondary_USAGE_OF_MEMBRANE_std,13784.533671179806,0.20044931923324744,True
15,p2_secondary_USAGE_OF_POLISHING_TABLE_decreasing,1.9198149921124497,-0.23655904150897403,True
15,p2_secondary_USAGE_OF_POLISHING_TABLE_mean,0.22245604583913506,0.03929687887980175,False
15,p2_secondary_USAGE_OF_POLISHING_TABLE_std,2.031407712334833,0.27138844937991125,True
15,p2_secondary_USAGE_OF_PRESSURIZED_SHEET_decreasing,2593.026834610305,-0.17677669529663687,True
15,p2_secondary_USAGE_OF_PRESSURIZED_SHEET_mean,8531.62506330909,0.25302590608577186,True
15,p2_secondary_USAGE_OF_PRESSURIZED_SHEET_std,13325.49248593314,0.16662521455250914,True
15,p2_secondary_WAFER_ROTATION_mean,0.9340675729799397,-0.1293263370970385,False
15,p2_secondary_duration,0.28455232863462854,0.10313183028458583,False
16,lag_1,3.626042389108369,0.7267783216402369,True
16,lag_2,0.522947588064811,0.4996330509952195,True
16,lag_3,0.03988176855513949,-0.061277462725266865,False
16,lag_4,0.8270730835679173,0.3540540376778052,True
16,lag_5,0.5588874592758621,0.04235466985722052,False
16,lag_6,1.2622982921134829,0.035899934603150135,False
16,lag_7,1.2932001868500158,0.15997410049644611,True
16,lag_8,1.090394259179729,0.2055050365623366,True
16,lag_9,2.013271985987663,-0.09979272276828915,True
16,lag_10,1.2528122006950317,0.24016538595802844,True
16,lag_11,0.653858977335856,0.47712752460533436,True
16,neighbor_1,5.7797030489559145,1.5362243626839827,True
16,neighbor_2,0.7035212688199588,0.3323246054106596,True
16,neighbor_3,1.6476772537515965,0.3928696852820618,True
16,neighbor_4,0.9525574763021869,0.11066970192053964,False
16,neighbor_5,1.0965694802342492,0.3717756513363443,True
16,neighbor_6,1.7576097535939972,0.049931382900252404,True
16,neighbor_7,1.1358795068849532,-0.20733146084953863,False
16,neighbor_8,0.8833735499509775,0.3528290178871881,True
16,neighbor_9,0.5729777530889578,-0.12314034039982501,False
16,neighbor_10,1.8231379280451971,0.03326725196775378,True
16,p2_primary_CENTER_AIR_BAG_PRESSURE_auc,1.0126844136876043,1.2004444319448617,True
16,p2_primary_CENTER_AIR_BAG_PRESSURE_mean,0.43047873243153945,0.31806511817837485,True
16,p2_primary_CENTER_AIR_BAG_PRESSURE_std,1.197786758258937,0.3449034195699238,True
16,p2_primary_DRESSING_WATER_STATUS_auc,0.5085860419177562,0.12070952445565757,False
16,p2_primary_DRESSING_WATER_STATUS_mean,0.8548190898098921,0.004456863975601301,False
16,p2_primary_DRESSING_WATER_STATUS_std,0.9853986734685064,0.39465919143445083,True
16,p2_primary_EDGE_AIR_BAG_PRESSURE_auc,2.262352730549456,0.31973272611136516,True
16,p2_primary_EDGE_AIR_BAG_PRESSURE_mean,1.1629651008869502,0.2173901204041783,True
16,p2_primary_EDGE_AIR_BAG_PRESSURE_std,0.6872004529307092,0.5862991351694585,True
16,p2_primary_HEAD_ROTATION_mean,0.05187469890148232,-0.09704897603682879,False
16,p2_primary_MAIN_OUTER_AIR_BAG_PRESSURE_auc,0.7436669566622115,0.6567067333650664,True
16,p2_primary_MAIN_OUTER_AIR_BAG_PRESSURE_mean,0.7806028780738303,0.2119341543234608,True
16,p2_primary_MAIN_OUTER_AIR_BAG_PRESSURE_std,0.8190709159656232,0.3606600166713578,True
16,p2_primary_PRESSURIZED_CHAMBER_PRESSURE_auc,1.865046006611289,0.9328208277740566,True
16,p2_primary_PRESSURIZED_CHAMBER_PRESSURE_mean,0.8913977239320988,0.4729958917924506,True
16,p2_primary_PRESSURIZED_CHAMBER_PRESSURE_std,0.28637891062501813,0.18254366511238873,True
16,p2_primary_RETAINER_RING_PRESSURE_auc,0.23209808644746363,0.1699007497511235,True
16,p2_primary_RETAINER_RING_PRESSURE_mean,1.9148259773707976,-0.05654552679035322,True
16,p2_primary_RETAINER_RING_PRESSURE_std,1.681828593005398,-0.10331734713811942,True
16,p2_primary_RIPPLE_AIR_BAG_PRESSURE_auc,0.7982141907037439,0.40171712035585294,True
16,p2_primary_RIPPLE_AIR_BAG_PRESSURE_mean,0.593991104524982,0.5401864241992951,True
16,p2_primary_RIPPLE_AIR_BAG_PRESSURE_std,1.1024048627211338,0.39601499598777784,True
16,p2_primary_SLURRY_FLOW_LINE_A_auc,0.9061296179578903,0.5103549352580181,True
16,p2_primary_SLURRY_FLOW_LINE_A_mean,0.5496222905759932,0.38835110968721426,True
16,p2_primary_SLURRY_FLOW_LINE_A_std,1.1839804002565426,0.33655163836142366,True
16,p2_primary_SLURRY_FLOW_LINE_B_auc,0.5136082638830566,-0.22192269434257164,False
16,p2_primary_SLURRY_FLOW_LINE_B_mean,2.830543303804973,0.20150616475345,True
16,p2_primary_SLURRY_FLOW_LINE_B_std,0.8814794088700914,0.20059841962161812,True
16,p2_primary_SLURRY_FLOW_LINE_C_auc,0.7892255342466789,0.6517518617531367,True
16,p2_primary_SLURRY_FLOW_LINE_C_mean,0.5122032453017242,0.4858146287101374,True
16,p2_primary_SLURRY_FLOW_LINE_C_std,1.2775168945108961,0.36829857850319536,True
16,p2_primary_STAGE_ROTATION_mean,2.2655792101628682,-0.05876442344938225,True
16,p2_primary_USAGE_OF_BACKING_FILM_decreasing,22.126725615962094,-0.03571014295506819,True
16,p2_primary_USAGE_OF_BACKING_FILM_mean,118813.83796062658,-0.040691252224141224,True
16,p2_primary_USAGE_OF_BACKING_FILM_std,172.52390278386468,0.18929898012726104,True
16,p2_primary_USAGE_OF_DRESSER_TABLE_decreasing,1.208278094179823,-0.10827831604966644,False
16,p2_primary_USAGE_OF_DRESSER_TABLE_mean,253.73207538537272,0.09106849727289523,True
16,p2_primary_USAGE_OF_DRESSER_TABLE_std,1.0250664180124627,-0.12265961697283644,False
16,p2_primary_USAGE_OF_DRESSER_decreasing,0.30242419693298317,0.23124619010108965,True
16,p2_primary_USAGE_OF_DRESSER_mean,41.30446012905873,0.03260329932096397,True
16,p2_primary_USAGE_OF_DRESSER_std,0.2251712353159682,0.19771799880646415,True
16,p2_primary_USAGE_OF_MEMBRANE_decreasing,10.401275558906292,0.2865260617991179,True
16,p2_primary_USAGE_OF_MEMBRANE_mean,193213.00365988948,0.0,True
16,p2_primary_USAGE_OF_MEMBRANE_std,166.22549864391954,0.18727335907662515,True
16,p2_primary_USAGE_OF_POLISHING_TABLE_decreasing,0.3139849412617258,-0.17524320124881743,False
16,p2_primary_USAGE_OF_POLISHING_TABLE_mean,0.5926798699744454,0.07979065553467118,False
16,p2_primary_USAGE_OF_POLISHING_TABLE_std,0.2947598227976408,0.3040042536379621,True
16,p2_primary_USAGE_OF_PRESSURIZED_SHEET_decreasing,0.689681690391837,-0.21285837174073832,False
16,p2_primary_USAGE_OF_PRESSURIZED_SHEET_mean,74411.70443778588,0.0,True
16,p2_primary_USAGE_OF_PRESSURIZED_SHEET_std,0.7544955964831331,0.13724279040178833,False
16,p2_primary_WAFER_ROTATION_mean,1.109875555900962,0.17432376799172908,True
16,p2_primary_duration,3.13905054873691,0.21654213785428666,True
16,p2_secondary_CENTER_AIR_BAG_PRESSURE_auc,11.88035589564599,-0.0828146269564735,True
16,p2_secondary_CENTER_AIR_BAG_PRESSURE_mean,11.050572837017848,0.05303507948785207,True
16,p2_secondary_CENTER_AIR_BAG_PRESSURE_std,1.6352706048019252,0.19233212152181117,True
16,p2_secondary_DRESSING_WATER_STATUS_auc,1.8977178991278163,0.1389082775637317,True
16,p2_secondary_DRESSING_WATER_STATUS_mean,1.8703896482085327,0.12102972553584199,True
16,p2_secondary_DRESSING_WATER_STATUS_std,0.7715521420919521,0.07489830640295408,False
16,p2_secondary_EDGE_AIR_BAG_PRESSURE_auc,1.8647432144407947,-0.03671012789491979,True
16,p2_secondary_EDGE_AIR_BAG_PRESSURE_mean,1.853766405772928,0.1679568186651462,True
16,p2_secondary_EDGE_AIR_BAG_PRESSURE_std,0.1437825417807011,0.18632111754781985,True
16,p2_secondary_HEAD_ROTATION_mean,0.44258048250392096,0.2614496023756254,True
16,p2_secondary_MAIN_OUTER_AIR_BAG_PRESSURE_auc,1.9923109632584506,0.020647169128728216,True
16,p2_secondary_MAIN_OUTER_AIR_BAG_PRESSURE_mean,1.9577118811905503,0.24289853105303086,True
16,p2_secondary_MAIN_OUTER_AIR_BAG_PRESSURE_std,0.3810921406365014,-0.17677669529663698,False
16,p2_secondary_PRESSURIZED_CHAMBER_PRESSURE_auc,1.7099881369241787,0.166881806800269,True
16,p2_secondary_PRESSURIZED_CHAMBER_PRESSURE_mean,1.6954382468838045,-0.17670795651295593,True
16,p2_secondary_PRESSURIZED_CHAMBER_PRESSURE_std,0.3433088341905058,0.09657372616316606,False
16,p2_secondary_RETAINER_RING_PRESSURE_auc,0.05397400898841856,0.249268031878012,True
16,p2_secondary_RETAINER_RING_PRESSURE_mean,0.10202503103500814,-0.13664506207317392,False
16,p2_secondary_RETAINER_RING_PRESSURE_std,0.21258295886516054,0.0159852864650014,False
16,p2_secondary_RIPPLE_AIR_BAG_PRESSURE_auc,0.605273540469946,-0.2676049700804216,False
16,p2_secondary_RIPPLE_AIR_BAG_PRESSURE_mean,0.5494843651855399,0.08432715844362901,False
16,p2_secondary_RIPPLE_AIR_BAG_PRESSURE_std,0.846093934975063,0.0,False
16,p2_secondary_SLURRY_FLOW_LINE_A_auc,2.955155522571297,-0.2544022954313227,True
16,p2_secondary_SLURRY_FLOW_LINE_A_mean,3.284213086964809,0.16139856596500743,True
16,p2_secondary_SLURRY_FLOW_LINE_A_std,0.6894473366722299,-0.015023454707586677,False
16,p2_secondary_SLURRY_FLOW_LINE_B_auc,1.6481785553120294,-0.16822169741242754,True
16,p2_secondary_SLURRY_FLOW_LINE_B_mean,1.6459136203644853,-0.17677669529663687,True
16,p2_secondary_SLURRY_FLOW_LINE_B_std,0.2890532433198992,0.08663183392272236,False
16,p2_secondary_SLURRY_FLOW_LINE_C_auc,0.1886294254254067,0.13336656325532298,False
16,p2_secondary_SLURRY_FLOW_LINE_C_mean,0.41171878502356385,0.31780942293591574,True
16,p2_secondary_SLURRY_FLOW_LINE_C_std,0.568830480908241,0.1695385200912492,True
16,p2_secondary_STAGE_ROTATION_mean,0.0501828748923294,-0.15372984671568923,False
16,p2_secondary_USAGE_OF_BACKING_FILM_decreasing,19.7611024288317,0.12859727391981374,True
16,p2_secondary_USAGE_OF_BACKING_FILM_mean,29604.659199895243,0.23315000745095538,True
16,p2_secondary_USAGE_OF_BACKING_FILM_std,104.66466500192303,0.20365031170297793,True
16,p2_secondary_USAGE_OF_DRESSER_TABLE_decreasing,2.485754581177842,0.0,True
16,p2_secondary_USAGE_OF_DRESSER_TABLE_mean,252.72573565496504,0.17832325545476996,True
16,p2_secondary_USAGE_OF_DRESSER_TABLE_std,2.592983875144765,0.0,True
16,p2_secondary_USAGE_OF_DRESSER_decreasing,0.09383865667138137,0.0,False
16,p2_secondary_USAGE_OF_DRESSER_mean,41.24794921409242,0.3283073240543625,True
16,p2_secondary_USAGE_OF_DRESSER_std,0.29692934898143936,0.0,False
16,p2_secondary_USAGE_OF_MEMBRANE_decreasing,1.7659821553885486,-0.11167660130012279,True
16,p2_secondary_USAGE_OF_MEMBRANE_mean,169075.00535799656,0.22940575868315843,True
16,p2_secondary_USAGE_OF_MEMBRANE_std,36.37934696798687,-0.17677669529663695,True
16,p2_secondary_USAGE_OF_POLISHING_TABLE_decreasing,1.7834270638876348,-0.258231153227077,True
16,p2_secondary_USAGE_OF_POLISHING_TABLE_mean,0.5999267757061558,0.19169936124283637,True
16,p2_secondary_USAGE_OF_POLISHING_TABLE_std,1.7012267305285353,0.045358710801483314,True
16,p2_secondary_USAGE_OF_PRESSURIZED_SHEET_decreasing,35.96057373546126,0.0,True
16,p2_secondary_USAGE_OF_PRESSURIZED_SHEET_mean,139517.42543525939,-0.17677669529663692,True
16,p2_secondary_USAGE_OF_PRESSURIZED_SHEET_std,130.25247867655807,0.2749882777300579,True
16,p2_secondary_WAFER_ROTATION_mean,0.34690059509130716,-0.03928603556119798,False
16,p2_secondary_duration,1.0887154485363846,-0.1733211984764937,False
17,lag_1,3.957288538238437,0.9771210820772278,True
17,lag_2,1.2499681396406457,0.3708341066409585,True
17,lag_3,0.5702471309148426,0.05176645538956274,False
17,lag_4,0.6686831578835682,0.057387080139709855,False
17,lag_5,2.5194422358043616,0.18432313045267615,True
17,lag_6,0.391636698226129,0.02965369191908987,False
17,lag_7,1.5288041056724848,-0.01973654639446958,True
17,lag_8,2.8309640343148104,-0.06209391939486881,True
17,lag_9,1.2020883521042023,-0.08624145322125665,False
17,lag_10,0.6983312524301054,0.23284312466878626,True
17,lag_11,1.2232195182296743,-0.016465123715612182,False
17,neighbor_1,6.889083030749336,1.0592830793883437,True
17,neighbor_2,0.6085428355978421,0.30234418536865487,True
17,neighbor_3,1.3839932386992913,0.5751004268830586,True
17,neighbor_4,1.3742162645616358,0.18205993488966643,True
17,neighbor_5,1.2243250065856626,0.1314341621517207,False
17,neighbor_6,0.08708365409623411,0.2874318085163018,True
17,neighbor_7,0.3614093454334859,0.02078596332848508,False
17,neighbor_8,0.9111263537655933,-0.02465532601428275,False
17,neighbor_9,1.4113950728481,0.19682344700081283,True
17,neighbor_10,1.5602217651276384,0.1009729245934017,True
17,p2_primary_CENTER_AIR_BAG_PRESSURE_auc,1.3377115323550361,1.2896350108972814,True
17,p2_primary_CENTER_AIR_BAG_PRESSURE_mean,0.9716572989901506,0.3970771997745412,True
17,p2_primary_CENTER_AIR_BAG_PRESSURE_std,0.22881959888828038,0.24544424160013603,True
17,p2_primary_DRESSING_WATER_STATUS_auc,0.6382029038947113,0.020369517635867355,False
17,p2_primary_DRESSING_WATER_STATUS_mean,1.2529884345123854,-0.005315683913523326,False
17,p2_primary_DRESSING_WATER_STATUS_std,1.5153151717302031,0.20491670994267738,True
17,p2_primary_EDGE_AIR_BAG_PRESSURE_auc,2.169524372814639,0.1951948605758995,True
17,p2_primary_EDGE_AIR_BAG_PRESSURE_mean,1.7293532042669952,0.23909605091322772,True
17,p2_primary_EDGE_AIR_BAG_PRESSURE_std,0.09247107158211883,0.32305015023939093,True
17,p2_primary_HEAD_ROTATION_mean,0.8491226538481421,0.0033570072659378893,False
17,p2_primary_MAIN_OUTER_AIR_BAG_PRESSURE_auc,0.9747649190132641,0.5627420503843283,True
17,p2_primary_MAIN_OUTER_AIR_BAG_PRESSURE_mean,0.8518171363941173,0.26468277417228103,True
17,p2_primary_MAIN_OUTER_AIR_BAG_PRESSURE_std,0.4989937331387715,0.5006654673498026,True
17,p2_primary_PRESSURIZED_CHAMBER_PRESSURE_auc,0.9082062751343781,0.22707703501907195,True
17,p2_primary_PRESSURIZED_CHAMBER_PRESSURE_mean,0.20567518293847073,0.07557437910748893,False
17,p2_primary_PRESSURIZED_CHAMBER_PRESSURE_std,1.397019699191092,0.4302962801255314,True
17,p2_primary_RETAINER_RING_PRESSURE_auc,1.189152701807526,0.23500502998314549,True
17,p2_primary_RETAINER_RING_PRESSURE_mean,1.0985145785678707,-0.018740510505212957,False
17,p2_primary_RETAINER_RING_PRESSURE_std,1.0307953431134842,0.2847905012770709,True
17,p2_primary_RIPPLE_AIR_BAG_PRESSURE_auc,0.3739065876795695,0.28505748762120814,True
17,p2_primary_RIPPLE_AIR_BAG_PRESSURE_mean,0.33410227997795144,0.3811052568579012,True
17,p2_primary_RIPPLE_AIR_BAG_PRESSURE_std,0.812886525776222,0.25933202187202203,True
17,p2_primary_SLURRY_FLOW_LINE_A_auc,0.22713498915319227,0.3720010003233138,True
17,p2_primary_SLURRY_FLOW_LINE_A_mean,0.8704474708799627,0.18473079254481314,True
17,p2_primary_SLURRY_FLOW_LINE_A_std,1.2580184040780913,0.4955169743428062,True
17,p2_primary_SLURRY_FLOW_LINE_B_auc,3.478179321834607,0.21405792332656165,True
17,p2_primary_SLURRY_FLOW_LINE_B_mean,5.718273496758372,0.2730065985238936,True
17,p2_primary_SLURRY_FLOW_LINE_B_std,2.844166938035697,0.17677669529663698,True
17,p2_primary_SLURRY_FLOW_LINE_C_auc,0.044532268057590356,0.7307829099144729,True
17,p2_primary_SLURRY_FLOW_LINE_C_mean,2.2803875250854126,0.2720045397040416,True
17,p2_primary_SLURRY_FLOW_LINE_C_std,1.726684694090428,0.11667025413563502,True
17,p2_primary_STAGE_ROTATION_mean,1.617027298995499,0.017757203743064397,True
17,p2_primary_USAGE_OF_BACKING_FILM_decreasing,17.0450304382804,-0.17677669529663692,True
17,p2_primary_USAGE_OF_BACKING_FILM_mean,43208.900386298345,0.17424061451084275,True
17,p2_primary_USAGE_OF_BACKING_FILM_std,158.70711026254816,0.15323684083916744,True
17,p2_primary_USAGE_OF_DRESSER_TABLE_decreasing,2.1416670467221386,0.0,True
17,p2_primary_USAGE_OF_DRESSER_TABLE_mean,105.80541139920821,0.2232795521073328,True
17,p2_primary_USAGE_OF_DRESSER_TABLE_std,2.0993608420331387,-0.17677669529663675,True
17,p2_primary_USAGE_OF_DRESSER_decreasing,0.044777526963833914,-0.19995466126123143,False
17,p2_primary_USAGE_OF_DRESSER_mean,24.18857649714525,0.19196675952953846,True
17,p2_primary_USAGE_OF_DRESSER_std,0.3789080000091196,0.17677669529663687,True
17,p2_primary_USAGE_OF_MEMBRANE_decreasing,18.971299602136483,0.19113693833548032,True
17,p2_primary_USAGE_OF_MEMBRANE_mean,42458.42893745201,0.17677669529663684,True
17,p2_primary_USAGE_OF_MEMBRANE_std,328.1053551439573,0.04015104807234286,True
17,p2_primary_USAGE_OF_POLISHING_TABLE_decreasing,1.2485928098211876,0.0685713190566012,False
17,p2_primary_USAGE_OF_POLISHING_TABLE_mean,1.0149208398176486,0.23451882434780089,True
17,p2_primary_USAGE_OF_POLISHING_TABLE_std,1.3229681232063006,-0.21716860713368222,False
17,p2_primary_USAGE_OF_PRESSURIZED_SHEET_decreasing,12.148660868415211,-0.2781150512279106,True
17,p2_primary_USAGE_OF_PRESSURIZED_SHEET_mean,487.62413155939987,0.22809822697260773,True
17,p2_primary_USAGE_OF_PRESSURIZED_SHEET_std,170.4015894212387,0.1602531122518743,True
17,p2_primary_WAFER_ROTATION_mean,0.19693848188531693,0.487247280115996,True
17,p2_primary_duration,6.054720946381865,0.29026874332249125,True
17,p2_secondary_CENTER_AIR_BAG_PRESSURE_auc,4.562113145432541,-0.1624494289966695,True
17,p2_secondary_CENTER_AIR_BAG_PRESSURE_mean,4.573024959065654,0.06959593698520714,True
17,p2_secondary_CENTER_AIR_BAG_PRESSURE_std,0.3972005543382925,-0.2541125924537213,False
17,p2_secondary_DRESSING_WATER_STATUS_auc,2.0219040752746493,0.03960026364301907,True
17,p2_secondary_DRESSING_WATER_STATUS_mean,2.0636724578478605,-0.1724176342600112,True
17,p2_secondary_DRESSING_WATER_STATUS_std,1.2730091769030119,-0.08766057408459793,False
17,p2_secondary_EDGE_AIR_BAG_PRESSURE_auc,2.3592834516827574,0.005730112794855325,True
17,p2_secondary_EDGE_AIR_BAG_PRESSURE_mean,2.2889101519248207,-0.17677669529663687,True
17,p2_secondary_EDGE_AIR_BAG_PRESSURE_std,0.7210488866057971,0.09738378225183426,False
17,p2_secondary_HEAD_ROTATION_mean,0.5661133329597084,-0.11518751655876597,False
17,p2_secondary_MAIN_OUTER_AIR_BAG_PRESSURE_auc,0.3206406400126641,0.21671741052894855,True
17,p2_secondary_MAIN_OUTER_AIR_BAG_PRESSURE_mean,0.2714978055854407,-0.2528982843809044,False
17,p2_secondary_MAIN_OUTER_AIR_BAG_PRESSURE_std,0.3033470002870566,-0.17677669529663687,False
17,p2_secondary_PRESSURIZED_CHAMBER_PRESSURE_auc,1.9084869569475607,-0.09026337461809608,True
17,p2_secondary_PRESSURIZED_CHAMBER_PRESSURE_mean,2.0484378355633157,-0.17237637031052735,True
17,p2_secondary_PRESSURIZED_CHAMBER_PRESSURE_std,0.706423296685625,0.09532339418197476,False
17,p2_secondary_RETAINER_RING_PRESSURE_auc,1.0032296516100492,0.20622453031232815,True
17,p2_secondary_RETAINER_RING_PRESSURE_mean,1.1884654257517155,-0.20714057978576408,False
17,p2_secondary_RETAINER_RING_PRESSURE_std,0.0029999331448146405,0.19793205426025387,True
17,p2_secondary_RIPPLE_AIR_BAG_PRESSURE_auc,0.631544054110114,-0.1767766952966369,False
17,p2_secondary_RIPPLE_AIR_BAG_PRESSURE_mean,0.7804548242616876,-0.2422472209140264,False
17,p2_secondary_RIPPLE_AIR_BAG_PRESSURE_std,0.6172946970234127,-0.1767766952966369,False
17,p2_secondary_SLURRY_FLOW_LINE_A_auc,2.8274101935766454,-0.39439743295289187,True
17,p2_secondary_SLURRY_FLOW_LINE_A_mean,3.099940107096236,0.14964949989677612,True
17,p2_secondary_SLURRY_FLOW_LINE_A_std,0.3990411112541118,-0.12675113366818325,False
17,p2_secondary_SLURRY_FLOW_LINE_B_auc,0.33876398941059066,0.11593615771005167,False
17,p2_secondary_SLURRY_FLOW_LINE_B_mean,0.34954956421089717,0.0,False
17,p2_secondary_SLURRY_FLOW_LINE_B_std,0.32928563824501783,-0.18504431355065631,False
17,p2_secondary_SLURRY_FLOW_LINE_C_auc,1.1708886405958934,0.304735164325215,True
17,p2_secondary_SLURRY_FLOW_LINE_C_mean,1.6335093138200452,-0.10802649986909521,True
17,p2_secondary_SLURRY_FLOW_LINE_C_std,1.1288185123379797,-0.17631600806338713,False
17,p2_secondary_STAGE_ROTATION_mean,0.8256849736497739,0.23997274528960913,True
17,p2_secondary_USAGE_OF_BACKING_FILM_decreasing,42.36044522575259,-0.1767766952966369,True
17,p2_secondary_USAGE_OF_BACKING_FILM_mean,91509.04409912362,0.4234996673291298,True
17,p2_secondary_USAGE_OF_BACKING_FILM_std,242.93578593191683,0.18107957208230202,True
17,p2_secondary_USAGE_OF_DRESSER_TABLE_decreasing,0.9032918010573031,0.0,False
17,p2_secondary_USAGE_OF_DRESSER_TABLE_mean,105.67971928341791,0.2380049672359776,True
17,p2_secondary_USAGE_OF_DRESSER_TABLE_std,0.6668840556551666,0.0,False
17,p2_secondary_USAGE_OF_DRESSER_decreasing,1.0542477743389644,0.0,False
17,p2_secondary_USAGE_OF_DRESSER_mean,24.18947052781063,0.38729939320306167,True
17,p2_secondary_USAGE_OF_DRESSER_std,0.7658241865291904,0.0,False
17,p2_secondary_USAGE_OF_MEMBRANE_decreasing,57.17955528701612,-0.0599782832090693,True
17,p2_secondary_USAGE_OF_MEMBRANE_mean,266331.4054578629,0.26990440559624007,True
17,p2_secondary_USAGE_OF_MEMBRANE_std,329.0645026365442,-0.14662577310948136,True
17,p2_secondary_USAGE_OF_POLISHING_TABLE_decreasing,2.2097562821168646,0.18900143569636466,True
17,p2_secondary_USAGE_OF_POLISHING_TABLE_mean,1.0132720552921441,0.21257968246041292,True
17,p2_secondary_USAGE_OF_POLISHING_TABLE_std,2.2471764658781246,-0.14635449458701658,True
17,p2_secondary_USAGE_OF_PRESSURIZED_SHEET_decreasing,25.905394795958394,0.0,True
17,p2_secondary_USAGE_OF_PRESSURIZED_SHEET_mean,174654.13417976492,0.393731941911789,True
17,p2_secondary_USAGE_OF_PRESSURIZED_SHEET_std,69.85867655396935,0.0,True
17,p2_secondary_WAFER_ROTATION_mean,0.138080551750295,0.1794679283262981,True
17,p2_secondary_duration,0.40338811250342166,0.2388820099259424,True
18,lag_1,3.588945541702092,0.42333842422978063,True
18,lag_2,1.222266701648904,0.4030103684347861,True
18,lag_3,0.10784473144991814,0.29069900012685174,True
18,lag_4,0.8467133578615508,0.26899822131515333,True
18,lag_5,0.6354494441073004,0.27580256830437205,True
18,lag_6,0.8733882684441947,0.11560236945880248,False
18,lag_7,0.4279814911208035,0.32591684455090253,True
18,lag_8,0.5133180326080488,-0.17677669529663695,False
18,lag_9,0.3565642285664353,-0.09326817087346742,False
18,lag_10,1.732101700462817,0.4532396896167346,True
18,lag_11,0.5086756820904218,0.21745391339863404,True
18,neighbor_1,4.435479736321378,0.7580621241352115,True
18,neighbor_2,0.20065455351465708,0.6862800016552757,True
18,neighbor_3,0.6568383455356605,0.11901003941855001,False
18,neighbor_4,0.16183419877312247,0.09292538953957714,False
18,neighbor_5,1.04557091842623,0.2801420640238832,True
18,neighbor_6,1.2786836586536894,0.44483865326828703,True
18,neighbor_7,1.6512522271100605,0.2656771419131438,True
18,neighbor_8,0.21221372426097534,0.11017479979353897,False
18,neighbor_9,0.33087556150346153,0.22281726524140993,True
18,neighbor_10,0.439544443225413,0.1298322588533423,False
18,p2_primary_CENTER_AIR_BAG_PRESSURE_auc,0.7679281028799335,0.7474655449419078,True
18,p2_primary_CENTER_AIR_BAG_PRESSURE_mean,1.2629997908730175,0.2476018153946526,True
18,p2_primary_CENTER_AIR_BAG_PRESSURE_std,1.3548573310866003,0.34869296601409294,True
18,p2_primary_DRESSING_WATER_STATUS_auc,0.32844859381574804,-0.019145933170341998,False
18,p2_primary_DRESSING_WATER_STATUS_mean,1.001477078003854,0.029091352945789645,False
18,p2_primary_DRESSING_WATER_STATUS_std,1.532243069847692,0.35628349788690833,True
18,p2_primary_EDGE_AIR_BAG_PRESSURE_auc,0.9898663203658357,0.3152542414830243,True
18,p2_primary_EDGE_AIR_BAG_PRESSURE_mean,0.5433554737274713,0.22069166911765928,True
18,p2_primary_EDGE_AIR_BAG_PRESSURE_std,0.09858796002316157,0.2244858341502915,True
18,p2_primary_HEAD_ROTATION_mean,1.8753576378400911,0.30858474335807734,True
18,p2_primary_MAIN_OUTER_AIR_BAG_PRESSURE_auc,0.8826812509393124,0.8200701039166108,True
18,p2_primary_MAIN_OUTER_AIR_BAG_PRESSURE_mean,0.9696145117888417,0.254355014511207,True
18,p2_primary_MAIN_OUTER_AIR_BAG_PRESSURE_std,0.8192302229945196,0.1967265436965231,True
18,p2_primary_PRESSURIZED_CHAMBER_PRESSURE_auc,1.279971892382315,0.4023763310636036,True
18,p2_primary_PRESSURIZED_CHAMBER_PRESSURE_mean,0.2041335842523172,0.2840117812319657,True
18,p2_primary_PRESSURIZED_CHAMBER_PRESSURE_std,0.8345222005850408,0.3805961637685584,True
18,p2_primary_RETAINER_RING_PRESSURE_auc,0.49985502080452615,0.20342824241587923,True
18,p2_primary_RETAINER_RING_PRESSURE_mean,0.7820746524352858,0.1773913102738254,True
18,p2_primary_RETAINER_RING_PRESSURE_std,0.27211437222465007,-0.13869544331932693,False
18,p2_primary_RIPPLE_AIR_BAG_PRESSURE_auc,0.5182286011593624,0.4929815282093467,True
18,p2_primary_RIPPLE_AIR_BAG_PRESSURE_mean,0.5795760173901291,-0.03730596885686943,False
18,p2_primary_RIPPLE_AIR_BAG_PRESSURE_std,1.8553570443341536,-0.17677669529663706,True
18,p2_primary_SLURRY_FLOW_LINE_A_auc,1.4746383767986972,0.18639397405648414,True
18,p2_primary_SLURRY_FLOW_LINE_A_mean,0.4551628024249324,0.03484151712117107,False
18,p2_primary_SLURRY_FLOW_LINE_A_std,0.9413200327685104,-0.02443902739201968,False
18,p2_primary_SLURRY_FLOW_LINE_B_auc,1.392077958611924,0.21258103503385056,True
18,p2_primary_SLURRY_FLOW_LINE_B_mean,0.3820257683816057,-0.17677669529663684,False
18,p2_primary_SLURRY_FLOW_LINE_B_std,0.18478454680471845,0.30860130338732805,True
18,p2_primary_SLURRY_FLOW_LINE_C_auc,1.235587987003535,0.31362011499610876,True
18,p2_primary_SLURRY_FLOW_LINE_C_mean,1.1585478332269414,0.27707615303912586,True
18,p2_primary_SLURRY_FLOW_LINE_C_std,0.7313969547522884,0.26024848161384084,True
18,p2_primary_STAGE_ROTATION_mean,0.11809632261473482,0.22547808882320314,True
18,p2_primary_USAGE_OF_BACKING_FILM_decreasing,10.410960152591132,-0.25334455001346934,True
18,p2_primary_USAGE_OF_BACKING_FILM_mean,62030.62500220558,0.2262396771006691,True
18,p2_primary_USAGE_OF_BACKING_FILM_std,83.506062557072,0.0,True
18,p2_primary_USAGE_OF_DRESSER_TABLE_decreasing,0.22511109297199525,0.27668449240112436,True
18,p2_primary_USAGE_OF_DRESSER_TABLE_mean,117.49283687554068,0.278367996275491,True
18,p2_primary_USAGE_OF_DRESSER_TABLE_std,0.11712579365245378,0.17677669529663667,True
18,p2_primary_USAGE_OF_DRESSER_decreasing,0.3378441964056884,-0.1809990531612315,False
18,p2_primary_USAGE_OF_DRESSER_mean,14.77503012203854,0.3736493996906761,True
18,p2_primary_USAGE_OF_DRESSER_std,0.20376626109395107,0.14513050301576255,False
18,p2_primary_USAGE_OF_MEMBRANE_decreasing,19.485738480768077,-0.1767766952966368,True
18,p2_primary_USAGE_OF_MEMBRANE_mean,130921.44618823231,0.24311017844591573,True
18,p2_primary_USAGE_OF_MEMBRANE_std,336.8167371271135,0.2638930225447393,True
18,p2_primary_USAGE_OF_POLISHING_TABLE_decreasing,0.8122481122865798,-0.3128397122145126,False
18,p2_primary_USAGE_OF_POLISHING_TABLE_mean,0.35488928914366574,0.12965483228834596,False
18,p2_primary_USAGE_OF_POLISHING_TABLE_std,0.778471507697506,0.16959160854304875,True
18,p2_primary_USAGE_OF_PRESSURIZED_SHEET_decreasing,16.557174528060617,0.1837920117440756,True
18,p2_primary_USAGE_OF_PRESSURIZED_SHEET_mean,68959.98681152292,0.04030230730640847,True
18,p2_primary_USAGE_OF_PRESSURIZED_SHEET_std,272.7833966594282,0.17345103229272624,True
18,p2_primary_WAFER_ROTATION_mean,1.294915617534869,0.20367249106352475,True
18,p2_primary_duration,1.3054608732060509,-0.15041214471611444,False
18,p2_secondary_CENTER_AIR_BAG_PRESSURE_auc,17.001103408745966,-0.22837415361826116,True
18,p2_secondary_CENTER_AIR_BAG_PRESSURE_mean,15.940148630109013,0.17677669529663687,True
18,p2_secondary_CENTER_AIR_BAG_PRESSURE_std,0.5435024989308139,0.17840313262914226,True
18,p2_secondary_DRESSING_WATER_STATUS_auc,0.8460179675641146,0.3337868473088944,True
18,p2_secondary_DRESSING_WATER_STATUS_mean,0.8884318597717238,0.24937759755101677,True
18,p2_secondary_DRESSING_WATER_STATUS_std,0.4932439267854898,0.14792836681948807,False
18,p2_secondary_EDGE_AIR_BAG_PRESSURE_auc,1.6952561764957081,0.1767766952966369,True
18,p2_secondary_EDGE_AIR_BAG_PRESSURE_mean,1.6987777615760908,0.0,True
18,p2_secondary_EDGE_AIR_BAG_PRESSURE_std,0.6057629330163061,-0.17677669529663695,False
18,p2_secondary_HEAD_ROTATION_mean,0.7952116789635785,-0.01183342985584119,False
18,p2_secondary_MAIN_OUTER_AIR_BAG_PRESSURE_auc,0.7976424770564717,0.0,False
18,p2_secondary_MAIN_OUTER_AIR_BAG_PRESSURE_mean,0.9205811398026412,0.0,False
18,p2_secondary_MAIN_OUTER_AIR_BAG_PRESSURE_std,0.907959513582045,-0.049576726685358785,False
18,p2_secondary_PRESSURIZED_CHAMBER_PRESSURE_auc,1.246449051336646,0.17446703821790313,True
18,p2_secondary_PRESSURIZED_CHAMBER_PRESSURE_mean,1.4738074894775475,0.18323265994322405,True
18,p2_secondary_PRESSURIZED_CHAMBER_PRESSURE_std,0.2176147618967053,0.29986621970671967,True
18,p2_secondary_RETAINER_RING_PRESSURE_auc,1.3383049110427485,-0.07175563310741992,False
18,p2_secondary_RETAINER_RING_PRESSURE_mean,0.35110049972532015,0.3117432088536458,True
18,p2_secondary_RETAINER_RING_PRESSURE_std,0.18637909997676252,0.2161726129339827,True
18,p2_secondary_RIPPLE_AIR_BAG_PRESSURE_auc,6.782363435027426,0.17937853338627954,True
18,p2_secondary_RIPPLE_AIR_BAG_PRESSURE_mean,6.262164185284114,0.2557782040923089,True
18,p2_secondary_RIPPLE_AIR_BAG_PRESSURE_std,0.7789063801454688,-0.1767766952966368,False
18,p2_secondary_SLURRY_FLOW_LINE_A_auc,3.055605387395472,0.1854836673595873,True
18,p2_secondary_SLURRY_FLOW_LINE_A_mean,2.0981320360890288,-0.0500317922447306,True
18,p2_secondary_SLURRY_FLOW_LINE_A_std,1.1148562976661982,0.21116590095744606,True
18,p2_secondary_SLURRY_FLOW_LINE_B_auc,1.9406997670586934,0.24358130209140638,True
18,p2_secondary_SLURRY_FLOW_LINE_B_mean,1.8599352218198606,0.04597068629123108,True
18,p2_secondary_SLURRY_FLOW_LINE_B_std,0.4251566521549756,-0.17677669529663687,False
18,p2_secondary_SLURRY_FLOW_LINE_C_auc,0.2976824887956161,0.07989835703193257,False
18,p2_secondary_SLURRY_FLOW_LINE_C_mean,0.03143374987019633,0.1288363457338563,False
18,p2_secondary_SLURRY_FLOW_LINE_C_std,0.22194683929874076,0.11694431130819573,False
18,p2_secondary_STAGE_ROTATION_mean,1.4412477600043476,-0.07237069157561776,False
18,p2_secondary_USAGE_OF_BACKING_FILM_decreasing,2.9237974797447115,-0.17677669529663692,True
18,p2_secondary_USAGE_OF_BACKING_FILM_mean,25923.68825772383,0.20773457641890586,True
18,p2_secondary_USAGE_OF_BACKING_FILM_std,15.82170144100228,0.24935630544555498,True
18,p2_secondary_USAGE_OF_DRESSER_TABLE_decreasing,1.7346625866738932,0.0,True
18,p2_secondary_USAGE_OF_DRESSER_TABLE_mean,117.67669321697628,0.323326897879273,True
18,p2_secondary_USAGE_OF_DRESSER_TABLE_std,1.6848559193364347,0.0,True
18,p2_secondary_USAGE_OF_DRESSER_decreasing,0.42194684071458133,0.0,False
18,p2_secondary_USAGE_OF_DRESSER_mean,14.746304616450669,0.7086663331294315,True
18,p2_secondary_USAGE_OF_DRESSER_std,0.2088977729171298,0.0,False
18,p2_secondary_USAGE_OF_MEMBRANE_decreasing,755.32561622485,-0.05635088054653752,True
18,p2_secondary_USAGE_OF_MEMBRANE_mean,8905.765537253628,0.17719464937147378,True
18,p2_secondary_USAGE_OF_MEMBRANE_std,4076.6192147675456,0.06360075249529905,True
18,p2_secondary_USAGE_OF_POLISHING_TABLE_decreasing,0.9696068637973734,0.31021909070514925,True
18,p2_secondary_USAGE_OF_POLISHING_TABLE_mean,0.37499977791979083,0.3074136710026789,True
18,p2_secondary_USAGE_OF_POLISHING_TABLE_std,1.030694193805521,0.3101604490502035,True
18,p2_secondary_USAGE_OF_PRESSURIZED_SHEET_decreasing,674.411074166137,-0.21058827567304125,True
18,p2_secondary_USAGE_OF_PRESSURIZED_SHEET_mean,17013.861081558738,0.17677669529663692,True
18,p2_secondary_USAGE_OF_PRESSURIZED_SHEET_std,3855.150288437289,-0.1767766952966369,True
18,p2_secondary_WAFER_ROTATION_mean,0.3888222407714289,-0.1475074726737747,False
18,p2_secondary_duration,1.1671073532484615,-0.05091821464170117,False
19,lag_1,2.353758813675053,0.6700790258374925,True
19,lag_2,0.5122158975294384,0.404831633721612,True
19,lag_3,0.5519065227606074,0.13351151289287533,False
19,lag_4,1.6491395149274537,0.0628716735103198,True
19,lag_5,0.8256430290442286,-0.0035848942570762227,False
19,lag_6,0.6960063683665683,0.2144454412069111,True
19,lag_7,0.4176982713511214,0.36728538706526326,True
19,lag_8,0.8219868042041176,0.2500486677215493,True
19,lag_9,0.3020788260724418,0.39020659023330817,True
19,lag_10,1.5389123665635998,-0.16245172134597163,True
19,lag_11,1.4410228571097776,0.3323239732461755,True
19,neighbor_1,4.94277041564698,0.7916379438925856,True
19,neighbor_2,1.1355799658342627,0.7431059339050646,True
19,neighbor_3,1.1033933750198002,0.339550385308501,True
19,neighbor_4,1.278774167788685,0.3197086137118976,True
19,neighbor_5,1.8409510568116607,0.2914908391211831,True
19,neighbor_6,1.1283892458921396,0.1090198847414795,False
19,neighbor_7,0.5914746531746556,0.2264846775241071,True
19,neighbor_8,1.1860201101305317,-0.18297194516686147,False
19,neighbor_9,1.5371939568738184,-0.17222993015179844,True
19,neighbor_10,1.3454789204682354,-0.1322911472875649,False
19,p2_primary_CENTER_AIR_BAG_PRESSURE_auc,0.9453716695243721,1.3926892134401965,True
19,p2_primary_CENTER_AIR_BAG_PRESSURE_mean,0.5212938787321597,0.37415439151479757,True
19,p2_primary_CENTER_AIR_BAG_PRESSURE_std,0.6966603135599055,0.15760884043630302,True
19,p2_primary_DRESSING_WATER_STATUS_auc,0.4840784125826819,0.012673009100233612,False
19,p2_primary_DRESSING_WATER_STATUS_mean,0.0874387804980265,0.22678105974611118,True
19,p2_primary_DRESSING_WATER_STATUS_std,0.8687849852594817,0.2146026908346143,True
19,p2_primary_EDGE_AIR_BAG_PRESSURE_auc,1.5965828943354063,0.29523828298732635,True
19,p2_primary_EDGE_AIR_BAG_PRESSURE_mean,0.8749614422552939,-0.23972239886049718,False
19,p2_primary_EDGE_AIR_BAG_PRESSURE_std,0.13666293966996432,0.34639962259973567,True
19,p2_primary_HEAD_ROTATION_mean,1.1917051753171677,0.1386115729464623,False
19,p2_primary_MAIN_OUTER_AIR_BAG_PRESSURE_auc,0.617983811745303,0.5339139859945394,True
19,p2_primary_MAIN_OUTER_AIR_BAG_PRESSURE_mean,0.6136783144379875,0.4918305041577049,True
19,p2_primary_MAIN_OUTER_AIR_BAG_PRESSURE_std,0.7557315901101705,0.4357921015183001,True
19,p2_primary_PRESSURIZED_CHAMBER_PRESSURE_auc,1.1520406663837506,0.4415286912383804,True
19,p2_primary_PRESSURIZED_CHAMBER_PRESSURE_mean,0.36727306733369924,-0.1605130567571807,False
19,p2_primary_PRESSURIZED_CHAMBER_PRESSURE_std,1.535593909514442,0.20980042849891142,True
19,p2_primary_RETAINER_RING_PRESSURE_auc,0.4429807153156042,-0.13252045669417262,False
19,p2_primary_RETAINER_RING_PRESSURE_mean,0.9274451930156623,0.3888143645298473,True
19,p2_primary_RETAINER_RING_PRESSURE_std,0.8290937505118819,-0.0774330528713397,False
19,p2_primary_RIPPLE_AIR_BAG_PRESSURE_auc,0.2648561688167467,0.3257431395052343,True
19,p2_primary_RIPPLE_AIR_BAG_PRESSURE_mean,0.05484684341256,0.33021863887525504,True
19,p2_primary_RIPPLE_AIR_BAG_PRESSURE_std,1.2385767085845263,0.27598955693566907,True
19,p2_primary_SLURRY_FLOW_LINE_A_auc,0.8523229920411024,0.47322587456561804,True
19,p2_primary_SLURRY_FLOW_LINE_A_mean,0.3088821157614138,-0.0664283508085777,False
19,p2_primary_SLURRY_FLOW_LINE_A_std,0.938940541794908,0.4274670860550482,True
19,p2_primary_SLURRY_FLOW_LINE_B_auc,0.6696646681376838,0.17677669529663684,True
19,p2_primary_SLURRY_FLOW_LINE_B_mean,2.85337109150681,-0.1767766952966369,True
19,p2_primary_SLURRY_FLOW_LINE_B_std,0.8352500612018593,-0.22445778899525576,False
19,p2_primary_SLURRY_FLOW_LINE_C_auc,0.9254676249351791,0.7386833282188054,True
19,p2_primary_SLURRY_FLOW_LINE_C_mean,0.3669727021578189,0.42110811223280975,True
19,p2_primary_SLURRY_FLOW_LINE_C_std,1.6935025942352688,-0.0529136239680702,True
19,p2_primary_STAGE_ROTATION_mean,0.7989993516826843,0.21890974654890133,True
19,p2_primary_USAGE_OF_BACKING_FILM_decreasing,18.349517887823918,-0.2143130085851149,True
19,p2_primary_USAGE_OF_BACKING_FILM_mean,247767.2007705476,-0.02771744710274301,True
19,p2_primary_USAGE_OF_BACKING_FILM_std,152.44272798641472,-0.042360290860303046,True
19,p2_primary_USAGE_OF_DRESSER_TABLE_decreasing,1.0448170154860301,-0.21046216525712447,False
19,p2_primary_USAGE_OF_DRESSER_TABLE_mean,210.6570360991621,0.3629683809783609,True
19,p2_primary_USAGE_OF_DRESSER_TABLE_std,1.1033302425192497,-0.13401515547105178,False
19,p2_primary_USAGE_OF_DRESSER_decreasing,0.6076340660391165,0.2310039581977393,True
19,p2_primary_USAGE_OF_DRESSER_mean,15.755356137390041,0.36195457072422726,True
19,p2_primary_USAGE_OF_DRESSER_std,0.26323285633815074,-0.21417577733781,False
19,p2_primary_USAGE_OF_MEMBRANE_decreasing,16.85169251059733,-0.176018266586718,True
19,p2_primary_USAGE_OF_MEMBRANE_mean,190039.48532012562,0.21913034689165703,True
19,p2_primary_USAGE_OF_MEMBRANE_std,273.2946131014246,0.18801106282528857,True
19,p2_primary_USAGE_OF_POLISHING_TABLE_decreasing,0.7395596712459261,-0.38073138259900385,False
19,p2_primary_USAGE_OF_POLISHING_TABLE_mean,0.2131583275921789,0.44726612277991806,True
19,p2_primary_USAGE_OF_POLISHING_TABLE_std,0.7537556159493537,0.324980362274372,True
19,p2_primary_USAGE_OF_PRESSURIZED_SHEET_decreasing,9.414339218646003,0.10830953795053039,True
19,p2_primary_USAGE_OF_PRESSURIZED_SHEET_mean,57908.67678829539,-0.17677669529663695,True
19,p2_primary_USAGE_OF_PRESSURIZED_SHEET_std,128.39193213865286,0.18514588523163805,True
19,p2_primary_WAFER_ROTATION_mean,0.1905876200682188,0.4943126923891941,True
19,p2_primary_duration,3.1798978181852866,-0.24191582830700423,True
19,p2_secondary_CENTER_AIR_BAG_PRESSURE_auc,5.729780179303146,0.1767766952966369,True
19,p2_secondary_CENTER_AIR_BAG_PRESSURE_mean,4.9284767117179005,-0.2358178578660758,True
19,p2_secondary_CENTER_AIR_BAG_PRESSURE_std,1.8031634958288498,0.17677669529663687,True
19,p2_secondary_DRESSING_WATER_STATUS_auc,1.513486392326221,-0.2295364870995533,True
19,p2_secondary_DRESSING_WATER_STATUS_mean,1.5805682531769571,0.2350743674319774,True
19,p2_secondary_DRESSING_WATER_STATUS_std,0.0637084555987647,0.21057008117511086,True
19,p2_secondary_EDGE_AIR_BAG_PRESSURE_auc,0.5386133564415929,-0.12395297269744347,False
19,p2_secondary_EDGE_AIR_BAG_PRESSURE_mean,0.4996189997841703,0.11802673801439145,False
19,p2_secondary_EDGE_AIR_BAG_PRESSURE_std,1.1391855122050125,0.23350773579773138,True
19,p2_secondary_HEAD_ROTATION_mean,0.03603409114765571,-0.18426033941196424,False
19,p2_secondary_MAIN_OUTER_AIR_BAG_PRESSURE_auc,1.5310878267489547,0.23236392981124232,True
19,p2_secondary_MAIN_OUTER_AIR_BAG_PRESSURE_mean,1.5259423895203281,0.14481975227059962,True
19,p2_secondary_MAIN_OUTER_AIR_BAG_PRESSURE_std,0.005151275658569425,-0.17677669529663692,False
19,p2_secondary_PRESSURIZED_CHAMBER_PRESSURE_auc,1.8381710196381649,-0.1016277095378133,True
19,p2_secondary_PRESSURIZED_CHAMBER_PRESSURE_mean,1.7823551371609268,-0.22015644109095997,True
19,p2_secondary_PRESSURIZED_CHAMBER_PRESSURE_std,0.32364403316536067,0.06061898331180626,False
19,p2_secondary_RETAINER_RING_PRESSURE_auc,0.8816996107662332,-0.02952926657067982,False
19,p2_secondary_RETAINER_RING_PRESSURE_mean,1.0241936584604505,-0.1743508331703728,False
19,p2_secondary_RETAINER_RING_PRESSURE_std,0.1414373573838358,0.04869628763189172,False
19,p2_secondary_RIPPLE_AIR_BAG_PRESSURE_auc,0.20111253281898106,0.21068229411263295,True
19,p2_secondary_RIPPLE_AIR_BAG_PRESSURE_mean,0.2874312548481515,0.06244594591191003,False
19,p2_secondary_RIPPLE_AIR_BAG_PRESSURE_std,0.8359350670382113,0.24309843667834716,True
19,p2_secondary_SLURRY_FLOW_LINE_A_auc,0.551810282235238,0.21130445180416924,True
19,p2_secondary_SLURRY_FLOW_LINE_A_mean,1.2217694593277555,0.0005680390057108925,False
19,p2_secondary_SLURRY_FLOW_LINE_A_std,1.5644281154944633,0.16326735425634303,True
19,p2_secondary_SLURRY_FLOW_LINE_B_auc,0.01618556461547985,-0.30502999180030893,False
19,p2_secondary_SLURRY_FLOW_LINE_B_mean,0.03045696426583683,0.0,False
19,p2_secondary_SLURRY_FLOW_LINE_B_std,0.38983544734338127,-0.1684653246517385,False
19,p2_secondary_SLURRY_FLOW_LINE_C_auc,0.46219939222420375,-0.18823417823349703,False
19,p2_secondary_SLURRY_FLOW_LINE_C_mean,0.7772304022347385,0.279373574371446,True
19,p2_secondary_SLURRY_FLOW_LINE_C_std,1.636503226573793,0.2100533808579755,True
19,p2_secondary_STAGE_ROTATION_mean,1.2763172019595315,0.10480201803107468,False
19,p2_secondary_USAGE_OF_BACKING_FILM_decreasing,41.46393373319549,-0.17677669529663692,True
19,p2_secondary_USAGE_OF_BACKING_FILM_mean,63802.690626800846,0.0,True
19,p2_secondary_USAGE_OF_BACKING_FILM_std,200.68085699212028,0.0,True
19,p2_secondary_USAGE_OF_DRESSER_TABLE_decreasing,2.193872207931527,0.0,True
19,p2_secondary_USAGE_OF_DRESSER_TABLE_mean,209.9105119458028,0.23852350099603833,True
19,p2_secondary_USAGE_OF_DRESSER_TABLE_std,2.3746550626203096,0.0,True
19,p2_secondary_USAGE_OF_DRESSER_decreasing,0.3619824584732997,0.0,False
19,p2_secondary_USAGE_OF_DRESSER_mean,15.68719292651352,0.20391205073059457,True
19,p2_secondary_USAGE_OF_DRESSER_std,0.07264162360350619,0.0,False
19,p2_secondary_USAGE_OF_MEMBRANE_decreasing,59.00038241839509,0.11293540017970571,True
19,p2_secondary_USAGE_OF_MEMBRANE_mean,181103.62171424943,0.10938656740325627,True
19,p2_secondary_USAGE_OF_MEMBRANE_std,189.36959716428137,0.14480451824991844,True
19,p2_secondary_USAGE_OF_POLISHING_TABLE_decreasing,0.7960509317879765,0.006051595791016805,False
19,p2_secondary_USAGE_OF_POLISHING_TABLE_mean,0.2318778277813059,0.43624003103974807,True
19,p2_secondary_USAGE_OF_POLISHING_TABLE_std,0.8321058272370285,-0.17766489639467412,False
19,p2_secondary_USAGE_OF_PRESSURIZED_SHEET_decreasing,22.550289911556675,-0.17677669529663692,True
19,p2_secondary_USAGE_OF_PRESSURIZED_SHEET_mean,117362.9307282659,0.1949756545325242,True
19,p2_secondary_USAGE_OF_PRESSURIZED_SHEET_std,74.01236145285661,0.022386651366874493,True
19,p2_secondary_WAFER_ROTATION_mean,0.3916984910262472,-0.1688397562932246,False
19,p2_secondary_duration,0.6446664021749421,0.08448443590766526,False
