fold,feature,t_abs,oob_importance,selected
0,lag_1,1.0089372104757082,0.4952914000423129,True
0,lag_2,0.47224644606437355,0.5783324115810523,True
0,lag_3,0.22453144354370214,0.256568808035063,True
0,lag_4,2.3594377079661406,0.18340479469337986,True
0,lag_5,1.0910096053315457,0.22566987253174853,True
0,lag_6,0.8359701348915936,-0.3408635680325318,False
0,lag_7,1.7003727976488183,0.09344767589672942,True
0,lag_8,0.1610931664218915,0.21682437916199954,True
0,lag_9,1.0633702701618233,-0.22920950442662683,False
0,lag_10,1.7218598316577345,0.03161600047605415,True
0,lag_11,1.0964590062434896,0.17819747401230654,True
0,neighbor_1,11.05192990817469,2.2696623921735393,True
0,neighbor_2,4.066397591221863,0.4561529732448859,True
0,neighbor_3,0.30077670217376995,0.21052777063233616,True
0,neighbor_4,0.02267746148452713,0.009052932245859067,False
0,neighbor_5,0.6354572012079264,0.31019658880186934,True
0,neighbor_6,1.2167606184887567,0.19204801762955087,True
0,neighbor_7,0.05927788772757488,0.16018516387734083,True
0,neighbor_8,2.680584675574048,0.5087053044479415,True
0,neighbor_9,0.9813602159986765,0.450343107600283,True
0,neighbor_10,0.4497470481013507,-0.1469429566177282,False
0,p2_primary_CENTER_AIR_BAG_PRESSURE_auc,1.4524784011212328,0.1882893987836391,True
0,p2_primary_CENTER_AIR_BAG_PRESSURE_mean,1.147664338553694,0.2950741705007935,True
0,p2_primary_CENTER_AIR_BAG_PRESSURE_std,1.8443831245535516,0.34158233449586456,True
0,p2_primary_DRESSING_WATER_STATUS_auc,1.6873481672789878,0.12845240679991426,True
0,p2_primary_DRESSING_WATER_STATUS_mean,2.204502191710453,0.20822438604103444,True
0,p2_primary_DRESSING_WATER_STATUS_std,1.3802760492818358,0.11895982934384634,False
0,p2_primary_EDGE_AIR_BAG_PRESSURE_auc,0.8548647417660226,0.20161938553666922,True
0,p2_primary_EDGE_AIR_BAG_PRESSURE_mean,0.7219163410279824,0.19135186674141774,True
0,p2_primary_EDGE_AIR_BAG_PRESSURE_std,0.9097692532858941,0.46881153191283176,True
0,p2_primary_HEAD_ROTATION_mean,0.004611682070928363,-0.256562759465412,False
0,p2_primary_MAIN_OUTER_AIR_BAG_PRESSURE_auc,1.1848140368224969,0.20426963179294394,True
0,p2_primary_MAIN_OUTER_AIR_BAG_PRESSURE_mean,0.9622744021298387,0.0,False
0,p2_primary_MAIN_OUTER_AIR_BAG_PRESSURE_std,1.4632834197804687,0.16684869092273025,True
0,p2_primary_PRESSURIZED_CHAMBER_PRESSURE_auc,0.0410174591441439,0.7237911455488737,True
0,p2_primary_PRESSURIZED_CHAMBER_PRESSURE_mean,1.7304966949678746,0.3435058341497975,True
0,p2_primary_PRESSURIZED_CHAMBER_PRESSURE_std,0.46399417485190336,-0.1240578326869055,False
0,p2_primary_RETAINER_RING_PRESSURE_auc,1.0096569766223102,0.14401431766793593,False
0,p2_primary_RETAINER_RING_PRESSURE_mean,1.418560625427085,-0.08055630723196208,False
0,p2_primary_RETAINER_RING_PRESSURE_std,1.645685113716572,-0.3421558831044397,True
0,p2_primary_RIPPLE_AIR_BAG_PRESSURE_auc,1.2358166033462035,0.09916066964080626,False
0,p2_primary_RIPPLE_AIR_BAG_PRESSURE_mean,0.6529180338033922,0.30763901759884443,True
0,p2_primary_RIPPLE_AIR_BAG_PRESSURE_std,0.4858407465931319,-0.1587218544533223,False
0,p2_primary_SLURRY_FLOW_LINE_A_auc,1.2436370598134152,0.9028142393840811,True
0,p2_primary_SLURRY_FLOW_LINE_A_mean,0.525069957476371,0.43379358125250883,True
0,p2_primary_SLURRY_FLOW_LINE_A_std,1.2729635471855485,0.3093063547652151,True
0,p2_primary_SLURRY_FLOW_LINE_B_auc,0.12280691034874867,0.13103328600052025,False
0,p2_primary_SLURRY_FLOW_LINE_B_mean,0.7480832458107818,-0.09832308618783936,False
0,p2_primary_SLURRY_FLOW_LINE_B_std,0.7811546232123785,-0.13774083106580642,False
0,p2_primary_SLURRY_FLOW_LINE_C_auc,0.4982321582262993,0.21813096891711198,True
0,p2_primary_SLURRY_FLOW_LINE_C_mean,1.2403664495837294,-0.061800678974808516,False
0,p2_primary_SLURRY_FLOW_LINE_C_std,0.15242129073020513,0.2940795675798078,True
0,p2_primary_STAGE_ROTATION_mean,0.7495293198576387,0.1277534249491459,False
0,p2_primary_USAGE_OF_BACKING_FILM_decreasing,1.2717515274891724,-0.1767766952966369,False
0,p2_primary_USAGE_OF_BACKING_FILM_mean,7353.376254256397,0.30027141194189616,True
0,p2_primary_USAGE_OF_BACKING_FILM_std,1.3624832671005283,0.224174351806472,True
0,p2_primary_USAGE_OF_DRESSER_TABLE_decreasing,0.9026602715456744,-0.22792490250494196,False
0,p2_primary_USAGE_OF_DRESSER_TABLE_mean,2.461967483204554,0.38566972026217866,True
0,p2_primary_USAGE_OF_DRESSER_TABLE_std,0.7335561335347416,0.03902508759518101,False
0,p2_primary_USAGE_OF_DRESSER_decreasing,0.2342159708278625,-0.21210451365304503,False
0,p2_primary_USAGE_OF_DRESSER_mean,1.497422379290135,0.5475897701688504,True
0,p2_primary_USAGE_OF_DRESSER_std,0.013030385912277013,0.35860367439458196,True
0,p2_primary_USAGE_OF_MEMBRANE_decreasing,5.3835335238654265,-0.307166134884599,True
0,p2_primary_USAGE_OF_MEMBRANE_mean,26130.176814943992,0.23584847998259117,True
0,p2_primary_USAGE_OF_MEMBRANE_std,4.835023965259043,0.0790910468204235,True
0,p2_primary_USAGE_OF_POLISHING_TABLE_decreasing,1.4048668417058916,-0.14120045154991298,False
0,p2_primary_USAGE_OF_POLISHING_TABLE_mean,0.10733626109435615,-0.25284014975580815,False
0,p2_primary_USAGE_OF_POLISHING_TABLE_std,1.3169994971166497,0.010563380125258584,False
0,p2_primary_USAGE_OF_PRESSURIZED_SHEET_decreasing,3.2527241854271782,-0.14145459128162682,True
0,p2_primary_USAGE_OF_PRESSURIZED_SHEET_mean,33499.330090513504,0.1767766952966368,True
0,p2_primary_USAGE_OF_PRESSURIZED_SHEET_std,3.29117252890242,-0.05379726023875643,True
0,p2_primary_WAFER_ROTATION_mean,1.2731832281802877,-0.06398880328461289,False
0,p2_primary_duration,0.026725415818569815,0.173843390892342,True
0,p2_secondary_CENTER_AIR_BAG_PRESSURE_auc,1.0980979008111502,0.0,False
0,p2_secondary_CENTER_AIR_BAG_PRESSURE_mean,0.5177670609507549,0.1676186865045016,True
0,p2_secondary_CENTER_AIR_BAG_PRESSURE_std,2.871523514775834,0.0,True
0,p2_secondary_DRESSING_WATER_STATUS_auc,0.6463058606840457,-0.24075318112535338,False
0,p2_secondary_DRESSING_WATER_STATUS_mean,0.6259982950261023,-0.25638347176720583,False
0,p2_secondary_DRESSING_WATER_STATUS_std,0.08895858802176557,-0.13151268486139642,False
0,p2_secondary_EDGE_AIR_BAG_PRESSURE_auc,0.6557996558182031,0.17677669529663662,True
0,p2_secondary_EDGE_AIR_BAG_PRESSURE_mean,0.09937786845924951,0.22455005231557343,True
0,p2_secondary_EDGE_AIR_BAG_PRESSURE_std,4.443430374819835,0.04111817224221133,True
0,p2_secondary_HEAD_ROTATION_mean,0.019551354383835685,0.13198299179001166,False
0,p2_secondary_MAIN_OUTER_AIR_BAG_PRESSURE_auc,0.39417474659929985,0.23727127849193339,True
0,p2_secondary_MAIN_OUTER_AIR_BAG_PRESSURE_mean,0.2541175002185481,-0.24254865884692065,False
0,p2_secondary_MAIN_OUTER_AIR_BAG_PRESSURE_std,1.0729691934417418,0.1327293048525009,False
0,p2_secondary_PRESSURIZED_CHAMBER_PRESSURE_auc,1.310716151397453,-0.24845151903533735,False
0,p2_secondary_PRESSURIZED_CHAMBER_PRESSURE_mean,0.3520276110698823,0.060051027408751005,False
0,p2_secondary_PRESSURIZED_CHAMBER_PRESSURE_std,4.143491823203107,0.20923354719133397,True
0,p2_secondary_RETAINER_RING_PRESSURE_auc,1.253895647766185,-0.14318989685563863,False
0,p2_secondary_RETAINER_RING_PRESSURE_mean,0.8754414935989323,0.22356308916837153,True
0,p2_secondary_RETAINER_RING_PRESSURE_std,2.146198215059414,0.16720399350805504,True
0,p2_secondary_RIPPLE_AIR_BAG_PRESSURE_auc,0.3950539242823407,0.00011694966387127731,False
0,p2_secondary_RIPPLE_AIR_BAG_PRESSURE_mean,0.15077213558064953,0.23016982542670528,True
0,p2_secondary_RIPPLE_AIR_BAG_PRESSURE_std,1.2105986035888083,-0.0703362858878523,False
0,p2_secondary_SLURRY_FLOW_LINE_A_auc,1.2845239448285741,0.20525680939707014,True
0,p2_secondary_SLURRY_FLOW_LINE_A_mean,1.1404857451300912,0.26173746300619505,True
0,p2_secondary_SLURRY_FLOW_LINE_A_std,1.3209353100311207,-0.08455030775505541,False
0,p2_secondary_SLURRY_FLOW_LINE_B_auc,1.6013872155418905,-0.3154483976690872,True
0,p2_secondary_SLURRY_FLOW_LINE_B_mean,1.6909018497846389,-0.1582001044722213,True
0,p2_secondary_SLURRY_FLOW_LINE_B_std,0.3226810319900535,0.06129307236634321,False
0,p2_secondary_SLURRY_FLOW_LINE_C_auc,2.0512497293486014,0.27296352737918866,True
0,p2_secondary_SLURRY_FLOW_LINE_C_mean,2.045424797980605,-0.12664453906693715,True
0,p2_secondary_SLURRY_FLOW_LINE_C_std,1.4814523773984407,0.10648256881002828,False
0,p2_secondary_STAGE_ROTATION_mean,0.1180197935425164,0.04162742929451512,False
0,p2_secondary_USAGE_OF_BACKING_FILM_decreasing,13.601755231689319,-0.1767766952966369,True
0,p2_secondary_USAGE_OF_BACKING_FILM_mean,8900.445018957425,0.0,True
0,p2_secondary_USAGE_OF_BACKING_FILM_std,12.13585232916972,-0.2505948227446708,True
0,p2_secondary_USAGE_OF_DRESSER_TABLE_decreasing,0.9562289271975211,0.0,False
0,p2_secondary_USAGE_OF_DRESSER_TABLE_mean,2.479719224300899,0.3373811213101144,True
0,p2_secondary_USAGE_OF_DRESSER_TABLE_std,0.41247974186686365,0.0,False
0,p2_secondary_USAGE_OF_DRESSER_decreasing,0.24147176339129564,0.0,False
0,p2_secondary_USAGE_OF_DRESSER_mean,1.500345843280514,0.02982760837829945,True
0,p2_secondary_USAGE_OF_DRESSER_std,0.26547394045720857,0.0,False
0,p2_secondary_USAGE_OF_MEMBRANE_decreasing,404.7697923170305,0.0,True
0,p2_secondary_USAGE_OF_MEMBRANE_mean,11283.154459296356,0.26098169399485394,True
0,p2_secondary_USAGE_OF_MEMBRANE_std,457.21642201480535,-0.1767766952966369,True
0,p2_secondary_USAGE_OF_POLISHING_TABLE_decreasing,0.04592481037352422,0.0,False
0,p2_secondary_USAGE_OF_POLISHING_TABLE_mean,0.10565661655287908,-0.0456646923928544,False
0,p2_secondary_USAGE_OF_POLISHING_TABLE_std,0.23383476009200524,-0.1691746731070935,False
0,p2_secondary_USAGE_OF_PRESSURIZED_SHEET_decreasing,239.64862670804973,0.17677669529663678,True
0,p2_secondary_USAGE_OF_PRESSURIZED_SHEET_mean,20197.48140445702,0.24095923312377165,True
0,p2_secondary_USAGE_OF_PRESSURIZED_SHEET_std,277.1815011255614,0.0,True
0,p2_secondary_WAFER_ROTATION_mean,0.32523039746536686,0.25400771769793273,True
0,p2_secondary_duration,0.7343932276282127,-0.25813671741876465,False
1,lag_1,0.893521717296557,0.5953279089029546,True
1,lag_2,0.5015415965299596,0.35968588530138484,True
1,lag_3,1.148423500046304,0.09066094500577157,False
1,lag_4,1.3047341130373709,0.526764994734472,True
1,lag_5,1.4294888327379915,0.22633393108646263,True
1,lag_6,1.876082459827203,0.2894294555544926,True
1,lag_7,2.7520796179026483,0.07206455003620524,True
1,lag_8,0.16699637747319585,0.11441030379026561,False
1,lag_9,1.8368455475869745,0.2502531672570617,True
1,lag_10,0.3206237759375887,0.13086505746063368,False
1,lag_11,0.5962403633667809,0.2451673050768489,True
1,neighbor_1,9.1673865450957,2.899350808562829,True
1,neighbor_2,1.896484979936257,0.49053760838383803,True
1,neighbor_3,2.5117736245697486,0.16958893805420663,True
1,neighbor_4,0.7715452431569825,0.14033857450252704,False
1,neighbor_5,0.6519863084716381,0.4348450472524261,True
1,neighbor_6,0.6875641056365513,0.2534438657139672,True
1,neighbor_7,1.7736950827129445,0.04190305725175811,True
1,neighbor_8,0.6048733095568631,0.15000698155417586,True
1,neighbor_9,1.4627876292827473,0.25309908436099465,True
1,neighbor_10,0.48241554186720237,-0.015660689240623006,False
1,p2_primary_CENTER_AIR_BAG_PRESSURE_auc,0.4039857805079732,0.2860395678620497,True
1,p2_primary_CENTER_AIR_BAG_PRESSURE_mean,0.44955794367585544,0.2923998553651383,True
1,p2_primary_CENTER_AIR_BAG_PRESSURE_std,0.709151830209405,0.3945360456857535,True
1,p2_primary_DRESSING_WATER_STATUS_auc,1.2224518437705671,0.3381656561145304,True
1,p2_primary_DRESSING_WATER_STATUS_mean,1.647610181333443,0.31963414513240296,True
1,p2_primary_DRESSING_WATER_STATUS_std,1.0729599653238249,0.2681815048749391,True
1,p2_primary_EDGE_AIR_BAG_PRESSURE_auc,0.11499065530299322,0.20268403993379977,True
1,p2_primary_EDGE_AIR_BAG_PRESSURE_mean,0.7998525140547622,0.21770641327614718,True
1,p2_primary_EDGE_AIR_BAG_PRESSURE_std,1.5986011858126215,0.21599356229154615,True
1,p2_primary_HEAD_ROTATION_mean,1.1868561044546122,0.1203440663831528,False
1,p2_primary_MAIN_OUTER_AIR_BAG_PRESSURE_auc,0.27540642418866795,0.24627656560785288,True
1,p2_primary_MAIN_OUTER_AIR_BAG_PRESSURE_mean,0.6103266435151078,0.1738764589629582,True
1,p2_primary_MAIN_OUTER_AIR_BAG_PRESSURE_std,0.08861998462115138,0.04303840956528926,False
1,p2_primary_PRESSURIZED_CHAMBER_PRESSURE_auc,1.1582651902572887,0.8727964128545158,True
1,p2_primary_PRESSURIZED_CHAMBER_PRESSURE_mean,3.064180634244541,0.36501371019207973,True
1,p2_primary_PRESSURIZED_CHAMBER_PRESSURE_std,0.8935246127965057,0.0589370489623694,False
1,p2_primary_RETAINER_RING_PRESSURE_auc,0.778592526022723,0.13980730992069104,False
1,p2_primary_RETAINER_RING_PRESSURE_mean,0.4982485237591311,0.2533915837555546,True
1,p2_primary_RETAINER_RING_PRESSURE_std,0.5747908795876644,0.2868448040424261,True
1,p2_primary_RIPPLE_AIR_BAG_PRESSURE_auc,0.008316481434220861,0.11180377029713119,False
1,p2_primary_RIPPLE_AIR_BAG_PRESSURE_mean,0.3810720199838659,-0.0015507772558310143,False
1,p2_primary_RIPPLE_AIR_BAG_PRESSURE_std,0.11534437943878878,0.19362525283721954,True
1,p2_primary_SLURRY_FLOW_LINE_A_auc,0.3637079456448814,0.6426845198738157,True
1,p2_primary_SLURRY_FLOW_LINE_A_mean,1.5205103700752913,0.44972951178684967,True
1,p2_primary_SLURRY_FLOW_LINE_A_std,1.165685664789383,0.3862168395710555,True
1,p2_primary_SLURRY_FLOW_LINE_B_auc,0.07249171448926982,0.1314230380554445,False
1,p2_primary_SLURRY_FLOW_LINE_B_mean,0.7017959580349211,0.30542400896945454,True
1,p2_primary_SLURRY_FLOW_LINE_B_std,1.0041827403226085,0.10142553511822497,False
1,p2_primary_SLURRY_FLOW_LINE_C_auc,0.06186757568303636,0.26495726506271244,True
1,p2_primary_SLURRY_FLOW_LINE_C_mean,1.4070881922510874,0.16784295434229762,True
1,p2_primary_SLURRY_FLOW_LINE_C_std,0.18894858077707471,-0.0491515190506316,False
1,p2_primary_STAGE_ROTATION_mean,1.0536350827337775,-0.0026650352777863313,False
1,p2_primary_USAGE_OF_BACKING_FILM_decreasing,1.2326514413951786,-0.05976749929015469,False
1,p2_primary_USAGE_OF_BACKING_FILM_mean,5764.253078353902,0.1767766952966369,True
1,p2_primary_USAGE_OF_BACKING_FILM_std,1.341624528422929,0.19484729747298826,True
1,p2_primary_USAGE_OF_DRESSER_TABLE_decreasing,0.5174554555497295,-0.3148536708461747,False
1,p2_primary_USAGE_OF_DRESSER_TABLE_mean,2.278843755241785,0.28608888703691016,True
1,p2_primary_USAGE_OF_DRESSER_TABLE_std,0.6063650363272644,-0.16026851219067972,False
1,p2_primary_USAGE_OF_DRESSER_decreasing,0.0431576792593986,-0.24938886709504168,False
1,p2_primary_USAGE_OF_DRESSER_mean,0.32470006778068455,0.49320373530880934,True
1,p2_primary_USAGE_OF_DRESSER_std,0.16797148698918662,0.13862062994879662,False
1,p2_primary_USAGE_OF_MEMBRANE_decreasing,3.8196509039545887,-0.21408631410628157,True
1,p2_primary_USAGE_OF_MEMBRANE_mean,9180.72829342444,0.17677669529663692,True
1,p2_primary_USAGE_OF_MEMBRANE_std,5.193639825079349,-0.1767766952966368,True
1,p2_primary_USAGE_OF_POLISHING_TABLE_decreasing,1.211379563443797,0.29599449402467,True
1,p2_primary_USAGE_OF_POLISHING_TABLE_mean,2.9831858890878493,-0.1278954612725094,True
1,p2_primary_USAGE_OF_POLISHING_TABLE_std,1.0905602195830557,0.1936070102057944,True
1,p2_primary_USAGE_OF_PRESSURIZED_SHEET_decreasing,0.2954942158419489,0.1767766952966368,True
1,p2_primary_USAGE_OF_PRESSURIZED_SHEET_mean,3086.1936939993843,0.04525938595841023,True
1,p2_primary_USAGE_OF_PRESSURIZED_SHEET_std,0.13490391585548847,-0.176776695296637,False
1,p2_primary_WAFER_ROTATION_mean,0.32020071742459083,0.0912226675167538,False
1,p2_primary_duration,0.31479301812209753,-0.17677669529663687,False
1,p2_secondary_CENTER_AIR_BAG_PRESSURE_auc,0.17223395843126071,-0.06107086353990696,False
1,p2_secondary_CENTER_AIR_BAG_PRESSURE_mean,0.668235056956809,-0.058283508744993835,False
1,p2_secondary_CENTER_AIR_BAG_PRESSURE_std,3.2649163470082083,0.14244588028060912,True
1,p2_secondary_DRESSING_WATER_STATUS_auc,1.458350475415088,-0.17516574106924218,False
1,p2_secondary_DRESSING_WATER_STATUS_mean,1.576626466001047,-0.2792045322904637,True
1,p2_secondary_DRESSING_WATER_STATUS_std,0.30584863132014956,0.07749304353698708,False
1,p2_secondary_EDGE_AIR_BAG_PRESSURE_auc,0.23054770416608808,0.15590528763633354,True
1,p2_secondary_EDGE_AIR_BAG_PRESSURE_mean,0.6689586043455932,0.08745730377188694,False
1,p2_secondary_EDGE_AIR_BAG_PRESSURE_std,3.7310847317379974,-0.17677669529663687,True
1,p2_secondary_HEAD_ROTATION_mean,1.1702555763998104,0.17677669529663687,True
1,p2_secondary_MAIN_OUTER_AIR_BAG_PRESSURE_auc,2.1807049018551234,0.17677669529663692,True
1,p2_secondary_MAIN_OUTER_AIR_BAG_PRESSURE_mean,2.33744015726072,-0.17677669529663687,True
1,p2_secondary_MAIN_OUTER_AIR_BAG_PRESSURE_std,1.4412215324553386,-0.17677669529663675,False
1,p2_secondary_PRESSURIZED_CHAMBER_PRESSURE_auc,1.2829359149365627,0.020012776204075117,False
1,p2_secondary_PRESSURIZED_CHAMBER_PRESSURE_mean,0.3889047477424114,0.15439451459060183,True
1,p2_secondary_PRESSURIZED_CHAMBER_PRESSURE_std,2.6994735067947238,-0.002735549603135984,True
1,p2_secondary_RETAINER_RING_PRESSURE_auc,1.1132214086871393,0.02728826945283541,False
1,p2_secondary_RETAINER_RING_PRESSURE_mean,0.3457636785738179,0.25413247646091497,True
1,p2_secondary_RETAINER_RING_PRESSURE_std,1.6941658995497664,0.22709366416362958,True
1,p2_secondary_RIPPLE_AIR_BAG_PRESSURE_auc,2.475154011706708,0.17677669529663684,True
1,p2_secondary_RIPPLE_AIR_BAG_PRESSURE_mean,2.2632026400749345,0.27467973736460344,True
1,p2_secondary_RIPPLE_AIR_BAG_PRESSURE_std,0.9970201264451201,-0.17677669529663678,False
1,p2_secondary_SLURRY_FLOW_LINE_A_auc,1.1793642880547361,-0.09830360897760687,False
1,p2_secondary_SLURRY_FLOW_LINE_A_mean,0.7047855470789111,0.14931470800972474,False
1,p2_secondary_SLURRY_FLOW_LINE_A_std,0.4966867204307615,0.2779447017931113,True
1,p2_secondary_SLURRY_FLOW_LINE_B_auc,1.119692230874671,-0.1767766952966368,False
1,p2_secondary_SLURRY_FLOW_LINE_B_mean,1.0909817047565988,0.24404020233561288,True
1,p2_secondary_SLURRY_FLOW_LINE_B_std,0.6885535609417784,-0.15181827324491964,False
1,p2_secondary_SLURRY_FLOW_LINE_C_auc,0.16256415140665778,-0.1322922477813224,False
1,p2_secondary_SLURRY_FLOW_LINE_C_mean,0.43478888677399724,0.2868238449602015,True
1,p2_secondary_SLURRY_FLOW_LINE_C_std,1.1148338663697268,0.28586303978311617,True
1,p2_secondary_STAGE_ROTATION_mean,0.6300970289375548,-0.20511626332663327,False
1,p2_secondary_USAGE_OF_BACKING_FILM_decreasing,16.935917516298243,-0.17677669529663675,True
1,p2_secondary_USAGE_OF_BACKING_FILM_mean,21330.150940029576,0.09538388640779537,True
1,p2_secondary_USAGE_OF_BACKING_FILM_std,17.394114996968916,0.0,True
1,p2_secondary_USAGE_OF_DRESSER_TABLE_decreasing,2.083796832258603,0.0,True
1,p2_secondary_USAGE_OF_DRESSER_TABLE_mean,2.2469629889183613,0.07420470091665812,True
1,p2_secondary_USAGE_OF_DRESSER_TABLE_std,1.8224954108704838,0.0,True
1,p2_secondary_USAGE_OF_DRESSER_decreasing,0.7595041864751088,0.0,False
1,p2_secondary_USAGE_OF_DRESSER_mean,0.32544531000907384,0.5137377511917299,True
1,p2_secondary_USAGE_OF_DRESSER_std,0.5610935088635447,0.0,False
1,p2_secondary_USAGE_OF_MEMBRANE_decreasing,96.74146665404423,-0.17677669529663692,True
1,p2_secondary_USAGE_OF_MEMBRANE_mean,97568.92853022976,0.16982518506817054,True
1,p2_secondary_USAGE_OF_MEMBRANE_std,104.4330729146005,-0.023421890711373673,True
1,p2_secondary_USAGE_OF_POLISHING_TABLE_decreasing,0.9503566536585728,0.021267092945823532,False
1,p2_secondary_USAGE_OF_POLISHING_TABLE_mean,2.984477825043534,0.13901044638568094,True
1,p2_secondary_USAGE_OF_POLISHING_TABLE_std,0.7934201928870007,-0.15965204241846145,False
1,p2_secondary_USAGE_OF_PRESSURIZED_SHEET_decreasing,36.32240665564162,-0.17677669529663684,True
1,p2_secondary_USAGE_OF_PRESSURIZED_SHEET_mean,118455.95178102783,0.0,True
1,p2_secondary_USAGE_OF_PRESSURIZED_SHEET_std,43.463987258597456,-0.22917100607912277,True
1,p2_secondary_WAFER_ROTATION_mean,1.2339037557373271,-0.013917684832949691,False
1,p2_secondary_duration,1.4723950186686745,0.13931297447857763,False
2,lag_1,1.271641157474958,0.6095594926622724,True
2,lag_2,0.6304613685402813,0.5301491268016235,True
2,lag_3,0.7769064399277125,0.18862290111822744,True
2,lag_4,0.03572882013117544,-0.04302849089681894,False
2,lag_5,0.47722508803092256,0.29850437073302893,True
2,lag_6,0.17331652650465,0.24408514388206834,True
2,lag_7,1.2527213515864093,0.06734361225227894,False
2,lag_8,1.0020867869827095,0.16096828924108486,True
2,lag_9,1.4454940428385759,0.13679819304639723,False
2,lag_10,0.4785470997363119,0.30827656121440733,True
2,lag_11,0.3355931457105366,0.2477589345816387,True
2,neighbor_1,9.197426784234736,1.844355563335399,True
2,neighbor_2,3.2367184445627615,0.3961038036561462,True
2,neighbor_3,2.4139401580078705,0.19170516253484735,True
2,neighbor_4,0.5825603329778228,0.34548155011204296,True
2,neighbor_5,0.5374070747646862,0.3585538956818732,True
2,neighbor_6,0.6913048440201129,0.07956084764412863,False
2,neighbor_7,0.16398385273455413,0.23349251546909103,True
2,neighbor_8,0.4985258711298147,0.5285657695415421,True
2,neighbor_9,1.0317218755088122,0.3822802474397914,True
2,neighbor_10,0.03304746806808393,0.4218049167025995,True
2,p2_primary_CENTER_AIR_BAG_PRESSURE_auc,0.8876891147958786,0.013096122998337003,False
2,p2_primary_CENTER_AIR_BAG_PRESSURE_mean,0.6967744670053106,0.044899389182654015,False
2,p2_primary_CENTER_AIR_BAG_PRESSURE_std,0.05508933677606256,0.32701282869273846,True
2,p2_primary_DRESSING_WATER_STATUS_auc,1.5939237932067867,0.10383325720645453,True
2,p2_primary_DRESSING_WATER_STATUS_mean,1.5284556015421682,0.15829629362019104,True
2,p2_primary_DRESSING_WATER_STATUS_std,0.16400358234876994,-0.06967675115467277,False
2,p2_primary_EDGE_AIR_BAG_PRESSURE_auc,0.5311741987150462,0.1767766952966369,True
2,p2_primary_EDGE_AIR_BAG_PRESSURE_mean,0.5037282452117599,0.08297957379800908,False
2,p2_primary_EDGE_AIR_BAG_PRESSURE_std,0.26439141513803044,0.2631614535058086,True
2,p2_primary_HEAD_ROTATION_mean,1.1183113877531388,0.03108920402601721,False
2,p2_primary_MAIN_OUTER_AIR_BAG_PRESSURE_auc,1.33366146839966,0.02320896057670861,False
2,p2_primary_MAIN_OUTER_AIR_BAG_PRESSURE_mean,1.1771036579458887,0.17677669529663692,True
2,p2_primary_MAIN_OUTER_AIR_BAG_PRESSURE_std,0.2378483429993957,0.053342834473279414,False
2,p2_primary_PRESSURIZED_CHAMBER_PRESSURE_auc,0.22136995922054903,1.0851715070597332,True
2,p2_primary_PRESSURIZED_CHAMBER_PRESSURE_mean,1.1709436597094358,0.4151850467243359,True
2,p2_primary_PRESSURIZED_CHAMBER_PRESSURE_std,0.7594940828606298,0.201783142688443,True
2,p2_primary_RETAINER_RING_PRESSURE_auc,1.4710126630639344,-0.010752534122967181,False
2,p2_primary_RETAINER_RING_PRESSURE_mean,1.5237536989723997,0.030081676625060408,True
2,p2_primary_RETAINER_RING_PRESSURE_std,1.119853194359724,0.3078975423035257,True
2,p2_primary_RIPPLE_AIR_BAG_PRESSURE_auc,2.116875281386735,0.36411177087654556,True
2,p2_primary_RIPPLE_AIR_BAG_PRESSURE_mean,1.8473595308353412,0.12655177135622106,True
2,p2_primary_RIPPLE_AIR_BAG_PRESSURE_std,1.2062994578899686,-0.05139424585546264,False
2,p2_primary_SLURRY_FLOW_LINE_A_auc,1.221936160854307,0.6771456249362156,True
2,p2_primary_SLURRY_FLOW_LINE_A_mean,0.08433271600627765,0.26820934965187454,True
2,p2_primary_SLURRY_FLOW_LINE_A_std,0.22952408118685844,0.26707357951872357,True
2,p2_primary_SLURRY_FLOW_LINE_B_auc,1.2418705401441106,0.2548719137576932,True
2,p2_primary_SLURRY_FLOW_LINE_B_mean,1.0726291119221918,0.0,False
2,p2_primary_SLURRY_FLOW_LINE_B_std,1.684819518669171,0.17677669529663692,True
2,p2_primary_SLURRY_FLOW_LINE_C_auc,0.5431542717981687,0.23044994222610288,True
2,p2_primary_SLURRY_FLOW_LINE_C_mean,0.19071188923521967,0.13642905068178732,False
2,p2_primary_SLURRY_FLOW_LINE_C_std,0.050450320107624264,0.21637045468786076,True
2,p2_primary_STAGE_ROTATION_mean,1.7150003227172164,-0.11755007203278414,True
2,p2_primary_USAGE_OF_BACKING_FILM_decreasing,11.64975304730006,-0.24351834960531635,True
2,p2_primary_USAGE_OF_BACKING_FILM_mean,518829.4925252924,0.2096205913535226,True
2,p2_primary_USAGE_OF_BACKING_FILM_std,12.871955557830912,0.17047174133080542,True
2,p2_primary_USAGE_OF_DRESSER_TABLE_decreasing,0.8436929658194778,-0.1385297538698355,False
2,p2_primary_USAGE_OF_DRESSER_TABLE_mean,324.25331976612216,0.2700289914124992,True
2,p2_primary_USAGE_OF_DRESSER_TABLE_std,0.9863422386483676,-0.22315589011128226,False
2,p2_primary_USAGE_OF_DRESSER_decreasing,0.5760249861468677,-0.026638118905957103,False
2,p2_primary_USAGE_OF_DRESSER_mean,107.76864732191765,0.3408074857134597,True
2,p2_primary_USAGE_OF_DRESSER_std,0.5358351044546744,-0.2534394673941543,False
2,p2_primary_USAGE_OF_MEMBRANE_decreasing,94.81019801701495,0.07314010798950386,True
2,p2_primary_USAGE_OF_MEMBRANE_mean,90389.93499163892,0.14271784781319852,True
2,p2_primary_USAGE_OF_MEMBRANE_std,177.51546302380552,-0.1947837661458947,True
2,p2_primary_USAGE_OF_POLISHING_TABLE_decreasing,0.29433764115136235,0.09126179550990698,False
2,p2_primary_USAGE_OF_POLISHING_TABLE_mean,0.859106775777461,0.09683910036664338,False
2,p2_primary_USAGE_OF_POLISHING_TABLE_std,0.23037955620359682,-0.04481866449385895,False
2,p2_primary_USAGE_OF_PRESSURIZED_SHEET_decreasing,99.71898630356407,-0.1767766952966369,True
2,p2_primary_USAGE_OF_PRESSURIZED_SHEET_mean,606670.002169655,-0.1767766952966369,True
2,p2_primary_USAGE_OF_PRESSURIZED_SHEET_std,168.2932470901406,0.15031387083576492,True
2,p2_primary_WAFER_ROTATION_mean,0.3767795414040002,0.3116387994299766,True
2,p2_primary_duration,1.1659260122400017,0.10089920239408336,False
2,p2_secondary_CENTER_AIR_BAG_PRESSURE_auc,4.535090181258157,-0.17677669529663675,True
2,p2_secondary_CENTER_AIR_BAG_PRESSURE_mean,4.4097282067220105,0.0,True
2,p2_secondary_CENTER_AIR_BAG_PRESSURE_std,1.1581609491615608,-0.2524356957837369,False
2,p2_secondary_DRESSING_WATER_STATUS_auc,0.162071266473115,-0.21971884839540776,False
2,p2_secondary_DRESSING_WATER_STATUS_mean,0.15828834167810818,-0.2753101391634052,False
2,p2_secondary_DRESSING_WATER_STATUS_std,0.0368859507823163,-0.05463048665858438,False
2,p2_secondary_EDGE_AIR_BAG_PRESSURE_auc,0.23458522208228458,-0.2826535797851004,False
2,p2_secondary_EDGE_AIR_BAG_PRESSURE_mean,0.6359849262899905,0.0,False
2,p2_secondary_EDGE_AIR_BAG_PRESSURE_std,2.824054788996443,0.17677669529663687,True
2,p2_secondary_HEAD_ROTATION_mean,0.353447122262235,-0.15325336896393246,False
2,p2_secondary_MAIN_OUTER_AIR_BAG_PRESSURE_auc,1.8908235280448376,-0.17677669529663687,True
2,p2_secondary_MAIN_OUTER_AIR_BAG_PRESSURE_mean,1.642864737999401,0.0,True
2,p2_secondary_MAIN_OUTER_AIR_BAG_PRESSURE_std,0.6459271747394331,-0.17677669529663692,False
2,p2_secondary_PRESSURIZED_CHAMBER_PRESSURE_auc,0.08582880172773236,0.17677669529663684,True
2,p2_secondary_PRESSURIZED_CHAMBER_PRESSURE_mean,0.5668946416972088,0.23527065373195852,True
2,p2_secondary_PRESSURIZED_CHAMBER_PRESSURE_std,2.7510699230977047,-0.2258209300030732,True
2,p2_secondary_RETAINER_RING_PRESSURE_auc,0.6393792858783323,-0.14723805036155507,False
2,p2_secondary_RETAINER_RING_PRESSURE_mean,1.0295233893341882,0.0,False
2,p2_secondary_RETAINER_RING_PRESSURE_std,0.906824504329671,0.1767766952966369,True
2,p2_secondary_RIPPLE_AIR_BAG_PRESSURE_auc,0.9926015467352092,0.1767766952966369,True
2,p2_secondary_RIPPLE_AIR_BAG_PRESSURE_mean,1.0260501037308365,0.1767766952966369,True
2,p2_secondary_RIPPLE_AIR_BAG_PRESSURE_std,0.1912984749030138,-0.09588918098264262,False
2,p2_secondary_SLURRY_FLOW_LINE_A_auc,0.8333273541140154,-0.0798103705377366,False
2,p2_secondary_SLURRY_FLOW_LINE_A_mean,0.5584392674930331,0.0,False
2,p2_secondary_SLURRY_FLOW_LINE_A_std,0.39028108058880034,-0.15194041598378516,False
2,p2_secondary_SLURRY_FLOW_LINE_B_auc,0.08419021184665669,0.16196944789637505,True
2,p2_secondary_SLURRY_FLOW_LINE_B_mean,0.1832521677976681,-0.11950397940666636,False
2,p2_secondary_SLURRY_FLOW_LINE_B_std,1.0517200039334693,-0.174179213489931,False
2,p2_secondary_SLURRY_FLOW_LINE_C_auc,1.2905225085888417,0.17677669529663684,True
2,p2_secondary_SLURRY_FLOW_LINE_C_mean,1.3222064723004918,0.1383768410692649,False
2,p2_secondary_SLURRY_FLOW_LINE_C_std,1.043847940225695,0.301351788343651,True
2,p2_secondary_STAGE_ROTATION_mean,0.696318590123369,0.12919936857697817,False
2,p2_secondary_USAGE_OF_BACKING_FILM_decreasing,25.32896015170755,-0.1767766952966368,True
2,p2_secondary_USAGE_OF_BACKING_FILM_mean,372023.13166808226,0.0,True
2,p2_secondary_USAGE_OF_BACKING_FILM_std,29.240949304699,0.0,True
2,p2_secondary_USAGE_OF_DRESSER_TABLE_decreasing,0.6213956736171303,0.0,False
2,p2_secondary_USAGE_OF_DRESSER_TABLE_mean,327.2346979033257,0.3611989269346749,True
2,p2_secondary_USAGE_OF_DRESSER_TABLE_std,0.10438839084756188,0.0,False
2,p2_secondary_USAGE_OF_DRESSER_decreasing,0.6655019431936094,0.0,False
2,p2_secondary_USAGE_OF_DRESSER_mean,108.48544462410452,0.28576681518260283,True
2,p2_secondary_USAGE_OF_DRESSER_std,0.5443004374223086,0.0,False
2,p2_secondary_USAGE_OF_MEMBRANE_decreasing,495.27756711612864,0.0,True
2,p2_secondary_USAGE_OF_MEMBRANE_mean,368874.29879650543,-0.17677669529663695,True
2,p2_secondary_USAGE_OF_MEMBRANE_std,522.431752365073,0.0,True
2,p2_secondary_USAGE_OF_POLISHING_TABLE_decreasing,0.5706484463727534,0.17677669529663698,True
2,p2_secondary_USAGE_OF_POLISHING_TABLE_mean,0.8606894253347607,-0.06752696571673111,False
2,p2_secondary_USAGE_OF_POLISHING_TABLE_std,1.1965841659660272,-0.12831509553105927,False
2,p2_secondary_USAGE_OF_PRESSURIZED_SHEET_decreasing,326.706082374519,0.0,True
2,p2_secondary_USAGE_OF_PRESSURIZED_SHEET_mean,2630.333819660855,-0.17677669529663687,True
2,p2_secondary_USAGE_OF_PRESSURIZED_SHEET_std,334.1199192203685,0.17677669529663687,True
2,p2_secondary_WAFER_ROTATION_mean,1.2987876763028245,0.016954407499689194,False
2,p2_secondary_duration,0.16592466328404012,0.019445694783973344,False
3,lag_1,1.3477066539037619,0.8839500822426657,True
3,lag_2,0.30499792026693034,0.35785893875236596,True
3,lag_3,0.39647675741338523,0.14871856148314397,False
3,lag_4,1.4315441650889216,0.11553960087082549,False
3,lag_5,0.4842233370517428,-0.18081905954702318,False
3,lag_6,0.02981016977234507,0.2808603670967726,True
3,lag_7,1.1254144191811695,0.30412289722532715,True
3,lag_8,1.4070438151670082,0.18162121450249788,True
3,lag_9,1.6992292755801712,0.016828848268686285,True
3,lag_10,1.0714906831288777,0.21662591003006673,True
3,lag_11,0.29007225852371354,0.16839992212540078,True
3,neighbor_1,9.531701261657147,3.2319278894101053,True
3,neighbor_2,3.6681728114571266,0.4570727272098636,True
3,neighbor_3,2.3924858137786504,0.30336333347437067,True
3,neighbor_4,1.9738030759586425,-0.23430610673829066,True
3,neighbor_5,0.736644107424427,0.3649519544017189,True
3,neighbor_6,1.4690409662089878,-0.02512551995843706,False
3,neighbor_7,0.776997822021791,0.2776674834053639,True
3,neighbor_8,2.439991986868423,0.3318677777380027,True
3,neighbor_9,1.0069405032656265,-0.11409811654993532,False
3,neighbor_10,0.7621422087543237,-0.2031941611653466,False
3,p2_primary_CENTER_AIR_BAG_PRESSURE_auc,1.1643936567629727,-0.3135496075561759,False
3,p2_primary_CENTER_AIR_BAG_PRESSURE_mean,0.48295092019302066,0.26253386282239705,True
3,p2_primary_CENTER_AIR_BAG_PRESSURE_std,1.8965540115717838,0.37055078103813927,True
3,p2_primary_DRESSING_WATER_STATUS_auc,0.12865277188330435,0.22507413068451934,True
3,p2_primary_DRESSING_WATER_STATUS_mean,0.16299863277462012,-0.03674226198338265,False
3,p2_primary_DRESSING_WATER_STATUS_std,0.046948285261175275,-0.30627195961243314,False
3,p2_primary_EDGE_AIR_BAG_PRESSURE_auc,1.1739086718221727,0.1984609340035433,True
3,p2_primary_EDGE_AIR_BAG_PRESSURE_mean,0.7026714634777401,0.2352504824903086,True
3,p2_primary_EDGE_AIR_BAG_PRESSURE_std,0.2724702250811614,0.32158830346309564,True
3,p2_primary_HEAD_ROTATION_mean,0.3774369425040788,-0.24445637874576814,False
3,p2_primary_MAIN_OUTER_AIR_BAG_PRESSURE_auc,0.709706083193282,-0.08091651854278523,False
3,p2_primary_MAIN_OUTER_AIR_BAG_PRESSURE_mean,0.42563579943436924,0.31699138512735875,True
3,p2_primary_MAIN_OUTER_AIR_BAG_PRESSURE_std,1.5975031109100095,-0.033060373765993224,True
3,p2_primary_PRESSURIZED_CHAMBER_PRESSURE_auc,0.8369510758135589,0.5842712108083835,True
3,p2_primary_PRESSURIZED_CHAMBER_PRESSURE_mean,2.5658775153824753,0.24770827063876547,True
3,p2_primary_PRESSURIZED_CHAMBER_PRESSURE_std,0.2122624700743189,-0.03159992190043059,False
3,p2_primary_RETAINER_RING_PRESSURE_auc,0.829881379378026,0.046400047075974615,False
3,p2_primary_RETAINER_RING_PRESSURE_mean,0.4251571854949729,-0.24329777493685298,False
3,p2_primary_RETAINER_RING_PRESSURE_std,0.6480460536015976,0.11940533392670721,False
3,p2_primary_RIPPLE_AIR_BAG_PRESSURE_auc,1.3597500216894178,0.14475177368239936,False
3,p2_primary_RIPPLE_AIR_BAG_PRESSURE_mean,0.9973324983957115,0.21107431026680437,True
3,p2_primary_RIPPLE_AIR_BAG_PRESSURE_std,1.3589491505128324,0.3327511535537378,True
3,p2_primary_SLURRY_FLOW_LINE_A_auc,1.63549674304508,1.0037358818931854,True
3,p2_primary_SLURRY_FLOW_LINE_A_mean,0.25277001386554393,0.4507596561365135,True
3,p2_primary_SLURRY_FLOW_LINE_A_std,0.6481148224169875,0.6229559313550983,True
3,p2_primary_SLURRY_FLOW_LINE_B_auc,0.38506959755258996,-0.19132501976750124,False
3,p2_primary_SLURRY_FLOW_LINE_B_mean,0.2665461032367674,0.3357819600457597,True
3,p2_primary_SLURRY_FLOW_LINE_B_std,0.07479916198809956,0.25857658255484817,True
3,p2_primary_SLURRY_FLOW_LINE_C_auc,0.06059796257439377,0.21957961411144858,True
3,p2_primary_SLURRY_FLOW_LINE_C_mean,1.1608540600039,0.16586811163111903,True
3,p2_primary_SLURRY_FLOW_LINE_C_std,0.2242443741964792,0.03780918293350186,False
3,p2_primary_STAGE_ROTATION_mean,1.5750253593136982,0.21790358640891666,True
3,p2_primary_USAGE_OF_BACKING_FILM_decreasing,3.862714968169396,0.28208933654708357,True
3,p2_primary_USAGE_OF_BACKING_FILM_mean,9590.629149075741,-0.030445630461231773,True
3,p2_primary_USAGE_OF_BACKING_FILM_std,4.119673180861911,0.17048776024097087,True
3,p2_primary_USAGE_OF_DRESSER_TABLE_decreasing,1.3224534105724,0.190154999263491,True
3,p2_primary_USAGE_OF_DRESSER_TABLE_mean,5.6427596057185045,0.2884492708342534,True
3,p2_primary_USAGE_OF_DRESSER_TABLE_std,1.0888465631049744,0.261192232015208,True
3,p2_primary_USAGE_OF_DRESSER_decreasing,0.000892348267567616,0.1304570706101371,False
3,p2_primary_USAGE_OF_DRESSER_mean,0.5807512240252707,0.6760893039232734,True
3,p2_primary_USAGE_OF_DRESSER_std,0.025537383945054396,-0.08171783296176596,False
3,p2_primary_USAGE_OF_MEMBRANE_decreasing,75.28514567326447,-0.14086989464189772,True
3,p2_primary_USAGE_OF_MEMBRANE_mean,36363.47440325777,0.15980443684704188,True
3,p2_primary_USAGE_OF_MEMBRANE_std,124.34270530616493,-0.17677669529663675,True
3,p2_primary_USAGE_OF_POLISHING_TABLE_decreasing,0.3595691321822033,-0.1826718832309134,False
3,p2_primary_USAGE_OF_POLISHING_TABLE_mean,3.198287452715578,0.23005176632910246,True
3,p2_primary_USAGE_OF_POLISHING_TABLE_std,0.46734537353931493,0.21166846590940896,True
3,p2_primary_USAGE_OF_PRESSURIZED_SHEET_decreasing,87.66579129510649,-0.22561705867699983,True
3,p2_primary_USAGE_OF_PRESSURIZED_SHEET_mean,45976.57919482987,0.24488779337736147,True
3,p2_primary_USAGE_OF_PRESSURIZED_SHEET_std,126.13748368564974,-0.016108270461949133,True
3,p2_primary_WAFER_ROTATION_mean,0.02598948020335488,0.17337604408901378,True
3,p2_primary_duration,0.3145857314955429,-0.17677669529663687,False
3,p2_secondary_CENTER_AIR_BAG_PRESSURE_auc,0.39248380394726384,-0.1329884471407863,False
3,p2_secondary_CENTER_AIR_BAG_PRESSURE_mean,0.07425851901995499,0.2526035636607752,True
3,p2_secondary_CENTER_AIR_BAG_PRESSURE_std,0.984288334042509,0.2798338145874371,True
3,p2_secondary_DRESSING_WATER_STATUS_auc,2.2516626926232544,0.1718351585762741,True
3,p2_secondary_DRESSING_WATER_STATUS_mean,2.1985591215850806,0.059064741985956584,True
3,p2_secondary_DRESSING_WATER_STATUS_std,0.36120304933326147,-0.1316934043426779,False
3,p2_secondary_EDGE_AIR_BAG_PRESSURE_auc,0.3605772114560201,-0.12733862767417664,False
3,p2_secondary_EDGE_AIR_BAG_PRESSURE_mean,0.13411080921395993,0.0,False
3,p2_secondary_EDGE_AIR_BAG_PRESSURE_std,4.079101945492812,-0.16387997908795077,True
3,p2_secondary_HEAD_ROTATION_mean,0.7730395055799353,-0.014799704450332601,False
3,p2_secondary_MAIN_OUTER_AIR_BAG_PRESSURE_auc,0.20550324469876682,0.23598676288370496,True
3,p2_secondary_MAIN_OUTER_AIR_BAG_PRESSURE_mean,0.2615988596038364,0.17677669529663687,True
3,p2_secondary_MAIN_OUTER_AIR_BAG_PRESSURE_std,0.799991497212469,0.2732646488572232,True
3,p2_secondary_PRESSURIZED_CHAMBER_PRESSURE_auc,0.5960202095953214,0.17677669529663675,True
3,p2_secondary_PRESSURIZED_CHAMBER_PRESSURE_mean,0.1037274976879641,-0.3255282282271229,False
3,p2_secondary_PRESSURIZED_CHAMBER_PRESSURE_std,3.387353057975988,-0.09366429945790657,True
3,p2_secondary_RETAINER_RING_PRESSURE_auc,0.023088588047744687,-0.07621437993665965,False
3,p2_secondary_RETAINER_RING_PRESSURE_mean,1.3760729304974568,-0.10213049981444942,False
3,p2_secondary_RETAINER_RING_PRESSURE_std,1.4679561907834555,0.02361846543129403,False
3,p2_secondary_RIPPLE_AIR_BAG_PRESSURE_auc,0.7492149334316045,0.05138159837913205,False
3,p2_secondary_RIPPLE_AIR_BAG_PRESSURE_mean,0.6937354415107582,0.22529172612264906,True
3,p2_secondary_RIPPLE_AIR_BAG_PRESSURE_std,0.510398093967969,-0.013864707745494914,False
3,p2_secondary_SLURRY_FLOW_LINE_A_auc,0.8788320333592639,-0.17982912638125675,False
3,p2_secondary_SLURRY_FLOW_LINE_A_mean,0.7441914313922714,-0.13921475544296252,False
3,p2_secondary_SLURRY_FLOW_LINE_A_std,1.007267979329549,0.08084112209833949,False
3,p2_secondary_SLURRY_FLOW_LINE_B_auc,0.43693628948739577,-0.1311534589870464,False
3,p2_secondary_SLURRY_FLOW_LINE_B_mean,0.4066640490296482,0.17677669529663692,True
3,p2_secondary_SLURRY_FLOW_LINE_B_std,0.5126460065183253,0.07003284895443344,False
3,p2_secondary_SLURRY_FLOW_LINE_C_auc,0.5489197616257011,0.11711416587765915,False
3,p2_secondary_SLURRY_FLOW_LINE_C_mean,0.7786588801921399,0.09140775830531483,False
3,p2_secondary_SLURRY_FLOW_LINE_C_std,0.631928780645217,-0.10307701485137294,False
3,p2_secondary_STAGE_ROTATION_mean,0.3249393694651744,-0.44518100244712033,False
3,p2_secondary_USAGE_OF_BACKING_FILM_decreasing,22.796426357661474,-0.17677669529663703,True
3,p2_secondary_USAGE_OF_BACKING_FILM_mean,14990.846514559333,-0.16314057008511806,True
3,p2_secondary_USAGE_OF_BACKING_FILM_std,18.59165432052061,0.09783937865199117,True
3,p2_secondary_USAGE_OF_DRESSER_TABLE_decreasing,2.7198522638475633,0.0,True
3,p2_secondary_USAGE_OF_DRESSER_TABLE_mean,5.611773657123713,0.20584297029144796,True
3,p2_secondary_USAGE_OF_DRESSER_TABLE_std,2.2298012555538307,0.0,True
3,p2_secondary_USAGE_OF_DRESSER_decreasing,0.7999269363599474,0.0,False
3,p2_secondary_USAGE_OF_DRESSER_mean,0.585228709168682,0.4277638335899886,True
3,p2_secondary_USAGE_OF_DRESSER_std,0.36420681573672486,0.0,False
3,p2_secondary_USAGE_OF_MEMBRANE_decreasing,804.621038843892,0.0,True
3,p2_secondary_USAGE_OF_MEMBRANE_mean,4507.510369425908,-0.1767766952966371,True
3,p2_secondary_USAGE_OF_MEMBRANE_std,846.2100638306175,-0.11647123375249238,True
3,p2_secondary_USAGE_OF_POLISHING_TABLE_decreasing,1.1401442704927893,0.2176045586304289,True
3,p2_secondary_USAGE_OF_POLISHING_TABLE_mean,3.200098869452093,0.25895213748810997,True
3,p2_secondary_USAGE_OF_POLISHING_TABLE_std,0.24295819357901344,0.118141260847757,False
3,p2_secondary_USAGE_OF_PRESSURIZED_SHEET_decreasing,520.5451612961872,0.0,True
3,p2_secondary_USAGE_OF_PRESSURIZED_SHEET_mean,19522.519970061923,0.01896125286994901,True
3,p2_secondary_USAGE_OF_PRESSURIZED_SHEET_std,549.767568467808,0.17677669529663687,True
3,p2_secondary_WAFER_ROTATION_mean,0.3816645210752314,0.04345243216745026,False
3,p2_secondary_duration,2.2063057131955097,-0.11175974408358624,True
4,lag_1,1.402836087223529,0.5977619095397162,True
4,lag_2,0.9472780137521608,0.16327428570043626,True
4,lag_3,1.3705544260407636,0.1878497670099778,True
4,lag_4,1.0786552734664776,0.04999811200243931,False
4,lag_5,0.7114435669106483,0.23189627084783057,True
4,lag_6,1.448069629022423,0.2686502796967507,True
4,lag_7,1.900659238406166,0.02357573720273855,True
4,lag_8,0.6428316851037429,0.03675812116793356,False
4,lag_9,0.2827668693297602,0.29143894316514063,True
4,lag_10,0.3652051668561009,0.03568576789503073,False
4,lag_11,0.042278758584467266,0.11751308578703494,False
4,neighbor_1,8.57138444942572,2.9511048019060833,True
4,neighbor_2,3.0345802453704804,0.5353684516569907,True
4,neighbor_3,2.326031638942256,0.30426558877755405,True
4,neighbor_4,1.9748505702573216,0.16949761568850719,True
4,neighbor_5,1.7334656763691965,0.08125177857800583,True
4,neighbor_6,1.1126112778204633,0.4354739189656068,True
4,neighbor_7,0.6528165279976803,0.26407602008149317,True
4,neighbor_8,3.3047775738613474,0.36864214228390924,True
4,neighbor_9,0.24953702285424703,0.20260119440087201,True
4,neighbor_10,1.113121514869104,0.09464097989712338,False
4,p2_primary_CENTER_AIR_BAG_PRESSURE_auc,0.14005911202923338,0.0,False
4,p2_primary_CENTER_AIR_BAG_PRESSURE_mean,0.1539005869613977,-0.25647541373716903,False
4,p2_primary_CENTER_AIR_BAG_PRESSURE_std,0.1306786218864511,-0.1683870839476086,False
4,p2_primary_DRESSING_WATER_STATUS_auc,0.45785212338872117,0.17490206724714938,True
4,p2_primary_DRESSING_WATER_STATUS_mean,0.3301344374338953,-0.2322530821682546,False
4,p2_primary_DRESSING_WATER_STATUS_std,0.5037681498728414,0.18715426701864254,True
4,p2_primary_EDGE_AIR_BAG_PRESSURE_auc,1.1443138197136105,0.2734718220144561,True
4,p2_primary_EDGE_AIR_BAG_PRESSURE_mean,1.03318435738846,0.17138679021630146,True
4,p2_primary_EDGE_AIR_BAG_PRESSURE_std,0.4873924033880886,0.5650059623627532,True
4,p2_primary_HEAD_ROTATION_mean,1.0824237830686771,-0.04277672948748912,False
4,p2_primary_MAIN_OUTER_AIR_BAG_PRESSURE_auc,0.4279088295015657,0.20022544415163193,True
4,p2_primary_MAIN_OUTER_AIR_BAG_PRESSURE_mean,0.41129530500968453,0.030921855337844445,False
4,p2_primary_MAIN_OUTER_AIR_BAG_PRESSURE_std,0.8735703235927587,0.12789846677446673,False
4,p2_primary_PRESSURIZED_CHAMBER_PRESSURE_auc,0.8425934721193343,0.7131891569753604,True
4,p2_primary_PRESSURIZED_CHAMBER_PRESSURE_mean,2.7101618507663217,0.39267770112207345,True
4,p2_primary_PRESSURIZED_CHAMBER_PRESSURE_std,0.6505681109732326,-0.2692808467032699,False
4,p2_primary_RETAINER_RING_PRESSURE_auc,0.6476797610404877,0.22228016366205455,True
4,p2_primary_RETAINER_RING_PRESSURE_mean,0.18582318914382923,-0.030871714768654666,False
4,p2_primary_RETAINER_RING_PRESSURE_std,0.2023957602663462,0.053019790888388034,False
4,p2_primary_RIPPLE_AIR_BAG_PRESSURE_auc,0.9897810516990069,0.30788091499663633,True
4,p2_primary_RIPPLE_AIR_BAG_PRESSURE_mean,0.32519775297854125,0.07371140505997467,False
4,p2_primary_RIPPLE_AIR_BAG_PRESSURE_std,0.34988594641984516,0.20705406056927117,True
4,p2_primary_SLURRY_FLOW_LINE_A_auc,1.1078801184018117,0.46356890985928206,True
4,p2_primary_SLURRY_FLOW_LINE_A_mean,0.4539718960521188,0.4524638574768866,True
4,p2_primary_SLURRY_FLOW_LINE_A_std,0.878184032305055,0.5711168288719218,True
4,p2_primary_SLURRY_FLOW_LINE_B_auc,0.5209451959704534,0.27493226832072515,True
4,p2_primary_SLURRY_FLOW_LINE_B_mean,0.2555618708615378,0.19347867557130105,True
4,p2_primary_SLURRY_FLOW_LINE_B_std,0.5765540353495011,0.04489080151910917,False
4,p2_primary_SLURRY_FLOW_LINE_C_auc,0.6598120142860785,0.5286262663790124,True
4,p2_primary_SLURRY_FLOW_LINE_C_mean,1.4480110324594109,0.12667485459649883,False
4,p2_primary_SLURRY_FLOW_LINE_C_std,0.7799559602791888,-0.06580624110733489,False
4,p2_primary_STAGE_ROTATION_mean,1.4772803509101011,0.03410384349921496,False
4,p2_primary_USAGE_OF_BACKING_FILM_decreasing,7.159911444186289,-0.14936791400928204,True
4,p2_primary_USAGE_OF_BACKING_FILM_mean,2945.9876082782534,0.0,True
4,p2_primary_USAGE_OF_BACKING_FILM_std,8.361201977570698,0.21229548506659818,True
4,p2_primary_USAGE_OF_DRESSER_TABLE_decreasing,0.8585022442589214,0.18470259072173467,True
4,p2_primary_USAGE_OF_DRESSER_TABLE_mean,683.3025161636144,0.2757570866896258,True
4,p2_primary_USAGE_OF_DRESSER_TABLE_std,0.987239849220482,0.1897037316732825,True
4,p2_primary_USAGE_OF_DRESSER_decreasing,0.09808031327333305,-0.20024162821081323,False
4,p2_primary_USAGE_OF_DRESSER_mean,7.328340010098085,0.4138739478978062,True
4,p2_primary_USAGE_OF_DRESSER_std,0.4637124840906642,0.1767766952966369,True
4,p2_primary_USAGE_OF_MEMBRANE_decreasing,3.11728281735673,-0.26211186431101097,True
4,p2_primary_USAGE_OF_MEMBRANE_mean,8591.449983970333,0.1910955403031976,True
4,p2_primary_USAGE_OF_MEMBRANE_std,4.9485496307888335,0.09840473803680128,True
4,p2_primary_USAGE_OF_POLISHING_TABLE_decreasing,0.8828857378167938,0.36279461222535314,True
4,p2_primary_USAGE_OF_POLISHING_TABLE_mean,1.3938047696890143,-0.1527369153102216,False
4,p2_primary_USAGE_OF_POLISHING_TABLE_std,0.815884428900528,0.31159468400993384,True
4,p2_primary_USAGE_OF_PRESSURIZED_SHEET_decreasing,7.772848194481538,-0.1767766952966369,True
4,p2_primary_USAGE_OF_PRESSURIZED_SHEET_mean,11525.514208358358,0.316244104923169,True
4,p2_primary_USAGE_OF_PRESSURIZED_SHEET_std,11.625000081330905,-0.25264254891226856,True
4,p2_primary_WAFER_ROTATION_mean,0.8667890879756037,0.06001086172928433,False
4,p2_primary_duration,0.6132446615161048,0.030299627603161752,False
4,p2_secondary_CENTER_AIR_BAG_PRESSURE_auc,0.9128111208251208,-0.19726996195355,False
4,p2_secondary_CENTER_AIR_BAG_PRESSURE_mean,1.4071891654763407,0.176776695296637,True
4,p2_secondary_CENTER_AIR_BAG_PRESSURE_std,2.2707381335678467,-0.11656326656895706,True
4,p2_secondary_DRESSING_WATER_STATUS_auc,0.28890156119583604,-0.039159782116033104,False
4,p2_secondary_DRESSING_WATER_STATUS_mean,0.5504384921382964,-0.33311410986556544,False
4,p2_secondary_DRESSING_WATER_STATUS_std,0.6525039675605254,-0.17156974782447473,False
4,p2_secondary_EDGE_AIR_BAG_PRESSURE_auc,0.384678972549573,0.1911862087294813,True
4,p2_secondary_EDGE_AIR_BAG_PRESSURE_mean,0.9007697768467465,0.0,False
4,p2_secondary_EDGE_AIR_BAG_PRESSURE_std,1.4933942825755684,0.23270660485280645,True
4,p2_secondary_HEAD_ROTATION_mean,0.5035345882895321,-0.07845192631891867,False
4,p2_secondary_MAIN_OUTER_AIR_BAG_PRESSURE_auc,0.13368295890247708,0.13295344315298246,False
4,p2_secondary_MAIN_OUTER_AIR_BAG_PRESSURE_mean,0.3239716637269222,0.17677669529663695,True
4,p2_secondary_MAIN_OUTER_AIR_BAG_PRESSURE_std,2.1846088877354872,0.15977616009980244,True
4,p2_secondary_PRESSURIZED_CHAMBER_PRESSURE_auc,1.0072190639942467,0.23938578698850468,True
4,p2_secondary_PRESSURIZED_CHAMBER_PRESSURE_mean,0.1214700741444475,0.13760040095278683,False
4,p2_secondary_PRESSURIZED_CHAMBER_PRESSURE_std,4.005090964683174,0.411797172359521,True
4,p2_secondary_RETAINER_RING_PRESSURE_auc,0.7674118837039412,-0.14727695318592798,False
4,p2_secondary_RETAINER_RING_PRESSURE_mean,2.245127838655659,0.18973158020266787,True
4,p2_secondary_RETAINER_RING_PRESSURE_std,2.5031287639349844,0.11447052030437732,True
4,p2_secondary_RIPPLE_AIR_BAG_PRESSURE_auc,0.43243287872112696,0.0,False
4,p2_secondary_RIPPLE_AIR_BAG_PRESSURE_mean,0.678071625410153,0.0,False
4,p2_secondary_RIPPLE_AIR_BAG_PRESSURE_std,0.21416708518302993,0.20523839951105333,True
4,p2_secondary_SLURRY_FLOW_LINE_A_auc,1.5586566485660935,0.1296657833813333,True
4,p2_secondary_SLURRY_FLOW_LINE_A_mean,1.3125004095484396,-0.09529608414799956,False
4,p2_secondary_SLURRY_FLOW_LINE_A_std,1.7918465252952627,-0.29461530149430404,True
4,p2_secondary_SLURRY_FLOW_LINE_B_auc,0.02528695556669198,-0.01994108060131904,False
4,p2_secondary_SLURRY_FLOW_LINE_B_mean,0.08080797254247407,0.23898604001734802,True
4,p2_secondary_SLURRY_FLOW_LINE_B_std,0.16545346362755287,-0.19448340398672043,False
4,p2_secondary_SLURRY_FLOW_LINE_C_auc,0.7466664070796626,-0.13808774984488922,False
4,p2_secondary_SLURRY_FLOW_LINE_C_mean,0.29182901098134906,0.14649171450324067,False
4,p2_secondary_SLURRY_FLOW_LINE_C_std,1.7924872690940092,0.31472636001221377,True
4,p2_secondary_STAGE_ROTATION_mean,0.35906187181505655,0.27988273192124724,True
4,p2_secondary_USAGE_OF_BACKING_FILM_decreasing,16.438227165128886,-0.1955896298106362,True
4,p2_secondary_USAGE_OF_BACKING_FILM_mean,12822.4894647597,0.23007582528490703,True
4,p2_secondary_USAGE_OF_BACKING_FILM_std,15.15130235461317,0.0,True
4,p2_secondary_USAGE_OF_DRESSER_TABLE_decreasing,1.5043658813606944,0.0,True
4,p2_secondary_USAGE_OF_DRESSER_TABLE_mean,699.5635471187932,0.2926637336031906,True
4,p2_secondary_USAGE_OF_DRESSER_TABLE_std,0.8840944112256184,0.0,False
4,p2_secondary_USAGE_OF_DRESSER_decreasing,0.5176585212593163,0.0,False
4,p2_secondary_USAGE_OF_DRESSER_mean,7.3210010661990825,0.46038373485039746,True
4,p2_secondary_USAGE_OF_DRESSER_std,0.456553535593186,0.0,False
4,p2_secondary_USAGE_OF_MEMBRANE_decreasing,416.16001264844635,-0.14521105159534886,True
4,p2_secondary_USAGE_OF_MEMBRANE_mean,15768.411567042634,0.23163693466895502,True
4,p2_secondary_USAGE_OF_MEMBRANE_std,468.25467428244787,0.0,True
4,p2_secondary_USAGE_OF_POLISHING_TABLE_decreasing,1.124839211107505,-0.1732331919093274,False
4,p2_secondary_USAGE_OF_POLISHING_TABLE_mean,1.3955109015859586,-0.08216359801567992,False
4,p2_secondary_USAGE_OF_POLISHING_TABLE_std,0.6042317207803851,-0.17798102253986733,False
4,p2_secondary_USAGE_OF_PRESSURIZED_SHEET_decreasing,231.16601099739825,0.0022276267461035374,True
4,p2_secondary_USAGE_OF_PRESSURIZED_SHEET_mean,28582.128482194297,0.17677669529663684,True
4,p2_secondary_USAGE_OF_PRESSURIZED_SHEET_std,267.70638321878255,-0.18220161223502945,True
4,p2_secondary_WAFER_ROTATION_mean,1.3489098496261673,-0.09766604433969284,False
4,p2_secondary_duration,0.3227966000068398,0.15203622658058752,True
5,lag_1,0.7686206138668602,0.5404450832499087,True
5,lag_2,0.6462443230543322,0.25815289796356516,True
5,lag_3,0.6830182218271531,0.19752446726141504,True
5,lag_4,0.10061222537091774,0.299511078184647,True
5,lag_5,0.10671081458250724,0.38847940619622917,True
5,lag_6,2.1992879872359,0.5113558414911339,True
5,lag_7,2.265263424512624,0.32588525891919407,True
5,lag_8,0.299503443742703,-0.0176468768928819,False
5,lag_9,1.6048330325772964,0.2446829264351243,True
5,lag_10,0.68879518721456,0.2213450569585314,True
5,lag_11,0.05310748770763205,-0.07322999313413817,False
5,neighbor_1,9.6124068604055,2.051372427703563,True
5,neighbor_2,3.7108449833424517,0.3591727238509436,True
5,neighbor_3,2.1139635951326716,0.38848015068462566,True
5,neighbor_4,0.6956864092103515,0.7804828065621946,True
5,neighbor_5,2.0758028774373147,0.3872272878112065,True
5,neighbor_6,1.702566362374438,-0.21612292864984678,True
5,neighbor_7,0.33644642375657313,0.06969909607422638,False
5,neighbor_8,2.2673866137326937,-0.14754722652354865,True
5,neighbor_9,1.718888483864603,-0.06473834111516859,True
5,neighbor_10,1.3759524525456628,0.20735357597152196,True
5,p2_primary_CENTER_AIR_BAG_PRESSURE_auc,0.49243013782626266,0.0,False
5,p2_primary_CENTER_AIR_BAG_PRESSURE_mean,0.004263569163543045,0.21518224469450878,True
5,p2_primary_CENTER_AIR_BAG_PRESSURE_std,0.9488032560436581,0.2760216999022652,True
5,p2_primary_DRESSING_WATER_STATUS_auc,1.4003864430525326,0.016010435834097825,False
5,p2_primary_DRESSING_WATER_STATUS_mean,1.3223545293293155,0.26633169205208407,True
5,p2_primary_DRESSING_WATER_STATUS_std,0.10078461949070036,0.028524222237164512,False
5,p2_primary_EDGE_AIR_BAG_PRESSURE_auc,0.6580503639860987,0.11300029174399978,False
5,p2_primary_EDGE_AIR_BAG_PRESSURE_mean,0.3478151217474489,0.1900589683383531,True
5,p2_primary_EDGE_AIR_BAG_PRESSURE_std,0.07070607890899921,0.4840870047736477,True
5,p2_primary_HEAD_ROTATION_mean,0.2970127033698735,0.22050265003757508,True
5,p2_primary_MAIN_OUTER_AIR_BAG_PRESSURE_auc,0.37053793823569503,0.2680740146791418,True
5,p2_primary_MAIN_OUTER_AIR_BAG_PRESSURE_mean,0.04918159620193046,0.21241109862761426,True
5,p2_primary_MAIN_OUTER_AIR_BAG_PRESSURE_std,1.1365206097595357,0.2866056319284414,True
5,p2_primary_PRESSURIZED_CHAMBER_PRESSURE_auc,0.7987784998624555,0.5681008554131114,True
5,p2_primary_PRESSURIZED_CHAMBER_PRESSURE_mean,2.6107377003594,0.787248227958658,True
5,p2_primary_PRESSURIZED_CHAMBER_PRESSURE_std,0.48423115634581304,0.14793112705028205,False
5,p2_primary_RETAINER_RING_PRESSURE_auc,0.7875039767687592,-0.2520251506075452,False
5,p2_primary_RETAINER_RING_PRESSURE_mean,0.5319133678496674,0.10172024140200744,False
5,p2_primary_RETAINER_RING_PRESSURE_std,0.46029814055063595,-0.06691606909655015,False
5,p2_primary_RIPPLE_AIR_BAG_PRESSURE_auc,1.1905011076902448,-0.048830557963687536,False
5,p2_primary_RIPPLE_AIR_BAG_PRESSURE_mean,0.48893769811502413,0.18737350722836457,True
5,p2_primary_RIPPLE_AIR_BAG_PRESSURE_std,0.2065754501276527,0.24043481468571665,True
5,p2_primary_SLURRY_FLOW_LINE_A_auc,0.6232053293416322,0.6326037350223292,True
5,p2_primary_SLURRY_FLOW_LINE_A_mean,1.232002746068898,0.4450736287232304,True
5,p2_primary_SLURRY_FLOW_LINE_A_std,1.2980300654685601,0.6250638972844055,True
5,p2_primary_SLURRY_FLOW_LINE_B_auc,0.2954324815565423,0.20011862227458113,True
5,p2_primary_SLURRY_FLOW_LINE_B_mean,0.1170061497116559,0.1516430688492498,True
5,p2_primary_SLURRY_FLOW_LINE_B_std,0.4425999661966807,0.0017501690000700963,False
5,p2_primary_SLURRY_FLOW_LINE_C_auc,0.3964212111722482,0.286893769365091,True
5,p2_primary_SLURRY_FLOW_LINE_C_mean,1.4832099938102645,-0.1238443566597686,False
5,p2_primary_SLURRY_FLOW_LINE_C_std,0.9655646388957732,0.2581364845309833,True
5,p2_primary_STAGE_ROTATION_mean,1.4081452351180914,0.09469243607217993,False
5,p2_primary_USAGE_OF_BACKING_FILM_decreasing,1.2100103969118718,0.07954031079860446,False
5,p2_primary_USAGE_OF_BACKING_FILM_mean,13098.967118882862,0.25844599011178426,True
5,p2_primary_USAGE_OF_BACKING_FILM_std,1.120945991883132,-0.10748413544277256,False
5,p2_primary_USAGE_OF_DRESSER_TABLE_decreasing,0.7565313703061263,0.22650565122155353,True
5,p2_primary_USAGE_OF_DRESSER_TABLE_mean,3.700292069972889,0.2242453349321095,True
5,p2_primary_USAGE_OF_DRESSER_TABLE_std,0.639167329033874,-0.015208223225600304,False
5,p2_primary_USAGE_OF_DRESSER_decreasing,0.08547552429866233,-0.30534285172382974,False
5,p2_primary_USAGE_OF_DRESSER_mean,4.374447287192319,0.2190053950398891,True
5,p2_primary_USAGE_OF_DRESSER_std,0.4002526704345412,0.11802234962665362,False
5,p2_primary_USAGE_OF_MEMBRANE_decreasing,2.234832514121127,0.1410366954226429,True
5,p2_primary_USAGE_OF_MEMBRANE_mean,29147.820892627315,-0.1767766952966369,True
5,p2_primary_USAGE_OF_MEMBRANE_std,2.559091086594482,-0.18085391949642973,True
5,p2_primary_USAGE_OF_POLISHING_TABLE_decreasing,0.681922413851113,0.2205606577476055,True
5,p2_primary_USAGE_OF_POLISHING_TABLE_mean,1.4557800394301879,0.07860692311858847,False
5,p2_primary_USAGE_OF_POLISHING_TABLE_std,0.591258250625321,0.2025455195470162,True
5,p2_primary_USAGE_OF_PRESSURIZED_SHEET_decreasing,2.237121841030651,-0.23221133576530054,True
5,p2_primary_USAGE_OF_PRESSURIZED_SHEET_mean,42244.752749550666,0.05136319032996299,True
5,p2_primary_USAGE_OF_PRESSURIZED_SHEET_std,2.279750823253825,-0.10557777556731932,True
5,p2_primary_WAFER_ROTATION_mean,1.1694611504681933,0.1819892631243662,True
5,p2_primary_duration,0.570922029118449,-0.08245936710763745,False
5,p2_secondary_CENTER_AIR_BAG_PRESSURE_auc,0.355348563016807,0.0,False
5,p2_secondary_CENTER_AIR_BAG_PRESSURE_mean,0.8322217837101925,0.30627981207962157,True
5,p2_secondary_CENTER_AIR_BAG_PRESSURE_std,2.6145184382510025,0.19515327121387377,True
5,p2_secondary_DRESSING_WATER_STATUS_auc,0.4189809993459034,-0.19937687293089396,False
5,p2_secondary_DRESSING_WATER_STATUS_mean,0.5940848332590691,-0.0022417419000942676,False
5,p2_secondary_DRESSING_WATER_STATUS_std,0.09235683816669399,-0.15711998639611074,False
5,p2_secondary_EDGE_AIR_BAG_PRESSURE_auc,0.8380500857169465,0.17677669529663687,True
5,p2_secondary_EDGE_AIR_BAG_PRESSURE_mean,1.3287843734893277,0.20483524978784678,True
5,p2_secondary_EDGE_AIR_BAG_PRESSURE_std,3.193758451785572,-0.20939154274554608,True
5,p2_secondary_HEAD_ROTATION_mean,0.029245556117454642,0.22772518855514667,True
5,p2_secondary_MAIN_OUTER_AIR_BAG_PRESSURE_auc,0.4192928799558763,0.002369691615468887,False
5,p2_secondary_MAIN_OUTER_AIR_BAG_PRESSURE_mean,0.28625350201570166,0.0,False
5,p2_secondary_MAIN_OUTER_AIR_BAG_PRESSURE_std,1.8533119514829561,0.3066262520940365,True
5,p2_secondary_PRESSURIZED_CHAMBER_PRESSURE_auc,0.7127574218346153,-0.1767766952966369,False
5,p2_secondary_PRESSURIZED_CHAMBER_PRESSURE_mean,0.11238094953458881,0.22058945528584528,True
5,p2_secondary_PRESSURIZED_CHAMBER_PRESSURE_std,3.7823914268434127,0.3436605457121297,True
5,p2_secondary_RETAINER_RING_PRESSURE_auc,0.35919043394861805,-0.006780133325978054,False
5,p2_secondary_RETAINER_RING_PRESSURE_mean,2.02084516871627,-0.2336534025534107,True
5,p2_secondary_RETAINER_RING_PRESSURE_std,2.184030127374775,-0.037074990644431885,True
5,p2_secondary_RIPPLE_AIR_BAG_PRESSURE_auc,0.2152944448170562,0.20846821110486555,True
5,p2_secondary_RIPPLE_AIR_BAG_PRESSURE_mean,0.09026882321431362,0.1767766952966369,True
5,p2_secondary_RIPPLE_AIR_BAG_PRESSURE_std,0.5938539202418021,0.0980916184051623,False
5,p2_secondary_SLURRY_FLOW_LINE_A_auc,2.1641047787099272,-0.036948991849532174,True
5,p2_secondary_SLURRY_FLOW_LINE_A_mean,1.4674621174970104,0.055684303571896875,False
5,p2_secondary_SLURRY_FLOW_LINE_A_std,0.04444114119356344,-0.37546655799775436,False
5,p2_secondary_SLURRY_FLOW_LINE_B_auc,1.2152127535021033,0.17901232456463398,True
5,p2_secondary_SLURRY_FLOW_LINE_B_mean,1.0491407803469854,-0.20455976002195386,False
5,p2_secondary_SLURRY_FLOW_LINE_B_std,0.27875202399451643,-0.22322543627635477,False
5,p2_secondary_SLURRY_FLOW_LINE_C_auc,0.7191222509603381,-0.003695813069804661,False
5,p2_secondary_SLURRY_FLOW_LINE_C_mean,0.1978734524345233,-0.1767766952966368,False
5,p2_secondary_SLURRY_FLOW_LINE_C_std,0.5700641864882766,-0.1182271306052215,False
5,p2_secondary_STAGE_ROTATION_mean,0.04034929455497605,0.12057060139430772,False
5,p2_secondary_USAGE_OF_BACKING_FILM_decreasing,25.121438955634606,0.0,True
5,p2_secondary_USAGE_OF_BACKING_FILM_mean,9529.90854560864,-0.12543637663902762,True
5,p2_secondary_USAGE_OF_BACKING_FILM_std,26.631100183225737,-0.024707112424788954,True
5,p2_secondary_USAGE_OF_DRESSER_TABLE_decreasing,2.2512592243563274,0.0,True
5,p2_secondary_USAGE_OF_DRESSER_TABLE_mean,3.6610999624515346,0.20944793461997924,True
5,p2_secondary_USAGE_OF_DRESSER_TABLE_std,1.599404455308666,0.0,True
5,p2_secondary_USAGE_OF_DRESSER_decreasing,0.2583300548006625,0.0,False
5,p2_secondary_USAGE_OF_DRESSER_mean,4.370189498875877,0.2707271533843642,True
5,p2_secondary_USAGE_OF_DRESSER_std,0.07803864709720892,0.0,False
5,p2_secondary_USAGE_OF_MEMBRANE_decreasing,373.2752626273953,-0.24246059940376793,True
5,p2_secondary_USAGE_OF_MEMBRANE_mean,1873.445061356134,0.19500157837618473,True
5,p2_secondary_USAGE_OF_MEMBRANE_std,420.1267742541526,0.15648316592845388,True
5,p2_secondary_USAGE_OF_POLISHING_TABLE_decreasing,0.8841035671099343,0.15281447694259698,True
5,p2_secondary_USAGE_OF_POLISHING_TABLE_mean,1.4570783710127413,0.37253336001843634,True
5,p2_secondary_USAGE_OF_POLISHING_TABLE_std,0.44027537034067693,0.0626603071947722,False
5,p2_secondary_USAGE_OF_PRESSURIZED_SHEET_decreasing,187.33018565761083,0.17677669529663695,True
5,p2_secondary_USAGE_OF_PRESSURIZED_SHEET_mean,11396.341449968542,0.18575871573158828,True
5,p2_secondary_USAGE_OF_PRESSURIZED_SHEET_std,218.1332024481781,-0.17677669529663687,True
5,p2_secondary_WAFER_ROTATION_mean,1.2361934989235204,-0.1237934696723154,False
5,p2_secondary_duration,0.4185972766927633,0.37218875889500386,True
6,lag_1,1.4190185985374326,0.9124765071593673,True
6,lag_2,1.2158742851248052,0.3277501563004928,True
6,lag_3,1.427739681702597,0.41951232352061696,True
6,lag_4,0.21058508781241375,0.24808512534331825,True
6,lag_5,1.3934916891211617,0.1092665815625803,False
6,lag_6,0.43067557748098173,0.2064845658147221,True
6,lag_7,1.08817915292695,0.1772725460927579,True
6,lag_8,0.20681851366412982,-0.03646754604259223,False
6,lag_9,1.1630445393557853,0.23102175320265772,True
6,lag_10,0.5068927086635567,0.32811434560189673,True
6,lag_11,1.0020642786446967,-0.09942891940505115,False
6,neighbor_1,9.273586716462365,2.906577245830402,True
6,neighbor_2,3.299101108585423,0.5912850083562355,True
6,neighbor_3,1.9989319500632767,0.20890125899381723,True
6,neighbor_4,2.0430969435959194,0.11477556742281383,True
6,neighbor_5,3.2244906707061802,0.41708081659161833,True
6,neighbor_6,1.1231310881450347,-0.09486796029978002,False
6,neighbor_7,0.34584628647203297,0.30824686098110327,True
6,neighbor_8,1.466554576378227,0.10178205308483265,False
6,neighbor_9,1.2539446146187228,0.1010821833726185,False
6,neighbor_10,0.16913495037957327,0.05682601026921766,False
6,p2_primary_CENTER_AIR_BAG_PRESSURE_auc,1.8500527711793981,0.17677669529663692,True
6,p2_primary_CENTER_AIR_BAG_PRESSURE_mean,1.333592849440282,-0.12767235896242232,False
6,p2_primary_CENTER_AIR_BAG_PRESSURE_std,0.2566057361574303,0.0008196243858132069,False
6,p2_primary_DRESSING_WATER_STATUS_auc,1.3666424122705667,0.29383744363517006,True
6,p2_primary_DRESSING_WATER_STATUS_mean,1.4149272776893516,0.41677728629727967,True
6,p2_primary_DRESSING_WATER_STATUS_std,0.33857813162157474,-0.03868343614041166,False
6,p2_primary_EDGE_AIR_BAG_PRESSURE_auc,1.0543170835940106,-0.06951723234331424,False
6,p2_primary_EDGE_AIR_BAG_PRESSURE_mean,0.7829297391709913,-0.2732567892944474,False
6,p2_primary_EDGE_AIR_BAG_PRESSURE_std,1.489654729789391,0.4764379275461411,True
6,p2_primary_HEAD_ROTATION_mean,0.7722852884286769,-0.12548923438352996,False
6,p2_primary_MAIN_OUTER_AIR_BAG_PRESSURE_auc,1.5094918054142306,0.19889486313573293,True
6,p2_primary_MAIN_OUTER_AIR_BAG_PRESSURE_mean,1.2575156856758636,0.1473236450794487,False
6,p2_primary_MAIN_OUTER_AIR_BAG_PRESSURE_std,0.7616423007225928,0.3381020123467589,True
6,p2_primary_PRESSURIZED_CHAMBER_PRESSURE_auc,1.2322944284716102,0.6303005983782322,True
6,p2_primary_PRESSURIZED_CHAMBER_PRESSURE_mean,2.581785777882257,0.4279262944099744,True
6,p2_primary_PRESSURIZED_CHAMBER_PRESSURE_std,0.6798671519454518,-0.09217096096001567,False
6,p2_primary_RETAINER_RING_PRESSURE_auc,0.4463956619579319,-0.1457146402623754,False
6,p2_primary_RETAINER_RING_PRESSURE_mean,1.1386239879002908,-0.0031398678461156864,False
6,p2_primary_RETAINER_RING_PRESSURE_std,1.3713160058349976,0.3192936842297919,True
6,p2_primary_RIPPLE_AIR_BAG_PRESSURE_auc,1.954780530601178,0.2101442132601679,True
6,p2_primary_RIPPLE_AIR_BAG_PRESSURE_mean,1.5156667263560384,0.12938167010739046,True
6,p2_primary_RIPPLE_AIR_BAG_PRESSURE_std,0.5406250296056833,0.21626167851558312,True
6,p2_primary_SLURRY_FLOW_LINE_A_auc,1.2958376271357812,0.5994486221133335,True
6,p2_primary_SLURRY_FLOW_LINE_A_mean,0.3847557792440724,0.5698040035807194,True
6,p2_primary_SLURRY_FLOW_LINE_A_std,0.93696158636005,0.2824466990328468,True
6,p2_primary_SLURRY_FLOW_LINE_B_auc,0.4600527240515203,0.26624050825771617,True
6,p2_primary_SLURRY_FLOW_LINE_B_mean,0.7415267494423744,0.2126192489072058,True
6,p2_primary_SLURRY_FLOW_LINE_B_std,1.1468070392025884,0.13221664567517843,False
6,p2_primary_SLURRY_FLOW_LINE_C_auc,0.9147503096289038,0.3380975363946534,True
6,p2_primary_SLURRY_FLOW_LINE_C_mean,0.7403346143337262,0.31426948591390147,True
6,p2_primary_SLURRY_FLOW_LINE_C_std,1.8453672630727052,-0.07640215628305748,True
6,p2_primary_STAGE_ROTATION_mean,2.0289895269726808,0.31349693254023014,True
6,p2_primary_USAGE_OF_BACKING_FILM_decreasing,1.1658146360375314,0.15702528450557846,True
6,p2_primary_USAGE_OF_BACKING_FILM_mean,280751.5380669268,-0.002975322863025814,True
6,p2_primary_USAGE_OF_BACKING_FILM_std,1.267993972762613,-0.13970263130132857,False
6,p2_primary_USAGE_OF_DRESSER_TABLE_decreasing,0.1972629128133925,-0.044724595772727437,False
6,p2_primary_USAGE_OF_DRESSER_TABLE_mean,330.83613641928383,0.1545406458920959,True
6,p2_primary_USAGE_OF_DRESSER_TABLE_std,0.03818740740247171,-0.2554680995920307,False
6,p2_primary_USAGE_OF_DRESSER_decreasing,1.1279168501929382,-0.02479223325946788,False
6,p2_primary_USAGE_OF_DRESSER_mean,2.8398106203481204,0.4553186143129244,True
6,p2_primary_USAGE_OF_DRESSER_std,0.9045705265599121,0.15659560228148434,True
6,p2_primary_USAGE_OF_MEMBRANE_decreasing,2.2425299368765472,0.34849177670672704,True
6,p2_primary_USAGE_OF_MEMBRANE_mean,263885.08958816604,0.28113502735711243,True
6,p2_primary_USAGE_OF_MEMBRANE_std,3.9478432732825195,0.1430654397302499,True
6,p2_primary_USAGE_OF_POLISHING_TABLE_decreasing,1.6647267621368744,0.17750298086996913,True
6,p2_primary_USAGE_OF_POLISHING_TABLE_mean,1.153425099980155,0.1290133703853779,False
6,p2_primary_USAGE_OF_POLISHING_TABLE_std,1.618367276449804,0.25644761519372183,True
6,p2_primary_USAGE_OF_PRESSURIZED_SHEET_decreasing,0.7548006021970717,-0.06551093497029459,False
6,p2_primary_USAGE_OF_PRESSURIZED_SHEET_mean,16430.194974955495,0.01259706913475766,True
6,p2_primary_USAGE_OF_PRESSURIZED_SHEET_std,0.38303197780218,0.1767766952966368,True
6,p2_primary_WAFER_ROTATION_mean,1.869265222660454,0.1709591761959649,True
6,p2_primary_duration,0.8531794613095852,0.20337664102539313,True
6,p2_secondary_CENTER_AIR_BAG_PRESSURE_auc,1.5146897976189377,-0.17120394197360722,True
6,p2_secondary_CENTER_AIR_BAG_PRESSURE_mean,1.3092477646738305,0.0,False
6,p2_secondary_CENTER_AIR_BAG_PRESSURE_std,1.1938688671124313,0.16769668324453568,True
6,p2_secondary_DRESSING_WATER_STATUS_auc,1.0953926634503808,-0.1656796651400249,False
6,p2_secondary_DRESSING_WATER_STATUS_mean,1.0127149242148807,0.3751772391665376,True
6,p2_secondary_DRESSING_WATER_STATUS_std,0.26067364392759346,-0.11456818063314753,False
6,p2_secondary_EDGE_AIR_BAG_PRESSURE_auc,2.196883742337719,0.2222026916155341,True
6,p2_secondary_EDGE_AIR_BAG_PRESSURE_mean,2.4704521977985014,0.0,True
6,p2_secondary_EDGE_AIR_BAG_PRESSURE_std,1.3691898227554449,-0.03305515194476859,False
6,p2_secondary_HEAD_ROTATION_mean,0.6752981046553297,0.04545349241252041,False
6,p2_secondary_MAIN_OUTER_AIR_BAG_PRESSURE_auc,1.7167184717389856,0.18692995109750304,True
6,p2_secondary_MAIN_OUTER_AIR_BAG_PRESSURE_mean,1.4181688148551639,-0.1767766952966369,False
6,p2_secondary_MAIN_OUTER_AIR_BAG_PRESSURE_std,2.650454858473577,-0.08913146388937587,True
6,p2_secondary_PRESSURIZED_CHAMBER_PRESSURE_auc,1.1835694654955151,0.23760490212278385,True
6,p2_secondary_PRESSURIZED_CHAMBER_PRESSURE_mean,0.5706648714266769,0.1780006110263714,True
6,p2_secondary_PRESSURIZED_CHAMBER_PRESSURE_std,2.940504347191737,0.27091079454753586,True
6,p2_secondary_RETAINER_RING_PRESSURE_auc,0.9853448743828286,0.19594208530753052,True
6,p2_secondary_RETAINER_RING_PRESSURE_mean,2.072155743882264,0.03480660755890546,True
6,p2_secondary_RETAINER_RING_PRESSURE_std,2.382649747545657,-0.2248928282852381,True
6,p2_secondary_RIPPLE_AIR_BAG_PRESSURE_auc,1.1611261584947825,0.0,False
6,p2_secondary_RIPPLE_AIR_BAG_PRESSURE_mean,1.344937881273616,0.0,False
6,p2_secondary_RIPPLE_AIR_BAG_PRESSURE_std,1.5129579205873,0.1421411982434384,True
6,p2_secondary_SLURRY_FLOW_LINE_A_auc,2.7606437438907667,0.11297367894055589,True
6,p2_secondary_SLURRY_FLOW_LINE_A_mean,2.4682329604651745,-0.26789863890860766,True
6,p2_secondary_SLURRY_FLOW_LINE_A_std,1.402784156037314,-0.07662649224209553,False
6,p2_secondary_SLURRY_FLOW_LINE_B_auc,1.3896742453736566,-0.14748760602880898,False
6,p2_secondary_SLURRY_FLOW_LINE_B_mean,1.3031206338602879,0.17677669529663687,True
6,p2_secondary_SLURRY_FLOW_LINE_B_std,0.8256514218576566,0.0890705615176846,False
6,p2_secondary_SLURRY_FLOW_LINE_C_auc,0.9873122179909376,-0.1610425621456081,False
6,p2_secondary_SLURRY_FLOW_LINE_C_mean,1.1152406905164218,-0.09454657142773892,False
6,p2_secondary_SLURRY_FLOW_LINE_C_std,1.0068979862616048,0.14212360164862717,False
6,p2_secondary_STAGE_ROTATION_mean,0.13546093796295916,0.29156326536318483,True
6,p2_secondary_USAGE_OF_BACKING_FILM_decreasing,6.536820233404092,-0.25314505653892966,True
6,p2_secondary_USAGE_OF_BACKING_FILM_mean,166618.65080871686,0.17677669529663687,True
6,p2_secondary_USAGE_OF_BACKING_FILM_std,1.9723724178068902,0.17677669529663684,True
6,p2_secondary_USAGE_OF_DRESSER_TABLE_decreasing,1.0899165411620098,0.0,False
6,p2_secondary_USAGE_OF_DRESSER_TABLE_mean,334.52974758388604,0.21294269061706203,True
6,p2_secondary_USAGE_OF_DRESSER_TABLE_std,0.25758047334099987,0.0,False
6,p2_secondary_USAGE_OF_DRESSER_decreasing,0.16566477362109383,0.0,False
6,p2_secondary_USAGE_OF_DRESSER_mean,2.8498481585460596,0.4146870234082023,True
6,p2_secondary_USAGE_OF_DRESSER_std,0.3192987255753607,0.0,False
6,p2_secondary_USAGE_OF_MEMBRANE_decreasing,174.94578798212768,-0.03321441931917628,True
6,p2_secondary_USAGE_OF_MEMBRANE_mean,173968.1278028467,-0.08443628549284281,True
6,p2_secondary_USAGE_OF_MEMBRANE_std,199.8612456238134,-0.17677669529663673,True
6,p2_secondary_USAGE_OF_POLISHING_TABLE_decreasing,1.4893410999134198,-0.17047740707584166,False
6,p2_secondary_USAGE_OF_POLISHING_TABLE_mean,1.1523110960884408,-0.11666873615011635,False
6,p2_secondary_USAGE_OF_POLISHING_TABLE_std,1.132028307531932,-0.10657585789332927,False
6,p2_secondary_USAGE_OF_PRESSURIZED_SHEET_decreasing,112.99918219675355,-0.17677669529663687,True
6,p2_secondary_USAGE_OF_PRESSURIZED_SHEET_mean,339892.93247650325,0.30601711531460507,True
6,p2_secondary_USAGE_OF_PRESSURIZED_SHEET_std,131.50287330824963,0.17829025677637653,True
6,p2_secondary_WAFER_ROTATION_mean,0.033936400879378416,0.18104382338939926,True
6,p2_secondary_duration,1.120031102669908,0.20654920838557939,True
7,lag_1,1.5175308783620147,0.6393529141928181,True
7,lag_2,0.327307977768306,0.3629566437218401,True
7,lag_3,1.5920711796702685,0.6298364569487015,True
7,lag_4,0.5461661074783759,0.15770337839552237,True
7,lag_5,1.2612670303179279,0.1764580400393705,True
7,lag_6,0.2395663524027491,0.24206820041255664,True
7,lag_7,1.165009659820642,0.17556662716090818,True
7,lag_8,0.6267980092944611,-0.13619722914194898,False
7,lag_9,1.0100450243735648,-0.2643720358582493,False
7,lag_10,0.7286496410561564,0.1696102698015717,True
7,lag_11,0.7857960699005754,0.3224257754296089,True
7,neighbor_1,5.2827856118526535,1.428578831869459,True
7,neighbor_2,0.6182253188062725,0.4160571188634301,True
7,neighbor_3,1.769572050437969,0.4220537990159364,True
7,neighbor_4,0.5444565204466836,0.3025896298258593,True
7,neighbor_5,2.2398271134646186,0.30776671829854424,True
7,neighbor_6,0.26422627067271,-0.28542734348483606,False
7,neighbor_7,1.3869344566507211,0.16478390284222086,True
7,neighbor_8,1.2778151729124991,0.32038031309577103,True
7,neighbor_9,0.2662706205964478,0.41550229640784153,True
7,neighbor_10,2.8152914336960744,0.2703595187693236,True
7,p2_primary_CENTER_AIR_BAG_PRESSURE_auc,0.4075761959869806,0.3960646668545303,True
7,p2_primary_CENTER_AIR_BAG_PRESSURE_mean,0.16460849681656264,0.24526263456678254,True
7,p2_primary_CENTER_AIR_BAG_PRESSURE_std,0.8131432439068974,0.25328332174752405,True
7,p2_primary_DRESSING_WATER_STATUS_auc,0.9470783612134186,0.039650757013004335,False
7,p2_primary_DRESSING_WATER_STATUS_mean,0.08376433139833418,0.10445820742849507,False
7,p2_primary_DRESSING_WATER_STATUS_std,2.679938013718199,0.06646736940209512,True
7,p2_primary_EDGE_AIR_BAG_PRESSURE_auc,2.1585900902093167,0.29839177835067343,True
7,p2_primary_EDGE_AIR_BAG_PRESSURE_mean,2.2959521092342587,0.293585020313016,True
7,p2_primary_EDGE_AIR_BAG_PRESSURE_std,1.1398942941401347,0.5004402240718698,True
7,p2_primary_HEAD_ROTATION_mean,1.7613966148623472,-0.24267544935003543,True
7,p2_primary_MAIN_OUTER_AIR_BAG_PRESSURE_auc,0.30641998456076014,0.2238166281895271,True
7,p2_primary_MAIN_OUTER_AIR_BAG_PRESSURE_mean,0.5438488412381658,-0.10561869625073607,False
7,p2_primary_MAIN_OUTER_AIR_BAG_PRESSURE_std,0.711366626169421,-0.21067882850037828,False
7,p2_primary_PRESSURIZED_CHAMBER_PRESSURE_auc,0.21511180359827806,0.25124891371193425,True
7,p2_primary_PRESSURIZED_CHAMBER_PRESSURE_mean,1.4333160028525627,0.4371216240581349,True
7,p2_primary_PRESSURIZED_CHAMBER_PRESSURE_std,1.1319614646402263,-0.0009441897403396688,False
7,p2_primary_RETAINER_RING_PRESSURE_auc,1.7325270118450355,0.153278504396669,True
7,p2_primary_RETAINER_RING_PRESSURE_mean,3.10857343231728,0.05956588139172772,True
7,p2_primary_RETAINER_RING_PRESSURE_std,2.055171251928901,-0.3023428163992367,True
7,p2_primary_RIPPLE_AIR_BAG_PRESSURE_auc,2.2226865204931565,0.4000965749030031,True
7,p2_primary_RIPPLE_AIR_BAG_PRESSURE_mean,1.846850141478677,0.31088385511408373,True
7,p2_primary_RIPPLE_AIR_BAG_PRESSURE_std,0.03408707264132536,0.26931079756765075,True
7,p2_primary_SLURRY_FLOW_LINE_A_auc,1.282293810525719,0.3610211146195045,True
7,p2_primary_SLURRY_FLOW_LINE_A_mean,0.3751501046413048,0.2512742846746792,True
7,p2_primary_SLURRY_FLOW_LINE_A_std,0.2948488313055105,0.2937996991854927,True
7,p2_primary_SLURRY_FLOW_LINE_B_auc,3.181607620602309,-0.1414100515955621,True
7,p2_primary_SLURRY_FLOW_LINE_B_mean,3.3419105498040653,0.0,True
7,p2_primary_SLURRY_FLOW_LINE_B_std,1.4415513666890485,0.19637153123049048,True
7,p2_primary_SLURRY_FLOW_LINE_C_auc,0.6558602885717749,0.2535641373269396,True
7,p2_primary_SLURRY_FLOW_LINE_C_mean,1.000443044885546,0.0001027297549911516,False
7,p2_primary_SLURRY_FLOW_LINE_C_std,0.21794125816915488,0.14032464072158807,False
7,p2_primary_STAGE_ROTATION_mean,0.5162638255357448,-0.10101816576807293,False
7,p2_primary_USAGE_OF_BACKING_FILM_decreasing,45.95242720391903,-0.09992541056501308,True
7,p2_primary_USAGE_OF_BACKING_FILM_mean,296830.6628081411,0.17677669529663687,True
7,p2_primary_USAGE_OF_BACKING_FILM_std,62.15042585481215,0.02401535919520667,True
7,p2_primary_USAGE_OF_DRESSER_TABLE_decreasing,1.0338214770308214,-0.029672429458002095,False
7,p2_primary_USAGE_OF_DRESSER_TABLE_mean,52.65043895007512,0.37507529522833416,True
7,p2_primary_USAGE_OF_DRESSER_TABLE_std,0.8516616533338461,0.0175184353668725,False
7,p2_primary_USAGE_OF_DRESSER_decreasing,1.2670871954366394,-0.25189494663915346,False
7,p2_primary_USAGE_OF_DRESSER_mean,39.03057810805196,0.11083183827614546,True
7,p2_primary_USAGE_OF_DRESSER_std,1.4848797874611408,-0.1805677717496539,False
7,p2_primary_USAGE_OF_MEMBRANE_decreasing,29.817436063504317,-0.1693106518158042,True
7,p2_primary_USAGE_OF_MEMBRANE_mean,148634.26059735194,0.0,True
7,p2_primary_USAGE_OF_MEMBRANE_std,59.003394414234094,0.11238615782129674,True
7,p2_primary_USAGE_OF_POLISHING_TABLE_decreasing,0.25909387853195953,0.24089554118396714,True
7,p2_primary_USAGE_OF_POLISHING_TABLE_mean,1.207980782477433,-0.1714298614953173,False
7,p2_primary_USAGE_OF_POLISHING_TABLE_std,0.24295789294299577,0.3002930748264477,True
7,p2_primary_USAGE_OF_PRESSURIZED_SHEET_decreasing,8.528806711035868,-0.09900708400295599,True
7,p2_primary_USAGE_OF_PRESSURIZED_SHEET_mean,148636.05439155892,0.2490572477166164,True
7,p2_primary_USAGE_OF_PRESSURIZED_SHEET_std,23.994796126244744,0.0,True
7,p2_primary_WAFER_ROTATION_mean,0.10730573396392938,-0.07719582350664093,False
7,p2_primary_duration,3.3190148121681853,-0.17677669529663678,True
7,p2_secondary_CENTER_AIR_BAG_PRESSURE_auc,2.661424624049445,-0.24971450639666973,True
7,p2_secondary_CENTER_AIR_BAG_PRESSURE_mean,2.535516042520377,0.17677669529663687,True
7,p2_secondary_CENTER_AIR_BAG_PRESSURE_std,1.8768062948694897,0.054436365737783286,True
7,p2_secondary_DRESSING_WATER_STATUS_auc,0.9775064942610578,-0.13670165608891116,False
7,p2_secondary_DRESSING_WATER_STATUS_mean,0.9433013478198099,-0.21476358724975564,False
7,p2_secondary_DRESSING_WATER_STATUS_std,0.8904837707883527,0.2558288939370346,True
7,p2_secondary_EDGE_AIR_BAG_PRESSURE_auc,1.7160583367655462,0.17677669529663698,True
7,p2_secondary_EDGE_AIR_BAG_PRESSURE_mean,1.7643587487952384,0.0,True
7,p2_secondary_EDGE_AIR_BAG_PRESSURE_std,1.7190373288999934,0.0,True
7,p2_secondary_HEAD_ROTATION_mean,0.1236737079978469,-0.07696166773428827,False
7,p2_secondary_MAIN_OUTER_AIR_BAG_PRESSURE_auc,4.448121819326997,0.0,True
7,p2_secondary_MAIN_OUTER_AIR_BAG_PRESSURE_mean,4.217952482749206,0.0,True
7,p2_secondary_MAIN_OUTER_AIR_BAG_PRESSURE_std,0.3707129904560498,-0.17677669529663706,False
7,p2_secondary_PRESSURIZED_CHAMBER_PRESSURE_auc,1.4620546302949025,-0.10636928670615144,False
7,p2_secondary_PRESSURIZED_CHAMBER_PRESSURE_mean,0.8940862597841108,-0.176776695296637,False
7,p2_secondary_PRESSURIZED_CHAMBER_PRESSURE_std,1.0874511062909917,0.13271063447256298,False
7,p2_secondary_RETAINER_RING_PRESSURE_auc,0.255516121965201,-0.13090454458049358,False
7,p2_secondary_RETAINER_RING_PRESSURE_mean,0.5968417592544791,0.09077615693156037,False
7,p2_secondary_RETAINER_RING_PRESSURE_std,1.4832807912414814,0.23516530835630953,True
7,p2_secondary_RIPPLE_AIR_BAG_PRESSURE_auc,2.1973669821858377,0.059975300271318706,True
7,p2_secondary_RIPPLE_AIR_BAG_PRESSURE_mean,2.1924546214797873,-0.15867799279207054,True
7,p2_secondary_RIPPLE_AIR_BAG_PRESSURE_std,0.8213334812395482,0.09890725671602221,False
7,p2_secondary_SLURRY_FLOW_LINE_A_auc,0.3506168421285176,-0.0028910996705802904,False
7,p2_secondary_SLURRY_FLOW_LINE_A_mean,0.23440813435714142,0.22728415491715778,True
7,p2_secondary_SLURRY_FLOW_LINE_A_std,0.24560324399111375,0.2915332499122936,True
7,p2_secondary_SLURRY_FLOW_LINE_B_auc,1.1307076638567921,-0.18646732178162984,False
7,p2_secondary_SLURRY_FLOW_LINE_B_mean,1.1545061212332743,-0.1767766952966369,False
7,p2_secondary_SLURRY_FLOW_LINE_B_std,1.3778014716776983,0.15250757577429827,True
7,p2_secondary_SLURRY_FLOW_LINE_C_auc,1.5176780289072747,-0.176776695296637,True
7,p2_secondary_SLURRY_FLOW_LINE_C_mean,1.231469655252088,0.0,False
7,p2_secondary_SLURRY_FLOW_LINE_C_std,0.1979568903136308,0.1898880134104163,True
7,p2_secondary_STAGE_ROTATION_mean,0.9731548842736207,0.11625493392969356,False
7,p2_secondary_USAGE_OF_BACKING_FILM_decreasing,34.88978427175464,-0.17677669529663698,True
7,p2_secondary_USAGE_OF_BACKING_FILM_mean,76486.98206702973,0.1690453570804578,True
7,p2_secondary_USAGE_OF_BACKING_FILM_std,48.81124641225692,0.0,True
7,p2_secondary_USAGE_OF_DRESSER_TABLE_decreasing,1.531864161463134,0.0,True
7,p2_secondary_USAGE_OF_DRESSER_TABLE_mean,53.46106357274811,0.42176445356658204,True
7,p2_secondary_USAGE_OF_DRESSER_TABLE_std,1.2021814933789525,0.0,False
7,p2_secondary_USAGE_OF_DRESSER_decreasing,1.225204229166296,0.0,False
7,p2_secondary_USAGE_OF_DRESSER_mean,38.85852629783192,0.19759254974518134,True
7,p2_secondary_USAGE_OF_DRESSER_std,0.4243471694957728,0.0,False
7,p2_secondary_USAGE_OF_MEMBRANE_decreasing,323.47926218442956,0.17677669529663687,True
7,p2_secondary_USAGE_OF_MEMBRANE_mean,38083.90845972687,0.21495976132647063,True
7,p2_secondary_USAGE_OF_MEMBRANE_std,406.20490482844406,0.0,True
7,p2_secondary_USAGE_OF_POLISHING_TABLE_decreasing,2.4631836500782955,0.034224604364994506,True
7,p2_secondary_USAGE_OF_POLISHING_TABLE_mean,1.2064490773433005,0.19863002113710435,True
7,p2_secondary_USAGE_OF_POLISHING_TABLE_std,2.351725398312769,0.07121505087830472,True
7,p2_secondary_USAGE_OF_PRESSURIZED_SHEET_decreasing,237.07064408027912,0.17677669529663675,True
7,p2_secondary_USAGE_OF_PRESSURIZED_SHEET_mean,38066.64573176222,-0.17677669529663687,True
7,p2_secondary_USAGE_OF_PRESSURIZED_SHEET_std,275.6965798140113,0.0,True
7,p2_secondary_WAFER_ROTATION_mean,0.5680482039419387,0.0005641309192516403,False
7,p2_secondary_duration,0.9650219111166203,-0.12506824860274554,False
8,lag_1,2.2712214900452636,0.6961976392382043,True
8,lag_2,0.9847009358489767,0.173944120191067,True
8,lag_3,0.44668687276927127,0.25507359605651636,True
8,lag_4,1.1696505470119625,0.35116822927537883,True
8,lag_5,1.3456003670633723,0.1301877942650609,False
8,lag_6,2.2116425093243874,0.24082266839560562,True
8,lag_7,1.2695736313618837,-0.04331841640960643,False
8,lag_8,0.9228758196004486,0.20616901095331824,True
8,lag_9,1.887754722552521,-0.08963628410127766,True
8,lag_10,0.7786746944169207,-0.10885099895530144,False
8,lag_11,0.860601561244344,0.2733536141686159,True
8,neighbor_1,8.4490917718443,1.5842475193593855,True
8,neighbor_2,1.6356059523757254,0.731387164668852,True
8,neighbor_3,2.662010361628645,0.821024628275857,True
8,neighbor_4,0.30949952481971504,0.38727006313752416,True
8,neighbor_5,0.2772905251316762,0.3706957014629953,True
8,neighbor_6,0.8906944015146555,-0.2530748825225544,False
8,neighbor_7,0.8253017598372225,0.04182097478686827,False
8,neighbor_8,1.5600867969703616,0.27611852051612007,True
8,neighbor_9,1.5849979020104155,0.1912921679275859,True
8,neighbor_10,0.34174094122261345,0.220046708786915,True
8,p2_primary_CENTER_AIR_BAG_PRESSURE_auc,0.2670874224461594,0.17677669529663687,True
8,p2_primary_CENTER_AIR_BAG_PRESSURE_mean,1.0265736865238013,-0.23554362452061262,False
8,p2_primary_CENTER_AIR_BAG_PRESSURE_std,2.57358963956256,0.16138465963444779,True
8,p2_primary_DRESSING_WATER_STATUS_auc,1.0387539524971356,0.4281337778303984,True
8,p2_primary_DRESSING_WATER_STATUS_mean,1.158182575856597,0.16346987626234757,True
8,p2_primary_DRESSING_WATER_STATUS_std,0.6722552543007808,-0.015702178968992304,False
8,p2_primary_EDGE_AIR_BAG_PRESSURE_auc,0.3052875949839873,0.1351927696800114,False
8,p2_primary_EDGE_AIR_BAG_PRESSURE_mean,0.4440916544614082,0.17018466532343077,True
8,p2_primary_EDGE_AIR_BAG_PRESSURE_std,0.2929874474581002,0.19855738064256956,True
8,p2_primary_HEAD_ROTATION_mean,1.0226566516863564,-0.08168168675592664,False
8,p2_primary_MAIN_OUTER_AIR_BAG_PRESSURE_auc,0.007432271880927924,0.06724886457755436,False
8,p2_primary_MAIN_OUTER_AIR_BAG_PRESSURE_mean,0.7210952704966458,0.09503489827250132,False
8,p2_primary_MAIN_OUTER_AIR_BAG_PRESSURE_std,2.1395528599802502,0.2556084288174656,True
8,p2_primary_PRESSURIZED_CHAMBER_PRESSURE_auc,0.8934484151503423,-0.23111953931217433,False
8,p2_primary_PRESSURIZED_CHAMBER_PRESSURE_mean,1.8450618148463958,0.3992048847357417,True
8,p2_primary_PRESSURIZED_CHAMBER_PRESSURE_std,1.0331679562796838,0.19379973410720527,True
8,p2_primary_RETAINER_RING_PRESSURE_auc,1.5071625536719797,-0.02379857803633352,True
8,p2_primary_RETAINER_RING_PRESSURE_mean,1.8789433547030627,-0.10596900063076485,True
8,p2_primary_RETAINER_RING_PRESSURE_std,1.0070657330302601,-0.06582591245967262,False
8,p2_primary_RIPPLE_AIR_BAG_PRESSURE_auc,1.417380781351469,0.2674474144209428,True
8,p2_primary_RIPPLE_AIR_BAG_PRESSURE_mean,1.0626459443815621,0.35042284652391675,True
8,p2_primary_RIPPLE_AIR_BAG_PRESSURE_std,1.1304477363323957,0.2855071698022198,True
8,p2_primary_SLURRY_FLOW_LINE_A_auc,0.7224624481311218,1.1149846894083721,True
8,p2_primary_SLURRY_FLOW_LINE_A_mean,0.32813633673617226,0.3909437136904831,True
8,p2_primary_SLURRY_FLOW_LINE_A_std,0.05030042003593225,0.4198566443733773,True
8,p2_primary_SLURRY_FLOW_LINE_B_auc,2.3456854884466645,-0.18410849201303836,True
8,p2_primary_SLURRY_FLOW_LINE_B_mean,2.270835590982831,-0.058655345192258374,True
8,p2_primary_SLURRY_FLOW_LINE_B_std,1.3495507732271146,-0.13012807073976942,False
8,p2_primary_SLURRY_FLOW_LINE_C_auc,0.8615961097381318,-0.13524800890796884,False
8,p2_primary_SLURRY_FLOW_LINE_C_mean,0.027802080853901227,0.2301375813897237,True
8,p2_primary_SLURRY_FLOW_LINE_C_std,0.5305897409564203,-0.1341318901139716,False
8,p2_primary_STAGE_ROTATION_mean,0.5860692686726625,0.3835864552057488,True
8,p2_primary_USAGE_OF_BACKING_FILM_decreasing,26.722603543702345,-0.1767766952966367,True
8,p2_primary_USAGE_OF_BACKING_FILM_mean,18613.999821554084,0.1001189672195727,True
8,p2_primary_USAGE_OF_BACKING_FILM_std,29.146549202295102,-0.06222535570709797,True
8,p2_primary_USAGE_OF_DRESSER_TABLE_decreasing,1.5331978684534875,-0.2028061657547697,True
8,p2_primary_USAGE_OF_DRESSER_TABLE_mean,30.4702037347416,0.2754656473509359,True
8,p2_primary_USAGE_OF_DRESSER_TABLE_std,1.3139319277600403,-0.2229913762465881,False
8,p2_primary_USAGE_OF_DRESSER_decreasing,0.9653042500211875,0.1551939895271279,True
8,p2_primary_USAGE_OF_DRESSER_mean,3.8319904546958785,0.11847763658624033,True
8,p2_primary_USAGE_OF_DRESSER_std,0.7898081135842846,-0.24311888081948668,False
8,p2_primary_USAGE_OF_MEMBRANE_decreasing,27.059361485481553,-0.2133775883519857,True
8,p2_primary_USAGE_OF_MEMBRANE_mean,9592.445267725003,0.2518799081951916,True
8,p2_primary_USAGE_OF_MEMBRANE_std,52.44267493010108,-0.09813962162800749,True
8,p2_primary_USAGE_OF_POLISHING_TABLE_decreasing,0.28977853565262657,0.28845703271589646,True
8,p2_primary_USAGE_OF_POLISHING_TABLE_mean,1.551477146492781,-0.22079072360372448,True
8,p2_primary_USAGE_OF_POLISHING_TABLE_std,0.23645904154309338,0.1852247980785249,True
8,p2_primary_USAGE_OF_PRESSURIZED_SHEET_decreasing,5.065403491207436,0.0028816858132891953,True
8,p2_primary_USAGE_OF_PRESSURIZED_SHEET_mean,9001.535551723187,0.0,True
8,p2_primary_USAGE_OF_PRESSURIZED_SHEET_std,6.9385769592897155,0.06796425694434186,True
8,p2_primary_WAFER_ROTATION_mean,0.7422482814305786,0.16807100053780483,True
8,p2_primary_duration,2.3018518400737245,-0.17516244793088986,True
8,p2_secondary_CENTER_AIR_BAG_PRESSURE_auc,0.6673633594418787,0.0,False
8,p2_secondary_CENTER_AIR_BAG_PRESSURE_mean,0.2251752182259704,0.17677669529663684,True
8,p2_secondary_CENTER_AIR_BAG_PRESSURE_std,0.8271726784875514,0.24441136067279876,True
8,p2_secondary_DRESSING_WATER_STATUS_auc,0.48862333452297046,0.21699707961900444,True
8,p2_secondary_DRESSING_WATER_STATUS_mean,0.730829009506212,0.2802554782669387,True
8,p2_secondary_DRESSING_WATER_STATUS_std,0.7069895362246986,0.23814381251313996,True
8,p2_secondary_EDGE_AIR_BAG_PRESSURE_auc,1.1579395111497799,0.1344023825747031,False
8,p2_secondary_EDGE_AIR_BAG_PRESSURE_mean,1.5329122173675895,0.0,True
8,p2_secondary_EDGE_AIR_BAG_PRESSURE_std,1.8272185847918356,-0.17677669529663684,True
8,p2_secondary_HEAD_ROTATION_mean,0.40645270064021255,-0.12897449176770484,False
8,p2_secondary_MAIN_OUTER_AIR_BAG_PRESSURE_auc,1.4500920489295035,-0.1767766952966368,False
8,p2_secondary_MAIN_OUTER_AIR_BAG_PRESSURE_mean,1.1422816807067089,0.1767766952966369,True
8,p2_secondary_MAIN_OUTER_AIR_BAG_PRESSURE_std,2.103790499730391,0.23179294455231633,True
8,p2_secondary_PRESSURIZED_CHAMBER_PRESSURE_auc,1.3502059719760273,-0.17677669529663698,False
8,p2_secondary_PRESSURIZED_CHAMBER_PRESSURE_mean,0.2950827965520357,-0.16209423623315172,False
8,p2_secondary_PRESSURIZED_CHAMBER_PRESSURE_std,2.995755427619377,-0.22168386565075912,True
8,p2_secondary_RETAINER_RING_PRESSURE_auc,0.6850394946222348,-0.02081065263930699,False
8,p2_secondary_RETAINER_RING_PRESSURE_mean,1.3055796139592037,0.06039136901569698,False
8,p2_secondary_RETAINER_RING_PRESSURE_std,0.9077772753154175,0.017634340010055982,False
8,p2_secondary_RIPPLE_AIR_BAG_PRESSURE_auc,0.737257648936836,-0.06359482891460493,False
8,p2_secondary_RIPPLE_AIR_BAG_PRESSURE_mean,0.6964076284707713,0.08937669735825081,False
8,p2_secondary_RIPPLE_AIR_BAG_PRESSURE_std,0.7876059642491218,-0.011883298147980314,False
8,p2_secondary_SLURRY_FLOW_LINE_A_auc,1.5289002715416602,0.3345993589368379,True
8,p2_secondary_SLURRY_FLOW_LINE_A_mean,1.4332289182794034,-0.3010177866020128,False
8,p2_secondary_SLURRY_FLOW_LINE_A_std,0.32706325461685504,-0.10538878469558428,False
8,p2_secondary_SLURRY_FLOW_LINE_B_auc,0.5389149035765344,-0.24581366888485007,False
8,p2_secondary_SLURRY_FLOW_LINE_B_mean,0.4497531960756551,-0.17677669529663692,False
8,p2_secondary_SLURRY_FLOW_LINE_B_std,0.633436783694885,-0.21669329212688052,False
8,p2_secondary_SLURRY_FLOW_LINE_C_auc,1.0502091572856522,-0.17677669529663692,False
8,p2_secondary_SLURRY_FLOW_LINE_C_mean,0.7119456774728402,-0.1767766952966368,False
8,p2_secondary_SLURRY_FLOW_LINE_C_std,0.09097008143305903,0.2596456632109308,True
8,p2_secondary_STAGE_ROTATION_mean,0.920440445761374,-0.32237950757074363,False
8,p2_secondary_USAGE_OF_BACKING_FILM_decreasing,4.281634676502704,0.17677669529663684,True
8,p2_secondary_USAGE_OF_BACKING_FILM_mean,7832.973046434474,0.18707681536324167,True
8,p2_secondary_USAGE_OF_BACKING_FILM_std,1.4536933093705906,0.0,False
8,p2_secondary_USAGE_OF_DRESSER_TABLE_decreasing,1.9917497171998775,0.0,True
8,p2_secondary_USAGE_OF_DRESSER_TABLE_mean,30.360105707919637,0.3398178694321679,True
8,p2_secondary_USAGE_OF_DRESSER_TABLE_std,0.941012200473696,0.0,False
8,p2_secondary_USAGE_OF_DRESSER_decreasing,0.3065397094266722,0.0,False
8,p2_secondary_USAGE_OF_DRESSER_mean,3.8290400787655803,0.34920993246182186,True
8,p2_secondary_USAGE_OF_DRESSER_std,0.8165810224661985,0.0,False
8,p2_secondary_USAGE_OF_MEMBRANE_decreasing,102.39400657692315,-0.27854796561745254,True
8,p2_secondary_USAGE_OF_MEMBRANE_mean,35146.06819847288,0.176776695296637,True
8,p2_secondary_USAGE_OF_MEMBRANE_std,153.15242754725628,0.17677669529663687,True
8,p2_secondary_USAGE_OF_POLISHING_TABLE_decreasing,2.4582192373887333,0.29455556337070704,True
8,p2_secondary_USAGE_OF_POLISHING_TABLE_mean,1.557912186955603,0.09472379515812356,True
8,p2_secondary_USAGE_OF_POLISHING_TABLE_std,2.0142137628295105,-0.17677669529663692,True
8,p2_secondary_USAGE_OF_PRESSURIZED_SHEET_decreasing,88.78015804869011,-0.17677669529663675,True
8,p2_secondary_USAGE_OF_PRESSURIZED_SHEET_mean,43002.64040559847,-0.17677669529663687,True
8,p2_secondary_USAGE_OF_PRESSURIZED_SHEET_std,123.23182128917641,0.0,True
8,p2_secondary_WAFER_ROTATION_mean,1.3725686300038564,-0.15841581458087706,False
8,p2_secondary_duration,0.5020979668422413,-0.03319505497221932,False
9,lag_1,2.310878007369813,0.8658680849417368,True
9,lag_2,1.3073381524235392,0.4331910440404612,True
9,lag_3,1.460310538030599,-0.18461781192957055,False
9,lag_4,0.583477418628902,0.2963817220463265,True
9,lag_5,0.7444608205646311,-0.18165195780298668,False
9,lag_6,1.4547636477515107,-0.0392081414051925,False
9,lag_7,1.4023975460955025,0.3611083225312982,True
9,lag_8,0.3033016729494165,-0.12190273896091773,False
9,lag_9,1.039302179415913,0.3120057985929045,True
9,lag_10,1.6948107333732418,0.1780369251730994,True
9,lag_11,1.0428974614829474,-0.23792748120070845,False
9,neighbor_1,8.523487630789264,3.711691126128772,True
9,neighbor_2,2.770036180635807,1.4719897411753116,True
9,neighbor_3,0.5354741628648813,0.3170804171162008,True
9,neighbor_4,0.23633260005340545,0.31222909919181335,True
9,neighbor_5,2.343810509485025,0.40655013347670393,True
9,neighbor_6,1.6214776664844734,-0.056769627794189134,True
9,neighbor_7,0.5903534921666754,-0.28841449454976426,False
9,neighbor_8,1.7174119337031044,0.40802763842739637,True
9,neighbor_9,1.7121322733468336,0.09551403312558189,True
9,neighbor_10,1.341825382164688,0.29183572587773576,True
9,p2_primary_CENTER_AIR_BAG_PRESSURE_auc,0.4559833989995577,0.27039277113215004,True
9,p2_primary_CENTER_AIR_BAG_PRESSURE_mean,1.0100539536795492,-0.17677669529663698,False
9,p2_primary_CENTER_AIR_BAG_PRESSURE_std,1.1990438614025005,0.2218040585353189,True
9,p2_primary_DRESSING_WATER_STATUS_auc,1.068627174311115,0.23675751051561997,True
9,p2_primary_DRESSING_WATER_STATUS_mean,1.5882937250465288,0.32289750782910465,True
9,p2_primary_DRESSING_WATER_STATUS_std,1.7626060778114274,0.351338096838949,True
9,p2_primary_EDGE_AIR_BAG_PRESSURE_auc,1.4080051295493745,0.024406921092167907,False
9,p2_primary_EDGE_AIR_BAG_PRESSURE_mean,1.4601539045960203,0.002149265535085909,False
9,p2_primary_EDGE_AIR_BAG_PRESSURE_std,0.23869130466175797,0.3930026614057072,True
9,p2_primary_HEAD_ROTATION_mean,0.6521661343036516,-0.09145519345710755,False
9,p2_primary_MAIN_OUTER_AIR_BAG_PRESSURE_auc,0.5613719771496871,-0.23199797078390968,False
9,p2_primary_MAIN_OUTER_AIR_BAG_PRESSURE_mean,1.0321274566070249,0.019730288601005164,False
9,p2_primary_MAIN_OUTER_AIR_BAG_PRESSURE_std,1.4998163042987258,0.28239967824082274,True
9,p2_primary_PRESSURIZED_CHAMBER_PRESSURE_auc,0.10043367152213561,0.05650933057389666,False
9,p2_primary_PRESSURIZED_CHAMBER_PRESSURE_mean,2.090207970105539,0.44533125683730057,True
9,p2_primary_PRESSURIZED_CHAMBER_PRESSURE_std,0.5926237022983921,0.160554117716527,True
9,p2_primary_RETAINER_RING_PRESSURE_auc,1.0266459945937219,0.40745181581151924,True
9,p2_primary_RETAINER_RING_PRESSURE_mean,0.8650947476922942,-0.04019744008314807,False
9,p2_primary_RETAINER_RING_PRESSURE_std,0.4732121270127434,-0.16969764966391176,False
9,p2_primary_RIPPLE_AIR_BAG_PRESSURE_auc,2.2896465247097626,0.36288598601215466,True
9,p2_primary_RIPPLE_AIR_BAG_PRESSURE_mean,1.8406624156597913,0.23727953601703414,True
9,p2_primary_RIPPLE_AIR_BAG_PRESSURE_std,1.0017058976108784,0.3119549634318419,True
9,p2_primary_SLURRY_FLOW_LINE_A_auc,1.664402998676248,0.735432158916996,True
9,p2_primary_SLURRY_FLOW_LINE_A_mean,0.709458332113055,0.4710807742632571,True
9,p2_primary_SLURRY_FLOW_LINE_A_std,1.5289095824103893,0.37906606221657085,True
9,p2_primary_SLURRY_FLOW_LINE_B_auc,1.4902191556309108,-0.015063777905387427,False
9,p2_primary_SLURRY_FLOW_LINE_B_mean,1.6721997143230443,-0.17677669529663684,True
9,p2_primary_SLURRY_FLOW_LINE_B_std,1.1232559630529266,0.2545615595955798,True
9,p2_primary_SLURRY_FLOW_LINE_C_auc,0.28548105982574484,0.27870796693875677,True
9,p2_primary_SLURRY_FLOW_LINE_C_mean,0.11267364727719209,0.06696387601429211,False
9,p2_primary_SLURRY_FLOW_LINE_C_std,0.7994785609155632,0.24106104275605827,True
9,p2_primary_STAGE_ROTATION_mean,0.06906995758578532,0.2760644451481283,True
9,p2_primary_USAGE_OF_BACKING_FILM_decreasing,18.08008406330679,-0.28041495602171546,True
9,p2_primary_USAGE_OF_BACKING_FILM_mean,8257.568241866227,-0.17677669529663684,True
9,p2_primary_USAGE_OF_BACKING_FILM_std,19.142261538989217,0.13529285515277814,True
9,p2_primary_USAGE_OF_DRESSER_TABLE_decreasing,2.0136366397260046,0.18666968528473618,True
9,p2_primary_USAGE_OF_DRESSER_TABLE_mean,81.08184118681368,0.2807100028008571,True
9,p2_primary_USAGE_OF_DRESSER_TABLE_std,1.6652157784826025,-0.2932589510517147,True
9,p2_primary_USAGE_OF_DRESSER_decreasing,0.45250706732402907,-0.1814615022673305,False
9,p2_primary_USAGE_OF_DRESSER_mean,7.907952958763587,-0.17677669529663687,True
9,p2_primary_USAGE_OF_DRESSER_std,0.6780968032594988,-0.1767766952966369,False
9,p2_primary_USAGE_OF_MEMBRANE_decreasing,23.728022011143743,-0.15291990749452825,True
9,p2_primary_USAGE_OF_MEMBRANE_mean,3551.8066815234974,0.2273812208371576,True
9,p2_primary_USAGE_OF_MEMBRANE_std,48.60938725629113,-0.10968775091880137,True
9,p2_primary_USAGE_OF_POLISHING_TABLE_decreasing,0.5960224109301945,0.341566544517523,True
9,p2_primary_USAGE_OF_POLISHING_TABLE_mean,1.0246468268958242,-0.10712315930059466,False
9,p2_primary_USAGE_OF_POLISHING_TABLE_std,0.5693862912445199,-0.05573336528999543,False
9,p2_primary_USAGE_OF_PRESSURIZED_SHEET_decreasing,4.592896689987126,0.193057556330365,True
9,p2_primary_USAGE_OF_PRESSURIZED_SHEET_mean,4682.459823857056,0.0,True
9,p2_primary_USAGE_OF_PRESSURIZED_SHEET_std,6.756200296969651,-0.26750234117489935,True
9,p2_primary_WAFER_ROTATION_mean,0.6017085422064345,-0.055615314266276535,False
9,p2_primary_duration,1.4304801766428785,0.06055600315399773,False
9,p2_secondary_CENTER_AIR_BAG_PRESSURE_auc,1.5256072730883745,0.013061217215448324,True
9,p2_secondary_CENTER_AIR_BAG_PRESSURE_mean,1.168022577249877,0.0,False
9,p2_secondary_CENTER_AIR_BAG_PRESSURE_std,1.2443429306218077,0.1680532282462995,True
9,p2_secondary_DRESSING_WATER_STATUS_auc,0.6366267158251274,-0.2447419303769118,False
9,p2_secondary_DRESSING_WATER_STATUS_mean,0.8134708295362685,-0.16615056452573423,False
9,p2_secondary_DRESSING_WATER_STATUS_std,0.8296387485124348,-0.12784580620263844,False
9,p2_secondary_EDGE_AIR_BAG_PRESSURE_auc,0.7776422882709938,0.17677669529663687,True
9,p2_secondary_EDGE_AIR_BAG_PRESSURE_mean,1.0103605418048403,-0.17677669529663692,False
9,p2_secondary_EDGE_AIR_BAG_PRESSURE_std,1.805924526537081,0.2110632943011204,True
9,p2_secondary_HEAD_ROTATION_mean,0.7334074038755554,-0.07414805863484922,False
9,p2_secondary_MAIN_OUTER_AIR_BAG_PRESSURE_auc,1.7121429764429579,-0.2582352809332682,True
9,p2_secondary_MAIN_OUTER_AIR_BAG_PRESSURE_mean,1.4637839463764681,-0.23288907974719564,False
9,p2_secondary_MAIN_OUTER_AIR_BAG_PRESSURE_std,1.9897127893681754,-0.021019447320241143,True
9,p2_secondary_PRESSURIZED_CHAMBER_PRESSURE_auc,1.574192715656462,0.2129871354635333,True
9,p2_secondary_PRESSURIZED_CHAMBER_PRESSURE_mean,1.0985962506729747,-0.17677669529663684,False
9,p2_secondary_PRESSURIZED_CHAMBER_PRESSURE_std,1.7937896691668238,0.08785362017276582,True
9,p2_secondary_RETAINER_RING_PRESSURE_auc,0.8862566713179151,-0.18398621515428182,False
9,p2_secondary_RETAINER_RING_PRESSURE_mean,1.482638720368376,-0.09178162434006501,False
9,p2_secondary_RETAINER_RING_PRESSURE_std,1.1657634779916601,-0.00682823401374405,False
9,p2_secondary_RIPPLE_AIR_BAG_PRESSURE_auc,0.67980822836402,-0.17677669529663687,False
9,p2_secondary_RIPPLE_AIR_BAG_PRESSURE_mean,0.710111519295478,0.17677669529663687,True
9,p2_secondary_RIPPLE_AIR_BAG_PRESSURE_std,0.8048645729866898,-0.1269911526935236,False
9,p2_secondary_SLURRY_FLOW_LINE_A_auc,0.7854610865017985,-0.2807208072821324,False
9,p2_secondary_SLURRY_FLOW_LINE_A_mean,0.615050588958521,-0.1767766952966368,False
9,p2_secondary_SLURRY_FLOW_LINE_A_std,0.5041656211169848,-0.2749241499209114,False
9,p2_secondary_SLURRY_FLOW_LINE_B_auc,0.13280083164400638,0.1887785040572714,True
9,p2_secondary_SLURRY_FLOW_LINE_B_mean,0.05282860587299823,0.010471156667978158,False
9,p2_secondary_SLURRY_FLOW_LINE_B_std,0.1387717196229872,-0.25350209596919615,False
9,p2_secondary_SLURRY_FLOW_LINE_C_auc,0.06504174106661853,-0.21321267231857322,False
9,p2_secondary_SLURRY_FLOW_LINE_C_mean,0.011543714979113915,0.2506966206172128,True
9,p2_secondary_SLURRY_FLOW_LINE_C_std,0.3357790288014654,-0.12401390735311867,False
9,p2_secondary_STAGE_ROTATION_mean,0.39161998821074906,-0.2550145423815645,False
9,p2_secondary_USAGE_OF_BACKING_FILM_decreasing,15.058684018200564,0.0,True
9,p2_secondary_USAGE_OF_BACKING_FILM_mean,8389.062932030201,0.2476038836756684,True
9,p2_secondary_USAGE_OF_BACKING_FILM_std,13.948790141514483,0.06854396548936316,True
9,p2_secondary_USAGE_OF_DRESSER_TABLE_decreasing,1.564045199625933,0.0,True
9,p2_secondary_USAGE_OF_DRESSER_TABLE_mean,80.91481353659117,0.24959938857363148,True
9,p2_secondary_USAGE_OF_DRESSER_TABLE_std,1.2730782186646976,0.0,False
9,p2_secondary_USAGE_OF_DRESSER_decreasing,1.346145899338762,0.0,False
9,p2_secondary_USAGE_OF_DRESSER_mean,7.907500264536276,0.13630838823883423,True
9,p2_secondary_USAGE_OF_DRESSER_std,2.02044019007654,0.0,True
9,p2_secondary_USAGE_OF_MEMBRANE_decreasing,115.38525603410552,0.010557902758684052,True
9,p2_secondary_USAGE_OF_MEMBRANE_mean,13043.51648626915,0.0,True
9,p2_secondary_USAGE_OF_MEMBRANE_std,123.8899882854516,-0.25375385831764297,True
9,p2_secondary_USAGE_OF_POLISHING_TABLE_decreasing,2.256612072111034,0.2539694100423318,True
9,p2_secondary_USAGE_OF_POLISHING_TABLE_mean,1.0254320827609498,0.3685231165164633,True
9,p2_secondary_USAGE_OF_POLISHING_TABLE_std,1.9972074058351272,0.1767766952966368,True
9,p2_secondary_USAGE_OF_PRESSURIZED_SHEET_decreasing,77.51421916485225,-0.17677669529663712,True
9,p2_secondary_USAGE_OF_PRESSURIZED_SHEET_mean,21459.007534561068,0.19364000427927425,True
9,p2_secondary_USAGE_OF_PRESSURIZED_SHEET_std,88.34061526450053,0.11546417583153026,True
9,p2_secondary_WAFER_ROTATION_mean,0.602233387297205,-0.017210967600317005,False
9,p2_secondary_duration,0.6775030180638104,-0.2607898858542935,False
10,lag_1,1.0761112678811302,0.6274448652815189,True
10,lag_2,0.3478310181866268,0.43667718779124076,True
10,lag_3,1.5604147933301815,0.17115632281431722,True
10,lag_4,1.6566231348640812,-0.05501801628497451,True
10,lag_5,2.652978528558642,0.061361819715222275,True
10,lag_6,0.8808751389848939,0.15987944312117314,True
10,lag_7,0.32350143732986714,-0.11560389082432626,False
10,lag_8,0.47738814785141426,0.1818211281103107,True
10,lag_9,0.7797369581140527,0.21436376406391155,True
10,lag_10,1.3043612009183971,-0.28932393742404144,False
10,lag_11,1.044434943123324,0.049268842966323285,False
10,neighbor_1,7.453933213357405,3.1620123923503827,True
10,neighbor_2,1.6698599123878943,0.4098739143833626,True
10,neighbor_3,0.6615804716069769,-0.1832949881500738,False
10,neighbor_4,0.5949219923904594,0.3537172344685211,True
10,neighbor_5,1.4456036345757188,0.3824685408388198,True
10,neighbor_6,0.4272585639949464,0.1623442360834595,True
10,neighbor_7,1.6208587263241145,0.28460954422804835,True
10,neighbor_8,1.3001461094125621,0.28660373422624635,True
10,neighbor_9,0.5776552400151453,0.14951797892832258,False
10,neighbor_10,2.4699641563217587,0.0034595733795615056,True
10,p2_primary_CENTER_AIR_BAG_PRESSURE_auc,2.3431441949234073,0.11836377101528266,True
10,p2_primary_CENTER_AIR_BAG_PRESSURE_mean,2.4739878829496136,0.2503332504322533,True
10,p2_primary_CENTER_AIR_BAG_PRESSURE_std,0.4462738814384128,-0.03258655205657788,False
10,p2_primary_DRESSING_WATER_STATUS_auc,2.3150883490038403,0.15105741509826134,True
10,p2_primary_DRESSING_WATER_STATUS_mean,2.667727758702277,0.020710059304539234,True
10,p2_primary_DRESSING_WATER_STATUS_std,1.1303219467326777,0.3605729348366532,True
10,p2_primary_EDGE_AIR_BAG_PRESSURE_auc,0.20758613673478926,0.17677669529663692,True
10,p2_primary_EDGE_AIR_BAG_PRESSURE_mean,0.0928682264171718,0.2744419515613787,True
10,p2_primary_EDGE_AIR_BAG_PRESSURE_std,0.9492592351150664,0.2146577158779335,True
10,p2_primary_HEAD_ROTATION_mean,0.46417259016686124,-0.044273660631664345,False
10,p2_primary_MAIN_OUTER_AIR_BAG_PRESSURE_auc,2.4757029797200203,-0.17217416720571468,True
10,p2_primary_MAIN_OUTER_AIR_BAG_PRESSURE_mean,2.538748294984182,0.1767766952966368,True
10,p2_primary_MAIN_OUTER_AIR_BAG_PRESSURE_std,0.4296605242510797,0.29451457679641607,True
10,p2_primary_PRESSURIZED_CHAMBER_PRESSURE_auc,0.5774419991230949,0.7118898491007526,True
10,p2_primary_PRESSURIZED_CHAMBER_PRESSURE_mean,1.3639646532898444,0.3975549504808446,True
10,p2_primary_PRESSURIZED_CHAMBER_PRESSURE_std,0.27186871682868397,0.19707480560004995,True
10,p2_primary_RETAINER_RING_PRESSURE_auc,1.103888409832385,0.06957527069501038,False
10,p2_primary_RETAINER_RING_PRESSURE_mean,0.648656049547822,-0.12714908847430326,False
10,p2_primary_RETAINER_RING_PRESSURE_std,0.46410356645117856,0.14275726274336833,False
10,p2_primary_RIPPLE_AIR_BAG_PRESSURE_auc,1.6855928204451351,0.21009098583638067,True
10,p2_primary_RIPPLE_AIR_BAG_PRESSURE_mean,1.5622790779811981,0.1859405111352229,True
10,p2_primary_RIPPLE_AIR_BAG_PRESSURE_std,0.6260069346699347,0.17681775672985003,True
10,p2_primary_SLURRY_FLOW_LINE_A_auc,0.14261779805677305,0.45132838596457936,True
10,p2_primary_SLURRY_FLOW_LINE_A_mean,0.7187737247404901,0.2606639550216563,True
10,p2_primary_SLURRY_FLOW_LINE_A_std,0.5329570201558587,0.278422853690137,True
10,p2_primary_SLURRY_FLOW_LINE_B_auc,0.5457809498176441,0.2843376912342535,True
10,p2_primary_SLURRY_FLOW_LINE_B_mean,1.766341019855765,0.0431683621031651,True
10,p2_primary_SLURRY_FLOW_LINE_B_std,1.7105472992678084,0.20853921660805738,True
10,p2_primary_SLURRY_FLOW_LINE_C_auc,0.5722617352387294,0.3977900460062575,True
10,p2_primary_SLURRY_FLOW_LINE_C_mean,0.04887058287663015,-0.006291377986822385,False
10,p2_primary_SLURRY_FLOW_LINE_C_std,0.37519330527085754,-0.15924807610157393,False
10,p2_primary_STAGE_ROTATION_mean,1.237065588844129,0.24497872800663553,True
10,p2_primary_USAGE_OF_BACKING_FILM_decreasing,1.171156575727181,-0.20646478638413296,False
10,p2_primary_USAGE_OF_BACKING_FILM_mean,90414.4940136838,-0.17677669529663687,True
10,p2_primary_USAGE_OF_BACKING_FILM_std,1.372060630013842,0.17677669529663695,True
10,p2_primary_USAGE_OF_DRESSER_TABLE_decreasing,0.17636093703386635,0.21617839724173796,True
10,p2_primary_USAGE_OF_DRESSER_TABLE_mean,178.35782369512526,0.23916197356838503,True
10,p2_primary_USAGE_OF_DRESSER_TABLE_std,0.4788209468576579,0.07926853613957863,False
10,p2_primary_USAGE_OF_DRESSER_decreasing,0.7039873415651753,-0.14859031915206378,False
10,p2_primary_USAGE_OF_DRESSER_mean,4.856704551790523,0.21349622015747405,True
10,p2_primary_USAGE_OF_DRESSER_std,0.1283889671562334,0.2540521118686961,True
10,p2_primary_USAGE_OF_MEMBRANE_decreasing,8.457719217607917,-0.278466855648216,True
10,p2_primary_USAGE_OF_MEMBRANE_mean,450055.0651024691,0.0,True
10,p2_primary_USAGE_OF_MEMBRANE_std,26.364941360349558,-0.17677669529663684,True
10,p2_primary_USAGE_OF_POLISHING_TABLE_decreasing,2.1003765362598403,0.1917677118005738,True
10,p2_primary_USAGE_OF_POLISHING_TABLE_mean,2.272889727045707,-0.1767766952966369,True
10,p2_primary_USAGE_OF_POLISHING_TABLE_std,2.015273076055193,-0.2846403282213898,True
10,p2_primary_USAGE_OF_PRESSURIZED_SHEET_decreasing,0.26047856364882527,-0.14133826681961845,False
10,p2_primary_USAGE_OF_PRESSURIZED_SHEET_mean,363126.6211404366,0.1767766952966369,True
10,p2_primary_USAGE_OF_PRESSURIZED_SHEET_std,0.5753731715968177,0.0,False
10,p2_primary_WAFER_ROTATION_mean,1.1821170489450048,0.10667384451395429,False
10,p2_primary_duration,0.2939929174974966,0.23256480082480577,True
10,p2_secondary_CENTER_AIR_BAG_PRESSURE_auc,0.9302287693756646,0.0,False
10,p2_secondary_CENTER_AIR_BAG_PRESSURE_mean,0.702948297668469,0.10701716392056886,False
10,p2_secondary_CENTER_AIR_BAG_PRESSURE_std,0.7054470717699757,0.17677669529663678,True
10,p2_secondary_DRESSING_WATER_STATUS_auc,0.3704082539613419,0.1973242363319623,True
10,p2_secondary_DRESSING_WATER_STATUS_mean,0.3495736165647052,0.03779996448494953,False
10,p2_secondary_DRESSING_WATER_STATUS_std,0.42221797334586775,0.05961213372443236,False
10,p2_secondary_EDGE_AIR_BAG_PRESSURE_auc,0.15207769852943864,0.17677669529663687,True
10,p2_secondary_EDGE_AIR_BAG_PRESSURE_mean,0.3963835301989799,0.17677669529663678,True
10,p2_secondary_EDGE_AIR_BAG_PRESSURE_std,0.019916346992683052,0.1438480694836121,False
10,p2_secondary_HEAD_ROTATION_mean,0.22544199047519095,-0.18086868656791769,False
10,p2_secondary_MAIN_OUTER_AIR_BAG_PRESSURE_auc,0.9313756395674929,0.17677669529663706,True
10,p2_secondary_MAIN_OUTER_AIR_BAG_PRESSURE_mean,0.5229214018857703,0.2480045341095733,True
10,p2_secondary_MAIN_OUTER_AIR_BAG_PRESSURE_std,2.660601152415318,0.17677669529663687,True
10,p2_secondary_PRESSURIZED_CHAMBER_PRESSURE_auc,1.840044838257396,0.0,True
10,p2_secondary_PRESSURIZED_CHAMBER_PRESSURE_mean,1.1351422637222095,0.0,False
10,p2_secondary_PRESSURIZED_CHAMBER_PRESSURE_std,2.881804235274626,-0.04825821584367346,True
10,p2_secondary_RETAINER_RING_PRESSURE_auc,0.5789300987679222,-0.17677669529663684,False
10,p2_secondary_RETAINER_RING_PRESSURE_mean,1.9299018338007325,0.1878259150640981,True
10,p2_secondary_RETAINER_RING_PRESSURE_std,3.084734285473765,-0.08504964228922723,True
10,p2_secondary_RIPPLE_AIR_BAG_PRESSURE_auc,0.3837819067026397,-0.15027090529501366,False
10,p2_secondary_RIPPLE_AIR_BAG_PRESSURE_mean,0.758451236606648,-0.17677669529663692,False
10,p2_secondary_RIPPLE_AIR_BAG_PRESSURE_std,1.3041336251424513,0.24736258423494292,True
10,p2_secondary_SLURRY_FLOW_LINE_A_auc,1.169580233580253,-0.14280981606225496,False
10,p2_secondary_SLURRY_FLOW_LINE_A_mean,1.0486751867976976,-0.2622093885442812,False
10,p2_secondary_SLURRY_FLOW_LINE_A_std,1.6248828906910737,0.2899570248982979,True
10,p2_secondary_SLURRY_FLOW_LINE_B_auc,0.5657539278929207,0.0,False
10,p2_secondary_SLURRY_FLOW_LINE_B_mean,0.5918990544534632,0.17677669529663687,True
10,p2_secondary_SLURRY_FLOW_LINE_B_std,0.08150955710722287,0.3176304621396325,True
10,p2_secondary_SLURRY_FLOW_LINE_C_auc,1.4012646337650951,0.195450631574103,True
10,p2_secondary_SLURRY_FLOW_LINE_C_mean,1.349478836236865,0.23523397492581738,True
10,p2_secondary_SLURRY_FLOW_LINE_C_std,1.003504417303274,0.2037463544924568,True
10,p2_secondary_STAGE_ROTATION_mean,0.3191992673104385,-0.08923137991765255,False
10,p2_secondary_USAGE_OF_BACKING_FILM_decreasing,17.68881476292241,-0.17677669529663695,True
10,p2_secondary_USAGE_OF_BACKING_FILM_mean,39415.88971706197,0.1767766952966369,True
10,p2_secondary_USAGE_OF_BACKING_FILM_std,22.850114898117123,0.17677669529663687,True
10,p2_secondary_USAGE_OF_DRESSER_TABLE_decreasing,0.07845490040785041,0.0,False
10,p2_secondary_USAGE_OF_DRESSER_TABLE_mean,177.62368407925987,0.24066546329928604,True
10,p2_secondary_USAGE_OF_DRESSER_TABLE_std,0.3423570730427315,0.0,False
10,p2_secondary_USAGE_OF_DRESSER_decreasing,0.3339558522756672,0.0,False
10,p2_secondary_USAGE_OF_DRESSER_mean,4.912285488087276,0.285430440159795,True
10,p2_secondary_USAGE_OF_DRESSER_std,0.7455733368249795,0.0,False
10,p2_secondary_USAGE_OF_MEMBRANE_decreasing,30.303782688946235,0.0,True
10,p2_secondary_USAGE_OF_MEMBRANE_mean,429406.65549266187,0.17677669529663692,True
10,p2_secondary_USAGE_OF_MEMBRANE_std,39.4284609273635,-0.01980839865744459,True
10,p2_secondary_USAGE_OF_POLISHING_TABLE_decreasing,0.17561996154563186,-0.2117355257554182,False
10,p2_secondary_USAGE_OF_POLISHING_TABLE_mean,2.2733047772709045,-0.02646301169362284,True
10,p2_secondary_USAGE_OF_POLISHING_TABLE_std,0.06391794298676988,-0.1767766952966367,False
10,p2_secondary_USAGE_OF_PRESSURIZED_SHEET_decreasing,11.866556211117233,0.0,True
10,p2_secondary_USAGE_OF_PRESSURIZED_SHEET_mean,468251.7774932088,0.17677669529663692,True
10,p2_secondary_USAGE_OF_PRESSURIZED_SHEET_std,15.336235332630872,0.0,True
10,p2_secondary_WAFER_ROTATION_mean,0.12942900179344036,0.17903292517560293,True
10,p2_secondary_duration,0.29243109515714516,0.1767766952966369,True
11,lag_1,1.4862374522804118,0.693564910555934,True
11,lag_2,0.5834904332714789,0.4020880553064341,True
11,lag_3,1.7631301522556484,0.28165499603910005,True
11,lag_4,0.9486095734251668,0.2444977828729963,True
11,lag_5,0.30947781725445234,0.014192903506827408,False
11,lag_6,0.32053201929301317,0.24267276072950436,True
11,lag_7,1.6247793485385007,0.12316133076950114,True
11,lag_8,0.5961523266402377,0.27121768450063155,True
11,lag_9,1.7610334946387245,-0.13891924347247095,True
11,lag_10,1.0102712024902514,-0.068206470830938,False
11,lag_11,0.3784376055502913,-0.005421449900759351,False
11,neighbor_1,9.234420505194926,3.9352413571437337,True
11,neighbor_2,2.5838527838083905,0.6384725088931652,True
11,neighbor_3,2.8381393994837514,0.2226475496029134,True
11,neighbor_4,1.7587651715258081,0.4834375763767981,True
11,neighbor_5,1.584597003164047,0.10191588446860755,True
11,neighbor_6,0.08572837542668574,-0.12301845800467977,False
11,neighbor_7,0.20160824330807758,-0.07831711417930569,False
11,neighbor_8,2.4422574569931803,0.3276589000428213,True
11,neighbor_9,0.5292611797061094,0.05004090686364743,False
11,neighbor_10,0.8095623086056696,0.36208279249428765,True
11,p2_primary_CENTER_AIR_BAG_PRESSURE_auc,1.3732341885321047,0.1133541481060651,False
11,p2_primary_CENTER_AIR_BAG_PRESSURE_mean,0.9454891740450179,0.29499079516459625,True
11,p2_primary_CENTER_AIR_BAG_PRESSURE_std,0.8755356374012533,0.26726246663592584,True
11,p2_primary_DRESSING_WATER_STATUS_auc,0.12067311302857814,0.037051759454062576,False
11,p2_primary_DRESSING_WATER_STATUS_mean,0.0851029599778198,0.35184066314794926,True
11,p2_primary_DRESSING_WATER_STATUS_std,0.23432460258118082,-0.1886953220766279,False
11,p2_primary_EDGE_AIR_BAG_PRESSURE_auc,1.1134444805213841,0.2431405769639947,True
11,p2_primary_EDGE_AIR_BAG_PRESSURE_mean,0.9723849140662151,0.27734512002864087,True
11,p2_primary_EDGE_AIR_BAG_PRESSURE_std,0.7031496216076646,0.3428171161131958,True
11,p2_primary_HEAD_ROTATION_mean,0.5910332247706637,-0.13781076938262138,False
11,p2_primary_MAIN_OUTER_AIR_BAG_PRESSURE_auc,0.8706184365238406,0.0752636500038267,False
11,p2_primary_MAIN_OUTER_AIR_BAG_PRESSURE_mean,0.5917258678929903,-0.23479671126454046,False
11,p2_primary_MAIN_OUTER_AIR_BAG_PRESSURE_std,1.672402033863393,0.24389003017768043,True
11,p2_primary_PRESSURIZED_CHAMBER_PRESSURE_auc,0.7597802601192095,0.882202838080834,True
11,p2_primary_PRESSURIZED_CHAMBER_PRESSURE_mean,2.618464029526095,0.5257403794271193,True
11,p2_primary_PRESSURIZED_CHAMBER_PRESSURE_std,0.2347733667667057,0.26613684323932807,True
11,p2_primary_RETAINER_RING_PRESSURE_auc,1.0148346256263443,-0.13942030161622232,False
11,p2_primary_RETAINER_RING_PRESSURE_mean,0.8490498823285875,0.36311516763479446,True
11,p2_primary_RETAINER_RING_PRESSURE_std,0.7490063372720396,0.24377758645101752,True
11,p2_primary_RIPPLE_AIR_BAG_PRESSURE_auc,1.1714407079238702,0.021001692602694896,False
11,p2_primary_RIPPLE_AIR_BAG_PRESSURE_mean,0.6056267785942298,-0.1885021892774182,False
11,p2_primary_RIPPLE_AIR_BAG_PRESSURE_std,0.6761047808276128,-0.023909858571425344,False
11,p2_primary_SLURRY_FLOW_LINE_A_auc,1.500379596152271,1.068245870253763,True
11,p2_primary_SLURRY_FLOW_LINE_A_mean,0.22864266517887677,0.5453655055357887,True
11,p2_primary_SLURRY_FLOW_LINE_A_std,0.30556731810100113,0.5491351908476904,True
11,p2_primary_SLURRY_FLOW_LINE_B_auc,0.10637256184847473,-0.23509797667356888,False
11,p2_primary_SLURRY_FLOW_LINE_B_mean,0.44752918076756937,0.01978863617723851,False
11,p2_primary_SLURRY_FLOW_LINE_B_std,0.8265379197600109,0.0,False
11,p2_primary_SLURRY_FLOW_LINE_C_auc,0.5039325103583785,0.20020249054041642,True
11,p2_primary_SLURRY_FLOW_LINE_C_mean,1.2659026945616974,0.1278600872061446,False
11,p2_primary_SLURRY_FLOW_LINE_C_std,0.9162550358337435,-0.11327614235920366,False
11,p2_primary_STAGE_ROTATION_mean,0.7509871662262148,0.1652914232353775,True
11,p2_primary_USAGE_OF_BACKING_FILM_decreasing,1.2314745488884677,0.15652759768015764,True
11,p2_primary_USAGE_OF_BACKING_FILM_mean,3848.0515787478616,0.1450381524494957,True
11,p2_primary_USAGE_OF_BACKING_FILM_std,1.2104841985437376,0.022756249274618112,False
11,p2_primary_USAGE_OF_DRESSER_TABLE_decreasing,1.2146762390602484,-0.004111425758838213,False
11,p2_primary_USAGE_OF_DRESSER_TABLE_mean,2.8526040176721694,0.2664738214362253,True
11,p2_primary_USAGE_OF_DRESSER_TABLE_std,1.0308313562800626,0.17677669529663687,True
11,p2_primary_USAGE_OF_DRESSER_decreasing,0.7000964547041754,0.0531293135879061,False
11,p2_primary_USAGE_OF_DRESSER_mean,1.0680996170145434,0.3107441408308978,True
11,p2_primary_USAGE_OF_DRESSER_std,0.4693142710727037,-0.27796150549423854,False
11,p2_primary_USAGE_OF_MEMBRANE_decreasing,4.134922079660079,-0.06025187194265762,True
11,p2_primary_USAGE_OF_MEMBRANE_mean,17735.44207529863,0.20039477416038223,True
11,p2_primary_USAGE_OF_MEMBRANE_std,4.625643908693464,-0.1179528001895658,True
11,p2_primary_USAGE_OF_POLISHING_TABLE_decreasing,0.6877751991107295,0.10583521069250136,False
11,p2_primary_USAGE_OF_POLISHING_TABLE_mean,1.3297146250969996,-0.05600539613080005,False
11,p2_primary_USAGE_OF_POLISHING_TABLE_std,0.6096383957046961,0.266384741253519,True
11,p2_primary_USAGE_OF_PRESSURIZED_SHEET_decreasing,0.1033100239328872,0.06235851373886858,False
11,p2_primary_USAGE_OF_PRESSURIZED_SHEET_mean,13895.082617549255,-0.11864965115044981,True
11,p2_primary_USAGE_OF_PRESSURIZED_SHEET_std,0.10588347989895462,-0.16088616193640248,False
11,p2_primary_WAFER_ROTATION_mean,1.4558175652342675,0.1962753422835943,True
11,p2_primary_duration,0.3236946472305647,0.19814810635672622,True
11,p2_secondary_CENTER_AIR_BAG_PRESSURE_auc,0.5860575330332806,0.0,False
11,p2_secondary_CENTER_AIR_BAG_PRESSURE_mean,0.0025803132807007676,0.1767766952966369,True
11,p2_secondary_CENTER_AIR_BAG_PRESSURE_std,2.414780203097754,0.21927459258492496,True
11,p2_secondary_DRESSING_WATER_STATUS_auc,0.1694604064178693,-0.15924230938884743,False
11,p2_secondary_DRESSING_WATER_STATUS_mean,0.15809968359848392,-0.18407117496816824,False
11,p2_secondary_DRESSING_WATER_STATUS_std,0.0061145807290186845,-0.03018967246171847,False
11,p2_secondary_EDGE_AIR_BAG_PRESSURE_auc,0.8744460727319033,0.03742243005182254,False
11,p2_secondary_EDGE_AIR_BAG_PRESSURE_mean,1.4630945750940814,-0.1767766952966369,False
11,p2_secondary_EDGE_AIR_BAG_PRESSURE_std,3.7667383506501126,-0.1274111428310264,True
11,p2_secondary_HEAD_ROTATION_mean,0.27613957443867165,-0.04991147831547537,False
11,p2_secondary_MAIN_OUTER_AIR_BAG_PRESSURE_auc,1.434550229888742,0.14207986383144536,False
11,p2_secondary_MAIN_OUTER_AIR_BAG_PRESSURE_mean,1.1162913676995907,0.1767766952966369,True
11,p2_secondary_MAIN_OUTER_AIR_BAG_PRESSURE_std,2.148060694285234,0.11707157487124084,True
11,p2_secondary_PRESSURIZED_CHAMBER_PRESSURE_auc,1.1839882175678131,0.055040153429058276,False
11,p2_secondary_PRESSURIZED_CHAMBER_PRESSURE_mean,0.11565050289945776,0.22831340511488715,True
11,p2_secondary_PRESSURIZED_CHAMBER_PRESSURE_std,4.163331816444002,0.16234213141751216,True
11,p2_secondary_RETAINER_RING_PRESSURE_auc,0.06900673087872025,0.19289075861112948,True
11,p2_secondary_RETAINER_RING_PRESSURE_mean,2.3438017539972953,0.23895834651035963,True
11,p2_secondary_RETAINER_RING_PRESSURE_std,3.094142112834844,0.2150176941154797,True
11,p2_secondary_RIPPLE_AIR_BAG_PRESSURE_auc,0.0023201971078314156,0.23113245350820344,True
11,p2_secondary_RIPPLE_AIR_BAG_PRESSURE_mean,0.04716012194331048,0.17677669529663687,True
11,p2_secondary_RIPPLE_AIR_BAG_PRESSURE_std,0.09327450229853076,0.19822429152250184,True
11,p2_secondary_SLURRY_FLOW_LINE_A_auc,2.077499501244388,0.12674391346261316,True
11,p2_secondary_SLURRY_FLOW_LINE_A_mean,1.770929711373694,-0.06315938787082273,True
11,p2_secondary_SLURRY_FLOW_LINE_A_std,1.5150658967181136,-0.36773572743307925,True
11,p2_secondary_SLURRY_FLOW_LINE_B_auc,1.2809692450694667,-0.13381367039105216,False
11,p2_secondary_SLURRY_FLOW_LINE_B_mean,1.1890816455750386,0.18753150516724434,True
11,p2_secondary_SLURRY_FLOW_LINE_B_std,0.37774318737302154,0.03511392218728682,False
11,p2_secondary_SLURRY_FLOW_LINE_C_auc,0.2864970644954146,0.1320084459423799,False
11,p2_secondary_SLURRY_FLOW_LINE_C_mean,0.3873769223412453,-0.22493387332447481,False
11,p2_secondary_SLURRY_FLOW_LINE_C_std,1.1511091587734958,-0.17677669529663692,False
11,p2_secondary_STAGE_ROTATION_mean,0.18742786665970962,-0.15309087818289663,False
11,p2_secondary_USAGE_OF_BACKING_FILM_decreasing,0.21299783393108432,0.07075691931424198,False
11,p2_secondary_USAGE_OF_BACKING_FILM_mean,7948.9467381497725,-0.17677669529663687,True
11,p2_secondary_USAGE_OF_BACKING_FILM_std,4.161773169734108,0.1617965397589048,True
11,p2_secondary_USAGE_OF_DRESSER_TABLE_decreasing,2.7487701069980486,0.0,True
11,p2_secondary_USAGE_OF_DRESSER_TABLE_mean,2.885882253196133,0.24219852872603417,True
11,p2_secondary_USAGE_OF_DRESSER_TABLE_std,2.0779174217792353,0.0,True
11,p2_secondary_USAGE_OF_DRESSER_decreasing,0.503590070322072,0.0,False
11,p2_secondary_USAGE_OF_DRESSER_mean,1.0658213974477275,0.08357429303096203,False
11,p2_secondary_USAGE_OF_DRESSER_std,0.037814190058148026,0.0,False
11,p2_secondary_USAGE_OF_MEMBRANE_decreasing,263.6470446166395,-0.17677669529663687,True
11,p2_secondary_USAGE_OF_MEMBRANE_mean,33533.78098302653,0.17447593853540708,True
11,p2_secondary_USAGE_OF_MEMBRANE_std,284.7987477863708,0.12820925793259966,True
11,p2_secondary_USAGE_OF_POLISHING_TABLE_decreasing,1.5346221748922915,-0.004161967478187193,True
11,p2_secondary_USAGE_OF_POLISHING_TABLE_mean,1.332834170315837,-0.08585884225991265,False
11,p2_secondary_USAGE_OF_POLISHING_TABLE_std,1.1204870946519754,0.2800160244708069,True
11,p2_secondary_USAGE_OF_PRESSURIZED_SHEET_decreasing,180.8783767576571,0.11572953578445888,True
11,p2_secondary_USAGE_OF_PRESSURIZED_SHEET_mean,41492.356069458816,0.09796239612731876,True
11,p2_secondary_USAGE_OF_PRESSURIZED_SHEET_std,201.8116514580103,0.17677669529663678,True
11,p2_secondary_WAFER_ROTATION_mean,0.5389499396289261,0.3015992076033934,True
11,p2_secondary_duration,0.18446482801383343,0.2399715549881552,True
12,lag_1,3.262627300389997,1.0430408738925903,True
12,lag_2,0.2084934004437445,0.30219223017179064,True
12,lag_3,0.48430237159052336,0.315152469058934,True
12,lag_4,1.7963071281590202,0.28785610497450365,True
12,lag_5,1.511966063437309,0.03241571646402819,True
12,lag_6,0.048062293395600746,0.3333593984992285,True
12,lag_7,2.026363250844058,0.2506211022438872,True
12,lag_8,0.594338966801421,0.1796155496135616,True
12,lag_9,1.4259851814345503,0.2682257739461656,True
12,lag_10,0.7961964113425833,0.1549949913463038,True
12,lag_11,0.4981919488113858,0.23627964968197973,True
12,neighbor_1,8.259600564262607,2.01761552638268,True
12,neighbor_2,3.327366207555683,0.6048703677666594,True
12,neighbor_3,0.7835806514976352,0.32392948585658143,True
12,neighbor_4,1.9029853716620655,0.42042844164489146,True
12,neighbor_5,0.09370179447678025,-0.3146548203651915,False
12,neighbor_6,1.4756205637429656,0.09947982926883898,False
12,neighbor_7,0.11898942523345915,0.27038696182789596,True
12,neighbor_8,0.5384794344184111,0.3632839067370342,True
12,neighbor_9,1.6674257269110093,0.22934086972647985,True
12,neighbor_10,0.2554655868169258,-0.09887237418729791,False
12,p2_primary_CENTER_AIR_BAG_PRESSURE_auc,2.136676741455635,0.18502324653226895,True
12,p2_primary_CENTER_AIR_BAG_PRESSURE_mean,1.4748832070464524,0.40016411649191286,True
12,p2_primary_CENTER_AIR_BAG_PRESSURE_std,0.16674978720503061,0.3301894893359234,True
12,p2_primary_DRESSING_WATER_STATUS_auc,1.5462208970445726,0.2982173266644059,True
12,p2_primary_DRESSING_WATER_STATUS_mean,1.4235760284959071,0.281778491986208,True
12,p2_primary_DRESSING_WATER_STATUS_std,0.1622980294974607,0.2692002322948041,True
12,p2_primary_EDGE_AIR_BAG_PRESSURE_auc,0.9815914491048157,-0.08192446848681342,False
12,p2_primary_EDGE_AIR_BAG_PRESSURE_mean,0.678179441313174,0.2857717873799066,True
12,p2_primary_EDGE_AIR_BAG_PRESSURE_std,0.9285542711750271,0.5195816300050741,True
12,p2_primary_HEAD_ROTATION_mean,0.5951503599638954,-0.210749599400855,False
12,p2_primary_MAIN_OUTER_AIR_BAG_PRESSURE_auc,1.8388763265916275,0.04126076760492073,True
12,p2_primary_MAIN_OUTER_AIR_BAG_PRESSURE_mean,1.2672969283356634,-0.36240785703853184,False
12,p2_primary_MAIN_OUTER_AIR_BAG_PRESSURE_std,0.4254346442945017,0.2895839224992681,True
12,p2_primary_PRESSURIZED_CHAMBER_PRESSURE_auc,0.8871972773331335,0.8336883507958012,True
12,p2_primary_PRESSURIZED_CHAMBER_PRESSURE_mean,2.414720367349051,0.16754732348933818,True
12,p2_primary_PRESSURIZED_CHAMBER_PRESSURE_std,0.5030698096688447,0.15865555060454128,True
12,p2_primary_RETAINER_RING_PRESSURE_auc,1.0809012767300383,0.007848321651482132,False
12,p2_primary_RETAINER_RING_PRESSURE_mean,1.8332637053184244,0.052473090380375426,True
12,p2_primary_RETAINER_RING_PRESSURE_std,1.7891778319445815,0.06452020922582268,True
12,p2_primary_RIPPLE_AIR_BAG_PRESSURE_auc,2.018887405201991,0.1278113645455323,True
12,p2_primary_RIPPLE_AIR_BAG_PRESSURE_mean,1.5376837159062977,0.15781004555129335,True
12,p2_primary_RIPPLE_AIR_BAG_PRESSURE_std,1.3755977833654445,-0.12082773655398248,False
12,p2_primary_SLURRY_FLOW_LINE_A_auc,1.3180386259249268,0.9514560202091523,True
12,p2_primary_SLURRY_FLOW_LINE_A_mean,0.16234435578130896,0.2996658644025757,True
12,p2_primary_SLURRY_FLOW_LINE_A_std,0.17841411033639176,0.4656810313348771,True
12,p2_primary_SLURRY_FLOW_LINE_B_auc,0.9584732317897432,0.0216784560168832,False
12,p2_primary_SLURRY_FLOW_LINE_B_mean,1.074646034445367,0.30270190280948306,True
12,p2_primary_SLURRY_FLOW_LINE_B_std,1.5473108307775614,-0.015748349042091284,True
12,p2_primary_SLURRY_FLOW_LINE_C_auc,0.3472620851551619,0.2044239933313595,True
12,p2_primary_SLURRY_FLOW_LINE_C_mean,0.29038394606299467,0.403437985155289,True
12,p2_primary_SLURRY_FLOW_LINE_C_std,0.8303427966781348,-0.18512994068005284,False
12,p2_primary_STAGE_ROTATION_mean,1.299062243075556,0.20569162261746374,True
12,p2_primary_USAGE_OF_BACKING_FILM_decreasing,1.5353754245471043,-0.19467956783204188,True
12,p2_primary_USAGE_OF_BACKING_FILM_mean,338541.3854642668,0.24877930544814555,True
12,p2_primary_USAGE_OF_BACKING_FILM_std,1.666573128692285,0.24564827780650006,True
12,p2_primary_USAGE_OF_DRESSER_TABLE_decreasing,0.8694904430301549,0.02220907673833389,False
12,p2_primary_USAGE_OF_DRESSER_TABLE_mean,65.40678443971632,0.14520147528074034,True
12,p2_primary_USAGE_OF_DRESSER_TABLE_std,0.3485731430332534,0.17572682416280022,True
12,p2_primary_USAGE_OF_DRESSER_decreasing,0.9058125921416751,-0.010598398511788419,False
12,p2_primary_USAGE_OF_DRESSER_mean,1.381791124724917,0.3016215314485681,True
12,p2_primary_USAGE_OF_DRESSER_std,0.9509549982341912,0.09140452337779058,False
12,p2_primary_USAGE_OF_MEMBRANE_decreasing,4.240472700088513,-0.13966923104442164,True
12,p2_primary_USAGE_OF_MEMBRANE_mean,43616.595464386046,-0.17677669529663695,True
12,p2_primary_USAGE_OF_MEMBRANE_std,6.554142003842697,-0.17677669529663698,True
12,p2_primary_USAGE_OF_POLISHING_TABLE_decreasing,1.0949616610911677,0.02046949696595424,False
12,p2_primary_USAGE_OF_POLISHING_TABLE_mean,0.9946257429251019,0.2754585947573895,True
12,p2_primary_USAGE_OF_POLISHING_TABLE_std,1.0622198830436855,0.05732595369517043,False
12,p2_primary_USAGE_OF_PRESSURIZED_SHEET_decreasing,0.33404538855440635,0.13665091678206057,False
12,p2_primary_USAGE_OF_PRESSURIZED_SHEET_mean,295654.2835268105,0.14865278706248036,True
12,p2_primary_USAGE_OF_PRESSURIZED_SHEET_std,0.07571277910623869,-0.23027992678609985,False
12,p2_primary_WAFER_ROTATION_mean,1.00549049145075,-0.08106797589622908,False
12,p2_primary_duration,1.2214518442056486,0.22257127296822013,True
12,p2_secondary_CENTER_AIR_BAG_PRESSURE_auc,1.286203098398952,0.17677669529663675,True
12,p2_secondary_CENTER_AIR_BAG_PRESSURE_mean,1.1296146451036624,0.17677669529663684,True
12,p2_secondary_CENTER_AIR_BAG_PRESSURE_std,0.862437126877307,0.0,False
12,p2_secondary_DRESSING_WATER_STATUS_auc,0.7058002733196231,-0.19841290487431623,False
12,p2_secondary_DRESSING_WATER_STATUS_mean,0.6581964455205949,0.04822727873243378,False
12,p2_secondary_DRESSING_WATER_STATUS_std,0.1977239039694184,-0.08062585885230433,False
12,p2_secondary_EDGE_AIR_BAG_PRESSURE_auc,2.0739523573859975,-0.025676229670825678,True
12,p2_secondary_EDGE_AIR_BAG_PRESSURE_mean,2.3329936602050796,-0.1767766952966369,True
12,p2_secondary_EDGE_AIR_BAG_PRESSURE_std,0.6774611971076179,-0.1719220373718385,False
12,p2_secondary_HEAD_ROTATION_mean,0.15533557559518457,0.07352395154830238,False
12,p2_secondary_MAIN_OUTER_AIR_BAG_PRESSURE_auc,2.222734836118268,-0.17677669529663684,True
12,p2_secondary_MAIN_OUTER_AIR_BAG_PRESSURE_mean,2.0205816915998156,-0.29596995704782236,True
12,p2_secondary_MAIN_OUTER_AIR_BAG_PRESSURE_std,1.4955563275369528,-0.14576525920631875,False
12,p2_secondary_PRESSURIZED_CHAMBER_PRESSURE_auc,0.4105058864203861,-0.17677669529663684,False
12,p2_secondary_PRESSURIZED_CHAMBER_PRESSURE_mean,0.1442497769742111,-0.06131833366143589,False
12,p2_secondary_PRESSURIZED_CHAMBER_PRESSURE_std,2.3454174629474775,0.05323627062556105,True
12,p2_secondary_RETAINER_RING_PRESSURE_auc,1.0741288659197148,-0.2669828325029623,False
12,p2_secondary_RETAINER_RING_PRESSURE_mean,2.3059121618244163,-0.13907855335732086,True
12,p2_secondary_RETAINER_RING_PRESSURE_std,2.4322313513688365,0.21630652992310398,True
12,p2_secondary_RIPPLE_AIR_BAG_PRESSURE_auc,0.9053422196478312,-0.17677669529663684,False
12,p2_secondary_RIPPLE_AIR_BAG_PRESSURE_mean,1.0685769992177114,-0.1767766952966369,False
12,p2_secondary_RIPPLE_AIR_BAG_PRESSURE_std,0.45261860120696257,0.19850559358447936,True
12,p2_secondary_SLURRY_FLOW_LINE_A_auc,3.0048354522253127,0.17492084608270797,True
12,p2_secondary_SLURRY_FLOW_LINE_A_mean,2.5818846066765153,-0.19056460185670926,True
12,p2_secondary_SLURRY_FLOW_LINE_A_std,0.3077638620668817,0.2513440663405366,True
12,p2_secondary_SLURRY_FLOW_LINE_B_auc,1.487073776139026,0.17677669529663703,True
12,p2_secondary_SLURRY_FLOW_LINE_B_mean,1.499239396115235,-0.09810936775754478,False
12,p2_secondary_SLURRY_FLOW_LINE_B_std,0.9202629449351211,0.048906433202142226,False
12,p2_secondary_SLURRY_FLOW_LINE_C_auc,0.33232151339243987,0.021481858264047266,False
12,p2_secondary_SLURRY_FLOW_LINE_C_mean,0.4517841405160737,-0.050269242613073195,False
12,p2_secondary_SLURRY_FLOW_LINE_C_std,0.4520002803736961,0.06628786428238975,False
12,p2_secondary_STAGE_ROTATION_mean,0.01312644231475558,0.06126454883018691,False
12,p2_secondary_USAGE_OF_BACKING_FILM_decreasing,8.01921499464497,0.0,True
12,p2_secondary_USAGE_OF_BACKING_FILM_mean,217155.5871967935,0.1797071132580843,True
12,p2_secondary_USAGE_OF_BACKING_FILM_std,4.376631088498317,0.19716388395874926,True
12,p2_secondary_USAGE_OF_DRESSER_TABLE_decreasing,1.1850386050077595,0.0,False
12,p2_secondary_USAGE_OF_DRESSER_TABLE_mean,67.3219515448864,0.36454036506103094,True
12,p2_secondary_USAGE_OF_DRESSER_TABLE_std,0.8031139862915663,0.0,False
12,p2_secondary_USAGE_OF_DRESSER_decreasing,0.3763570710869781,0.0,False
12,p2_secondary_USAGE_OF_DRESSER_mean,1.3973064607644414,0.3703531947541505,True
12,p2_secondary_USAGE_OF_DRESSER_std,0.33172755904304785,0.0,False
12,p2_secondary_USAGE_OF_MEMBRANE_decreasing,533.491752873208,0.17677669529663678,True
12,p2_secondary_USAGE_OF_MEMBRANE_mean,299021.13886738283,0.0,True
12,p2_secondary_USAGE_OF_MEMBRANE_std,624.496018340843,-0.188131031769908,True
12,p2_secondary_USAGE_OF_POLISHING_TABLE_decreasing,0.5340197621198776,-0.29291048673887543,False
12,p2_secondary_USAGE_OF_POLISHING_TABLE_mean,0.9941336198143255,0.156465950512499,True
12,p2_secondary_USAGE_OF_POLISHING_TABLE_std,0.13325044917126827,-0.12594225909038462,False
12,p2_secondary_USAGE_OF_PRESSURIZED_SHEET_decreasing,354.4966235376298,-0.1446149252882772,True
12,p2_secondary_USAGE_OF_PRESSURIZED_SHEET_mean,82154.73688709439,-0.17677669529663698,True
12,p2_secondary_USAGE_OF_PRESSURIZED_SHEET_std,433.1172272725341,0.0,True
12,p2_secondary_WAFER_ROTATION_mean,0.5460953928946561,0.09043509123959427,False
12,p2_secondary_duration,0.716143358948253,-0.015211558495220448,False
13,lag_1,1.8121118900133524,1.0670186473683148,True
13,lag_2,0.4837263048552675,0.3576492191174682,True
13,lag_3,1.2222273479515495,0.20058879343950511,True
13,lag_4,0.9706626061079167,0.23408049719435234,True
13,lag_5,1.6761410609268024,-0.09041233240522939,True
13,lag_6,1.7131514044864136,0.1964466953030492,True
13,lag_7,0.7212906036255337,0.28006508449421286,True
13,lag_8,0.045840478039877106,0.3453749407598673,True
13,lag_9,0.3335222452703793,0.2634058057385054,True
13,lag_10,0.07225470224462018,-0.33768091271325684,False
13,lag_11,0.5617545566891822,0.08543503369270866,False
13,neighbor_1,10.669934485850048,3.190133540468385,True
13,neighbor_2,2.999157695318123,0.7017931668613043,True
13,neighbor_3,2.316138035132948,0.42213620099915294,True
13,neighbor_4,1.6089246694232753,0.11195729537379505,True
13,neighbor_5,0.7084424471783556,0.3310684042541009,True
13,neighbor_6,1.0810862696692263,0.3500597562742381,True
13,neighbor_7,0.4498854429816682,0.02812535896117202,False
13,neighbor_8,3.071165279864057,0.34557439887405605,True
13,neighbor_9,1.0648113880214318,0.4612880511131303,True
13,neighbor_10,0.8612675030227992,-0.13839341162301744,False
13,p2_primary_CENTER_AIR_BAG_PRESSURE_auc,0.8471106501897683,0.24098217480028647,True
13,p2_primary_CENTER_AIR_BAG_PRESSURE_mean,0.24060358834906934,0.24200043172579985,True
13,p2_primary_CENTER_AIR_BAG_PRESSURE_std,1.3366353667452102,0.288147088559159,True
13,p2_primary_DRESSING_WATER_STATUS_auc,1.942479101575634,0.30119513023834027,True
13,p2_primary_DRESSING_WATER_STATUS_mean,2.0691018923667968,0.20452838208700086,True
13,p2_primary_DRESSING_WATER_STATUS_std,0.5597506682928671,-0.016950946394139334,False
13,p2_primary_EDGE_AIR_BAG_PRESSURE_auc,0.7294790789811842,0.2563918990952325,True
13,p2_primary_EDGE_AIR_BAG_PRESSURE_mean,0.10456971876763399,-0.17677669529663692,False
13,p2_primary_EDGE_AIR_BAG_PRESSURE_std,0.20518946450087716,0.5645402578403941,True
13,p2_primary_HEAD_ROTATION_mean,1.0734029343037015,0.059045457710813556,False
13,p2_primary_MAIN_OUTER_AIR_BAG_PRESSURE_auc,0.4095878473843494,0.20301137668647623,True
13,p2_primary_MAIN_OUTER_AIR_BAG_PRESSURE_mean,0.0703282722880373,0.208336566759553,True
13,p2_primary_MAIN_OUTER_AIR_BAG_PRESSURE_std,1.3202200301478635,0.2845098203449103,True
13,p2_primary_PRESSURIZED_CHAMBER_PRESSURE_auc,1.9453311269534992,0.5363432134896031,True
13,p2_primary_PRESSURIZED_CHAMBER_PRESSURE_mean,2.813089322708041,0.442931984983084,True
13,p2_primary_PRESSURIZED_CHAMBER_PRESSURE_std,0.1532669638207125,0.1799013646400787,True
13,p2_primary_RETAINER_RING_PRESSURE_auc,0.5040524147513753,-0.10879312639883915,False
13,p2_primary_RETAINER_RING_PRESSURE_mean,0.16316053116761947,0.24784452399985138,True
13,p2_primary_RETAINER_RING_PRESSURE_std,0.32006218786449264,0.16162055922928786,True
13,p2_primary_RIPPLE_AIR_BAG_PRESSURE_auc,0.7421231922355311,0.06594470584954608,False
13,p2_primary_RIPPLE_AIR_BAG_PRESSURE_mean,0.05925570940567709,0.16219464284186497,True
13,p2_primary_RIPPLE_AIR_BAG_PRESSURE_std,0.8173690812136808,0.1967829053110195,True
13,p2_primary_SLURRY_FLOW_LINE_A_auc,0.5730290069857803,0.640751013746269,True
13,p2_primary_SLURRY_FLOW_LINE_A_mean,1.3260631867347292,0.506588486454602,True
13,p2_primary_SLURRY_FLOW_LINE_A_std,1.8717833332192708,0.42322498244601775,True
13,p2_primary_SLURRY_FLOW_LINE_B_auc,0.3132825608382565,0.21926165848052845,True
13,p2_primary_SLURRY_FLOW_LINE_B_mean,0.2779023040297604,0.24590885801273066,True
13,p2_primary_SLURRY_FLOW_LINE_B_std,1.0477163961641192,-0.22338165675746574,False
13,p2_primary_SLURRY_FLOW_LINE_C_auc,0.18511835857511633,0.4113404066713435,True
13,p2_primary_SLURRY_FLOW_LINE_C_mean,1.1590538165868818,0.218897890777889,True
13,p2_primary_SLURRY_FLOW_LINE_C_std,1.4776519682793345,0.12096445476574717,False
13,p2_primary_STAGE_ROTATION_mean,0.7045323055811789,-0.13041770587772028,False
13,p2_primary_USAGE_OF_BACKING_FILM_decreasing,2.2928551290927417,0.1642413429993116,True
13,p2_primary_USAGE_OF_BACKING_FILM_mean,9153.40473912974,0.16665287603096593,True
13,p2_primary_USAGE_OF_BACKING_FILM_std,2.291090502528756,-0.11203861569399393,True
13,p2_primary_USAGE_OF_DRESSER_TABLE_decreasing,1.0743878973148495,-0.38698434755453753,False
13,p2_primary_USAGE_OF_DRESSER_TABLE_mean,42.43709298198884,0.272756728568164,True
13,p2_primary_USAGE_OF_DRESSER_TABLE_std,1.081654525778548,-0.2570539203367371,False
13,p2_primary_USAGE_OF_DRESSER_decreasing,0.1630869874003895,-0.04201051293141858,False
13,p2_primary_USAGE_OF_DRESSER_mean,2.6433509729269957,0.2700109391750237,True
13,p2_primary_USAGE_OF_DRESSER_std,0.38572957969105875,0.05937822827927865,False
13,p2_primary_USAGE_OF_MEMBRANE_decreasing,2.059432621028741,0.16841316068533443,True
13,p2_primary_USAGE_OF_MEMBRANE_mean,18177.177270608932,0.17677669529663687,True
13,p2_primary_USAGE_OF_MEMBRANE_std,1.5699646725801988,0.19817861146989607,True
13,p2_primary_USAGE_OF_POLISHING_TABLE_decreasing,1.555165760250857,-0.004363849609626505,True
13,p2_primary_USAGE_OF_POLISHING_TABLE_mean,1.7352950625940533,0.12256811949183852,True
13,p2_primary_USAGE_OF_POLISHING_TABLE_std,1.4698616041993735,0.1843603468680493,True
13,p2_primary_USAGE_OF_PRESSURIZED_SHEET_decreasing,3.7466167706192457,0.059454027448496774,True
13,p2_primary_USAGE_OF_PRESSURIZED_SHEET_mean,27339.96377876529,0.1648965921349418,True
13,p2_primary_USAGE_OF_PRESSURIZED_SHEET_std,3.6883267392275902,0.17677669529663695,True
13,p2_primary_WAFER_ROTATION_mean,1.1011816463326791,0.1463857495067954,False
13,p2_primary_duration,0.1310740927803979,0.17737873072790367,True
13,p2_secondary_CENTER_AIR_BAG_PRESSURE_auc,0.27892613657486326,-0.17677669529663684,False
13,p2_secondary_CENTER_AIR_BAG_PRESSURE_mean,0.8545909637896134,0.18779747274375533,True
13,p2_secondary_CENTER_AIR_BAG_PRESSURE_std,3.177074585725132,0.0,True
13,p2_secondary_DRESSING_WATER_STATUS_auc,0.6450497552368746,-0.0352722640188492,False
13,p2_secondary_DRESSING_WATER_STATUS_mean,0.6563906701358404,0.10531896910659788,False
13,p2_secondary_DRESSING_WATER_STATUS_std,0.29944621586249703,-0.37160095697752515,False
13,p2_secondary_EDGE_AIR_BAG_PRESSURE_auc,0.6056134517263076,-0.25406691434327344,False
13,p2_secondary_EDGE_AIR_BAG_PRESSURE_mean,1.2175514170774144,-0.17677669529663687,False
13,p2_secondary_EDGE_AIR_BAG_PRESSURE_std,3.8969370358571833,0.16289303517449397,True
13,p2_secondary_HEAD_ROTATION_mean,0.18810483339000122,0.10232308221457669,False
13,p2_secondary_MAIN_OUTER_AIR_BAG_PRESSURE_auc,0.6953695307245444,0.18796789388815022,True
13,p2_secondary_MAIN_OUTER_AIR_BAG_PRESSURE_mean,0.38704052074079004,-0.1767766952966368,False
13,p2_secondary_MAIN_OUTER_AIR_BAG_PRESSURE_std,2.8634401066129698,0.05070245027431496,True
13,p2_secondary_PRESSURIZED_CHAMBER_PRESSURE_auc,1.6622139248651482,0.2533462649899664,True
13,p2_secondary_PRESSURIZED_CHAMBER_PRESSURE_mean,0.74449833279489,-0.1767766952966369,False
13,p2_secondary_PRESSURIZED_CHAMBER_PRESSURE_std,3.5873552843159877,-0.09380324627327935,True
13,p2_secondary_RETAINER_RING_PRESSURE_auc,0.13099923717447065,-0.11496790352800572,False
13,p2_secondary_RETAINER_RING_PRESSURE_mean,2.0139149279030395,0.2078356870803593,True
13,p2_secondary_RETAINER_RING_PRESSURE_std,2.670296077947852,0.21350380222239232,True
13,p2_secondary_RIPPLE_AIR_BAG_PRESSURE_auc,0.19491262276099502,-0.16921885653273042,False
13,p2_secondary_RIPPLE_AIR_BAG_PRESSURE_mean,0.25474708710697713,0.16617076646433365,True
13,p2_secondary_RIPPLE_AIR_BAG_PRESSURE_std,0.15446061861093072,0.16766489110311059,True
13,p2_secondary_SLURRY_FLOW_LINE_A_auc,2.533596952043723,-0.04241642258498659,True
13,p2_secondary_SLURRY_FLOW_LINE_A_mean,1.968099419112555,0.044752727466788635,True
13,p2_secondary_SLURRY_FLOW_LINE_A_std,1.1874573934401382,0.1751861140154353,True
13,p2_secondary_SLURRY_FLOW_LINE_B_auc,0.9838445945107785,-0.2199353711527505,False
13,p2_secondary_SLURRY_FLOW_LINE_B_mean,0.8130801938575061,-0.18677104053251578,False
13,p2_secondary_SLURRY_FLOW_LINE_B_std,0.8484958503045889,-0.1451565986933623,False
13,p2_secondary_SLURRY_FLOW_LINE_C_auc,0.5985523081381465,0.15340115772963261,True
13,p2_secondary_SLURRY_FLOW_LINE_C_mean,0.1821402579901837,-0.14443904032313912,False
13,p2_secondary_SLURRY_FLOW_LINE_C_std,1.4317652194222121,0.22780157209827442,True
13,p2_secondary_STAGE_ROTATION_mean,1.18418195552812,0.26096010050601004,True
13,p2_secondary_USAGE_OF_BACKING_FILM_decreasing,24.090978508018413,-0.25408770183560997,True
13,p2_secondary_USAGE_OF_BACKING_FILM_mean,10749.615560067003,0.1762266564666599,True
13,p2_secondary_USAGE_OF_BACKING_FILM_std,33.640901996203205,0.22011430894701836,True
13,p2_secondary_USAGE_OF_DRESSER_TABLE_decreasing,1.9949855762319844,0.0,True
13,p2_secondary_USAGE_OF_DRESSER_TABLE_mean,42.317932820270826,0.17677669529663678,True
13,p2_secondary_USAGE_OF_DRESSER_TABLE_std,1.0999300185143086,0.0,False
13,p2_secondary_USAGE_OF_DRESSER_decreasing,0.04813143272515501,0.0,False
13,p2_secondary_USAGE_OF_DRESSER_mean,2.643329737380072,0.010574504510479065,True
13,p2_secondary_USAGE_OF_DRESSER_std,0.0761532206610042,0.0,False
13,p2_secondary_USAGE_OF_MEMBRANE_decreasing,94.8467227660841,-0.27739814663243934,True
13,p2_secondary_USAGE_OF_MEMBRANE_mean,27787.735589470438,0.1564452074639183,True
13,p2_secondary_USAGE_OF_MEMBRANE_std,101.4990158827706,0.17677669529663695,True
13,p2_secondary_USAGE_OF_POLISHING_TABLE_decreasing,1.0410370355628689,-0.1767766952966368,False
13,p2_secondary_USAGE_OF_POLISHING_TABLE_mean,1.738956672409781,-0.10547440012326798,True
13,p2_secondary_USAGE_OF_POLISHING_TABLE_std,0.6464335720198617,0.1767766952966369,True
13,p2_secondary_USAGE_OF_PRESSURIZED_SHEET_decreasing,105.97751036491701,0.008735768490666065,True
13,p2_secondary_USAGE_OF_PRESSURIZED_SHEET_mean,38547.94484127899,0.15550924254928403,True
13,p2_secondary_USAGE_OF_PRESSURIZED_SHEET_std,125.78796193018991,0.18311117562913512,True
13,p2_secondary_WAFER_ROTATION_mean,1.75034619636426,-0.2845733888283126,True
13,p2_secondary_duration,0.6441762953639084,0.08764317911679825,False
14,lag_1,2.274909199892078,0.555633612295977,True
14,lag_2,0.11463738328805674,0.3593067473150088,True
14,lag_3,0.10876752073638105,-0.01631153837774891,False
14,lag_4,0.5723807869446317,-0.1426825226800047,False
14,lag_5,1.2223980456100345,0.3127790279497817,True
14,lag_6,1.6609064221454735,0.4171884891886699,True
14,lag_7,1.9530053852856797,0.38058990652475017,True
14,lag_8,0.38864644831190376,-0.040945343374251396,False
14,lag_9,1.7103974744616328,0.19635184916714718,True
14,lag_10,0.6080767584720039,-0.02818327984975164,False
14,lag_11,0.028359368444446923,0.09299933189323761,False
14,neighbor_1,10.20174868086188,2.3644269685109394,True
14,neighbor_2,3.8371315545178426,0.6879415567558365,True
14,neighbor_3,2.698359916841529,0.23773774653110055,True
14,neighbor_4,1.0586142693367115,0.4327356748469915,True
14,neighbor_5,0.79151332163746,0.4327893280722647,True
14,neighbor_6,0.44134370468333456,0.16218588413043197,True
14,neighbor_7,0.6470006119723326,0.28698563391941884,True
14,neighbor_8,1.8408096293618004,0.39140067213009344,True
14,neighbor_9,0.8089142488357515,0.21330958373632122,True
14,neighbor_10,0.5120167043104743,0.3108222139750649,True
14,p2_primary_CENTER_AIR_BAG_PRESSURE_auc,0.6698591199961828,0.074059326769529,False
14,p2_primary_CENTER_AIR_BAG_PRESSURE_mean,0.006935229779080445,0.16017888014937376,True
14,p2_primary_CENTER_AIR_BAG_PRESSURE_std,1.0322098229412595,0.475132048557908,True
14,p2_primary_DRESSING_WATER_STATUS_auc,0.20810192614481637,0.0364457350106227,False
14,p2_primary_DRESSING_WATER_STATUS_mean,0.2751758115784352,0.24167556426625725,True
14,p2_primary_DRESSING_WATER_STATUS_std,0.0899990448320159,0.23738012983515724,True
14,p2_primary_EDGE_AIR_BAG_PRESSURE_auc,0.5550966410814439,0.36853932762253283,True
14,p2_primary_EDGE_AIR_BAG_PRESSURE_mean,0.177866352886873,0.3852504799957053,True
14,p2_primary_EDGE_AIR_BAG_PRESSURE_std,0.8347441118136932,0.3732426081281047,True
14,p2_primary_HEAD_ROTATION_mean,0.29471490885513413,0.04855716433237478,False
14,p2_primary_MAIN_OUTER_AIR_BAG_PRESSURE_auc,0.5304489834109932,0.3069701832063078,True
14,p2_primary_MAIN_OUTER_AIR_BAG_PRESSURE_mean,0.17066454758137853,0.1913212576029326,True
14,p2_primary_MAIN_OUTER_AIR_BAG_PRESSURE_std,1.5679751580636603,0.303124746874035,True
14,p2_primary_PRESSURIZED_CHAMBER_PRESSURE_auc,1.3937474664906135,0.8865265813958817,True
14,p2_primary_PRESSURIZED_CHAMBER_PRESSURE_mean,3.1744222637520223,0.522227262465464,True
14,p2_primary_PRESSURIZED_CHAMBER_PRESSURE_std,0.31356710810851457,0.20415729276376487,True
14,p2_primary_RETAINER_RING_PRESSURE_auc,0.13438455943222224,-0.18752963123138205,False
14,p2_primary_RETAINER_RING_PRESSURE_mean,0.1078637646715787,0.1443291528758888,False
14,p2_primary_RETAINER_RING_PRESSURE_std,0.5961432968488908,0.17225751702605607,True
14,p2_primary_RIPPLE_AIR_BAG_PRESSURE_auc,1.4119178653116762,0.2838732919612553,True
14,p2_primary_RIPPLE_AIR_BAG_PRESSURE_mean,0.7108682086958555,-0.0642942704165935,False
14,p2_primary_RIPPLE_AIR_BAG_PRESSURE_std,1.2816286732387667,-0.11745482505251438,False
14,p2_primary_SLURRY_FLOW_LINE_A_auc,1.2282383496859257,1.0938150436937994,True
14,p2_primary_SLURRY_FLOW_LINE_A_mean,0.9502097798454661,0.4962521235078843,True
14,p2_primary_SLURRY_FLOW_LINE_A_std,1.417814665897925,0.3389897172359801,True
14,p2_primary_SLURRY_FLOW_LINE_B_auc,0.20492643505471175,-0.11739530722568056,False
14,p2_primary_SLURRY_FLOW_LINE_B_mean,0.7186719864202632,0.20543734795429908,True
14,p2_primary_SLURRY_FLOW_LINE_B_std,1.4550429236882951,0.30369668557500784,True
14,p2_primary_SLURRY_FLOW_LINE_C_auc,0.05401300234633671,0.08514134545642345,False
14,p2_primary_SLURRY_FLOW_LINE_C_mean,0.03518532045910283,0.09089738030904218,False
14,p2_primary_SLURRY_FLOW_LINE_C_std,1.7069485730320701,-0.056778257296864205,True
14,p2_primary_STAGE_ROTATION_mean,1.4619611404163326,-0.022059574307362658,False
14,p2_primary_USAGE_OF_BACKING_FILM_decreasing,1.1003305929725693,0.22989462495498308,True
14,p2_primary_USAGE_OF_BACKING_FILM_mean,8901.649435714493,-0.1767766952966368,True
14,p2_primary_USAGE_OF_BACKING_FILM_std,1.098739607311091,0.11269816912524126,False
14,p2_primary_USAGE_OF_DRESSER_TABLE_decreasing,0.741396888687453,-0.0675317921734253,False
14,p2_primary_USAGE_OF_DRESSER_TABLE_mean,0.49200030289567204,0.17966793917869492,True
14,p2_primary_USAGE_OF_DRESSER_TABLE_std,0.6017636283499986,0.13879959164882477,False
14,p2_primary_USAGE_OF_DRESSER_decreasing,0.05168245953221274,0.32322245573199465,True
14,p2_primary_USAGE_OF_DRESSER_mean,0.6240621813417258,0.09104470591014467,False
14,p2_primary_USAGE_OF_DRESSER_std,0.3306696723151781,-0.05467273050579115,False
14,p2_primary_USAGE_OF_MEMBRANE_decreasing,3.1203704800411267,0.10611362407229358,True
14,p2_primary_USAGE_OF_MEMBRANE_mean,23763.428544516108,0.037572212414471444,True
14,p2_primary_USAGE_OF_MEMBRANE_std,2.4820069061605876,-0.24794558159373725,True
14,p2_primary_USAGE_OF_POLISHING_TABLE_decreasing,0.8466236294479972,-0.03349032402607483,False
14,p2_primary_USAGE_OF_POLISHING_TABLE_mean,0.9396794987020706,0.2501670071169764,True
14,p2_primary_USAGE_OF_POLISHING_TABLE_std,0.7855816622130077,0.3402811163779209,True
14,p2_primary_USAGE_OF_PRESSURIZED_SHEET_decreasing,2.304329046556238,0.17677669529663695,True
14,p2_primary_USAGE_OF_PRESSURIZED_SHEET_mean,32677.069226207797,0.0,True
14,p2_primary_USAGE_OF_PRESSURIZED_SHEET_std,2.199859733189524,0.22191188977360032,True
14,p2_primary_WAFER_ROTATION_mean,1.769716633645576,0.28957698323684955,True
14,p2_primary_duration,0.3729313156572855,-0.03318137735169818,False
14,p2_secondary_CENTER_AIR_BAG_PRESSURE_auc,0.4731712106709239,0.17677669529663675,True
14,p2_secondary_CENTER_AIR_BAG_PRESSURE_mean,0.039047520399880055,0.24323981279092144,True
14,p2_secondary_CENTER_AIR_BAG_PRESSURE_std,2.575528825216172,0.24575413404213395,True
14,p2_secondary_DRESSING_WATER_STATUS_auc,0.6473969456819764,-0.2575314214774195,False
14,p2_secondary_DRESSING_WATER_STATUS_mean,0.5343744370288951,0.28156877026794586,True
14,p2_secondary_DRESSING_WATER_STATUS_std,0.06754606328390104,0.025918057039930827,False
14,p2_secondary_EDGE_AIR_BAG_PRESSURE_auc,1.3928469281149787,0.07685842670143167,False
14,p2_secondary_EDGE_AIR_BAG_PRESSURE_mean,1.9807468249229898,0.13775839184307834,True
14,p2_secondary_EDGE_AIR_BAG_PRESSURE_std,3.6900965516765356,-0.25386232196220465,True
14,p2_secondary_HEAD_ROTATION_mean,0.8712259920660043,-0.07906544357691818,False
14,p2_secondary_MAIN_OUTER_AIR_BAG_PRESSURE_auc,1.5120032398158134,0.1767766952966368,True
14,p2_secondary_MAIN_OUTER_AIR_BAG_PRESSURE_mean,1.2745194833228057,0.17677669529663687,True
14,p2_secondary_MAIN_OUTER_AIR_BAG_PRESSURE_std,2.0655687771897924,0.14818930159951074,True
14,p2_secondary_PRESSURIZED_CHAMBER_PRESSURE_auc,0.850368884941103,0.2035469023099388,True
14,p2_secondary_PRESSURIZED_CHAMBER_PRESSURE_mean,0.07865381644471907,-0.12326333668892288,False
14,p2_secondary_PRESSURIZED_CHAMBER_PRESSURE_std,3.358608476191617,0.10924781308669734,True
14,p2_secondary_RETAINER_RING_PRESSURE_auc,0.6132670767316105,0.20558952112077966,True
14,p2_secondary_RETAINER_RING_PRESSURE_mean,1.9188383579532016,-0.181519347478964,True
14,p2_secondary_RETAINER_RING_PRESSURE_std,1.89861706674394,0.0421670071981661,True
14,p2_secondary_RIPPLE_AIR_BAG_PRESSURE_auc,0.2595674978114761,0.1702436721301303,True
14,p2_secondary_RIPPLE_AIR_BAG_PRESSURE_mean,0.2129172364359334,0.0,False
14,p2_secondary_RIPPLE_AIR_BAG_PRESSURE_std,0.24247263296597124,0.12082308519835434,False
14,p2_secondary_SLURRY_FLOW_LINE_A_auc,2.4573525200002546,0.1162646584953547,True
14,p2_secondary_SLURRY_FLOW_LINE_A_mean,2.2030560596056556,0.03373243108065376,True
14,p2_secondary_SLURRY_FLOW_LINE_A_std,1.3745327721208853,0.10333294224748718,False
14,p2_secondary_SLURRY_FLOW_LINE_B_auc,1.2367351088695826,0.2968943181562532,True
14,p2_secondary_SLURRY_FLOW_LINE_B_mean,1.1191873184819894,-0.23453181690597585,False
14,p2_secondary_SLURRY_FLOW_LINE_B_std,0.6687287609458091,0.13806035427814403,False
14,p2_secondary_SLURRY_FLOW_LINE_C_auc,0.025444808023408084,0.25860749574008157,True
14,p2_secondary_SLURRY_FLOW_LINE_C_mean,0.10355677954720713,0.22824491745329697,True
14,p2_secondary_SLURRY_FLOW_LINE_C_std,1.7081693969540335,0.12472685973147396,True
14,p2_secondary_STAGE_ROTATION_mean,0.6426411872756003,0.028337911536322997,False
14,p2_secondary_USAGE_OF_BACKING_FILM_decreasing,11.808662786606588,-0.12063013620558945,True
14,p2_secondary_USAGE_OF_BACKING_FILM_mean,11076.727425113024,0.24411417552904796,True
14,p2_secondary_USAGE_OF_BACKING_FILM_std,10.433462947595956,-0.1767766952966369,True
14,p2_secondary_USAGE_OF_DRESSER_TABLE_decreasing,0.9898589706423809,0.0,False
14,p2_secondary_USAGE_OF_DRESSER_TABLE_mean,0.46202296229777784,-0.13276830263289927,False
14,p2_secondary_USAGE_OF_DRESSER_TABLE_std,0.4657479136322175,0.0,False
14,p2_secondary_USAGE_OF_DRESSER_decreasing,0.2847070742932037,0.0,False
14,p2_secondary_USAGE_OF_DRESSER_mean,0.6226881837348455,0.275420180715511,True
14,p2_secondary_USAGE_OF_DRESSER_std,0.12580918743902167,0.0,False
14,p2_secondary_USAGE_OF_MEMBRANE_decreasing,401.093061897682,0.13768151716078697,True
14,p2_secondary_USAGE_OF_MEMBRANE_mean,16778.45371151194,-0.17677669529663687,True
14,p2_secondary_USAGE_OF_MEMBRANE_std,454.9341220923046,0.24922510971615203,True
14,p2_secondary_USAGE_OF_POLISHING_TABLE_decreasing,1.5599040175700492,0.41818241391993627,True
14,p2_secondary_USAGE_OF_POLISHING_TABLE_mean,0.9415992476013215,0.027972867323647163,False
14,p2_secondary_USAGE_OF_POLISHING_TABLE_std,1.171831758694214,0.17677669529663687,True
14,p2_secondary_USAGE_OF_PRESSURIZED_SHEET_decreasing,233.7337404314188,-0.151923334840937,True
14,p2_secondary_USAGE_OF_PRESSURIZED_SHEET_mean,27862.91450359775,0.13220175882146115,True
14,p2_secondary_USAGE_OF_PRESSURIZED_SHEET_std,268.9934668730824,0.0,True
14,p2_secondary_WAFER_ROTATION_mean,0.9657654994105244,0.240742336220296,True
14,p2_secondary_duration,0.6878322318242458,0.0699175241420061,False
15,lag_1,1.4710893850432905,0.6911369838330765,True
15,lag_2,0.039134283758825314,0.28520116640958676,True
15,lag_3,0.04448576389292925,-0.05039242403224509,False
15,lag_4,0.1205278845791082,0.05505646677580051,False
15,lag_5,0.5622081136869198,0.24011144557446143,True
15,lag_6,0.1666337615870341,-0.29071942584831456,False
15,lag_7,0.16110547659705787,0.165643693837613,True
15,lag_8,0.10086233906122774,0.17642828930014823,True
15,lag_9,0.31562225822335993,0.14698922743228357,False
15,lag_10,0.44151055382959836,0.017974258900212904,False
15,lag_11,0.16410575844132888,0.10365362310905345,False
15,neighbor_1,6.322959734710638,1.401259198540734,True
15,neighbor_2,2.4004135112428795,0.6405608227165287,True
15,neighbor_3,1.2598602026395624,0.5033420992163046,True
15,neighbor_4,0.9901152717330777,0.1464212333859854,False
15,neighbor_5,2.755978080238586,0.5433261381646172,True
15,neighbor_6,1.423589870332478,-0.1309724004271837,False
15,neighbor_7,0.5884192785625268,-0.21412514409644828,False
15,neighbor_8,0.08782445494291032,-0.07352798040082593,False
15,neighbor_9,0.5987586781945623,0.05398359072334005,False
15,neighbor_10,1.1038822602610843,0.24894032636829472,True
15,p2_primary_CENTER_AIR_BAG_PRESSURE_auc,0.34535851842035514,0.19343932998023036,True
15,p2_primary_CENTER_AIR_BAG_PRESSURE_mean,0.7753185625352667,0.17677669529663687,True
15,p2_primary_CENTER_AIR_BAG_PRESSURE_std,0.3080653030608964,0.009715805423058497,False
15,p2_primary_DRESSING_WATER_STATUS_auc,0.2862524446220099,0.12571174245180972,False
15,p2_primary_DRESSING_WATER_STATUS_mean,0.055290002246580115,0.3585210269766748,True
15,p2_primary_DRESSING_WATER_STATUS_std,0.7122953279365646,-0.3289446499663349,False
15,p2_primary_EDGE_AIR_BAG_PRESSURE_auc,1.3250206749275042,0.0,False
15,p2_primary_EDGE_AIR_BAG_PRESSURE_mean,1.292958833850117,0.28870878558857,True
15,p2_primary_EDGE_AIR_BAG_PRESSURE_std,0.7331724935656563,0.27669673785325155,True
15,p2_primary_HEAD_ROTATION_mean,2.3828841875445166,0.11292996150528632,True
15,p2_primary_MAIN_OUTER_AIR_BAG_PRESSURE_auc,0.4318566816859805,0.30320273112358226,True
15,p2_primary_MAIN_OUTER_AIR_BAG_PRESSURE_mean,0.6193270481986217,-0.17677669529663687,False
15,p2_primary_MAIN_OUTER_AIR_BAG_PRESSURE_std,1.402054712076471,0.151974960848424,True
15,p2_primary_PRESSURIZED_CHAMBER_PRESSURE_auc,0.6617465595848935,0.22795255810734455,True
15,p2_primary_PRESSURIZED_CHAMBER_PRESSURE_mean,1.9861246702233677,0.3941565612286639,True
15,p2_primary_PRESSURIZED_CHAMBER_PRESSURE_std,0.41790143926313955,0.24288208551101345,True
15,p2_primary_RETAINER_RING_PRESSURE_auc,1.8750928436383447,0.2538385863305742,True
15,p2_primary_RETAINER_RING_PRESSURE_mean,1.5057856902525557,-0.17435898585060988,True
15,p2_primary_RETAINER_RING_PRESSURE_std,0.7849952889684135,-0.2105294803412424,False
15,p2_primary_RIPPLE_AIR_BAG_PRESSURE_auc,2.4147012420091607,0.18677436409240472,True
15,p2_primary_RIPPLE_AIR_BAG_PRESSURE_mean,2.4389350134112524,0.18626761434910283,True
15,p2_primary_RIPPLE_AIR_BAG_PRESSURE_std,0.3760411192562999,0.27993750804791684,True
15,p2_primary_SLURRY_FLOW_LINE_A_auc,1.139365905813042,0.8199154394593027,True
15,p2_primary_SLURRY_FLOW_LINE_A_mean,0.44703886914837876,0.31457789486279425,True
15,p2_primary_SLURRY_FLOW_LINE_A_std,0.9968139943035736,0.20020788570521594,True
15,p2_primary_SLURRY_FLOW_LINE_B_auc,1.4978775362918053,0.22597502472566525,True
15,p2_primary_SLURRY_FLOW_LINE_B_mean,1.4729943694396426,0.2541257417403303,True
15,p2_primary_SLURRY_FLOW_LINE_B_std,0.03017596855693602,0.1617773723823846,True
15,p2_primary_SLURRY_FLOW_LINE_C_auc,0.8932755341344133,0.31853393952018594,True
15,p2_primary_SLURRY_FLOW_LINE_C_mean,0.4761958523838595,0.13974281070231753,False
15,p2_primary_SLURRY_FLOW_LINE_C_std,0.9158151081245565,0.15061277688075114,True
15,p2_primary_STAGE_ROTATION_mean,1.228809968004258,0.1261312384319223,False
15,p2_primary_USAGE_OF_BACKING_FILM_decreasing,10.468403441230429,0.13540545679082466,True
15,p2_primary_USAGE_OF_BACKING_FILM_mean,100506.32973389661,-0.006803267457405849,True
15,p2_primary_USAGE_OF_BACKING_FILM_std,11.117297328362671,0.17677669529663673,True
15,p2_primary_USAGE_OF_DRESSER_TABLE_decreasing,1.5781990704063444,0.22281975022885384,True
15,p2_primary_USAGE_OF_DRESSER_TABLE_mean,59.24554730864293,0.4349200846222768,True
15,p2_primary_USAGE_OF_DRESSER_TABLE_std,1.0815396603552705,0.21987752500803454,True
15,p2_primary_USAGE_OF_DRESSER_decreasing,1.4959725772120624,0.2644773888150184,True
15,p2_primary_USAGE_OF_DRESSER_mean,19.220814335303313,0.1245174142714575,True
15,p2_primary_USAGE_OF_DRESSER_std,1.6552451693962087,-0.2776002651568768,True
15,p2_primary_USAGE_OF_MEMBRANE_decreasing,17.02152741998073,0.022495971964446387,True
15,p2_primary_USAGE_OF_MEMBRANE_mean,50362.53913709206,-0.2566713568018893,True
15,p2_primary_USAGE_OF_MEMBRANE_std,32.879113114060914,0.1767766952966369,True
15,p2_primary_USAGE_OF_POLISHING_TABLE_decreasing,0.872293563561979,0.1400276882444267,False
15,p2_primary_USAGE_OF_POLISHING_TABLE_mean,0.38117301711301965,0.17677669529663695,True
15,p2_primary_USAGE_OF_POLISHING_TABLE_std,0.8588329493059444,0.38700827807989735,True
15,p2_primary_USAGE_OF_PRESSURIZED_SHEET_decreasing,2.3315013879005506,-0.11660728789206075,True
15,p2_primary_USAGE_OF_PRESSURIZED_SHEET_mean,51800.020331829095,0.0,True
15,p2_primary_USAGE_OF_PRESSURIZED_SHEET_std,2.8653002020561393,0.2524041014695871,True
15,p2_primary_WAFER_ROTATION_mean,0.22162421551693928,0.4497008247756524,True
15,p2_primary_duration,1.799731429755317,-0.054569140480315234,True
15,p2_secondary_CENTER_AIR_BAG_PRESSURE_auc,3.855104422912629,0.17399038962367688,True
15,p2_secondary_CENTER_AIR_BAG_PRESSURE_mean,3.888810861827985,0.0,True
15,p2_secondary_CENTER_AIR_BAG_PRESSURE_std,0.8746136152101283,0.19294683116741293,True
15,p2_secondary_DRESSING_WATER_STATUS_auc,0.31064815863678436,0.23823369767218558,True
15,p2_secondary_DRESSING_WATER_STATUS_mean,0.2674593816659023,-0.14392692322856865,False
15,p2_secondary_DRESSING_WATER_STATUS_std,0.5898215362769526,0.2185482974258374,True
15,p2_secondary_EDGE_AIR_BAG_PRESSURE_auc,1.3548836924853398,0.0,False
15,p2_secondary_EDGE_AIR_BAG_PRESSURE_mean,1.3188815709778252,0.08663147950539365,False
15,p2_secondary_EDGE_AIR_BAG_PRESSURE_std,0.556718285618706,-0.17677669529663695,False
15,p2_secondary_HEAD_ROTATION_mean,0.001536432511584625,0.0842181288890602,False
15,p2_secondary_MAIN_OUTER_AIR_BAG_PRESSURE_auc,0.11620241489775693,0.0,False
15,p2_secondary_MAIN_OUTER_AIR_BAG_PRESSURE_mean,0.1871307138361214,0.25399821577886006,True
15,p2_secondary_MAIN_OUTER_AIR_BAG_PRESSURE_std,1.7941844636960929,-0.1473016860468065,True
15,p2_secondary_PRESSURIZED_CHAMBER_PRESSURE_auc,2.5121563065084835,-0.17677669529663678,True
15,p2_secondary_PRESSURIZED_CHAMBER_PRESSURE_mean,1.812703023391713,0.2679362840618613,True
15,p2_secondary_PRESSURIZED_CHAMBER_PRESSURE_std,3.076280625044196,-0.10568475255319512,True
15,p2_secondary_RETAINER_RING_PRESSURE_auc,0.13931278051470528,0.1767766952966369,True
15,p2_secondary_RETAINER_RING_PRESSURE_mean,0.9641334458564346,-0.05083212209927239,False
15,p2_secondary_RETAINER_RING_PRESSURE_std,1.2748523358274313,0.0,False
15,p2_secondary_RIPPLE_AIR_BAG_PRESSURE_auc,3.6724324475592263,0.0,True
15,p2_secondary_RIPPLE_AIR_BAG_PRESSURE_mean,3.814914580877681,0.1817140667273817,True
15,p2_secondary_RIPPLE_AIR_BAG_PRESSURE_std,1.2972364198232715,0.13618542076562934,False
15,p2_secondary_SLURRY_FLOW_LINE_A_auc,0.3881740603675816,0.03347489823621881,False
15,p2_secondary_SLURRY_FLOW_LINE_A_mean,0.5786149179314489,0.041573196285433385,False
15,p2_secondary_SLURRY_FLOW_LINE_A_std,1.7565764959331789,0.11412344254426608,True
15,p2_secondary_SLURRY_FLOW_LINE_B_auc,0.12015176919105604,-0.2116069216402091,False
15,p2_secondary_SLURRY_FLOW_LINE_B_mean,0.05977814209594531,-0.1767766952966369,False
15,p2_secondary_SLURRY_FLOW_LINE_B_std,1.5633257836700594,0.022898829638208218,True
15,p2_secondary_SLURRY_FLOW_LINE_C_auc,0.711704084625738,-0.3161613123980414,False
15,p2_secondary_SLURRY_FLOW_LINE_C_mean,1.0019913355850156,0.0,False
15,p2_secondary_SLURRY_FLOW_LINE_C_std,0.0787849422697607,0.18283967518807975,True
15,p2_secondary_STAGE_ROTATION_mean,1.3940581287497127,0.27683568659581387,True
15,p2_secondary_USAGE_OF_BACKING_FILM_decreasing,13.586370749669644,-0.15888357974847037,True
15,p2_secondary_USAGE_OF_BACKING_FILM_mean,72805.4704438704,0.17677669529663698,True
15,p2_secondary_USAGE_OF_BACKING_FILM_std,21.04615717669714,-0.17677669529663703,True
15,p2_secondary_USAGE_OF_DRESSER_TABLE_decreasing,3.206258216107616,0.0,True
15,p2_secondary_USAGE_OF_DRESSER_TABLE_mean,61.95955508295617,0.2546700376939146,True
15,p2_secondary_USAGE_OF_DRESSER_TABLE_std,1.8700099537072399,0.0,True
15,p2_secondary_USAGE_OF_DRESSER_decreasing,1.6226933701028037,0.17677669529663687,True
15,p2_secondary_USAGE_OF_DRESSER_mean,19.298708267692405,0.18048501480882384,True
15,p2_secondary_USAGE_OF_DRESSER_std,0.834326808392331,0.0,False
15,p2_secondary_USAGE_OF_MEMBRANE_decreasing,269.6324906061877,-0.08060643016299256,True
15,p2_secondary_USAGE_OF_MEMBRANE_mean,37142.89550761761,-0.19827005003319617,True
15,p2_secondary_USAGE_OF_MEMBRANE_std,335.86227174639214,-0.1767766952966369,True
15,p2_secondary_USAGE_OF_POLISHING_TABLE_decreasing,0.6264267262519984,-0.0502438452578166,False
15,p2_secondary_USAGE_OF_POLISHING_TABLE_mean,0.38036434669650165,-0.11255477252293734,False
15,p2_secondary_USAGE_OF_POLISHING_TABLE_std,0.43719041958711186,-0.05476241545873924,False
15,p2_secondary_USAGE_OF_PRESSURIZED_SHEET_decreasing,273.02495798353533,0.0,True
15,p2_secondary_USAGE_OF_PRESSURIZED_SHEET_mean,37185.13909295807,0.0,True
15,p2_secondary_USAGE_OF_PRESSURIZED_SHEET_std,346.87118149673074,0.16835357957355376,True
15,p2_secondary_WAFER_ROTATION_mean,1.5694399110264052,0.2064642125092947,True
15,p2_secondary_duration,0.2802367754201401,-0.00035178115020893227,False
16,lag_1,2.300548662954233,1.020193450529313,True
16,lag_2,0.45349435528744825,-0.10867094907887818,False
16,lag_3,1.0367274046108472,0.31224660886726047,True
16,lag_4,0.8570146923781238,0.30882278605563335,True
16,lag_5,1.157287097577453,0.22763627943246245,True
16,lag_6,2.1541237994736053,0.4213047688298844,True
16,lag_7,2.1398400187854816,0.2759006848489048,True
16,lag_8,0.21844249446408362,0.1663447431054689,True
16,lag_9,0.7850383127317989,0.15099087809617057,True
16,lag_10,0.07352904876401573,0.353015449794906,True
16,lag_11,0.7203301271933749,-0.23285463839980874,False
16,neighbor_1,8.87572636151714,2.8270805966161756,True
16,neighbor_2,3.766683817853041,1.0474475819070996,True
16,neighbor_3,2.5050829818213707,0.09056147042146548,True
16,neighbor_4,0.9530505008360618,-0.08198639235680846,False
16,neighbor_5,0.46185549576100104,0.3094017014476286,True
16,neighbor_6,1.1837708281181922,0.2408922805491561,True
16,neighbor_7,0.9589338117424248,0.21051002522721354,True
16,neighbor_8,3.010120231179609,0.35509896674323976,True
16,neighbor_9,2.1304387376455627,0.17988993927323166,True
16,neighbor_10,0.5648077396476574,-0.22435889311174553,False
16,p2_primary_CENTER_AIR_BAG_PRESSURE_auc,0.08495230518905707,-0.01733893505249069,False
16,p2_primary_CENTER_AIR_BAG_PRESSURE_mean,0.7779926426444767,0.20010428443978942,True
16,p2_primary_CENTER_AIR_BAG_PRESSURE_std,1.4028448929765673,0.19494086527254115,True
16,p2_primary_DRESSING_WATER_STATUS_auc,0.795071958584645,0.44207055272773393,True
16,p2_primary_DRESSING_WATER_STATUS_mean,0.48798491087622275,0.3202382057703379,True
16,p2_primary_DRESSING_WATER_STATUS_std,0.8550229428819811,0.20704273664834413,True
16,p2_primary_EDGE_AIR_BAG_PRESSURE_auc,0.7509529872940173,0.20910391180829,True
16,p2_primary_EDGE_AIR_BAG_PRESSURE_mean,0.11866706621805202,-0.019780506027459347,False
16,p2_primary_EDGE_AIR_BAG_PRESSURE_std,0.773172404703434,0.41649769908631384,True
16,p2_primary_HEAD_ROTATION_mean,0.5559361332899716,0.0886252037795082,False
16,p2_primary_MAIN_OUTER_AIR_BAG_PRESSURE_auc,0.2356957607096644,0.21849869386144555,True
16,p2_primary_MAIN_OUTER_AIR_BAG_PRESSURE_mean,0.30942351412311264,-0.11025246472335652,False
16,p2_primary_MAIN_OUTER_AIR_BAG_PRESSURE_std,1.2494326601619665,0.4065024718699082,True
16,p2_primary_PRESSURIZED_CHAMBER_PRESSURE_auc,1.3198676092741282,0.5295054782333439,True
16,p2_primary_PRESSURIZED_CHAMBER_PRESSURE_mean,3.265851884642635,0.5381882202487714,True
16,p2_primary_PRESSURIZED_CHAMBER_PRESSURE_std,0.5707479223629595,0.22453593249957055,True
16,p2_primary_RETAINER_RING_PRESSURE_auc,0.26409960291361384,0.1857456878368691,True
16,p2_primary_RETAINER_RING_PRESSURE_mean,0.03396752388752834,0.17427986292553144,True
16,p2_primary_RETAINER_RING_PRESSURE_std,0.18531269033651104,-0.20302902355149263,False
16,p2_primary_RIPPLE_AIR_BAG_PRESSURE_auc,1.5128054580761978,0.11011747144744934,True
16,p2_primary_RIPPLE_AIR_BAG_PRESSURE_mean,1.0419685245515766,-0.04890476305426918,False
16,p2_primary_RIPPLE_AIR_BAG_PRESSURE_std,0.3142981906324703,0.32485219321745173,True
16,p2_primary_SLURRY_FLOW_LINE_A_auc,0.8373372625196961,0.9380906564709242,True
16,p2_primary_SLURRY_FLOW_LINE_A_mean,1.3300932732045616,0.4075128519936776,True
16,p2_primary_SLURRY_FLOW_LINE_A_std,1.53366379579292,0.22213640385923683,True
16,p2_primary_SLURRY_FLOW_LINE_B_auc,0.488573018578288,0.20699609099648675,True
16,p2_primary_SLURRY_FLOW_LINE_B_mean,0.13752572637481203,-0.16379550938897552,False
16,p2_primary_SLURRY_FLOW_LINE_B_std,1.0380745583539017,0.0703542962580593,False
16,p2_primary_SLURRY_FLOW_LINE_C_auc,0.29240732639836814,0.45115914028417003,True
16,p2_primary_SLURRY_FLOW_LINE_C_mean,0.4639659843724869,0.24278674022653332,True
16,p2_primary_SLURRY_FLOW_LINE_C_std,1.6650673677606642,-0.02436822867251551,True
16,p2_primary_STAGE_ROTATION_mean,1.1864140716769052,-0.13066300130260577,False
16,p2_primary_USAGE_OF_BACKING_FILM_decreasing,1.7433699494621453,0.2047666628619818,True
16,p2_primary_USAGE_OF_BACKING_FILM_mean,11757.12084693818,0.014629372360329565,True
16,p2_primary_USAGE_OF_BACKING_FILM_std,1.7250048260048074,0.07253493003912302,True
16,p2_primary_USAGE_OF_DRESSER_TABLE_decreasing,0.0691410898671824,-0.1767766952966369,False
16,p2_primary_USAGE_OF_DRESSER_TABLE_mean,1.1321120561242386,0.35986121480214694,True
16,p2_primary_USAGE_OF_DRESSER_TABLE_std,0.007950836817385152,0.07434569622553669,False
16,p2_primary_USAGE_OF_DRESSER_decreasing,0.3312765594647254,0.2485810244661354,True
16,p2_primary_USAGE_OF_DRESSER_mean,4.832905270471554,0.2516721374260829,True
16,p2_primary_USAGE_OF_DRESSER_std,0.8272678665442195,-0.16772536002779553,False
16,p2_primary_USAGE_OF_MEMBRANE_decreasing,2.3457214601745724,-0.21107340744893738,True
16,p2_primary_USAGE_OF_MEMBRANE_mean,36555.365515686404,-0.2597023231995591,True
16,p2_primary_USAGE_OF_MEMBRANE_std,2.3753367040338396,-0.2682257256915455,True
16,p2_primary_USAGE_OF_POLISHING_TABLE_decreasing,1.1212077518987447,0.027017043001808513,False
16,p2_primary_USAGE_OF_POLISHING_TABLE_mean,1.350955145394585,0.20749689294468482,True
16,p2_primary_USAGE_OF_POLISHING_TABLE_std,1.0426462510530186,0.18789646672753726,True
16,p2_primary_USAGE_OF_PRESSURIZED_SHEET_decreasing,3.1374146176634246,-0.2661430983178951,True
16,p2_primary_USAGE_OF_PRESSURIZED_SHEET_mean,48279.40153878457,0.18836762573730315,True
16,p2_primary_USAGE_OF_PRESSURIZED_SHEET_std,3.174783110712573,-0.13094558265341036,True
16,p2_primary_WAFER_ROTATION_mean,1.1445728369519452,-0.11864053771701324,False
16,p2_primary_duration,0.5877190091422029,0.1912456442430867,True
16,p2_secondary_CENTER_AIR_BAG_PRESSURE_auc,0.8999653736075616,0.24866178950589815,True
16,p2_secondary_CENTER_AIR_BAG_PRESSURE_mean,1.3108038289172594,-0.17677669529663692,False
16,p2_secondary_CENTER_AIR_BAG_PRESSURE_std,2.570728425056087,0.22956692225026912,True
16,p2_secondary_DRESSING_WATER_STATUS_auc,0.4530649124308001,0.32893685976673515,True
16,p2_secondary_DRESSING_WATER_STATUS_mean,0.5041740920552399,0.30556729614033734,True
16,p2_secondary_DRESSING_WATER_STATUS_std,0.22071445585911775,-0.059398596662220485,False
16,p2_secondary_EDGE_AIR_BAG_PRESSURE_auc,2.2851364871987614,-0.24649719606127335,True
16,p2_secondary_EDGE_AIR_BAG_PRESSURE_mean,2.7210968449167314,0.21165035536181434,True
16,p2_secondary_EDGE_AIR_BAG_PRESSURE_std,3.528583616822087,0.2646051194154012,True
16,p2_secondary_HEAD_ROTATION_mean,0.11332984738517272,-0.1851610526440879,False
16,p2_secondary_MAIN_OUTER_AIR_BAG_PRESSURE_auc,1.8496343811515845,-0.17677669529663684,True
16,p2_secondary_MAIN_OUTER_AIR_BAG_PRESSURE_mean,2.010276846118906,0.0,True
16,p2_secondary_MAIN_OUTER_AIR_BAG_PRESSURE_std,2.5163732306066615,0.11624486801488705,True
16,p2_secondary_PRESSURIZED_CHAMBER_PRESSURE_auc,1.118534792886639,-0.17196604368766244,False
16,p2_secondary_PRESSURIZED_CHAMBER_PRESSURE_mean,0.23378687812214424,-0.07499219818486727,False
16,p2_secondary_PRESSURIZED_CHAMBER_PRESSURE_std,3.666964262601707,-0.018774843149196398,True
16,p2_secondary_RETAINER_RING_PRESSURE_auc,0.4872162260890093,-0.2236962402382393,False
16,p2_secondary_RETAINER_RING_PRESSURE_mean,2.0274606027096596,0.05828803463458585,True
16,p2_secondary_RETAINER_RING_PRESSURE_std,2.4555663847547375,-0.011450300334855652,True
16,p2_secondary_RIPPLE_AIR_BAG_PRESSURE_auc,2.701721560684546,0.0,True
16,p2_secondary_RIPPLE_AIR_BAG_PRESSURE_mean,2.6425924478317073,0.1630873502091707,True
16,p2_secondary_RIPPLE_AIR_BAG_PRESSURE_std,0.44190998584086844,0.2403921319122644,True
16,p2_secondary_SLURRY_FLOW_LINE_A_auc,2.3006636910822094,-0.02869039470695162,True
16,p2_secondary_SLURRY_FLOW_LINE_A_mean,1.7056214916523356,0.130714395781904,True
16,p2_secondary_SLURRY_FLOW_LINE_A_std,1.173081987267052,-0.02961883070868098,False
16,p2_secondary_SLURRY_FLOW_LINE_B_auc,1.0711878553395302,-0.2580808841048957,False
16,p2_secondary_SLURRY_FLOW_LINE_B_mean,0.873395402423607,0.1640564410261927,True
16,p2_secondary_SLURRY_FLOW_LINE_B_std,0.16740665842258806,-0.07818849860034671,False
16,p2_secondary_SLURRY_FLOW_LINE_C_auc,1.2162572199362487,0.0,False
16,p2_secondary_SLURRY_FLOW_LINE_C_mean,0.8324795486851223,0.1134642927262611,False
16,p2_secondary_SLURRY_FLOW_LINE_C_std,1.5062924926762833,0.285253175681252,True
16,p2_secondary_STAGE_ROTATION_mean,0.08514625072232902,0.32447621374782726,True
16,p2_secondary_USAGE_OF_BACKING_FILM_decreasing,21.209457747602865,0.0,True
16,p2_secondary_USAGE_OF_BACKING_FILM_mean,8545.829873668099,0.17677669529663687,True
16,p2_secondary_USAGE_OF_BACKING_FILM_std,19.602448332133076,-0.10616822086464865,True
16,p2_secondary_USAGE_OF_DRESSER_TABLE_decreasing,2.4774683173809637,0.0,True
16,p2_secondary_USAGE_OF_DRESSER_TABLE_mean,1.1020221927499436,0.22064600497648812,True
16,p2_secondary_USAGE_OF_DRESSER_TABLE_std,1.8994149862072407,0.0,True
16,p2_secondary_USAGE_OF_DRESSER_decreasing,0.8622328348603226,0.0,False
16,p2_secondary_USAGE_OF_DRESSER_mean,4.828376396470153,0.31385679290318297,True
16,p2_secondary_USAGE_OF_DRESSER_std,0.7136247015803514,0.0,False
16,p2_secondary_USAGE_OF_MEMBRANE_decreasing,285.3819591943787,-0.09414315609422819,True
16,p2_secondary_USAGE_OF_MEMBRANE_mean,23198.94299886286,0.3017061336279379,True
16,p2_secondary_USAGE_OF_MEMBRANE_std,323.2480150545218,0.21797555702237076,True
16,p2_secondary_USAGE_OF_POLISHING_TABLE_decreasing,1.0932921574126309,-0.0030925646880533217,False
16,p2_secondary_USAGE_OF_POLISHING_TABLE_mean,1.352618699837347,0.03075584897446033,False
16,p2_secondary_USAGE_OF_POLISHING_TABLE_std,0.7647507290463215,-0.26243979041106685,False
16,p2_secondary_USAGE_OF_PRESSURIZED_SHEET_decreasing,144.96981277900844,0.0,True
16,p2_secondary_USAGE_OF_PRESSURIZED_SHEET_mean,31714.98563301307,-0.009634642270354925,True
16,p2_secondary_USAGE_OF_PRESSURIZED_SHEET_std,167.62570250862632,-0.17960244511478768,True
16,p2_secondary_WAFER_ROTATION_mean,1.6177185447997355,0.14905138728429793,True
16,p2_secondary_duration,0.4548404801494913,-0.15096862179291415,False
17,lag_1,2.276987127622361,0.6880863874363172,True
17,lag_2,0.1544726258385972,0.36077922026526327,True
17,lag_3,0.4016284126453588,0.15248295502975542,True
17,lag_4,1.4457380787615837,0.07459347548175323,False
17,lag_5,1.4544120910972265,0.15936214717286626,True
17,lag_6,1.4115862667771133,-0.10214142286964749,False
17,lag_7,1.8178708698768185,-0.045672051971506776,True
17,lag_8,0.04312363085485435,0.07948422059017345,False
17,lag_9,1.6377369065556253,0.05504914207618312,True
17,lag_10,0.4779473573972973,0.012552546312040568,False
17,lag_11,0.19634241482453216,0.430963378787819,True
17,neighbor_1,8.463659682111807,2.0629018890016573,True
17,neighbor_2,3.9557693578136077,0.8995958003344295,True
17,neighbor_3,2.5282153317043377,0.4146585877904463,True
17,neighbor_4,0.709142766644095,0.4011981150861836,True
17,neighbor_5,1.7420416369231808,0.2550542650779092,True
17,neighbor_6,1.6869437549526878,0.07863099961659052,True
17,neighbor_7,0.5380462323013301,-0.009336852697740343,False
17,neighbor_8,1.6094008350878597,0.4110099168052706,True
17,neighbor_9,0.534490281037598,0.10893786782544992,False
17,neighbor_10,0.2849811057410255,-0.10551842770926163,False
17,p2_primary_CENTER_AIR_BAG_PRESSURE_auc,0.6710945662541666,0.2157573733838361,True
17,p2_primary_CENTER_AIR_BAG_PRESSURE_mean,0.041636030391098665,-0.18877605465765543,False
17,p2_primary_CENTER_AIR_BAG_PRESSURE_std,1.4358056952291607,0.32257375850569314,True
17,p2_primary_DRESSING_WATER_STATUS_auc,0.2683594304573814,0.2234855302545216,True
17,p2_primary_DRESSING_WATER_STATUS_mean,0.35627154700164404,0.36923555919333767,True
17,p2_primary_DRESSING_WATER_STATUS_std,0.07834011638730531,0.21249921338135047,True
17,p2_primary_EDGE_AIR_BAG_PRESSURE_auc,0.2839493803277167,0.17570730372220353,True
17,p2_primary_EDGE_AIR_BAG_PRESSURE_mean,0.2650521144857977,0.2422518764370801,True
17,p2_primary_EDGE_AIR_BAG_PRESSURE_std,0.017081801415912763,0.46606073143632865,True
17,p2_primary_HEAD_ROTATION_mean,0.5181115780984531,0.07402752844870472,False
17,p2_primary_MAIN_OUTER_AIR_BAG_PRESSURE_auc,0.5884641961691272,0.2827513307591508,True
17,p2_primary_MAIN_OUTER_AIR_BAG_PRESSURE_mean,0.32452691240850146,0.2503857124192574,True
17,p2_primary_MAIN_OUTER_AIR_BAG_PRESSURE_std,1.3979169527698772,0.38205585825489,True
17,p2_primary_PRESSURIZED_CHAMBER_PRESSURE_auc,2.0330415231278507,0.6999073221170247,True
17,p2_primary_PRESSURIZED_CHAMBER_PRESSURE_mean,3.313118333310145,0.5114079567876347,True
17,p2_primary_PRESSURIZED_CHAMBER_PRESSURE_std,0.262528851043012,0.2184079502536805,True
17,p2_primary_RETAINER_RING_PRESSURE_auc,0.049484576562562235,-0.04288784111415389,False
17,p2_primary_RETAINER_RING_PRESSURE_mean,0.7833421510658126,0.09140513044766037,False
17,p2_primary_RETAINER_RING_PRESSURE_std,0.3216471326125192,-0.38148690582142986,False
17,p2_primary_RIPPLE_AIR_BAG_PRESSURE_auc,1.4838192591411878,-0.16474046315441493,False
17,p2_primary_RIPPLE_AIR_BAG_PRESSURE_mean,0.7398060779727844,0.34745704394827875,True
17,p2_primary_RIPPLE_AIR_BAG_PRESSURE_std,0.738486146558455,0.17559299567804657,True
17,p2_primary_SLURRY_FLOW_LINE_A_auc,0.6034116680175694,0.6572056414099172,True
17,p2_primary_SLURRY_FLOW_LINE_A_mean,0.7717935695727824,0.32637077353896526,True
17,p2_primary_SLURRY_FLOW_LINE_A_std,0.6998986661142604,0.46064652751542334,True
17,p2_primary_SLURRY_FLOW_LINE_B_auc,0.4761446863177483,0.1091857649250335,False
17,p2_primary_SLURRY_FLOW_LINE_B_mean,0.2251864916544103,-0.09107346795881244,False
17,p2_primary_SLURRY_FLOW_LINE_B_std,0.6162239816468456,0.2648860949769794,True
17,p2_primary_SLURRY_FLOW_LINE_C_auc,0.2551739992606766,0.40597488932491727,True
17,p2_primary_SLURRY_FLOW_LINE_C_mean,0.23332043358028834,0.22916696121343802,True
17,p2_primary_SLURRY_FLOW_LINE_C_std,1.1045829679259067,0.24372929033891877,True
17,p2_primary_STAGE_ROTATION_mean,1.9785468344389854,0.3122168625661422,True
17,p2_primary_USAGE_OF_BACKING_FILM_decreasing,1.0704943104603029,-0.19190168511985875,False
17,p2_primary_USAGE_OF_BACKING_FILM_mean,1675.6488751156257,-0.2525843537435207,True
17,p2_primary_USAGE_OF_BACKING_FILM_std,1.8288997940516512,0.23621673199625842,True
17,p2_primary_USAGE_OF_DRESSER_TABLE_decreasing,0.8254358016910702,-0.2475007409839419,False
17,p2_primary_USAGE_OF_DRESSER_TABLE_mean,61.93162635759891,0.21230411585306813,True
17,p2_primary_USAGE_OF_DRESSER_TABLE_std,0.7427292812707383,0.18246566778743234,True
17,p2_primary_USAGE_OF_DRESSER_decreasing,0.13548109209169568,-0.19889744047980293,False
17,p2_primary_USAGE_OF_DRESSER_mean,0.8358196268644076,0.35332315999914987,True
17,p2_primary_USAGE_OF_DRESSER_std,0.005935118350195886,0.3096317828046209,True
17,p2_primary_USAGE_OF_MEMBRANE_decreasing,4.578126730109458,0.2617235294962639,True
17,p2_primary_USAGE_OF_MEMBRANE_mean,17501.78049076396,0.16842814928019337,True
17,p2_primary_USAGE_OF_MEMBRANE_std,8.457265930077467,0.15208406074054595,True
17,p2_primary_USAGE_OF_POLISHING_TABLE_decreasing,0.27432854952468844,0.2545630471369178,True
17,p2_primary_USAGE_OF_POLISHING_TABLE_mean,1.3424216608158905,0.026762837606350322,False
17,p2_primary_USAGE_OF_POLISHING_TABLE_std,0.2168209899880453,0.2698335654902489,True
17,p2_primary_USAGE_OF_PRESSURIZED_SHEET_decreasing,6.11223248192607,-0.21084386479192918,True
17,p2_primary_USAGE_OF_PRESSURIZED_SHEET_mean,19187.655420064148,-0.040846769753577566,True
17,p2_primary_USAGE_OF_PRESSURIZED_SHEET_std,10.548880081462524,0.21636442291920635,True
17,p2_primary_WAFER_ROTATION_mean,1.504305208894484,0.08338042609510242,True
17,p2_primary_duration,0.42814147139762265,0.13980912868589676,False
17,p2_secondary_CENTER_AIR_BAG_PRESSURE_auc,0.30276799145105016,0.3311901372263988,True
17,p2_secondary_CENTER_AIR_BAG_PRESSURE_mean,0.13882522328748545,0.0,False
17,p2_secondary_CENTER_AIR_BAG_PRESSURE_std,1.7438855479975006,0.0,True
17,p2_secondary_DRESSING_WATER_STATUS_auc,0.10117110976549198,-0.15292590471040174,False
17,p2_secondary_DRESSING_WATER_STATUS_mean,0.028450864040512985,0.10825613049112254,False
17,p2_secondary_DRESSING_WATER_STATUS_std,0.30549143685597174,-0.12119978371686002,False
17,p2_secondary_EDGE_AIR_BAG_PRESSURE_auc,0.5341095285356628,0.1767766952966369,True
17,p2_secondary_EDGE_AIR_BAG_PRESSURE_mean,0.995097308021054,0.26500100518900416,True
17,p2_secondary_EDGE_AIR_BAG_PRESSURE_std,1.2484545826529845,0.17677669529663692,True
17,p2_secondary_HEAD_ROTATION_mean,0.6651980472639215,0.06213946672833148,False
17,p2_secondary_MAIN_OUTER_AIR_BAG_PRESSURE_auc,0.2558721667633335,-0.10243019506346732,False
17,p2_secondary_MAIN_OUTER_AIR_BAG_PRESSURE_mean,0.07045802209709066,0.18723457537460855,True
17,p2_secondary_MAIN_OUTER_AIR_BAG_PRESSURE_std,1.9212090239859816,-0.25411532212705074,True
17,p2_secondary_PRESSURIZED_CHAMBER_PRESSURE_auc,0.28332342973234964,0.2938653631651593,True
17,p2_secondary_PRESSURIZED_CHAMBER_PRESSURE_mean,0.5153050225924279,0.1767766952966368,True
17,p2_secondary_PRESSURIZED_CHAMBER_PRESSURE_std,3.4189688686683657,0.11352272176506237,True
17,p2_secondary_RETAINER_RING_PRESSURE_auc,0.4732016328377645,0.03424700867080708,False
17,p2_secondary_RETAINER_RING_PRESSURE_mean,1.3551460645523532,0.0024897756232099286,False
17,p2_secondary_RETAINER_RING_PRESSURE_std,1.3083222382364201,-0.1289074722653642,False
17,p2_secondary_RIPPLE_AIR_BAG_PRESSURE_auc,0.8910267879569347,0.0,False
17,p2_secondary_RIPPLE_AIR_BAG_PRESSURE_mean,0.8194063987230595,-0.1957197116090124,False
17,p2_secondary_RIPPLE_AIR_BAG_PRESSURE_std,0.002056579836613442,-0.17903433340842667,False
17,p2_secondary_SLURRY_FLOW_LINE_A_auc,1.4246880407989357,-0.167808655211686,False
17,p2_secondary_SLURRY_FLOW_LINE_A_mean,1.2012750805493058,0.3282439556956189,True
17,p2_secondary_SLURRY_FLOW_LINE_A_std,1.1113315493617362,0.29085283522531774,True
17,p2_secondary_SLURRY_FLOW_LINE_B_auc,1.132380615194738,-0.17677669529663684,False
17,p2_secondary_SLURRY_FLOW_LINE_B_mean,1.0086476348654099,0.07818083192857692,False
17,p2_secondary_SLURRY_FLOW_LINE_B_std,1.0956698410786487,0.24877726057564353,True
17,p2_secondary_SLURRY_FLOW_LINE_C_auc,0.17177211311382348,-0.14651397211057496,False
17,p2_secondary_SLURRY_FLOW_LINE_C_mean,0.26722232117021144,0.185672059403522,True
17,p2_secondary_SLURRY_FLOW_LINE_C_std,0.7891449313225116,0.13659867026581096,False
17,p2_secondary_STAGE_ROTATION_mean,0.16800810270819666,0.07675082924306709,False
17,p2_secondary_USAGE_OF_BACKING_FILM_decreasing,22.210985375247358,-0.17677669529663684,True
17,p2_secondary_USAGE_OF_BACKING_FILM_mean,12129.522951842613,0.19311456440141295,True
17,p2_secondary_USAGE_OF_BACKING_FILM_std,23.874002399372184,0.24297122449115027,True
17,p2_secondary_USAGE_OF_DRESSER_TABLE_decreasing,0.854015145303487,0.0,False
17,p2_secondary_USAGE_OF_DRESSER_TABLE_mean,62.01342046566201,-0.1549537778060186,True
17,p2_secondary_USAGE_OF_DRESSER_TABLE_std,0.5418059703654629,0.0,False
17,p2_secondary_USAGE_OF_DRESSER_decreasing,0.2531696570017466,0.0,False
17,p2_secondary_USAGE_OF_DRESSER_mean,0.8328370143618428,0.12116799714846274,False
17,p2_secondary_USAGE_OF_DRESSER_std,0.06609072615549316,0.0,False
17,p2_secondary_USAGE_OF_MEMBRANE_decreasing,292.03131299607367,0.1767766952966368,True
17,p2_secondary_USAGE_OF_MEMBRANE_mean,7407.753404791298,0.18152375500649415,True
17,p2_secondary_USAGE_OF_MEMBRANE_std,333.3157647984938,-0.17677669529663698,True
17,p2_secondary_USAGE_OF_POLISHING_TABLE_decreasing,1.0676402788539248,-0.006666912409156185,False
17,p2_secondary_USAGE_OF_POLISHING_TABLE_mean,1.3453178648417445,-0.015019039086442683,False
17,p2_secondary_USAGE_OF_POLISHING_TABLE_std,0.6874251014417335,0.15900183549781888,True
17,p2_secondary_USAGE_OF_PRESSURIZED_SHEET_decreasing,134.66081964937626,0.17677669529663692,True
17,p2_secondary_USAGE_OF_PRESSURIZED_SHEET_mean,19548.47340535506,0.16584843868668933,True
17,p2_secondary_USAGE_OF_PRESSURIZED_SHEET_std,155.94285712044118,0.1767766952966368,True
17,p2_secondary_WAFER_ROTATION_mean,0.8726433106571838,-0.13910247937795286,False
17,p2_secondary_duration,0.13930091876208864,-0.014315132258755638,False
18,lag_1,0.9898662021892609,1.0515653039069457,True
18,lag_2,0.7062135577557561,0.4779720441390794,True
18,lag_3,1.514891738483202,0.04167303863957925,True
18,lag_4,1.1315745255166065,-0.043531534824134875,False
18,lag_5,1.2316551674238576,0.1477165172024538,False
18,lag_6,1.3308162394495375,0.15718651796835198,True
18,lag_7,0.24418445943118466,0.16428045161838356,True
18,lag_8,1.3746657849742943,0.25961642981457356,True
18,lag_9,1.1457815984262039,0.06055482909306067,False
18,lag_10,0.9115700766814474,-0.16680871825591156,False
18,lag_11,1.2634785563104873,0.1216732194156148,False
18,neighbor_1,7.522947460591592,2.389988272133412,True
18,neighbor_2,3.5590579644828817,0.4196897693529922,True
18,neighbor_3,0.5465183833820768,0.5379480745085287,True
18,neighbor_4,0.21194306696603218,-0.03704589595458549,False
18,neighbor_5,0.30831745077844774,0.07461918311339745,False
18,neighbor_6,0.6134431555985422,-0.05704585849191872,False
18,neighbor_7,0.9568320651917874,0.041708672394594436,False
18,neighbor_8,1.1601973200309121,0.426020051342756,True
18,neighbor_9,1.9537604850243484,0.18081797446810896,True
18,neighbor_10,1.592253265750572,0.24787943738912277,True
18,p2_primary_CENTER_AIR_BAG_PRESSURE_auc,0.8518492178183009,0.17677669529663695,True
18,p2_primary_CENTER_AIR_BAG_PRESSURE_mean,1.3941624861178248,0.1992892230564022,True
18,p2_primary_CENTER_AIR_BAG_PRESSURE_std,1.080057122645088,0.10856075296209786,False
18,p2_primary_DRESSING_WATER_STATUS_auc,1.0894629009816081,0.3325991251860709,True
18,p2_primary_DRESSING_WATER_STATUS_mean,1.2231392035273003,0.2796029532899348,True
18,p2_primary_DRESSING_WATER_STATUS_std,0.7977801843788586,0.373154431829187,True
18,p2_primary_EDGE_AIR_BAG_PRESSURE_auc,0.5961737414896676,0.17718698876248082,True
18,p2_primary_EDGE_AIR_BAG_PRESSURE_mean,0.5511653587170621,0.1717841288774388,True
18,p2_primary_EDGE_AIR_BAG_PRESSURE_std,0.5204174280054652,0.2852414024861657,True
18,p2_primary_HEAD_ROTATION_mean,0.34223575644856397,-0.24110584338669647,False
18,p2_primary_MAIN_OUTER_AIR_BAG_PRESSURE_auc,0.7378119293266253,0.17677669529663695,True
18,p2_primary_MAIN_OUTER_AIR_BAG_PRESSURE_mean,1.2069059829006297,0.14766300553310374,False
18,p2_primary_MAIN_OUTER_AIR_BAG_PRESSURE_std,1.3530608946615847,0.15140176991257384,True
18,p2_primary_PRESSURIZED_CHAMBER_PRESSURE_auc,1.619906391537706,0.2724817435215008,True
18,p2_primary_PRESSURIZED_CHAMBER_PRESSURE_mean,2.7869933013448476,0.29780961935539224,True
18,p2_primary_PRESSURIZED_CHAMBER_PRESSURE_std,0.04623243539199499,-0.19927981474686826,False
18,p2_primary_RETAINER_RING_PRESSURE_auc,0.4755989128482054,-0.28192456173582525,False
18,p2_primary_RETAINER_RING_PRESSURE_mean,0.10002813182085665,-0.1767862507051321,False
18,p2_primary_RETAINER_RING_PRESSURE_std,0.1458722193136971,-0.3066111896297564,False
18,p2_primary_RIPPLE_AIR_BAG_PRESSURE_auc,1.91393636080863,-0.07662518627357522,True
18,p2_primary_RIPPLE_AIR_BAG_PRESSURE_mean,1.641460286576178,-0.046375298641366476,True
18,p2_primary_RIPPLE_AIR_BAG_PRESSURE_std,0.7387557617667618,0.33921132495538736,True
18,p2_primary_SLURRY_FLOW_LINE_A_auc,0.3697442309568299,0.7823578311720251,True
18,p2_primary_SLURRY_FLOW_LINE_A_mean,0.8478968096303126,0.4089289322094567,True
18,p2_primary_SLURRY_FLOW_LINE_A_std,0.6567912434307089,0.3434793590491715,True
18,p2_primary_SLURRY_FLOW_LINE_B_auc,1.857509959412709,0.24943626166058963,True
18,p2_primary_SLURRY_FLOW_LINE_B_mean,1.8486653137849687,0.0,True
18,p2_primary_SLURRY_FLOW_LINE_B_std,1.4810860006136197,-0.0835322598334921,False
18,p2_primary_SLURRY_FLOW_LINE_C_auc,0.49990338651151983,0.2665854189920134,True
18,p2_primary_SLURRY_FLOW_LINE_C_mean,0.054387923431237474,0.03628460132119803,False
18,p2_primary_SLURRY_FLOW_LINE_C_std,0.1936053723389088,-0.303972553950869,False
18,p2_primary_STAGE_ROTATION_mean,0.5598012140620481,-0.028624219180800374,False
18,p2_primary_USAGE_OF_BACKING_FILM_decreasing,13.706552038877328,0.03211922032678988,True
18,p2_primary_USAGE_OF_BACKING_FILM_mean,18272.09477621935,0.0,True
18,p2_primary_USAGE_OF_BACKING_FILM_std,13.812705993461016,0.2130372567245227,True
18,p2_primary_USAGE_OF_DRESSER_TABLE_decreasing,2.054057833784921,0.22315705452670662,True
18,p2_primary_USAGE_OF_DRESSER_TABLE_mean,69.24101365930137,0.27172295331945756,True
18,p2_primary_USAGE_OF_DRESSER_TABLE_std,1.7199673826728603,0.19599506157283497,True
18,p2_primary_USAGE_OF_DRESSER_decreasing,0.7677674721090076,0.31151454470010614,True
18,p2_primary_USAGE_OF_DRESSER_mean,6.414666453472158,0.1629025503131597,True
18,p2_primary_USAGE_OF_DRESSER_std,1.049382590877909,-0.16775091314902688,False
18,p2_primary_USAGE_OF_MEMBRANE_decreasing,27.626304784396932,-0.17677669529663695,True
18,p2_primary_USAGE_OF_MEMBRANE_mean,8882.509419993517,0.0,True
18,p2_primary_USAGE_OF_MEMBRANE_std,60.00415464800864,-0.23646858487395073,True
18,p2_primary_USAGE_OF_POLISHING_TABLE_decreasing,0.43043960064662473,-0.15511395673195258,False
18,p2_primary_USAGE_OF_POLISHING_TABLE_mean,1.8865669481814655,-0.028962402854789463,True
18,p2_primary_USAGE_OF_POLISHING_TABLE_std,0.4640824333062214,0.44231850739065176,True
18,p2_primary_USAGE_OF_PRESSURIZED_SHEET_decreasing,4.198326446708613,-0.28685782560963213,True
18,p2_primary_USAGE_OF_PRESSURIZED_SHEET_mean,9365.55784085883,-0.17677669529663684,True
18,p2_primary_USAGE_OF_PRESSURIZED_SHEET_std,5.592451021076765,0.11295883081341578,True
18,p2_primary_WAFER_ROTATION_mean,1.217019071987955,-0.06682400252306611,False
18,p2_primary_duration,1.7874820971925085,0.2910921707701931,True
18,p2_secondary_CENTER_AIR_BAG_PRESSURE_auc,0.3621956523738124,0.02611587859433641,False
18,p2_secondary_CENTER_AIR_BAG_PRESSURE_mean,0.12132779651599414,0.0,False
18,p2_secondary_CENTER_AIR_BAG_PRESSURE_std,0.5100346105909173,0.11600722072489165,False
18,p2_secondary_DRESSING_WATER_STATUS_auc,0.006440790738968467,0.07483340032696544,False
18,p2_secondary_DRESSING_WATER_STATUS_mean,0.2771929281247358,-0.17677669529663692,False
18,p2_secondary_DRESSING_WATER_STATUS_std,0.9678912081722774,-0.20365033478638367,False
18,p2_secondary_EDGE_AIR_BAG_PRESSURE_auc,0.7241622573460295,-0.1767766952966369,False
18,p2_secondary_EDGE_AIR_BAG_PRESSURE_mean,0.9106785933894537,0.0,False
18,p2_secondary_EDGE_AIR_BAG_PRESSURE_std,1.0943276854015576,0.17677669529663673,True
18,p2_secondary_HEAD_ROTATION_mean,0.03572118568413775,0.21796102392886438,True
18,p2_secondary_MAIN_OUTER_AIR_BAG_PRESSURE_auc,0.7621160522813878,0.0,False
18,p2_secondary_MAIN_OUTER_AIR_BAG_PRESSURE_mean,0.5454898066523296,-0.09195864954546575,False
18,p2_secondary_MAIN_OUTER_AIR_BAG_PRESSURE_std,1.7229346028427857,-0.13091410076988744,True
18,p2_secondary_PRESSURIZED_CHAMBER_PRESSURE_auc,1.4527342994152375,-0.23792326047601464,False
18,p2_secondary_PRESSURIZED_CHAMBER_PRESSURE_mean,0.850657799478114,0.18558850358314727,True
18,p2_secondary_PRESSURIZED_CHAMBER_PRESSURE_std,1.9284235649599863,-0.09696106450522504,True
18,p2_secondary_RETAINER_RING_PRESSURE_auc,0.9422482729437816,0.17677669529663684,True
18,p2_secondary_RETAINER_RING_PRESSURE_mean,1.505646182546056,0.2198274379099392,True
18,p2_secondary_RETAINER_RING_PRESSURE_std,0.9225161251356125,0.14687741582729902,False
18,p2_secondary_RIPPLE_AIR_BAG_PRESSURE_auc,0.6547351728962072,0.22839285569763898,True
18,p2_secondary_RIPPLE_AIR_BAG_PRESSURE_mean,0.6805016409989723,0.17677669529663698,True
18,p2_secondary_RIPPLE_AIR_BAG_PRESSURE_std,0.496056436923528,-0.1767766952966369,False
18,p2_secondary_SLURRY_FLOW_LINE_A_auc,0.6045332915291196,-0.21803370927138413,False
18,p2_secondary_SLURRY_FLOW_LINE_A_mean,0.5437064759083134,-0.18877053360567364,False
18,p2_secondary_SLURRY_FLOW_LINE_A_std,0.41259400892193865,-0.07827568360306512,False
18,p2_secondary_SLURRY_FLOW_LINE_B_auc,0.2970723943828886,-0.17499130342145744,False
18,p2_secondary_SLURRY_FLOW_LINE_B_mean,0.3635390011836599,0.10382727361320156,False
18,p2_secondary_SLURRY_FLOW_LINE_B_std,0.12327004423912256,-0.06199270184500616,False
18,p2_secondary_SLURRY_FLOW_LINE_C_auc,0.7609866570379885,-0.09916786649276624,False
18,p2_secondary_SLURRY_FLOW_LINE_C_mean,0.3848294534785318,0.17677669529663692,True
18,p2_secondary_SLURRY_FLOW_LINE_C_std,0.632391905441925,-0.2122335775662715,False
18,p2_secondary_STAGE_ROTATION_mean,1.3613395072553085,-0.19181218663565017,False
18,p2_secondary_USAGE_OF_BACKING_FILM_decreasing,4.195179534019527,0.17677669529663692,True
18,p2_secondary_USAGE_OF_BACKING_FILM_mean,7962.315602842469,0.0,True
18,p2_secondary_USAGE_OF_BACKING_FILM_std,8.994262416412107,0.0,True
18,p2_secondary_USAGE_OF_DRESSER_TABLE_decreasing,1.43385801544571,0.0,False
18,p2_secondary_USAGE_OF_DRESSER_TABLE_mean,69.17512865918597,0.2632698351081132,True
18,p2_secondary_USAGE_OF_DRESSER_TABLE_std,0.9152126883295766,0.0,False
18,p2_secondary_USAGE_OF_DRESSER_decreasing,0.44278160437222963,0.0,False
18,p2_secondary_USAGE_OF_DRESSER_mean,6.410850773955604,0.2628563813010159,True
18,p2_secondary_USAGE_OF_DRESSER_std,1.149730426774608,0.0,False
18,p2_secondary_USAGE_OF_MEMBRANE_decreasing,461.8714664343319,0.17677669529663678,True
18,p2_secondary_USAGE_OF_MEMBRANE_mean,3985.3905247767075,0.17677669529663678,True
18,p2_secondary_USAGE_OF_MEMBRANE_std,545.3618871792768,-0.17677669529663687,True
18,p2_secondary_USAGE_OF_POLISHING_TABLE_decreasing,2.136964073821474,-0.19327430212880006,True
18,p2_secondary_USAGE_OF_POLISHING_TABLE_mean,1.890446397863511,0.2318743699139499,True
18,p2_secondary_USAGE_OF_POLISHING_TABLE_std,2.020883986439761,0.17677669529663687,True
18,p2_secondary_USAGE_OF_PRESSURIZED_SHEET_decreasing,453.3900454658274,0.0,True
18,p2_secondary_USAGE_OF_PRESSURIZED_SHEET_mean,4002.727810218015,0.24308129728318917,True
18,p2_secondary_USAGE_OF_PRESSURIZED_SHEET_std,532.2485267037904,0.0,True
18,p2_secondary_WAFER_ROTATION_mean,1.1055443766215751,-0.30369745993308084,False
18,p2_secondary_duration,0.021264447181893097,0.27391676693266886,True
19,lag_1,1.5800686869112002,0.96683979932927,True
19,lag_2,0.13199903266977472,0.32727578124773726,True
19,lag_3,1.3681838150857664,0.19643498897641917,True
19,lag_4,0.0532990844914032,0.2563285392680388,True
19,lag_5,1.0700931763589323,0.14954022938262987,False
19,lag_6,1.804186502680929,-0.035961158584276016,True
19,lag_7,1.1024833361389978,-0.26028718262998995,False
19,lag_8,1.59611141209683,-0.05011569871244043,True
19,lag_9,1.3591997967324525,0.34872220313377617,True
19,lag_10,2.4100227309526616,0.24855693063914705,True
19,lag_11,0.43454368916233055,-0.03998330438444331,False
19,neighbor_1,8.211276901386398,1.7233700610364406,True
19,neighbor_2,3.796239647498023,0.6239228435665047,True
19,neighbor_3,0.18367657899432815,0.45610669432996304,True
19,neighbor_4,0.2892118932663265,0.42411530342790216,True
19,neighbor_5,0.4748387847354358,0.3588552650268319,True
19,neighbor_6,0.13699246066454057,0.03712507840427135,False
19,neighbor_7,0.1265347864647602,0.1943881466899927,True
19,neighbor_8,1.031505826293914,0.45697250921747473,True
19,neighbor_9,0.6274101082858697,-0.09968006120180152,False
19,neighbor_10,1.5874539540385302,0.25320711965001574,True
19,p2_primary_CENTER_AIR_BAG_PRESSURE_auc,1.3011207189756182,0.31693088974926537,True
19,p2_primary_CENTER_AIR_BAG_PRESSURE_mean,0.8913482162757744,0.20577570035939027,True
19,p2_primary_CENTER_AIR_BAG_PRESSURE_std,1.4504097010671553,0.04936601650247622,False
19,p2_primary_DRESSING_WATER_STATUS_auc,1.314242497704424,0.24546993055113217,True
19,p2_primary_DRESSING_WATER_STATUS_mean,1.4963836962560555,-0.11654901082878144,False
19,p2_primary_DRESSING_WATER_STATUS_std,0.551795328779739,0.16549752259549882,True
19,p2_primary_EDGE_AIR_BAG_PRESSURE_auc,1.2429626539900926,0.17677669529663698,True
19,p2_primary_EDGE_AIR_BAG_PRESSURE_mean,0.9311650472228338,0.17677669529663678,True
19,p2_primary_EDGE_AIR_BAG_PRESSURE_std,0.9243176003388036,0.636183224143788,True
19,p2_primary_HEAD_ROTATION_mean,1.1312936633028228,0.19529136796881477,True
19,p2_primary_MAIN_OUTER_AIR_BAG_PRESSURE_auc,0.9245505666513877,0.2571927169636844,True
19,p2_primary_MAIN_OUTER_AIR_BAG_PRESSURE_mean,0.43150326226908764,-0.2188118409764231,False
19,p2_primary_MAIN_OUTER_AIR_BAG_PRESSURE_std,0.7191041566618108,0.33530151043261847,True
19,p2_primary_PRESSURIZED_CHAMBER_PRESSURE_auc,0.5820465334175425,0.537694783760176,True
19,p2_primary_PRESSURIZED_CHAMBER_PRESSURE_mean,2.550806984796348,0.3531500304456733,True
19,p2_primary_PRESSURIZED_CHAMBER_PRESSURE_std,0.5699118141024954,-0.015427646396930887,False
19,p2_primary_RETAINER_RING_PRESSURE_auc,0.6623788336809849,0.20391580213105145,True
19,p2_primary_RETAINER_RING_PRESSURE_mean,1.3329742371330893,0.1211906921292783,False
19,p2_primary_RETAINER_RING_PRESSURE_std,1.1732500938821133,0.11036968825289435,False
19,p2_primary_RIPPLE_AIR_BAG_PRESSURE_auc,1.751312028358505,0.03900983977079422,True
19,p2_primary_RIPPLE_AIR_BAG_PRESSURE_mean,1.4495576095216243,-0.021291213521096194,False
19,p2_primary_RIPPLE_AIR_BAG_PRESSURE_std,0.28465511986428627,0.271026954896524,True
19,p2_primary_SLURRY_FLOW_LINE_A_auc,1.543997375326627,0.2837571806171899,True
19,p2_primary_SLURRY_FLOW_LINE_A_mean,0.6449800530167571,0.463421217495618,True
19,p2_primary_SLURRY_FLOW_LINE_A_std,0.8669541500569315,0.2493531604263948,True
19,p2_primary_SLURRY_FLOW_LINE_B_auc,0.3665734044735568,0.1959395215251962,True
19,p2_primary_SLURRY_FLOW_LINE_B_mean,0.18457619825302132,-0.06718256405050273,False
19,p2_primary_SLURRY_FLOW_LINE_B_std,0.25737003893415716,-0.02909472453271486,False
19,p2_primary_SLURRY_FLOW_LINE_C_auc,0.2672458606229015,0.33957332406095525,True
19,p2_primary_SLURRY_FLOW_LINE_C_mean,1.3064833441582429,0.1381332773490366,False
19,p2_primary_SLURRY_FLOW_LINE_C_std,0.2697009225200429,0.11389090038745711,False
19,p2_primary_STAGE_ROTATION_mean,1.8783939982789228,0.05810991895310382,True
19,p2_primary_USAGE_OF_BACKING_FILM_decreasing,2.2919448165785625,-0.26499421132651807,True
19,p2_primary_USAGE_OF_BACKING_FILM_mean,486899.8510017769,-0.14813126317366135,True
19,p2_primary_USAGE_OF_BACKING_FILM_std,2.373995299413535,-0.1767766952966368,True
19,p2_primary_USAGE_OF_DRESSER_TABLE_decreasing,0.17271534700875327,-0.23516215691387712,False
19,p2_primary_USAGE_OF_DRESSER_TABLE_mean,128.8910542781652,0.2634632439232566,True
19,p2_primary_USAGE_OF_DRESSER_TABLE_std,0.07173756480198315,-0.2451059634769099,False
19,p2_primary_USAGE_OF_DRESSER_decreasing,1.0706272903228828,-0.13893935844321614,False
19,p2_primary_USAGE_OF_DRESSER_mean,23.684328030510713,0.37468413460275074,True
19,p2_primary_USAGE_OF_DRESSER_std,0.9166546395915226,-0.11972331438603143,False
19,p2_primary_USAGE_OF_MEMBRANE_decreasing,10.359329632516204,0.281565344702462,True
19,p2_primary_USAGE_OF_MEMBRANE_mean,443229.64964332787,0.19771035566380982,True
19,p2_primary_USAGE_OF_MEMBRANE_std,12.806804127305789,0.23280631204333435,True
19,p2_primary_USAGE_OF_POLISHING_TABLE_decreasing,1.1926612265154806,0.16694856740070257,True
19,p2_primary_USAGE_OF_POLISHING_TABLE_mean,2.5014168120612617,-0.024531145192507854,True
19,p2_primary_USAGE_OF_POLISHING_TABLE_std,1.1098487958046042,0.04286297562815462,False
19,p2_primary_USAGE_OF_PRESSURIZED_SHEET_decreasing,0.2307625672170693,0.06310238807788143,False
19,p2_primary_USAGE_OF_PRESSURIZED_SHEET_mean,43922.326387766036,0.0045738398294264924,True
19,p2_primary_USAGE_OF_PRESSURIZED_SHEET_std,0.49664775211028916,0.07657363570278586,False
19,p2_primary_WAFER_ROTATION_mean,0.7596844307896754,0.117268903714003,False
19,p2_primary_duration,0.5039215091952327,0.29150232379780366,True
19,p2_secondary_CENTER_AIR_BAG_PRESSURE_auc,7.209384103681959,0.17677669529663687,True
19,p2_secondary_CENTER_AIR_BAG_PRESSURE_mean,7.022354744845938,0.0,True
19,p2_secondary_CENTER_AIR_BAG_PRESSURE_std,2.1163805327859753,0.022563158594979035,True
19,p2_secondary_DRESSING_WATER_STATUS_auc,0.04380802286686069,0.2963969319643915,True
19,p2_secondary_DRESSING_WATER_STATUS_mean,0.4210986976149465,0.05713860973957158,False
19,p2_secondary_DRESSING_WATER_STATUS_std,0.0916725485272279,-0.07825118135628843,False
19,p2_secondary_EDGE_AIR_BAG_PRESSURE_auc,1.0582866428200346,0.0,False
19,p2_secondary_EDGE_AIR_BAG_PRESSURE_mean,1.4187505938626588,0.1767766952966369,True
19,p2_secondary_EDGE_AIR_BAG_PRESSURE_std,1.500057541018114,-0.17677669529663687,True
19,p2_secondary_HEAD_ROTATION_mean,0.3842096174884035,-0.10096324797643495,False
19,p2_secondary_MAIN_OUTER_AIR_BAG_PRESSURE_auc,3.863549679585111,0.25527577612646846,True
19,p2_secondary_MAIN_OUTER_AIR_BAG_PRESSURE_mean,3.431130927389965,0.22720782502732495,True
19,p2_secondary_MAIN_OUTER_AIR_BAG_PRESSURE_std,1.6865601130665155,0.11222452833511215,True
19,p2_secondary_PRESSURIZED_CHAMBER_PRESSURE_auc,1.156571002568335,-0.08681717599779568,False
19,p2_secondary_PRESSURIZED_CHAMBER_PRESSURE_mean,0.4774667042823928,0.17677669529663698,True
19,p2_secondary_PRESSURIZED_CHAMBER_PRESSURE_std,3.513756864571343,0.14371317157197203,True
19,p2_secondary_RETAINER_RING_PRESSURE_auc,0.5492669230069032,0.17947352063883112,True
19,p2_secondary_RETAINER_RING_PRESSURE_mean,1.7620635139708838,-0.1767766952966368,True
19,p2_secondary_RETAINER_RING_PRESSURE_std,2.6370742509988654,0.1339641484936668,True
19,p2_secondary_RIPPLE_AIR_BAG_PRESSURE_auc,3.0963391405417013,-0.17677669529663684,True
19,p2_secondary_RIPPLE_AIR_BAG_PRESSURE_mean,2.927854345455434,0.17677669529663684,True
19,p2_secondary_RIPPLE_AIR_BAG_PRESSURE_std,0.8713286272763386,0.11426439298194904,False
19,p2_secondary_SLURRY_FLOW_LINE_A_auc,2.7627048154591765,0.008923030819191128,True
19,p2_secondary_SLURRY_FLOW_LINE_A_mean,1.8825858189232865,0.1862556127063512,True
19,p2_secondary_SLURRY_FLOW_LINE_A_std,0.7104524152846998,0.09908534306015596,False
19,p2_secondary_SLURRY_FLOW_LINE_B_auc,2.6051313246208823,0.34753947893288384,True
19,p2_secondary_SLURRY_FLOW_LINE_B_mean,2.599978263827631,-0.03380882001110118,True
19,p2_secondary_SLURRY_FLOW_LINE_B_std,1.6234224137446236,0.11392359030689751,True
19,p2_secondary_SLURRY_FLOW_LINE_C_auc,1.7512037517548524,0.23696713867472835,True
19,p2_secondary_SLURRY_FLOW_LINE_C_mean,2.2151372757160495,0.1468143261479842,True
19,p2_secondary_SLURRY_FLOW_LINE_C_std,0.029322634961244248,0.06392945471324983,False
19,p2_secondary_STAGE_ROTATION_mean,0.21452237022107,-0.028061981105022657,False
19,p2_secondary_USAGE_OF_BACKING_FILM_decreasing,17.806106519950642,0.0,True
19,p2_secondary_USAGE_OF_BACKING_FILM_mean,113157.26595632594,-0.13248385628772844,True
19,p2_secondary_USAGE_OF_BACKING_FILM_std,17.961945973410515,0.0,True
19,p2_secondary_USAGE_OF_DRESSER_TABLE_decreasing,2.033571637517179,0.0,True
19,p2_secondary_USAGE_OF_DRESSER_TABLE_mean,133.3239754965055,0.00017062793693867515,True
19,p2_secondary_USAGE_OF_DRESSER_TABLE_std,1.353226022311047,0.0,False
19,p2_secondary_USAGE_OF_DRESSER_decreasing,1.2399102692631334,0.0,False
19,p2_secondary_USAGE_OF_DRESSER_mean,23.685200844531412,0.3879049439188828,True
19,p2_secondary_USAGE_OF_DRESSER_std,1.5371485346448273,0.0,True
19,p2_secondary_USAGE_OF_MEMBRANE_decreasing,384.14731791633926,0.0,True
19,p2_secondary_USAGE_OF_MEMBRANE_mean,36371.84612353718,-0.14737547251511124,True
19,p2_secondary_USAGE_OF_MEMBRANE_std,484.2360925337422,0.14745660723302767,True
19,p2_secondary_USAGE_OF_POLISHING_TABLE_decreasing,0.6519704414818105,0.07628111795545496,False
19,p2_secondary_USAGE_OF_POLISHING_TABLE_mean,2.5046284163141714,0.3240924139240151,True
19,p2_secondary_USAGE_OF_POLISHING_TABLE_std,1.2091330144188541,0.11043366997923683,False
19,p2_secondary_USAGE_OF_PRESSURIZED_SHEET_decreasing,213.38719241063788,0.2061189937873599,True
19,p2_secondary_USAGE_OF_PRESSURIZED_SHEET_mean,148398.01099314378,-0.06494578105064748,True
19,p2_secondary_USAGE_OF_PRESSURIZED_SHEET_std,256.1454634915448,-0.1767766952966369,True
19,p2_secondary_WAFER_ROTATION_mean,0.041482558204961356,-0.00860222595317962,False
19,p2_secondary_duration,0.08509205453948286,0.131266934638863,False
