partition,policy,sample_id,lag_count,neighbor_count,cold_history,missing_physical_feature
outer_0,completed,768ed3716ed800b36423,11,10,False,False
outer_0,completed,116b8abb85ea208280a5,11,10,False,False
outer_0,completed,4da37b8285072d5fce8e,11,10,False,False
outer_0,completed,14da02e0a2f258f43603,11,10,False,False
outer_0,completed,77daff006f1cea9002a0,11,10,False,False
outer_0,completed,1857a1493ada7d76bed0,11,10,False,False
outer_0,completed,92d8fe506f357432916d,11,10,False,False
outer_0,completed,e846bea1cb1c675637b1,11,10,False,False
outer_0,completed,ba50cafcb4b9a7822c89,11,10,False,False
outer_0,completed,8d15b2de5138dd86be60,11,10,False,False
outer_0,completed,453e03f583f92e4e3248,11,10,False,False
outer_0,completed,74051d2f391a63f8431a,11,10,False,False
outer_0,completed,ef0ce55340eae7563b1c,11,10,False,False
outer_0,completed,3c31cc18b1eeb62ef763,11,10,False,False
outer_0,completed,3e5745badbe990ad0b06,11,10,False,False
outer_0,completed,041d6559d0ccd87a01af,11,10,False,False
outer_0,completed,ee7dfee081c5d9ca41cd,11,10,False,False
outer_0,completed,250617e7063072619ee0,11,10,False,False
outer_0,completed,1ce3c6b2e7021b990226,11,10,False,False
outer_0,completed,dfaae2fe4fd0f12fb599,11,10,False,False
outer_0,completed,f4e15565b1481af0c236,11,10,False,False
outer_0,completed,93b486b601f1d2b2546a,11,10,False,False
outer_0,completed,641fa945c9e4a10be8b1,11,10,False,False
outer_0,completed,87cb7176b9c6d517bfe6,11,10,False,False
outer_0,completed,065009dcf80d9db0c2c5,11,10,False,False
outer_0,completed,5915607beccd9fea86f9,11,10,False,False
outer_0,completed,a2fab8de1d0ed8453a2e,11,10,False,False
outer_0,completed,c6913b39a81fd7ac4495,11,10,False,False
outer_0,completed,3ae3d41b2dc600ea6397,11,10,False,False
outer_0,completed,7c48a414ed1eaa23d6f0,11,10,False,False
outer_0,completed,1faeb8d5019424019d00,11,10,False,False
outer_0,completed,a4addb65a3198aeff1ac,11,10,False,False
outer_0,completed,d4ed41e9d84ffaf012fb,11,10,False,False
outer_0,completed,cb7d70d527803bacff76,11,10,False,False
outer_0,completed,4cab8fdcda64caf7d2d1,11,10,False,False
outer_0,completed,063019c2ea741f6bb697,11,10,False,False
outer_0,completed,870c67d2afd6fb47ba00,11,10,False,False
outer_0,completed,1087736cea46dd4723d7,11,10,False,False
outer_0,completed,f28190f965130285e5fc,11,10,False,False
outer_0,completed,096ecd48968b85e4dc53,11,10,False,False
outer_0,completed,3b3f3f05e2ae3ab6a08f,11,10,False,False
outer_0,completed,e933735624380a9213c7,11,10,False,False
outer_0,completed,124dc5cc0f23e1f19fb7,11,10,False,False
outer_0,completed,c92be69667b985bd01a3,11,10,False,False
outer_0,completed,3bc0793f806ef1d1a2ba,11,10,False,False
outer_0,completed,eddaa4877bce3c885aaf,11,10,False,False
outer_0,completed,5acf79ea39c99dfce54b,11,10,False,False
outer_0,completed,042ee4d01f5cb8a343df,11,10,False,False
outer_0,completed,33884e368b875d80a794,11,10,False,False
outer_0,completed,a3a20e4e223549957616,11,10,False,False
outer_0,completed,8ce4020f4a25c84df3f0,11,10,False,False
outer_0,completed,bc5d24f5f8e462645a33,11,10,False,False
outer_0,completed,8d0f0bb85b35026cf2ba,11,10,False,False
outer_0,completed,c587585e8be44e59b889,11,10,False,False
outer_0,completed,eb2a20bc9753cf4dc868,11,10,False,False
outer_0,completed,d51d18f65021ac8ddfcc,11,10,False,False
outer_0,completed,eb1f457ee6ac6a7ee0a6,11,10,False,False
outer_0,completed,add06e60e9601d62efc7,11,10,False,False
outer_0,completed,17dd86ebb31c1048986c,11,10,False,False
outer_0,completed,5b11336807af53fc300f,11,10,False,False
outer_0,completed,7e5c1456ff5eab8655cd,11,10,False,False
outer_0,completed,c59f452bc87c634cb699,11,10,False,False
outer_0,completed,d3b0a2984f919f4c59e6,11,10,False,False
outer_0,completed,8419262d6f316adffce3,11,10,False,False
outer_0,completed,e2b85fd872c749e2d1b1,11,10,False,False
outer_0,completed,1f1f3a09923d7461c537,11,10,False,False
outer_0,completed,47f73e25687f8af5d8c3,11,10,False,False
outer_0,completed,ee52b9f73bf8b1a4e615,11,10,False,False
outer_0,completed,fee2c5c085e3c01371bc,11,10,False,False
outer_0,completed,d248e3fcc769daf67653,11,10,False,False
outer_0,completed,28a2f86e186b9da868d8,11,10,False,False
outer_0,completed,05a0eba2f884df1a6b1c,11,10,False,False
outer_0,completed,c36b52c10cf3994c1d12,11,10,False,False
outer_0,completed,0d8414c9029516091bab,11,10,False,False
outer_0,completed,308e6bd657584313b7b8,11,10,False,False
outer_0,completed,db7e67ad5e148e9223b9,11,10,False,False
outer_0,completed,5b3afd2ee966f3466f71,11,10,False,False
outer_0,completed,addc8d454d1848479936,11,10,False,False
outer_0,completed,9c7cf765c9f18f20435e,11,10,False,False
outer_0,completed,e0454a304d137385c571,11,10,False,False
outer_0,completed,feffd3b060cc3eca8ac3,11,10,False,False
outer_0,completed,c17748d4795a6e9cb1df,11,10,False,False
outer_0,completed,3dc3c84b02c31ff72003,11,10,False,False
outer_0,completed,d886641708bb99ca1e97,11,10,False,False
outer_0,completed,461c25eac3fd7a73ee18,11,10,False,False
outer_0,completed,c3be315f3fe5e7984a7c,11,10,False,False
outer_0,completed,e46546a8ad17073c028c,11,10,False,False
outer_0,completed,d9a765103d353873cff1,11,10,False,False
outer_0,completed,4bf238d58ee3f1cc5f78,11,10,False,False
outer_0,completed,2904556eb54f01d7a23d,11,10,False,False
outer_0,completed,2e4a92190c8e77b0f869,11,10,False,False
outer_0,completed,41e7ead092918fe68b3b,11,10,False,False
outer_0,completed,718f84948dac63189f78,11,10,False,False
outer_0,completed,87c1cc9c68669d824740,11,10,False,False
outer_0,completed,09cebbcacc35489ebbc1,11,10,False,False
outer_0,completed,aa24d77b4d23f62179ce,11,10,False,False
outer_0,completed,ceeb1b6a8b7f43e99ee6,11,10,False,False
outer_0,completed,ec2f3d9382ee25de57ce,11,10,False,False
outer_0,completed,1ca28c51b96273a4dd0b,11,10,False,False
outer_0,completed,a19f5296b00f5e9e5790,11,10,False,False
outer_0,completed,bca21197efa01107f8e6,11,10,False,False
outer_0,completed,fc7619eda3203e2c8268,11,10,False,False
outer_0,completed,54c09a4995be208bf201,11,10,False,False
outer_0,completed,a272110237de0f485905,11,10,False,False
outer_0,completed,d85a92240aeb0a22834c,11,10,False,False
outer_0,completed,00c5947959dc851f78a8,11,10,False,False
outer_0,completed,39bc3416eb7ca8ed7e20,11,10,False,False
outer_0,completed,fa25977b66243f6cfab1,11,10,False,False
outer_0,completed,9936e85984772008ce7e,11,10,False,False
outer_0,completed,df196a7fe3ca0e4d5ed0,11,10,False,False
outer_0,completed,8a817b046c8dc3fd2577,11,10,False,False
outer_0,completed,816be3b5d33120eb01b8,11,10,False,False
outer_0,completed,db0c15a9ac20f98ef0b4,11,10,False,False
outer_0,completed,1f7bcb13f2e5195766b5,11,10,False,False
outer_0,completed,9fcdfd7c7f13ac41b641,11,10,False,False
outer_0,completed,f8cc4809884e6953b099,11,10,False,False
outer_0,completed,35ea65b2794aeaa50a50,11,10,False,False
outer_0,completed,c43eee9c1513300c7df1,11,10,False,False
outer_0,completed,0e8a849bf0a9d9e92688,11,10,False,False
outer_0,completed,ac0edad43c4f807fa602,11,10,False,False
outer_0,completed,98e7a3a7a7e17d8d0060,11,10,False,False
outer_0,completed,f780fd5637561a3c3d16,11,10,False,False
outer_0,completed,968ad2ee7f690e2b5339,11,10,False,False
outer_0,completed,b2626c7857633e40d700,11,10,False,False
outer_0,completed,df3f8488077b3af474fd,11,10,False,False
outer_0,completed,49326cc12a60aa40141b,11,10,False,False
outer_0,completed,eca59a1ab4d0cfff306c,11,10,False,False
outer_0,completed,5f636ecec345cd36ab91,11,10,False,False
outer_0,completed,2ce3a94bf983863bed62,11,10,False,False
outer_0,completed,0ca2322fb1ed8fc77211,11,10,False,False
outer_0,completed,3aab8ec5d1d3e196ab51,11,10,False,False
outer_0,completed,791115b75cfbb8d0ad82,11,10,False,False
outer_0,completed,d442f710b1520409e564,11,10,False,False
outer_0,completed,2cd868e35137b571a35c,11,10,False,False
outer_0,completed,39fab9faa8b87e185de5,11,10,False,False
outer_0,completed,cac346addfd23a187ebc,11,10,False,False
outer_0,completed,8c478680c647a536094a,11,10,False,False
outer_0,completed,6fdfb4e15330f101c44b,11,10,False,False
outer_0,completed,0af8620b7291a4252edd,11,10,False,False
outer_0,completed,af3babcc1c4ceb1677bf,11,10,False,False
outer_0,completed,e935ac1540aef5d51712,11,10,False,False
outer_0,completed,9a7f596e82e22034d86e,11,10,False,False
outer_0,completed,abdfc553244896aec7cd,11,10,False,False
outer_0,completed,fbdbe501c6cee0a12bd2,11,10,False,False
outer_0,completed,48ba4a0b0277ae5bd07d,11,10,False,False
outer_0,completed,0bc59c5fe1fae9253d66,11,10,False,False
outer_0,completed,856093546c3ed1df3876,11,10,False,False
outer_0,completed,4563939b3772415e988d,11,10,False,False
outer_0,completed,66165c7a4497dbbb0080,11,10,False,False
outer_0,completed,3188d9ad6b2151d91fd9,11,10,False,False
outer_0,completed,256ea277f8e7bd5bc6a8,11,10,False,False
outer_0,completed,e3438195233d27cf84fe,11,10,False,False
outer_0,completed,6a63a95ae885fdacd412,11,10,False,False
outer_0,completed,5dac9c8f958a97b6530d,11,10,False,False
outer_0,completed,83a066b8118ff9b6fb3e,11,10,False,False
outer_0,completed,69a00dfea8fdd01a4de5,11,10,False,False
outer_0,completed,38617ad6b2b88950b126,11,10,False,False
outer_0,completed,f340bd6a3afa4ce43f62,11,10,False,False
outer_0,completed,73c826dbbf8ef8316925,11,10,False,False
outer_0,completed,eef9131cf62f318a6f97,11,10,False,False
outer_0,completed,db9820607af02f1f1430,11,10,False,False
outer_0,completed,3f7dd303a6a5215d0e4d,11,10,False,False
outer_0,completed,2415a598db312109ee60,11,10,False,False
outer_0,completed,318ccd1fa74a49521b93,11,10,False,False
outer_0,completed,6e874b66d70476565d95,11,10,False,False
outer_0,completed,3f314c392c270b29a4de,11,10,False,False
outer_0,completed,861a99fddd829e7f32c8,11,10,False,False
outer_0,completed,38eae53a1590ac17a6c4,11,10,False,False
outer_0,completed,000af8d9da173dcc2bb1,11,10,False,False
outer_0,completed,3cf003b0e0d9406fe666,11,10,False,False
outer_0,completed,3e12b7cc66f4e038ba7d,11,10,False,False
outer_0,completed,a1c0c7bc9d164c836793,11,10,False,False
outer_0,completed,4b009f9643bde5a1f62c,11,10,False,False
outer_0,completed,9c0de4370cfe3d75bdbc,11,10,False,False
outer_0,completed,8980919da8465016e4d8,11,10,False,False
outer_0,completed,78cb164b39aab3853a65,11,10,False,False
outer_0,completed,8ca76e6927218784fb86,11,10,False,False
outer_0,completed,74fd749b8cb0db98f6f2,11,10,False,False
outer_0,completed,fd802e02998993039923,11,10,False,False
outer_0,completed,3e3a09b10c0507ae2bc1,11,10,False,False
outer_0,completed,2bfb6726237cbdd3c4d3,11,10,False,False
outer_0,completed,7d21b296498b647ea4c3,11,10,False,False
outer_0,completed,04d3a498e32bedfc24ad,11,10,False,False
outer_0,completed,0ebf69720a524ea6397f,11,10,False,False
outer_0,completed,b0976432f5cdb0d6f981,11,10,False,False
outer_0,completed,c65f0e49eefc71999b4a,11,10,False,False
outer_0,completed,23e9637ba88d6014dabc,11,10,False,False
outer_0,completed,8f16e3cabc1b72a0220d,11,10,False,False
outer_0,completed,2105cb77f4810e21030b,11,10,False,False
outer_0,completed,8554b54d71162b978d85,11,10,False,False
outer_0,completed,16adc96cad03fc8e0ab1,11,10,False,False
outer_0,completed,12ef0f2a8036cc1cb8d1,11,10,False,False
outer_0,completed,a16d764a82523d8ada54,11,10,False,False
outer_0,completed,473fa37338acce69e97f,11,10,False,False
outer_0,completed,0d6b60fc74d791645015,11,10,False,False
outer_0,completed,b70083c677e3fefaab33,11,10,False,False
outer_0,completed,0efc4250bd16dac53c20,11,10,False,False
outer_0,completed,998cb7a246e4da937a38,11,10,False,False
outer_0,completed,7f26bdd1a6cc4b4f69d3,11,10,False,False
outer_0,completed,59aafa30330d0724c030,11,10,False,False
outer_0,completed,091359e46dc5fc2d3808,11,10,False,False
outer_0,completed,c551058548c5591223d1,11,10,False,False
outer_0,completed,640e343d37d4ca9ca74f,11,10,False,False
outer_0,completed,8ce8f567553326c6efae,11,10,False,False
outer_0,completed,79f54916ad68aae6d754,11,10,False,False
outer_0,completed,4f728c9527787590ca30,11,10,False,False
outer_0,completed,ee50cc87293b87674cdf,11,10,False,False
outer_0,completed,69937f326a15c996055e,11,10,False,False
outer_0,completed,3a2c0d7128b1e2fc620b,11,10,False,False
outer_0,completed,ad9d52803cb4f0b165f5,11,10,False,False
outer_0,completed,391c7d537c91c905525d,11,10,False,False
outer_0,completed,8a03c9026a3157c80d54,11,10,False,False
outer_0,completed,b84a47f2d5c693bf83fa,11,10,False,False
outer_0,completed,1c3a75bf735804024cc5,11,10,False,False
outer_0,completed,30087332c753626c270d,11,10,False,False
outer_0,completed,2cd281340b7bb19f983a,11,10,False,False
outer_0,completed,afe7f6e590165901d04b,11,10,False,False
outer_0,completed,b2b3336d07d7823366c0,11,10,False,False
outer_0,completed,b939e5b4812bd588193e,11,10,False,False
outer_0,completed,e6407751fde1c2ac3d5f,11,10,False,False
outer_0,completed,9d31c447a4c94715a3b0,11,10,False,False
outer_0,completed,b9909663c879c896bce0,11,10,False,False
outer_0,completed,c7b2ef798c2cfb8aed5a,11,10,False,False
outer_0,completed,24611b0c3a1a77bdc5b9,11,10,False,False
outer_0,completed,a8269bf0b178851e75cd,11,10,False,False
outer_0,completed,a792402a9f32fa3dfa0c,11,10,False,False
outer_0,completed,2bd265fc0dff6f16add9,11,10,False,False
outer_0,completed,b559b167ff6fcf9c747b,11,10,False,False
outer_0,completed,65c8cbb8d1c2aed707f1,11,10,False,False
outer_0,completed,369187d96b6d6aae1112,11,10,False,False
outer_0,completed,c16f510cd0b9917a064d,11,10,False,False
outer_0,completed,8fba40e04df205844e0d,11,10,False,False
outer_0,completed,05732127d7190631e59a,11,10,False,False
outer_0,completed,da8b01c86c0ade218de0,11,10,False,False
outer_0,completed,7acb6b5e9f17b5a5a95a,11,10,False,False
outer_0,completed,30b46c8c8ccffa02744a,11,10,False,False
outer_0,completed,5558f8c408a22a0de551,11,10,False,False
outer_0,completed,e65808d60850316a24bb,11,10,False,False
outer_0,completed,f92006ade6363c745e2f,11,10,False,False
outer_0,completed,89e19de8a44a00008985,11,10,False,False
outer_0,completed,524e1839f474ed890f47,11,10,False,False
outer_0,completed,663819767f329d52aa05,11,10,False,False
outer_0,completed,06dea63d62112b1f2fb1,11,10,False,False
outer_0,completed,675a9ef8a9e21e23b9bc,11,10,False,False
outer_0,completed,a1c4f003f5a6897bce34,11,10,False,False
outer_0,completed,6b0b695b7eae1364d358,11,10,False,False
outer_0,completed,6c4b32ef917cf84040e5,11,10,False,False
outer_0,completed,b634cb3fbaadf7ab51ed,11,10,False,False
outer_0,completed,b46d7568619ad4418739,11,10,False,False
outer_0,completed,4d044ae9db7d0ff5c5e7,11,10,False,False
outer_0,completed,6683ca9298f00ce67485,11,10,False,False
outer_0,completed,a6df3865bce97211f7d4,11,10,False,False
outer_0,completed,331968bdc2eaf190f687,11,10,False,False
outer_0,completed,8d8f896ebe43c0240444,11,10,False,False
outer_0,completed,7c77a691c466610620c5,11,10,False,False
outer_0,completed,f56439fa66304647b64e,11,10,False,False
outer_0,completed,c279782e98540050bf23,11,10,False,False
outer_0,completed,218d674e18b0f9d282d8,11,10,False,False
outer_0,completed,a80492c7189ca776443b,11,10,False,False
outer_0,completed,60acecec229c557b43da,11,10,False,False
outer_0,completed,cfab45ebc665c56b60ac,11,10,False,False
outer_0,completed,93d2ec79701cd1558620,11,10,False,False
outer_0,completed,ef6b8c96f2ed0678b801,11,10,False,False
outer_0,completed,0958feb27d536fdaa0c4,11,10,False,False
outer_0,completed,abfc8127f8d93386b57d,11,10,False,False
outer_0,completed,e266fdfa3f8ef8391a62,11,10,False,False
outer_0,completed,68241b0b167db4d4da3c,11,10,False,False
outer_0,completed,0c29fb793554617c1a8e,11,10,False,False
outer_0,completed,629e72e14a4a7951e7b2,11,10,False,False
outer_0,completed,0d912928e6272614a0c1,11,10,False,False
outer_0,completed,0e3a81eb0cb986226385,11,10,False,False
outer_0,completed,04afdd1c439211c8389d,11,10,False,False
outer_0,completed,733faafbe969be847e96,11,10,False,False
outer_0,completed,b138af2c252c3f59740c,11,10,False,False
outer_0,completed,81bbf59aff29dd99a51d,11,10,False,False
outer_0,completed,0a2c26346b639a082c05,11,10,False,False
outer_0,completed,3841eeb50e1c679c03fa,11,10,False,False
outer_0,completed,d4f5c7dae132fc849ba7,11,10,False,False
outer_0,completed,da664178fb95e3ac7ac5,11,10,False,False
outer_0,completed,a27f65a9d51515d62208,11,10,False,False
outer_0,completed,2d9caeef18825482c0b3,11,10,False,False
outer_0,completed,85614a746352d5cd2a3e,11,10,False,False
outer_0,completed,186c9d4e7c876c1ae049,11,10,False,False
outer_0,completed,28b351aaa3c696b0d7d9,11,10,False,False
outer_0,completed,7540e22cad3ceb061079,11,10,False,False
outer_0,completed,07c601a6147558842993,11,10,False,False
outer_0,completed,d6ba91dec59bc6c291ca,11,10,False,False
outer_0,completed,6b51cf40fe5ba0e98675,11,10,False,False
outer_0,completed,ad1002f388a918ae688b,11,10,False,False
outer_0,completed,7752a6a5d7d821afe1dc,11,10,False,False
outer_0,completed,aa7f2e6d6f77a19fcff1,11,10,False,False
outer_0,completed,8f2cee58894e52e1f320,11,10,False,False
outer_0,completed,9fccd3a12bfc96e1651b,11,10,False,False
outer_0,completed,ca583f0ad0211cd771a8,11,10,False,False
outer_0,completed,c10d5eb3d1b7b7be8f66,11,10,False,False
outer_0,completed,1162bc74b96e937eb78d,11,10,False,False
outer_0,completed,3f09e25ab98b92f5fd09,11,10,False,False
outer_0,completed,c99cc22411534299529e,11,10,False,False
outer_0,completed,868967d88bbe6de2936f,11,10,False,False
outer_0,completed,5f85b3b53c1ea7b9caa7,11,10,False,False
outer_0,completed,0143f6c3d6640aaa957b,11,10,False,False
outer_0,completed,b2b7fb62f8bd2bdb8af6,11,10,False,False
outer_0,completed,3821aac0f62bfaea784c,11,10,False,False
outer_0,completed,dc119c1c6de18a03a03e,11,10,False,False
outer_0,completed,9517186334baf4aa0d6f,11,10,False,False
outer_0,completed,4d1e0dd96d0ef2d87b7c,11,10,False,False
outer_0,completed,c60664bff5cf03638a1a,11,10,False,False
outer_0,completed,a22e27c8cc4bbc06187e,11,10,False,False
outer_0,completed,d782c1b11aa1fd1e9bc7,11,10,False,False
outer_0,completed,bfde7a3881670be78abe,11,10,False,False
outer_0,completed,05a226eff6cb87a3dad6,11,10,False,False
outer_0,completed,b7ab57727c4e04de1fa6,11,10,False,False
outer_0,completed,599ce715621c32aa706d,11,10,False,False
outer_0,completed,15fc6fd2771a83af4570,11,10,False,False
outer_0,completed,ed3de9488562bcd71b6d,11,10,False,False
outer_0,completed,e7c4fe7f655a8be7b39e,11,10,False,False
outer_0,completed,ac0381b264de3c71c4e7,11,10,False,False
outer_0,completed,54b1114fef6f8f6697ef,11,10,False,False
outer_0,completed,b4d279d0a302676bfbdc,11,10,False,False
outer_0,completed,8da0440b12cf38c26e8e,11,10,False,False
outer_0,completed,ecd33beacec4f14b5aae,11,10,False,False
outer_0,completed,7dfdfeb7f36e1e44e92b,11,10,False,False
outer_0,completed,ad8fd931ae392d099a62,11,10,False,False
outer_0,completed,bd7ff0affdbf0b2b120c,11,10,False,False
outer_0,completed,57171f7dd4f88ce8040e,11,10,False,False
outer_0,completed,41f9196246973f9d4299,11,10,False,False
outer_0,completed,bcc7abe9fff3d5a894bb,11,10,False,False
outer_0,completed,3c583539dd8cf89e7ad1,11,10,False,False
outer_0,completed,6f63a985cbc0816bda9b,11,10,False,False
outer_0,completed,9dfe5d75505663eef90a,11,10,False,False
outer_0,completed,8a7324bf3433c863fa32,11,10,False,False
outer_0,completed,d9095efa1c23a6db0020,11,10,False,False
outer_0,completed,28ae9cb23f6947abc886,11,10,False,False
outer_0,completed,76a84111773e6ae8a19a,11,10,False,False
outer_0,completed,40e0ccfcfe2797c0ed6c,11,10,False,False
outer_0,completed,41e97eb8601e080f5b62,11,10,False,False
outer_0,completed,a3323871584eff7a0c4b,11,10,False,False
outer_0,completed,5e1b34f088ee4b88c2ad,11,10,False,False
outer_0,completed,235f388d72bc73da3341,11,10,False,False
outer_0,completed,44e2cd3277e195e96424,11,10,False,False
outer_0,completed,cb4effffcf59da0509d3,11,10,False,False
outer_0,completed,96b07a1935b0c2ab28f0,11,10,False,False
outer_0,completed,ffd0f81d1449f3f54c1a,11,10,False,False
outer_0,completed,fe05353d1263d641eab3,11,10,False,False
outer_0,completed,8176c599c196cb23b492,11,10,False,False
outer_0,completed,fdb9bbcb9220e0152d86,11,10,False,False
outer_0,completed,a396474fb12cae977057,11,10,False,False
outer_0,completed,14657625535d82293292,11,10,False,False
outer_0,completed,798c7cc0f3df94def977,11,10,False,False
outer_0,completed,e297a27bcb40bc7e4c87,11,10,False,False
outer_0,completed,38b729843aea92d1e2b8,11,10,False,False
outer_0,completed,2eee6d51dbb85b31d854,11,10,False,False
outer_0,completed,9376228e606316e0ce47,11,10,False,False
outer_0,completed,8394551e0ecd9467bdf2,11,10,False,False
outer_0,completed,1c11fe15670a990acc0a,11,10,False,False
outer_0,completed,167866d90097edd8fc00,11,10,False,False
outer_0,completed,7751c9e726f1c5a55f3e,11,10,False,False
outer_0,completed,bf1448266b4ed8ec25bd,11,10,False,False
outer_0,completed,14f051e23e9a0464b47c,11,10,False,False
outer_0,completed,e63778e51d1afb8e8f3e,11,10,False,False
outer_0,completed,8075935dd60f4796e841,11,10,False,False
outer_0,completed,f4308600c59ed9f10a50,11,10,False,False
outer_0,completed,8b03a1148ae94ea9ef3f,11,10,False,False
outer_0,completed,4a248cefa60f545497a3,11,10,False,False
outer_0,completed,af4e7f3424612da01c07,11,10,False,False
outer_0,completed,6701b8b6cfe93e5cd3b6,11,10,False,False
outer_0,completed,c167fee30078a6be28cd,11,10,False,False
outer_0,completed,44fe702ee21e353a23b9,11,10,False,False
outer_0,completed,950606910e7d4dafb3ea,11,10,False,False
outer_0,completed,4394e9c39a3572564c82,11,10,False,False
outer_0,completed,8a7a0ea1cc4ee428cf3a,11,10,False,False
outer_0,completed,e7e953dc7b10073b5605,11,10,False,False
outer_0,completed,4dec5598d655d7acdf97,11,10,False,False
outer_0,completed,0f9f05e4fe22eb3ee700,11,10,False,False
outer_0,completed,68580354e5144ef1dd46,11,10,False,False
outer_0,completed,c4427fec6c51c99552d1,11,10,False,False
outer_0,completed,3726147fdb3581d7a621,11,10,False,False
outer_0,completed,e1df80e61420f0186f13,11,10,False,False
outer_0,completed,e3a004e92368d0546cf2,11,10,False,False
outer_0,completed,d5c578b6a876bab44f50,11,10,False,False
outer_0,completed,83c6242d2df88f297292,11,10,False,False
outer_0,completed,c8333b982d903608eca0,11,10,False,False
outer_0,completed,7ce6b784155ee595c853,11,10,False,False
outer_0,completed,b84d284eff85ab45d45b,11,10,False,False
outer_0,completed,7bf3c07686d4ffa04fc0,11,10,False,False
outer_0,completed,a535eb6c49e22f76e75e,11,10,False,False
outer_0,completed,44aabafc8229235e609c,11,10,False,False
outer_0,completed,c876e7b629376036a637,11,10,False,False
outer_0,completed,026071fc4e76d9c91c7e,11,10,False,False
outer_0,completed,2a3756ecf573ca5fb122,11,10,False,False
outer_0,completed,b426a521f8ee659c4136,11,10,False,False
outer_0,completed,c9fbd843b58d5b0ac58e,11,10,False,False
outer_0,completed,2cc94b2b7728541f8861,11,10,False,False
outer_0,completed,c4a259a72b484c35e21f,11,10,False,False
outer_0,completed,61b96069cda3fc5d7af1,11,10,False,False
outer_0,completed,231fa13466e8969f19db,11,10,False,False
outer_0,completed,c8d0eb2d8197750d2791,11,10,False,False
outer_0,completed,b5b2aa67bd8624ac5c2d,11,10,False,False
outer_0,completed,a82b217d71ade5180a5f,11,10,False,False
outer_0,completed,77bcbcf9c247415a6cef,11,10,False,False
outer_0,completed,a5e299d9e5dfcafb19a2,11,10,False,False
outer_0,completed,cfd347275ff40c458e05,11,10,False,False
outer_0,completed,64e55696aaaf10847115,11,10,False,False
outer_0,completed,becf7091bf2cfa7a5ec4,11,10,False,False
outer_0,completed,2eab6eb436c3e259dd8d,11,10,False,False
outer_0,completed,18c814cfb1f440d688f4,11,10,False,False
outer_0,completed,42c6318158bf05f3bc60,11,10,False,False
outer_0,completed,3d9dc3b8032cead14c80,11,10,False,False
outer_0,completed,025b74b54e01e57dc2bb,11,10,False,False
outer_0,completed,bdc3b74e17d971dd7fc1,11,10,False,False
outer_0,completed,83af60abcd9088be2636,11,10,False,False
outer_0,completed,69d4050e3444b11756f0,11,10,False,False
outer_0,completed,3e8cd90ff912a0de928a,11,10,False,False
outer_0,completed,a784c6d5e43b28edd180,11,10,False,False
outer_0,completed,e789b3df26cc32278994,11,10,False,False
outer_0,completed,31e86e2be58e4ac42917,11,10,False,False
outer_0,completed,4d6fcf4fcb3c20a40e22,11,10,False,False
outer_0,completed,0964387e0ed43e08b32d,11,10,False,False
outer_0,completed,ebc2b4207a6f12fa7fff,11,10,False,False
outer_0,completed,f305c400b21b5f99b142,11,10,False,False
outer_0,completed,aef307f0c3cdb99cd16e,11,10,False,False
outer_0,completed,7d02e72a7aaea690ef8e,11,10,False,False
outer_0,completed,bab2489faf81150bbc97,11,10,False,False
outer_0,completed,63a193024ae44ca1a318,11,10,False,False
outer_0,completed,2f0f5d33c670f12fd459,11,10,False,False
outer_0,completed,bc1ad8417be245ee2994,11,10,False,False
outer_0,completed,58ccb15d2981076c4657,11,10,False,False
outer_0,completed,8bfe03c9c0a5f883f5d1,11,10,False,False
outer_0,completed,7c36f7414e884edd777c,11,10,False,False
outer_0,completed,28eb6228b51d53a26cf8,11,10,False,False
outer_0,completed,39a43ea69de3ebe87cee,11,10,False,False
outer_0,completed,b91e221084680f0ac8f1,11,10,False,False
outer_0,completed,77ea41007be7b6b45d11,11,10,False,False
outer_0,completed,d57cab637c16f39bac00,11,10,False,False
outer_0,completed,e0e6b498408facf92bd0,11,10,False,False
outer_0,completed,9184cf2256d412945e81,11,10,False,False
outer_0,completed,453a12ce73ca59a50cad,11,10,False,False
outer_0,completed,ba98c2c5eb5925320c3e,11,10,False,False
outer_0,completed,1c360e3ac398f525890e,11,10,False,False
outer_0,completed,e6c5884177352ef9f219,11,10,False,False
outer_0,completed,bd40ce56067b1a8f6742,11,10,False,False
outer_0,completed,f464f9a0902538977266,11,10,False,False
outer_0,completed,82905abdb34c762714a4,11,10,False,False
outer_0,completed,9b2bee47698fb26fa450,11,10,False,False
outer_0,completed,f44e75a0047d6dff868a,11,10,False,False
outer_0,completed,f20286af171f312f20d6,11,10,False,False
outer_0,completed,b23da4f9f2897f5547c1,11,10,False,False
outer_0,completed,2d6ce6311cde8190d0e3,11,10,False,False
outer_0,completed,ff84ddffe40ac9f70081,11,10,False,False
outer_0,completed,077a00cecd82824b62aa,11,10,False,False
outer_0,completed,2e36fd27ddc4e8f097f4,11,10,False,False
outer_0,completed,bed84d540f9daf546754,11,10,False,False
outer_0,completed,fda76e385a3900a5c26f,11,10,False,False
outer_0,completed,28160c8dd80239d4c6e3,11,10,False,False
outer_0,completed,b22ab8a1f5d705aab295,11,10,False,False
outer_0,completed,a5f11799d424f1d5b54e,11,10,False,False
outer_0,completed,e875d34f202aae8c7207,11,10,False,False
outer_0,completed,2529d5d4a0dbf3e80daf,11,10,False,False
outer_0,completed,e3111626d2dec47f0526,11,10,False,False
outer_0,completed,70fa01ac459d75c29619,11,10,False,False
outer_0,completed,1e695550f4e025f3eb4f,11,10,False,False
outer_0,completed,661374271278d0161afd,11,10,False,False
outer_0,completed,fbe191743b2e0c912be8,11,10,False,False
outer_0,completed,148cc533345063ad8969,11,10,False,False
outer_0,completed,bb263cad2fa0119d77a5,11,10,False,False
outer_0,completed,6a24ee08890aaccbab59,11,10,False,False
outer_0,completed,55f9f8d9c9c022bfebe4,11,10,False,False
outer_0,completed,812c6b527d794408bcdb,11,10,False,False
outer_0,completed,f3eb594a997b078698b3,11,10,False,False
outer_0,completed,9aa6790f5a3b23f1765a,11,10,False,False
outer_0,completed,6d20a174237811f45a41,11,10,False,False
outer_0,completed,0ec31299915eed9b29d8,11,10,False,False
outer_0,completed,56eb9b2b85fd78da45c3,11,10,False,False
outer_0,completed,ea7076e922604044b04e,11,10,False,False
outer_0,completed,d26597c18720f05a65ba,11,10,False,False
outer_0,completed,f26d58ff1de0980d079c,11,10,False,False
outer_0,completed,957a75f601886c95b208,11,10,False,False
outer_0,completed,0a5a9941e80e602743d2,11,10,False,False
outer_0,completed,85b925f1db4f91be1b58,11,10,False,False
outer_0,completed,9923c8a3f770430b15e3,11,10,False,False
outer_0,completed,8fc3418560bdf3745a14,11,10,False,False
outer_0,completed,c21c2be21ec548eb4fac,11,10,False,False
outer_0,completed,860d7a81829c6e86b6de,11,10,False,False
outer_0,completed,a04d2c5b2d7acb49578d,11,10,False,False
outer_0,completed,6da3b6ce1f4433c12b3c,11,10,False,False
outer_0,completed,715bda1ebb2b66366b89,11,10,False,False
outer_0,completed,a8aa5197aa4c95a022dd,11,10,False,False
outer_0,completed,bcedb06af0f79240b29b,11,10,False,False
outer_0,completed,26b49a8ac1e84a4a272c,11,10,False,False
outer_0,completed,1deef501b37cfab3eb56,11,10,False,False
outer_0,completed,d5741be687d9101e650f,11,10,False,False
outer_0,completed,79254eb55d81ea0d9cd2,11,10,False,False
outer_0,completed,98e5d7614f46da5c0ec1,11,10,False,False
outer_0,completed,ccfb6ed40d3846a7f8de,11,10,False,False
outer_0,completed,89a962e2a08c7d742887,11,10,False,False
outer_0,completed,a01438858c24c2f6bf5e,11,10,False,False
outer_0,completed,bad95bb6ca7fbad2c728,11,10,False,False
outer_0,completed,0b37a8ceb7d47a636824,11,10,False,False
outer_0,completed,ab5a7c5f754cbdcdd1db,11,10,False,False
outer_0,completed,be6928521d970493c852,11,10,False,False
outer_0,completed,03815f13b1a01a8689cc,11,10,False,False
outer_0,completed,4396bc73ec475a12254a,11,10,False,False
outer_0,completed,4a99e66a72edef9786dc,11,10,False,False
outer_0,completed,921a607f89b09e8805db,11,10,False,False
outer_0,completed,ff8f2d842695518c0400,11,10,False,False
outer_0,completed,1cda59e55f763233455e,11,10,False,False
outer_0,completed,e1a0fcc49052aeb97a42,11,10,False,False
outer_0,completed,0820e5c287afe0fa110c,11,10,False,False
outer_0,completed,2b4f451602467b14218f,11,10,False,False
outer_0,completed,f12adc47548cb0c89447,11,10,False,False
outer_0,completed,f0ecf4c2e2afbc7c0341,11,10,False,False
outer_0,completed,3a07c674b80dcdfe902c,11,10,False,False
outer_0,completed,dfc466e14b3f5260e81a,11,10,False,False
outer_0,completed,145ecbacd9f4af3071b5,11,10,False,False
outer_0,completed,b009b83ae1df8897e4f9,11,10,False,False
outer_0,completed,ef28481fa1c5c5b4b4c3,11,10,False,False
outer_0,completed,58f39e77e5a7362474f4,11,10,False,False
outer_0,completed,2089d8c28b0048b3abf2,11,10,False,False
outer_0,completed,6b367f52d857b59835bf,11,10,False,False
outer_0,completed,2ba11e4561cce9e55733,11,10,False,False
outer_0,completed,e3a5c3d544792e0f40b0,11,10,False,False
outer_0,completed,b0c5cbfdd2f8bfcab953,11,10,False,False
outer_0,completed,ce5cff94cbcd745c3269,11,10,False,False
outer_0,completed,b2f60a2f1c89a25b3c46,11,10,False,False
outer_0,completed,858fd9c1e58c59e2aa99,11,10,False,False
outer_0,completed,3fbd701ac01029c806ed,11,10,False,False
outer_0,completed,d37ad852ca1246d4f900,11,10,False,False
outer_0,completed,e5f7c074bc8b691adb71,11,10,False,False
outer_0,completed,09571d7d8d8e5b437671,11,10,False,False
outer_0,completed,5ef14b1da775fc049f0c,11,10,False,False
outer_0,completed,13828610693c8a37ce11,11,10,False,False
outer_0,completed,abffe847c1f313a19400,11,10,False,False
outer_0,completed,f8289eca219f6b11271f,11,10,False,False
outer_0,completed,33ddda741481f4a512fa,11,10,False,False
outer_0,completed,ab13ff46fbfec52042e9,11,10,False,False
outer_0,completed,ad89a91f75666b7ca373,11,10,False,False
outer_0,completed,701d5ffd3f057f831ef3,11,10,False,False
outer_0,completed,bd590cf00302e4f428f0,11,10,False,False
outer_0,completed,be6b92fa743d751d04f3,11,10,False,False
outer_0,completed,f61cbf2fe49588fabab1,11,10,False,False
outer_0,completed,79544a9ba6b80ccc3cc4,11,10,False,False
outer_0,completed,40d95cc39c24ca2d0c68,11,10,False,False
outer_0,completed,14169af98dbc945f079f,11,10,False,False
outer_0,completed,7e6a2ed42b71457b5991,11,10,False,False
outer_0,completed,fbd06bf465befe638ac5,11,10,False,False
outer_0,completed,3f1baaaacef8b469d64f,11,10,False,False
outer_0,completed,0783fc117a9bd1998402,11,10,False,False
outer_0,completed,aa23d8aa8b6e383749ff,11,10,False,False
outer_0,completed,ef2cb84afc838328033e,11,10,False,False
outer_0,completed,8f3aee2ad454769d77af,11,10,False,False
outer_0,completed,5c8dbcc357ad3424b3de,11,10,False,False
outer_0,completed,835c954a05733f484d8b,11,10,False,False
outer_0,completed,152aef14e7cdb164a892,11,10,False,False
outer_0,completed,9dfc288fc83f207d8179,11,10,False,False
outer_0,completed,a1a3540361916809d36a,11,10,False,False
outer_0,completed,62f7ac5fb8a82e835932,11,10,False,False
outer_0,completed,ecfa7e532de1aa72f48b,11,10,False,False
outer_0,completed,522e8feeee059f3ebba7,11,10,False,False
outer_0,completed,32c432133fecc90ceee0,11,10,False,False
outer_0,completed,b13ac4ea6576c80cbbf7,11,10,False,False
outer_0,completed,4b3622234087f64f666d,11,10,False,False
outer_0,completed,bc3da393947d1d9b3a2e,11,10,False,False
outer_0,completed,f2c9362bff2fc061dcb0,11,10,False,False
outer_0,completed,a9d029bbd0017027ee48,11,10,False,False
outer_0,completed,385c7b7a30aaea2485cc,11,10,False,False
outer_0,completed,c4e0deec9d52c595cf6f,11,10,False,False
outer_0,completed,f5479a88bb74de5d1889,11,10,False,False
outer_0,completed,05e352c7aee30e0a91c1,11,10,False,False
outer_0,completed,305696561e25592509d9,11,10,False,False
outer_0,completed,1dca7527b4e57c0f235c,11,10,False,False
outer_0,completed,e6aa46452be5290f2ee7,11,10,False,False
outer_0,completed,7a481d99c85d6bc517aa,11,10,False,False
outer_0,completed,4a6745e2ef6acd5b1c44,11,10,False,False
outer_0,completed,2fc7a50c859f50904d65,11,10,False,False
outer_0,completed,7007c9b7980ba4be387c,11,10,False,False
outer_0,completed,3fe01028d93bd6d2719f,11,10,False,False
outer_0,completed,fdee9a2088ffd1f5743f,11,10,False,False
outer_0,completed,f160cafb614f8a2d1392,11,10,False,False
outer_0,completed,ad6de2d08ea5b9c1f21e,11,10,False,False
outer_0,completed,e4882da171eb2895f32b,11,10,False,False
outer_0,completed,69de9fc8f280e41a1980,11,10,False,False
outer_0,completed,4714477e94de29e4d56e,11,10,False,False
outer_0,completed,a72ea64e83527065c982,11,10,False,False
outer_0,completed,91b2e4c6729efe49cad5,11,10,False,False
outer_0,completed,ea3ea2e2970bf6f19de7,11,10,False,False
outer_0,completed,c140680ceb7dfee0b7d8,11,10,False,False
outer_0,completed,fe7013a567b636dd3e85,11,10,False,False
outer_0,completed,926340eee6b17681b621,11,10,False,False
outer_0,completed,9ea6e2d6c5dfa571391a,11,10,False,False
outer_0,completed,09e77db79fe075729c6a,11,10,False,False
outer_0,completed,0bc725c714ad1721e4c3,11,10,False,False
outer_0,completed,60d2484774ad6ee0e902,11,10,False,False
outer_0,completed,6494fc3cf5b93ed9b5de,11,10,False,False
outer_0,completed,063fd4a23973bacf6eef,11,10,False,False
outer_0,completed,66b2a87432bb55c468c4,11,10,False,False
outer_0,completed,02b76efb9a7a4d7afbf7,11,10,False,False
outer_0,completed,7202e67bfa940169aac5,11,10,False,False
outer_0,completed,8384724cf0d84047be18,11,10,False,False
outer_0,completed,876536c11a353c413eff,11,10,False,False
outer_0,completed,f107c808ead4ae246977,11,10,False,False
outer_0,completed,299f33c93993fe0b7b68,11,10,False,False
outer_0,completed,d4f94019a805b81de393,11,10,False,False
outer_0,completed,0bda1f57a8c008f047c1,11,10,False,False
outer_0,completed,ba1d62e7d5e360f58b1e,11,10,False,False
outer_0,completed,f700c66441a378bc5a3f,11,10,False,False
outer_0,completed,81d842d768a462df986e,11,10,False,False
outer_0,completed,6bab874de7d745e7c7dd,11,10,False,False
outer_0,completed,685c2d6bf4a9219bb0ea,11,10,False,False
outer_0,completed,cc7024a3edb92909ca8a,11,10,False,False
outer_0,completed,8976c6abeb56525fab00,11,10,False,False
outer_0,completed,5050b4ed6924957e1fc8,11,10,False,False
outer_0,completed,6a6511994c25a6c713a0,11,10,False,False
outer_0,completed,930cf83cfa68f30cf3ba,11,10,False,False
outer_0,completed,eaf652abb31242c77654,11,10,False,False
outer_0,completed,bf953e255f124dcbb069,11,10,False,False
outer_0,completed,863d99cc84a3dbbcc32c,11,10,False,False
outer_0,completed,1787c5783d86e3436369,11,10,False,False
outer_0,completed,d6f03c8bab7a99377781,11,10,False,False
outer_0,completed,d9f7e3f025c57c9e1016,11,10,False,False
outer_0,completed,bf674c29c79c9353d5a7,11,10,False,False
outer_0,completed,c922cf224fe8c7da4b2e,11,10,False,False
outer_0,completed,8e2cf667e77e109ab274,11,10,False,False
outer_0,completed,7d45d054e7adbda531dd,11,10,False,False
outer_0,completed,f6086a0e457fc033ea77,11,10,False,False
outer_0,completed,0517ebae14509834dc2b,11,10,False,False
outer_0,completed,e41643033e109f1c0f67,11,10,False,False
outer_0,completed,0f8c20ebd53c1e3a44f2,11,10,False,False
outer_0,completed,ad172c383850d4f4d95b,11,10,False,False
outer_0,completed,f9bbb6e2c5d8bfba341e,11,10,False,False
outer_0,completed,289493e9505959bdc815,11,10,False,False
outer_0,completed,2e48119cf74bcc87b380,11,10,False,False
outer_0,completed,63feaed815e1d895902b,11,10,False,False
outer_0,completed,2baac219dda826cdd63e,11,10,False,False
outer_0,completed,e1f548b73b6f2d9bfbb3,11,10,False,False
outer_0,completed,7c2d727c39a0b8a8a6bb,11,10,False,False
outer_0,completed,76f9346a0be85fc1be1a,11,10,False,False
outer_0,completed,b7e0661c8053c51776f2,11,10,False,False
outer_0,completed,a9f80dad86365e45c545,11,10,False,False
outer_0,completed,2c8fabf8b0ced303b830,11,10,False,False
outer_0,completed,14a10677ebd59ec31af3,11,10,False,False
outer_0,completed,84e5ae2794a62c91621a,11,10,False,False
outer_0,completed,9b02eb50ee6d4b5c1bee,11,10,False,False
outer_0,completed,695d362ec0a51c6afcd2,11,10,False,False
outer_0,completed,caf8829de072fa8a898a,11,10,False,False
outer_0,completed,b9ab713a697e5c8e6571,11,10,False,False
outer_0,completed,50abcbf082f4ded18c1d,11,10,False,False
outer_0,completed,f9edd232f233bcfa0f8e,11,10,False,False
outer_0,completed,443b5153c617d9de7bc0,11,10,False,False
outer_0,completed,045e6300e3ee6cbd8f4f,11,10,False,False
outer_0,completed,010208d6ff02eb5c207b,11,10,False,False
outer_0,completed,8499c08afd5f73da29a6,11,10,False,False
outer_0,completed,b63b15d4621a0979f6fa,11,10,False,False
outer_0,completed,ae1c0ee16bd5ea429b41,11,10,False,False
outer_0,completed,e4cb5974d877b323beab,11,10,False,False
outer_0,completed,07db7538730a0b2f69fe,11,10,False,False
outer_0,completed,050cb862c4c8b1ba0331,11,10,False,False
outer_0,completed,9f13684e7e579bf316c4,11,10,False,False
outer_0,completed,dbcb908252807068e265,11,10,False,False
outer_0,completed,4623af7d38d498ac426e,11,10,False,False
outer_0,completed,e579dec0e4b15397d77c,11,10,False,False
outer_0,completed,5baec387516a367d6086,11,10,False,False
outer_0,completed,ae5b36943e1631c2be74,11,10,False,False
outer_0,completed,8061bcca2ffddf820b81,11,10,False,False
outer_0,completed,016e5e563f5014c2f1d8,11,10,False,False
outer_0,completed,498727c6e237d6c08df2,11,10,False,False
outer_0,completed,7d890ce46d7573f4f709,11,10,False,False
outer_0,completed,4df0e053252ff780dd75,11,10,False,False
outer_0,completed,d44c85d04e91538c513b,11,10,False,False
outer_0,completed,f8726b5770d320f66866,11,10,False,False
outer_0,completed,610d57ba49c6c283336b,11,10,False,False
outer_0,retrospective,768ed3716ed800b36423,11,10,False,False
outer_0,retrospective,116b8abb85ea208280a5,11,10,False,False
outer_0,retrospective,4da37b8285072d5fce8e,11,10,False,False
outer_0,retrospective,14da02e0a2f258f43603,11,10,False,False
outer_0,retrospective,77daff006f1cea9002a0,11,10,False,False
outer_0,retrospective,1857a1493ada7d76bed0,11,10,False,False
outer_0,retrospective,92d8fe506f357432916d,11,10,False,False
outer_0,retrospective,e846bea1cb1c675637b1,11,10,False,False
outer_0,retrospective,ba50cafcb4b9a7822c89,11,10,False,False
outer_0,retrospective,8d15b2de5138dd86be60,11,10,False,False
outer_0,retrospective,453e03f583f92e4e3248,11,10,False,False
outer_0,retrospective,74051d2f391a63f8431a,11,10,False,False
outer_0,retrospective,ef0ce55340eae7563b1c,11,10,False,False
outer_0,retrospective,3c31cc18b1eeb62ef763,11,10,False,False
outer_0,retrospective,3e5745badbe990ad0b06,11,10,False,False
outer_0,retrospective,041d6559d0ccd87a01af,11,10,False,False
outer_0,retrospective,ee7dfee081c5d9ca41cd,11,10,False,False
outer_0,retrospective,250617e7063072619ee0,11,10,False,False
outer_0,retrospective,1ce3c6b2e7021b990226,11,10,False,False
outer_0,retrospective,dfaae2fe4fd0f12fb599,11,10,False,False
outer_0,retrospective,f4e15565b1481af0c236,11,10,False,False
outer_0,retrospective,93b486b601f1d2b2546a,11,10,False,False
outer_0,retrospective,641fa945c9e4a10be8b1,11,10,False,False
outer_0,retrospective,87cb7176b9c6d517bfe6,11,10,False,False
outer_0,retrospective,065009dcf80d9db0c2c5,11,10,False,False
outer_0,retrospective,5915607beccd9fea86f9,11,10,False,False
outer_0,retrospective,a2fab8de1d0ed8453a2e,11,10,False,False
outer_0,retrospective,c6913b39a81fd7ac4495,11,10,False,False
outer_0,retrospective,3ae3d41b2dc600ea6397,11,10,False,False
outer_0,retrospective,7c48a414ed1eaa23d6f0,11,10,False,False
outer_0,retrospective,1faeb8d5019424019d00,11,10,False,False
outer_0,retrospective,a4addb65a3198aeff1ac,11,10,False,False
outer_0,retrospective,d4ed41e9d84ffaf012fb,11,10,False,False
outer_0,retrospective,cb7d70d527803bacff76,11,10,False,False
outer_0,retrospective,4cab8fdcda64caf7d2d1,11,10,False,False
outer_0,retrospective,063019c2ea741f6bb697,11,10,False,False
outer_0,retrospective,870c67d2afd6fb47ba00,11,10,False,False
outer_0,retrospective,1087736cea46dd4723d7,11,10,False,False
outer_0,retrospective,f28190f965130285e5fc,11,10,False,False
outer_0,retrospective,096ecd48968b85e4dc53,11,10,False,False
outer_0,retrospective,3b3f3f05e2ae3ab6a08f,11,10,False,False
outer_0,retrospective,e933735624380a9213c7,11,10,False,False
outer_0,retrospective,124dc5cc0f23e1f19fb7,11,10,False,False
outer_0,retrospective,c92be69667b985bd01a3,11,10,False,False
outer_0,retrospective,3bc0793f806ef1d1a2ba,11,10,False,False
outer_0,retrospective,eddaa4877bce3c885aaf,11,10,False,False
outer_0,retrospective,5acf79ea39c99dfce54b,11,10,False,False
outer_0,retrospective,042ee4d01f5cb8a343df,11,10,False,False
outer_0,retrospective,33884e368b875d80a794,11,10,False,False
outer_0,retrospective,a3a20e4e223549957616,11,10,False,False
outer_0,retrospective,8ce4020f4a25c84df3f0,11,10,False,False
outer_0,retrospective,bc5d24f5f8e462645a33,11,10,False,False
outer_0,retrospective,8d0f0bb85b35026cf2ba,11,10,False,False
outer_0,retrospective,c587585e8be44e59b889,11,10,False,False
outer_0,retrospective,eb2a20bc9753cf4dc868,11,10,False,False
outer_0,retrospective,d51d18f65021ac8ddfcc,11,10,False,False
outer_0,retrospective,eb1f457ee6ac6a7ee0a6,11,10,False,False
outer_0,retrospective,add06e60e9601d62efc7,11,10,False,False
outer_0,retrospective,17dd86ebb31c1048986c,11,10,False,False
outer_0,retrospective,5b11336807af53fc300f,11,10,False,False
outer_0,retrospective,7e5c1456ff5eab8655cd,11,10,False,False
outer_0,retrospective,c59f452bc87c634cb699,11,10,False,False
outer_0,retrospective,d3b0a2984f919f4c59e6,11,10,False,False
outer_0,retrospective,8419262d6f316adffce3,11,10,False,False
outer_0,retrospective,e2b85fd872c749e2d1b1,11,10,False,False
outer_0,retrospective,1f1f3a09923d7461c537,11,10,False,False
outer_0,retrospective,47f73e25687f8af5d8c3,11,10,False,False
outer_0,retrospective,ee52b9f73bf8b1a4e615,11,10,False,False
outer_0,retrospective,fee2c5c085e3c01371bc,11,10,False,False
outer_0,retrospective,d248e3fcc769daf67653,11,10,False,False
outer_0,retrospective,28a2f86e186b9da868d8,11,10,False,False
outer_0,retrospective,05a0eba2f884df1a6b1c,11,10,False,False
outer_0,retrospective,c36b52c10cf3994c1d12,11,10,False,False
outer_0,retrospective,0d8414c9029516091bab,11,10,False,False
outer_0,retrospective,308e6bd657584313b7b8,11,10,False,False
outer_0,retrospective,db7e67ad5e148e9223b9,11,10,False,False
outer_0,retrospective,5b3afd2ee966f3466f71,11,10,False,False
outer_0,retrospective,addc8d454d1848479936,11,10,False,False
outer_0,retrospective,9c7cf765c9f18f20435e,11,10,False,False
outer_0,retrospective,e0454a304d137385c571,11,10,False,False
outer_0,retrospective,feffd3b060cc3eca8ac3,11,10,False,False
outer_0,retrospective,c17748d4795a6e9cb1df,11,10,False,False
outer_0,retrospective,3dc3c84b02c31ff72003,11,10,False,False
outer_0,retrospective,d886641708bb99ca1e97,11,10,False,False
outer_0,retrospective,461c25eac3fd7a73ee18,11,10,False,False
outer_0,retrospective,c3be315f3fe5e7984a7c,11,10,False,False
outer_0,retrospective,e46546a8ad17073c028c,11,10,False,False
outer_0,retrospective,d9a765103d353873cff1,11,10,False,False
outer_0,retrospective,4bf238d58ee3f1cc5f78,11,10,False,False
outer_0,retrospective,2904556eb54f01d7a23d,11,10,False,False
outer_0,retrospective,2e4a92190c8e77b0f869,11,10,False,False
outer_0,retrospective,41e7ead092918fe68b3b,11,10,False,False
outer_0,retrospective,718f84948dac63189f78,11,10,False,False
outer_0,retrospective,87c1cc9c68669d824740,11,10,False,False
outer_0,retrospective,09cebbcacc35489ebbc1,11,10,False,False
outer_0,retrospective,aa24d77b4d23f62179ce,11,10,False,False
outer_0,retrospective,ceeb1b6a8b7f43e99ee6,11,10,False,False
outer_0,retrospective,ec2f3d9382ee25de57ce,11,10,False,False
outer_0,retrospective,1ca28c51b96273a4dd0b,11,10,False,False
outer_0,retrospective,a19f5296b00f5e9e5790,11,10,False,False
outer_0,retrospective,bca21197efa01107f8e6,11,10,False,False
outer_0,retrospective,fc7619eda3203e2c8268,11,10,False,False
outer_0,retrospective,54c09a4995be208bf201,11,10,False,False
outer_0,retrospective,a272110237de0f485905,11,10,False,False
outer_0,retrospective,d85a92240aeb0a22834c,11,10,False,False
outer_0,retrospective,00c5947959dc851f78a8,11,10,False,False
outer_0,retrospective,39bc3416eb7ca8ed7e20,11,10,False,False
outer_0,retrospective,fa25977b66243f6cfab1,11,10,False,False
outer_0,retrospective,9936e85984772008ce7e,11,10,False,False
outer_0,retrospective,df196a7fe3ca0e4d5ed0,11,10,False,False
outer_0,retrospective,8a817b046c8dc3fd2577,11,10,False,False
outer_0,retrospective,816be3b5d33120eb01b8,11,10,False,False
outer_0,retrospective,db0c15a9ac20f98ef0b4,11,10,False,False
outer_0,retrospective,1f7bcb13f2e5195766b5,11,10,False,False
outer_0,retrospective,9fcdfd7c7f13ac41b641,11,10,False,False
outer_0,retrospective,f8cc4809884e6953b099,11,10,False,False
outer_0,retrospective,35ea65b2794aeaa50a50,11,10,False,False
outer_0,retrospective,c43eee9c1513300c7df1,11,10,False,False
outer_0,retrospective,0e8a849bf0a9d9e92688,11,10,False,False
outer_0,retrospective,ac0edad43c4f807fa602,11,10,False,False
outer_0,retrospective,98e7a3a7a7e17d8d0060,11,10,False,False
outer_0,retrospective,f780fd5637561a3c3d16,11,10,False,False
outer_0,retrospective,968ad2ee7f690e2b5339,11,10,False,False
outer_0,retrospective,b2626c7857633e40d700,11,10,False,False
outer_0,retrospective,df3f8488077b3af474fd,11,10,False,False
outer_0,retrospective,49326cc12a60aa40141b,11,10,False,False
outer_0,retrospective,eca59a1ab4d0cfff306c,11,10,False,False
outer_0,retrospective,5f636ecec345cd36ab91,11,10,False,False
outer_0,retrospective,2ce3a94bf983863bed62,11,10,False,False
outer_0,retrospective,0ca2322fb1ed8fc77211,11,10,False,False
outer_0,retrospective,3aab8ec5d1d3e196ab51,11,10,False,False
outer_0,retrospective,791115b75cfbb8d0ad82,11,10,False,False
outer_0,retrospective,d442f710b1520409e564,11,10,False,False
outer_0,retrospective,2cd868e35137b571a35c,11,10,False,False
outer_0,retrospective,39fab9faa8b87e185de5,11,10,False,False
outer_0,retrospective,cac346addfd23a187ebc,11,10,False,False
outer_0,retrospective,8c478680c647a536094a,11,10,False,False
outer_0,retrospective,6fdfb4e15330f101c44b,11,10,False,False
outer_0,retrospective,0af8620b7291a4252edd,11,10,False,False
outer_0,retrospective,af3babcc1c4ceb1677bf,11,10,False,False
outer_0,retrospective,e935ac1540aef5d51712,11,10,False,False
outer_0,retrospective,9a7f596e82e22034d86e,11,10,False,False
outer_0,retrospective,abdfc553244896aec7cd,11,10,False,False
outer_0,retrospective,fbdbe501c6cee0a12bd2,11,10,False,False
outer_0,retrospective,48ba4a0b0277ae5bd07d,11,10,False,False
outer_0,retrospective,0bc59c5fe1fae9253d66,11,10,False,False
outer_0,retrospective,856093546c3ed1df3876,11,10,False,False
outer_0,retrospective,4563939b3772415e988d,11,10,False,False
outer_0,retrospective,66165c7a4497dbbb0080,11,10,False,False
outer_0,retrospective,3188d9ad6b2151d91fd9,11,10,False,False
outer_0,retrospective,256ea277f8e7bd5bc6a8,11,10,False,False
outer_0,retrospective,e3438195233d27cf84fe,11,10,False,False
outer_0,retrospective,6a63a95ae885fdacd412,11,10,False,False
outer_0,retrospective,5dac9c8f958a97b6530d,11,10,False,False
outer_0,retrospective,83a066b8118ff9b6fb3e,11,10,False,False
outer_0,retrospective,69a00dfea8fdd01a4de5,11,10,False,False
outer_0,retrospective,38617ad6b2b88950b126,11,10,False,False
outer_0,retrospective,f340bd6a3afa4ce43f62,11,10,False,False
outer_0,retrospective,73c826dbbf8ef8316925,11,10,False,False
outer_0,retrospective,eef9131cf62f318a6f97,11,10,False,False
outer_0,retrospective,db9820607af02f1f1430,11,10,False,False
outer_0,retrospective,3f7dd303a6a5215d0e4d,11,10,False,False
outer_0,retrospective,2415a598db312109ee60,11,10,False,False
outer_0,retrospective,318ccd1fa74a49521b93,11,10,False,False
outer_0,retrospective,6e874b66d70476565d95,11,10,False,False
outer_0,retrospective,3f314c392c270b29a4de,11,10,False,False
outer_0,retrospective,861a99fddd829e7f32c8,11,10,False,False
outer_0,retrospective,38eae53a1590ac17a6c4,11,10,False,False
outer_0,retrospective,000af8d9da173dcc2bb1,11,10,False,False
outer_0,retrospective,3cf003b0e0d9406fe666,11,10,False,False
outer_0,retrospective,3e12b7cc66f4e038ba7d,11,10,False,False
outer_0,retrospective,a1c0c7bc9d164c836793,11,10,False,False
outer_0,retrospective,4b009f9643bde5a1f62c,11,10,False,False
outer_0,retrospective,9c0de4370cfe3d75bdbc,11,10,False,False
outer_0,retrospective,8980919da8465016e4d8,11,10,False,False
outer_0,retrospective,78cb164b39aab3853a65,11,10,False,False
outer_0,retrospective,8ca76e6927218784fb86,11,10,False,False
outer_0,retrospective,74fd749b8cb0db98f6f2,11,10,False,False
outer_0,retrospective,fd802e02998993039923,11,10,False,False
outer_0,retrospective,3e3a09b10c0507ae2bc1,11,10,False,False
outer_0,retrospective,2bfb6726237cbdd3c4d3,11,10,False,False
outer_0,retrospective,7d21b296498b647ea4c3,11,10,False,False
outer_0,retrospective,04d3a498e32bedfc24ad,11,10,False,False
outer_0,retrospective,0ebf69720a524ea6397f,11,10,False,False
outer_0,retrospective,b0976432f5cdb0d6f981,11,10,False,False
outer_0,retrospective,c65f0e49eefc71999b4a,11,10,False,False
outer_0,retrospective,23e9637ba88d6014dabc,11,10,False,False
outer_0,retrospective,8f16e3cabc1b72a0220d,11,10,False,False
outer_0,retrospective,2105cb77f4810e21030b,11,10,False,False
outer_0,retrospective,8554b54d71162b978d85,11,10,False,False
outer_0,retrospective,16adc96cad03fc8e0ab1,11,10,False,False
outer_0,retrospective,12ef0f2a8036cc1cb8d1,11,10,False,False
outer_0,retrospective,a16d764a82523d8ada54,11,10,False,False
outer_0,retrospective,473fa37338acce69e97f,11,10,False,False
outer_0,retrospective,0d6b60fc74d791645015,11,10,False,False
outer_0,retrospective,b70083c677e3fefaab33,11,10,False,False
outer_0,retrospective,0efc4250bd16dac53c20,11,10,False,False
outer_0,retrospective,998cb7a246e4da937a38,11,10,False,False
outer_0,retrospective,7f26bdd1a6cc4b4f69d3,11,10,False,False
outer_0,retrospective,59aafa30330d0724c030,11,10,False,False
outer_0,retrospective,091359e46dc5fc2d3808,11,10,False,False
outer_0,retrospective,c551058548c5591223d1,11,10,False,False
outer_0,retrospective,640e343d37d4ca9ca74f,11,10,False,False
outer_0,retrospective,8ce8f567553326c6efae,11,10,False,False
outer_0,retrospective,79f54916ad68aae6d754,11,10,False,False
outer_0,retrospective,4f728c9527787590ca30,11,10,False,False
outer_0,retrospective,ee50cc87293b87674cdf,11,10,False,False
outer_0,retrospective,69937f326a15c996055e,11,10,False,False
outer_0,retrospective,3a2c0d7128b1e2fc620b,11,10,False,False
outer_0,retrospective,ad9d52803cb4f0b165f5,11,10,False,False
outer_0,retrospective,391c7d537c91c905525d,11,10,False,False
outer_0,retrospective,8a03c9026a3157c80d54,11,10,False,False
outer_0,retrospective,b84a47f2d5c693bf83fa,11,10,False,False
outer_0,retrospective,1c3a75bf735804024cc5,11,10,False,False
outer_0,retrospective,30087332c753626c270d,11,10,False,False
outer_0,retrospective,2cd281340b7bb19f983a,11,10,False,False
outer_0,retrospective,afe7f6e590165901d04b,11,10,False,False
outer_0,retrospective,b2b3336d07d7823366c0,11,10,False,False
outer_0,retrospective,b939e5b4812bd588193e,11,10,False,False
outer_0,retrospective,e6407751fde1c2ac3d5f,11,10,False,False
outer_0,retrospective,9d31c447a4c94715a3b0,11,10,False,False
outer_0,retrospective,b9909663c879c896bce0,11,10,False,False
outer_0,retrospective,c7b2ef798c2cfb8aed5a,11,10,False,False
outer_0,retrospective,24611b0c3a1a77bdc5b9,11,10,False,False
outer_0,retrospective,a8269bf0b178851e75cd,11,10,False,False
outer_0,retrospective,a792402a9f32fa3dfa0c,11,10,False,False
outer_0,retrospective,2bd265fc0dff6f16add9,11,10,False,False
outer_0,retrospective,b559b167ff6fcf9c747b,11,10,False,False
outer_0,retrospective,65c8cbb8d1c2aed707f1,11,10,False,False
outer_0,retrospective,369187d96b6d6aae1112,11,10,False,False
outer_0,retrospective,c16f510cd0b9917a064d,11,10,False,False
outer_0,retrospective,8fba40e04df205844e0d,11,10,False,False
outer_0,retrospective,05732127d7190631e59a,11,10,False,False
outer_0,retrospective,da8b01c86c0ade218de0,11,10,False,False
outer_0,retrospective,7acb6b5e9f17b5a5a95a,11,10,False,False
outer_0,retrospective,30b46c8c8ccffa02744a,11,10,False,False
outer_0,retrospective,5558f8c408a22a0de551,11,10,False,False
outer_0,retrospective,e65808d60850316a24bb,11,10,False,False
outer_0,retrospective,f92006ade6363c745e2f,11,10,False,False
outer_0,retrospective,89e19de8a44a00008985,11,10,False,False
outer_0,retrospective,524e1839f474ed890f47,11,10,False,False
outer_0,retrospective,663819767f329d52aa05,11,10,False,False
outer_0,retrospective,06dea63d62112b1f2fb1,11,10,False,False
outer_0,retrospective,675a9ef8a9e21e23b9bc,11,10,False,False
outer_0,retrospective,a1c4f003f5a6897bce34,11,10,False,False
outer_0,retrospective,6b0b695b7eae1364d358,11,10,False,False
outer_0,retrospective,6c4b32ef917cf84040e5,11,10,False,False
outer_0,retrospective,b634cb3fbaadf7ab51ed,11,10,False,False
outer_0,retrospective,b46d7568619ad4418739,11,10,False,False
outer_0,retrospective,4d044ae9db7d0ff5c5e7,11,10,False,False
outer_0,retrospective,6683ca9298f00ce67485,11,10,False,False
outer_0,retrospective,a6df3865bce97211f7d4,11,10,False,False
outer_0,retrospective,331968bdc2eaf190f687,11,10,False,False
outer_0,retrospective,8d8f896ebe43c0240444,11,10,False,False
outer_0,retrospective,7c77a691c466610620c5,11,10,False,False
outer_0,retrospective,f56439fa66304647b64e,11,10,False,False
outer_0,retrospective,c279782e98540050bf23,11,10,False,False
outer_0,retrospective,218d674e18b0f9d282d8,11,10,False,False
outer_0,retrospective,a80492c7189ca776443b,11,10,False,False
outer_0,retrospective,60acecec229c557b43da,11,10,False,False
outer_0,retrospective,cfab45ebc665c56b60ac,11,10,False,False
outer_0,retrospective,93d2ec79701cd1558620,11,10,False,False
outer_0,retrospective,ef6b8c96f2ed0678b801,11,10,False,False
outer_0,retrospective,0958feb27d536fdaa0c4,11,10,False,False
outer_0,retrospective,abfc8127f8d93386b57d,11,10,False,False
outer_0,retrospective,e266fdfa3f8ef8391a62,11,10,False,False
outer_0,retrospective,68241b0b167db4d4da3c,11,10,False,False
outer_0,retrospective,0c29fb793554617c1a8e,11,10,False,False
outer_0,retrospective,629e72e14a4a7951e7b2,11,10,False,False
outer_0,retrospective,0d912928e6272614a0c1,11,10,False,False
outer_0,retrospective,0e3a81eb0cb986226385,11,10,False,False
outer_0,retrospective,04afdd1c439211c8389d,11,10,False,False
outer_0,retrospective,733faafbe969be847e96,11,10,False,False
outer_0,retrospective,b138af2c252c3f59740c,11,10,False,False
outer_0,retrospective,81bbf59aff29dd99a51d,11,10,False,False
outer_0,retrospective,0a2c26346b639a082c05,11,10,False,False
outer_0,retrospective,3841eeb50e1c679c03fa,11,10,False,False
outer_0,retrospective,d4f5c7dae132fc849ba7,11,10,False,False
outer_0,retrospective,da664178fb95e3ac7ac5,11,10,False,False
outer_0,retrospective,a27f65a9d51515d62208,11,10,False,False
outer_0,retrospective,2d9caeef18825482c0b3,11,10,False,False
outer_0,retrospective,85614a746352d5cd2a3e,11,10,False,False
outer_0,retrospective,186c9d4e7c876c1ae049,11,10,False,False
outer_0,retrospective,28b351aaa3c696b0d7d9,11,10,False,False
outer_0,retrospective,7540e22cad3ceb061079,11,10,False,False
outer_0,retrospective,07c601a6147558842993,11,10,False,False
outer_0,retrospective,d6ba91dec59bc6c291ca,11,10,False,False
outer_0,retrospective,6b51cf40fe5ba0e98675,11,10,False,False
outer_0,retrospective,ad1002f388a918ae688b,11,10,False,False
outer_0,retrospective,7752a6a5d7d821afe1dc,11,10,False,False
outer_0,retrospective,aa7f2e6d6f77a19fcff1,11,10,False,False
outer_0,retrospective,8f2cee58894e52e1f320,11,10,False,False
outer_0,retrospective,9fccd3a12bfc96e1651b,11,10,False,False
outer_0,retrospective,ca583f0ad0211cd771a8,11,10,False,False
outer_0,retrospective,c10d5eb3d1b7b7be8f66,11,10,False,False
outer_0,retrospective,1162bc74b96e937eb78d,11,10,False,False
outer_0,retrospective,3f09e25ab98b92f5fd09,11,10,False,False
outer_0,retrospective,c99cc22411534299529e,11,10,False,False
outer_0,retrospective,868967d88bbe6de2936f,11,10,False,False
outer_0,retrospective,5f85b3b53c1ea7b9caa7,11,10,False,False
outer_0,retrospective,0143f6c3d6640aaa957b,11,10,False,False
outer_0,retrospective,b2b7fb62f8bd2bdb8af6,11,10,False,False
outer_0,retrospective,3821aac0f62bfaea784c,11,10,False,False
outer_0,retrospective,dc119c1c6de18a03a03e,11,10,False,False
outer_0,retrospective,9517186334baf4aa0d6f,11,10,False,False
outer_0,retrospective,4d1e0dd96d0ef2d87b7c,11,10,False,False
outer_0,retrospective,c60664bff5cf03638a1a,11,10,False,False
outer_0,retrospective,a22e27c8cc4bbc06187e,11,10,False,False
outer_0,retrospective,d782c1b11aa1fd1e9bc7,11,10,False,False
outer_0,retrospective,bfde7a3881670be78abe,11,10,False,False
outer_0,retrospective,05a226eff6cb87a3dad6,11,10,False,False
outer_0,retrospective,b7ab57727c4e04de1fa6,11,10,False,False
outer_0,retrospective,599ce715621c32aa706d,11,10,False,False
outer_0,retrospective,15fc6fd2771a83af4570,11,10,False,False
outer_0,retrospective,ed3de9488562bcd71b6d,11,10,False,False
outer_0,retrospective,e7c4fe7f655a8be7b39e,11,10,False,False
outer_0,retrospective,ac0381b264de3c71c4e7,11,10,False,False
outer_0,retrospective,54b1114fef6f8f6697ef,11,10,False,False
outer_0,retrospective,b4d279d0a302676bfbdc,11,10,False,False
outer_0,retrospective,8da0440b12cf38c26e8e,11,10,False,False
outer_0,retrospective,ecd33beacec4f14b5aae,11,10,False,False
outer_0,retrospective,7dfdfeb7f36e1e44e92b,11,10,False,False
outer_0,retrospective,ad8fd931ae392d099a62,11,10,False,False
outer_0,retrospective,bd7ff0affdbf0b2b120c,11,10,False,False
outer_0,retrospective,57171f7dd4f88ce8040e,11,10,False,False
outer_0,retrospective,41f9196246973f9d4299,11,10,False,False
outer_0,retrospective,bcc7abe9fff3d5a894bb,11,10,False,False
outer_0,retrospective,3c583539dd8cf89e7ad1,11,10,False,False
outer_0,retrospective,6f63a985cbc0816bda9b,11,10,False,False
outer_0,retrospective,9dfe5d75505663eef90a,11,10,False,False
outer_0,retrospective,8a7324bf3433c863fa32,11,10,False,False
outer_0,retrospective,d9095efa1c23a6db0020,11,10,False,False
outer_0,retrospective,28ae9cb23f6947abc886,11,10,False,False
outer_0,retrospective,76a84111773e6ae8a19a,11,10,False,False
outer_0,retrospective,40e0ccfcfe2797c0ed6c,11,10,False,False
outer_0,retrospective,41e97eb8601e080f5b62,11,10,False,False
outer_0,retrospective,a3323871584eff7a0c4b,11,10,False,False
outer_0,retrospective,5e1b34f088ee4b88c2ad,11,10,False,False
outer_0,retrospective,235f388d72bc73da3341,11,10,False,False
outer_0,retrospective,44e2cd3277e195e96424,11,10,False,False
outer_0,retrospective,cb4effffcf59da0509d3,11,10,False,False
outer_0,retrospective,96b07a1935b0c2ab28f0,11,10,False,False
outer_0,retrospective,ffd0f81d1449f3f54c1a,11,10,False,False
outer_0,retrospective,fe05353d1263d641eab3,11,10,False,False
outer_0,retrospective,8176c599c196cb23b492,11,10,False,False
outer_0,retrospective,fdb9bbcb9220e0152d86,11,10,False,False
outer_0,retrospective,a396474fb12cae977057,11,10,False,False
outer_0,retrospective,14657625535d82293292,11,10,False,False
outer_0,retrospective,798c7cc0f3df94def977,11,10,False,False
outer_0,retrospective,e297a27bcb40bc7e4c87,11,10,False,False
outer_0,retrospective,38b729843aea92d1e2b8,11,10,False,False
outer_0,retrospective,2eee6d51dbb85b31d854,11,10,False,False
outer_0,retrospective,9376228e606316e0ce47,11,10,False,False
outer_0,retrospective,8394551e0ecd9467bdf2,11,10,False,False
outer_0,retrospective,1c11fe15670a990acc0a,11,10,False,False
outer_0,retrospective,167866d90097edd8fc00,11,10,False,False
outer_0,retrospective,7751c9e726f1c5a55f3e,11,10,False,False
outer_0,retrospective,bf1448266b4ed8ec25bd,11,10,False,False
outer_0,retrospective,14f051e23e9a0464b47c,11,10,False,False
outer_0,retrospective,e63778e51d1afb8e8f3e,11,10,False,False
outer_0,retrospective,8075935dd60f4796e841,11,10,False,False
outer_0,retrospective,f4308600c59ed9f10a50,11,10,False,False
outer_0,retrospective,8b03a1148ae94ea9ef3f,11,10,False,False
outer_0,retrospective,4a248cefa60f545497a3,11,10,False,False
outer_0,retrospective,af4e7f3424612da01c07,11,10,False,False
outer_0,retrospective,6701b8b6cfe93e5cd3b6,11,10,False,False
outer_0,retrospective,c167fee30078a6be28cd,11,10,False,False
outer_0,retrospective,44fe702ee21e353a23b9,11,10,False,False
outer_0,retrospective,950606910e7d4dafb3ea,11,10,False,False
outer_0,retrospective,4394e9c39a3572564c82,11,10,False,False
outer_0,retrospective,8a7a0ea1cc4ee428cf3a,11,10,False,False
outer_0,retrospective,e7e953dc7b10073b5605,11,10,False,False
outer_0,retrospective,4dec5598d655d7acdf97,11,10,False,False
outer_0,retrospective,0f9f05e4fe22eb3ee700,11,10,False,False
outer_0,retrospective,68580354e5144ef1dd46,11,10,False,False
outer_0,retrospective,c4427fec6c51c99552d1,11,10,False,False
outer_0,retrospective,3726147fdb3581d7a621,11,10,False,False
outer_0,retrospective,e1df80e61420f0186f13,11,10,False,False
outer_0,retrospective,e3a004e92368d0546cf2,11,10,False,False
outer_0,retrospective,d5c578b6a876bab44f50,11,10,False,False
outer_0,retrospective,83c6242d2df88f297292,11,10,False,False
outer_0,retrospective,c8333b982d903608eca0,11,10,False,False
outer_0,retrospective,7ce6b784155ee595c853,11,10,False,False
outer_0,retrospective,b84d284eff85ab45d45b,11,10,False,False
outer_0,retrospective,7bf3c07686d4ffa04fc0,11,10,False,False
outer_0,retrospective,a535eb6c49e22f76e75e,11,10,False,False
outer_0,retrospective,44aabafc8229235e609c,11,10,False,False
outer_0,retrospective,c876e7b629376036a637,11,10,False,False
outer_0,retrospective,026071fc4e76d9c91c7e,11,10,False,False
outer_0,retrospective,2a3756ecf573ca5fb122,11,10,False,False
outer_0,retrospective,b426a521f8ee659c4136,11,10,False,False
outer_0,retrospective,c9fbd843b58d5b0ac58e,11,10,False,False
outer_0,retrospective,2cc94b2b7728541f8861,11,10,False,False
outer_0,retrospective,c4a259a72b484c35e21f,11,10,False,False
outer_0,retrospective,61b96069cda3fc5d7af1,11,10,False,False
outer_0,retrospective,231fa13466e8969f19db,11,10,False,False
outer_0,retrospective,c8d0eb2d8197750d2791,11,10,False,False
outer_0,retrospective,b5b2aa67bd8624ac5c2d,11,10,False,False
outer_0,retrospective,a82b217d71ade5180a5f,11,10,False,False
outer_0,retrospective,77bcbcf9c247415a6cef,11,10,False,False
outer_0,retrospective,a5e299d9e5dfcafb19a2,11,10,False,False
outer_0,retrospective,cfd347275ff40c458e05,11,10,False,False
outer_0,retrospective,64e55696aaaf10847115,11,10,False,False
outer_0,retrospective,becf7091bf2cfa7a5ec4,11,10,False,False
outer_0,retrospective,2eab6eb436c3e259dd8d,11,10,False,False
outer_0,retrospective,18c814cfb1f440d688f4,11,10,False,False
outer_0,retrospective,42c6318158bf05f3bc60,11,10,False,False
outer_0,retrospective,3d9dc3b8032cead14c80,11,10,False,False
outer_0,retrospective,025b74b54e01e57dc2bb,11,10,False,False
outer_0,retrospective,bdc3b74e17d971dd7fc1,11,10,False,False
outer_0,retrospective,83af60abcd9088be2636,11,10,False,False
outer_0,retrospective,69d4050e3444b11756f0,11,10,False,False
outer_0,retrospective,3e8cd90ff912a0de928a,11,10,False,False
outer_0,retrospective,a784c6d5e43b28edd180,11,10,False,False
outer_0,retrospective,e789b3df26cc32278994,11,10,False,False
outer_0,retrospective,31e86e2be58e4ac42917,11,10,False,False
outer_0,retrospective,4d6fcf4fcb3c20a40e22,11,10,False,False
outer_0,retrospective,0964387e0ed43e08b32d,11,10,False,False
outer_0,retrospective,ebc2b4207a6f12fa7fff,11,10,False,False
outer_0,retrospective,f305c400b21b5f99b142,11,10,False,False
outer_0,retrospective,aef307f0c3cdb99cd16e,11,10,False,False
outer_0,retrospective,7d02e72a7aaea690ef8e,11,10,False,False
outer_0,retrospective,bab2489faf81150bbc97,11,10,False,False
outer_0,retrospective,63a193024ae44ca1a318,11,10,False,False
outer_0,retrospective,2f0f5d33c670f12fd459,11,10,False,False
outer_0,retrospective,bc1ad8417be245ee2994,11,10,False,False
outer_0,retrospective,58ccb15d2981076c4657,11,10,False,False
outer_0,retrospective,8bfe03c9c0a5f883f5d1,11,10,False,False
outer_0,retrospective,7c36f7414e884edd777c,11,10,False,False
outer_0,retrospective,28eb6228b51d53a26cf8,11,10,False,False
outer_0,retrospective,39a43ea69de3ebe87cee,11,10,False,False
outer_0,retrospective,b91e221084680f0ac8f1,11,10,False,False
outer_0,retrospective,77ea41007be7b6b45d11,11,10,False,False
outer_0,retrospective,d57cab637c16f39bac00,11,10,False,False
outer_0,retrospective,e0e6b498408facf92bd0,11,10,False,False
outer_0,retrospective,9184cf2256d412945e81,11,10,False,False
outer_0,retrospective,453a12ce73ca59a50cad,11,10,False,False
outer_0,retrospective,ba98c2c5eb5925320c3e,11,10,False,False
outer_0,retrospective,1c360e3ac398f525890e,11,10,False,False
outer_0,retrospective,e6c5884177352ef9f219,11,10,False,False
outer_0,retrospective,bd40ce56067b1a8f6742,11,10,False,False
outer_0,retrospective,f464f9a0902538977266,11,10,False,False
outer_0,retrospective,82905abdb34c762714a4,11,10,False,False
outer_0,retrospective,9b2bee47698fb26fa450,11,10,False,False
outer_0,retrospective,f44e75a0047d6dff868a,11,10,False,False
outer_0,retrospective,f20286af171f312f20d6,11,10,False,False
outer_0,retrospective,b23da4f9f2897f5547c1,11,10,False,False
outer_0,retrospective,2d6ce6311cde8190d0e3,11,10,False,False
outer_0,retrospective,ff84ddffe40ac9f70081,11,10,False,False
outer_0,retrospective,077a00cecd82824b62aa,11,10,False,False
outer_0,retrospective,2e36fd27ddc4e8f097f4,11,10,False,False
outer_0,retrospective,bed84d540f9daf546754,11,10,False,False
outer_0,retrospective,fda76e385a3900a5c26f,11,10,False,False
outer_0,retrospective,28160c8dd80239d4c6e3,11,10,False,False
outer_0,retrospective,b22ab8a1f5d705aab295,11,10,False,False
outer_0,retrospective,a5f11799d424f1d5b54e,11,10,False,False
outer_0,retrospective,e875d34f202aae8c7207,11,10,False,False
outer_0,retrospective,2529d5d4a0dbf3e80daf,11,10,False,False
outer_0,retrospective,e3111626d2dec47f0526,11,10,False,False
outer_0,retrospective,70fa01ac459d75c29619,11,10,False,False
outer_0,retrospective,1e695550f4e025f3eb4f,11,10,False,False
outer_0,retrospective,661374271278d0161afd,11,10,False,False
outer_0,retrospective,fbe191743b2e0c912be8,11,10,False,False
outer_0,retrospective,148cc533345063ad8969,11,10,False,False
outer_0,retrospective,bb263cad2fa0119d77a5,11,10,False,False
outer_0,retrospective,6a24ee08890aaccbab59,11,10,False,False
outer_0,retrospective,55f9f8d9c9c022bfebe4,11,10,False,False
outer_0,retrospective,812c6b527d794408bcdb,11,10,False,False
outer_0,retrospective,f3eb594a997b078698b3,11,10,False,False
outer_0,retrospective,9aa6790f5a3b23f1765a,11,10,False,False
outer_0,retrospective,6d20a174237811f45a41,11,10,False,False
outer_0,retrospective,0ec31299915eed9b29d8,11,10,False,False
outer_0,retrospective,56eb9b2b85fd78da45c3,11,10,False,False
outer_0,retrospective,ea7076e922604044b04e,11,10,False,False
outer_0,retrospective,d26597c18720f05a65ba,11,10,False,False
outer_0,retrospective,f26d58ff1de0980d079c,11,10,False,False
outer_0,retrospective,957a75f601886c95b208,11,10,False,False
outer_0,retrospective,0a5a9941e80e602743d2,11,10,False,False
outer_0,retrospective,85b925f1db4f91be1b58,11,10,False,False
outer_0,retrospective,9923c8a3f770430b15e3,11,10,False,False
outer_0,retrospective,8fc3418560bdf3745a14,11,10,False,False
outer_0,retrospective,c21c2be21ec548eb4fac,11,10,False,False
outer_0,retrospective,860d7a81829c6e86b6de,11,10,False,False
outer_0,retrospective,a04d2c5b2d7acb49578d,11,10,False,False
outer_0,retrospective,6da3b6ce1f4433c12b3c,11,10,False,False
outer_0,retrospective,715bda1ebb2b66366b89,11,10,False,False
outer_0,retrospective,a8aa5197aa4c95a022dd,11,10,False,False
outer_0,retrospective,bcedb06af0f79240b29b,11,10,False,False
outer_0,retrospective,26b49a8ac1e84a4a272c,11,10,False,False
outer_0,retrospective,1deef501b37cfab3eb56,11,10,False,False
outer_0,retrospective,d5741be687d9101e650f,11,10,False,False
outer_0,retrospective,79254eb55d81ea0d9cd2,11,10,False,False
outer_0,retrospective,98e5d7614f46da5c0ec1,11,10,False,False
outer_0,retrospective,ccfb6ed40d3846a7f8de,11,10,False,False
outer_0,retrospective,89a962e2a08c7d742887,11,10,False,False
outer_0,retrospective,a01438858c24c2f6bf5e,11,10,False,False
outer_0,retrospective,bad95bb6ca7fbad2c728,11,10,False,False
outer_0,retrospective,0b37a8ceb7d47a636824,11,10,False,False
outer_0,retrospective,ab5a7c5f754cbdcdd1db,11,10,False,False
outer_0,retrospective,be6928521d970493c852,11,10,False,False
outer_0,retrospective,03815f13b1a01a8689cc,11,10,False,False
outer_0,retrospective,4396bc73ec475a12254a,11,10,False,False
outer_0,retrospective,4a99e66a72edef9786dc,11,10,False,False
outer_0,retrospective,921a607f89b09e8805db,11,10,False,False
outer_0,retrospective,ff8f2d842695518c0400,11,10,False,False
outer_0,retrospective,1cda59e55f763233455e,11,10,False,False
outer_0,retrospective,e1a0fcc49052aeb97a42,11,10,False,False
outer_0,retrospective,0820e5c287afe0fa110c,11,10,False,False
outer_0,retrospective,2b4f451602467b14218f,11,10,False,False
outer_0,retrospective,f12adc47548cb0c89447,11,10,False,False
outer_0,retrospective,f0ecf4c2e2afbc7c0341,11,10,False,False
outer_0,retrospective,3a07c674b80dcdfe902c,11,10,False,False
outer_0,retrospective,dfc466e14b3f5260e81a,11,10,False,False
outer_0,retrospective,145ecbacd9f4af3071b5,11,10,False,False
outer_0,retrospective,b009b83ae1df8897e4f9,11,10,False,False
outer_0,retrospective,ef28481fa1c5c5b4b4c3,11,10,False,False
outer_0,retrospective,58f39e77e5a7362474f4,11,10,False,False
outer_0,retrospective,2089d8c28b0048b3abf2,11,10,False,False
outer_0,retrospective,6b367f52d857b59835bf,11,10,False,False
outer_0,retrospective,2ba11e4561cce9e55733,11,10,False,False
outer_0,retrospective,e3a5c3d544792e0f40b0,11,10,False,False
outer_0,retrospective,b0c5cbfdd2f8bfcab953,11,10,False,False
outer_0,retrospective,ce5cff94cbcd745c3269,11,10,False,False
outer_0,retrospective,b2f60a2f1c89a25b3c46,11,10,False,False
outer_0,retrospective,858fd9c1e58c59e2aa99,11,10,False,False
outer_0,retrospective,3fbd701ac01029c806ed,11,10,False,False
outer_0,retrospective,d37ad852ca1246d4f900,11,10,False,False
outer_0,retrospective,e5f7c074bc8b691adb71,11,10,False,False
outer_0,retrospective,09571d7d8d8e5b437671,11,10,False,False
outer_0,retrospective,5ef14b1da775fc049f0c,11,10,False,False
outer_0,retrospective,13828610693c8a37ce11,11,10,False,False
outer_0,retrospective,abffe847c1f313a19400,11,10,False,False
outer_0,retrospective,f8289eca219f6b11271f,11,10,False,False
outer_0,retrospective,33ddda741481f4a512fa,11,10,False,False
outer_0,retrospective,ab13ff46fbfec52042e9,11,10,False,False
outer_0,retrospective,ad89a91f75666b7ca373,11,10,False,False
outer_0,retrospective,701d5ffd3f057f831ef3,11,10,False,False
outer_0,retrospective,bd590cf00302e4f428f0,11,10,False,False
outer_0,retrospective,be6b92fa743d751d04f3,11,10,False,False
outer_0,retrospective,f61cbf2fe49588fabab1,11,10,False,False
outer_0,retrospective,79544a9ba6b80ccc3cc4,11,10,False,False
outer_0,retrospective,40d95cc39c24ca2d0c68,11,10,False,False
outer_0,retrospective,14169af98dbc945f079f,11,10,False,False
outer_0,retrospective,7e6a2ed42b71457b5991,11,10,False,False
outer_0,retrospective,fbd06bf465befe638ac5,11,10,False,False
outer_0,retrospective,3f1baaaacef8b469d64f,11,10,False,False
outer_0,retrospective,0783fc117a9bd1998402,11,10,False,False
outer_0,retrospective,aa23d8aa8b6e383749ff,11,10,False,False
outer_0,retrospective,ef2cb84afc838328033e,11,10,False,False
outer_0,retrospective,8f3aee2ad454769d77af,11,10,False,False
outer_0,retrospective,5c8dbcc357ad3424b3de,11,10,False,False
outer_0,retrospective,835c954a05733f484d8b,11,10,False,False
outer_0,retrospective,152aef14e7cdb164a892,11,10,False,False
outer_0,retrospective,9dfc288fc83f207d8179,11,10,False,False
outer_0,retrospective,a1a3540361916809d36a,11,10,False,False
outer_0,retrospective,62f7ac5fb8a82e835932,11,10,False,False
outer_0,retrospective,ecfa7e532de1aa72f48b,11,10,False,False
outer_0,retrospective,522e8feeee059f3ebba7,11,10,False,False
outer_0,retrospective,32c432133fecc90ceee0,11,10,False,False
outer_0,retrospective,b13ac4ea6576c80cbbf7,11,10,False,False
outer_0,retrospective,4b3622234087f64f666d,11,10,False,False
outer_0,retrospective,bc3da393947d1d9b3a2e,11,10,False,False
outer_0,retrospective,f2c9362bff2fc061dcb0,11,10,False,False
outer_0,retrospective,a9d029bbd0017027ee48,11,10,False,False
outer_0,retrospective,385c7b7a30aaea2485cc,11,10,False,False
outer_0,retrospective,c4e0deec9d52c595cf6f,11,10,False,False
outer_0,retrospective,f5479a88bb74de5d1889,11,10,False,False
outer_0,retrospective,05e352c7aee30e0a91c1,11,10,False,False
outer_0,retrospective,305696561e25592509d9,11,10,False,False
outer_0,retrospective,1dca7527b4e57c0f235c,11,10,False,False
outer_0,retrospective,e6aa46452be5290f2ee7,11,10,False,False
outer_0,retrospective,7a481d99c85d6bc517aa,11,10,False,False
outer_0,retrospective,4a6745e2ef6acd5b1c44,11,10,False,False
outer_0,retrospective,2fc7a50c859f50904d65,11,10,False,False
outer_0,retrospective,7007c9b7980ba4be387c,11,10,False,False
outer_0,retrospective,3fe01028d93bd6d2719f,11,10,False,False
outer_0,retrospective,fdee9a2088ffd1f5743f,11,10,False,False
outer_0,retrospective,f160cafb614f8a2d1392,11,10,False,False
outer_0,retrospective,ad6de2d08ea5b9c1f21e,11,10,False,False
outer_0,retrospective,e4882da171eb2895f32b,11,10,False,False
outer_0,retrospective,69de9fc8f280e41a1980,11,10,False,False
outer_0,retrospective,4714477e94de29e4d56e,11,10,False,False
outer_0,retrospective,a72ea64e83527065c982,11,10,False,False
outer_0,retrospective,91b2e4c6729efe49cad5,11,10,False,False
outer_0,retrospective,ea3ea2e2970bf6f19de7,11,10,False,False
outer_0,retrospective,c140680ceb7dfee0b7d8,11,10,False,False
outer_0,retrospective,fe7013a567b636dd3e85,11,10,False,False
outer_0,retrospective,926340eee6b17681b621,11,10,False,False
outer_0,retrospective,9ea6e2d6c5dfa571391a,11,10,False,False
outer_0,retrospective,09e77db79fe075729c6a,11,10,False,False
outer_0,retrospective,0bc725c714ad1721e4c3,11,10,False,False
outer_0,retrospective,60d2484774ad6ee0e902,11,10,False,False
outer_0,retrospective,6494fc3cf5b93ed9b5de,11,10,False,False
outer_0,retrospective,063fd4a23973bacf6eef,11,10,False,False
outer_0,retrospective,66b2a87432bb55c468c4,11,10,False,False
outer_0,retrospective,02b76efb9a7a4d7afbf7,11,10,False,False
outer_0,retrospective,7202e67bfa940169aac5,11,10,False,False
outer_0,retrospective,8384724cf0d84047be18,11,10,False,False
outer_0,retrospective,876536c11a353c413eff,11,10,False,False
outer_0,retrospective,f107c808ead4ae246977,11,10,False,False
outer_0,retrospective,299f33c93993fe0b7b68,11,10,False,False
outer_0,retrospective,d4f94019a805b81de393,11,10,False,False
outer_0,retrospective,0bda1f57a8c008f047c1,11,10,False,False
outer_0,retrospective,ba1d62e7d5e360f58b1e,11,10,False,False
outer_0,retrospective,f700c66441a378bc5a3f,11,10,False,False
outer_0,retrospective,81d842d768a462df986e,11,10,False,False
outer_0,retrospective,6bab874de7d745e7c7dd,11,10,False,False
outer_0,retrospective,685c2d6bf4a9219bb0ea,11,10,False,False
outer_0,retrospective,cc7024a3edb92909ca8a,11,10,False,False
outer_0,retrospective,8976c6abeb56525fab00,11,10,False,False
outer_0,retrospective,5050b4ed6924957e1fc8,11,10,False,False
outer_0,retrospective,6a6511994c25a6c713a0,11,10,False,False
outer_0,retrospective,930cf83cfa68f30cf3ba,11,10,False,False
outer_0,retrospective,eaf652abb31242c77654,11,10,False,False
outer_0,retrospective,bf953e255f124dcbb069,11,10,False,False
outer_0,retrospective,863d99cc84a3dbbcc32c,11,10,False,False
outer_0,retrospective,1787c5783d86e3436369,11,10,False,False
outer_0,retrospective,d6f03c8bab7a99377781,11,10,False,False
outer_0,retrospective,d9f7e3f025c57c9e1016,11,10,False,False
outer_0,retrospective,bf674c29c79c9353d5a7,11,10,False,False
outer_0,retrospective,c922cf224fe8c7da4b2e,11,10,False,False
outer_0,retrospective,8e2cf667e77e109ab274,11,10,False,False
outer_0,retrospective,7d45d054e7adbda531dd,11,10,False,False
outer_0,retrospective,f6086a0e457fc033ea77,11,10,False,False
outer_0,retrospective,0517ebae14509834dc2b,11,10,False,False
outer_0,retrospective,e41643033e109f1c0f67,11,10,False,False
outer_0,retrospective,0f8c20ebd53c1e3a44f2,11,10,False,False
outer_0,retrospective,ad172c383850d4f4d95b,11,10,False,False
outer_0,retrospective,f9bbb6e2c5d8bfba341e,11,10,False,False
outer_0,retrospective,289493e9505959bdc815,11,10,False,False
outer_0,retrospective,2e48119cf74bcc87b380,11,10,False,False
outer_0,retrospective,63feaed815e1d895902b,11,10,False,False
outer_0,retrospective,2baac219dda826cdd63e,11,10,False,False
outer_0,retrospective,e1f548b73b6f2d9bfbb3,11,10,False,False
outer_0,retrospective,7c2d727c39a0b8a8a6bb,11,10,False,False
outer_0,retrospective,76f9346a0be85fc1be1a,11,10,False,False
outer_0,retrospective,b7e0661c8053c51776f2,11,10,False,False
outer_0,retrospective,a9f80dad86365e45c545,11,10,False,False
outer_0,retrospective,2c8fabf8b0ced303b830,11,10,False,False
outer_0,retrospective,14a10677ebd59ec31af3,11,10,False,False
outer_0,retrospective,84e5ae2794a62c91621a,11,10,False,False
outer_0,retrospective,9b02eb50ee6d4b5c1bee,11,10,False,False
outer_0,retrospective,695d362ec0a51c6afcd2,11,10,False,False
outer_0,retrospective,caf8829de072fa8a898a,11,10,False,False
outer_0,retrospective,b9ab713a697e5c8e6571,11,10,False,False
outer_0,retrospective,50abcbf082f4ded18c1d,11,10,False,False
outer_0,retrospective,f9edd232f233bcfa0f8e,11,10,False,False
outer_0,retrospective,443b5153c617d9de7bc0,11,10,False,False
outer_0,retrospective,045e6300e3ee6cbd8f4f,11,10,False,False
outer_0,retrospective,010208d6ff02eb5c207b,11,10,False,False
outer_0,retrospective,8499c08afd5f73da29a6,11,10,False,False
outer_0,retrospective,b63b15d4621a0979f6fa,11,10,False,False
outer_0,retrospective,ae1c0ee16bd5ea429b41,11,10,False,False
outer_0,retrospective,e4cb5974d877b323beab,11,10,False,False
outer_0,retrospective,07db7538730a0b2f69fe,11,10,False,False
outer_0,retrospective,050cb862c4c8b1ba0331,11,10,False,False
outer_0,retrospective,9f13684e7e579bf316c4,11,10,False,False
outer_0,retrospective,dbcb908252807068e265,11,10,False,False
outer_0,retrospective,4623af7d38d498ac426e,11,10,False,False
outer_0,retrospective,e579dec0e4b15397d77c,11,10,False,False
outer_0,retrospective,5baec387516a367d6086,11,10,False,False
outer_0,retrospective,ae5b36943e1631c2be74,11,10,False,False
outer_0,retrospective,8061bcca2ffddf820b81,11,10,False,False
outer_0,retrospective,016e5e563f5014c2f1d8,11,10,False,False
outer_0,retrospective,498727c6e237d6c08df2,11,10,False,False
outer_0,retrospective,7d890ce46d7573f4f709,11,10,False,False
outer_0,retrospective,4df0e053252ff780dd75,11,10,False,False
outer_0,retrospective,d44c85d04e91538c513b,11,10,False,False
outer_0,retrospective,f8726b5770d320f66866,11,10,False,False
outer_0,retrospective,610d57ba49c6c283336b,11,10,False,False
outer_1,completed,6e12493812a5f565ce96,0,0,True,False
outer_1,completed,bccda63c87bec0a47d9c,0,0,True,False
outer_1,completed,3abcf2a307208ba996a4,0,0,True,False
outer_1,completed,aabfebf8e14b506d8151,0,0,True,False
outer_1,completed,351473c7e4037343d255,0,0,True,False
outer_1,completed,eaa7a669dfe8f22214a4,0,0,True,False
outer_1,completed,d0e1b9e587a5a312fad4,0,0,True,False
outer_1,completed,69608816b1a4f857c209,0,0,True,False
outer_1,completed,8a0ffc2f2fee8840281a,0,0,True,False
outer_1,completed,36c33a438518ee36f0ea,0,0,True,False
outer_1,completed,b886a352d8b662dc1118,0,0,True,False
outer_1,completed,e1d70ef84f51e97ba0b7,0,0,True,False
outer_1,completed,06c4e2ce0edf6cb6963e,0,0,True,False
outer_1,completed,1202e8a96e82096f8f00,0,0,True,False
outer_1,completed,d7436ce2f1d8c85543ee,0,0,True,False
outer_1,completed,7961971dc74deb9a0ca0,0,0,True,False
outer_1,completed,992be32d31162a019ccb,0,0,True,False
outer_1,completed,6242717d11439aa52fa0,0,0,True,False
outer_1,completed,7f904efd7bcecf749eaa,0,0,True,False
outer_1,completed,0dcde823a8ec97462306,0,0,True,False
outer_1,completed,54ea818ed17d5c548e38,0,0,True,False
outer_1,completed,fd8805cdd710fc87a674,0,0,True,False
outer_1,completed,a9bcbd71b5af4b4cbfaf,0,0,True,False
outer_1,completed,dde928a156646f905507,0,0,True,False
outer_1,completed,8c13374f71f9648f9867,0,0,True,False
outer_1,completed,d7d7474c81d8e5810c15,0,0,True,False
outer_1,completed,4907a2a11e59261d4b86,0,0,True,False
outer_1,completed,eb66e937c4abfef983d0,0,0,True,False
outer_1,completed,e559fce816f947034c61,0,0,True,False
outer_1,completed,9a132ed310956d20af13,0,0,True,False
outer_1,completed,f799f0e4bb0a091815b2,0,0,True,False
outer_1,completed,1138e94a205a683256cf,0,0,True,False
outer_1,completed,369c1a3e76aa298f75dd,0,0,True,False
outer_1,completed,cf79490e0df97330ab40,0,0,True,False
outer_1,completed,832e2588b27dc2e612fc,0,0,True,False
outer_1,completed,50aa94e96643de7fceb8,0,0,True,False
outer_1,completed,7bc16dc775f95f5d944e,0,0,True,False
outer_1,completed,0678b9ab06824fc69616,0,0,True,False
outer_1,completed,6420ef7bdddd242ad55b,0,0,True,False
outer_1,completed,7920a0d1b98d1a5a5ca0,0,0,True,False
outer_1,completed,ca22bd9c693d68fbfc84,0,0,True,False
outer_1,completed,000b67a33cdcbc155900,0,0,True,False
outer_1,completed,99694582627db5eac6f7,11,10,False,False
outer_1,completed,f19f88377bd0d8b884e1,11,10,False,False
outer_1,completed,3225fbe683f80629efd5,11,10,False,False
outer_1,completed,e131cc41ea8524d1629f,11,10,False,False
outer_1,completed,81c93a9e934cd5dede62,11,10,False,False
outer_1,completed,896cab0a053befe11756,11,10,False,False
outer_1,completed,6fc936bb6e7f368a71df,11,10,False,False
outer_1,completed,ce3d735450dfb39a196d,11,10,False,False
outer_1,completed,b62804204abe967f751b,11,10,False,False
outer_1,completed,43d43004e1361046a2d2,11,10,False,False
outer_1,completed,95c0fd755d28dfa821d2,11,10,False,False
outer_1,completed,cf940371bd9d2b4b7dc2,11,10,False,False
outer_1,completed,e0cd442c50e5a3e7e2f6,11,10,False,False
outer_1,completed,9892aebc496b8c30396f,11,10,False,False
outer_1,completed,dbb97bd860b35b988605,11,10,False,False
outer_1,completed,e87d1e0e287770eecc18,0,0,True,False
outer_1,completed,7de48eddc1f0dfad428c,0,0,True,False
outer_1,completed,0feeab459b593fbc7109,0,0,True,False
outer_1,completed,0d96d91794ce02f241f3,0,0,True,False
outer_1,completed,604166380eea48f56e08,0,0,True,False
outer_1,completed,4213fd95ba889f05b3e3,0,0,True,False
outer_1,completed,4bf74bda0fe45c3d3f8a,0,0,True,False
outer_1,completed,908f26b5aea2026fe886,0,0,True,False
outer_1,completed,e0a83a4b3d883c6568a4,0,0,True,False
outer_1,completed,4f407813036e97c8c1e3,0,0,True,False
outer_1,completed,20ada1fd451fd52f2487,0,0,True,False
outer_1,completed,b6cf1056d85e85d87180,0,0,True,False
outer_1,completed,617da4afc484fdac16a6,0,0,True,False
outer_1,completed,47a204f9bce64badc93f,0,0,True,False
outer_1,completed,a2bcb3405da14fc0bf92,0,0,True,False
outer_1,completed,05a4efe762b01424380c,0,0,True,False
outer_1,completed,384cabcdcceb45e7da80,0,0,True,False
outer_1,completed,a505917d2cc5495becf4,0,0,True,False
outer_1,completed,055e9911a732cd1fdc25,0,0,True,False
outer_1,completed,dc3ff52d226cb1d0aefa,0,0,True,False
outer_1,completed,1629729e0fe0c5fb0d32,0,0,True,False
outer_1,completed,922be344129971de50c7,0,0,True,False
outer_1,completed,a1d181db38599ffc4359,0,0,True,False
outer_1,completed,86db30e35a0ce85b6ed6,0,0,True,False
outer_1,completed,4abc8298bb50038dc92b,0,0,True,False
outer_1,completed,8754fc601ed76c81ca24,0,0,True,False
outer_1,completed,d431b83c68b38d11a665,0,0,True,False
outer_1,completed,35be7ae96caebd3f8300,0,0,True,False
outer_1,completed,b718604e2c640dea31a4,0,0,True,False
outer_1,completed,dc69701edc52194df999,0,0,True,False
outer_1,completed,7ee82e5bf278b2c022c4,0,0,True,False
outer_1,completed,5156ea8b50ec183daa62,0,0,True,False
outer_1,completed,6c9290b08f3a0c0527d9,0,0,True,False
outer_1,completed,331848a62a8fa856e1d5,0,0,True,False
outer_1,completed,98ced23d7983859e0643,0,0,True,False
outer_1,completed,4aca41df79afcd61ba2d,11,10,False,False
outer_1,completed,7c0f8fa7d25069cce2f4,11,10,False,False
outer_1,completed,26cf2a4e83eee3c05ec4,11,10,False,False
outer_1,completed,d3092cba8d884568afdf,11,10,False,False
outer_1,completed,31582f7c899a1f3c1fb1,11,10,False,False
outer_1,completed,4c30a2a3bec5b73ce480,11,10,False,False
outer_1,completed,44ca8cf4622f390ef5cc,11,10,False,False
outer_1,completed,93b717a33233dbfe4f46,11,10,False,False
outer_1,completed,8cadb673facd04f029a8,11,10,False,False
outer_1,completed,484c2cbb0d10dbd3f2f4,11,10,False,False
outer_1,completed,a50156542e6bc297039e,11,10,False,False
outer_1,completed,4ff6b138b24112ab8551,11,10,False,False
outer_1,completed,1818e45ba019a75453f6,11,10,False,False
outer_1,completed,23842f95fd3a7da4fb0b,0,0,True,False
outer_1,completed,5bd2a295ba68e67b7fc2,0,0,True,False
outer_1,completed,e6209cec44f6048f16e2,0,0,True,False
outer_1,completed,839b5afd3e23e8db6ee5,0,0,True,False
outer_1,completed,ecd3ba2608fb2399ba6a,0,0,True,False
outer_1,completed,e071dc5879ac2b8539da,0,0,True,False
outer_1,completed,d2eb7335736fc246ed20,0,0,True,False
outer_1,completed,5d42af44d7b56c730459,0,0,True,False
outer_1,completed,88f50a87aac0f4d8592e,0,0,True,False
outer_1,completed,dc0cc2166e18c4e01729,0,0,True,False
outer_1,completed,eaa8630c9a0b5920d8b9,11,10,False,False
outer_1,completed,8e5300994f69e6b96312,11,10,False,False
outer_1,completed,7b52443c6ef079982863,11,10,False,False
outer_1,completed,b93a8714edc5c96f73ac,11,10,False,False
outer_1,completed,9fbe3936f10b6a9f0281,11,10,False,False
outer_1,completed,6c91edf1dc95b871af94,11,10,False,False
outer_1,completed,dafd44a7af32b801273e,11,10,False,False
outer_1,completed,08572660e64035e3b025,11,10,False,False
outer_1,completed,d784ed644f6403512b42,11,10,False,False
outer_1,completed,891f226e3de83444ba21,11,10,False,False
outer_1,completed,b162dfa62f761101916c,11,10,False,False
outer_1,completed,f62ac62dc534987b486d,11,10,False,False
outer_1,completed,d8a8a5ac223d16cde7c9,11,10,False,False
outer_1,completed,1c21cbda450117f3dbe1,11,10,False,False
outer_1,completed,0a4333505a360df50de5,11,10,False,False
outer_1,completed,2cc9f743a38d0bc99eb0,11,10,False,False
outer_1,completed,a83ec6ac63baa16ee40b,11,10,False,False
outer_1,completed,8e6c9a3e6bd14816afbe,11,10,False,False
outer_1,completed,ad29b7b358cc23b89556,11,10,False,False
outer_1,completed,151bf405e2150a4a76e8,11,10,False,False
outer_1,completed,896fb7e14fa8c6a72f60,11,10,False,False
outer_1,completed,32d9945de5de091250c5,11,10,False,False
outer_1,completed,a8c4cadd9d74b449ab6d,11,10,False,False
outer_1,completed,f0c695403a173be41196,11,10,False,False
outer_1,completed,65fc625403b28db7f17f,11,10,False,False
outer_1,completed,ac0aa4e8d7dfa09fee1e,11,10,False,False
outer_1,completed,b61a613648884471b1ab,11,10,False,False
outer_1,completed,8f4e8040adbddafda143,11,10,False,False
outer_1,completed,25bd81cd20c599ddb41a,11,10,False,False
outer_1,completed,9933232eb1c660f9221c,11,10,False,False
outer_1,completed,459a85e7607c12729c7d,11,10,False,False
outer_1,completed,b3462bbfd008bf27aaf0,11,10,False,False
outer_1,completed,dbf35d515a806b235b74,11,10,False,False
outer_1,completed,fbbec3be6d0bbac8d7d0,11,10,False,False
outer_1,completed,5ec10f5d5c9ce8df7f5d,11,10,False,False
outer_1,completed,5a5215d84a49f7812488,11,10,False,False
outer_1,completed,afd0f1c92ef4e9c35934,11,10,False,False
outer_1,completed,c8a736a5e6670d0711a1,11,10,False,False
outer_1,completed,3328d0ed5c1d7e8a96db,11,10,False,False
outer_1,completed,572b0d85d1a269526324,11,10,False,False
outer_1,completed,7dbbfcfe6573aa7baa92,11,10,False,False
outer_1,completed,4279476baffb621649d9,11,10,False,False
outer_1,completed,20800c07e1802ae72dc1,11,10,False,False
outer_1,completed,9bc18f533a9ebd0bbf4d,11,10,False,False
outer_1,completed,7f450f67115e2887dc83,11,10,False,False
outer_1,completed,41d50a7c83d1bf7c4b96,11,10,False,False
outer_1,completed,d3a31746ae8129f1542b,11,10,False,False
outer_1,completed,a115d5458653bf54403e,11,10,False,False
outer_1,completed,d5df67c39295e6b33d37,11,10,False,False
outer_1,completed,f5d80118c51d41c216b4,11,10,False,False
outer_1,completed,1a97382f78c1b0eeb39d,11,10,False,False
outer_1,completed,42d9fc890a31488584f8,11,10,False,False
outer_1,completed,2be9803bbdbf02137071,0,0,True,False
outer_1,completed,faf9b118b6bb6efefe7e,0,0,True,False
outer_1,completed,cffaf60b05aca089e80d,0,0,True,False
outer_1,completed,6d54594b80801a7f0163,0,0,True,False
outer_1,completed,35ebfd06335c31593335,0,0,True,False
outer_1,completed,a977f34f9236cdacff16,0,0,True,False
outer_1,completed,d2d996299d0391e7d6fc,0,0,True,False
outer_1,completed,e987ea7f07fb8a25b0dd,0,0,True,False
outer_1,completed,abd2d498ddc961fb5dc1,0,0,True,False
outer_1,completed,3e8fc3c783193cad51dd,0,0,True,False
outer_1,completed,8b02b17c76920c23a405,0,0,True,False
outer_1,completed,d8d132b69ad481892b4a,0,0,True,False
outer_1,completed,8a0e21deec15547d6452,0,0,True,False
outer_1,completed,5967fa72261c0fd8db68,0,0,True,False
outer_1,completed,1d00227e7a238234e187,0,0,True,False
outer_1,completed,5fe6dba94c362366a1f5,0,0,True,False
outer_1,completed,3b03297e1603ab9b5488,0,0,True,False
outer_1,completed,5b1b682b0465237b3156,0,0,True,False
outer_1,completed,9b4c85f86c219eb6cf56,0,0,True,False
outer_1,completed,68495d6c21e8fa63fb20,0,0,True,False
outer_1,completed,f762b66e2365dad1ec3b,0,0,True,False
outer_1,completed,8d5b52254a54ef95fcae,0,0,True,False
outer_1,completed,aacc07fb34b57f2be4b7,0,0,True,False
outer_1,completed,aa833edfcfe52111805a,0,0,True,False
outer_1,completed,d526e090eb99bb64a8e6,0,0,True,False
outer_1,completed,a5e6e66b9b2c6cb855ef,0,0,True,False
outer_1,completed,44e52ff08d7fb0d81b3c,0,0,True,False
outer_1,completed,92ab94f2d7cb1cf50313,0,0,True,False
outer_1,completed,7ecd59b97bf6a9ca99f7,11,10,False,False
outer_1,completed,5e5d579570007a23d7eb,0,0,True,False
outer_1,completed,126cd89115fe38621500,0,0,True,False
outer_1,completed,b389505019dd9940d414,0,0,True,False
outer_1,completed,3d8d5ab81cd414c139d6,0,0,True,False
outer_1,completed,63f53d160afb7ded1c8e,0,0,True,False
outer_1,completed,deb8c56a8a065bc563f4,0,0,True,False
outer_1,completed,bbab691563db880b1976,0,0,True,False
outer_1,completed,db52fd4d3e5abf26f054,0,0,True,False
outer_1,completed,c9df686eb8d8acd2012e,0,0,True,False
outer_1,completed,71bb64b6261727ce389a,0,0,True,False
outer_1,completed,7d57d322a34aef2fef83,0,0,True,False
outer_1,completed,04322e7ae01b4680d35d,0,0,True,False
outer_1,completed,9e55e27c51b3f1468e8b,0,0,True,False
outer_1,completed,b3721b210ceb79b9df6d,0,0,True,False
outer_1,completed,26fdf7a5d5011647b6ef,0,0,True,False
outer_1,completed,6bef49db4e5a38a0503c,0,0,True,False
outer_1,completed,5cfa9f94fcf3ede8b23c,0,0,True,False
outer_1,completed,93659f4971aae77e7cd5,0,0,True,False
outer_1,completed,58336438c8353884b0b8,0,0,True,False
outer_1,completed,e9e1d21267a96c705e79,11,10,False,False
outer_1,completed,9d612778fac72ebccef2,11,10,False,False
outer_1,completed,07f829e49f3308e6a223,11,10,False,False
outer_1,completed,6ea75e8be0c5e05fade9,11,10,False,False
outer_1,completed,014746cf9bda1cedc2ba,11,10,False,False
outer_1,completed,3cb9401b01865f958ecf,11,10,False,False
outer_1,completed,0044f341f2ed7a7e2879,11,10,False,False
outer_1,completed,0cc7df66f21a215c275f,0,0,True,False
outer_1,completed,157cfe1a8fbfae31fc89,0,0,True,False
outer_1,completed,8e52c26bcfb416bff2f8,11,10,False,False
outer_1,completed,31016af190891e229488,11,10,False,False
outer_1,completed,9ff293ca42a9fac00c5a,11,10,False,False
outer_1,completed,92c623cbf5e9c180e8c2,11,10,False,False
outer_1,completed,c4079f7d9a90b61e1614,11,10,False,False
outer_1,completed,77d1121be7058f070273,11,10,False,False
outer_1,completed,c2f47b6c3132908e5a24,11,10,False,False
outer_1,completed,c322b8b6d189bae903b5,11,10,False,False
outer_1,completed,3af4fea4fd4d16a1c8d0,11,10,False,False
outer_1,completed,978d7dfbcad827d43e20,11,10,False,False
outer_1,completed,db891fa442af8a6a5dfe,11,10,False,False
outer_1,completed,6f0a92816c260d2ea1e9,11,10,False,False
outer_1,completed,7c13d2432c634987725e,11,10,False,False
outer_1,completed,81816c0a630607bac6d3,11,10,False,False
outer_1,completed,15274e5fcfce12399d51,0,0,True,False
outer_1,completed,f827f379764054182ee9,0,0,True,False
outer_1,completed,1499c2dd93f8e8cbe1e6,0,0,True,False
outer_1,completed,3f73b270dd060d578744,0,0,True,False
outer_1,completed,f421c7824f84b832854a,0,0,True,False
outer_1,completed,51a8b87e67e7a8e117df,0,0,True,False
outer_1,completed,dd4f7511da669e1e8921,0,0,True,False
outer_1,completed,f4fcbba6a2e4bd16e86c,0,0,True,False
outer_1,completed,e2425effe6f8b87bc1da,0,0,True,False
outer_1,completed,07b2774780725ea70ec3,0,0,True,False
outer_1,completed,890bda2cd26c56112984,0,0,True,False
outer_1,completed,29f2b1d692273af97fc0,0,0,True,False
outer_1,completed,adfeaaec868f9d11d4c4,0,0,True,False
outer_1,completed,3b3a53146ff566af5f7f,0,0,True,False
outer_1,completed,e561bd23db390378bee2,0,0,True,False
outer_1,completed,1ac8326c8db4c91be72f,0,0,True,False
outer_1,completed,aede433804b64a18412d,0,0,True,False
outer_1,completed,f5f6fdd193983f3f8ecf,0,0,True,False
outer_1,completed,f2e5d88ece8b3eedfce3,0,0,True,False
outer_1,completed,63ba871fc9fe944f0869,0,0,True,False
outer_1,completed,849539601ba6b19ebefe,0,0,True,False
outer_1,completed,9cee72fb44a3445f1d9a,0,0,True,False
outer_1,completed,8ba6778e1c3d41bb7abe,0,0,True,False
outer_1,completed,f78ed3d20c9b90c5f940,0,0,True,False
outer_1,completed,b5a56f1b24b1ffe1b9c3,0,0,True,False
outer_1,completed,b5b29876bfdd19f50eaa,0,0,True,False
outer_1,completed,0420a570f80294a53cb8,11,10,False,False
outer_1,completed,e1d58c167e96659a5af8,11,10,False,False
outer_1,completed,a003ff939c8c40162945,0,0,True,False
outer_1,completed,67609a88b555736a810d,0,0,True,False
outer_1,completed,3eb5c960ba760ad6f8d0,0,0,True,False
outer_1,completed,20d4131148d7a6784e03,0,0,True,False
outer_1,completed,13fda668de668cb89442,0,0,True,False
outer_1,completed,c820c4f1afe47cb51113,0,0,True,False
outer_1,completed,e2ed572c94573a3a9b3f,11,10,False,False
outer_1,completed,5ed80e7586cbde7cf1a5,11,10,False,False
outer_1,completed,a227c836484067740bbf,11,10,False,False
outer_1,completed,99ae8b780ca33195500f,11,10,False,False
outer_1,completed,05e91efcdd396502efce,11,10,False,False
outer_1,completed,c050a6c620e770513657,11,10,False,False
outer_1,completed,60b45564bbfba6195bda,11,10,False,False
outer_1,completed,92a9ba3a3462d74fa765,11,10,False,False
outer_1,completed,bb87749ca11c8676997b,11,10,False,False
outer_1,completed,777ffd5adb682574ea5d,11,10,False,False
outer_1,completed,469fe532a3eb0c1295ef,11,10,False,False
outer_1,completed,acecdfd90daf157bf752,11,10,False,False
outer_1,completed,1c6e4907a950418bc00c,11,10,False,False
outer_1,completed,1c3fed56ec689cd57c10,11,10,False,False
outer_1,completed,1553a3a5391275d7109d,11,10,False,False
outer_1,completed,00289eb3ee0e7914fdc2,11,10,False,False
outer_1,completed,3f5bfa850d18f20d4fb2,11,10,False,False
outer_1,completed,a7aa024b03136b75207c,11,10,False,False
outer_1,completed,a409009e64a69ad11399,11,10,False,False
outer_1,completed,c105463e7c9c436e5eaa,11,10,False,False
outer_1,completed,7cbe15e73e08d27d2372,11,10,False,False
outer_1,completed,d4a9c565f0a055d7ee67,11,10,False,False
outer_1,completed,a515fb8a36b29d7016ce,11,10,False,False
outer_1,completed,9c2030ee3d15c0cc9319,11,10,False,False
outer_1,completed,21117a366efd44d968f6,11,10,False,False
outer_1,completed,b026833f4b1f1776dd36,11,10,False,False
outer_1,completed,b3c7600fe9562fe38a90,11,10,False,False
outer_1,completed,a650668bad53ca970e9e,11,10,False,False
outer_1,completed,2ffa551c4372254f2de0,11,10,False,False
outer_1,completed,95f3b01e549a5cad615b,11,10,False,False
outer_1,completed,8b111f0642b1df7ca768,11,10,False,False
outer_1,completed,32a81843125fe49a9351,11,10,False,False
outer_1,completed,3fbac532c45b9fbe0efa,11,10,False,False
outer_1,completed,de259ed48afe0ce9c8ba,11,10,False,False
outer_1,completed,20613d7aca4cdedd96ba,11,10,False,False
outer_1,completed,dd01f6bcecf2b5f8c921,11,10,False,False
outer_1,completed,a01794651794e191cc5a,11,10,False,False
outer_1,completed,f1a75cb50c4e50cdb7eb,11,10,False,False
outer_1,completed,4071d38d9469e642c058,11,10,False,False
outer_1,completed,486594a855261fa51b98,11,10,False,False
outer_1,completed,0c802fc5e699bf24205a,11,10,False,False
outer_1,completed,ae5f4795f2fe74afd98f,11,10,False,False
outer_1,completed,4decafc842da4589c822,11,10,False,False
outer_1,completed,5ab95d62eea5eb327903,11,10,False,False
outer_1,completed,a08656d04d877566ae1d,11,10,False,False
outer_1,completed,3bd1069c1c829a2ca0da,11,10,False,False
outer_1,completed,184127e4e5651dda328e,11,10,False,False
outer_1,completed,f655dc637452f9c5a852,11,10,False,False
outer_1,completed,7936d91f10be14d89df3,11,10,False,False
outer_1,completed,a6ea3a5b7e17f4452ed0,11,10,False,False
outer_1,completed,62ad76e41df98f70c93c,11,10,False,False
outer_1,completed,ac0b0c81d467e908f262,11,10,False,False
outer_1,completed,a3519f13d3ccdc285be7,11,10,False,False
outer_1,completed,131f71857e15beaa08c8,11,10,False,False
outer_1,completed,8531431ffe492888c267,11,10,False,False
outer_1,completed,10b5904fe5ce49a2796f,11,10,False,False
outer_1,completed,35292bc2d4708164da65,11,10,False,False
outer_1,completed,7855ae0bf8f9ad2effaf,11,10,False,False
outer_1,completed,e54155adfb9471aff7ca,11,10,False,False
outer_1,completed,1da46472d0cce76de1b1,11,10,False,False
outer_1,completed,7873624402d6532f9c5b,0,0,True,False
outer_1,completed,35e3163e719ec20a4abd,0,0,True,False
outer_1,completed,a41bd88cf4e35fac70a6,11,10,False,False
outer_1,completed,45337b9b296890b81a16,0,0,True,False
outer_1,completed,b72eb1ed73657abe1fce,11,10,False,False
outer_1,completed,8f0d2eddf7b9972da0c3,11,10,False,False
outer_1,completed,95355cf05bb2db94746e,11,10,False,False
outer_1,completed,709ff2ea49fe5500be3a,11,10,False,False
outer_1,completed,d9cca12d00dba90697eb,11,10,False,False
outer_1,completed,a173916dd2535b568526,11,10,False,False
outer_1,completed,753519206c6ace8cb4f2,0,0,True,False
outer_1,completed,5562499b641799ab7cbf,0,0,True,False
outer_1,completed,5e1077bbc2eb3af2bce1,0,0,True,False
outer_1,completed,e7266baa7d644aad6d4b,0,0,True,False
outer_1,completed,6a7ef087155f7c7b2dd7,0,0,True,False
outer_1,completed,02baed5ef02aaccba791,0,0,True,False
outer_1,completed,0df5f5e814a00340b59e,0,0,True,False
outer_1,completed,5ddb1de8cc3645ec9366,0,0,True,False
outer_1,completed,584c47a8018f515fa33a,0,0,True,False
outer_1,completed,83239fd4a5f485c8b414,0,0,True,False
outer_1,completed,bd0dd8d3b8c2336c41ac,0,0,True,False
outer_1,completed,85dd5eea159e4083856a,0,0,True,False
outer_1,completed,1b632f79cdf34336102c,0,0,True,False
outer_1,completed,c7b74edf5ce87398abba,0,0,True,False
outer_1,completed,dcca3a86574439567516,0,0,True,False
outer_1,completed,2d9c809ebe1b670aa2d1,0,0,True,False
outer_1,completed,925307cac0e796be78da,0,0,True,False
outer_1,completed,86ac239e77795e929604,0,0,True,False
outer_1,completed,0115301c9e660b8ffa1e,0,0,True,False
outer_1,completed,7bda927c513341193d91,0,0,True,False
outer_1,completed,f7577526d5ae0dc9edef,0,0,True,False
outer_1,completed,492e86711e0d37f5d1a2,0,0,True,False
outer_1,completed,b54cc4192e8c5f3e43dc,0,0,True,False
outer_1,completed,826616f1d294a4657f5c,0,0,True,False
outer_1,completed,e4d3cd5696ad20c15da5,0,0,True,False
outer_1,completed,476302e46c75e9e08aff,0,0,True,False
outer_1,completed,812038f79990351cb0f0,0,0,True,False
outer_1,completed,4e78c040d91b09dda2d7,0,0,True,False
outer_1,completed,e861f68ddc022843668e,0,0,True,False
outer_1,completed,a50b209d91552b58d817,0,0,True,False
outer_1,completed,82f7c7af9ac6b731fd52,11,10,False,False
outer_1,completed,12cd5a5f311d203df301,11,10,False,False
outer_1,completed,ac2a01f9a30250c777f6,11,10,False,False
outer_1,completed,a14e28ab221e7c6b0cf0,11,10,False,False
outer_1,completed,9f5db1d6619acbc80fb0,11,10,False,False
outer_1,completed,07bd81249aa08970bd1b,11,10,False,False
outer_1,completed,9b3d4e5ff4e7b8dcba35,11,10,False,False
outer_1,completed,83f3b4b44cc6ba8a65e5,11,10,False,False
outer_1,completed,232a6683348d4e27f2a9,0,0,True,False
outer_1,completed,249ccd65a4db0e5417cc,0,0,True,False
outer_1,completed,a670cb587012088fbb8c,0,0,True,False
outer_1,completed,026ceaf0f89479f16cb8,0,0,True,False
outer_1,completed,d71ced71c5ac5cebf74c,0,0,True,False
outer_1,completed,4366680378e4922e613b,11,10,False,False
outer_1,completed,f357b40fb690795f524d,11,10,False,False
outer_1,completed,0b02932c086bc19213b1,11,10,False,False
outer_1,completed,6b21f2b426ec8114b836,11,10,False,False
outer_1,completed,b58d52f076282da2150b,11,10,False,False
outer_1,completed,8a74b53735baa3c414bd,11,10,False,False
outer_1,completed,946f249cc3b55881d819,11,10,False,False
outer_1,completed,ebc5e73875c767fc7926,11,10,False,False
outer_1,completed,501f0de7dc78d96bd590,11,10,False,False
outer_1,completed,7d105b5cb68d2b848f39,11,10,False,False
outer_1,completed,4ba08d969658aeaef3a9,11,10,False,False
outer_1,completed,346aa3e3d00923f48e24,11,10,False,False
outer_1,completed,96e67dca579d18e414bd,11,10,False,False
outer_1,completed,01a43793bca459b76dd7,11,10,False,False
outer_1,completed,1c428400655c47962554,11,10,False,False
outer_1,completed,6e69310cdbfaeecb8c9f,11,10,False,False
outer_1,completed,463c63aa204169499b4e,11,10,False,False
outer_1,completed,a72088cc6750ee9acce5,11,10,False,False
outer_1,completed,eae81cd3c4fff458bc78,11,10,False,False
outer_1,completed,b99f713dab5ef8052e5c,11,10,False,False
outer_1,completed,ae2575d351e4aca9152f,11,10,False,False
outer_1,completed,645b657a562636c2ba57,11,10,False,False
outer_1,completed,2c181a3965b4ca0855a8,11,10,False,False
outer_1,completed,ff66ff9897b20fd5000a,11,10,False,False
outer_1,completed,077a12ae64b1141dc245,11,10,False,False
outer_1,completed,e906848098a3722fd1f6,11,10,False,False
outer_1,completed,214cbeef12c43fd036e6,11,10,False,False
outer_1,completed,f1db95fa71203a471519,11,10,False,False
outer_1,completed,fd93a0e8f601dcd699f4,11,10,False,False
outer_1,completed,5f114645663b5c02602d,11,10,False,False
outer_1,completed,ad58f61e30539ce0e733,11,10,False,False
outer_1,completed,b31da3129d712e94bfeb,11,10,False,False
outer_1,completed,4b157c9cd981716d9872,11,10,False,False
outer_1,completed,c6b0711f76649d2db796,11,10,False,False
outer_1,completed,b54734756f0204c9aecc,11,10,False,False
outer_1,completed,c32b10ed44fdae7c5c27,11,10,False,False
outer_1,completed,1a2d2d413f81d77e4896,11,10,False,False
outer_1,completed,d202183f39579a9827e5,11,10,False,False
outer_1,completed,35403d66cd84f083e98b,11,10,False,False
outer_1,completed,53c2b601098e6ce52f38,11,10,False,False
outer_1,completed,150fd4ad0a7318cffede,11,10,False,False
outer_1,completed,87ed814c92b9d320f4f5,11,10,False,False
outer_1,completed,e8697465455ff7682aa2,11,10,False,False
outer_1,completed,f9f678a89c308db21acc,11,10,False,False
outer_1,completed,ecf7d8cb3c136c1e4b2c,11,10,False,False
outer_1,completed,2b081f335e8e2134b787,11,10,False,False
outer_1,completed,cfdbe5dbbf299d54b181,11,10,False,False
outer_1,completed,d9fbe2f3d9d142a0a785,11,10,False,False
outer_1,completed,1148db8c9700e408e88f,11,10,False,False
outer_1,retrospective,6e12493812a5f565ce96,0,10,True,False
outer_1,retrospective,bccda63c87bec0a47d9c,0,10,True,False
outer_1,retrospective,3abcf2a307208ba996a4,0,10,True,False
outer_1,retrospective,aabfebf8e14b506d8151,0,10,True,False
outer_1,retrospective,351473c7e4037343d255,0,10,True,False
outer_1,retrospective,eaa7a669dfe8f22214a4,0,10,True,False
outer_1,retrospective,d0e1b9e587a5a312fad4,0,10,True,False
outer_1,retrospective,69608816b1a4f857c209,0,10,True,False
outer_1,retrospective,8a0ffc2f2fee8840281a,0,10,True,False
outer_1,retrospective,36c33a438518ee36f0ea,0,10,True,False
outer_1,retrospective,b886a352d8b662dc1118,0,10,True,False
outer_1,retrospective,e1d70ef84f51e97ba0b7,0,10,True,False
outer_1,retrospective,06c4e2ce0edf6cb6963e,0,10,True,False
outer_1,retrospective,1202e8a96e82096f8f00,0,10,True,False
outer_1,retrospective,d7436ce2f1d8c85543ee,0,10,True,False
outer_1,retrospective,7961971dc74deb9a0ca0,0,10,True,False
outer_1,retrospective,992be32d31162a019ccb,0,10,True,False
outer_1,retrospective,6242717d11439aa52fa0,0,10,True,False
outer_1,retrospective,7f904efd7bcecf749eaa,0,10,True,False
outer_1,retrospective,0dcde823a8ec97462306,0,10,True,False
outer_1,retrospective,54ea818ed17d5c548e38,0,10,True,False
outer_1,retrospective,fd8805cdd710fc87a674,0,10,True,False
outer_1,retrospective,a9bcbd71b5af4b4cbfaf,0,10,True,False
outer_1,retrospective,dde928a156646f905507,0,10,True,False
outer_1,retrospective,8c13374f71f9648f9867,0,10,True,False
outer_1,retrospective,d7d7474c81d8e5810c15,0,10,True,False
outer_1,retrospective,4907a2a11e59261d4b86,0,10,True,False
outer_1,retrospective,eb66e937c4abfef983d0,0,10,True,False
outer_1,retrospective,e559fce816f947034c61,0,10,True,False
outer_1,retrospective,9a132ed310956d20af13,0,10,True,False
outer_1,retrospective,f799f0e4bb0a091815b2,0,10,True,False
outer_1,retrospective,1138e94a205a683256cf,0,10,True,False
outer_1,retrospective,369c1a3e76aa298f75dd,0,10,True,False
outer_1,retrospective,cf79490e0df97330ab40,0,10,True,False
outer_1,retrospective,832e2588b27dc2e612fc,0,10,True,False
outer_1,retrospective,50aa94e96643de7fceb8,0,10,True,False
outer_1,retrospective,7bc16dc775f95f5d944e,0,10,True,False
outer_1,retrospective,0678b9ab06824fc69616,0,10,True,False
outer_1,retrospective,6420ef7bdddd242ad55b,0,10,True,False
outer_1,retrospective,7920a0d1b98d1a5a5ca0,0,10,True,False
outer_1,retrospective,ca22bd9c693d68fbfc84,0,10,True,False
outer_1,retrospective,000b67a33cdcbc155900,0,10,True,False
outer_1,retrospective,99694582627db5eac6f7,11,10,False,False
outer_1,retrospective,f19f88377bd0d8b884e1,11,10,False,False
outer_1,retrospective,3225fbe683f80629efd5,11,10,False,False
outer_1,retrospective,e131cc41ea8524d1629f,11,10,False,False
outer_1,retrospective,81c93a9e934cd5dede62,11,10,False,False
outer_1,retrospective,896cab0a053befe11756,11,10,False,False
outer_1,retrospective,6fc936bb6e7f368a71df,11,10,False,False
outer_1,retrospective,ce3d735450dfb39a196d,11,10,False,False
outer_1,retrospective,b62804204abe967f751b,11,10,False,False
outer_1,retrospective,43d43004e1361046a2d2,11,10,False,False
outer_1,retrospective,95c0fd755d28dfa821d2,11,10,False,False
outer_1,retrospective,cf940371bd9d2b4b7dc2,11,10,False,False
outer_1,retrospective,e0cd442c50e5a3e7e2f6,11,10,False,False
outer_1,retrospective,9892aebc496b8c30396f,11,10,False,False
outer_1,retrospective,dbb97bd860b35b988605,11,10,False,False
outer_1,retrospective,e87d1e0e287770eecc18,0,10,True,False
outer_1,retrospective,7de48eddc1f0dfad428c,0,10,True,False
outer_1,retrospective,0feeab459b593fbc7109,0,10,True,False
outer_1,retrospective,0d96d91794ce02f241f3,0,10,True,False
outer_1,retrospective,604166380eea48f56e08,0,10,True,False
outer_1,retrospective,4213fd95ba889f05b3e3,0,10,True,False
outer_1,retrospective,4bf74bda0fe45c3d3f8a,0,10,True,False
outer_1,retrospective,908f26b5aea2026fe886,0,10,True,False
outer_1,retrospective,e0a83a4b3d883c6568a4,0,10,True,False
outer_1,retrospective,4f407813036e97c8c1e3,0,10,True,False
outer_1,retrospective,20ada1fd451fd52f2487,0,10,True,False
outer_1,retrospective,b6cf1056d85e85d87180,0,10,True,False
outer_1,retrospective,617da4afc484fdac16a6,0,10,True,False
outer_1,retrospective,47a204f9bce64badc93f,0,10,True,False
outer_1,retrospective,a2bcb3405da14fc0bf92,0,10,True,False
outer_1,retrospective,05a4efe762b01424380c,0,10,True,False
outer_1,retrospective,384cabcdcceb45e7da80,0,10,True,False
outer_1,retrospective,a505917d2cc5495becf4,0,10,True,False
outer_1,retrospective,055e9911a732cd1fdc25,0,10,True,False
outer_1,retrospective,dc3ff52d226cb1d0aefa,0,10,True,False
outer_1,retrospective,1629729e0fe0c5fb0d32,0,10,True,False
outer_1,retrospective,922be344129971de50c7,0,10,True,False
outer_1,retrospective,a1d181db38599ffc4359,0,10,True,False
outer_1,retrospective,86db30e35a0ce85b6ed6,0,10,True,False
outer_1,retrospective,4abc8298bb50038dc92b,0,10,True,False
outer_1,retrospective,8754fc601ed76c81ca24,0,10,True,False
outer_1,retrospective,d431b83c68b38d11a665,0,10,True,False
outer_1,retrospective,35be7ae96caebd3f8300,0,10,True,False
outer_1,retrospective,b718604e2c640dea31a4,0,10,True,False
outer_1,retrospective,dc69701edc52194df999,0,10,True,False
outer_1,retrospective,7ee82e5bf278b2c022c4,0,10,True,False
outer_1,retrospective,5156ea8b50ec183daa62,0,10,True,False
outer_1,retrospective,6c9290b08f3a0c0527d9,0,10,True,False
outer_1,retrospective,331848a62a8fa856e1d5,0,10,True,False
outer_1,retrospective,98ced23d7983859e0643,0,10,True,False
outer_1,retrospective,4aca41df79afcd61ba2d,11,10,False,False
outer_1,retrospective,7c0f8fa7d25069cce2f4,11,10,False,False
outer_1,retrospective,26cf2a4e83eee3c05ec4,11,10,False,False
outer_1,retrospective,d3092cba8d884568afdf,11,10,False,False
outer_1,retrospective,31582f7c899a1f3c1fb1,11,10,False,False
outer_1,retrospective,4c30a2a3bec5b73ce480,11,10,False,False
outer_1,retrospective,44ca8cf4622f390ef5cc,11,10,False,False
outer_1,retrospective,93b717a33233dbfe4f46,11,10,False,False
outer_1,retrospective,8cadb673facd04f029a8,11,10,False,False
outer_1,retrospective,484c2cbb0d10dbd3f2f4,11,10,False,False
outer_1,retrospective,a50156542e6bc297039e,11,10,False,False
outer_1,retrospective,4ff6b138b24112ab8551,11,10,False,False
outer_1,retrospective,1818e45ba019a75453f6,11,10,False,False
outer_1,retrospective,23842f95fd3a7da4fb0b,0,10,True,False
outer_1,retrospective,5bd2a295ba68e67b7fc2,0,10,True,False
outer_1,retrospective,e6209cec44f6048f16e2,0,10,True,False
outer_1,retrospective,839b5afd3e23e8db6ee5,0,10,True,False
outer_1,retrospective,ecd3ba2608fb2399ba6a,0,10,True,False
outer_1,retrospective,e071dc5879ac2b8539da,0,10,True,False
outer_1,retrospective,d2eb7335736fc246ed20,0,10,True,False
outer_1,retrospective,5d42af44d7b56c730459,0,10,True,False
outer_1,retrospective,88f50a87aac0f4d8592e,0,10,True,False
outer_1,retrospective,dc0cc2166e18c4e01729,0,10,True,False
outer_1,retrospective,eaa8630c9a0b5920d8b9,11,10,False,False
outer_1,retrospective,8e5300994f69e6b96312,11,10,False,False
outer_1,retrospective,7b52443c6ef079982863,11,10,False,False
outer_1,retrospective,b93a8714edc5c96f73ac,11,10,False,False
outer_1,retrospective,9fbe3936f10b6a9f0281,11,10,False,False
outer_1,retrospective,6c91edf1dc95b871af94,11,10,False,False
outer_1,retrospective,dafd44a7af32b801273e,11,10,False,False
outer_1,retrospective,08572660e64035e3b025,11,10,False,False
outer_1,retrospective,d784ed644f6403512b42,11,10,False,False
outer_1,retrospective,891f226e3de83444ba21,11,10,False,False
outer_1,retrospective,b162dfa62f761101916c,11,10,False,False
outer_1,retrospective,f62ac62dc534987b486d,11,10,False,False
outer_1,retrospective,d8a8a5ac223d16cde7c9,11,10,False,False
outer_1,retrospective,1c21cbda450117f3dbe1,11,10,False,False
outer_1,retrospective,0a4333505a360df50de5,11,10,False,False
outer_1,retrospective,2cc9f743a38d0bc99eb0,11,10,False,False
outer_1,retrospective,a83ec6ac63baa16ee40b,11,10,False,False
outer_1,retrospective,8e6c9a3e6bd14816afbe,11,10,False,False
outer_1,retrospective,ad29b7b358cc23b89556,11,10,False,False
outer_1,retrospective,151bf405e2150a4a76e8,11,10,False,False
outer_1,retrospective,896fb7e14fa8c6a72f60,11,10,False,False
outer_1,retrospective,32d9945de5de091250c5,11,10,False,False
outer_1,retrospective,a8c4cadd9d74b449ab6d,11,10,False,False
outer_1,retrospective,f0c695403a173be41196,11,10,False,False
outer_1,retrospective,65fc625403b28db7f17f,11,10,False,False
outer_1,retrospective,ac0aa4e8d7dfa09fee1e,11,10,False,False
outer_1,retrospective,b61a613648884471b1ab,11,10,False,False
outer_1,retrospective,8f4e8040adbddafda143,11,10,False,False
outer_1,retrospective,25bd81cd20c599ddb41a,11,10,False,False
outer_1,retrospective,9933232eb1c660f9221c,11,10,False,False
outer_1,retrospective,459a85e7607c12729c7d,11,10,False,False
outer_1,retrospective,b3462bbfd008bf27aaf0,11,10,False,False
outer_1,retrospective,dbf35d515a806b235b74,11,10,False,False
outer_1,retrospective,fbbec3be6d0bbac8d7d0,11,10,False,False
outer_1,retrospective,5ec10f5d5c9ce8df7f5d,11,10,False,False
outer_1,retrospective,5a5215d84a49f7812488,11,10,False,False
outer_1,retrospective,afd0f1c92ef4e9c35934,11,10,False,False
outer_1,retrospective,c8a736a5e6670d0711a1,11,10,False,False
outer_1,retrospective,3328d0ed5c1d7e8a96db,11,10,False,False
outer_1,retrospective,572b0d85d1a269526324,11,10,False,False
outer_1,retrospective,7dbbfcfe6573aa7baa92,11,10,False,False
outer_1,retrospective,4279476baffb621649d9,11,10,False,False
outer_1,retrospective,20800c07e1802ae72dc1,11,10,False,False
outer_1,retrospective,9bc18f533a9ebd0bbf4d,11,10,False,False
outer_1,retrospective,7f450f67115e2887dc83,11,10,False,False
outer_1,retrospective,41d50a7c83d1bf7c4b96,11,10,False,False
outer_1,retrospective,d3a31746ae8129f1542b,11,10,False,False
outer_1,retrospective,a115d5458653bf54403e,11,10,False,False
outer_1,retrospective,d5df67c39295e6b33d37,11,10,False,False
outer_1,retrospective,f5d80118c51d41c216b4,11,10,False,False
outer_1,retrospective,1a97382f78c1b0eeb39d,11,10,False,False
outer_1,retrospective,42d9fc890a31488584f8,11,10,False,False
outer_1,retrospective,2be9803bbdbf02137071,0,10,True,False
outer_1,retrospective,faf9b118b6bb6efefe7e,0,10,True,False
outer_1,retrospective,cffaf60b05aca089e80d,0,10,True,False
outer_1,retrospective,6d54594b80801a7f0163,0,10,True,False
outer_1,retrospective,35ebfd06335c31593335,0,10,True,False
outer_1,retrospective,a977f34f9236cdacff16,0,10,True,False
outer_1,retrospective,d2d996299d0391e7d6fc,0,10,True,False
outer_1,retrospective,e987ea7f07fb8a25b0dd,0,10,True,False
outer_1,retrospective,abd2d498ddc961fb5dc1,0,10,True,False
outer_1,retrospective,3e8fc3c783193cad51dd,0,10,True,False
outer_1,retrospective,8b02b17c76920c23a405,0,10,True,False
outer_1,retrospective,d8d132b69ad481892b4a,0,10,True,False
outer_1,retrospective,8a0e21deec15547d6452,0,10,True,False
outer_1,retrospective,5967fa72261c0fd8db68,0,10,True,False
outer_1,retrospective,1d00227e7a238234e187,0,10,True,False
outer_1,retrospective,5fe6dba94c362366a1f5,0,10,True,False
outer_1,retrospective,3b03297e1603ab9b5488,0,10,True,False
outer_1,retrospective,5b1b682b0465237b3156,0,10,True,False
outer_1,retrospective,9b4c85f86c219eb6cf56,0,10,True,False
outer_1,retrospective,68495d6c21e8fa63fb20,0,10,True,False
outer_1,retrospective,f762b66e2365dad1ec3b,0,10,True,False
outer_1,retrospective,8d5b52254a54ef95fcae,0,10,True,False
outer_1,retrospective,aacc07fb34b57f2be4b7,0,10,True,False
outer_1,retrospective,aa833edfcfe52111805a,0,10,True,False
outer_1,retrospective,d526e090eb99bb64a8e6,0,10,True,False
outer_1,retrospective,a5e6e66b9b2c6cb855ef,0,10,True,False
outer_1,retrospective,44e52ff08d7fb0d81b3c,0,10,True,False
outer_1,retrospective,92ab94f2d7cb1cf50313,0,10,True,False
outer_1,retrospective,7ecd59b97bf6a9ca99f7,11,10,False,False
outer_1,retrospective,5e5d579570007a23d7eb,0,10,True,False
outer_1,retrospective,126cd89115fe38621500,0,10,True,False
outer_1,retrospective,b389505019dd9940d414,0,10,True,False
outer_1,retrospective,3d8d5ab81cd414c139d6,0,10,True,False
outer_1,retrospective,63f53d160afb7ded1c8e,0,10,True,False
outer_1,retrospective,deb8c56a8a065bc563f4,0,10,True,False
outer_1,retrospective,bbab691563db880b1976,0,10,True,False
outer_1,retrospective,db52fd4d3e5abf26f054,0,10,True,False
outer_1,retrospective,c9df686eb8d8acd2012e,0,10,True,False
outer_1,retrospective,71bb64b6261727ce389a,0,10,True,False
outer_1,retrospective,7d57d322a34aef2fef83,0,10,True,False
outer_1,retrospective,04322e7ae01b4680d35d,0,10,True,False
outer_1,retrospective,9e55e27c51b3f1468e8b,0,10,True,False
outer_1,retrospective,b3721b210ceb79b9df6d,0,10,True,False
outer_1,retrospective,26fdf7a5d5011647b6ef,0,10,True,False
outer_1,retrospective,6bef49db4e5a38a0503c,0,10,True,False
outer_1,retrospective,5cfa9f94fcf3ede8b23c,0,10,True,False
outer_1,retrospective,93659f4971aae77e7cd5,0,10,True,False
outer_1,retrospective,58336438c8353884b0b8,0,10,True,False
outer_1,retrospective,e9e1d21267a96c705e79,11,10,False,False
outer_1,retrospective,9d612778fac72ebccef2,11,10,False,False
outer_1,retrospective,07f829e49f3308e6a223,11,10,False,False
outer_1,retrospective,6ea75e8be0c5e05fade9,11,10,False,False
outer_1,retrospective,014746cf9bda1cedc2ba,11,10,False,False
outer_1,retrospective,3cb9401b01865f958ecf,11,10,False,False
outer_1,retrospective,0044f341f2ed7a7e2879,11,10,False,False
outer_1,retrospective,0cc7df66f21a215c275f,0,10,True,False
outer_1,retrospective,157cfe1a8fbfae31fc89,0,10,True,False
outer_1,retrospective,8e52c26bcfb416bff2f8,11,10,False,False
outer_1,retrospective,31016af190891e229488,11,10,False,False
outer_1,retrospective,9ff293ca42a9fac00c5a,11,10,False,False
outer_1,retrospective,92c623cbf5e9c180e8c2,11,10,False,False
outer_1,retrospective,c4079f7d9a90b61e1614,11,10,False,False
outer_1,retrospective,77d1121be7058f070273,11,10,False,False
outer_1,retrospective,c2f47b6c3132908e5a24,11,10,False,False
outer_1,retrospective,c322b8b6d189bae903b5,11,10,False,False
outer_1,retrospective,3af4fea4fd4d16a1c8d0,11,10,False,False
outer_1,retrospective,978d7dfbcad827d43e20,11,10,False,False
outer_1,retrospective,db891fa442af8a6a5dfe,11,10,False,False
outer_1,retrospective,6f0a92816c260d2ea1e9,11,10,False,False
outer_1,retrospective,7c13d2432c634987725e,11,10,False,False
outer_1,retrospective,81816c0a630607bac6d3,11,10,False,False
outer_1,retrospective,15274e5fcfce12399d51,0,10,True,False
outer_1,retrospective,f827f379764054182ee9,0,10,True,False
outer_1,retrospective,1499c2dd93f8e8cbe1e6,0,10,True,False
outer_1,retrospective,3f73b270dd060d578744,0,10,True,False
outer_1,retrospective,f421c7824f84b832854a,0,10,True,False
outer_1,retrospective,51a8b87e67e7a8e117df,0,10,True,False
outer_1,retrospective,dd4f7511da669e1e8921,0,10,True,False
outer_1,retrospective,f4fcbba6a2e4bd16e86c,0,10,True,False
outer_1,retrospective,e2425effe6f8b87bc1da,0,10,True,False
outer_1,retrospective,07b2774780725ea70ec3,0,10,True,False
outer_1,retrospective,890bda2cd26c56112984,0,10,True,False
outer_1,retrospective,29f2b1d692273af97fc0,0,10,True,False
outer_1,retrospective,adfeaaec868f9d11d4c4,0,10,True,False
outer_1,retrospective,3b3a53146ff566af5f7f,0,10,True,False
outer_1,retrospective,e561bd23db390378bee2,0,10,True,False
outer_1,retrospective,1ac8326c8db4c91be72f,0,10,True,False
outer_1,retrospective,aede433804b64a18412d,0,10,True,False
outer_1,retrospective,f5f6fdd193983f3f8ecf,0,10,True,False
outer_1,retrospective,f2e5d88ece8b3eedfce3,0,10,True,False
outer_1,retrospective,63ba871fc9fe944f0869,0,10,True,False
outer_1,retrospective,849539601ba6b19ebefe,0,10,True,False
outer_1,retrospective,9cee72fb44a3445f1d9a,0,10,True,False
outer_1,retrospective,8ba6778e1c3d41bb7abe,0,10,True,False
outer_1,retrospective,f78ed3d20c9b90c5f940,0,10,True,False
outer_1,retrospective,b5a56f1b24b1ffe1b9c3,0,10,True,False
outer_1,retrospective,b5b29876bfdd19f50eaa,0,10,True,False
outer_1,retrospective,0420a570f80294a53cb8,11,10,False,False
outer_1,retrospective,e1d58c167e96659a5af8,11,10,False,False
outer_1,retrospective,a003ff939c8c40162945,0,10,True,False
outer_1,retrospective,67609a88b555736a810d,0,10,True,False
outer_1,retrospective,3eb5c960ba760ad6f8d0,0,10,True,False
outer_1,retrospective,20d4131148d7a6784e03,0,10,True,False
outer_1,retrospective,13fda668de668cb89442,0,10,True,False
outer_1,retrospective,c820c4f1afe47cb51113,0,10,True,False
outer_1,retrospective,e2ed572c94573a3a9b3f,11,10,False,False
outer_1,retrospective,5ed80e7586cbde7cf1a5,11,10,False,False
outer_1,retrospective,a227c836484067740bbf,11,10,False,False
outer_1,retrospective,99ae8b780ca33195500f,11,10,False,False
outer_1,retrospective,05e91efcdd396502efce,11,10,False,False
outer_1,retrospective,c050a6c620e770513657,11,10,False,False
outer_1,retrospective,60b45564bbfba6195bda,11,10,False,False
outer_1,retrospective,92a9ba3a3462d74fa765,11,10,False,False
outer_1,retrospective,bb87749ca11c8676997b,11,10,False,False
outer_1,retrospective,777ffd5adb682574ea5d,11,10,False,False
outer_1,retrospective,469fe532a3eb0c1295ef,11,10,False,False
outer_1,retrospective,acecdfd90daf157bf752,11,10,False,False
outer_1,retrospective,1c6e4907a950418bc00c,11,10,False,False
outer_1,retrospective,1c3fed56ec689cd57c10,11,10,False,False
outer_1,retrospective,1553a3a5391275d7109d,11,10,False,False
outer_1,retrospective,00289eb3ee0e7914fdc2,11,10,False,False
outer_1,retrospective,3f5bfa850d18f20d4fb2,11,10,False,False
outer_1,retrospective,a7aa024b03136b75207c,11,10,False,False
outer_1,retrospective,a409009e64a69ad11399,11,10,False,False
outer_1,retrospective,c105463e7c9c436e5eaa,11,10,False,False
outer_1,retrospective,7cbe15e73e08d27d2372,11,10,False,False
outer_1,retrospective,d4a9c565f0a055d7ee67,11,10,False,False
outer_1,retrospective,a515fb8a36b29d7016ce,11,10,False,False
outer_1,retrospective,9c2030ee3d15c0cc9319,11,10,False,False
outer_1,retrospective,21117a366efd44d968f6,11,10,False,False
outer_1,retrospective,b026833f4b1f1776dd36,11,10,False,False
outer_1,retrospective,b3c7600fe9562fe38a90,11,10,False,False
outer_1,retrospective,a650668bad53ca970e9e,11,10,False,False
outer_1,retrospective,2ffa551c4372254f2de0,11,10,False,False
outer_1,retrospective,95f3b01e549a5cad615b,11,10,False,False
outer_1,retrospective,8b111f0642b1df7ca768,11,10,False,False
outer_1,retrospective,32a81843125fe49a9351,11,10,False,False
outer_1,retrospective,3fbac532c45b9fbe0efa,11,10,False,False
outer_1,retrospective,de259ed48afe0ce9c8ba,11,10,False,False
outer_1,retrospective,20613d7aca4cdedd96ba,11,10,False,False
outer_1,retrospective,dd01f6bcecf2b5f8c921,11,10,False,False
outer_1,retrospective,a01794651794e191cc5a,11,10,False,False
outer_1,retrospective,f1a75cb50c4e50cdb7eb,11,10,False,False
outer_1,retrospective,4071d38d9469e642c058,11,10,False,False
outer_1,retrospective,486594a855261fa51b98,11,10,False,False
outer_1,retrospective,0c802fc5e699bf24205a,11,10,False,False
outer_1,retrospective,ae5f4795f2fe74afd98f,11,10,False,False
outer_1,retrospective,4decafc842da4589c822,11,10,False,False
outer_1,retrospective,5ab95d62eea5eb327903,11,10,False,False
outer_1,retrospective,a08656d04d877566ae1d,11,10,False,False
outer_1,retrospective,3bd1069c1c829a2ca0da,11,10,False,False
outer_1,retrospective,184127e4e5651dda328e,11,10,False,False
outer_1,retrospective,f655dc637452f9c5a852,11,10,False,False
outer_1,retrospective,7936d91f10be14d89df3,11,10,False,False
outer_1,retrospective,a6ea3a5b7e17f4452ed0,11,10,False,False
outer_1,retrospective,62ad76e41df98f70c93c,11,10,False,False
outer_1,retrospective,ac0b0c81d467e908f262,11,10,False,False
outer_1,retrospective,a3519f13d3ccdc285be7,11,10,False,False
outer_1,retrospective,131f71857e15beaa08c8,11,10,False,False
outer_1,retrospective,8531431ffe492888c267,11,10,False,False
outer_1,retrospective,10b5904fe5ce49a2796f,11,10,False,False
outer_1,retrospective,35292bc2d4708164da65,11,10,False,False
outer_1,retrospective,7855ae0bf8f9ad2effaf,11,10,False,False
outer_1,retrospective,e54155adfb9471aff7ca,11,10,False,False
outer_1,retrospective,1da46472d0cce76de1b1,11,10,False,False
outer_1,retrospective,7873624402d6532f9c5b,0,10,True,False
outer_1,retrospective,35e3163e719ec20a4abd,0,10,True,False
outer_1,retrospective,a41bd88cf4e35fac70a6,11,10,False,False
outer_1,retrospective,45337b9b296890b81a16,0,10,True,False
outer_1,retrospective,b72eb1ed73657abe1fce,11,10,False,False
outer_1,retrospective,8f0d2eddf7b9972da0c3,11,10,False,False
outer_1,retrospective,95355cf05bb2db94746e,11,10,False,False
outer_1,retrospective,709ff2ea49fe5500be3a,11,10,False,False
outer_1,retrospective,d9cca12d00dba90697eb,11,10,False,False
outer_1,retrospective,a173916dd2535b568526,11,10,False,False
outer_1,retrospective,753519206c6ace8cb4f2,0,10,True,False
outer_1,retrospective,5562499b641799ab7cbf,0,10,True,False
outer_1,retrospective,5e1077bbc2eb3af2bce1,0,10,True,False
outer_1,retrospective,e7266baa7d644aad6d4b,0,10,True,False
outer_1,retrospective,6a7ef087155f7c7b2dd7,0,10,True,False
outer_1,retrospective,02baed5ef02aaccba791,0,10,True,False
outer_1,retrospective,0df5f5e814a00340b59e,0,10,True,False
outer_1,retrospective,5ddb1de8cc3645ec9366,0,10,True,False
outer_1,retrospective,584c47a8018f515fa33a,0,10,True,False
outer_1,retrospective,83239fd4a5f485c8b414,0,10,True,False
outer_1,retrospective,bd0dd8d3b8c2336c41ac,0,10,True,False
outer_1,retrospective,85dd5eea159e4083856a,0,10,True,False
outer_1,retrospective,1b632f79cdf34336102c,0,10,True,False
outer_1,retrospective,c7b74edf5ce87398abba,0,10,True,False
outer_1,retrospective,dcca3a86574439567516,0,10,True,False
outer_1,retrospective,2d9c809ebe1b670aa2d1,0,10,True,False
outer_1,retrospective,925307cac0e796be78da,0,10,True,False
outer_1,retrospective,86ac239e77795e929604,0,10,True,False
outer_1,retrospective,0115301c9e660b8ffa1e,0,10,True,False
outer_1,retrospective,7bda927c513341193d91,0,10,True,False
outer_1,retrospective,f7577526d5ae0dc9edef,0,10,True,False
outer_1,retrospective,492e86711e0d37f5d1a2,0,10,True,False
outer_1,retrospective,b54cc4192e8c5f3e43dc,0,10,True,False
outer_1,retrospective,826616f1d294a4657f5c,0,10,True,False
outer_1,retrospective,e4d3cd5696ad20c15da5,0,10,True,False
outer_1,retrospective,476302e46c75e9e08aff,0,10,True,False
outer_1,retrospective,812038f79990351cb0f0,0,10,True,False
outer_1,retrospective,4e78c040d91b09dda2d7,0,10,True,False
outer_1,retrospective,e861f68ddc022843668e,0,10,True,False
outer_1,retrospective,a50b209d91552b58d817,0,10,True,False
outer_1,retrospective,82f7c7af9ac6b731fd52,11,10,False,False
outer_1,retrospective,12cd5a5f311d203df301,11,10,False,False
outer_1,retrospective,ac2a01f9a30250c777f6,11,10,False,False
outer_1,retrospective,a14e28ab221e7c6b0cf0,11,10,False,False
outer_1,retrospective,9f5db1d6619acbc80fb0,11,10,False,False
outer_1,retrospective,07bd81249aa08970bd1b,11,10,False,False
outer_1,retrospective,9b3d4e5ff4e7b8dcba35,11,10,False,False
outer_1,retrospective,83f3b4b44cc6ba8a65e5,11,10,False,False
outer_1,retrospective,232a6683348d4e27f2a9,0,10,True,False
outer_1,retrospective,249ccd65a4db0e5417cc,0,10,True,False
outer_1,retrospective,a670cb587012088fbb8c,0,10,True,False
outer_1,retrospective,026ceaf0f89479f16cb8,0,10,True,False
outer_1,retrospective,d71ced71c5ac5cebf74c,0,10,True,False
outer_1,retrospective,4366680378e4922e613b,11,10,False,False
outer_1,retrospective,f357b40fb690795f524d,11,10,False,False
outer_1,retrospective,0b02932c086bc19213b1,11,10,False,False
outer_1,retrospective,6b21f2b426ec8114b836,11,10,False,False
outer_1,retrospective,b58d52f076282da2150b,11,10,False,False
outer_1,retrospective,8a74b53735baa3c414bd,11,10,False,False
outer_1,retrospective,946f249cc3b55881d819,11,10,False,False
outer_1,retrospective,ebc5e73875c767fc7926,11,10,False,False
outer_1,retrospective,501f0de7dc78d96bd590,11,10,False,False
outer_1,retrospective,7d105b5cb68d2b848f39,11,10,False,False
outer_1,retrospective,4ba08d969658aeaef3a9,11,10,False,False
outer_1,retrospective,346aa3e3d00923f48e24,11,10,False,False
outer_1,retrospective,96e67dca579d18e414bd,11,10,False,False
outer_1,retrospective,01a43793bca459b76dd7,11,10,False,False
outer_1,retrospective,1c428400655c47962554,11,10,False,False
outer_1,retrospective,6e69310cdbfaeecb8c9f,11,10,False,False
outer_1,retrospective,463c63aa204169499b4e,11,10,False,False
outer_1,retrospective,a72088cc6750ee9acce5,11,10,False,False
outer_1,retrospective,eae81cd3c4fff458bc78,11,10,False,False
outer_1,retrospective,b99f713dab5ef8052e5c,11,10,False,False
outer_1,retrospective,ae2575d351e4aca9152f,11,10,False,False
outer_1,retrospective,645b657a562636c2ba57,11,10,False,False
outer_1,retrospective,2c181a3965b4ca0855a8,11,10,False,False
outer_1,retrospective,ff66ff9897b20fd5000a,11,10,False,False
outer_1,retrospective,077a12ae64b1141dc245,11,10,False,False
outer_1,retrospective,e906848098a3722fd1f6,11,10,False,False
outer_1,retrospective,214cbeef12c43fd036e6,11,10,False,False
outer_1,retrospective,f1db95fa71203a471519,11,10,False,False
outer_1,retrospective,fd93a0e8f601dcd699f4,11,10,False,False
outer_1,retrospective,5f114645663b5c02602d,11,10,False,False
outer_1,retrospective,ad58f61e30539ce0e733,11,10,False,False
outer_1,retrospective,b31da3129d712e94bfeb,11,10,False,False
outer_1,retrospective,4b157c9cd981716d9872,11,10,False,False
outer_1,retrospective,c6b0711f76649d2db796,11,10,False,False
outer_1,retrospective,b54734756f0204c9aecc,11,10,False,False
outer_1,retrospective,c32b10ed44fdae7c5c27,11,10,False,False
outer_1,retrospective,1a2d2d413f81d77e4896,11,10,False,False
outer_1,retrospective,d202183f39579a9827e5,11,10,False,False
outer_1,retrospective,35403d66cd84f083e98b,11,10,False,False
outer_1,retrospective,53c2b601098e6ce52f38,11,10,False,False
outer_1,retrospective,150fd4ad0a7318cffede,11,10,False,False
outer_1,retrospective,87ed814c92b9d320f4f5,11,10,False,False
outer_1,retrospective,e8697465455ff7682aa2,11,10,False,False
outer_1,retrospective,f9f678a89c308db21acc,11,10,False,False
outer_1,retrospective,ecf7d8cb3c136c1e4b2c,11,10,False,False
outer_1,retrospective,2b081f335e8e2134b787,11,10,False,False
outer_1,retrospective,cfdbe5dbbf299d54b181,11,10,False,False
outer_1,retrospective,d9fbe2f3d9d142a0a785,11,10,False,False
outer_1,retrospective,1148db8c9700e408e88f,11,10,False,False
outer_2,completed,58d2128e80e980fb65f7,11,10,False,False
outer_2,completed,c5a68946811d7daf9335,11,10,False,False
outer_2,completed,8b1c29a1423d15e26b2e,11,10,False,False
outer_2,completed,cc330b21069ce233a312,11,10,False,False
outer_2,completed,23bf2526d9298b1c59e7,11,10,False,False
outer_2,completed,babfa55828fc20dc9a60,11,10,False,False
outer_2,completed,86d5fb96aabf970f84f3,11,10,False,False
outer_2,completed,bb0dd7a5912b106f987f,11,10,False,False
outer_2,completed,5882794b7178766bee0a,11,10,False,False
outer_2,completed,97f9c228599e29ab12d8,11,10,False,False
outer_2,completed,a7847fa3bbe78a841929,11,10,False,False
outer_2,completed,bcfaabd8932f6a41a5d1,11,10,False,False
outer_2,completed,1381cd73cdb55a253d8b,11,10,False,False
outer_2,completed,83484028921a3cd8bdd9,11,10,False,False
outer_2,completed,f87b0c3484eef599f01f,11,10,False,False
outer_2,completed,3745df199bcb9c623df8,11,10,False,False
outer_2,completed,dceedcc0599c9f1456fb,11,10,False,False
outer_2,completed,ae86376bd8d159b5af53,11,10,False,False
outer_2,completed,2b36e74eee8972d29937,11,10,False,False
outer_2,completed,954211b899d86457e598,11,10,False,False
outer_2,completed,4f2f77208c9608080bc9,11,10,False,False
outer_2,completed,f7c8cf02d36aa2f19ea5,11,10,False,False
outer_2,completed,44efe9583d86c8f0448c,11,10,False,False
outer_2,completed,2f2e9835d7d774428a63,11,10,False,False
outer_2,completed,c96cbb652051044957fc,11,10,False,False
outer_2,completed,f46a3f70c0149e934b41,11,10,False,False
outer_2,completed,0ba79429c868c10331cd,11,10,False,False
outer_2,completed,5f7d1bfdf58e8150426c,11,10,False,False
outer_2,completed,86cb202a491844c659ab,11,10,False,False
outer_2,completed,12a4b5ed0b6b8a3a10a9,11,10,False,False
outer_2,completed,4fbcd165e03e31b39979,11,10,False,False
outer_2,completed,052dfdf198823795f42f,11,10,False,False
outer_2,completed,a8ad6542f6870331adce,11,10,False,False
outer_2,completed,3124ef9179bdcacc09c1,11,10,False,False
outer_2,completed,f7abc27eef963eb31eb1,11,10,False,False
outer_2,completed,a4d9c3231dfa06abe8b6,11,10,False,False
outer_2,completed,bd81b0c2cdeb671bdd4f,11,10,False,False
outer_2,completed,82a322deb1bf1331fdd0,11,10,False,False
outer_2,completed,a018116272abc8c983e3,11,10,False,False
outer_2,completed,baacffc18c6f53221775,11,10,False,False
outer_2,completed,0d91206f7c85a8530372,11,10,False,False
outer_2,completed,ee26fe6bf14fe40dc08c,11,10,False,False
outer_2,completed,1e8ef29836a69cde6b8c,11,10,False,False
outer_2,completed,1eec8fe2ce2deee6e54e,11,10,False,False
outer_2,completed,ed0bfb11db980dd479e8,11,10,False,False
outer_2,completed,d28d4569ee22622fd29a,11,10,False,False
outer_2,completed,816cb621bc388350a78e,11,10,False,False
outer_2,completed,1475bc4111de6282907e,11,10,False,False
outer_2,completed,e355719c4c67dea134e5,11,10,False,False
outer_2,completed,a8c3d9a3ec4869068235,11,10,False,False
outer_2,completed,52e0ed3a4929909ea0ed,11,10,False,False
outer_2,completed,e856741610e562c738e0,11,10,False,False
outer_2,completed,64712815a7e71fa57a11,11,10,False,False
outer_2,completed,39bc51d48f308f4774cd,11,10,False,False
outer_2,completed,eac9c36c0e3c8b2b4683,11,10,False,False
outer_2,completed,7f99b5aeb04d2e3bdbdd,11,10,False,False
outer_2,completed,818bf3b25f89a131bdbc,11,10,False,False
outer_2,completed,0c108de5ae3c026b8689,11,10,False,False
outer_2,completed,7fb29839cd265993a76c,11,10,False,False
outer_2,completed,6b2d1cf68390e08acecb,11,10,False,False
outer_2,completed,0c19d5cdb3fc7cfd0a8d,11,10,False,False
outer_2,completed,79f8aceb3eef28aa4f30,11,10,False,False
outer_2,completed,7746b2d36626e518ee04,11,10,False,False
outer_2,completed,c770af08c0f17b6e9bdd,11,10,False,False
outer_2,completed,9f62e8718070e5ddebf7,11,10,False,False
outer_2,completed,50b54d437dc6a072f285,11,10,False,False
outer_2,completed,ca0203cf136b56fc6d92,11,10,False,False
outer_2,completed,4d1dcf47544ed3a18630,11,10,False,False
outer_2,completed,746b9119d87b4b60baa4,11,10,False,False
outer_2,completed,57c7b26288f03d4156fa,11,10,False,False
outer_2,completed,cdb40a2d284aab937c2b,11,10,False,False
outer_2,completed,e436dc6eb9662fe21e56,11,10,False,False
outer_2,completed,9353997bf3a32d372c6f,11,10,False,False
outer_2,completed,9d6fb49e8976346448ec,11,10,False,False
outer_2,completed,f26ac2a4e652fc070855,11,10,False,False
outer_2,completed,b76198fb59640e9e3832,11,10,False,False
outer_2,completed,4ab46e1630113168c32e,11,10,False,False
outer_2,completed,989124a7172ab0fd138e,11,10,False,False
outer_2,completed,574d9b3aaacf15b93cc0,11,10,False,False
outer_2,completed,5c3e9bc754a12caa93ce,11,10,False,False
outer_2,completed,ce4dbbec0974444ce065,11,10,False,False
outer_2,completed,b2fc32040ad4b6c33230,11,10,False,False
outer_2,completed,dbf2a3c230857ee833a7,11,10,False,False
outer_2,completed,166e44f9b38b62d74fa5,11,10,False,False
outer_2,completed,5b062b60762c5c01fafc,11,10,False,False
outer_2,completed,c5519e689ae5f4dc784b,11,10,False,False
outer_2,completed,c4ef5dd80c036fa027fb,11,10,False,False
outer_2,completed,9fdefc302cca163e0dc7,11,10,False,False
outer_2,completed,a440a46bd5430b5bd4a2,11,10,False,False
outer_2,completed,a8ceb2a3f249ea509749,11,10,False,False
outer_2,completed,0090890656ee8db757dc,11,10,False,False
outer_2,completed,9debc42b0a6a73c0496a,11,10,False,False
outer_2,completed,0ae940c75df6c1099ab2,11,10,False,False
outer_2,completed,cde083e87e86fb2b8789,11,10,False,False
outer_2,completed,05787eb282461d92d61e,11,10,False,False
outer_2,completed,7c025bfdc74d1256716f,11,10,False,False
outer_2,completed,58d8ca6bf4678b30fa05,11,10,False,False
outer_2,completed,c51065fb40cfb4d34b06,11,10,False,False
outer_2,completed,4992110b4bd10ae36ec2,11,10,False,False
outer_2,completed,724ca1a1a15a9def7d28,11,10,False,False
outer_2,completed,1f1d8dd6091c70403666,11,10,False,False
outer_2,completed,dd5749638068ba99313b,11,10,False,False
outer_2,completed,1e58bebb6cfe1a8fea51,11,10,False,False
outer_2,completed,cadfedde0f37af09bd8b,11,10,False,False
outer_2,completed,12884ecb936f72cda2d5,11,10,False,False
outer_2,completed,06a4dfbff4caba870ea2,11,10,False,False
outer_2,completed,e6575335e2d5725af21a,11,10,False,False
outer_2,completed,dc1a4dd998787d314c26,11,10,False,False
outer_2,completed,1b479c69893cf1eb8f76,11,10,False,False
outer_2,completed,67837e17587222c6e801,11,10,False,False
outer_2,completed,6b2a6d3a7f6d0bf8bfce,11,10,False,False
outer_2,completed,56827bb8a518e66142c1,11,10,False,False
outer_2,completed,e9455f421023fbcf3b8e,11,10,False,False
outer_2,completed,18b6032a84dcdedb72e3,11,10,False,False
outer_2,completed,3467b0482bb5a411d036,11,10,False,False
outer_2,completed,1396673b502550c61f3c,11,10,False,False
outer_2,completed,adaba3256c498177698a,11,10,False,False
outer_2,completed,bf9b8249b4a885cafe33,11,10,False,False
outer_2,completed,1c64e3589b7d84d0d9b5,11,10,False,False
outer_2,completed,875287a6b8cf1c09d7fb,11,10,False,False
outer_2,completed,82897cec3572b4b4343c,11,10,False,False
outer_2,completed,9eb5fd6afd5a275799b1,11,10,False,False
outer_2,completed,2f086f100648531e55af,11,10,False,False
outer_2,completed,5183b0b779532c46cd6c,11,10,False,False
outer_2,completed,af70193164d6a636d198,11,10,False,False
outer_2,completed,ba67c04b92f7bb69cd46,11,10,False,False
outer_2,completed,c433973e971331c30989,11,10,False,False
outer_2,completed,a8ec8703b70e509d124e,11,10,False,False
outer_2,completed,fa537fc80e9efcb63d3c,11,10,False,False
outer_2,completed,12db6298d428dff378fa,11,10,False,False
outer_2,completed,1bf524f377dd96aa12c9,11,10,False,False
outer_2,completed,2bbc83feafb6d428b96d,11,10,False,False
outer_2,completed,2f64f918fa712b19b0ec,11,10,False,False
outer_2,completed,a7e9bdf40bad80782d6e,11,10,False,False
outer_2,completed,04254187fc1a21d63cdd,11,10,False,False
outer_2,completed,2417f73ecfbe5e275c8d,11,10,False,False
outer_2,completed,a027219e1d0556b1a5af,11,10,False,False
outer_2,completed,334e63dc71909d47f622,11,10,False,False
outer_2,completed,f7b25af05d46fb4b96f6,11,10,False,False
outer_2,completed,6d75a669cf2f656a43f7,11,10,False,False
outer_2,completed,bce7692d996bebb11b4b,11,10,False,False
outer_2,completed,0136643fcdffafcd27b3,11,10,False,False
outer_2,completed,0ecc2fc16014d8120689,11,10,False,False
outer_2,completed,71d3d3c182172cbc3634,11,10,False,False
outer_2,completed,5c064148fab92d344748,11,10,False,False
outer_2,completed,2c6024ef3dd4f9d610bb,11,10,False,False
outer_2,completed,443d250ea3f75ec39f7f,11,10,False,False
outer_2,completed,7ce8c69a06539826cedc,11,10,False,False
outer_2,completed,28441326f94ba0a5b14f,11,10,False,False
outer_2,completed,58ffb03108305a9609fa,11,10,False,False
outer_2,completed,90790fce1d048e5472c9,11,10,False,False
outer_2,completed,e6814c480c262ef4b149,11,10,False,False
outer_2,completed,12376da318fc06697eaa,11,10,False,False
outer_2,completed,4837b9efea270085a8f4,11,10,False,False
outer_2,completed,0e9036b3ff0c9055aa30,11,10,False,False
outer_2,completed,88d21a3ba36bc8b4514f,11,10,False,False
outer_2,completed,e0f86edd1308ffb68e05,11,10,False,False
outer_2,completed,e81b53ce8f9871fa6fee,11,10,False,False
outer_2,completed,5c871ee84ce9e11a614a,11,10,False,False
outer_2,completed,d579a47692ba52794f74,11,10,False,False
outer_2,completed,076e4f66aa13145fed64,11,10,False,False
outer_2,completed,a5fd1e4cc339eda1fe2d,11,10,False,False
outer_2,completed,e683785aed2f544f3912,11,10,False,False
outer_2,completed,9ca3aa93b392bca202ef,11,10,False,False
outer_2,completed,d7b29c96ee42964cf957,11,10,False,False
outer_2,completed,5ea29512d772df31c40c,11,10,False,False
outer_2,completed,e54036210e8cf9aec66b,11,10,False,False
outer_2,completed,dc27cf1564433362baeb,11,10,False,False
outer_2,completed,0c1bfc8a83d5f95171f8,11,10,False,False
outer_2,completed,fff5f95cfad8221dc1e8,11,10,False,False
outer_2,completed,00eee764fdb0d06f18d7,11,10,False,False
outer_2,completed,ca58e87316d91528d53b,11,10,False,False
outer_2,completed,e2f9c7b0c706aba9f934,11,10,False,False
outer_2,completed,22189d6a8ad3d0ba715b,11,10,False,False
outer_2,completed,f87598c47cd1d953e88b,11,10,False,False
outer_2,completed,b9f96528f2aef5b45fee,11,10,False,False
outer_2,completed,60a208f6741aea739ce5,11,10,False,False
outer_2,completed,ec01351df04d9063c6e9,11,10,False,False
outer_2,completed,ecdd438135f75f141d9b,11,10,False,False
outer_2,completed,bc12d024ab88925b79a3,11,10,False,False
outer_2,completed,86a9bb5edc4b27ce024f,11,10,False,False
outer_2,completed,c149af98f8893fcf94dc,11,10,False,False
outer_2,completed,c3f7f3e32efd1767bcd0,11,10,False,False
outer_2,completed,da6cbc0cc8fb2f1d4fcf,11,10,False,False
outer_2,completed,d6604001e893d50465c9,11,10,False,False
outer_2,completed,5d197a42dd6d96de3cc2,11,10,False,False
outer_2,completed,1874d1b13981c7f9feb1,11,10,False,False
outer_2,completed,e2276616b4ec3ca17f72,11,10,False,False
outer_2,completed,005be3f7ea5942661e21,11,10,False,False
outer_2,completed,e312be6a300868461ca6,11,10,False,False
outer_2,completed,7580d1a9f9836344443c,11,10,False,False
outer_2,completed,5c6db2df849803923098,11,10,False,False
outer_2,completed,bb0df09181734b422698,11,10,False,False
outer_2,completed,3dad972df935afe3e6a3,11,10,False,False
outer_2,completed,75eb3a3862995b23b818,11,10,False,False
outer_2,completed,af277ea20b09bf976158,11,10,False,False
outer_2,completed,d47652d2327635a998ff,11,10,False,False
outer_2,completed,c4d4be3c8894db3ca4c6,11,10,False,False
outer_2,completed,0f850735ed3b5bba8afa,11,10,False,False
outer_2,completed,3f027319c845be8081b3,11,10,False,False
outer_2,completed,87ec0a059c3493cc9d98,11,10,False,False
outer_2,completed,e1f9b37e1b61072eaea5,11,10,False,False
outer_2,completed,66aff2bcd479119af1f7,11,10,False,False
outer_2,completed,edd393c5efd083f6a532,11,10,False,False
outer_2,completed,2d56497f1c2ec3edd991,11,10,False,False
outer_2,completed,f06ea0af156a76a9fc46,11,10,False,False
outer_2,completed,e5108f96e569df0628dc,11,10,False,False
outer_2,completed,ffbabd9cb1ea7da52864,11,10,False,False
outer_2,completed,913bbd47449825014002,11,10,False,False
outer_2,completed,39b4183241e2880cca1c,11,10,False,False
outer_2,completed,c2689d966936e2f28cb0,11,10,False,False
outer_2,completed,121a2470ccf72c444a1f,11,10,False,False
outer_2,completed,36b0fadc86654ba50842,11,10,False,False
outer_2,completed,b29013fc42352f7ce947,11,10,False,False
outer_2,completed,4124575b045ec2a0f695,11,10,False,False
outer_2,completed,1c16072ec062d40d8c56,11,10,False,False
outer_2,completed,efc48f8cbbaabcf554c6,11,10,False,False
outer_2,completed,577ed4c0d1b92e193b14,11,10,False,False
outer_2,completed,50a2668b82a7cde4d0a6,11,10,False,False
outer_2,completed,8adcca24d44cbba76de1,11,10,False,False
outer_2,completed,6fb8b0c5da652bc8b8c7,11,10,False,False
outer_2,completed,486d154cdc4b42e2fe92,11,10,False,False
outer_2,completed,731f8c977b3089045b6f,11,10,False,False
outer_2,completed,cef1541d2a149dd8f062,11,10,False,False
outer_2,completed,0513b8d1d574543d7756,11,10,False,False
outer_2,completed,3b711f24fac27afc42d7,11,10,False,False
outer_2,completed,e439b5f970028bc79a26,11,10,False,False
outer_2,completed,add74ef8af8ba4be0ffa,11,10,False,False
outer_2,completed,c77913dab42e7d89ddb1,11,10,False,False
outer_2,completed,d7fd0e159706761b22cd,11,10,False,False
outer_2,completed,9bc569fa98a2d66e87d4,11,10,False,False
outer_2,completed,d0bf51f9d6a2e2ebce88,11,10,False,False
outer_2,completed,1d8510a7bfaba96c4afc,11,10,False,False
outer_2,completed,078377d96c941cb42c23,11,10,False,False
outer_2,completed,8d2e1d7d7905e48a77f4,11,10,False,False
outer_2,completed,460ef578c3fc411d7122,11,10,False,False
outer_2,completed,84e651f3f9f793bb9540,11,10,False,False
outer_2,completed,098457ac915fdac0698d,11,10,False,False
outer_2,completed,07895596b128a1cf0a17,11,10,False,False
outer_2,completed,05092525d7c56ae0b8ab,11,10,False,False
outer_2,completed,d0ab5fb13cba93b6d0bd,11,10,False,False
outer_2,completed,5ee493bc6ce1cd5e991c,11,10,False,False
outer_2,completed,0ddb92a656a580960ff7,11,10,False,False
outer_2,completed,2dc2915674aa13a91648,11,10,False,False
outer_2,completed,347d606da7347bd8c1ae,11,10,False,False
outer_2,completed,a7a01ce18ea621a452b8,11,10,False,False
outer_2,completed,4e65ba4a8d05c996da91,11,10,False,False
outer_2,completed,c391e5631ef446a4192c,11,10,False,False
outer_2,completed,befa6681e3164acbb8ef,11,10,False,False
outer_2,completed,d740aad30f00509f4e70,11,10,False,False
outer_2,completed,8be290efa757cc10440a,11,10,False,False
outer_2,completed,c2a1cb40fea667d45ee3,11,10,False,False
outer_2,completed,874dbf401fbfe9e05cba,11,10,False,False
outer_2,completed,bb814f766b71f619172f,11,10,False,False
outer_2,completed,9594f3c772005f40709a,11,10,False,False
outer_2,completed,90acf4be46a7c5741ee9,11,10,False,False
outer_2,completed,a19f8e591d0fcaf460ca,11,10,False,False
outer_2,completed,223bd25a1986bddd3baa,11,10,False,False
outer_2,completed,5e869e08c2aed018bf72,11,10,False,False
outer_2,completed,c888575a871bd015fa50,11,10,False,False
outer_2,completed,c853fe5742e3d477840f,11,10,False,False
outer_2,completed,874cdd888642c9f1abcc,11,10,False,False
outer_2,completed,838e584cba38914ec012,11,10,False,False
outer_2,completed,2858bdf489e7089d434d,11,10,False,False
outer_2,completed,8d6bc01f9a16c70de383,11,10,False,False
outer_2,completed,774e1ca42b6fc96b8d76,11,10,False,False
outer_2,completed,7c49fddb57ce0ec15d3a,11,10,False,False
outer_2,completed,f7643efbd65e14d9e129,11,10,False,False
outer_2,completed,fd575998196eabac929e,11,10,False,False
outer_2,completed,bd39de29bc5acfa17d5d,11,10,False,False
outer_2,completed,f6f96256e43737dc7d76,11,10,False,False
outer_2,completed,56c227384c84739d4d59,11,10,False,False
outer_2,completed,4dade8e79f2ea291720c,11,10,False,False
outer_2,completed,735ffb7543b67724b0a8,11,10,False,False
outer_2,completed,8d55a1a10f2a0574f939,11,10,False,False
outer_2,completed,2611d5a613d3f7ba6826,11,10,False,False
outer_2,completed,005aeed48b53df384006,11,10,False,False
outer_2,completed,c9573ee2f5ea8e84be7b,11,10,False,False
outer_2,completed,5c626aa0121919e98c2a,11,10,False,False
outer_2,completed,a026b61907051ca9aac8,11,10,False,False
outer_2,completed,b22d678c4539e99ed400,11,10,False,False
outer_2,completed,b2901af056a605c93184,11,10,False,False
outer_2,completed,37a0692e686e1528d545,11,10,False,False
outer_2,completed,028d82052136b5b18507,11,10,False,False
outer_2,completed,888afe7ee36bd18b0f1b,11,10,False,False
outer_2,completed,c856e3177eba65cc7156,11,10,False,False
outer_2,completed,62b0e0cdc41b50cf50ff,11,10,False,False
outer_2,completed,18773e79b3440d864afb,11,10,False,False
outer_2,completed,46168fb53356caf30cb9,11,10,False,False
outer_2,completed,a1e639c3c21a87ba4a9e,11,10,False,False
outer_2,completed,6250e2a91e721eeed9a6,11,10,False,False
outer_2,completed,2656d3add865fd1c3323,11,10,False,False
outer_2,completed,21875bdd674560402390,11,10,False,False
outer_2,completed,837014f8d2e37cb3a110,11,10,False,False
outer_2,completed,cd9069c65e9d0547cb8d,11,10,False,False
outer_2,completed,6abb7ef05ea0a89cc9bb,11,10,False,False
outer_2,completed,1e504d568421566a9d23,11,10,False,False
outer_2,completed,b0a2625855348c9c9a94,11,10,False,False
outer_2,completed,30036149fa0b55fefc28,11,10,False,False
outer_2,completed,4219fb79ba1ee16c1c01,11,10,False,False
outer_2,completed,11b03262e0ce339a2f9c,11,10,False,False
outer_2,completed,6d7272fdec18658ca6b3,11,10,False,False
outer_2,completed,d1cde0857cd77b7cc2cd,11,10,False,False
outer_2,completed,c13cb0ed0c4a4afc371e,11,10,False,False
outer_2,completed,3759837a0075061df68a,11,10,False,False
outer_2,completed,4c73534d684a3116a73c,11,10,False,False
outer_2,completed,9a870213ae04a554cff1,11,10,False,False
outer_2,completed,f5dc6cfd19b7c570b88e,11,10,False,False
outer_2,completed,d1a09d39b04c662561c7,11,10,False,False
outer_2,completed,515f1018b9ad1771055b,11,10,False,False
outer_2,completed,64c126df8c07338aa957,11,10,False,False
outer_2,completed,ad3757c58e1757a40875,11,10,False,False
outer_2,completed,84778f43d7bec784f7c6,11,10,False,False
outer_2,completed,c145ab08636103b5a86d,11,10,False,False
outer_2,completed,dd8272943ec2aa21642d,11,10,False,False
outer_2,completed,2752a6a639957b0175db,11,10,False,False
outer_2,completed,35eb30a15ace25f87b3f,11,10,False,False
outer_2,completed,f7ad18590ddb3ed17bca,11,10,False,False
outer_2,completed,e537a6d52d6d38a79649,11,10,False,False
outer_2,completed,547f843cc7abfc16a90f,11,10,False,False
outer_2,completed,30490a7ec04bad6f5ad3,11,10,False,False
outer_2,completed,1252bc43010f2e1806a7,11,10,False,False
outer_2,completed,48b24502c35a34a9d270,11,10,False,False
outer_2,completed,fb8433566ba1966a8b5d,11,10,False,False
outer_2,completed,fb4846caac2397f192a5,11,10,False,False
outer_2,completed,dd673076ab114319d60b,11,10,False,False
outer_2,completed,6dcf1d216a685c054c7d,11,10,False,False
outer_2,completed,27daee9bdd773d7df726,11,10,False,False
outer_2,completed,f5822879b857e610242b,11,10,False,False
outer_2,completed,3e98716b0d5d53f8b96e,11,10,False,False
outer_2,completed,df02440332f0633707f1,11,10,False,False
outer_2,completed,c4bc2de7cbe95466f059,11,10,False,False
outer_2,completed,f3708373f1592353fed9,11,10,False,False
outer_2,completed,2ed601f8363344287667,11,10,False,False
outer_2,completed,22a4b8985d7779eb27d1,11,10,False,False
outer_2,completed,84401df588888d7bc7e7,11,10,False,False
outer_2,completed,2d348c29108d66b3a81e,11,10,False,False
outer_2,completed,232b5dc71fe20c6e2285,11,10,False,False
outer_2,completed,be9e0747a046cfd72627,11,10,False,False
outer_2,completed,485553f4b7e85a826673,11,10,False,False
outer_2,completed,303d456bd75b11c695e3,11,10,False,False
outer_2,completed,af31252908d103285e3b,11,10,False,False
outer_2,completed,6e763d77037bc6feb98e,11,10,False,False
outer_2,completed,c98729cc188bf8fecf79,11,10,False,False
outer_2,completed,d1edfb07cb07ca1aa5f6,11,10,False,False
outer_2,completed,7b1c47765cf45f19354b,11,10,False,False
outer_2,completed,f1bc676216b973069c2d,11,10,False,False
outer_2,completed,7fdabeee3d116e9998b7,11,10,False,False
outer_2,completed,bf767151439f709d9384,11,10,False,False
outer_2,completed,00f6f5454b59a74aed6e,11,10,False,False
outer_2,completed,56a6e64eaaeca159b532,11,10,False,False
outer_2,completed,2bfa25c9e7cb987ad8b3,11,10,False,False
outer_2,completed,df4863cd2229a0b2c21b,11,10,False,False
outer_2,completed,3529b159b651866bec49,11,10,False,False
outer_2,completed,3a51b1943a6ff6fee521,11,10,False,False
outer_2,completed,53a5a7988c4177aaae82,11,10,False,False
outer_2,completed,a64884767ec5eaefa1b4,11,10,False,False
outer_2,completed,a3da09a6352d41d3362a,11,10,False,False
outer_2,completed,24509589c5432303b3be,11,10,False,False
outer_2,completed,574d6a9334cf5f307fca,11,10,False,False
outer_2,completed,1464a72b7d6636b5fee5,11,10,False,False
outer_2,completed,cd9f01489966caf1d4e0,11,10,False,False
outer_2,completed,15604f34f429a913822b,11,10,False,False
outer_2,completed,e3f6f743b2a0d1e2b432,11,10,False,False
outer_2,completed,e5806d3627ce9ff244ab,11,10,False,False
outer_2,completed,c4b9c1349a47001c15d5,11,10,False,False
outer_2,completed,ec4f20187ff9dc5fa44f,11,10,False,False
outer_2,completed,ca84a4e2e2501ea92938,11,10,False,False
outer_2,completed,7463a7df1863b80675d3,11,10,False,False
outer_2,completed,0d24074e4fe7edbbc1f2,11,10,False,False
outer_2,completed,837821850aa2fafbfb75,11,10,False,False
outer_2,completed,2b5264b0af7894537701,11,10,False,False
outer_2,completed,e89d3d620b3a84a41e95,11,10,False,False
outer_2,completed,0367165ba72dacdd939e,11,10,False,False
outer_2,completed,8105b59e014fa13c4167,11,10,False,False
outer_2,completed,0aae7e22ad5e7af6fea7,11,10,False,False
outer_2,completed,3a48bc4d5bf64916dbed,11,10,False,False
outer_2,completed,c010ebb45a245555c906,11,10,False,False
outer_2,completed,c615ed8540869bf763ea,11,10,False,False
outer_2,completed,f63b22c3f3484e0c10a2,11,10,False,False
outer_2,completed,ff2a2cfef8457c2e09b6,11,10,False,False
outer_2,completed,6e22c8f4750ab1cabb0a,11,10,False,False
outer_2,completed,02734d7cbf1070cd7441,11,10,False,False
outer_2,completed,6c88d768f5af5e948c87,11,10,False,False
outer_2,completed,b48b1f2532cb6f83547a,11,10,False,False
outer_2,completed,2aa01f566f759ec68752,11,10,False,False
outer_2,completed,1444f238b3146661b7d3,11,10,False,False
outer_2,completed,124d8145701e954b1987,11,10,False,False
outer_2,completed,f98977119e15104bd8d0,11,10,False,False
outer_2,completed,d0da2ec91ce83314dce2,11,10,False,False
outer_2,completed,0dfc20200f64b1fd3bc9,11,10,False,False
outer_2,completed,99275ba4419ee9ac7777,11,10,False,False
outer_2,completed,bb393ee9755bd8555b37,11,10,False,False
outer_2,completed,9d910d410dc12e312822,11,10,False,False
outer_2,completed,642dc51c5ab07767918e,11,10,False,False
outer_2,completed,aca62bf8faac832af3d9,11,10,False,False
outer_2,completed,cffce9daa2b8e9477323,11,10,False,False
outer_2,completed,b4155aece30233e1d5ed,11,10,False,False
outer_2,completed,1132f4156f827111728b,11,10,False,False
outer_2,completed,d6e70e849f1f69207304,11,10,False,False
outer_2,completed,ffa4fdca6ed57d7511d5,11,10,False,False
outer_2,completed,4b981eecb202f448fcfe,11,10,False,False
outer_2,completed,069bc23ef6035c9ec17d,11,10,False,False
outer_2,completed,7113e6896f1c7824ab55,11,10,False,False
outer_2,completed,f7cb44bb82f2475e4dc8,11,10,False,False
outer_2,completed,ee17015b752e32752692,11,10,False,False
outer_2,completed,653013e308a8de7dfbae,11,10,False,False
outer_2,completed,cd92bd6c80037ba098c4,11,10,False,False
outer_2,completed,6b6f77a9d074a05a7dd1,11,10,False,False
outer_2,completed,bae00ce684ed453a2c2b,11,10,False,False
outer_2,completed,54eca18e197e3157bee5,11,10,False,False
outer_2,completed,56a5eeb6c2fa58d13afb,11,10,False,False
outer_2,completed,4c1fe33cb3d132e8cb25,11,10,False,False
outer_2,completed,662a67b76e242161f07a,11,10,False,False
outer_2,completed,e1b0a781e17b54b91ada,11,10,False,False
outer_2,completed,d0bd79be9d82b3867ed5,11,10,False,False
outer_2,completed,b3780863a96414cbaa5a,11,10,False,False
outer_2,completed,44074a3d445e53fd55a5,11,10,False,False
outer_2,completed,7d02782d14f3a5a80206,11,10,False,False
outer_2,completed,545dd5c461c2d3d896a0,11,10,False,False
outer_2,completed,53376cca2095770643d5,11,10,False,False
outer_2,completed,6873cd3c5474b847d7a9,11,10,False,False
outer_2,completed,2b3f19bc892ebb58d193,11,10,False,False
outer_2,completed,40f39bc8ee9bbd06742b,11,10,False,False
outer_2,completed,6bbce4b304423e538ad5,11,10,False,False
outer_2,completed,090447a29db544a0760e,11,10,False,False
outer_2,retrospective,58d2128e80e980fb65f7,11,10,False,False
outer_2,retrospective,c5a68946811d7daf9335,11,10,False,False
outer_2,retrospective,8b1c29a1423d15e26b2e,11,10,False,False
outer_2,retrospective,cc330b21069ce233a312,11,10,False,False
outer_2,retrospective,23bf2526d9298b1c59e7,11,10,False,False
outer_2,retrospective,babfa55828fc20dc9a60,11,10,False,False
outer_2,retrospective,86d5fb96aabf970f84f3,11,10,False,False
outer_2,retrospective,bb0dd7a5912b106f987f,11,10,False,False
outer_2,retrospective,5882794b7178766bee0a,11,10,False,False
outer_2,retrospective,97f9c228599e29ab12d8,11,10,False,False
outer_2,retrospective,a7847fa3bbe78a841929,11,10,False,False
outer_2,retrospective,bcfaabd8932f6a41a5d1,11,10,False,False
outer_2,retrospective,1381cd73cdb55a253d8b,11,10,False,False
outer_2,retrospective,83484028921a3cd8bdd9,11,10,False,False
outer_2,retrospective,f87b0c3484eef599f01f,11,10,False,False
outer_2,retrospective,3745df199bcb9c623df8,11,10,False,False
outer_2,retrospective,dceedcc0599c9f1456fb,11,10,False,False
outer_2,retrospective,ae86376bd8d159b5af53,11,10,False,False
outer_2,retrospective,2b36e74eee8972d29937,11,10,False,False
outer_2,retrospective,954211b899d86457e598,11,10,False,False
outer_2,retrospective,4f2f77208c9608080bc9,11,10,False,False
outer_2,retrospective,f7c8cf02d36aa2f19ea5,11,10,False,False
outer_2,retrospective,44efe9583d86c8f0448c,11,10,False,False
outer_2,retrospective,2f2e9835d7d774428a63,11,10,False,False
outer_2,retrospective,c96cbb652051044957fc,11,10,False,False
outer_2,retrospective,f46a3f70c0149e934b41,11,10,False,False
outer_2,retrospective,0ba79429c868c10331cd,11,10,False,False
outer_2,retrospective,5f7d1bfdf58e8150426c,11,10,False,False
outer_2,retrospective,86cb202a491844c659ab,11,10,False,False
outer_2,retrospective,12a4b5ed0b6b8a3a10a9,11,10,False,False
outer_2,retrospective,4fbcd165e03e31b39979,11,10,False,False
outer_2,retrospective,052dfdf198823795f42f,11,10,False,False
outer_2,retrospective,a8ad6542f6870331adce,11,10,False,False
outer_2,retrospective,3124ef9179bdcacc09c1,11,10,False,False
outer_2,retrospective,f7abc27eef963eb31eb1,11,10,False,False
outer_2,retrospective,a4d9c3231dfa06abe8b6,11,10,False,False
outer_2,retrospective,bd81b0c2cdeb671bdd4f,11,10,False,False
outer_2,retrospective,82a322deb1bf1331fdd0,11,10,False,False
outer_2,retrospective,a018116272abc8c983e3,11,10,False,False
outer_2,retrospective,baacffc18c6f53221775,11,10,False,False
outer_2,retrospective,0d91206f7c85a8530372,11,10,False,False
outer_2,retrospective,ee26fe6bf14fe40dc08c,11,10,False,False
outer_2,retrospective,1e8ef29836a69cde6b8c,11,10,False,False
outer_2,retrospective,1eec8fe2ce2deee6e54e,11,10,False,False
outer_2,retrospective,ed0bfb11db980dd479e8,11,10,False,False
outer_2,retrospective,d28d4569ee22622fd29a,11,10,False,False
outer_2,retrospective,816cb621bc388350a78e,11,10,False,False
outer_2,retrospective,1475bc4111de6282907e,11,10,False,False
outer_2,retrospective,e355719c4c67dea134e5,11,10,False,False
outer_2,retrospective,a8c3d9a3ec4869068235,11,10,False,False
outer_2,retrospective,52e0ed3a4929909ea0ed,11,10,False,False
outer_2,retrospective,e856741610e562c738e0,11,10,False,False
outer_2,retrospective,64712815a7e71fa57a11,11,10,False,False
outer_2,retrospective,39bc51d48f308f4774cd,11,10,False,False
outer_2,retrospective,eac9c36c0e3c8b2b4683,11,10,False,False
outer_2,retrospective,7f99b5aeb04d2e3bdbdd,11,10,False,False
outer_2,retrospective,818bf3b25f89a131bdbc,11,10,False,False
outer_2,retrospective,0c108de5ae3c026b8689,11,10,False,False
outer_2,retrospective,7fb29839cd265993a76c,11,10,False,False
outer_2,retrospective,6b2d1cf68390e08acecb,11,10,False,False
outer_2,retrospective,0c19d5cdb3fc7cfd0a8d,11,10,False,False
outer_2,retrospective,79f8aceb3eef28aa4f30,11,10,False,False
outer_2,retrospective,7746b2d36626e518ee04,11,10,False,False
outer_2,retrospective,c770af08c0f17b6e9bdd,11,10,False,False
outer_2,retrospective,9f62e8718070e5ddebf7,11,10,False,False
outer_2,retrospective,50b54d437dc6a072f285,11,10,False,False
outer_2,retrospective,ca0203cf136b56fc6d92,11,10,False,False
outer_2,retrospective,4d1dcf47544ed3a18630,11,10,False,False
outer_2,retrospective,746b9119d87b4b60baa4,11,10,False,False
outer_2,retrospective,57c7b26288f03d4156fa,11,10,False,False
outer_2,retrospective,cdb40a2d284aab937c2b,11,10,False,False
outer_2,retrospective,e436dc6eb9662fe21e56,11,10,False,False
outer_2,retrospective,9353997bf3a32d372c6f,11,10,False,False
outer_2,retrospective,9d6fb49e8976346448ec,11,10,False,False
outer_2,retrospective,f26ac2a4e652fc070855,11,10,False,False
outer_2,retrospective,b76198fb59640e9e3832,11,10,False,False
outer_2,retrospective,4ab46e1630113168c32e,11,10,False,False
outer_2,retrospective,989124a7172ab0fd138e,11,10,False,False
outer_2,retrospective,574d9b3aaacf15b93cc0,11,10,False,False
outer_2,retrospective,5c3e9bc754a12caa93ce,11,10,False,False
outer_2,retrospective,ce4dbbec0974444ce065,11,10,False,False
outer_2,retrospective,b2fc32040ad4b6c33230,11,10,False,False
outer_2,retrospective,dbf2a3c230857ee833a7,11,10,False,False
outer_2,retrospective,166e44f9b38b62d74fa5,11,10,False,False
outer_2,retrospective,5b062b60762c5c01fafc,11,10,False,False
outer_2,retrospective,c5519e689ae5f4dc784b,11,10,False,False
outer_2,retrospective,c4ef5dd80c036fa027fb,11,10,False,False
outer_2,retrospective,9fdefc302cca163e0dc7,11,10,False,False
outer_2,retrospective,a440a46bd5430b5bd4a2,11,10,False,False
outer_2,retrospective,a8ceb2a3f249ea509749,11,10,False,False
outer_2,retrospective,0090890656ee8db757dc,11,10,False,False
outer_2,retrospective,9debc42b0a6a73c0496a,11,10,False,False
outer_2,retrospective,0ae940c75df6c1099ab2,11,10,False,False
outer_2,retrospective,cde083e87e86fb2b8789,11,10,False,False
outer_2,retrospective,05787eb282461d92d61e,11,10,False,False
outer_2,retrospective,7c025bfdc74d1256716f,11,10,False,False
outer_2,retrospective,58d8ca6bf4678b30fa05,11,10,False,False
outer_2,retrospective,c51065fb40cfb4d34b06,11,10,False,False
outer_2,retrospective,4992110b4bd10ae36ec2,11,10,False,False
outer_2,retrospective,724ca1a1a15a9def7d28,11,10,False,False
outer_2,retrospective,1f1d8dd6091c70403666,11,10,False,False
outer_2,retrospective,dd5749638068ba99313b,11,10,False,False
outer_2,retrospective,1e58bebb6cfe1a8fea51,11,10,False,False
outer_2,retrospective,cadfedde0f37af09bd8b,11,10,False,False
outer_2,retrospective,12884ecb936f72cda2d5,11,10,False,False
outer_2,retrospective,06a4dfbff4caba870ea2,11,10,False,False
outer_2,retrospective,e6575335e2d5725af21a,11,10,False,False
outer_2,retrospective,dc1a4dd998787d314c26,11,10,False,False
outer_2,retrospective,1b479c69893cf1eb8f76,11,10,False,False
outer_2,retrospective,67837e17587222c6e801,11,10,False,False
outer_2,retrospective,6b2a6d3a7f6d0bf8bfce,11,10,False,False
outer_2,retrospective,56827bb8a518e66142c1,11,10,False,False
outer_2,retrospective,e9455f421023fbcf3b8e,11,10,False,False
outer_2,retrospective,18b6032a84dcdedb72e3,11,10,False,False
outer_2,retrospective,3467b0482bb5a411d036,11,10,False,False
outer_2,retrospective,1396673b502550c61f3c,11,10,False,False
outer_2,retrospective,adaba3256c498177698a,11,10,False,False
outer_2,retrospective,bf9b8249b4a885cafe33,11,10,False,False
outer_2,retrospective,1c64e3589b7d84d0d9b5,11,10,False,False
outer_2,retrospective,875287a6b8cf1c09d7fb,11,10,False,False
outer_2,retrospective,82897cec3572b4b4343c,11,10,False,False
outer_2,retrospective,9eb5fd6afd5a275799b1,11,10,False,False
outer_2,retrospective,2f086f100648531e55af,11,10,False,False
outer_2,retrospective,5183b0b779532c46cd6c,11,10,False,False
outer_2,retrospective,af70193164d6a636d198,11,10,False,False
outer_2,retrospective,ba67c04b92f7bb69cd46,11,10,False,False
outer_2,retrospective,c433973e971331c30989,11,10,False,False
outer_2,retrospective,a8ec8703b70e509d124e,11,10,False,False
outer_2,retrospective,fa537fc80e9efcb63d3c,11,10,False,False
outer_2,retrospective,12db6298d428dff378fa,11,10,False,False
outer_2,retrospective,1bf524f377dd96aa12c9,11,10,False,False
outer_2,retrospective,2bbc83feafb6d428b96d,11,10,False,False
outer_2,retrospective,2f64f918fa712b19b0ec,11,10,False,False
outer_2,retrospective,a7e9bdf40bad80782d6e,11,10,False,False
outer_2,retrospective,04254187fc1a21d63cdd,11,10,False,False
outer_2,retrospective,2417f73ecfbe5e275c8d,11,10,False,False
outer_2,retrospective,a027219e1d0556b1a5af,11,10,False,False
outer_2,retrospective,334e63dc71909d47f622,11,10,False,False
outer_2,retrospective,f7b25af05d46fb4b96f6,11,10,False,False
outer_2,retrospective,6d75a669cf2f656a43f7,11,10,False,False
outer_2,retrospective,bce7692d996bebb11b4b,11,10,False,False
outer_2,retrospective,0136643fcdffafcd27b3,11,10,False,False
outer_2,retrospective,0ecc2fc16014d8120689,11,10,False,False
outer_2,retrospective,71d3d3c182172cbc3634,11,10,False,False
outer_2,retrospective,5c064148fab92d344748,11,10,False,False
outer_2,retrospective,2c6024ef3dd4f9d610bb,11,10,False,False
outer_2,retrospective,443d250ea3f75ec39f7f,11,10,False,False
outer_2,retrospective,7ce8c69a06539826cedc,11,10,False,False
outer_2,retrospective,28441326f94ba0a5b14f,11,10,False,False
outer_2,retrospective,58ffb03108305a9609fa,11,10,False,False
outer_2,retrospective,90790fce1d048e5472c9,11,10,False,False
outer_2,retrospective,e6814c480c262ef4b149,11,10,False,False
outer_2,retrospective,12376da318fc06697eaa,11,10,False,False
outer_2,retrospective,4837b9efea270085a8f4,11,10,False,False
outer_2,retrospective,0e9036b3ff0c9055aa30,11,10,False,False
outer_2,retrospective,88d21a3ba36bc8b4514f,11,10,False,False
outer_2,retrospective,e0f86edd1308ffb68e05,11,10,False,False
outer_2,retrospective,e81b53ce8f9871fa6fee,11,10,False,False
outer_2,retrospective,5c871ee84ce9e11a614a,11,10,False,False
outer_2,retrospective,d579a47692ba52794f74,11,10,False,False
outer_2,retrospective,076e4f66aa13145fed64,11,10,False,False
outer_2,retrospective,a5fd1e4cc339eda1fe2d,11,10,False,False
outer_2,retrospective,e683785aed2f544f3912,11,10,False,False
outer_2,retrospective,9ca3aa93b392bca202ef,11,10,False,False
outer_2,retrospective,d7b29c96ee42964cf957,11,10,False,False
outer_2,retrospective,5ea29512d772df31c40c,11,10,False,False
outer_2,retrospective,e54036210e8cf9aec66b,11,10,False,False
outer_2,retrospective,dc27cf1564433362baeb,11,10,False,False
outer_2,retrospective,0c1bfc8a83d5f95171f8,11,10,False,False
outer_2,retrospective,fff5f95cfad8221dc1e8,11,10,False,False
outer_2,retrospective,00eee764fdb0d06f18d7,11,10,False,False
outer_2,retrospective,ca58e87316d91528d53b,11,10,False,False
outer_2,retrospective,e2f9c7b0c706aba9f934,11,10,False,False
outer_2,retrospective,22189d6a8ad3d0ba715b,11,10,False,False
outer_2,retrospective,f87598c47cd1d953e88b,11,10,False,False
outer_2,retrospective,b9f96528f2aef5b45fee,11,10,False,False
outer_2,retrospective,60a208f6741aea739ce5,11,10,False,False
outer_2,retrospective,ec01351df04d9063c6e9,11,10,False,False
outer_2,retrospective,ecdd438135f75f141d9b,11,10,False,False
outer_2,retrospective,bc12d024ab88925b79a3,11,10,False,False
outer_2,retrospective,86a9bb5edc4b27ce024f,11,10,False,False
outer_2,retrospective,c149af98f8893fcf94dc,11,10,False,False
outer_2,retrospective,c3f7f3e32efd1767bcd0,11,10,False,False
outer_2,retrospective,da6cbc0cc8fb2f1d4fcf,11,10,False,False
outer_2,retrospective,d6604001e893d50465c9,11,10,False,False
outer_2,retrospective,5d197a42dd6d96de3cc2,11,10,False,False
outer_2,retrospective,1874d1b13981c7f9feb1,11,10,False,False
outer_2,retrospective,e2276616b4ec3ca17f72,11,10,False,False
outer_2,retrospective,005be3f7ea5942661e21,11,10,False,False
outer_2,retrospective,e312be6a300868461ca6,11,10,False,False
outer_2,retrospective,7580d1a9f9836344443c,11,10,False,False
outer_2,retrospective,5c6db2df849803923098,11,10,False,False
outer_2,retrospective,bb0df09181734b422698,11,10,False,False
outer_2,retrospective,3dad972df935afe3e6a3,11,10,False,False
outer_2,retrospective,75eb3a3862995b23b818,11,10,False,False
outer_2,retrospective,af277ea20b09bf976158,11,10,False,False
outer_2,retrospective,d47652d2327635a998ff,11,10,False,False
outer_2,retrospective,c4d4be3c8894db3ca4c6,11,10,False,False
outer_2,retrospective,0f850735ed3b5bba8afa,11,10,False,False
outer_2,retrospective,3f027319c845be8081b3,11,10,False,False
outer_2,retrospective,87ec0a059c3493cc9d98,11,10,False,False
outer_2,retrospective,e1f9b37e1b61072eaea5,11,10,False,False
outer_2,retrospective,66aff2bcd479119af1f7,11,10,False,False
outer_2,retrospective,edd393c5efd083f6a532,11,10,False,False
outer_2,retrospective,2d56497f1c2ec3edd991,11,10,False,False
outer_2,retrospective,f06ea0af156a76a9fc46,11,10,False,False
outer_2,retrospective,e5108f96e569df0628dc,11,10,False,False
outer_2,retrospective,ffbabd9cb1ea7da52864,11,10,False,False
outer_2,retrospective,913bbd47449825014002,11,10,False,False
outer_2,retrospective,39b4183241e2880cca1c,11,10,False,False
outer_2,retrospective,c2689d966936e2f28cb0,11,10,False,False
outer_2,retrospective,121a2470ccf72c444a1f,11,10,False,False
outer_2,retrospective,36b0fadc86654ba50842,11,10,False,False
outer_2,retrospective,b29013fc42352f7ce947,11,10,False,False
outer_2,retrospective,4124575b045ec2a0f695,11,10,False,False
outer_2,retrospective,1c16072ec062d40d8c56,11,10,False,False
outer_2,retrospective,efc48f8cbbaabcf554c6,11,10,False,False
outer_2,retrospective,577ed4c0d1b92e193b14,11,10,False,False
outer_2,retrospective,50a2668b82a7cde4d0a6,11,10,False,False
outer_2,retrospective,8adcca24d44cbba76de1,11,10,False,False
outer_2,retrospective,6fb8b0c5da652bc8b8c7,11,10,False,False
outer_2,retrospective,486d154cdc4b42e2fe92,11,10,False,False
outer_2,retrospective,731f8c977b3089045b6f,11,10,False,False
outer_2,retrospective,cef1541d2a149dd8f062,11,10,False,False
outer_2,retrospective,0513b8d1d574543d7756,11,10,False,False
outer_2,retrospective,3b711f24fac27afc42d7,11,10,False,False
outer_2,retrospective,e439b5f970028bc79a26,11,10,False,False
outer_2,retrospective,add74ef8af8ba4be0ffa,11,10,False,False
outer_2,retrospective,c77913dab42e7d89ddb1,11,10,False,False
outer_2,retrospective,d7fd0e159706761b22cd,11,10,False,False
outer_2,retrospective,9bc569fa98a2d66e87d4,11,10,False,False
outer_2,retrospective,d0bf51f9d6a2e2ebce88,11,10,False,False
outer_2,retrospective,1d8510a7bfaba96c4afc,11,10,False,False
outer_2,retrospective,078377d96c941cb42c23,11,10,False,False
outer_2,retrospective,8d2e1d7d7905e48a77f4,11,10,False,False
outer_2,retrospective,460ef578c3fc411d7122,11,10,False,False
outer_2,retrospective,84e651f3f9f793bb9540,11,10,False,False
outer_2,retrospective,098457ac915fdac0698d,11,10,False,False
outer_2,retrospective,07895596b128a1cf0a17,11,10,False,False
outer_2,retrospective,05092525d7c56ae0b8ab,11,10,False,False
outer_2,retrospective,d0ab5fb13cba93b6d0bd,11,10,False,False
outer_2,retrospective,5ee493bc6ce1cd5e991c,11,10,False,False
outer_2,retrospective,0ddb92a656a580960ff7,11,10,False,False
outer_2,retrospective,2dc2915674aa13a91648,11,10,False,False
outer_2,retrospective,347d606da7347bd8c1ae,11,10,False,False
outer_2,retrospective,a7a01ce18ea621a452b8,11,10,False,False
outer_2,retrospective,4e65ba4a8d05c996da91,11,10,False,False
outer_2,retrospective,c391e5631ef446a4192c,11,10,False,False
outer_2,retrospective,befa6681e3164acbb8ef,11,10,False,False
outer_2,retrospective,d740aad30f00509f4e70,11,10,False,False
outer_2,retrospective,8be290efa757cc10440a,11,10,False,False
outer_2,retrospective,c2a1cb40fea667d45ee3,11,10,False,False
outer_2,retrospective,874dbf401fbfe9e05cba,11,10,False,False
outer_2,retrospective,bb814f766b71f619172f,11,10,False,False
outer_2,retrospective,9594f3c772005f40709a,11,10,False,False
outer_2,retrospective,90acf4be46a7c5741ee9,11,10,False,False
outer_2,retrospective,a19f8e591d0fcaf460ca,11,10,False,False
outer_2,retrospective,223bd25a1986bddd3baa,11,10,False,False
outer_2,retrospective,5e869e08c2aed018bf72,11,10,False,False
outer_2,retrospective,c888575a871bd015fa50,11,10,False,False
outer_2,retrospective,c853fe5742e3d477840f,11,10,False,False
outer_2,retrospective,874cdd888642c9f1abcc,11,10,False,False
outer_2,retrospective,838e584cba38914ec012,11,10,False,False
outer_2,retrospective,2858bdf489e7089d434d,11,10,False,False
outer_2,retrospective,8d6bc01f9a16c70de383,11,10,False,False
outer_2,retrospective,774e1ca42b6fc96b8d76,11,10,False,False
outer_2,retrospective,7c49fddb57ce0ec15d3a,11,10,False,False
outer_2,retrospective,f7643efbd65e14d9e129,11,10,False,False
outer_2,retrospective,fd575998196eabac929e,11,10,False,False
outer_2,retrospective,bd39de29bc5acfa17d5d,11,10,False,False
outer_2,retrospective,f6f96256e43737dc7d76,11,10,False,False
outer_2,retrospective,56c227384c84739d4d59,11,10,False,False
outer_2,retrospective,4dade8e79f2ea291720c,11,10,False,False
outer_2,retrospective,735ffb7543b67724b0a8,11,10,False,False
outer_2,retrospective,8d55a1a10f2a0574f939,11,10,False,False
outer_2,retrospective,2611d5a613d3f7ba6826,11,10,False,False
outer_2,retrospective,005aeed48b53df384006,11,10,False,False
outer_2,retrospective,c9573ee2f5ea8e84be7b,11,10,False,False
outer_2,retrospective,5c626aa0121919e98c2a,11,10,False,False
outer_2,retrospective,a026b61907051ca9aac8,11,10,False,False
outer_2,retrospective,b22d678c4539e99ed400,11,10,False,False
outer_2,retrospective,b2901af056a605c93184,11,10,False,False
outer_2,retrospective,37a0692e686e1528d545,11,10,False,False
outer_2,retrospective,028d82052136b5b18507,11,10,False,False
outer_2,retrospective,888afe7ee36bd18b0f1b,11,10,False,False
outer_2,retrospective,c856e3177eba65cc7156,11,10,False,False
outer_2,retrospective,62b0e0cdc41b50cf50ff,11,10,False,False
outer_2,retrospective,18773e79b3440d864afb,11,10,False,False
outer_2,retrospective,46168fb53356caf30cb9,11,10,False,False
outer_2,retrospective,a1e639c3c21a87ba4a9e,11,10,False,False
outer_2,retrospective,6250e2a91e721eeed9a6,11,10,False,False
outer_2,retrospective,2656d3add865fd1c3323,11,10,False,False
outer_2,retrospective,21875bdd674560402390,11,10,False,False
outer_2,retrospective,837014f8d2e37cb3a110,11,10,False,False
outer_2,retrospective,cd9069c65e9d0547cb8d,11,10,False,False
outer_2,retrospective,6abb7ef05ea0a89cc9bb,11,10,False,False
outer_2,retrospective,1e504d568421566a9d23,11,10,False,False
outer_2,retrospective,b0a2625855348c9c9a94,11,10,False,False
outer_2,retrospective,30036149fa0b55fefc28,11,10,False,False
outer_2,retrospective,4219fb79ba1ee16c1c01,11,10,False,False
outer_2,retrospective,11b03262e0ce339a2f9c,11,10,False,False
outer_2,retrospective,6d7272fdec18658ca6b3,11,10,False,False
outer_2,retrospective,d1cde0857cd77b7cc2cd,11,10,False,False
outer_2,retrospective,c13cb0ed0c4a4afc371e,11,10,False,False
outer_2,retrospective,3759837a0075061df68a,11,10,False,False
outer_2,retrospective,4c73534d684a3116a73c,11,10,False,False
outer_2,retrospective,9a870213ae04a554cff1,11,10,False,False
outer_2,retrospective,f5dc6cfd19b7c570b88e,11,10,False,False
outer_2,retrospective,d1a09d39b04c662561c7,11,10,False,False
outer_2,retrospective,515f1018b9ad1771055b,11,10,False,False
outer_2,retrospective,64c126df8c07338aa957,11,10,False,False
outer_2,retrospective,ad3757c58e1757a40875,11,10,False,False
outer_2,retrospective,84778f43d7bec784f7c6,11,10,False,False
outer_2,retrospective,c145ab08636103b5a86d,11,10,False,False
outer_2,retrospective,dd8272943ec2aa21642d,11,10,False,False
outer_2,retrospective,2752a6a639957b0175db,11,10,False,False
outer_2,retrospective,35eb30a15ace25f87b3f,11,10,False,False
outer_2,retrospective,f7ad18590ddb3ed17bca,11,10,False,False
outer_2,retrospective,e537a6d52d6d38a79649,11,10,False,False
outer_2,retrospective,547f843cc7abfc16a90f,11,10,False,False
outer_2,retrospective,30490a7ec04bad6f5ad3,11,10,False,False
outer_2,retrospective,1252bc43010f2e1806a7,11,10,False,False
outer_2,retrospective,48b24502c35a34a9d270,11,10,False,False
outer_2,retrospective,fb8433566ba1966a8b5d,11,10,False,False
outer_2,retrospective,fb4846caac2397f192a5,11,10,False,False
outer_2,retrospective,dd673076ab114319d60b,11,10,False,False
outer_2,retrospective,6dcf1d216a685c054c7d,11,10,False,False
outer_2,retrospective,27daee9bdd773d7df726,11,10,False,False
outer_2,retrospective,f5822879b857e610242b,11,10,False,False
outer_2,retrospective,3e98716b0d5d53f8b96e,11,10,False,False
outer_2,retrospective,df02440332f0633707f1,11,10,False,False
outer_2,retrospective,c4bc2de7cbe95466f059,11,10,False,False
outer_2,retrospective,f3708373f1592353fed9,11,10,False,False
outer_2,retrospective,2ed601f8363344287667,11,10,False,False
outer_2,retrospective,22a4b8985d7779eb27d1,11,10,False,False
outer_2,retrospective,84401df588888d7bc7e7,11,10,False,False
outer_2,retrospective,2d348c29108d66b3a81e,11,10,False,False
outer_2,retrospective,232b5dc71fe20c6e2285,11,10,False,False
outer_2,retrospective,be9e0747a046cfd72627,11,10,False,False
outer_2,retrospective,485553f4b7e85a826673,11,10,False,False
outer_2,retrospective,303d456bd75b11c695e3,11,10,False,False
outer_2,retrospective,af31252908d103285e3b,11,10,False,False
outer_2,retrospective,6e763d77037bc6feb98e,11,10,False,False
outer_2,retrospective,c98729cc188bf8fecf79,11,10,False,False
outer_2,retrospective,d1edfb07cb07ca1aa5f6,11,10,False,False
outer_2,retrospective,7b1c47765cf45f19354b,11,10,False,False
outer_2,retrospective,f1bc676216b973069c2d,11,10,False,False
outer_2,retrospective,7fdabeee3d116e9998b7,11,10,False,False
outer_2,retrospective,bf767151439f709d9384,11,10,False,False
outer_2,retrospective,00f6f5454b59a74aed6e,11,10,False,False
outer_2,retrospective,56a6e64eaaeca159b532,11,10,False,False
outer_2,retrospective,2bfa25c9e7cb987ad8b3,11,10,False,False
outer_2,retrospective,df4863cd2229a0b2c21b,11,10,False,False
outer_2,retrospective,3529b159b651866bec49,11,10,False,False
outer_2,retrospective,3a51b1943a6ff6fee521,11,10,False,False
outer_2,retrospective,53a5a7988c4177aaae82,11,10,False,False
outer_2,retrospective,a64884767ec5eaefa1b4,11,10,False,False
outer_2,retrospective,a3da09a6352d41d3362a,11,10,False,False
outer_2,retrospective,24509589c5432303b3be,11,10,False,False
outer_2,retrospective,574d6a9334cf5f307fca,11,10,False,False
outer_2,retrospective,1464a72b7d6636b5fee5,11,10,False,False
outer_2,retrospective,cd9f01489966caf1d4e0,11,10,False,False
outer_2,retrospective,15604f34f429a913822b,11,10,False,False
outer_2,retrospective,e3f6f743b2a0d1e2b432,11,10,False,False
outer_2,retrospective,e5806d3627ce9ff244ab,11,10,False,False
outer_2,retrospective,c4b9c1349a47001c15d5,11,10,False,False
outer_2,retrospective,ec4f20187ff9dc5fa44f,11,10,False,False
outer_2,retrospective,ca84a4e2e2501ea92938,11,10,False,False
outer_2,retrospective,7463a7df1863b80675d3,11,10,False,False
outer_2,retrospective,0d24074e4fe7edbbc1f2,11,10,False,False
outer_2,retrospective,837821850aa2fafbfb75,11,10,False,False
outer_2,retrospective,2b5264b0af7894537701,11,10,False,False
outer_2,retrospective,e89d3d620b3a84a41e95,11,10,False,False
outer_2,retrospective,0367165ba72dacdd939e,11,10,False,False
outer_2,retrospective,8105b59e014fa13c4167,11,10,False,False
outer_2,retrospective,0aae7e22ad5e7af6fea7,11,10,False,False
outer_2,retrospective,3a48bc4d5bf64916dbed,11,10,False,False
outer_2,retrospective,c010ebb45a245555c906,11,10,False,False
outer_2,retrospective,c615ed8540869bf763ea,11,10,False,False
outer_2,retrospective,f63b22c3f3484e0c10a2,11,10,False,False
outer_2,retrospective,ff2a2cfef8457c2e09b6,11,10,False,False
outer_2,retrospective,6e22c8f4750ab1cabb0a,11,10,False,False
outer_2,retrospective,02734d7cbf1070cd7441,11,10,False,False
outer_2,retrospective,6c88d768f5af5e948c87,11,10,False,False
outer_2,retrospective,b48b1f2532cb6f83547a,11,10,False,False
outer_2,retrospective,2aa01f566f759ec68752,11,10,False,False
outer_2,retrospective,1444f238b3146661b7d3,11,10,False,False
outer_2,retrospective,124d8145701e954b1987,11,10,False,False
outer_2,retrospective,f98977119e15104bd8d0,11,10,False,False
outer_2,retrospective,d0da2ec91ce83314dce2,11,10,False,False
outer_2,retrospective,0dfc20200f64b1fd3bc9,11,10,False,False
outer_2,retrospective,99275ba4419ee9ac7777,11,10,False,False
outer_2,retrospective,bb393ee9755bd8555b37,11,10,False,False
outer_2,retrospective,9d910d410dc12e312822,11,10,False,False
outer_2,retrospective,642dc51c5ab07767918e,11,10,False,False
outer_2,retrospective,aca62bf8faac832af3d9,11,10,False,False
outer_2,retrospective,cffce9daa2b8e9477323,11,10,False,False
outer_2,retrospective,b4155aece30233e1d5ed,11,10,False,False
outer_2,retrospective,1132f4156f827111728b,11,10,False,False
outer_2,retrospective,d6e70e849f1f69207304,11,10,False,False
outer_2,retrospective,ffa4fdca6ed57d7511d5,11,10,False,False
outer_2,retrospective,4b981eecb202f448fcfe,11,10,False,False
outer_2,retrospective,069bc23ef6035c9ec17d,11,10,False,False
outer_2,retrospective,7113e6896f1c7824ab55,11,10,False,False
outer_2,retrospective,f7cb44bb82f2475e4dc8,11,10,False,False
outer_2,retrospective,ee17015b752e32752692,11,10,False,False
outer_2,retrospective,653013e308a8de7dfbae,11,10,False,False
outer_2,retrospective,cd92bd6c80037ba098c4,11,10,False,False
outer_2,retrospective,6b6f77a9d074a05a7dd1,11,10,False,False
outer_2,retrospective,bae00ce684ed453a2c2b,11,10,False,False
outer_2,retrospective,54eca18e197e3157bee5,11,10,False,False
outer_2,retrospective,56a5eeb6c2fa58d13afb,11,10,False,False
outer_2,retrospective,4c1fe33cb3d132e8cb25,11,10,False,False
outer_2,retrospective,662a67b76e242161f07a,11,10,False,False
outer_2,retrospective,e1b0a781e17b54b91ada,11,10,False,False
outer_2,retrospective,d0bd79be9d82b3867ed5,11,10,False,False
outer_2,retrospective,b3780863a96414cbaa5a,11,10,False,False
outer_2,retrospective,44074a3d445e53fd55a5,11,10,False,False
outer_2,retrospective,7d02782d14f3a5a80206,11,10,False,False
outer_2,retrospective,545dd5c461c2d3d896a0,11,10,False,False
outer_2,retrospective,53376cca2095770643d5,11,10,False,False
outer_2,retrospective,6873cd3c5474b847d7a9,11,10,False,False
outer_2,retrospective,2b3f19bc892ebb58d193,11,10,False,False
outer_2,retrospective,40f39bc8ee9bbd06742b,11,10,False,False
outer_2,retrospective,6bbce4b304423e538ad5,11,10,False,False
outer_2,retrospective,090447a29db544a0760e,11,10,False,False
outer_3,completed,f134708f5da7f0cd73a9,11,10,False,False
outer_3,completed,5da523d6eed7bd968a1b,11,10,False,False
outer_3,completed,c0007d8b42cdf1c37c39,11,10,False,False
outer_3,completed,5ca7ec914f5ccf7979fd,11,10,False,False
outer_3,completed,ec9f5dc21a7414613994,11,10,False,False
outer_3,completed,56285e30920f24603915,11,10,False,False
outer_3,completed,59689a8fdc2483a9eaa8,11,10,False,False
outer_3,completed,e837e070d2ea8e37ddda,11,10,False,False
outer_3,completed,c9a5a608969d27ba5e73,11,10,False,False
outer_3,completed,e6adb9d3284f9b00b28e,11,10,False,False
outer_3,completed,cf0fcaca5bc2873f1e01,11,10,False,False
outer_3,completed,aa24c6f2f6a3023d691a,11,10,False,False
outer_3,completed,3dd57d9fdd776e357eaf,11,10,False,False
outer_3,completed,16c49fe3d236e6dcac26,11,10,False,False
outer_3,completed,6a13da5084d0cc0c3e6e,11,10,False,False
outer_3,completed,aa5cc7417a905c44e9a2,11,10,False,False
outer_3,completed,ea1f4e2bad8dfa1feae6,11,10,False,False
outer_3,completed,7aea696afcfaa5dcede5,11,10,False,False
outer_3,completed,1c73d15d659a1fc6c078,11,10,False,False
outer_3,completed,49dda8df40073a4b02f6,11,10,False,False
outer_3,completed,67447f788ed02751d0bb,11,10,False,False
outer_3,completed,9844155ff08dce109c32,11,10,False,False
outer_3,completed,c7d7ecd298b903d9ae0c,11,10,False,False
outer_3,completed,c4a7365b054578be88b2,11,10,False,False
outer_3,completed,ca80b67a59cf0bfeb6a9,11,10,False,False
outer_3,completed,460e20712c0730bc5c27,11,10,False,False
outer_3,completed,cdc324d89f6f41525876,11,10,False,False
outer_3,completed,18f0d5c4998b1b711579,11,10,False,False
outer_3,completed,15b6db5e8346be4e8ba4,11,10,False,False
outer_3,completed,9f9baddf7e6e1174af7c,11,10,False,False
outer_3,completed,1c5a78ca58406a28446f,11,10,False,False
outer_3,completed,316439e3aa54e972e5d7,11,10,False,False
outer_3,completed,0d911dc5876d64315ab2,11,10,False,False
outer_3,completed,fc1f7f598876ee3796fd,11,10,False,False
outer_3,completed,6cf7a396c0d2acda6133,11,10,False,False
outer_3,completed,7d17016484107a91f038,11,10,False,False
outer_3,completed,ae01acbc2353602d8ae7,11,10,False,False
outer_3,completed,a1afc1eef52bfecee113,11,10,False,False
outer_3,completed,bcd497440511d1a05cfe,11,10,False,False
outer_3,completed,76b6da53a416855e5df1,11,10,False,False
outer_3,completed,4ff37586c6c8ffad92ad,11,10,False,False
outer_3,completed,743e9e2b9a14d599701c,11,10,False,False
outer_3,completed,444fa9f7c2b423bf8210,11,10,False,False
outer_3,completed,97f628aa9110634911f7,11,10,False,False
outer_3,completed,f1b0f25693cf735a7f6d,11,10,False,False
outer_3,completed,9ce580e46f16897b8625,11,10,False,False
outer_3,completed,f35ccb7ccf33290118c2,11,10,False,False
outer_3,completed,33e694020f195d19b2ad,11,10,False,False
outer_3,completed,bd65e450bee3d734c5ee,11,10,False,False
outer_3,completed,c15560b98e20e870773f,11,10,False,False
outer_3,completed,011fd4732dd77f6e6bb6,11,10,False,False
outer_3,completed,a66d9d8c7461cc0ab4e0,11,10,False,False
outer_3,completed,66f3447ff62942ce8431,11,10,False,False
outer_3,completed,9c211efcaceb871fefdd,11,10,False,False
outer_3,completed,f769cdc6d0970adf0739,11,10,False,False
outer_3,completed,51b053c3683cb27b71df,11,10,False,False
outer_3,completed,3bbcef4146c09b634291,11,10,False,False
outer_3,completed,9c958e926e32e649d036,11,10,False,False
outer_3,completed,eaea71326259baabc694,11,10,False,False
outer_3,completed,1710fa1149cc2b1a14c9,11,10,False,False
outer_3,completed,6116fd772158e989f987,11,10,False,False
outer_3,completed,e5eedcb5926c0c840d55,11,10,False,False
outer_3,completed,779c5c78ff41bc2601f5,11,10,False,False
outer_3,completed,2db418cc26c3d579b120,11,10,False,False
outer_3,completed,1f6aeb870dff94d268b0,11,10,False,False
outer_3,completed,1a40b583c597da690c5c,11,10,False,False
outer_3,completed,570bfb8bc3cf199c06bd,11,10,False,False
outer_3,completed,3be3cf6153b0eff72db7,11,10,False,False
outer_3,completed,cc32ffe7875ad0e84f7f,11,10,False,False
outer_3,completed,c3fe7a21d3641a3a923c,11,10,False,False
outer_3,completed,3fe4b72e87264bfb8209,11,10,False,False
outer_3,completed,c032aca0930cd5fc14d5,11,10,False,False
outer_3,completed,56a54d3e7d6ebcef1022,11,10,False,False
outer_3,completed,6bb8e9513f95f6e1fe61,11,10,False,False
outer_3,completed,09fac131c4abaa5193bd,11,10,False,False
outer_3,completed,60f5b846802f1aff92d6,11,10,False,False
outer_3,completed,0f2105a01fa940506c57,11,10,False,False
outer_3,completed,b11874d303800dc0cf32,11,10,False,False
outer_3,completed,bcfdc45d797fdbdb7341,11,10,False,False
outer_3,completed,f041e1ab3a16883a0a49,11,10,False,False
outer_3,completed,8d25dfc343ac121c4142,11,10,False,False
outer_3,completed,aede6444657ef50559b5,11,10,False,False
outer_3,completed,8f5ef1d1384699457a80,11,10,False,False
outer_3,completed,3161f22049d419dfee26,11,10,False,False
outer_3,completed,d618dc514a4646712e4c,11,10,False,False
outer_3,completed,afb4a572d9fe562e7779,11,10,False,False
outer_3,completed,cac61fb0acd34c77eabe,11,10,False,False
outer_3,completed,2573becf1145706ae46c,11,10,False,False
outer_3,completed,28965af9a320d41be0bc,11,10,False,False
outer_3,completed,44f6afd9cfb931b82a8a,11,10,False,False
outer_3,completed,dc9bf793c350d300314e,11,10,False,False
outer_3,completed,54533ac338be7d35ddf3,11,10,False,False
outer_3,completed,73c0ed135fd00f62694b,11,10,False,False
outer_3,completed,1514938f41dfe7fec825,11,10,False,False
outer_3,completed,a31689b13316de1a985b,11,10,False,False
outer_3,completed,9e679115c465cbbb98f9,11,10,False,False
outer_3,completed,c03189170f34e5b9f9fe,11,10,False,False
outer_3,completed,62e38bba327a1002cd87,11,10,False,False
outer_3,completed,8d7a8913b04ebbfa3dfa,11,10,False,False
outer_3,completed,331d90f1bd532665407b,11,10,False,False
outer_3,completed,89f3f6adcb64bc94ef7b,11,10,False,False
outer_3,completed,140fdf8f0a72735e6a9e,11,10,False,False
outer_3,completed,e5785980221b076655cc,11,10,False,False
outer_3,completed,749b3a238fe49f369fe6,11,10,False,False
outer_3,completed,ea21ab8875312c50a43e,11,10,False,False
outer_3,completed,b98acf54ba03d672ee2e,11,10,False,False
outer_3,completed,d31a8f1f04ad276b4bd9,11,10,False,False
outer_3,completed,31a27cc61f0ac68b284a,11,10,False,False
outer_3,completed,fa2d9e502e8654b0657e,11,10,False,False
outer_3,completed,699940e90312cc265fe4,11,10,False,False
outer_3,completed,6fd61f57b65db9909f4e,11,10,False,False
outer_3,completed,c104c86ea600e91c57d8,11,10,False,False
outer_3,completed,6f93acfdf2128dc62734,11,10,False,False
outer_3,completed,0d1331cbc24b3d76d48c,11,10,False,False
outer_3,completed,1e2c3ea7007af687e32c,11,10,False,False
outer_3,completed,ec3da436480713bcbb47,11,10,False,False
outer_3,completed,224ba936b0adcd0d0089,11,10,False,False
outer_3,completed,6979b8f025ae78e6fa07,11,10,False,False
outer_3,completed,e723b0615d516d626705,11,10,False,False
outer_3,completed,f350d4e7a2df45ab2248,11,10,False,False
outer_3,completed,4181984f5129bb85acc8,11,10,False,False
outer_3,completed,ba91575922f48e08501f,11,10,False,False
outer_3,completed,f62a490263a5fd11818c,11,10,False,False
outer_3,completed,60c3f4448743be082754,11,10,False,False
outer_3,completed,af8fdb6b7cc73316503f,11,10,False,False
outer_3,completed,ce5e77b0b38275d9a5d0,11,10,False,False
outer_3,completed,57aa3e4509af876c48b5,11,10,False,False
outer_3,completed,71c47cdd099130d81726,11,10,False,False
outer_3,completed,be0398524841bd482a1e,11,10,False,False
outer_3,completed,229b0f025b780a5c74bd,11,10,False,False
outer_3,completed,ad62c398bab074e2b1e3,11,10,False,False
outer_3,completed,22a7e66b953a4a37b7ff,11,10,False,False
outer_3,completed,a47109d0499cbbfd1dbc,11,10,False,False
outer_3,completed,5fbcfd19bb7d3e1a25ac,11,10,False,False
outer_3,completed,0b75c7c84f6e9d9a304a,11,10,False,False
outer_3,completed,1cc84c2531253c75b30f,11,10,False,False
outer_3,completed,681c1c9c22d0c70fbcd5,11,10,False,False
outer_3,completed,7376584a67fae2bf8c16,11,10,False,False
outer_3,completed,01cd0ec5cb81133b593a,11,10,False,False
outer_3,completed,0163f0fd20a1ef5705a4,11,10,False,False
outer_3,completed,a8b83ac625d7b0994c82,11,10,False,False
outer_3,completed,49501a1730dbfb7a5b50,11,10,False,False
outer_3,completed,8ce28604617f8aabe03c,11,10,False,False
outer_3,completed,3f053a969d997439815a,11,10,False,False
outer_3,completed,481536a8677e2cee6651,11,10,False,False
outer_3,completed,78f0c2e5cda9415ecec3,11,10,False,True
outer_3,completed,34f310178e075d99205a,11,10,False,False
outer_3,completed,8548af404911eb2ffa46,11,10,False,False
outer_3,completed,10e76beac988bc515e7c,11,10,False,False
outer_3,completed,c59ddde0eb6a3fdb215a,11,10,False,False
outer_3,completed,6e9fa8dca971de910b49,11,10,False,False
outer_3,completed,953bc9f0e622d1e7df80,11,10,False,False
outer_3,completed,88e8675a59d4e5713eb7,11,10,False,False
outer_3,completed,e1bb389e545c22e6a350,11,10,False,False
outer_3,completed,31c68c2da2f809e1093b,11,10,False,False
outer_3,completed,80f1b955eb93b1dd3566,11,10,False,False
outer_3,completed,01b7380184cf03c0bb58,11,10,False,False
outer_3,completed,f0e7a965ef05b9e828cd,11,10,False,False
outer_3,completed,b59d7181861c3ee9dcc5,11,10,False,False
outer_3,completed,0ac91e18581eb68c3b6e,11,10,False,False
outer_3,completed,6ffeebeec6872f40e615,11,10,False,False
outer_3,completed,1f1fdf0663be8a35c472,11,10,False,False
outer_3,completed,fc44618a9cc329c1a3f4,11,10,False,False
outer_3,completed,982b6fc015c386d3c93d,11,10,False,False
outer_3,completed,62fb834dea27588c190a,11,10,False,False
outer_3,completed,c483d6782c156b008465,11,10,False,False
outer_3,completed,bd730a0d65823f56b11a,11,10,False,False
outer_3,completed,d3a372c400c8ee905193,11,10,False,False
outer_3,completed,c0c39f5c7ffd4e39677b,11,10,False,False
outer_3,completed,9bbfe52b8cad151c51a0,11,10,False,False
outer_3,completed,3bc9a5d16b24986c272b,11,10,False,False
outer_3,completed,a5164bdf066dc3f4b8bc,11,10,False,False
outer_3,completed,cc1c7e7bb3453f332aef,11,10,False,False
outer_3,completed,2c3474d0bb09c8f320e1,11,10,False,False
outer_3,completed,f516c38f59228d1cd1f4,11,10,False,False
outer_3,completed,64573da3c014908637ad,11,10,False,False
outer_3,completed,076e30e0620239cf6938,11,10,False,False
outer_3,completed,5a86ebac74ea872e7212,11,10,False,False
outer_3,completed,09c5b4784df30aa69840,11,10,False,False
outer_3,completed,720c6bf3c1a4a585bcc6,11,10,False,False
outer_3,completed,d60b24f42a865629392f,11,10,False,False
outer_3,completed,bd23fbfa77123a96c177,11,10,False,False
outer_3,completed,42016882fbf1cf7fe1e0,11,10,False,False
outer_3,completed,71094dd52afab663d8ef,11,10,False,False
outer_3,completed,4e4cdda9a8614436bbd0,11,10,False,False
outer_3,completed,1fb0e0bdb3a4caa69ed8,11,10,False,False
outer_3,completed,9a680da08c47f0cce843,11,10,False,False
outer_3,completed,8057ef80f65da28a25ad,11,10,False,False
outer_3,retrospective,f134708f5da7f0cd73a9,11,10,False,False
outer_3,retrospective,5da523d6eed7bd968a1b,11,10,False,False
outer_3,retrospective,c0007d8b42cdf1c37c39,11,10,False,False
outer_3,retrospective,5ca7ec914f5ccf7979fd,11,10,False,False
outer_3,retrospective,ec9f5dc21a7414613994,11,10,False,False
outer_3,retrospective,56285e30920f24603915,11,10,False,False
outer_3,retrospective,59689a8fdc2483a9eaa8,11,10,False,False
outer_3,retrospective,e837e070d2ea8e37ddda,11,10,False,False
outer_3,retrospective,c9a5a608969d27ba5e73,11,10,False,False
outer_3,retrospective,e6adb9d3284f9b00b28e,11,10,False,False
outer_3,retrospective,cf0fcaca5bc2873f1e01,11,10,False,False
outer_3,retrospective,aa24c6f2f6a3023d691a,11,10,False,False
outer_3,retrospective,3dd57d9fdd776e357eaf,11,10,False,False
outer_3,retrospective,16c49fe3d236e6dcac26,11,10,False,False
outer_3,retrospective,6a13da5084d0cc0c3e6e,11,10,False,False
outer_3,retrospective,aa5cc7417a905c44e9a2,11,10,False,False
outer_3,retrospective,ea1f4e2bad8dfa1feae6,11,10,False,False
outer_3,retrospective,7aea696afcfaa5dcede5,11,10,False,False
outer_3,retrospective,1c73d15d659a1fc6c078,11,10,False,False
outer_3,retrospective,49dda8df40073a4b02f6,11,10,False,False
outer_3,retrospective,67447f788ed02751d0bb,11,10,False,False
outer_3,retrospective,9844155ff08dce109c32,11,10,False,False
outer_3,retrospective,c7d7ecd298b903d9ae0c,11,10,False,False
outer_3,retrospective,c4a7365b054578be88b2,11,10,False,False
outer_3,retrospective,ca80b67a59cf0bfeb6a9,11,10,False,False
outer_3,retrospective,460e20712c0730bc5c27,11,10,False,False
outer_3,retrospective,cdc324d89f6f41525876,11,10,False,False
outer_3,retrospective,18f0d5c4998b1b711579,11,10,False,False
outer_3,retrospective,15b6db5e8346be4e8ba4,11,10,False,False
outer_3,retrospective,9f9baddf7e6e1174af7c,11,10,False,False
outer_3,retrospective,1c5a78ca58406a28446f,11,10,False,False
outer_3,retrospective,316439e3aa54e972e5d7,11,10,False,False
outer_3,retrospective,0d911dc5876d64315ab2,11,10,False,False
outer_3,retrospective,fc1f7f598876ee3796fd,11,10,False,False
outer_3,retrospective,6cf7a396c0d2acda6133,11,10,False,False
outer_3,retrospective,7d17016484107a91f038,11,10,False,False
outer_3,retrospective,ae01acbc2353602d8ae7,11,10,False,False
outer_3,retrospective,a1afc1eef52bfecee113,11,10,False,False
outer_3,retrospective,bcd497440511d1a05cfe,11,10,False,False
outer_3,retrospective,76b6da53a416855e5df1,11,10,False,False
outer_3,retrospective,4ff37586c6c8ffad92ad,11,10,False,False
outer_3,retrospective,743e9e2b9a14d599701c,11,10,False,False
outer_3,retrospective,444fa9f7c2b423bf8210,11,10,False,False
outer_3,retrospective,97f628aa9110634911f7,11,10,False,False
outer_3,retrospective,f1b0f25693cf735a7f6d,11,10,False,False
outer_3,retrospective,9ce580e46f16897b8625,11,10,False,False
outer_3,retrospective,f35ccb7ccf33290118c2,11,10,False,False
outer_3,retrospective,33e694020f195d19b2ad,11,10,False,False
outer_3,retrospective,bd65e450bee3d734c5ee,11,10,False,False
outer_3,retrospective,c15560b98e20e870773f,11,10,False,False
outer_3,retrospective,011fd4732dd77f6e6bb6,11,10,False,False
outer_3,retrospective,a66d9d8c7461cc0ab4e0,11,10,False,False
outer_3,retrospective,66f3447ff62942ce8431,11,10,False,False
outer_3,retrospective,9c211efcaceb871fefdd,11,10,False,False
outer_3,retrospective,f769cdc6d0970adf0739,11,10,False,False
outer_3,retrospective,51b053c3683cb27b71df,11,10,False,False
outer_3,retrospective,3bbcef4146c09b634291,11,10,False,False
outer_3,retrospective,9c958e926e32e649d036,11,10,False,False
outer_3,retrospective,eaea71326259baabc694,11,10,False,False
outer_3,retrospective,1710fa1149cc2b1a14c9,11,10,False,False
outer_3,retrospective,6116fd772158e989f987,11,10,False,False
outer_3,retrospective,e5eedcb5926c0c840d55,11,10,False,False
outer_3,retrospective,779c5c78ff41bc2601f5,11,10,False,False
outer_3,retrospective,2db418cc26c3d579b120,11,10,False,False
outer_3,retrospective,1f6aeb870dff94d268b0,11,10,False,False
outer_3,retrospective,1a40b583c597da690c5c,11,10,False,False
outer_3,retrospective,570bfb8bc3cf199c06bd,11,10,False,False
outer_3,retrospective,3be3cf6153b0eff72db7,11,10,False,False
outer_3,retrospective,cc32ffe7875ad0e84f7f,11,10,False,False
outer_3,retrospective,c3fe7a21d3641a3a923c,11,10,False,False
outer_3,retrospective,3fe4b72e87264bfb8209,11,10,False,False
outer_3,retrospective,c032aca0930cd5fc14d5,11,10,False,False
outer_3,retrospective,56a54d3e7d6ebcef1022,11,10,False,False
outer_3,retrospective,6bb8e9513f95f6e1fe61,11,10,False,False
outer_3,retrospective,09fac131c4abaa5193bd,11,10,False,False
outer_3,retrospective,60f5b846802f1aff92d6,11,10,False,False
outer_3,retrospective,0f2105a01fa940506c57,11,10,False,False
outer_3,retrospective,b11874d303800dc0cf32,11,10,False,False
outer_3,retrospective,bcfdc45d797fdbdb7341,11,10,False,False
outer_3,retrospective,f041e1ab3a16883a0a49,11,10,False,False
outer_3,retrospective,8d25dfc343ac121c4142,11,10,False,False
outer_3,retrospective,aede6444657ef50559b5,11,10,False,False
outer_3,retrospective,8f5ef1d1384699457a80,11,10,False,False
outer_3,retrospective,3161f22049d419dfee26,11,10,False,False
outer_3,retrospective,d618dc514a4646712e4c,11,10,False,False
outer_3,retrospective,afb4a572d9fe562e7779,11,10,False,False
outer_3,retrospective,cac61fb0acd34c77eabe,11,10,False,False
outer_3,retrospective,2573becf1145706ae46c,11,10,False,False
outer_3,retrospective,28965af9a320d41be0bc,11,10,False,False
outer_3,retrospective,44f6afd9cfb931b82a8a,11,10,False,False
outer_3,retrospective,dc9bf793c350d300314e,11,10,False,False
outer_3,retrospective,54533ac338be7d35ddf3,11,10,False,False
outer_3,retrospective,73c0ed135fd00f62694b,11,10,False,False
outer_3,retrospective,1514938f41dfe7fec825,11,10,False,False
outer_3,retrospective,a31689b13316de1a985b,11,10,False,False
outer_3,retrospective,9e679115c465cbbb98f9,11,10,False,False
outer_3,retrospective,c03189170f34e5b9f9fe,11,10,False,False
outer_3,retrospective,62e38bba327a1002cd87,11,10,False,False
outer_3,retrospective,8d7a8913b04ebbfa3dfa,11,10,False,False
outer_3,retrospective,331d90f1bd532665407b,11,10,False,False
outer_3,retrospective,89f3f6adcb64bc94ef7b,11,10,False,False
outer_3,retrospective,140fdf8f0a72735e6a9e,11,10,False,False
outer_3,retrospective,e5785980221b076655cc,11,10,False,False
outer_3,retrospective,749b3a238fe49f369fe6,11,10,False,False
outer_3,retrospective,ea21ab8875312c50a43e,11,10,False,False
outer_3,retrospective,b98acf54ba03d672ee2e,11,10,False,False
outer_3,retrospective,d31a8f1f04ad276b4bd9,11,10,False,False
outer_3,retrospective,31a27cc61f0ac68b284a,11,10,False,False
outer_3,retrospective,fa2d9e502e8654b0657e,11,10,False,False
outer_3,retrospective,699940e90312cc265fe4,11,10,False,False
outer_3,retrospective,6fd61f57b65db9909f4e,11,10,False,False
outer_3,retrospective,c104c86ea600e91c57d8,11,10,False,False
outer_3,retrospective,6f93acfdf2128dc62734,11,10,False,False
outer_3,retrospective,0d1331cbc24b3d76d48c,11,10,False,False
outer_3,retrospective,1e2c3ea7007af687e32c,11,10,False,False
outer_3,retrospective,ec3da436480713bcbb47,11,10,False,False
outer_3,retrospective,224ba936b0adcd0d0089,11,10,False,False
outer_3,retrospective,6979b8f025ae78e6fa07,11,10,False,False
outer_3,retrospective,e723b0615d516d626705,11,10,False,False
outer_3,retrospective,f350d4e7a2df45ab2248,11,10,False,False
outer_3,retrospective,4181984f5129bb85acc8,11,10,False,False
outer_3,retrospective,ba91575922f48e08501f,11,10,False,False
outer_3,retrospective,f62a490263a5fd11818c,11,10,False,False
outer_3,retrospective,60c3f4448743be082754,11,10,False,False
outer_3,retrospective,af8fdb6b7cc73316503f,11,10,False,False
outer_3,retrospective,ce5e77b0b38275d9a5d0,11,10,False,False
outer_3,retrospective,57aa3e4509af876c48b5,11,10,False,False
outer_3,retrospective,71c47cdd099130d81726,11,10,False,False
outer_3,retrospective,be0398524841bd482a1e,11,10,False,False
outer_3,retrospective,229b0f025b780a5c74bd,11,10,False,False
outer_3,retrospective,ad62c398bab074e2b1e3,11,10,False,False
outer_3,retrospective,22a7e66b953a4a37b7ff,11,10,False,False
outer_3,retrospective,a47109d0499cbbfd1dbc,11,10,False,False
outer_3,retrospective,5fbcfd19bb7d3e1a25ac,11,10,False,False
outer_3,retrospective,0b75c7c84f6e9d9a304a,11,10,False,False
outer_3,retrospective,1cc84c2531253c75b30f,11,10,False,False
outer_3,retrospective,681c1c9c22d0c70fbcd5,11,10,False,False
outer_3,retrospective,7376584a67fae2bf8c16,11,10,False,False
outer_3,retrospective,01cd0ec5cb81133b593a,11,10,False,False
outer_3,retrospective,0163f0fd20a1ef5705a4,11,10,False,False
outer_3,retrospective,a8b83ac625d7b0994c82,11,10,False,False
outer_3,retrospective,49501a1730dbfb7a5b50,11,10,False,False
outer_3,retrospective,8ce28604617f8aabe03c,11,10,False,False
outer_3,retrospective,3f053a969d997439815a,11,10,False,False
outer_3,retrospective,481536a8677e2cee6651,11,10,False,False
outer_3,retrospective,78f0c2e5cda9415ecec3,11,10,False,True
outer_3,retrospective,34f310178e075d99205a,11,10,False,False
outer_3,retrospective,8548af404911eb2ffa46,11,10,False,False
outer_3,retrospective,10e76beac988bc515e7c,11,10,False,False
outer_3,retrospective,c59ddde0eb6a3fdb215a,11,10,False,False
outer_3,retrospective,6e9fa8dca971de910b49,11,10,False,False
outer_3,retrospective,953bc9f0e622d1e7df80,11,10,False,False
outer_3,retrospective,88e8675a59d4e5713eb7,11,10,False,False
outer_3,retrospective,e1bb389e545c22e6a350,11,10,False,False
outer_3,retrospective,31c68c2da2f809e1093b,11,10,False,False
outer_3,retrospective,80f1b955eb93b1dd3566,11,10,False,False
outer_3,retrospective,01b7380184cf03c0bb58,11,10,False,False
outer_3,retrospective,f0e7a965ef05b9e828cd,11,10,False,False
outer_3,retrospective,b59d7181861c3ee9dcc5,11,10,False,False
outer_3,retrospective,0ac91e18581eb68c3b6e,11,10,False,False
outer_3,retrospective,6ffeebeec6872f40e615,11,10,False,False
outer_3,retrospective,1f1fdf0663be8a35c472,11,10,False,False
outer_3,retrospective,fc44618a9cc329c1a3f4,11,10,False,False
outer_3,retrospective,982b6fc015c386d3c93d,11,10,False,False
outer_3,retrospective,62fb834dea27588c190a,11,10,False,False
outer_3,retrospective,c483d6782c156b008465,11,10,False,False
outer_3,retrospective,bd730a0d65823f56b11a,11,10,False,False
outer_3,retrospective,d3a372c400c8ee905193,11,10,False,False
outer_3,retrospective,c0c39f5c7ffd4e39677b,11,10,False,False
outer_3,retrospective,9bbfe52b8cad151c51a0,11,10,False,False
outer_3,retrospective,3bc9a5d16b24986c272b,11,10,False,False
outer_3,retrospective,a5164bdf066dc3f4b8bc,11,10,False,False
outer_3,retrospective,cc1c7e7bb3453f332aef,11,10,False,False
outer_3,retrospective,2c3474d0bb09c8f320e1,11,10,False,False
outer_3,retrospective,f516c38f59228d1cd1f4,11,10,False,False
outer_3,retrospective,64573da3c014908637ad,11,10,False,False
outer_3,retrospective,076e30e0620239cf6938,11,10,False,False
outer_3,retrospective,5a86ebac74ea872e7212,11,10,False,False
outer_3,retrospective,09c5b4784df30aa69840,11,10,False,False
outer_3,retrospective,720c6bf3c1a4a585bcc6,11,10,False,False
outer_3,retrospective,d60b24f42a865629392f,11,10,False,False
outer_3,retrospective,bd23fbfa77123a96c177,11,10,False,False
outer_3,retrospective,42016882fbf1cf7fe1e0,11,10,False,False
outer_3,retrospective,71094dd52afab663d8ef,11,10,False,False
outer_3,retrospective,4e4cdda9a8614436bbd0,11,10,False,False
outer_3,retrospective,1fb0e0bdb3a4caa69ed8,11,10,False,False
outer_3,retrospective,9a680da08c47f0cce843,11,10,False,False
outer_3,retrospective,8057ef80f65da28a25ad,11,10,False,False
outer_4,completed,21cbb1a006dc7e34f5f8,11,10,False,False
outer_4,completed,05f124c55ed02953adb0,11,10,False,False
outer_4,completed,68ed55601175ead8ca28,11,10,False,False
outer_4,completed,89829271993d2ffe71f1,11,10,False,False
outer_4,completed,374b5b24a1888b4bb2ba,11,10,False,False
outer_4,completed,0c07aa5e9cdfb3c334b8,11,10,False,False
outer_4,completed,81fe0c021f32a434b9a2,11,10,False,False
outer_4,completed,7efca8681389d862ae84,11,10,False,False
outer_4,completed,1a7d2cb72ceefb8f4398,11,10,False,False
outer_4,completed,b50fb135e6a483789bbe,11,10,False,False
outer_4,completed,6fa26aeab9cc01ae07df,11,10,False,False
outer_4,completed,dc334101fcbf3d2d1b5a,11,10,False,False
outer_4,completed,761cad9cb82bfb552973,11,10,False,False
outer_4,completed,f0ba5479ba8e150b6d61,11,10,False,False
outer_4,completed,9f66967954d52c032568,11,10,False,False
outer_4,completed,cbd9eb83a1f1f04c7b54,11,10,False,False
outer_4,completed,5c7820a1da4114ca2a31,11,10,False,False
outer_4,completed,8e1c8666b8dc9343c74a,11,10,False,False
outer_4,completed,40f5fef1e9b0f15ddc3a,11,10,False,False
outer_4,completed,e35b3bcc1ef4a46ec1af,11,10,False,False
outer_4,completed,135a8ebbf1a6daccab7f,11,10,False,False
outer_4,completed,fca0f185f01e8e588d16,11,10,False,False
outer_4,completed,e202eaa64d4e1dfa76bc,11,10,False,False
outer_4,completed,837efa8dff523738c349,11,10,False,False
outer_4,completed,dacdc5bf837058729173,11,10,False,False
outer_4,completed,cbc1a4b8ea3103253566,11,10,False,False
outer_4,completed,966957523a6585a2e3ad,11,10,False,False
outer_4,completed,178a1c002da8d158274d,11,10,False,False
outer_4,completed,d3619771da7ce9ac734a,11,10,False,False
outer_4,completed,70cf604ff6082b6aa894,11,10,False,False
outer_4,completed,4d2b4d2471bcdf76ef16,11,10,False,False
outer_4,completed,b9234b78b40af45efcd3,11,10,False,False
outer_4,completed,cdd9dabf076957def2dc,11,10,False,False
outer_4,completed,9a4f6dd6f48e408fe5da,11,10,False,False
outer_4,completed,265a6e28d72126817e94,11,10,False,False
outer_4,completed,f206532a18f65c339340,11,10,False,False
outer_4,completed,78050b35d90ded2eb711,11,10,False,False
outer_4,completed,4453ac0b391bb2a19a3f,11,10,False,False
outer_4,completed,acd990997a27f4366f07,11,10,False,False
outer_4,completed,7bbdfd3b5e1ff3695dcb,11,10,False,False
outer_4,completed,9054a139df937cc26fae,11,10,False,False
outer_4,completed,4ccde2b94fc04d20751a,11,10,False,False
outer_4,completed,6a1ad20b0d1a4d8f235d,11,10,False,False
outer_4,completed,0454ae14be4966b1bb1a,11,10,False,False
outer_4,completed,41b430b8f71e2430db30,11,10,False,False
outer_4,completed,d74b0b398248a14297d8,11,10,False,False
outer_4,completed,f99f2e165f0a41acd502,11,10,False,False
outer_4,completed,2d20dd1cab779fb8df18,11,10,False,False
outer_4,completed,2658aea0943749dfe70d,11,10,False,False
outer_4,completed,51e8b6412e9fc0058f27,11,10,False,False
outer_4,completed,9c746ea6b9c9d8d52e58,11,10,False,False
outer_4,completed,5404ae1321f405bb36b3,11,10,False,False
outer_4,completed,376945f11d347a3b7c1c,11,10,False,False
outer_4,completed,9cb79fedd96c00764d89,11,10,False,False
outer_4,completed,0e99c2d00e50135fdcd9,11,10,False,False
outer_4,completed,8a5c35a83fd60e261c7e,11,10,False,False
outer_4,completed,cee2900e532f8409f655,11,10,False,False
outer_4,completed,14b84064f44b2935f1b1,11,10,False,False
outer_4,completed,4a1f7d0e47fc9745ceca,11,10,False,False
outer_4,completed,5abb7d17161063c1ee88,11,10,False,False
outer_4,completed,0a778a2b1c8fe5cc7092,11,10,False,False
outer_4,completed,0927e9e0e70b6fa93979,11,10,False,False
outer_4,completed,bb47175e2ac69dca9bab,11,10,False,False
outer_4,completed,61ff1eebc59f89575616,11,10,False,False
outer_4,completed,946b4f7bae6aac069302,11,10,False,False
outer_4,completed,936fcdb9fff8d1594643,11,10,False,False
outer_4,completed,4df7631500e9ee5610b2,11,10,False,False
outer_4,completed,a5e2e65857d2e2fae5a2,11,10,False,False
outer_4,completed,8649c26e524a08f22d42,11,10,False,False
outer_4,completed,604f3d45cbc8742fbe76,11,10,False,False
outer_4,completed,d38b677ffd60d07f8430,11,10,False,False
outer_4,completed,43a1f8d7a77307c06d5d,11,10,False,True
outer_4,completed,3f1f7b58581d01190688,11,10,False,False
outer_4,completed,1e67e796fe90f318f477,11,10,False,False
outer_4,completed,9babab9a52ff0fc5a9d8,11,10,False,False
outer_4,completed,ed6f17d3f2f173536881,11,10,False,False
outer_4,completed,fb220656294bd4c084da,11,10,False,False
outer_4,completed,feaa507b905db0d5070f,11,10,False,False
outer_4,completed,04d59a2514c150f15587,11,10,False,False
outer_4,completed,d9a439f2851605e53d6c,11,10,False,False
outer_4,completed,5875ec1668fbfb2710a1,11,10,False,False
outer_4,completed,c8f119355338c09cb9b7,11,10,False,False
outer_4,completed,7495bbb0a56f22c9bcec,11,10,False,False
outer_4,completed,0f0fff90d29dd31ba941,11,10,False,False
outer_4,completed,fd08507582d373f380a3,11,10,False,False
outer_4,completed,29d9df64a07dfcd37eac,11,10,False,False
outer_4,completed,4e6a609c1e369a3947cf,11,10,False,False
outer_4,completed,6ee2cb741ecc56268b66,11,10,False,False
outer_4,completed,cd61c8011cd3748af45d,11,10,False,False
outer_4,completed,48c215a12f8ba908f0eb,11,10,False,False
outer_4,completed,9ea0603b72bebb26a870,11,10,False,False
outer_4,completed,9ecfd74c612f2837a79a,11,10,False,False
outer_4,completed,4df1d07f412cf706e243,11,10,False,False
outer_4,completed,6831233f36fcca61117f,11,10,False,False
outer_4,completed,0bd1758e7f6fc2168b74,11,10,False,False
outer_4,completed,778c8bdb5c001b9e6288,11,10,False,False
outer_4,completed,8be50ef59f14a29837d0,11,10,False,False
outer_4,completed,6cd52148c8b5912ca2fc,11,10,False,False
outer_4,completed,9b20c476a02767305def,11,10,False,False
outer_4,completed,e7cbc9fc90643282d110,11,10,False,False
outer_4,completed,c58bf811fb2eb8900c4e,11,10,False,False
outer_4,completed,25c2b93103889d22e8d6,11,10,False,False
outer_4,completed,e9f04cccf57098699293,11,10,False,False
outer_4,completed,b64252634d0bb68f437d,11,10,False,False
outer_4,completed,9df4a7e4269de1d721df,11,10,False,False
outer_4,completed,29382bc7a2754e1873ab,11,10,False,False
outer_4,completed,3f2aae372f6094a1713b,11,10,False,False
outer_4,completed,509554ebfca72c214b02,11,10,False,False
outer_4,completed,c895179e95307502ff4b,11,10,False,False
outer_4,completed,3be68e1e2458de027a03,11,10,False,False
outer_4,completed,91c33a9520b6be31f346,11,10,False,False
outer_4,completed,dc122ce3689c4d0d4e19,11,10,False,False
outer_4,completed,c31c35aeaac0e8b770ab,11,10,False,False
outer_4,completed,460097cfa2de4e9e1edd,11,10,False,False
outer_4,completed,0cbca11e21e0878bfba2,11,10,False,False
outer_4,completed,614d5f5c16c1eeaf7b7a,11,10,False,False
outer_4,completed,2537db9f6a7479d4ced1,11,10,False,False
outer_4,completed,fc79b72649906e6871bf,11,10,False,False
outer_4,completed,0e094cb3015cd946fb4b,11,10,False,False
outer_4,completed,c62c276e0dbb34ee953e,11,10,False,False
outer_4,completed,040fa330cef6f1dec3b8,11,10,False,False
outer_4,completed,85e17cea0949600fea83,11,10,False,False
outer_4,completed,931ec54012c8da018270,11,10,False,False
outer_4,completed,453ab257557a3b1e6f91,11,10,False,False
outer_4,completed,0da647c8d6f4bd982136,11,10,False,False
outer_4,completed,9f901e12f57b2b0c8c22,11,10,False,False
outer_4,completed,8146113cc7cd6c341483,11,10,False,False
outer_4,completed,2a2939c71a2c18a9260d,11,10,False,False
outer_4,completed,706895e70a25b52a0444,11,10,False,False
outer_4,completed,2ec6700e2224a3e08867,11,10,False,False
outer_4,completed,26c63f3c5839c506aaf9,11,10,False,False
outer_4,completed,253cddb18ef60ff680ab,11,10,False,False
outer_4,completed,0503fa7532d16231373b,11,10,False,False
outer_4,completed,12b597cb0c726a3151e4,11,10,False,False
outer_4,completed,475314340343ca883cb9,11,10,False,False
outer_4,completed,af193fd79a005e307209,11,10,False,False
outer_4,completed,d94a9017ec585d437b83,11,10,False,False
outer_4,completed,2cb7373298abc6fa4dc6,11,10,False,False
outer_4,completed,22f89a616e569223c39e,11,10,False,False
outer_4,completed,222edc660ee4209ca385,11,10,False,False
outer_4,completed,df98047b395404f88535,11,10,False,False
outer_4,completed,a6cffe78de3e02bb1ce0,11,10,False,False
outer_4,completed,d2e847dae1a8c81ba82a,11,10,False,False
outer_4,completed,1db3dbf17108dc540eec,11,10,False,False
outer_4,completed,b83fd1ebc6cb05ea1ba2,11,10,False,False
outer_4,completed,e0015240e4f54175ce77,11,10,False,False
outer_4,completed,861f156ee6accea60cc5,11,10,False,False
outer_4,completed,be1c009f94fc2f719790,11,10,False,False
outer_4,completed,53b35b947fc65cfb0b47,11,10,False,False
outer_4,completed,23c437e468750a7cb1f8,11,10,False,False
outer_4,completed,7989764f3fb7e87d5498,11,10,False,False
outer_4,completed,26343912e7f2fac4c0bd,11,10,False,False
outer_4,completed,9a67fb55fe2f2cbe2de3,11,10,False,False
outer_4,completed,d210392121160a1b6f01,11,10,False,False
outer_4,completed,823849dffd8d91c6458b,11,10,False,False
outer_4,completed,1d5589f63a63df3c5bc6,11,10,False,False
outer_4,completed,83dc70480d0d5d74be38,11,10,False,False
outer_4,completed,dacfa0b0564820049e19,11,10,False,False
outer_4,completed,dd9d08bbda62f26ddb7c,11,10,False,False
outer_4,completed,08bde4d49afce0041d4d,11,10,False,False
outer_4,completed,be1a6cd030718a795d9a,11,10,False,False
outer_4,completed,7a684c9c55a0788225dd,11,10,False,False
outer_4,completed,6c04bd525b4373e2a9b0,11,10,False,False
outer_4,completed,becdf9651be28618e8e3,11,10,False,False
outer_4,completed,465d4c727adcab8e31eb,11,10,False,False
outer_4,completed,58571e66aaaa10636710,11,10,False,False
outer_4,completed,0afebc737ab594f1c7b5,11,10,False,False
outer_4,completed,e53befd14cc461cb0766,11,10,False,False
outer_4,completed,927fc0f9d244a350705c,11,10,False,False
outer_4,completed,825503730c841b9dc967,11,10,False,False
outer_4,completed,487fe4bdfec3e53b6f0d,11,10,False,False
outer_4,completed,599487cc2ca6f8f86413,11,10,False,False
outer_4,completed,93f643ef03918000025c,11,10,False,False
outer_4,completed,5c20268fdb686e60e15a,11,10,False,False
outer_4,completed,970a6f390bebb316abca,11,10,False,False
outer_4,completed,7af7fdb40878f9474300,11,10,False,False
outer_4,completed,a49905eef7dd8229f1fe,11,10,False,False
outer_4,completed,f7e81e4ae628b203d4b9,11,10,False,False
outer_4,completed,132c1b81271bab7101a3,11,10,False,False
outer_4,completed,7f49ac0391e66ff66e06,11,10,False,False
outer_4,completed,3b9799fb6f7d990eb3a0,11,10,False,False
outer_4,completed,fa3a141acf64cb6098e8,11,10,False,False
outer_4,completed,c665bec6d4dedb4949dc,11,10,False,False
outer_4,completed,b65b121d6925df5f5233,11,10,False,False
outer_4,completed,0a3371b2f2911c0f1d13,11,10,False,False
outer_4,completed,1947351cf641e50cfd08,11,10,False,False
outer_4,completed,a7f4ab1cfebeb0d1b779,11,10,False,False
outer_4,completed,fdc6b2b433b5592ca012,11,10,False,False
outer_4,completed,e3e44935e8d22fa2ab7b,11,10,False,False
outer_4,completed,2d66d854edf651b287ea,11,10,False,False
outer_4,completed,3f03001701f4dae6e3fe,11,10,False,False
outer_4,completed,39aa390ac4260261ad21,11,10,False,False
outer_4,completed,9f01c980fa1958b2f806,11,10,False,False
outer_4,completed,cf8054ad4e397ee2b106,11,10,False,False
outer_4,completed,186e18e542d83a07c02c,11,10,False,False
outer_4,completed,11f30c2bc548fa0d4998,11,10,False,False
outer_4,completed,47a86e77d08d8d666237,11,10,False,False
outer_4,completed,16f26f32a5d7b9b539a2,11,10,False,False
outer_4,completed,3607962da81ca103a891,11,10,False,False
outer_4,completed,e5e6d346655ab5ed8999,11,10,False,False
outer_4,completed,69f3a61f65c9cc132300,11,10,False,False
outer_4,completed,35552005e2e5bb9437a8,11,10,False,False
outer_4,completed,52c1daa786a22df7c179,11,10,False,False
outer_4,completed,cfa09bcca98a3fc939a3,11,10,False,False
outer_4,completed,c715a0b4ae7af068cb3d,11,10,False,False
outer_4,completed,d7362cca5559460d595e,11,10,False,False
outer_4,completed,84574d21cf8977b52c68,11,10,False,False
outer_4,completed,6ec38443bb3f9efbdea9,11,10,False,False
outer_4,completed,cb3faea45eb5a7a905fe,11,10,False,False
outer_4,completed,c538d6e68f5c2e9ce02b,11,10,False,False
outer_4,completed,b4157959af56aa9ac6a9,11,10,False,False
outer_4,completed,2fdd70803e22d44657ed,11,10,False,False
outer_4,completed,c9d7ae1986a7d957978f,11,10,False,False
outer_4,completed,da119b0997220e516e38,11,10,False,False
outer_4,completed,5cab044b03488f1fe3b0,11,10,False,False
outer_4,completed,4c335302d1bf52e2483d,11,10,False,False
outer_4,completed,6a3b265f56c58fbf4d62,11,10,False,False
outer_4,completed,e11e1ce6eede2fd4dc73,11,10,False,False
outer_4,completed,84934d6b4db7a9fb1e42,11,10,False,False
outer_4,completed,e373421de3fa377678f5,11,10,False,False
outer_4,completed,9fb6cda25a201499ef5c,11,10,False,False
outer_4,completed,31640027af9e817ef346,11,10,False,False
outer_4,completed,7d6a3c1a8b155bd55b51,11,10,False,False
outer_4,completed,4bcf46862e6cc2007b97,11,10,False,False
outer_4,completed,dd4fcd5fe081e53ff3b6,11,10,False,False
outer_4,completed,9ab2ad853957eefb72ec,11,10,False,False
outer_4,completed,6102fc80bf63fb3b7bc7,11,10,False,False
outer_4,completed,7d778bb99f3549b3cc5e,11,10,False,False
outer_4,completed,25a5ea8da1ee614469d8,11,10,False,False
outer_4,completed,8b5cad545e6c9918fe21,11,10,False,False
outer_4,completed,b47ef5b7a4947c8bcdd1,11,10,False,False
outer_4,completed,ddbb4897a8ac1ab9efbd,11,10,False,False
outer_4,completed,71088f7791ffe1c0d1c9,11,10,False,False
outer_4,completed,09f8fc2ec70a51a1f6ac,11,10,False,False
outer_4,completed,e93c8afb17a9d6f1ebda,11,10,False,False
outer_4,completed,f546b033b92cc9963a07,11,10,False,False
outer_4,completed,78d56107354a79152f2a,11,10,False,False
outer_4,completed,dc49cfc1a3ee39ebf00e,11,10,False,False
outer_4,completed,5a15e989d485475cb08c,11,10,False,False
outer_4,completed,82a15fffd0ce2d47c9dc,11,10,False,False
outer_4,completed,55afca9d43b78202544d,11,10,False,False
outer_4,completed,d662e03e94f2d2f19e25,11,10,False,False
outer_4,completed,079db6d6a54d37c7aa0d,11,10,False,False
outer_4,completed,c8a615e24c0e0b56274e,11,10,False,False
outer_4,completed,9b58edaab49c9fcd3658,11,10,False,False
outer_4,completed,4d68dec2770ee4c254c4,11,10,False,False
outer_4,completed,faa2a92e3d54367f8ae2,11,10,False,False
outer_4,completed,fd81f56e184c90038511,11,10,False,False
outer_4,completed,0496757b15f37cd88fc7,11,10,False,False
outer_4,completed,891a6e69e4461cfc28af,11,10,False,False
outer_4,completed,db78ddc119a55450fbee,11,10,False,False
outer_4,completed,b3ef4961b92fffd1f83b,11,10,False,False
outer_4,completed,696ca1f99fb4b275e5f5,11,10,False,False
outer_4,completed,8728ed6bce3c80ea37cc,11,10,False,False
outer_4,completed,ee7a7e06b7c9448651bc,11,10,False,False
outer_4,completed,12ff7c625baa9d45030b,11,10,False,False
outer_4,completed,14e40083fd3bedb4a70e,11,10,False,False
outer_4,completed,bc21a923dea09aa48b9f,11,10,False,False
outer_4,completed,9bd8703eb02390aab159,11,10,False,False
outer_4,retrospective,21cbb1a006dc7e34f5f8,11,10,False,False
outer_4,retrospective,05f124c55ed02953adb0,11,10,False,False
outer_4,retrospective,68ed55601175ead8ca28,11,10,False,False
outer_4,retrospective,89829271993d2ffe71f1,11,10,False,False
outer_4,retrospective,374b5b24a1888b4bb2ba,11,10,False,False
outer_4,retrospective,0c07aa5e9cdfb3c334b8,11,10,False,False
outer_4,retrospective,81fe0c021f32a434b9a2,11,10,False,False
outer_4,retrospective,7efca8681389d862ae84,11,10,False,False
outer_4,retrospective,1a7d2cb72ceefb8f4398,11,10,False,False
outer_4,retrospective,b50fb135e6a483789bbe,11,10,False,False
outer_4,retrospective,6fa26aeab9cc01ae07df,11,10,False,False
outer_4,retrospective,dc334101fcbf3d2d1b5a,11,10,False,False
outer_4,retrospective,761cad9cb82bfb552973,11,10,False,False
outer_4,retrospective,f0ba5479ba8e150b6d61,11,10,False,False
outer_4,retrospective,9f66967954d52c032568,11,10,False,False
outer_4,retrospective,cbd9eb83a1f1f04c7b54,11,10,False,False
outer_4,retrospective,5c7820a1da4114ca2a31,11,10,False,False
outer_4,retrospective,8e1c8666b8dc9343c74a,11,10,False,False
outer_4,retrospective,40f5fef1e9b0f15ddc3a,11,10,False,False
outer_4,retrospective,e35b3bcc1ef4a46ec1af,11,10,False,False
outer_4,retrospective,135a8ebbf1a6daccab7f,11,10,False,False
outer_4,retrospective,fca0f185f01e8e588d16,11,10,False,False
outer_4,retrospective,e202eaa64d4e1dfa76bc,11,10,False,False
outer_4,retrospective,837efa8dff523738c349,11,10,False,False
outer_4,retrospective,dacdc5bf837058729173,11,10,False,False
outer_4,retrospective,cbc1a4b8ea3103253566,11,10,False,False
outer_4,retrospective,966957523a6585a2e3ad,11,10,False,False
outer_4,retrospective,178a1c002da8d158274d,11,10,False,False
outer_4,retrospective,d3619771da7ce9ac734a,11,10,False,False
outer_4,retrospective,70cf604ff6082b6aa894,11,10,False,False
outer_4,retrospective,4d2b4d2471bcdf76ef16,11,10,False,False
outer_4,retrospective,b9234b78b40af45efcd3,11,10,False,False
outer_4,retrospective,cdd9dabf076957def2dc,11,10,False,False
outer_4,retrospective,9a4f6dd6f48e408fe5da,11,10,False,False
outer_4,retrospective,265a6e28d72126817e94,11,10,False,False
outer_4,retrospective,f206532a18f65c339340,11,10,False,False
outer_4,retrospective,78050b35d90ded2eb711,11,10,False,False
outer_4,retrospective,4453ac0b391bb2a19a3f,11,10,False,False
outer_4,retrospective,acd990997a27f4366f07,11,10,False,False
outer_4,retrospective,7bbdfd3b5e1ff3695dcb,11,10,False,False
outer_4,retrospective,9054a139df937cc26fae,11,10,False,False
outer_4,retrospective,4ccde2b94fc04d20751a,11,10,False,False
outer_4,retrospective,6a1ad20b0d1a4d8f235d,11,10,False,False
outer_4,retrospective,0454ae14be4966b1bb1a,11,10,False,False
outer_4,retrospective,41b430b8f71e2430db30,11,10,False,False
outer_4,retrospective,d74b0b398248a14297d8,11,10,False,False
outer_4,retrospective,f99f2e165f0a41acd502,11,10,False,False
outer_4,retrospective,2d20dd1cab779fb8df18,11,10,False,False
outer_4,retrospective,2658aea0943749dfe70d,11,10,False,False
outer_4,retrospective,51e8b6412e9fc0058f27,11,10,False,False
outer_4,retrospective,9c746ea6b9c9d8d52e58,11,10,False,False
outer_4,retrospective,5404ae1321f405bb36b3,11,10,False,False
outer_4,retrospective,376945f11d347a3b7c1c,11,10,False,False
outer_4,retrospective,9cb79fedd96c00764d89,11,10,False,False
outer_4,retrospective,0e99c2d00e50135fdcd9,11,10,False,False
outer_4,retrospective,8a5c35a83fd60e261c7e,11,10,False,False
outer_4,retrospective,cee2900e532f8409f655,11,10,False,False
outer_4,retrospective,14b84064f44b2935f1b1,11,10,False,False
outer_4,retrospective,4a1f7d0e47fc9745ceca,11,10,False,False
outer_4,retrospective,5abb7d17161063c1ee88,11,10,False,False
outer_4,retrospective,0a778a2b1c8fe5cc7092,11,10,False,False
outer_4,retrospective,0927e9e0e70b6fa93979,11,10,False,False
outer_4,retrospective,bb47175e2ac69dca9bab,11,10,False,False
outer_4,retrospective,61ff1eebc59f89575616,11,10,False,False
outer_4,retrospective,946b4f7bae6aac069302,11,10,False,False
outer_4,retrospective,936fcdb9fff8d1594643,11,10,False,False
outer_4,retrospective,4df7631500e9ee5610b2,11,10,False,False
outer_4,retrospective,a5e2e65857d2e2fae5a2,11,10,False,False
outer_4,retrospective,8649c26e524a08f22d42,11,10,False,False
outer_4,retrospective,604f3d45cbc8742fbe76,11,10,False,False
outer_4,retrospective,d38b677ffd60d07f8430,11,10,False,False
outer_4,retrospective,43a1f8d7a77307c06d5d,11,10,False,True
outer_4,retrospective,3f1f7b58581d01190688,11,10,False,False
outer_4,retrospective,1e67e796fe90f318f477,11,10,False,False
outer_4,retrospective,9babab9a52ff0fc5a9d8,11,10,False,False
outer_4,retrospective,ed6f17d3f2f173536881,11,10,False,False
outer_4,retrospective,fb220656294bd4c084da,11,10,False,False
outer_4,retrospective,feaa507b905db0d5070f,11,10,False,False
outer_4,retrospective,04d59a2514c150f15587,11,10,False,False
outer_4,retrospective,d9a439f2851605e53d6c,11,10,False,False
outer_4,retrospective,5875ec1668fbfb2710a1,11,10,False,False
outer_4,retrospective,c8f119355338c09cb9b7,11,10,False,False
outer_4,retrospective,7495bbb0a56f22c9bcec,11,10,False,False
outer_4,retrospective,0f0fff90d29dd31ba941,11,10,False,False
outer_4,retrospective,fd08507582d373f380a3,11,10,False,False
outer_4,retrospective,29d9df64a07dfcd37eac,11,10,False,False
outer_4,retrospective,4e6a609c1e369a3947cf,11,10,False,False
outer_4,retrospective,6ee2cb741ecc56268b66,11,10,False,False
outer_4,retrospective,cd61c8011cd3748af45d,11,10,False,False
outer_4,retrospective,48c215a12f8ba908f0eb,11,10,False,False
outer_4,retrospective,9ea0603b72bebb26a870,11,10,False,False
outer_4,retrospective,9ecfd74c612f2837a79a,11,10,False,False
outer_4,retrospective,4df1d07f412cf706e243,11,10,False,False
outer_4,retrospective,6831233f36fcca61117f,11,10,False,False
outer_4,retrospective,0bd1758e7f6fc2168b74,11,10,False,False
outer_4,retrospective,778c8bdb5c001b9e6288,11,10,False,False
outer_4,retrospective,8be50ef59f14a29837d0,11,10,False,False
outer_4,retrospective,6cd52148c8b5912ca2fc,11,10,False,False
outer_4,retrospective,9b20c476a02767305def,11,10,False,False
outer_4,retrospective,e7cbc9fc90643282d110,11,10,False,False
outer_4,retrospective,c58bf811fb2eb8900c4e,11,10,False,False
outer_4,retrospective,25c2b93103889d22e8d6,11,10,False,False
outer_4,retrospective,e9f04cccf57098699293,11,10,False,False
outer_4,retrospective,b64252634d0bb68f437d,11,10,False,False
outer_4,retrospective,9df4a7e4269de1d721df,11,10,False,False
outer_4,retrospective,29382bc7a2754e1873ab,11,10,False,False
outer_4,retrospective,3f2aae372f6094a1713b,11,10,False,False
outer_4,retrospective,509554ebfca72c214b02,11,10,False,False
outer_4,retrospective,c895179e95307502ff4b,11,10,False,False
outer_4,retrospective,3be68e1e2458de027a03,11,10,False,False
outer_4,retrospective,91c33a9520b6be31f346,11,10,False,False
outer_4,retrospective,dc122ce3689c4d0d4e19,11,10,False,False
outer_4,retrospective,c31c35aeaac0e8b770ab,11,10,False,False
outer_4,retrospective,460097cfa2de4e9e1edd,11,10,False,False
outer_4,retrospective,0cbca11e21e0878bfba2,11,10,False,False
outer_4,retrospective,614d5f5c16c1eeaf7b7a,11,10,False,False
outer_4,retrospective,2537db9f6a7479d4ced1,11,10,False,False
outer_4,retrospective,fc79b72649906e6871bf,11,10,False,False
outer_4,retrospective,0e094cb3015cd946fb4b,11,10,False,False
outer_4,retrospective,c62c276e0dbb34ee953e,11,10,False,False
outer_4,retrospective,040fa330cef6f1dec3b8,11,10,False,False
outer_4,retrospective,85e17cea0949600fea83,11,10,False,False
outer_4,retrospective,931ec54012c8da018270,11,10,False,False
outer_4,retrospective,453ab257557a3b1e6f91,11,10,False,False
outer_4,retrospective,0da647c8d6f4bd982136,11,10,False,False
outer_4,retrospective,9f901e12f57b2b0c8c22,11,10,False,False
outer_4,retrospective,8146113cc7cd6c341483,11,10,False,False
outer_4,retrospective,2a2939c71a2c18a9260d,11,10,False,False
outer_4,retrospective,706895e70a25b52a0444,11,10,False,False
outer_4,retrospective,2ec6700e2224a3e08867,11,10,False,False
outer_4,retrospective,26c63f3c5839c506aaf9,11,10,False,False
outer_4,retrospective,253cddb18ef60ff680ab,11,10,False,False
outer_4,retrospective,0503fa7532d16231373b,11,10,False,False
outer_4,retrospective,12b597cb0c726a3151e4,11,10,False,False
outer_4,retrospective,475314340343ca883cb9,11,10,False,False
outer_4,retrospective,af193fd79a005e307209,11,10,False,False
outer_4,retrospective,d94a9017ec585d437b83,11,10,False,False
outer_4,retrospective,2cb7373298abc6fa4dc6,11,10,False,False
outer_4,retrospective,22f89a616e569223c39e,11,10,False,False
outer_4,retrospective,222edc660ee4209ca385,11,10,False,False
outer_4,retrospective,df98047b395404f88535,11,10,False,False
outer_4,retrospective,a6cffe78de3e02bb1ce0,11,10,False,False
outer_4,retrospective,d2e847dae1a8c81ba82a,11,10,False,False
outer_4,retrospective,1db3dbf17108dc540eec,11,10,False,False
outer_4,retrospective,b83fd1ebc6cb05ea1ba2,11,10,False,False
outer_4,retrospective,e0015240e4f54175ce77,11,10,False,False
outer_4,retrospective,861f156ee6accea60cc5,11,10,False,False
outer_4,retrospective,be1c009f94fc2f719790,11,10,False,False
outer_4,retrospective,53b35b947fc65cfb0b47,11,10,False,False
outer_4,retrospective,23c437e468750a7cb1f8,11,10,False,False
outer_4,retrospective,7989764f3fb7e87d5498,11,10,False,False
outer_4,retrospective,26343912e7f2fac4c0bd,11,10,False,False
outer_4,retrospective,9a67fb55fe2f2cbe2de3,11,10,False,False
outer_4,retrospective,d210392121160a1b6f01,11,10,False,False
outer_4,retrospective,823849dffd8d91c6458b,11,10,False,False
outer_4,retrospective,1d5589f63a63df3c5bc6,11,10,False,False
outer_4,retrospective,83dc70480d0d5d74be38,11,10,False,False
outer_4,retrospective,dacfa0b0564820049e19,11,10,False,False
outer_4,retrospective,dd9d08bbda62f26ddb7c,11,10,False,False
outer_4,retrospective,08bde4d49afce0041d4d,11,10,False,False
outer_4,retrospective,be1a6cd030718a795d9a,11,10,False,False
outer_4,retrospective,7a684c9c55a0788225dd,11,10,False,False
outer_4,retrospective,6c04bd525b4373e2a9b0,11,10,False,False
outer_4,retrospective,becdf9651be28618e8e3,11,10,False,False
outer_4,retrospective,465d4c727adcab8e31eb,11,10,False,False
outer_4,retrospective,58571e66aaaa10636710,11,10,False,False
outer_4,retrospective,0afebc737ab594f1c7b5,11,10,False,False
outer_4,retrospective,e53befd14cc461cb0766,11,10,False,False
outer_4,retrospective,927fc0f9d244a350705c,11,10,False,False
outer_4,retrospective,825503730c841b9dc967,11,10,False,False
outer_4,retrospective,487fe4bdfec3e53b6f0d,11,10,False,False
outer_4,retrospective,599487cc2ca6f8f86413,11,10,False,False
outer_4,retrospective,93f643ef03918000025c,11,10,False,False
outer_4,retrospective,5c20268fdb686e60e15a,11,10,False,False
outer_4,retrospective,970a6f390bebb316abca,11,10,False,False
outer_4,retrospective,7af7fdb40878f9474300,11,10,False,False
outer_4,retrospective,a49905eef7dd8229f1fe,11,10,False,False
outer_4,retrospective,f7e81e4ae628b203d4b9,11,10,False,False
outer_4,retrospective,132c1b81271bab7101a3,11,10,False,False
outer_4,retrospective,7f49ac0391e66ff66e06,11,10,False,False
outer_4,retrospective,3b9799fb6f7d990eb3a0,11,10,False,False
outer_4,retrospective,fa3a141acf64cb6098e8,11,10,False,False
outer_4,retrospective,c665bec6d4dedb4949dc,11,10,False,False
outer_4,retrospective,b65b121d6925df5f5233,11,10,False,False
outer_4,retrospective,0a3371b2f2911c0f1d13,11,10,False,False
outer_4,retrospective,1947351cf641e50cfd08,11,10,False,False
outer_4,retrospective,a7f4ab1cfebeb0d1b779,11,10,False,False
outer_4,retrospective,fdc6b2b433b5592ca012,11,10,False,False
outer_4,retrospective,e3e44935e8d22fa2ab7b,11,10,False,False
outer_4,retrospective,2d66d854edf651b287ea,11,10,False,False
outer_4,retrospective,3f03001701f4dae6e3fe,11,10,False,False
outer_4,retrospective,39aa390ac4260261ad21,11,10,False,False
outer_4,retrospective,9f01c980fa1958b2f806,11,10,False,False
outer_4,retrospective,cf8054ad4e397ee2b106,11,10,False,False
outer_4,retrospective,186e18e542d83a07c02c,11,10,False,False
outer_4,retrospective,11f30c2bc548fa0d4998,11,10,False,False
outer_4,retrospective,47a86e77d08d8d666237,11,10,False,False
outer_4,retrospective,16f26f32a5d7b9b539a2,11,10,False,False
outer_4,retrospective,3607962da81ca103a891,11,10,False,False
outer_4,retrospective,e5e6d346655ab5ed8999,11,10,False,False
outer_4,retrospective,69f3a61f65c9cc132300,11,10,False,False
outer_4,retrospective,35552005e2e5bb9437a8,11,10,False,False
outer_4,retrospective,52c1daa786a22df7c179,11,10,False,False
outer_4,retrospective,cfa09bcca98a3fc939a3,11,10,False,False
outer_4,retrospective,c715a0b4ae7af068cb3d,11,10,False,False
outer_4,retrospective,d7362cca5559460d595e,11,10,False,False
outer_4,retrospective,84574d21cf8977b52c68,11,10,False,False
outer_4,retrospective,6ec38443bb3f9efbdea9,11,10,False,False
outer_4,retrospective,cb3faea45eb5a7a905fe,11,10,False,False
outer_4,retrospective,c538d6e68f5c2e9ce02b,11,10,False,False
outer_4,retrospective,b4157959af56aa9ac6a9,11,10,False,False
outer_4,retrospective,2fdd70803e22d44657ed,11,10,False,False
outer_4,retrospective,c9d7ae1986a7d957978f,11,10,False,False
outer_4,retrospective,da119b0997220e516e38,11,10,False,False
outer_4,retrospective,5cab044b03488f1fe3b0,11,10,False,False
outer_4,retrospective,4c335302d1bf52e2483d,11,10,False,False
outer_4,retrospective,6a3b265f56c58fbf4d62,11,10,False,False
outer_4,retrospective,e11e1ce6eede2fd4dc73,11,10,False,False
outer_4,retrospective,84934d6b4db7a9fb1e42,11,10,False,False
outer_4,retrospective,e373421de3fa377678f5,11,10,False,False
outer_4,retrospective,9fb6cda25a201499ef5c,11,10,False,False
outer_4,retrospective,31640027af9e817ef346,11,10,False,False
outer_4,retrospective,7d6a3c1a8b155bd55b51,11,10,False,False
outer_4,retrospective,4bcf46862e6cc2007b97,11,10,False,False
outer_4,retrospective,dd4fcd5fe081e53ff3b6,11,10,False,False
outer_4,retrospective,9ab2ad853957eefb72ec,11,10,False,False
outer_4,retrospective,6102fc80bf63fb3b7bc7,11,10,False,False
outer_4,retrospective,7d778bb99f3549b3cc5e,11,10,False,False
outer_4,retrospective,25a5ea8da1ee614469d8,11,10,False,False
outer_4,retrospective,8b5cad545e6c9918fe21,11,10,False,False
outer_4,retrospective,b47ef5b7a4947c8bcdd1,11,10,False,False
outer_4,retrospective,ddbb4897a8ac1ab9efbd,11,10,False,False
outer_4,retrospective,71088f7791ffe1c0d1c9,11,10,False,False
outer_4,retrospective,09f8fc2ec70a51a1f6ac,11,10,False,False
outer_4,retrospective,e93c8afb17a9d6f1ebda,11,10,False,False
outer_4,retrospective,f546b033b92cc9963a07,11,10,False,False
outer_4,retrospective,78d56107354a79152f2a,11,10,False,False
outer_4,retrospective,dc49cfc1a3ee39ebf00e,11,10,False,False
outer_4,retrospective,5a15e989d485475cb08c,11,10,False,False
outer_4,retrospective,82a15fffd0ce2d47c9dc,11,10,False,False
outer_4,retrospective,55afca9d43b78202544d,11,10,False,False
outer_4,retrospective,d662e03e94f2d2f19e25,11,10,False,False
outer_4,retrospective,079db6d6a54d37c7aa0d,11,10,False,False
outer_4,retrospective,c8a615e24c0e0b56274e,11,10,False,False
outer_4,retrospective,9b58edaab49c9fcd3658,11,10,False,False
outer_4,retrospective,4d68dec2770ee4c254c4,11,10,False,False
outer_4,retrospective,faa2a92e3d54367f8ae2,11,10,False,False
outer_4,retrospective,fd81f56e184c90038511,11,10,False,False
outer_4,retrospective,0496757b15f37cd88fc7,11,10,False,False
outer_4,retrospective,891a6e69e4461cfc28af,11,10,False,False
outer_4,retrospective,db78ddc119a55450fbee,11,10,False,False
outer_4,retrospective,b3ef4961b92fffd1f83b,11,10,False,False
outer_4,retrospective,696ca1f99fb4b275e5f5,11,10,False,False
outer_4,retrospective,8728ed6bce3c80ea37cc,11,10,False,False
outer_4,retrospective,ee7a7e06b7c9448651bc,11,10,False,False
outer_4,retrospective,12ff7c625baa9d45030b,11,10,False,False
outer_4,retrospective,14e40083fd3bedb4a70e,11,10,False,False
outer_4,retrospective,bc21a923dea09aa48b9f,11,10,False,False
outer_4,retrospective,9bd8703eb02390aab159,11,10,False,False
temporal,completed,5acf79ea39c99dfce54b,11,10,False,False
temporal,completed,c3be315f3fe5e7984a7c,11,10,False,False
temporal,completed,a19f5296b00f5e9e5790,11,10,False,False
temporal,completed,bca21197efa01107f8e6,11,10,False,False
temporal,completed,fc7619eda3203e2c8268,11,10,False,False
temporal,completed,54c09a4995be208bf201,11,10,False,False
temporal,completed,178a1c002da8d158274d,11,10,False,False
temporal,completed,a272110237de0f485905,11,10,False,False
temporal,completed,d85a92240aeb0a22834c,11,10,False,False
temporal,completed,d3619771da7ce9ac734a,11,10,False,False
temporal,completed,70cf604ff6082b6aa894,11,10,False,False
temporal,completed,4aca41df79afcd61ba2d,11,10,False,False
temporal,completed,4d2b4d2471bcdf76ef16,11,10,False,False
temporal,completed,b9234b78b40af45efcd3,11,10,False,False
temporal,completed,cdd9dabf076957def2dc,11,10,False,False
temporal,completed,9a4f6dd6f48e408fe5da,11,10,False,False
temporal,completed,265a6e28d72126817e94,11,10,False,False
temporal,completed,7c0f8fa7d25069cce2f4,11,10,False,False
temporal,completed,f206532a18f65c339340,11,10,False,False
temporal,completed,78050b35d90ded2eb711,11,10,False,False
temporal,completed,4453ac0b391bb2a19a3f,11,10,False,False
temporal,completed,acd990997a27f4366f07,11,10,False,False
temporal,completed,00c5947959dc851f78a8,11,10,False,False
temporal,completed,39bc3416eb7ca8ed7e20,11,10,False,False
temporal,completed,fa25977b66243f6cfab1,11,10,False,False
temporal,completed,9936e85984772008ce7e,11,10,False,False
temporal,completed,df196a7fe3ca0e4d5ed0,11,10,False,False
temporal,completed,8a817b046c8dc3fd2577,11,10,False,False
temporal,completed,816be3b5d33120eb01b8,11,10,False,False
temporal,completed,db0c15a9ac20f98ef0b4,11,10,False,False
temporal,completed,1f7bcb13f2e5195766b5,11,10,False,False
temporal,completed,9fcdfd7c7f13ac41b641,11,10,False,False
temporal,completed,f8cc4809884e6953b099,11,10,False,False
temporal,completed,35ea65b2794aeaa50a50,11,10,False,False
temporal,completed,7bbdfd3b5e1ff3695dcb,11,10,False,False
temporal,completed,c43eee9c1513300c7df1,11,10,False,False
temporal,completed,0e8a849bf0a9d9e92688,11,10,False,False
temporal,completed,ac0edad43c4f807fa602,11,10,False,False
temporal,completed,98e7a3a7a7e17d8d0060,11,10,False,False
temporal,completed,f780fd5637561a3c3d16,11,10,False,False
temporal,completed,968ad2ee7f690e2b5339,11,10,False,False
temporal,completed,b2626c7857633e40d700,11,10,False,False
temporal,completed,df3f8488077b3af474fd,11,10,False,False
temporal,completed,83484028921a3cd8bdd9,11,10,False,False
temporal,completed,f87b0c3484eef599f01f,11,10,False,False
temporal,completed,3745df199bcb9c623df8,11,10,False,False
temporal,completed,dceedcc0599c9f1456fb,11,10,False,False
temporal,completed,ae86376bd8d159b5af53,11,10,False,False
temporal,completed,2b36e74eee8972d29937,11,10,False,False
temporal,completed,26cf2a4e83eee3c05ec4,11,10,False,False
temporal,completed,954211b899d86457e598,11,10,False,False
temporal,completed,d3092cba8d884568afdf,11,10,False,False
temporal,completed,e6adb9d3284f9b00b28e,11,10,False,False
temporal,completed,cf0fcaca5bc2873f1e01,11,10,False,False
temporal,completed,31582f7c899a1f3c1fb1,11,10,False,False
temporal,completed,aa24c6f2f6a3023d691a,11,10,False,False
temporal,completed,4c30a2a3bec5b73ce480,11,10,False,False
temporal,completed,44ca8cf4622f390ef5cc,11,10,False,False
temporal,completed,93b717a33233dbfe4f46,11,10,False,False
temporal,completed,8cadb673facd04f029a8,11,10,False,False
temporal,completed,484c2cbb0d10dbd3f2f4,11,10,False,False
temporal,completed,a50156542e6bc297039e,11,10,False,False
temporal,completed,3dd57d9fdd776e357eaf,11,10,False,False
temporal,completed,16c49fe3d236e6dcac26,11,10,False,False
temporal,completed,6a13da5084d0cc0c3e6e,11,10,False,False
temporal,completed,aa5cc7417a905c44e9a2,11,10,False,False
temporal,completed,ea1f4e2bad8dfa1feae6,11,10,False,False
temporal,completed,7aea696afcfaa5dcede5,11,10,False,False
temporal,completed,a1c0c7bc9d164c836793,11,10,False,False
temporal,completed,4b009f9643bde5a1f62c,11,10,False,False
temporal,completed,9c0de4370cfe3d75bdbc,11,10,False,False
temporal,completed,8980919da8465016e4d8,11,10,False,False
temporal,completed,78cb164b39aab3853a65,11,10,False,False
temporal,completed,931ec54012c8da018270,11,10,False,False
temporal,completed,28441326f94ba0a5b14f,11,10,False,False
temporal,completed,e0f86edd1308ffb68e05,11,10,False,False
temporal,completed,e81b53ce8f9871fa6fee,11,10,False,False
temporal,completed,41f9196246973f9d4299,11,10,False,False
temporal,completed,d5c578b6a876bab44f50,11,10,False,False
temporal,completed,83c6242d2df88f297292,11,10,False,False
temporal,completed,c8333b982d903608eca0,11,10,False,False
temporal,completed,7ce6b784155ee595c853,11,10,False,False
temporal,completed,b84d284eff85ab45d45b,11,10,False,False
temporal,completed,7bf3c07686d4ffa04fc0,11,10,False,False
temporal,completed,b83fd1ebc6cb05ea1ba2,11,10,False,False
temporal,completed,a535eb6c49e22f76e75e,11,10,False,False
temporal,completed,e0015240e4f54175ce77,11,10,False,False
temporal,completed,861f156ee6accea60cc5,11,10,False,False
temporal,completed,44aabafc8229235e609c,11,10,False,False
temporal,completed,c876e7b629376036a637,11,10,False,False
temporal,completed,026071fc4e76d9c91c7e,11,10,False,False
temporal,completed,2a3756ecf573ca5fb122,11,10,False,False
temporal,completed,b426a521f8ee659c4136,11,10,False,False
temporal,completed,c9fbd843b58d5b0ac58e,11,10,False,False
temporal,completed,2cc94b2b7728541f8861,11,10,False,False
temporal,completed,c4a259a72b484c35e21f,11,10,False,False
temporal,completed,61b96069cda3fc5d7af1,11,10,False,False
temporal,completed,231fa13466e8969f19db,11,10,False,False
temporal,completed,c8d0eb2d8197750d2791,11,10,False,False
temporal,completed,b5b2aa67bd8624ac5c2d,11,10,False,False
temporal,completed,a82b217d71ade5180a5f,11,10,False,False
temporal,completed,77bcbcf9c247415a6cef,11,10,False,False
temporal,completed,a5e299d9e5dfcafb19a2,11,10,False,False
temporal,completed,cfd347275ff40c458e05,11,10,False,False
temporal,completed,64e55696aaaf10847115,11,10,False,False
temporal,completed,becf7091bf2cfa7a5ec4,11,10,False,False
temporal,completed,2eab6eb436c3e259dd8d,11,10,False,False
temporal,completed,18c814cfb1f440d688f4,11,10,False,False
temporal,completed,42c6318158bf05f3bc60,11,10,False,False
temporal,completed,3d9dc3b8032cead14c80,11,10,False,False
temporal,completed,025b74b54e01e57dc2bb,11,10,False,False
temporal,completed,bdc3b74e17d971dd7fc1,11,10,False,False
temporal,completed,83af60abcd9088be2636,11,10,False,False
temporal,completed,69d4050e3444b11756f0,11,10,False,False
temporal,completed,a5fd1e4cc339eda1fe2d,11,10,False,False
temporal,completed,e683785aed2f544f3912,11,10,False,False
temporal,completed,9ca3aa93b392bca202ef,11,10,False,False
temporal,completed,d7b29c96ee42964cf957,11,10,False,False
temporal,completed,5ea29512d772df31c40c,11,10,False,False
temporal,completed,3e8cd90ff912a0de928a,11,10,False,False
temporal,completed,e54036210e8cf9aec66b,11,10,False,False
temporal,completed,dc27cf1564433362baeb,11,10,False,False
temporal,completed,be1c009f94fc2f719790,11,10,False,False
temporal,completed,53b35b947fc65cfb0b47,11,10,False,False
temporal,completed,0c1bfc8a83d5f95171f8,11,10,False,False
temporal,completed,a5f11799d424f1d5b54e,11,10,False,False
temporal,completed,e875d34f202aae8c7207,11,10,False,False
temporal,completed,2529d5d4a0dbf3e80daf,11,10,False,False
temporal,completed,e3111626d2dec47f0526,11,10,False,False
temporal,completed,70fa01ac459d75c29619,11,10,False,False
temporal,completed,1e695550f4e025f3eb4f,11,10,False,False
temporal,completed,661374271278d0161afd,11,10,False,False
temporal,completed,148cc533345063ad8969,11,10,False,False
temporal,completed,825503730c841b9dc967,11,10,False,False
temporal,completed,2656d3add865fd1c3323,11,10,False,False
temporal,completed,21875bdd674560402390,11,10,False,False
temporal,completed,4219fb79ba1ee16c1c01,11,10,False,False
temporal,completed,11b03262e0ce339a2f9c,11,10,False,False
temporal,completed,c13cb0ed0c4a4afc371e,11,10,False,False
temporal,completed,4c73534d684a3116a73c,11,10,False,False
temporal,completed,2752a6a639957b0175db,11,10,False,False
temporal,completed,f9f678a89c308db21acc,11,10,False,False
temporal,completed,ecf7d8cb3c136c1e4b2c,11,10,False,False
temporal,completed,2b081f335e8e2134b787,11,10,False,False
temporal,completed,cfdbe5dbbf299d54b181,11,10,False,False
temporal,completed,d9fbe2f3d9d142a0a785,11,10,False,False
temporal,completed,8728ed6bce3c80ea37cc,11,10,False,False
temporal,completed,d6e70e849f1f69207304,11,10,False,False
temporal,completed,7113e6896f1c7824ab55,11,10,False,False
temporal,completed,f7cb44bb82f2475e4dc8,11,10,False,False
temporal,completed,ee17015b752e32752692,11,10,False,False
temporal,completed,653013e308a8de7dfbae,11,10,False,False
temporal,completed,cd92bd6c80037ba098c4,11,10,False,False
temporal,completed,ee7a7e06b7c9448651bc,11,10,False,False
temporal,completed,6b6f77a9d074a05a7dd1,11,10,False,False
temporal,completed,bae00ce684ed453a2c2b,11,10,False,False
temporal,completed,54eca18e197e3157bee5,11,10,False,False
temporal,completed,4df0e053252ff780dd75,11,10,False,False
temporal,completed,d44c85d04e91538c513b,11,10,False,False
temporal,completed,12ff7c625baa9d45030b,11,10,False,False
temporal,completed,f8726b5770d320f66866,11,10,False,False
temporal,completed,610d57ba49c6c283336b,11,10,False,False
temporal,completed,14e40083fd3bedb4a70e,11,10,False,False
temporal,completed,1148db8c9700e408e88f,11,10,False,False
temporal,completed,bc21a923dea09aa48b9f,11,10,False,False
temporal,completed,9bd8703eb02390aab159,11,10,False,False
temporal,retrospective,5acf79ea39c99dfce54b,11,10,False,False
temporal,retrospective,c3be315f3fe5e7984a7c,11,10,False,False
temporal,retrospective,a19f5296b00f5e9e5790,11,10,False,False
temporal,retrospective,bca21197efa01107f8e6,11,10,False,False
temporal,retrospective,fc7619eda3203e2c8268,11,10,False,False
temporal,retrospective,54c09a4995be208bf201,11,10,False,False
temporal,retrospective,178a1c002da8d158274d,11,10,False,False
temporal,retrospective,a272110237de0f485905,11,10,False,False
temporal,retrospective,d85a92240aeb0a22834c,11,10,False,False
temporal,retrospective,d3619771da7ce9ac734a,11,10,False,False
temporal,retrospective,70cf604ff6082b6aa894,11,10,False,False
temporal,retrospective,4aca41df79afcd61ba2d,11,10,False,False
temporal,retrospective,4d2b4d2471bcdf76ef16,11,10,False,False
temporal,retrospective,b9234b78b40af45efcd3,11,10,False,False
temporal,retrospective,cdd9dabf076957def2dc,11,10,False,False
temporal,retrospective,9a4f6dd6f48e408fe5da,11,10,False,False
temporal,retrospective,265a6e28d72126817e94,11,10,False,False
temporal,retrospective,7c0f8fa7d25069cce2f4,11,10,False,False
temporal,retrospective,f206532a18f65c339340,11,10,False,False
temporal,retrospective,78050b35d90ded2eb711,11,10,False,False
temporal,retrospective,4453ac0b391bb2a19a3f,11,10,False,False
temporal,retrospective,acd990997a27f4366f07,11,10,False,False
temporal,retrospective,00c5947959dc851f78a8,11,10,False,False
temporal,retrospective,39bc3416eb7ca8ed7e20,11,10,False,False
temporal,retrospective,fa25977b66243f6cfab1,11,10,False,False
temporal,retrospective,9936e85984772008ce7e,11,10,False,False
temporal,retrospective,df196a7fe3ca0e4d5ed0,11,10,False,False
temporal,retrospective,8a817b046c8dc3fd2577,11,10,False,False
temporal,retrospective,816be3b5d33120eb01b8,11,10,False,False
temporal,retrospective,db0c15a9ac20f98ef0b4,11,10,False,False
temporal,retrospective,1f7bcb13f2e5195766b5,11,10,False,False
temporal,retrospective,9fcdfd7c7f13ac41b641,11,10,False,False
temporal,retrospective,f8cc4809884e6953b099,11,10,False,False
temporal,retrospective,35ea65b2794aeaa50a50,11,10,False,False
temporal,retrospective,7bbdfd3b5e1ff3695dcb,11,10,False,False
temporal,retrospective,c43eee9c1513300c7df1,11,10,False,False
temporal,retrospective,0e8a849bf0a9d9e92688,11,10,False,False
temporal,retrospective,ac0edad43c4f807fa602,11,10,False,False
temporal,retrospective,98e7a3a7a7e17d8d0060,11,10,False,False
temporal,retrospective,f780fd5637561a3c3d16,11,10,False,False
temporal,retrospective,968ad2ee7f690e2b5339,11,10,False,False
temporal,retrospective,b2626c7857633e40d700,11,10,False,False
temporal,retrospective,df3f8488077b3af474fd,11,10,False,False
temporal,retrospective,83484028921a3cd8bdd9,11,10,False,False
temporal,retrospective,f87b0c3484eef599f01f,11,10,False,False
temporal,retrospective,3745df199bcb9c623df8,11,10,False,False
temporal,retrospective,dceedcc0599c9f1456fb,11,10,False,False
temporal,retrospective,ae86376bd8d159b5af53,11,10,False,False
temporal,retrospective,2b36e74eee8972d29937,11,10,False,False
temporal,retrospective,26cf2a4e83eee3c05ec4,11,10,False,False
temporal,retrospective,954211b899d86457e598,11,10,False,False
temporal,retrospective,d3092cba8d884568afdf,11,10,False,False
temporal,retrospective,e6adb9d3284f9b00b28e,11,10,False,False
temporal,retrospective,cf0fcaca5bc2873f1e01,11,10,False,False
temporal,retrospective,31582f7c899a1f3c1fb1,11,10,False,False
temporal,retrospective,aa24c6f2f6a3023d691a,11,10,False,False
temporal,retrospective,4c30a2a3bec5b73ce480,11,10,False,False
temporal,retrospective,44ca8cf4622f390ef5cc,11,10,False,False
temporal,retrospective,93b717a33233dbfe4f46,11,10,False,False
temporal,retrospective,8cadb673facd04f029a8,11,10,False,False
temporal,retrospective,484c2cbb0d10dbd3f2f4,11,10,False,False
temporal,retrospective,a50156542e6bc297039e,11,10,False,False
temporal,retrospective,3dd57d9fdd776e357eaf,11,10,False,False
temporal,retrospective,16c49fe3d236e6dcac26,11,10,False,False
temporal,retrospective,6a13da5084d0cc0c3e6e,11,10,False,False
temporal,retrospective,aa5cc7417a905c44e9a2,11,10,False,False
temporal,retrospective,ea1f4e2bad8dfa1feae6,11,10,False,False
temporal,retrospective,7aea696afcfaa5dcede5,11,10,False,False
temporal,retrospective,a1c0c7bc9d164c836793,11,10,False,False
temporal,retrospective,4b009f9643bde5a1f62c,11,10,False,False
temporal,retrospective,9c0de4370cfe3d75bdbc,11,10,False,False
temporal,retrospective,8980919da8465016e4d8,11,10,False,False
temporal,retrospective,78cb164b39aab3853a65,11,10,False,False
temporal,retrospective,931ec54012c8da018270,11,10,False,False
temporal,retrospective,28441326f94ba0a5b14f,11,10,False,False
temporal,retrospective,e0f86edd1308ffb68e05,11,10,False,False
temporal,retrospective,e81b53ce8f9871fa6fee,11,10,False,False
temporal,retrospective,41f9196246973f9d4299,11,10,False,False
temporal,retrospective,d5c578b6a876bab44f50,11,10,False,False
temporal,retrospective,83c6242d2df88f297292,11,10,False,False
temporal,retrospective,c8333b982d903608eca0,11,10,False,False
temporal,retrospective,7ce6b784155ee595c853,11,10,False,False
temporal,retrospective,b84d284eff85ab45d45b,11,10,False,False
temporal,retrospective,7bf3c07686d4ffa04fc0,11,10,False,False
temporal,retrospective,b83fd1ebc6cb05ea1ba2,11,10,False,False
temporal,retrospective,a535eb6c49e22f76e75e,11,10,False,False
temporal,retrospective,e0015240e4f54175ce77,11,10,False,False
temporal,retrospective,861f156ee6accea60cc5,11,10,False,False
temporal,retrospective,44aabafc8229235e609c,11,10,False,False
temporal,retrospective,c876e7b629376036a637,11,10,False,False
temporal,retrospective,026071fc4e76d9c91c7e,11,10,False,False
temporal,retrospective,2a3756ecf573ca5fb122,11,10,False,False
temporal,retrospective,b426a521f8ee659c4136,11,10,False,False
temporal,retrospective,c9fbd843b58d5b0ac58e,11,10,False,False
temporal,retrospective,2cc94b2b7728541f8861,11,10,False,False
temporal,retrospective,c4a259a72b484c35e21f,11,10,False,False
temporal,retrospective,61b96069cda3fc5d7af1,11,10,False,False
temporal,retrospective,231fa13466e8969f19db,11,10,False,False
temporal,retrospective,c8d0eb2d8197750d2791,11,10,False,False
temporal,retrospective,b5b2aa67bd8624ac5c2d,11,10,False,False
temporal,retrospective,a82b217d71ade5180a5f,11,10,False,False
temporal,retrospective,77bcbcf9c247415a6cef,11,10,False,False
temporal,retrospective,a5e299d9e5dfcafb19a2,11,10,False,False
temporal,retrospective,cfd347275ff40c458e05,11,10,False,False
temporal,retrospective,64e55696aaaf10847115,11,10,False,False
temporal,retrospective,becf7091bf2cfa7a5ec4,11,10,False,False
temporal,retrospective,2eab6eb436c3e259dd8d,11,10,False,False
temporal,retrospective,18c814cfb1f440d688f4,11,10,False,False
temporal,retrospective,42c6318158bf05f3bc60,11,10,False,False
temporal,retrospective,3d9dc3b8032cead14c80,11,10,False,False
temporal,retrospective,025b74b54e01e57dc2bb,11,10,False,False
temporal,retrospective,bdc3b74e17d971dd7fc1,11,10,False,False
temporal,retrospective,83af60abcd9088be2636,11,10,False,False
temporal,retrospective,69d4050e3444b11756f0,11,10,False,False
temporal,retrospective,a5fd1e4cc339eda1fe2d,11,10,False,False
temporal,retrospective,e683785aed2f544f3912,11,10,False,False
temporal,retrospective,9ca3aa93b392bca202ef,11,10,False,False
temporal,retrospective,d7b29c96ee42964cf957,11,10,False,False
temporal,retrospective,5ea29512d772df31c40c,11,10,False,False
temporal,retrospective,3e8cd90ff912a0de928a,11,10,False,False
temporal,retrospective,e54036210e8cf9aec66b,11,10,False,False
temporal,retrospective,dc27cf1564433362baeb,11,10,False,False
temporal,retrospective,be1c009f94fc2f719790,11,10,False,False
temporal,retrospective,53b35b947fc65cfb0b47,11,10,False,False
temporal,retrospective,0c1bfc8a83d5f95171f8,11,10,False,False
temporal,retrospective,a5f11799d424f1d5b54e,11,10,False,False
temporal,retrospective,e875d34f202aae8c7207,11,10,False,False
temporal,retrospective,2529d5d4a0dbf3e80daf,11,10,False,False
temporal,retrospective,e3111626d2dec47f0526,11,10,False,False
temporal,retrospective,70fa01ac459d75c29619,11,10,False,False
temporal,retrospective,1e695550f4e025f3eb4f,11,10,False,False
temporal,retrospective,661374271278d0161afd,11,10,False,False
temporal,retrospective,148cc533345063ad8969,11,10,False,False
temporal,retrospective,825503730c841b9dc967,11,10,False,False
temporal,retrospective,2656d3add865fd1c3323,11,10,False,False
temporal,retrospective,21875bdd674560402390,11,10,False,False
temporal,retrospective,4219fb79ba1ee16c1c01,11,10,False,False
temporal,retrospective,11b03262e0ce339a2f9c,11,10,False,False
temporal,retrospective,c13cb0ed0c4a4afc371e,11,10,False,False
temporal,retrospective,4c73534d684a3116a73c,11,10,False,False
temporal,retrospective,2752a6a639957b0175db,11,10,False,False
temporal,retrospective,f9f678a89c308db21acc,11,10,False,False
temporal,retrospective,ecf7d8cb3c136c1e4b2c,11,10,False,False
temporal,retrospective,2b081f335e8e2134b787,11,10,False,False
temporal,retrospective,cfdbe5dbbf299d54b181,11,10,False,False
temporal,retrospective,d9fbe2f3d9d142a0a785,11,10,False,False
temporal,retrospective,8728ed6bce3c80ea37cc,11,10,False,False
temporal,retrospective,d6e70e849f1f69207304,11,10,False,False
temporal,retrospective,7113e6896f1c7824ab55,11,10,False,False
temporal,retrospective,f7cb44bb82f2475e4dc8,11,10,False,False
temporal,retrospective,ee17015b752e32752692,11,10,False,False
temporal,retrospective,653013e308a8de7dfbae,11,10,False,False
temporal,retrospective,cd92bd6c80037ba098c4,11,10,False,False
temporal,retrospective,ee7a7e06b7c9448651bc,11,10,False,False
temporal,retrospective,6b6f77a9d074a05a7dd1,11,10,False,False
temporal,retrospective,bae00ce684ed453a2c2b,11,10,False,False
temporal,retrospective,54eca18e197e3157bee5,11,10,False,False
temporal,retrospective,4df0e053252ff780dd75,11,10,False,False
temporal,retrospective,d44c85d04e91538c513b,11,10,False,False
temporal,retrospective,12ff7c625baa9d45030b,11,10,False,False
temporal,retrospective,f8726b5770d320f66866,11,10,False,False
temporal,retrospective,610d57ba49c6c283336b,11,10,False,False
temporal,retrospective,14e40083fd3bedb4a70e,11,10,False,False
temporal,retrospective,1148db8c9700e408e88f,11,10,False,False
temporal,retrospective,bc21a923dea09aa48b9f,11,10,False,False
temporal,retrospective,9bd8703eb02390aab159,11,10,False,False
test,completed,802b230d0aa13ef09b01,11,10,False,False
test,completed,78293129114a408f1e80,7,7,False,False
test,completed,8cbfa251ad6482b9468a,2,2,True,False
test,completed,764753670487fc80d24c,11,10,False,False
test,completed,fb0eae697a9519d0905e,11,10,False,False
test,completed,578662795c0c299ba758,11,10,False,False
test,completed,f60abb8f931c66b5bf55,11,10,False,False
test,completed,240582ac933b31585eaa,11,10,False,False
test,completed,bbb5ef61589c83445e6d,11,10,False,False
test,completed,98cba2b96f73f2b35fd6,11,10,False,False
test,completed,fcd498cc64e4e283fd14,11,10,False,False
test,completed,43f41ee9574e59f97f85,11,10,False,False
test,completed,3412955d6c5ac4440b55,11,10,False,False
test,completed,43b8588baa3f12c6ca6b,11,10,False,False
test,completed,effbef4e397b3bf03d9b,11,10,False,False
test,completed,4a8255e9c03d9064da6e,11,10,False,False
test,completed,604297c540f93a7ea7a1,11,10,False,False
test,completed,4c93d5d8a6926d298bc4,11,10,False,False
test,completed,6e87305a98324b192f85,11,10,False,False
test,completed,1b71d0d68b678324b5ec,11,10,False,False
test,completed,72f27f0639e543a56a3e,11,10,False,False
test,completed,ca786fef1ace9de4a2dc,11,10,False,False
test,completed,070a26f87b8bb0196d5a,11,10,False,False
test,completed,926a1c06ffe4fe95a1d6,11,10,False,False
test,completed,4c4101c930efb6d446eb,11,10,False,False
test,completed,95a66aac498374b464f2,11,10,False,False
test,completed,76878d721fb53e76d9fc,11,10,False,False
test,completed,193ca7033f67b8f177e8,11,10,False,False
test,completed,f0fb91da579f6f1f49ec,11,10,False,False
test,completed,404093efb1e18525aae2,11,10,False,False
test,completed,767913bddf4c33a0a5f6,11,10,False,False
test,completed,1d46a590ac050bf38b25,11,10,False,False
test,completed,1b3066545c255d2e7616,11,10,False,False
test,completed,1cb5a5cbb8d20b9f85cd,11,10,False,False
test,completed,f6323ed237c5935fcaad,11,10,False,False
test,completed,ef41dca19f87cb9db634,11,10,False,False
test,completed,ea815ab5a7798dc8b3d0,11,10,False,False
test,completed,a7a50e39d82263ff1fda,11,10,False,False
test,completed,85d6e790a5c68d082c31,11,10,False,False
test,completed,d5781eb69b823c502bd1,11,10,False,False
test,completed,1c07593c740f2420a217,11,10,False,False
test,completed,c963be8f10cffffbc7e5,11,10,False,False
test,completed,278eef490e1b8b5a998e,11,10,False,False
test,completed,ac8990d5cceaedd7d901,11,10,False,False
test,completed,3ffaf599b5242d939e38,11,10,False,False
test,completed,1fa79b59f22cb39b8f6d,11,10,False,False
test,completed,b4d7bb3408e2d7f8842d,11,10,False,False
test,completed,131d05f9047d306b06a7,11,10,False,False
test,completed,9a4eb8d586f294700a91,11,10,False,False
test,completed,2922b1fbfa9542718f5f,11,10,False,False
test,completed,72bfbb8b9ab0048db081,9,9,False,False
test,completed,c2d51a431c1ca85e4120,11,10,False,False
test,completed,d8b3bf030cac52b6df0e,9,9,False,False
test,completed,9568569c28b202e4863d,11,10,False,False
test,completed,6085727d6ece27d56f3c,11,10,False,False
test,completed,2aab1e24996b676e4523,11,10,False,False
test,completed,0ba8d7ab2acbc60af0a2,11,10,False,False
test,completed,b253dcf3858f5936bc95,11,10,False,False
test,completed,602fe24f74039ecae663,11,10,False,False
test,completed,aeeb3f1c51988fdbb2ec,11,10,False,False
test,completed,ddde3d9cd9c153bd5bd1,11,10,False,False
test,completed,33f71953596408ca76b3,11,10,False,False
test,completed,41543b17d99489751f7a,11,10,False,False
test,completed,638bccbe4b722eb77d11,11,10,False,False
test,completed,8bc32a935d3dbc6a6377,11,10,False,False
test,completed,7359fe9944f2bb68e4ec,11,10,False,False
test,completed,bebfdab8413eaca10cec,11,10,False,False
test,completed,d9155dbc1410d9e916b4,11,10,False,False
test,completed,4a1f7fe13bf5c4089572,11,10,False,False
test,completed,faf1c95c3394f52f4626,11,10,False,False
test,completed,6d5333367928c4ad8e1c,11,10,False,False
test,completed,331d9793d708a7aa3637,11,10,False,False
test,completed,1b82765c0c2ed1d695a8,11,10,False,False
test,completed,e94b6136fa0a7879880f,11,10,False,False
test,completed,56fb7c2ebb23d1798c31,11,10,False,False
test,completed,ee3b64d5846649b4bab5,11,10,False,False
test,completed,a812097fd0b6f8d285dd,11,10,False,False
test,completed,5a758f5312120ce6feb9,11,10,False,False
test,completed,23c53ba93b2dcd87fb6c,11,10,False,False
test,completed,e551d8fe477b80d53719,11,10,False,False
test,completed,03e7f5b08e74bd956037,11,10,False,False
test,completed,0e0f50334904de2afe94,11,10,False,False
test,completed,202f0bfb0a59ec398820,11,10,False,False
test,completed,4ace9ed20a16bf707cc6,11,10,False,False
test,completed,f3deb55831105a6e4285,11,10,False,False
test,completed,4f35a32ecc87443a91a9,11,10,False,False
test,completed,5469b6eaedf49a9881c3,11,10,False,False
test,completed,a8bca106fc812f8a95bd,11,10,False,False
test,completed,21e0c5e038553c7ac0ec,11,10,False,False
test,completed,1d730bbf35d21619651d,11,10,False,False
test,completed,071b3b8cd6ab5748b4eb,11,10,False,False
test,completed,8ff2efab701216506995,11,10,False,False
test,completed,293e647e9db79c39ddfd,11,10,False,False
test,completed,6a187377a43f61eff20c,11,10,False,False
test,completed,03263d39b530bbeb06c0,11,10,False,False
test,completed,8685ea7325010b442187,11,10,False,False
test,completed,e6b5f5fec3bc532fbff4,11,10,False,False
test,completed,c07f11a672e3a61d7fed,11,10,False,False
test,completed,87b224a0bf40bdfc3143,11,10,False,False
test,completed,a1b9f05c3ed75594b6ed,11,10,False,False
test,completed,1231dfd2ab95c560959d,11,10,False,False
test,completed,1d12a3644ee42fa22bf5,11,10,False,False
test,completed,854c6656bdbe1ea5f307,11,10,False,False
test,completed,fc9e64a691df4ee30646,11,10,False,False
test,completed,0d2395e2fd89ad36cc56,11,10,False,False
test,completed,95bdfe79a0a74518e760,11,10,False,False
test,completed,f34c11dc4ac05d740639,11,10,False,False
test,completed,9b835bb633719d0ca1d2,11,10,False,False
test,completed,4b8e0e083de2f306c108,11,10,False,False
test,completed,9c8542ee17a36e4ca58c,11,10,False,False
test,completed,91003ef42cf4738a805e,11,10,False,False
test,completed,dbc47b7b914266a55982,11,10,False,False
test,completed,668cdc478652f2279828,11,10,False,False
test,completed,515dc65b92ddc1fcd0a3,11,10,False,False
test,completed,1becc7108ca0a195d64a,11,10,False,False
test,completed,4f91f011d6c4a66581bf,11,10,False,False
test,completed,eb04f2491a820b6eab04,11,10,False,False
test,completed,e867a38822028db043d7,11,10,False,False
test,completed,ff4cd957e7cfe9b95f0f,11,10,False,False
test,completed,59135297414a96cafb48,11,10,False,False
test,completed,3832178b31f1168ceece,11,10,False,False
test,completed,25f5d1c7a657e344ea5c,11,10,False,False
test,completed,ab462574efe9698ce296,11,10,False,False
test,completed,4fa524229fac21e09291,11,10,False,False
test,completed,e97e6d5130a8ce3c1639,11,10,False,False
test,completed,13c9f3d1cb604dd1c804,11,10,False,False
test,completed,4008051e5c0764f8b2d2,11,10,False,False
test,completed,d078c91b9bd85826bc47,11,10,False,False
test,completed,4fd3f97f9b8d33185700,11,10,False,False
test,completed,10af1fbcd3118cae9b70,11,10,False,False
test,completed,39d340ed617a4771255f,11,10,False,False
test,completed,b721ed3f409740b15845,11,10,False,False
test,completed,2d55d45f9a0383a8f06a,11,10,False,False
test,completed,3d73609d01eeeb300789,11,10,False,False
test,completed,1418b8e6a21e1498ee15,11,10,False,False
test,completed,18f2e9090491c66ffc3d,11,10,False,False
test,completed,b8a460a3ed3364ac5d36,11,10,False,False
test,completed,5e9ebb235101bb733c2c,11,10,False,False
test,completed,c20ad86a5f2d24f8791a,11,10,False,False
test,completed,92395baceacea8151558,11,10,False,False
test,completed,799ae9f853bad8571fa4,11,10,False,False
test,completed,d9e64853647ef6faa58a,11,10,False,False
test,completed,67ca09e28c7a05334d90,11,10,False,False
test,completed,4f1e61c084da79b28a0b,11,10,False,False
test,completed,c2f26a8e6540db9ed7fd,11,10,False,False
test,completed,ef0a3f797b223ac09cbf,11,10,False,False
test,completed,97eb897b6cd7fdeee456,11,10,False,False
test,completed,195c407213762ac26ccd,11,10,False,False
test,completed,7a90843126f11cae9f2b,11,10,False,False
test,completed,f6fd3671c36f66b51a43,11,10,False,False
test,completed,b6891c7c9f4109835040,11,10,False,False
test,completed,45b3d1cbdf6c36ae9568,11,10,False,False
test,completed,7886b957e4c074b8f983,11,10,False,False
test,completed,59c61c0f20772c2c27ac,11,10,False,False
test,completed,c3c783cf0326aa95c952,11,10,False,False
test,completed,2351884670ffe452a34c,11,10,False,False
test,completed,4f521b5a6a05437b2869,11,10,False,False
test,completed,4474b2f519f8133dc4f4,11,10,False,False
test,completed,49baf58c32e6bf77ffe7,11,10,False,False
test,completed,ce599ad43fb842cfdd60,11,10,False,False
test,completed,7d28fc108c3d1fcb0fdc,11,10,False,False
test,completed,81927a30bb0c1a6ee01a,11,10,False,False
test,completed,b702026c6754db968c8d,11,10,False,False
test,completed,64b87b6ec1703d21a020,11,10,False,False
test,completed,c7164626a9416c999b38,11,10,False,False
test,completed,d2b619d0c27a2215d97d,3,3,False,False
test,completed,2f19a3b3f53f74c8f06d,11,10,False,False
test,completed,57fe37f23a7a563e92b5,11,10,False,False
test,completed,d88729a1562ff7919ee6,11,10,False,False
test,completed,962437a2fbc3b6042db7,11,10,False,False
test,completed,f87bd15cfe0b9c9d8415,11,10,False,False
test,completed,7f2459acd6f57454c4de,11,10,False,False
test,completed,957c27960f457cd8dabf,11,10,False,False
test,completed,c26e0c529372ea2ee611,11,10,False,False
test,completed,49bba6db5bee77022ef6,11,10,False,False
test,completed,9fd0ed5ba993979a6cfd,11,10,False,False
test,completed,bf41f45050aa7ffc0a41,11,10,False,False
test,completed,ab2a98cd53feb4a9b68e,11,10,False,False
test,completed,1ac24eafd0da43e258bc,11,10,False,False
test,completed,b975a3224ef6639f0a72,11,10,False,False
test,completed,05a15453e1d30c4d06e3,11,10,False,False
test,completed,d279bdf911278448128d,11,10,False,False
test,completed,d57fb09251db630e1c42,11,10,False,False
test,completed,e75722edfe57cace8431,11,10,False,False
test,completed,2d9bec1b3d81c5674e0f,11,10,False,False
test,completed,5e954f010a07d7b406c0,11,10,False,False
test,completed,40b3ead632c8b379236a,11,10,False,False
test,completed,4d02baea5f92507f22f0,11,10,False,False
test,completed,0840e6892b63ab3fb73d,11,10,False,False
test,completed,2c40e43ca8186da9e870,11,10,False,False
test,completed,18de11410d8e0e935400,11,10,False,False
test,completed,ef55cca9a61c5f46bf0d,11,10,False,False
test,completed,d952f73daa3cfa643d4f,11,10,False,False
test,completed,8a557519f593fe021263,11,10,False,False
test,completed,740db52c219cdb88368f,11,10,False,False
test,completed,2f2bc1534b1e3fdd9d52,11,10,False,False
test,completed,54e352c9fcb29c063a3c,11,10,False,False
test,completed,bd0e4ec69375e5934138,11,10,False,False
test,completed,58c585360a59e28b17a2,11,10,False,False
test,completed,532038a18961d4c7362a,11,10,False,False
test,completed,a0e35412fee239717c15,11,10,False,False
test,completed,2cd489492c0fd76d31d5,11,10,False,False
test,completed,aacb8f147338006805aa,11,10,False,False
test,completed,ec299949f47acf4481eb,11,10,False,False
test,completed,e4a8d590a7f0cdfa810c,11,10,False,False
test,completed,833989e1b27359f5fcd1,11,10,False,False
test,completed,2bee269ffc1783adc8f9,11,10,False,False
test,completed,4785068d163fb47d5d68,11,10,False,False
test,completed,650a13d664b0452243c7,11,10,False,False
test,completed,ac3d00b3184df4597929,11,10,False,False
test,completed,42920a47f36ad70bcb75,11,10,False,False
test,completed,5e3b5c759e17de0ad882,3,3,False,False
test,completed,e1a33ee9593555a25d87,11,10,False,False
test,completed,580873c249e099e5a59d,11,10,False,False
test,completed,1d410fde2606e936250d,11,10,False,False
test,completed,c5fc910a4b3dc7a8e887,11,10,False,False
test,completed,1baaf4761c3110190e59,11,10,False,False
test,completed,d76b13048dbb9a77aa6b,11,10,False,False
test,completed,7722400135e192d2237e,11,10,False,False
test,completed,90be7b4b27b44060dd5a,11,10,False,False
test,completed,e36c6ea665925d836c4d,11,10,False,False
test,completed,2e80bf402dc99d688266,11,10,False,False
test,completed,6c1fd2970a42686b16eb,11,10,False,False
test,completed,3f935a8c1167fd8b76ad,11,10,False,False
test,completed,a2c652763ef774058ba3,11,10,False,False
test,completed,b9439a1f559670b1388c,11,10,False,False
test,completed,a9a54e71945c604de534,11,10,False,False
test,completed,c4632c3473f819c1f87d,11,10,False,False
test,completed,c5b66d69b61732890b5c,11,10,False,False
test,completed,8329b66a4539428ea9b3,11,10,False,False
test,completed,218e61e220edeca369b5,11,10,False,False
test,completed,1474db5f8ce14385a655,11,10,False,False
test,completed,33eda84ec14b5650f80e,11,10,False,False
test,completed,604bb15b5002672e3f7d,11,10,False,False
test,completed,68ff755423902f997896,11,10,False,False
test,completed,4f5a52943b1f7d6602bf,11,10,False,False
test,completed,d2ba0a012398f74e2ef8,11,10,False,False
test,completed,8118f93504fee43ffb59,11,10,False,False
test,completed,7c2c2e80ce34715881e0,11,10,False,False
test,completed,08a8c253614d8e1856bc,11,10,False,False
test,completed,b6400998ff2f9a32c1ef,11,10,False,False
test,completed,5fd1ca55139b41c1e244,11,10,False,False
test,completed,afa2c9a9ad3f4ee15acb,11,10,False,False
test,completed,a519e6a3e58123065aa1,11,10,False,False
test,completed,afc0f73a332d719d5768,11,10,False,False
test,completed,7c970a876df0df3afab0,11,10,False,False
test,completed,fca308e1b18180a4be5e,11,10,False,False
test,completed,6d4645dd96df7115b9f0,11,10,False,False
test,completed,d42f7b4333ccfa17c357,11,10,False,False
test,completed,354ec906babadc913892,11,10,False,False
test,completed,2baebc025e8f2813cb3c,11,10,False,False
test,completed,2d5eab22f00871a10ce5,11,10,False,False
test,completed,aaabe774eb25a3cf9023,11,10,False,False
test,completed,968d1f274739646fe63d,11,10,False,False
test,completed,7b39c9c986e0dae854af,11,10,False,False
test,completed,c7d576fa29fcf2a16239,11,10,False,False
test,completed,6009535644195faa752e,11,10,False,False
test,completed,c93f52a49371ab7a15d6,11,10,False,False
test,completed,f28b782168f83aaac890,11,10,False,False
test,completed,c3d20b3083d52492281a,11,10,False,False
test,completed,723f122c590418312dc5,11,10,False,False
test,completed,0cafbb9b551f03b7704e,11,10,False,False
test,completed,5d11ab5955e64a56e4c0,11,10,False,False
test,completed,8f6c49f29adefdd09de7,11,10,False,False
test,completed,c5ad844a71bcab4b579b,11,10,False,False
test,completed,ea962e2a6ec5427b3180,11,10,False,False
test,completed,6f54f17396c3b58da22a,11,10,False,False
test,completed,8a2687b9578a93f52b6a,11,10,False,False
test,completed,2c30c0c0f98d9b0bfd36,11,10,False,False
test,completed,e9287cf9f639d0cb745c,11,10,False,False
test,completed,4c42e43dc99dab69afca,11,10,False,False
test,completed,ad7e6f6a84d54fe4416e,11,10,False,False
test,completed,ee67c692bd49fcbd2f9e,11,10,False,False
test,completed,3b3c6867e8b5a8aa8b3f,11,10,False,False
test,completed,1b750f8c6190dfd1d423,11,10,False,False
test,completed,51e4ac2b53d02ee262c9,11,10,False,False
test,completed,f1e6f363916627d7a3c3,11,10,False,False
test,completed,cae6353f8ec36c6e31d8,11,10,False,False
test,completed,34208ebb2733b1b0284c,11,10,False,False
test,completed,b2c92099d6dd8787ed9d,11,10,False,False
test,completed,5b62cb6062cfc089a043,11,10,False,False
test,completed,b132fd519f7548da10fb,11,10,False,False
test,completed,830f9c6f1adcdb7fd3bb,11,10,False,False
test,completed,a9eced970ea76a980401,11,10,False,False
test,completed,35f8c935184e3a44fd5a,11,10,False,False
test,completed,2c85b09b93f1ce1cb955,11,10,False,False
test,completed,71e792b4ecd29675ab98,11,10,False,False
test,completed,340989de55d989058a09,11,10,False,False
test,completed,9ec397dcd02c321971fb,11,10,False,False
test,completed,501a01e44826e057d8af,11,10,False,False
test,completed,6382d03d85cb6f9225c4,11,10,False,False
test,completed,b2ccf2c9e3caa262b15a,11,10,False,False
test,completed,705a622305ff67e6155a,11,10,False,False
test,completed,63722e4aea1193f8f1fa,11,10,False,False
test,completed,12bc66546fcc2c53ca8b,11,10,False,False
test,completed,4ff22cd563e8a3f3f164,11,10,False,False
test,completed,28352dba4220964b25a2,11,10,False,False
test,completed,610d59865d54893d48f9,11,10,False,False
test,completed,b4a42d71ec83ee25b4b7,11,10,False,False
test,completed,fec5c7e4b8d03bd75f20,11,10,False,False
test,completed,feef453df50f97a51897,11,10,False,False
test,completed,2032a6c746698b4b468e,11,10,False,False
test,completed,bddb39bc76da40c2cf87,11,10,False,False
test,completed,455e2ab8a8bc54172c45,11,10,False,False
test,completed,1fae7308faab0dbdcad4,11,10,False,False
test,completed,5b9785bdcd71c032c33a,11,10,False,False
test,completed,b4dece67784847d3ea35,11,10,False,False
test,completed,68805788b02bec707bfc,11,10,False,False
test,completed,e637be32b794d445868a,11,10,False,False
test,completed,6fc52f00013553e78493,11,10,False,False
test,completed,ddc8490279786d6d2b57,11,10,False,False
test,completed,eb7752594dac3931dcd4,11,10,False,False
test,completed,74205f39581c79fd4131,11,10,False,False
test,completed,67ce71772bbefef05382,11,10,False,False
test,completed,8552a20a99b365709b3b,11,10,False,False
test,completed,c51e8610494eb5b4571b,11,10,False,False
test,completed,d466cbb55485d03d267a,11,10,False,False
test,completed,5bc503adf526d90ee225,11,10,False,False
test,completed,5681c74abcfb12fbff1e,11,10,False,False
test,completed,1f9d7e9fa9948a870e3c,11,10,False,False
test,completed,566de29f17b444f9d704,11,10,False,False
test,completed,71fc3e6de1ca86140467,11,10,False,False
test,completed,de67f9c12ff7ec828783,11,10,False,False
test,completed,b9ab82f96bfd3819173d,11,10,False,False
test,completed,9f7bd7f0d493611437a4,11,10,False,False
test,completed,84bc5c4dcce0f17b5e3c,11,10,False,False
test,completed,cdd3276ec2cd2a249a1d,11,10,False,False
test,completed,1e2f62523499ed927d17,11,10,False,False
test,completed,ff99b48a0985236f66d0,11,10,False,False
test,completed,1baa5276e694134773d7,11,10,False,False
test,completed,a36a20bc925c09068cc0,11,10,False,False
test,completed,9de61bbf05b5748e5c19,11,10,False,False
test,completed,94b638552e294aaab06b,11,10,False,False
test,completed,f3863b34f28fd21d5564,11,10,False,False
test,completed,6faf94a5f7c1e562ed54,11,10,False,False
test,completed,7a4930f9612953444bf0,11,10,False,False
test,completed,e55c214c6d6fd1dfe550,11,10,False,False
test,completed,107cb9a6202faba4b5d2,11,10,False,False
test,completed,ce41827e64af29c9d639,11,10,False,False
test,completed,a6dfa4938807feb52cf1,11,10,False,False
test,completed,1d1bb726944540c80d59,11,10,False,False
test,completed,319311bec39c3ba0f0c3,11,10,False,False
test,completed,05fe4d20cb4c3735022c,11,10,False,False
test,completed,1f2e187818d5383eec5b,11,10,False,False
test,completed,5231263bc46fa2fb32a4,11,10,False,False
test,completed,92d5bc3dc4acacfd21ea,11,10,False,False
test,completed,0f41500385df440ddaff,11,10,False,False
test,completed,b40ffe65c6be5f20ce63,11,10,False,False
test,completed,d9c8e6365c07341aacd1,11,10,False,False
test,completed,b25c707ca691d6becb3f,11,10,False,False
test,completed,e441cea6e33ad005e714,11,10,False,False
test,completed,4776e888a023544db6b1,11,10,False,False
test,completed,a46bebf8e9f512a996be,11,10,False,False
test,completed,40bed85ae6557f5ba21f,11,10,False,False
test,completed,7d84b8e9ad53989df68f,11,10,False,False
test,completed,1e0940a534cad3bba3b4,11,10,False,False
test,completed,eb2122dc052db2a66cfe,11,10,False,False
test,completed,809096580291310a732e,11,10,False,False
test,completed,63b30f73d6172de799a4,11,10,False,False
test,completed,bc614ddbcbec41849901,11,10,False,False
test,completed,006b0b385c96ff685425,11,10,False,False
test,completed,7882adf4c667faf00510,11,10,False,False
test,completed,b2418d76b2e497ab1265,11,10,False,False
test,completed,92b1f654577f3aa99299,11,10,False,False
test,completed,f61f9f8a880f150b5798,11,10,False,False
test,completed,5ec5594c255a8b231fdc,11,10,False,False
test,completed,58403f0dadfb1e9cb730,11,10,False,False
test,completed,aaa43e2924c2482876aa,11,10,False,False
test,completed,e9a40d2245015d4bd955,11,10,False,False
test,completed,0df71fbae975a7245e3c,11,10,False,False
test,completed,62a12c0d42f4848accee,11,10,False,False
test,completed,e0983b66510d97641c65,11,10,False,False
test,completed,632cd5631d4050089994,11,10,False,False
test,completed,78aaddc26c439d002045,8,8,False,False
test,completed,aac924067e4e78a61ef9,1,1,True,False
test,completed,c6b7b39162b16aa2dcca,3,3,False,False
test,completed,e4930977c9167712fad0,11,10,False,False
test,completed,99845544c876fcd9dead,11,10,False,False
test,completed,6d363ed96e0cd1115d3a,11,10,False,False
test,completed,f8910a63916df3c7b17a,11,10,False,False
test,completed,ba3ef0efb0b34bf9dde5,11,10,False,False
test,completed,a4e7fa9affbe3a00cbb6,11,10,False,False
test,completed,6f67e1c869c0b85c8399,11,10,False,False
test,completed,2e8d813244edb1e527a8,11,10,False,False
test,completed,fd188e5f4704b1e0841c,11,10,False,False
test,completed,e6a3bb9b32221304d052,11,10,False,False
test,completed,bb6409c12eab7fb9d361,11,10,False,False
test,completed,8d9d4087f403c8ba52a7,11,10,False,False
test,completed,4c63e11d9a1c54354fd2,11,10,False,False
test,completed,376a9d19ee18a166f98d,11,10,False,False
test,completed,7455e49bd8d88154cf5c,11,10,False,False
test,completed,fde3ef72dc00df83c6f0,11,10,False,False
test,completed,ab96c5ed8e6752b4b9c8,11,10,False,False
test,completed,9cc763c6e0cf24ae7283,11,10,False,False
test,completed,6125beb06b3dce20d11b,11,10,False,False
test,completed,f7432a6dfb361851db0b,11,10,False,False
test,completed,9185851b019744437e34,11,10,False,False
test,completed,aab66d1bfd81d3b46c08,11,10,False,False
test,completed,59310817ce51b1b0812b,11,10,False,False
test,completed,4785b70cae7a26a3d5dc,11,10,False,False
test,completed,c35654decfe2bee7c65b,11,10,False,False
test,completed,74b907b268ccb7821a99,11,10,False,False
test,completed,f67e09a546b2486d7d97,11,10,False,False
test,completed,94a1d213657002a7b66f,11,10,False,False
test,completed,fa546080280c7c695670,11,10,False,False
test,completed,d392252946e7fd3e1e2c,11,10,False,False
test,completed,a90137dd4dd5ab726b9e,11,10,False,False
test,completed,921e4c621638d9799d22,11,10,False,False
test,completed,94b7fea22f793547d5c9,11,10,False,False
test,completed,d214eb6be3669f6bd966,11,10,False,False
test,completed,f2417c37f10643b16263,11,10,False,False
test,completed,ab351a037579888cc0bf,11,10,False,False
test,completed,29de9414f464e665a9af,11,10,False,False
test,completed,6c7f0c9909ba2c2e2009,11,10,False,False
test,completed,edbffb937320b857e268,11,10,False,False
test,completed,fb69f94208b10546808a,11,10,False,False
test,completed,47a3e79635c9b86cd0a6,11,10,False,False
test,completed,b58aca40c4be64525f50,11,10,False,False
test,completed,fcf8f7301331d5969810,11,10,False,False
test,completed,78e42d6f2efdb2d2b12f,11,10,False,False
test,completed,052e8cbcfa393534872c,11,10,False,False
test,completed,12c2bb31a649383137b5,11,10,False,False
test,completed,74f92b58edc8282f1821,11,10,False,False
test,completed,1a519042fce6b0129604,11,10,False,False
test,retrospective,802b230d0aa13ef09b01,11,10,False,False
test,retrospective,78293129114a408f1e80,8,10,False,False
test,retrospective,8cbfa251ad6482b9468a,3,10,False,False
test,retrospective,764753670487fc80d24c,11,10,False,False
test,retrospective,fb0eae697a9519d0905e,11,10,False,False
test,retrospective,578662795c0c299ba758,11,10,False,False
test,retrospective,f60abb8f931c66b5bf55,11,10,False,False
test,retrospective,240582ac933b31585eaa,11,10,False,False
test,retrospective,bbb5ef61589c83445e6d,11,10,False,False
test,retrospective,98cba2b96f73f2b35fd6,11,10,False,False
test,retrospective,fcd498cc64e4e283fd14,11,10,False,False
test,retrospective,43f41ee9574e59f97f85,11,10,False,False
test,retrospective,3412955d6c5ac4440b55,11,10,False,False
test,retrospective,43b8588baa3f12c6ca6b,11,10,False,False
test,retrospective,effbef4e397b3bf03d9b,11,10,False,False
test,retrospective,4a8255e9c03d9064da6e,11,10,False,False
test,retrospective,604297c540f93a7ea7a1,11,10,False,False
test,retrospective,4c93d5d8a6926d298bc4,11,10,False,False
test,retrospective,6e87305a98324b192f85,11,10,False,False
test,retrospective,1b71d0d68b678324b5ec,11,10,False,False
test,retrospective,72f27f0639e543a56a3e,11,10,False,False
test,retrospective,ca786fef1ace9de4a2dc,11,10,False,False
test,retrospective,070a26f87b8bb0196d5a,11,10,False,False
test,retrospective,926a1c06ffe4fe95a1d6,11,10,False,False
test,retrospective,4c4101c930efb6d446eb,11,10,False,False
test,retrospective,95a66aac498374b464f2,11,10,False,False
test,retrospective,76878d721fb53e76d9fc,11,10,False,False
test,retrospective,193ca7033f67b8f177e8,11,10,False,False
test,retrospective,f0fb91da579f6f1f49ec,11,10,False,False
test,retrospective,404093efb1e18525aae2,11,10,False,False
test,retrospective,767913bddf4c33a0a5f6,11,10,False,False
test,retrospective,1d46a590ac050bf38b25,11,10,False,False
test,retrospective,1b3066545c255d2e7616,11,10,False,False
test,retrospective,1cb5a5cbb8d20b9f85cd,11,10,False,False
test,retrospective,f6323ed237c5935fcaad,11,10,False,False
test,retrospective,ef41dca19f87cb9db634,11,10,False,False
test,retrospective,ea815ab5a7798dc8b3d0,11,10,False,False
test,retrospective,a7a50e39d82263ff1fda,11,10,False,False
test,retrospective,85d6e790a5c68d082c31,11,10,False,False
test,retrospective,d5781eb69b823c502bd1,11,10,False,False
test,retrospective,1c07593c740f2420a217,11,10,False,False
test,retrospective,c963be8f10cffffbc7e5,11,10,False,False
test,retrospective,278eef490e1b8b5a998e,11,10,False,False
test,retrospective,ac8990d5cceaedd7d901,11,10,False,False
test,retrospective,3ffaf599b5242d939e38,11,10,False,False
test,retrospective,1fa79b59f22cb39b8f6d,11,10,False,False
test,retrospective,b4d7bb3408e2d7f8842d,11,10,False,False
test,retrospective,131d05f9047d306b06a7,11,10,False,False
test,retrospective,9a4eb8d586f294700a91,11,10,False,False
test,retrospective,2922b1fbfa9542718f5f,11,10,False,False
test,retrospective,72bfbb8b9ab0048db081,9,10,False,False
test,retrospective,c2d51a431c1ca85e4120,11,10,False,False
test,retrospective,d8b3bf030cac52b6df0e,9,10,False,False
test,retrospective,9568569c28b202e4863d,11,10,False,False
test,retrospective,6085727d6ece27d56f3c,11,10,False,False
test,retrospective,2aab1e24996b676e4523,11,10,False,False
test,retrospective,0ba8d7ab2acbc60af0a2,11,10,False,False
test,retrospective,b253dcf3858f5936bc95,11,10,False,False
test,retrospective,602fe24f74039ecae663,11,10,False,False
test,retrospective,aeeb3f1c51988fdbb2ec,11,10,False,False
test,retrospective,ddde3d9cd9c153bd5bd1,11,10,False,False
test,retrospective,33f71953596408ca76b3,11,10,False,False
test,retrospective,41543b17d99489751f7a,11,10,False,False
test,retrospective,638bccbe4b722eb77d11,11,10,False,False
test,retrospective,8bc32a935d3dbc6a6377,11,10,False,False
test,retrospective,7359fe9944f2bb68e4ec,11,10,False,False
test,retrospective,bebfdab8413eaca10cec,11,10,False,False
test,retrospective,d9155dbc1410d9e916b4,11,10,False,False
test,retrospective,4a1f7fe13bf5c4089572,11,10,False,False
test,retrospective,faf1c95c3394f52f4626,11,10,False,False
test,retrospective,6d5333367928c4ad8e1c,11,10,False,False
test,retrospective,331d9793d708a7aa3637,11,10,False,False
test,retrospective,1b82765c0c2ed1d695a8,11,10,False,False
test,retrospective,e94b6136fa0a7879880f,11,10,False,False
test,retrospective,56fb7c2ebb23d1798c31,11,10,False,False
test,retrospective,ee3b64d5846649b4bab5,11,10,False,False
test,retrospective,a812097fd0b6f8d285dd,11,10,False,False
test,retrospective,5a758f5312120ce6feb9,11,10,False,False
test,retrospective,23c53ba93b2dcd87fb6c,11,10,False,False
test,retrospective,e551d8fe477b80d53719,11,10,False,False
test,retrospective,03e7f5b08e74bd956037,11,10,False,False
test,retrospective,0e0f50334904de2afe94,11,10,False,False
test,retrospective,202f0bfb0a59ec398820,11,10,False,False
test,retrospective,4ace9ed20a16bf707cc6,11,10,False,False
test,retrospective,f3deb55831105a6e4285,11,10,False,False
test,retrospective,4f35a32ecc87443a91a9,11,10,False,False
test,retrospective,5469b6eaedf49a9881c3,11,10,False,False
test,retrospective,a8bca106fc812f8a95bd,11,10,False,False
test,retrospective,21e0c5e038553c7ac0ec,11,10,False,False
test,retrospective,1d730bbf35d21619651d,11,10,False,False
test,retrospective,071b3b8cd6ab5748b4eb,11,10,False,False
test,retrospective,8ff2efab701216506995,11,10,False,False
test,retrospective,293e647e9db79c39ddfd,11,10,False,False
test,retrospective,6a187377a43f61eff20c,11,10,False,False
test,retrospective,03263d39b530bbeb06c0,11,10,False,False
test,retrospective,8685ea7325010b442187,11,10,False,False
test,retrospective,e6b5f5fec3bc532fbff4,11,10,False,False
test,retrospective,c07f11a672e3a61d7fed,11,10,False,False
test,retrospective,87b224a0bf40bdfc3143,11,10,False,False
test,retrospective,a1b9f05c3ed75594b6ed,11,10,False,False
test,retrospective,1231dfd2ab95c560959d,11,10,False,False
test,retrospective,1d12a3644ee42fa22bf5,11,10,False,False
test,retrospective,854c6656bdbe1ea5f307,11,10,False,False
test,retrospective,fc9e64a691df4ee30646,11,10,False,False
test,retrospective,0d2395e2fd89ad36cc56,11,10,False,False
test,retrospective,95bdfe79a0a74518e760,11,10,False,False
test,retrospective,f34c11dc4ac05d740639,11,10,False,False
test,retrospective,9b835bb633719d0ca1d2,11,10,False,False
test,retrospective,4b8e0e083de2f306c108,11,10,False,False
test,retrospective,9c8542ee17a36e4ca58c,11,10,False,False
test,retrospective,91003ef42cf4738a805e,11,10,False,False
test,retrospective,dbc47b7b914266a55982,11,10,False,False
test,retrospective,668cdc478652f2279828,11,10,False,False
test,retrospective,515dc65b92ddc1fcd0a3,11,10,False,False
test,retrospective,1becc7108ca0a195d64a,11,10,False,False
test,retrospective,4f91f011d6c4a66581bf,11,10,False,False
test,retrospective,eb04f2491a820b6eab04,11,10,False,False
test,retrospective,e867a38822028db043d7,11,10,False,False
test,retrospective,ff4cd957e7cfe9b95f0f,11,10,False,False
test,retrospective,59135297414a96cafb48,11,10,False,False
test,retrospective,3832178b31f1168ceece,11,10,False,False
test,retrospective,25f5d1c7a657e344ea5c,11,10,False,False
test,retrospective,ab462574efe9698ce296,11,10,False,False
test,retrospective,4fa524229fac21e09291,11,10,False,False
test,retrospective,e97e6d5130a8ce3c1639,11,10,False,False
test,retrospective,13c9f3d1cb604dd1c804,11,10,False,False
test,retrospective,4008051e5c0764f8b2d2,11,10,False,False
test,retrospective,d078c91b9bd85826bc47,11,10,False,False
test,retrospective,4fd3f97f9b8d33185700,11,10,False,False
test,retrospective,10af1fbcd3118cae9b70,11,10,False,False
test,retrospective,39d340ed617a4771255f,11,10,False,False
test,retrospective,b721ed3f409740b15845,11,10,False,False
test,retrospective,2d55d45f9a0383a8f06a,11,10,False,False
test,retrospective,3d73609d01eeeb300789,11,10,False,False
test,retrospective,1418b8e6a21e1498ee15,11,10,False,False
test,retrospective,18f2e9090491c66ffc3d,11,10,False,False
test,retrospective,b8a460a3ed3364ac5d36,11,10,False,False
test,retrospective,5e9ebb235101bb733c2c,11,10,False,False
test,retrospective,c20ad86a5f2d24f8791a,11,10,False,False
test,retrospective,92395baceacea8151558,11,10,False,False
test,retrospective,799ae9f853bad8571fa4,11,10,False,False
test,retrospective,d9e64853647ef6faa58a,11,10,False,False
test,retrospective,67ca09e28c7a05334d90,11,10,False,False
test,retrospective,4f1e61c084da79b28a0b,11,10,False,False
test,retrospective,c2f26a8e6540db9ed7fd,11,10,False,False
test,retrospective,ef0a3f797b223ac09cbf,11,10,False,False
test,retrospective,97eb897b6cd7fdeee456,11,10,False,False
test,retrospective,195c407213762ac26ccd,11,10,False,False
test,retrospective,7a90843126f11cae9f2b,11,10,False,False
test,retrospective,f6fd3671c36f66b51a43,11,10,False,False
test,retrospective,b6891c7c9f4109835040,11,10,False,False
test,retrospective,45b3d1cbdf6c36ae9568,11,10,False,False
test,retrospective,7886b957e4c074b8f983,11,10,False,False
test,retrospective,59c61c0f20772c2c27ac,11,10,False,False
test,retrospective,c3c783cf0326aa95c952,11,10,False,False
test,retrospective,2351884670ffe452a34c,11,10,False,False
test,retrospective,4f521b5a6a05437b2869,11,10,False,False
test,retrospective,4474b2f519f8133dc4f4,11,10,False,False
test,retrospective,49baf58c32e6bf77ffe7,11,10,False,False
test,retrospective,ce599ad43fb842cfdd60,11,10,False,False
test,retrospective,7d28fc108c3d1fcb0fdc,11,10,False,False
test,retrospective,81927a30bb0c1a6ee01a,11,10,False,False
test,retrospective,b702026c6754db968c8d,11,10,False,False
test,retrospective,64b87b6ec1703d21a020,11,10,False,False
test,retrospective,c7164626a9416c999b38,11,10,False,False
test,retrospective,d2b619d0c27a2215d97d,3,10,False,False
test,retrospective,2f19a3b3f53f74c8f06d,11,10,False,False
test,retrospective,57fe37f23a7a563e92b5,11,10,False,False
test,retrospective,d88729a1562ff7919ee6,11,10,False,False
test,retrospective,962437a2fbc3b6042db7,11,10,False,False
test,retrospective,f87bd15cfe0b9c9d8415,11,10,False,False
test,retrospective,7f2459acd6f57454c4de,11,10,False,False
test,retrospective,957c27960f457cd8dabf,11,10,False,False
test,retrospective,c26e0c529372ea2ee611,11,10,False,False
test,retrospective,49bba6db5bee77022ef6,11,10,False,False
test,retrospective,9fd0ed5ba993979a6cfd,11,10,False,False
test,retrospective,bf41f45050aa7ffc0a41,11,10,False,False
test,retrospective,ab2a98cd53feb4a9b68e,11,10,False,False
test,retrospective,1ac24eafd0da43e258bc,11,10,False,False
test,retrospective,b975a3224ef6639f0a72,11,10,False,False
test,retrospective,05a15453e1d30c4d06e3,11,10,False,False
test,retrospective,d279bdf911278448128d,11,10,False,False
test,retrospective,d57fb09251db630e1c42,11,10,False,False
test,retrospective,e75722edfe57cace8431,11,10,False,False
test,retrospective,2d9bec1b3d81c5674e0f,11,10,False,False
test,retrospective,5e954f010a07d7b406c0,11,10,False,False
test,retrospective,40b3ead632c8b379236a,11,10,False,False
test,retrospective,4d02baea5f92507f22f0,11,10,False,False
test,retrospective,0840e6892b63ab3fb73d,11,10,False,False
test,retrospective,2c40e43ca8186da9e870,11,10,False,False
test,retrospective,18de11410d8e0e935400,11,10,False,False
test,retrospective,ef55cca9a61c5f46bf0d,11,10,False,False
test,retrospective,d952f73daa3cfa643d4f,11,10,False,False
test,retrospective,8a557519f593fe021263,11,10,False,False
test,retrospective,740db52c219cdb88368f,11,10,False,False
test,retrospective,2f2bc1534b1e3fdd9d52,11,10,False,False
test,retrospective,54e352c9fcb29c063a3c,11,10,False,False
test,retrospective,bd0e4ec69375e5934138,11,10,False,False
test,retrospective,58c585360a59e28b17a2,11,10,False,False
test,retrospective,532038a18961d4c7362a,11,10,False,False
test,retrospective,a0e35412fee239717c15,11,10,False,False
test,retrospective,2cd489492c0fd76d31d5,11,10,False,False
test,retrospective,aacb8f147338006805aa,11,10,False,False
test,retrospective,ec299949f47acf4481eb,11,10,False,False
test,retrospective,e4a8d590a7f0cdfa810c,11,10,False,False
test,retrospective,833989e1b27359f5fcd1,11,10,False,False
test,retrospective,2bee269ffc1783adc8f9,11,10,False,False
test,retrospective,4785068d163fb47d5d68,11,10,False,False
test,retrospective,650a13d664b0452243c7,11,10,False,False
test,retrospective,ac3d00b3184df4597929,11,10,False,False
test,retrospective,42920a47f36ad70bcb75,11,10,False,False
test,retrospective,5e3b5c759e17de0ad882,3,10,False,False
test,retrospective,e1a33ee9593555a25d87,11,10,False,False
test,retrospective,580873c249e099e5a59d,11,10,False,False
test,retrospective,1d410fde2606e936250d,11,10,False,False
test,retrospective,c5fc910a4b3dc7a8e887,11,10,False,False
test,retrospective,1baaf4761c3110190e59,11,10,False,False
test,retrospective,d76b13048dbb9a77aa6b,11,10,False,False
test,retrospective,7722400135e192d2237e,11,10,False,False
test,retrospective,90be7b4b27b44060dd5a,11,10,False,False
test,retrospective,e36c6ea665925d836c4d,11,10,False,False
test,retrospective,2e80bf402dc99d688266,11,10,False,False
test,retrospective,6c1fd2970a42686b16eb,11,10,False,False
test,retrospective,3f935a8c1167fd8b76ad,11,10,False,False
test,retrospective,a2c652763ef774058ba3,11,10,False,False
test,retrospective,b9439a1f559670b1388c,11,10,False,False
test,retrospective,a9a54e71945c604de534,11,10,False,False
test,retrospective,c4632c3473f819c1f87d,11,10,False,False
test,retrospective,c5b66d69b61732890b5c,11,10,False,False
test,retrospective,8329b66a4539428ea9b3,11,10,False,False
test,retrospective,218e61e220edeca369b5,11,10,False,False
test,retrospective,1474db5f8ce14385a655,11,10,False,False
test,retrospective,33eda84ec14b5650f80e,11,10,False,False
test,retrospective,604bb15b5002672e3f7d,11,10,False,False
test,retrospective,68ff755423902f997896,11,10,False,False
test,retrospective,4f5a52943b1f7d6602bf,11,10,False,False
test,retrospective,d2ba0a012398f74e2ef8,11,10,False,False
test,retrospective,8118f93504fee43ffb59,11,10,False,False
test,retrospective,7c2c2e80ce34715881e0,11,10,False,False
test,retrospective,08a8c253614d8e1856bc,11,10,False,False
test,retrospective,b6400998ff2f9a32c1ef,11,10,False,False
test,retrospective,5fd1ca55139b41c1e244,11,10,False,False
test,retrospective,afa2c9a9ad3f4ee15acb,11,10,False,False
test,retrospective,a519e6a3e58123065aa1,11,10,False,False
test,retrospective,afc0f73a332d719d5768,11,10,False,False
test,retrospective,7c970a876df0df3afab0,11,10,False,False
test,retrospective,fca308e1b18180a4be5e,11,10,False,False
test,retrospective,6d4645dd96df7115b9f0,11,10,False,False
test,retrospective,d42f7b4333ccfa17c357,11,10,False,False
test,retrospective,354ec906babadc913892,11,10,False,False
test,retrospective,2baebc025e8f2813cb3c,11,10,False,False
test,retrospective,2d5eab22f00871a10ce5,11,10,False,False
test,retrospective,aaabe774eb25a3cf9023,11,10,False,False
test,retrospective,968d1f274739646fe63d,11,10,False,False
test,retrospective,7b39c9c986e0dae854af,11,10,False,False
test,retrospective,c7d576fa29fcf2a16239,11,10,False,False
test,retrospective,6009535644195faa752e,11,10,False,False
test,retrospective,c93f52a49371ab7a15d6,11,10,False,False
test,retrospective,f28b782168f83aaac890,11,10,False,False
test,retrospective,c3d20b3083d52492281a,11,10,False,False
test,retrospective,723f122c590418312dc5,11,10,False,False
test,retrospective,0cafbb9b551f03b7704e,11,10,False,False
test,retrospective,5d11ab5955e64a56e4c0,11,10,False,False
test,retrospective,8f6c49f29adefdd09de7,11,10,False,False
test,retrospective,c5ad844a71bcab4b579b,11,10,False,False
test,retrospective,ea962e2a6ec5427b3180,11,10,False,False
test,retrospective,6f54f17396c3b58da22a,11,10,False,False
test,retrospective,8a2687b9578a93f52b6a,11,10,False,False
test,retrospective,2c30c0c0f98d9b0bfd36,11,10,False,False
test,retrospective,e9287cf9f639d0cb745c,11,10,False,False
test,retrospective,4c42e43dc99dab69afca,11,10,False,False
test,retrospective,ad7e6f6a84d54fe4416e,11,10,False,False
test,retrospective,ee67c692bd49fcbd2f9e,11,10,False,False
test,retrospective,3b3c6867e8b5a8aa8b3f,11,10,False,False
test,retrospective,1b750f8c6190dfd1d423,11,10,False,False
test,retrospective,51e4ac2b53d02ee262c9,11,10,False,False
test,retrospective,f1e6f363916627d7a3c3,11,10,False,False
test,retrospective,cae6353f8ec36c6e31d8,11,10,False,False
test,retrospective,34208ebb2733b1b0284c,11,10,False,False
test,retrospective,b2c92099d6dd8787ed9d,11,10,False,False
test,retrospective,5b62cb6062cfc089a043,11,10,False,False
test,retrospective,b132fd519f7548da10fb,11,10,False,False
test,retrospective,830f9c6f1adcdb7fd3bb,11,10,False,False
test,retrospective,a9eced970ea76a980401,11,10,False,False
test,retrospective,35f8c935184e3a44fd5a,11,10,False,False
test,retrospective,2c85b09b93f1ce1cb955,11,10,False,False
test,retrospective,71e792b4ecd29675ab98,11,10,False,False
test,retrospective,340989de55d989058a09,11,10,False,False
test,retrospective,9ec397dcd02c321971fb,11,10,False,False
test,retrospective,501a01e44826e057d8af,11,10,False,False
test,retrospective,6382d03d85cb6f9225c4,11,10,False,False
test,retrospective,b2ccf2c9e3caa262b15a,11,10,False,False
test,retrospective,705a622305ff67e6155a,11,10,False,False
test,retrospective,63722e4aea1193f8f1fa,11,10,False,False
test,retrospective,12bc66546fcc2c53ca8b,11,10,False,False
test,retrospective,4ff22cd563e8a3f3f164,11,10,False,False
test,retrospective,28352dba4220964b25a2,11,10,False,False
test,retrospective,610d59865d54893d48f9,11,10,False,False
test,retrospective,b4a42d71ec83ee25b4b7,11,10,False,False
test,retrospective,fec5c7e4b8d03bd75f20,11,10,False,False
test,retrospective,feef453df50f97a51897,11,10,False,False
test,retrospective,2032a6c746698b4b468e,11,10,False,False
test,retrospective,bddb39bc76da40c2cf87,11,10,False,False
test,retrospective,455e2ab8a8bc54172c45,11,10,False,False
test,retrospective,1fae7308faab0dbdcad4,11,10,False,False
test,retrospective,5b9785bdcd71c032c33a,11,10,False,False
test,retrospective,b4dece67784847d3ea35,11,10,False,False
test,retrospective,68805788b02bec707bfc,11,10,False,False
test,retrospective,e637be32b794d445868a,11,10,False,False
test,retrospective,6fc52f00013553e78493,11,10,False,False
test,retrospective,ddc8490279786d6d2b57,11,10,False,False
test,retrospective,eb7752594dac3931dcd4,11,10,False,False
test,retrospective,74205f39581c79fd4131,11,10,False,False
test,retrospective,67ce71772bbefef05382,11,10,False,False
test,retrospective,8552a20a99b365709b3b,11,10,False,False
test,retrospective,c51e8610494eb5b4571b,11,10,False,False
test,retrospective,d466cbb55485d03d267a,11,10,False,False
test,retrospective,5bc503adf526d90ee225,11,10,False,False
test,retrospective,5681c74abcfb12fbff1e,11,10,False,False
test,retrospective,1f9d7e9fa9948a870e3c,11,10,False,False
test,retrospective,566de29f17b444f9d704,11,10,False,False
test,retrospective,71fc3e6de1ca86140467,11,10,False,False
test,retrospective,de67f9c12ff7ec828783,11,10,False,False
test,retrospective,b9ab82f96bfd3819173d,11,10,False,False
test,retrospective,9f7bd7f0d493611437a4,11,10,False,False
test,retrospective,84bc5c4dcce0f17b5e3c,11,10,False,False
test,retrospective,cdd3276ec2cd2a249a1d,11,10,False,False
test,retrospective,1e2f62523499ed927d17,11,10,False,False
test,retrospective,ff99b48a0985236f66d0,11,10,False,False
test,retrospective,1baa5276e694134773d7,11,10,False,False
test,retrospective,a36a20bc925c09068cc0,11,10,False,False
test,retrospective,9de61bbf05b5748e5c19,11,10,False,False
test,retrospective,94b638552e294aaab06b,11,10,False,False
test,retrospective,f3863b34f28fd21d5564,11,10,False,False
test,retrospective,6faf94a5f7c1e562ed54,11,10,False,False
test,retrospective,7a4930f9612953444bf0,11,10,False,False
test,retrospective,e55c214c6d6fd1dfe550,11,10,False,False
test,retrospective,107cb9a6202faba4b5d2,11,10,False,False
test,retrospective,ce41827e64af29c9d639,11,10,False,False
test,retrospective,a6dfa4938807feb52cf1,11,10,False,False
test,retrospective,1d1bb726944540c80d59,11,10,False,False
test,retrospective,319311bec39c3ba0f0c3,11,10,False,False
test,retrospective,05fe4d20cb4c3735022c,11,10,False,False
test,retrospective,1f2e187818d5383eec5b,11,10,False,False
test,retrospective,5231263bc46fa2fb32a4,11,10,False,False
test,retrospective,92d5bc3dc4acacfd21ea,11,10,False,False
test,retrospective,0f41500385df440ddaff,11,10,False,False
test,retrospective,b40ffe65c6be5f20ce63,11,10,False,False
test,retrospective,d9c8e6365c07341aacd1,11,10,False,False
test,retrospective,b25c707ca691d6becb3f,11,10,False,False
test,retrospective,e441cea6e33ad005e714,11,10,False,False
test,retrospective,4776e888a023544db6b1,11,10,False,False
test,retrospective,a46bebf8e9f512a996be,11,10,False,False
test,retrospective,40bed85ae6557f5ba21f,11,10,False,False
test,retrospective,7d84b8e9ad53989df68f,11,10,False,False
test,retrospective,1e0940a534cad3bba3b4,11,10,False,False
test,retrospective,eb2122dc052db2a66cfe,11,10,False,False
test,retrospective,809096580291310a732e,11,10,False,False
test,retrospective,63b30f73d6172de799a4,11,10,False,False
test,retrospective,bc614ddbcbec41849901,11,10,False,False
test,retrospective,006b0b385c96ff685425,11,10,False,False
test,retrospective,7882adf4c667faf00510,11,10,False,False
test,retrospective,b2418d76b2e497ab1265,11,10,False,False
test,retrospective,92b1f654577f3aa99299,11,10,False,False
test,retrospective,f61f9f8a880f150b5798,11,10,False,False
test,retrospective,5ec5594c255a8b231fdc,11,10,False,False
test,retrospective,58403f0dadfb1e9cb730,11,10,False,False
test,retrospective,aaa43e2924c2482876aa,11,10,False,False
test,retrospective,e9a40d2245015d4bd955,11,10,False,False
test,retrospective,0df71fbae975a7245e3c,11,10,False,False
test,retrospective,62a12c0d42f4848accee,11,10,False,False
test,retrospective,e0983b66510d97641c65,11,10,False,False
test,retrospective,632cd5631d4050089994,11,10,False,False
test,retrospective,78aaddc26c439d002045,8,10,False,False
test,retrospective,aac924067e4e78a61ef9,1,10,True,False
test,retrospective,c6b7b39162b16aa2dcca,3,10,False,False
test,retrospective,e4930977c9167712fad0,11,10,False,False
test,retrospective,99845544c876fcd9dead,11,10,False,False
test,retrospective,6d363ed96e0cd1115d3a,11,10,False,False
test,retrospective,f8910a63916df3c7b17a,11,10,False,False
test,retrospective,ba3ef0efb0b34bf9dde5,11,10,False,False
test,retrospective,a4e7fa9affbe3a00cbb6,11,10,False,False
test,retrospective,6f67e1c869c0b85c8399,11,10,False,False
test,retrospective,2e8d813244edb1e527a8,11,10,False,False
test,retrospective,fd188e5f4704b1e0841c,11,10,False,False
test,retrospective,e6a3bb9b32221304d052,11,10,False,False
test,retrospective,bb6409c12eab7fb9d361,11,10,False,False
test,retrospective,8d9d4087f403c8ba52a7,11,10,False,False
test,retrospective,4c63e11d9a1c54354fd2,11,10,False,False
test,retrospective,376a9d19ee18a166f98d,11,10,False,False
test,retrospective,7455e49bd8d88154cf5c,11,10,False,False
test,retrospective,fde3ef72dc00df83c6f0,11,10,False,False
test,retrospective,ab96c5ed8e6752b4b9c8,11,10,False,False
test,retrospective,9cc763c6e0cf24ae7283,11,10,False,False
test,retrospective,6125beb06b3dce20d11b,11,10,False,False
test,retrospective,f7432a6dfb361851db0b,11,10,False,False
test,retrospective,9185851b019744437e34,11,10,False,False
test,retrospective,aab66d1bfd81d3b46c08,11,10,False,False
test,retrospective,59310817ce51b1b0812b,11,10,False,False
test,retrospective,4785b70cae7a26a3d5dc,11,10,False,False
test,retrospective,c35654decfe2bee7c65b,11,10,False,False
test,retrospective,74b907b268ccb7821a99,11,10,False,False
test,retrospective,f67e09a546b2486d7d97,11,10,False,False
test,retrospective,94a1d213657002a7b66f,11,10,False,False
test,retrospective,fa546080280c7c695670,11,10,False,False
test,retrospective,d392252946e7fd3e1e2c,11,10,False,False
test,retrospective,a90137dd4dd5ab726b9e,11,10,False,False
test,retrospective,921e4c621638d9799d22,11,10,False,False
test,retrospective,94b7fea22f793547d5c9,11,10,False,False
test,retrospective,d214eb6be3669f6bd966,11,10,False,False
test,retrospective,f2417c37f10643b16263,11,10,False,False
test,retrospective,ab351a037579888cc0bf,11,10,False,False
test,retrospective,29de9414f464e665a9af,11,10,False,False
test,retrospective,6c7f0c9909ba2c2e2009,11,10,False,False
test,retrospective,edbffb937320b857e268,11,10,False,False
test,retrospective,fb69f94208b10546808a,11,10,False,False
test,retrospective,47a3e79635c9b86cd0a6,11,10,False,False
test,retrospective,b58aca40c4be64525f50,11,10,False,False
test,retrospective,fcf8f7301331d5969810,11,10,False,False
test,retrospective,78e42d6f2efdb2d2b12f,11,10,False,False
test,retrospective,052e8cbcfa393534872c,11,10,False,False
test,retrospective,12c2bb31a649383137b5,11,10,False,False
test,retrospective,74f92b58edc8282f1821,11,10,False,False
test,retrospective,1a519042fce6b0129604,11,10,False,False
validation,completed,02e436eb18826107a8a1,11,10,False,False
validation,completed,828c5c6d5d8c61cb58e1,11,10,False,False
validation,completed,d7ab3019b08390a6cfca,11,10,False,False
validation,completed,e43846f3cc235cde6504,11,10,False,False
validation,completed,d11f8b621634b39d02a1,11,10,False,False
validation,completed,6e95618ca6713de474ae,11,10,False,False
validation,completed,ba895590c5a78614f6a7,11,10,False,False
validation,completed,53eaf315e45adf6673c7,4,4,False,False
validation,completed,a746eb4532a8496fa3fc,11,10,False,False
validation,completed,4dabe82281322dd9ae8d,11,10,False,False
validation,completed,92bdd2e8a69face6d0b7,11,10,False,False
validation,completed,e2982b1b4c3f002e6329,11,10,False,False
validation,completed,7f6a8a463044f8bedd3d,4,4,False,False
validation,completed,43e629248987f68e519e,11,10,False,False
validation,completed,a83de54d465f5cb81ccb,11,10,False,False
validation,completed,bbab8b2708d9ab5a6aee,10,10,False,False
validation,completed,2b4a29e6a9f1acebd6f1,11,10,False,False
validation,completed,c188a41b25b300b96a7a,11,10,False,False
validation,completed,0c2a9a5204a36526421a,11,10,False,False
validation,completed,aad8247e4605a919c1f5,11,10,False,False
validation,completed,9420a085cea3ab285dc0,11,10,False,False
validation,completed,a5473f8af252e2caeb21,11,10,False,False
validation,completed,8855d674c5b6858c6318,11,10,False,False
validation,completed,6638a17cc405df12960e,11,10,False,False
validation,completed,a4f3938550d07e6b6bd4,11,10,False,False
validation,completed,6fea2ad58175b6cfd403,11,10,False,False
validation,completed,5e2cd51318771fb8e12a,11,10,False,False
validation,completed,8249ff20fcd08f77241f,11,10,False,False
validation,completed,fbe197aea1f068b2a304,11,10,False,False
validation,completed,6dc3424dfb73edbc468b,11,10,False,False
validation,completed,06c305d1b62943d60095,11,10,False,False
validation,completed,19ee154edb10a2b6819a,11,10,False,False
validation,completed,ae428e5c9107ba6ff91d,11,10,False,False
validation,completed,fb04bee46065ca73e235,11,10,False,False
validation,completed,2916179f75a3796da4ba,11,10,False,False
validation,completed,eb26ebcfb5fae6e59c49,11,10,False,False
validation,completed,b004fe14fdaeae2c83b0,11,10,False,False
validation,completed,4507b20bb310dae1f23d,11,10,False,False
validation,completed,369cae0991b42cd5e6a3,11,10,False,False
validation,completed,ecff7508e343e495914e,11,10,False,False
validation,completed,cbfa9e1817c7bcd758eb,11,10,False,False
validation,completed,1e3fd5ac2f2b0dbcdebe,11,10,False,False
validation,completed,37bd4ace14c08990a90b,11,10,False,False
validation,completed,42e6ea0210140bc76b72,11,10,False,False
validation,completed,a8d22d4f76707691ab89,11,10,False,False
validation,completed,78077204d4daf49c8b91,11,10,False,False
validation,completed,5ecc3ce82801dcac57b8,11,10,False,False
validation,completed,446bbd30f2fe62b994bb,11,10,False,False
validation,completed,6499c18f61a0d2643d1c,11,10,False,False
validation,completed,156af913d16fab3692d6,11,10,False,False
validation,completed,fe7b9a4c29924993cbd4,11,10,False,False
validation,completed,a654b953ed1796c42099,11,10,False,False
validation,completed,d5b120fefe220d7d0e79,4,4,False,False
validation,completed,4a91e288bfc11ebeeb16,11,10,False,False
validation,completed,1055c747aa857138a7f8,11,10,False,False
validation,completed,427b39fb5855c16f4469,11,10,False,False
validation,completed,011a7963fe00fadf077f,11,10,False,False
validation,completed,5cc569aa9cba72bc67ce,11,10,False,False
validation,completed,56bce4d83bd926343204,11,10,False,False
validation,completed,c1ffcf512c2721588049,11,10,False,False
validation,completed,f6a26c571ae7839a02c6,11,10,False,False
validation,completed,40aa8845fc346b8c4f88,11,10,False,False
validation,completed,c087f61be351b24fe5c0,11,10,False,False
validation,completed,f27411a15810d6a4859d,11,10,False,False
validation,completed,ebdfb5da540a6984b84c,11,10,False,False
validation,completed,36840234905ac67d771a,11,10,False,False
validation,completed,e36d14fb696c4b9ac172,11,10,False,False
validation,completed,e637eaf17409a0d1ef6e,11,10,False,False
validation,completed,4609f133f899a617eaac,11,10,False,False
validation,completed,d53747deaeef9bde3b82,11,10,False,False
validation,completed,a3a2335b3f3283b1f7ae,11,10,False,False
validation,completed,8e7365ee0e106dbd7b6b,11,10,False,False
validation,completed,5a8a4450970feb9c5591,11,10,False,False
validation,completed,7021513245762ad198b4,11,10,False,False
validation,completed,71c0c9da6f2f990a5dc5,11,10,False,False
validation,completed,47bcc6fad12f551e8abf,11,10,False,False
validation,completed,f7d0fe5dba7e99b7aafc,11,10,False,False
validation,completed,f26c7d05d5c0b5ef5aeb,11,10,False,False
validation,completed,88b034f69a1b4a932925,11,10,False,False
validation,completed,908c1a267a3bc772e104,11,10,False,False
validation,completed,7883f8972fba7640b3ef,11,10,False,False
validation,completed,a4bc10e51e7c44f987e7,11,10,False,False
validation,completed,5d0927247417f99064ab,11,10,False,False
validation,completed,0ce99f0000803b424d60,11,10,False,False
validation,completed,8691d279983e54828d28,11,10,False,False
validation,completed,4cc699f0154ebe4381ab,11,10,False,False
validation,completed,ca561759f01fb42e84f2,11,10,False,False
validation,completed,da13c4f656f407e4aa76,11,10,False,False
validation,completed,f8d8d270d0ed42af6f78,11,10,False,False
validation,completed,bf1890b77ee978a0533b,11,10,False,False
validation,completed,eaee0a582f61d8b157d8,11,10,False,False
validation,completed,714530dc9c832560e443,11,10,False,False
validation,completed,dedb4777198ae9b97014,11,10,False,False
validation,completed,8004b45c1bd1363d5a62,11,10,False,False
validation,completed,7c1742de3cf425b6c6b2,11,10,False,False
validation,completed,b0d3ef9c9e344bcc85fa,11,10,False,False
validation,completed,ec24c7a0711ecff8dba3,11,10,False,False
validation,completed,2a9c1682cb0f5ce88863,11,10,False,False
validation,completed,2774c14ea7d9ef6357fa,11,10,False,False
validation,completed,53cccd11723b0296c4e7,11,10,False,False
validation,completed,55f120ba0155b01b455f,11,10,False,False
validation,completed,ecb8e723ecd4a113aae1,11,10,False,False
validation,completed,bcd47d467c37b577584e,11,10,False,False
validation,completed,75b9ca012c20e4ddf572,11,10,False,False
validation,completed,8c0e0b615a9384d71578,11,10,False,False
validation,completed,c60c5b2e0541c5af6410,11,10,False,False
validation,completed,61469f9e5983ebedec87,11,10,False,False
validation,completed,6632587eeaa5e41bd375,11,10,False,False
validation,completed,2f1a76f31e7d0d2f849b,11,10,False,False
validation,completed,8b90ca0547f8adc5ee82,11,10,False,False
validation,completed,8001d7857afc0dfd936d,11,10,False,False
validation,completed,80c000eef032fbdce5cc,11,10,False,False
validation,completed,eba8e1a1fcd6068199f2,11,10,False,False
validation,completed,7cb07b052c74c1021e85,11,10,False,False
validation,completed,0a35d36b70d005dfa1b7,11,10,False,False
validation,completed,266ee4b383cf6af7443e,11,10,False,False
validation,completed,25f51871a80aada3a297,11,10,False,False
validation,completed,1c15914464b85b065a6c,11,10,False,False
validation,completed,157d35130df80b1e21e1,11,10,False,False
validation,completed,5895ad7f0377289350c8,11,10,False,False
validation,completed,7e6df8b8d9d288bd8f9a,11,10,False,False
validation,completed,ced0780019678fd74960,11,10,False,False
validation,completed,f89a8c4b9b804d001d96,11,10,False,False
validation,completed,841db26f2f0d8f4e8ba0,11,10,False,False
validation,completed,7f6eb6e343f95ccb5454,11,10,False,False
validation,completed,6c7d463e171d944c3227,11,10,False,False
validation,completed,78c17506be7d8866fc6c,11,10,False,False
validation,completed,410fc273062c9f00d769,11,10,False,False
validation,completed,d7afa0e96332624f599b,11,10,False,False
validation,completed,e2dd5c71b321592f8483,11,10,False,False
validation,completed,8f4c35e333ab8fd14f57,11,10,False,False
validation,completed,428b7bcf1b131357888c,11,10,False,False
validation,completed,4c65a7000abbb4b892bc,11,10,False,False
validation,completed,934997f00ccf47f5021b,11,10,False,False
validation,completed,9d1a75c7f26925bb424b,11,10,False,False
validation,completed,a59c268c4629b8813a10,11,10,False,False
validation,completed,76ed0002cfd72ba3c54c,11,10,False,False
validation,completed,7825792d6c2528de0cc3,11,10,False,False
validation,completed,a6aee8777d1c409767c9,11,10,False,False
validation,completed,9d188a1ef3c30df74559,11,10,False,False
validation,completed,12e2c305863d1d5336fe,11,10,False,False
validation,completed,096a35eef06bf383d4ed,11,10,False,False
validation,completed,552722de245bd5ef7f11,11,10,False,False
validation,completed,421a1014c185529c23d8,11,10,False,False
validation,completed,0143a59f6bdef521d30c,11,10,False,False
validation,completed,938a51a6e19bd8517c3e,11,10,False,False
validation,completed,7d2356c2e4eb227d2dd2,11,10,False,False
validation,completed,8f4e09fa8afeef1c699b,11,10,False,False
validation,completed,ab7fdb3487efe1742f28,11,10,False,False
validation,completed,4137d1cd0a597693179e,11,10,False,False
validation,completed,77fa0001c60e2f817dbc,11,10,False,False
validation,completed,74c6c4867375a7d7d95d,11,10,False,False
validation,completed,f84cc78bad40dbc29a2d,11,10,False,False
validation,completed,60f37ebcf1c132248055,11,10,False,False
validation,completed,9aa3363ff8730934478d,11,10,False,False
validation,completed,5805adc9b48cb8b4f9d2,11,10,False,False
validation,completed,3c96d5dd0acebc7b4e32,11,10,False,False
validation,completed,f4350c0188da76f0ecb0,11,10,False,False
validation,completed,2965f4b2d9dda1e0bb4c,11,10,False,False
validation,completed,3f86a487f1fd234635f6,11,10,False,False
validation,completed,013232deae171214ceb3,11,10,False,False
validation,completed,9e66429099fc2f2d7817,11,10,False,False
validation,completed,85c68db0ef141625790f,11,10,False,False
validation,completed,6f0932cc6675f3ee2542,11,10,False,False
validation,completed,b3b39d6ab2f8abea410e,11,10,False,False
validation,completed,9a2445259d7561db1c6b,11,10,False,False
validation,completed,b11cdf408556b6dc8e16,11,10,False,False
validation,completed,691357333f4b04269b52,11,10,False,False
validation,completed,ead35c59de19870f2126,11,10,False,False
validation,completed,2f6a7a181de5cfaa8cde,11,10,False,False
validation,completed,d9e38067125060fb5fbb,11,10,False,False
validation,completed,102b404843f3ca85d755,11,10,False,False
validation,completed,4bf13660bcc264021545,11,10,False,False
validation,completed,371865969277bcb488f9,11,10,False,False
validation,completed,c01c074868e062be80cf,11,10,False,False
validation,completed,71da84cd5e28dcf927b7,11,10,False,False
validation,completed,99ac0ef170cab61c4235,11,10,False,False
validation,completed,662cd213b2cc0a6b8a23,11,10,False,False
validation,completed,88fbb6fe7f7156acd3d1,11,10,False,False
validation,completed,897bee1bf99f151a6176,11,10,False,False
validation,completed,db65febf89adc26f3276,11,10,False,False
validation,completed,46dce212d8c575b7596f,11,10,False,False
validation,completed,488916a7c7d3b9ea7c0d,11,10,False,False
validation,completed,7005c86d0920a13f4cd0,11,10,False,False
validation,completed,203bb84e13443f7254b6,11,10,False,False
validation,completed,f6adb18289bfa8d6e03d,11,10,False,False
validation,completed,907edd6bb2a530b4371e,11,10,False,False
validation,completed,0f2389aeacbed3fd27d0,11,10,False,False
validation,completed,c7f662c7c936793211ac,11,10,False,False
validation,completed,7f13d3d324bd319b21a9,11,10,False,False
validation,completed,0262aad6c4f544577e9c,11,10,False,False
validation,completed,29630c13e9d79659d087,11,10,False,False
validation,completed,c70ea23d535b980e7fa1,11,10,False,False
validation,completed,89e49c9c38aeafb547bb,11,10,False,False
validation,completed,d8813bb6461346f138c5,11,10,False,False
validation,completed,8b63ee00a3ba96590b65,11,10,False,False
validation,completed,802f16589942a04dafa8,11,10,False,False
validation,completed,da9391e19520cc1fad36,11,10,False,False
validation,completed,536f130ec00fab4f3d2c,11,10,False,False
validation,completed,a66d78e43ba3b6529ffb,11,10,False,False
validation,completed,e9cd4c7d0abe2a473fda,11,10,False,False
validation,completed,0babdb761f4b2d9d3bc5,11,10,False,False
validation,completed,64e74184f90135c6bfea,11,10,False,False
validation,completed,8fe8f81adbe918ae385b,11,10,False,False
validation,completed,994126d735567722e3a8,11,10,False,False
validation,completed,a44fc31948d2e2d835b2,11,10,False,False
validation,completed,aaae3316802bb0e985ef,11,10,False,False
validation,completed,a1e24698a454e9130e15,11,10,False,False
validation,completed,0129d2eb11ab1b2e5856,3,3,False,False
validation,completed,babbe8dd2e16a36567ca,3,3,False,False
validation,completed,5bb885b9f74a9308eb4a,3,3,False,False
validation,completed,505d1e50e241db2a59c7,11,10,False,False
validation,completed,9997feeaa1ef73777596,11,10,False,False
validation,completed,534259c723397a8caf3f,11,10,False,False
validation,completed,2b04327a29d757ea64cf,11,10,False,False
validation,completed,720a8ee888328650177a,11,10,False,False
validation,completed,26e4b7dc239e7071279b,11,10,False,False
validation,completed,6758e51e89153b262410,11,10,False,False
validation,completed,f8991abd09b1fdfa3d69,11,10,False,False
validation,completed,a22d1e56ab82e3536b9b,11,10,False,False
validation,completed,e4808c5e6d9542c893dd,11,10,False,False
validation,completed,f5b2a587d288d71c5e35,11,10,False,False
validation,completed,5a046bf1c8071a5dec8a,11,10,False,False
validation,completed,37908ee4b8dcf169a152,11,10,False,False
validation,completed,18fa3ca71ca5da5cc439,11,10,False,False
validation,completed,d233bd9fae0d5d00f47c,11,10,False,False
validation,completed,ab5977be44b14be347b6,11,10,False,False
validation,completed,7aa89aebb773006f362f,11,10,False,False
validation,completed,68b5295850302db92b11,11,10,False,False
validation,completed,b0f5eac61b4eba1ed5c2,11,10,False,False
validation,completed,f3f7d49ebe0da7b3a471,11,10,False,False
validation,completed,1b9b48a958775a189740,11,10,False,False
validation,completed,5895b9ac714fca1adb1c,11,10,False,False
validation,completed,562f9ee692a8e126bf12,11,10,False,False
validation,completed,0b15a9c04e42b69c6ba3,11,10,False,False
validation,completed,d83b60969a5a3c40323b,11,10,False,False
validation,completed,463d1eb4e139c3b3c264,11,10,False,False
validation,completed,417dd6b94cefe83b7bdb,11,10,False,False
validation,completed,5b64920cf37dcbe74188,11,10,False,False
validation,completed,084a5c4626af3b9e5379,11,10,False,False
validation,completed,e84d8fa03e2bfee8b364,11,10,False,False
validation,completed,1a2b520b9e2f31384aad,11,10,False,False
validation,completed,78875319963f571e29f7,11,10,False,False
validation,completed,bb8506f99b2be1c022d1,11,10,False,False
validation,completed,101efa49ea5447688a9f,11,10,False,False
validation,completed,fbe827fae248388c101e,11,10,False,False
validation,completed,dc302d2a4c9c5a46aa84,11,10,False,False
validation,completed,01d6d1b1cb0923deb95f,11,10,False,False
validation,completed,51d3603665fd6a50409f,11,10,False,False
validation,completed,675c849b3b4d974c69e3,11,10,False,False
validation,completed,125ca3ce17dc586a1a6f,11,10,False,False
validation,completed,db385d1d038a0b0601e3,11,10,False,False
validation,completed,952a1c1164aa8d9bc146,11,10,False,False
validation,completed,69b50bb6c7a28ec79f43,11,10,False,False
validation,completed,acc2675bc2e53bc15596,11,10,False,False
validation,completed,170594c27b51c79617de,11,10,False,False
validation,completed,fc8e3383bca30f208e32,11,10,False,False
validation,completed,70247ca4971383985eba,11,10,False,False
validation,completed,449a4952bf07217c2266,11,10,False,False
validation,completed,b36b147167e1f97740ac,11,10,False,False
validation,completed,f3ac93c3bfe3f065ca1f,11,10,False,False
validation,completed,3e4cbd81ff54f6131b40,11,10,False,False
validation,completed,34c615699b7038137359,11,10,False,False
validation,completed,6214fa46753dbe3df9cf,11,10,False,False
validation,completed,a44fa6544f0b73b2802f,11,10,False,False
validation,completed,12563bd5b74ba5868e1d,11,10,False,False
validation,completed,6889f99e5695e9096fdf,11,10,False,False
validation,completed,fa6b8bff60de3f74039e,11,10,False,False
validation,completed,d26a988d0054e14e5711,11,10,False,False
validation,completed,21384e0165116f6fec67,11,10,False,False
validation,completed,b41516f4a304ab2cb584,11,10,False,False
validation,completed,8b4d9bfa869f177db55e,11,10,False,False
validation,completed,9d98c99112e4c1134cc2,11,10,False,False
validation,completed,92df0f443a75288aa9f7,11,10,False,False
validation,completed,d4d317fa3c724e936427,11,10,False,False
validation,completed,c25a3c262ea76ec2c848,11,10,False,False
validation,completed,77cd564623d2055db495,11,10,False,False
validation,completed,975da2bbb7f4527f8325,11,10,False,False
validation,completed,1be653b60406058ee0a7,11,10,False,False
validation,completed,b28266e3d5f0ca09722e,11,10,False,False
validation,completed,081a28258a26dc8cfa55,11,10,False,False
validation,completed,8c811f8f7606a0d8110c,11,10,False,False
validation,completed,b9e7ef3b1e752deaec87,11,10,False,False
validation,completed,4372faa2c77824901e8a,11,10,False,False
validation,completed,63c9950b1d03537f209b,11,10,False,False
validation,completed,810fc57fe3eb8c410acd,11,10,False,False
validation,completed,21ff6e55a6fbb0f8c5c4,11,10,False,False
validation,completed,45e421b54794adc86039,11,10,False,False
validation,completed,2d70e381b38e98e165b3,11,10,False,False
validation,completed,2c5a5f1434e0308a8091,11,10,False,False
validation,completed,3794ba4de120e6bd11bd,11,10,False,False
validation,completed,cdc5b28ac4e97f689816,11,10,False,False
validation,completed,7e0d27c03970817ba86d,11,10,False,False
validation,completed,545c55d9062d021945fb,11,10,False,False
validation,completed,70b770af61a500c4a4e2,11,10,False,False
validation,completed,3a8ce03dd4b74ac7730f,11,10,False,False
validation,completed,9b13a5dcf668764b5cde,11,10,False,False
validation,completed,ee9697233777cad4bef4,11,10,False,False
validation,completed,689af78311670a23bae5,11,10,False,False
validation,completed,01f53a023ff59e1ead20,11,10,False,False
validation,completed,0de65e5b9e8b799366f8,11,10,False,False
validation,completed,ae5adf50941b40d1759a,11,10,False,False
validation,completed,aca66e376f074b282ab9,11,10,False,False
validation,completed,c641b6c9dc1bf06b8aa8,11,10,False,False
validation,completed,a62e07788c373be33195,11,10,False,False
validation,completed,ac19f75758fbe34fdeb1,11,10,False,False
validation,completed,485d3230ef05ba0757ef,11,10,False,False
validation,completed,df62a9049d6337f94a13,11,10,False,False
validation,completed,360c7a68b84cf108cb0e,11,10,False,False
validation,completed,4fd434e96d8e6e1500a0,11,10,False,False
validation,completed,5471cf1957bc6b2d7382,11,10,False,False
validation,completed,a827bf340c22367404b0,11,10,False,False
validation,completed,8c07d8923b39000ae6aa,11,10,False,False
validation,completed,7891f61a263eba8b1ae9,11,10,False,False
validation,completed,7aae96eadd5a33d22aee,11,10,False,False
validation,completed,8bd83749b5952e5ef4fa,11,10,False,False
validation,completed,e44a901c02880db8eceb,11,10,False,False
validation,completed,fafcd26397789f0e8daa,11,10,False,False
validation,completed,c60e4240dcbda6ae0b95,11,10,False,False
validation,completed,f566eb1d47ceca025df2,11,10,False,False
validation,completed,74bc752c29d1e6102fe0,11,10,False,False
validation,completed,a57514a0f97e35e46807,11,10,False,False
validation,completed,d834311cd00e481f549e,11,10,False,False
validation,completed,cf65f2d0a6c75669b332,11,10,False,False
validation,completed,952462d502f590eab602,11,10,False,False
validation,completed,7ba3be776069bbcb52ce,11,10,False,False
validation,completed,9dc91441973ecfab88dd,11,10,False,False
validation,completed,55d722d83e64ffe1a34c,11,10,False,False
validation,completed,7648830bcc335c2c3a0d,11,10,False,False
validation,completed,a5b68e0859a37fa02563,11,10,False,False
validation,completed,7c2b19459ed87e3d1b68,11,10,False,False
validation,completed,19e1e05ed73e4cf39502,11,10,False,False
validation,completed,e611e8e7700ee544c835,11,10,False,False
validation,completed,a18792c97d6ab2f0282e,11,10,False,False
validation,completed,1885f10f34a790973cd1,11,10,False,False
validation,completed,51e4dc168e148934494a,11,10,False,False
validation,completed,2182aa3c1aa556bbcae1,11,10,False,False
validation,completed,445e3b4c425d42dfddd3,11,10,False,False
validation,completed,eb5074e9f2626b4d716a,11,10,False,False
validation,completed,9b7894b0342456ec1bc2,11,10,False,False
validation,completed,63e4354d15a8398b10f4,11,10,False,False
validation,completed,b6b0e5a857dcc1edaab5,11,10,False,False
validation,completed,f06a70a0fe6cc5a5d6f6,11,10,False,False
validation,completed,4875a75c344482978f36,11,10,False,False
validation,completed,adbd93952208303ff0ae,11,10,False,False
validation,completed,903046d8521d5e46f345,11,10,False,False
validation,completed,730da3d027a9ed07b05d,11,10,False,False
validation,completed,fcf28b1af17c9802ede9,11,10,False,False
validation,completed,4dfafbe5f76d143f8487,11,10,False,False
validation,completed,e477432be3307a7465d3,11,10,False,False
validation,completed,2eb9a4a0ad0960ceacbb,11,10,False,False
validation,completed,696263361cba3205c18b,11,10,False,False
validation,completed,c2ece8ac966945a0e2f1,11,10,False,False
validation,completed,b3f8b13576d7d5ff6f8b,11,10,False,False
validation,completed,38ab47e5f27c1f99ffaf,11,10,False,False
validation,completed,a9e8954120225656d76b,11,10,False,False
validation,completed,ab666fc66de12fb8baa7,11,10,False,False
validation,completed,5c1b8b824ae9ba600302,11,10,False,False
validation,completed,4ae0acea358c42a9056d,11,10,False,False
validation,completed,30aeaa2ab47dd38f022d,11,10,False,False
validation,completed,cd2775c4c9da5fe4ac7a,11,10,False,False
validation,completed,b57b1ad6880144b4bd2e,11,10,False,False
validation,completed,7b20ea76dee4d042e5fb,11,10,False,False
validation,completed,3ae8dc6e0ee7b31b4f01,11,10,False,False
validation,completed,5b2ae0ee956e1a5fda37,11,10,False,False
validation,completed,6e8849d9d215e5f82cf7,11,10,False,False
validation,completed,f64a8e37d8d957dc6a73,11,10,False,False
validation,completed,5cfb845d8a17bf219f8a,11,10,False,False
validation,completed,b4b2965cd7982ab737f6,11,10,False,False
validation,completed,93faa265c2341a90946a,11,10,False,False
validation,completed,2c9cbcfd353c44724211,11,10,False,False
validation,completed,1372b7d79b8afe36e26f,11,10,False,False
validation,completed,1fef6b02978ca981980c,11,10,False,False
validation,completed,a240cca82d2b6dda5c71,11,10,False,False
validation,completed,99e8dc828afc96b9142b,11,10,False,False
validation,completed,4421d6595c8141559c7a,11,10,False,False
validation,completed,c34839395305cc964813,11,10,False,False
validation,completed,e64b0d1e00a22f07ac51,11,10,False,False
validation,completed,154e113213a736a9704e,11,10,False,False
validation,completed,1a66a543e25029a9ef8e,11,10,False,False
validation,completed,91c9d0f14458a0dc6978,11,10,False,False
validation,completed,8e1355573c0bd704e983,11,10,False,False
validation,completed,0f93315623764f80da6b,11,10,False,False
validation,completed,619093e00139e5c419d2,11,10,False,False
validation,completed,c87eb7ee7bf59cf80c4c,11,10,False,False
validation,completed,0319d65c34229c36f0bf,11,10,False,False
validation,completed,b16dcb6a07b685c62b3b,11,10,False,False
validation,completed,4123b8dc6fbf691d4933,11,10,False,False
validation,completed,cc4734ffcbc48a705922,11,10,False,False
validation,completed,758bca66fb261a8c91e5,11,10,False,False
validation,completed,dc4d0a096f2707f91d88,11,10,False,False
validation,completed,7021b8ddc96215707d01,11,10,False,False
validation,completed,c6621d2f3102fc9484e6,11,10,False,False
validation,completed,5a583d7fa4fb934158ef,11,10,False,False
validation,completed,9b75b13ae7f1579ca095,11,10,False,False
validation,completed,e0548241b953d3483ae6,11,10,False,False
validation,completed,72c28d4770343afe06fe,11,10,False,False
validation,completed,3b5506515ffdc1ff09c7,11,10,False,False
validation,completed,c9c8a569d066bd8d878a,11,10,False,False
validation,completed,befb405f4b9f85c51c21,11,10,False,False
validation,completed,2a7b9750e8e4b19ab803,11,10,False,False
validation,completed,a90a2016b472b1dabddd,11,10,False,False
validation,completed,e5e1969aad7cff8cf52c,11,10,False,False
validation,completed,39d881fe7569244ac75f,11,10,False,False
validation,completed,3c94c766449ddded5501,11,10,False,False
validation,completed,84130991ae05cf6ad740,11,10,False,False
validation,completed,0e01d3c51b4c700effcf,11,10,False,False
validation,completed,86958fb820f4702cf181,11,10,False,False
validation,completed,6b4c60dc5a51602c2e80,11,10,False,False
validation,completed,43369da54366df0b2730,11,10,False,False
validation,completed,53f500e24cd939767ca3,11,10,False,False
validation,completed,54e7e362a3557c5054f4,11,10,False,False
validation,completed,430c4da370be773a13d0,11,10,False,False
validation,completed,3347283468bfe7b6b5aa,11,10,False,False
validation,completed,c379056fbbaef9593145,11,10,False,False
validation,completed,4e35128e75788694b640,11,10,False,False
validation,completed,5f59c0cb9126980c09da,11,10,False,False
validation,completed,f081bea0c5746b773e4d,11,10,False,False
validation,completed,886ebf732c333742d70d,11,10,False,False
validation,completed,b5fbe4424988819d7536,11,10,False,False
validation,completed,95729c925a873f8917ea,11,10,False,False
validation,completed,1801d05be037af25ea58,11,10,False,False
validation,completed,a8356a1823424c5c241c,11,10,False,False
validation,completed,fdd08e41e9bb0d3c5a99,11,10,False,False
validation,retrospective,02e436eb18826107a8a1,11,10,False,False
validation,retrospective,828c5c6d5d8c61cb58e1,11,10,False,False
validation,retrospective,d7ab3019b08390a6cfca,11,10,False,False
validation,retrospective,e43846f3cc235cde6504,11,10,False,False
validation,retrospective,d11f8b621634b39d02a1,11,10,False,False
validation,retrospective,6e95618ca6713de474ae,11,10,False,False
validation,retrospective,ba895590c5a78614f6a7,11,10,False,False
validation,retrospective,53eaf315e45adf6673c7,4,10,False,False
validation,retrospective,a746eb4532a8496fa3fc,11,10,False,False
validation,retrospective,4dabe82281322dd9ae8d,11,10,False,False
validation,retrospective,92bdd2e8a69face6d0b7,11,10,False,False
validation,retrospective,e2982b1b4c3f002e6329,11,10,False,False
validation,retrospective,7f6a8a463044f8bedd3d,4,10,False,False
validation,retrospective,43e629248987f68e519e,11,10,False,False
validation,retrospective,a83de54d465f5cb81ccb,11,10,False,False
validation,retrospective,bbab8b2708d9ab5a6aee,10,10,False,False
validation,retrospective,2b4a29e6a9f1acebd6f1,11,10,False,False
validation,retrospective,c188a41b25b300b96a7a,11,10,False,False
validation,retrospective,0c2a9a5204a36526421a,11,10,False,False
validation,retrospective,aad8247e4605a919c1f5,11,10,False,False
validation,retrospective,9420a085cea3ab285dc0,11,10,False,False
validation,retrospective,a5473f8af252e2caeb21,11,10,False,False
validation,retrospective,8855d674c5b6858c6318,11,10,False,False
validation,retrospective,6638a17cc405df12960e,11,10,False,False
validation,retrospective,a4f3938550d07e6b6bd4,11,10,False,False
validation,retrospective,6fea2ad58175b6cfd403,11,10,False,False
validation,retrospective,5e2cd51318771fb8e12a,11,10,False,False
validation,retrospective,8249ff20fcd08f77241f,11,10,False,False
validation,retrospective,fbe197aea1f068b2a304,11,10,False,False
validation,retrospective,6dc3424dfb73edbc468b,11,10,False,False
validation,retrospective,06c305d1b62943d60095,11,10,False,False
validation,retrospective,19ee154edb10a2b6819a,11,10,False,False
validation,retrospective,ae428e5c9107ba6ff91d,11,10,False,False
validation,retrospective,fb04bee46065ca73e235,11,10,False,False
validation,retrospective,2916179f75a3796da4ba,11,10,False,False
validation,retrospective,eb26ebcfb5fae6e59c49,11,10,False,False
validation,retrospective,b004fe14fdaeae2c83b0,11,10,False,False
validation,retrospective,4507b20bb310dae1f23d,11,10,False,False
validation,retrospective,369cae0991b42cd5e6a3,11,10,False,False
validation,retrospective,ecff7508e343e495914e,11,10,False,False
validation,retrospective,cbfa9e1817c7bcd758eb,11,10,False,False
validation,retrospective,1e3fd5ac2f2b0dbcdebe,11,10,False,False
validation,retrospective,37bd4ace14c08990a90b,11,10,False,False
validation,retrospective,42e6ea0210140bc76b72,11,10,False,False
validation,retrospective,a8d22d4f76707691ab89,11,10,False,False
validation,retrospective,78077204d4daf49c8b91,11,10,False,False
validation,retrospective,5ecc3ce82801dcac57b8,11,10,False,False
validation,retrospective,446bbd30f2fe62b994bb,11,10,False,False
validation,retrospective,6499c18f61a0d2643d1c,11,10,False,False
validation,retrospective,156af913d16fab3692d6,11,10,False,False
validation,retrospective,fe7b9a4c29924993cbd4,11,10,False,False
validation,retrospective,a654b953ed1796c42099,11,10,False,False
validation,retrospective,d5b120fefe220d7d0e79,4,10,False,False
validation,retrospective,4a91e288bfc11ebeeb16,11,10,False,False
validation,retrospective,1055c747aa857138a7f8,11,10,False,False
validation,retrospective,427b39fb5855c16f4469,11,10,False,False
validation,retrospective,011a7963fe00fadf077f,11,10,False,False
validation,retrospective,5cc569aa9cba72bc67ce,11,10,False,False
validation,retrospective,56bce4d83bd926343204,11,10,False,False
validation,retrospective,c1ffcf512c2721588049,11,10,False,False
validation,retrospective,f6a26c571ae7839a02c6,11,10,False,False
validation,retrospective,40aa8845fc346b8c4f88,11,10,False,False
validation,retrospective,c087f61be351b24fe5c0,11,10,False,False
validation,retrospective,f27411a15810d6a4859d,11,10,False,False
validation,retrospective,ebdfb5da540a6984b84c,11,10,False,False
validation,retrospective,36840234905ac67d771a,11,10,False,False
validation,retrospective,e36d14fb696c4b9ac172,11,10,False,False
validation,retrospective,e637eaf17409a0d1ef6e,11,10,False,False
validation,retrospective,4609f133f899a617eaac,11,10,False,False
validation,retrospective,d53747deaeef9bde3b82,11,10,False,False
validation,retrospective,a3a2335b3f3283b1f7ae,11,10,False,False
validation,retrospective,8e7365ee0e106dbd7b6b,11,10,False,False
validation,retrospective,5a8a4450970feb9c5591,11,10,False,False
validation,retrospective,7021513245762ad198b4,11,10,False,False
validation,retrospective,71c0c9da6f2f990a5dc5,11,10,False,False
validation,retrospective,47bcc6fad12f551e8abf,11,10,False,False
validation,retrospective,f7d0fe5dba7e99b7aafc,11,10,False,False
validation,retrospective,f26c7d05d5c0b5ef5aeb,11,10,False,False
validation,retrospective,88b034f69a1b4a932925,11,10,False,False
validation,retrospective,908c1a267a3bc772e104,11,10,False,False
validation,retrospective,7883f8972fba7640b3ef,11,10,False,False
validation,retrospective,a4bc10e51e7c44f987e7,11,10,False,False
validation,retrospective,5d0927247417f99064ab,11,10,False,False
validation,retrospective,0ce99f0000803b424d60,11,10,False,False
validation,retrospective,8691d279983e54828d28,11,10,False,False
validation,retrospective,4cc699f0154ebe4381ab,11,10,False,False
validation,retrospective,ca561759f01fb42e84f2,11,10,False,False
validation,retrospective,da13c4f656f407e4aa76,11,10,False,False
validation,retrospective,f8d8d270d0ed42af6f78,11,10,False,False
validation,retrospective,bf1890b77ee978a0533b,11,10,False,False
validation,retrospective,eaee0a582f61d8b157d8,11,10,False,False
validation,retrospective,714530dc9c832560e443,11,10,False,False
validation,retrospective,dedb4777198ae9b97014,11,10,False,False
validation,retrospective,8004b45c1bd1363d5a62,11,10,False,False
validation,retrospective,7c1742de3cf425b6c6b2,11,10,False,False
validation,retrospective,b0d3ef9c9e344bcc85fa,11,10,False,False
validation,retrospective,ec24c7a0711ecff8dba3,11,10,False,False
validation,retrospective,2a9c1682cb0f5ce88863,11,10,False,False
validation,retrospective,2774c14ea7d9ef6357fa,11,10,False,False
validation,retrospective,53cccd11723b0296c4e7,11,10,False,False
validation,retrospective,55f120ba0155b01b455f,11,10,False,False
validation,retrospective,ecb8e723ecd4a113aae1,11,10,False,False
validation,retrospective,bcd47d467c37b577584e,11,10,False,False
validation,retrospective,75b9ca012c20e4ddf572,11,10,False,False
validation,retrospective,8c0e0b615a9384d71578,11,10,False,False
validation,retrospective,c60c5b2e0541c5af6410,11,10,False,False
validation,retrospective,61469f9e5983ebedec87,11,10,False,False
validation,retrospective,6632587eeaa5e41bd375,11,10,False,False
validation,retrospective,2f1a76f31e7d0d2f849b,11,10,False,False
validation,retrospective,8b90ca0547f8adc5ee82,11,10,False,False
validation,retrospective,8001d7857afc0dfd936d,11,10,False,False
validation,retrospective,80c000eef032fbdce5cc,11,10,False,False
validation,retrospective,eba8e1a1fcd6068199f2,11,10,False,False
validation,retrospective,7cb07b052c74c1021e85,11,10,False,False
validation,retrospective,0a35d36b70d005dfa1b7,11,10,False,False
validation,retrospective,266ee4b383cf6af7443e,11,10,False,False
validation,retrospective,25f51871a80aada3a297,11,10,False,False
validation,retrospective,1c15914464b85b065a6c,11,10,False,False
validation,retrospective,157d35130df80b1e21e1,11,10,False,False
validation,retrospective,5895ad7f0377289350c8,11,10,False,False
validation,retrospective,7e6df8b8d9d288bd8f9a,11,10,False,False
validation,retrospective,ced0780019678fd74960,11,10,False,False
validation,retrospective,f89a8c4b9b804d001d96,11,10,False,False
validation,retrospective,841db26f2f0d8f4e8ba0,11,10,False,False
validation,retrospective,7f6eb6e343f95ccb5454,11,10,False,False
validation,retrospective,6c7d463e171d944c3227,11,10,False,False
validation,retrospective,78c17506be7d8866fc6c,11,10,False,False
validation,retrospective,410fc273062c9f00d769,11,10,False,False
validation,retrospective,d7afa0e96332624f599b,11,10,False,False
validation,retrospective,e2dd5c71b321592f8483,11,10,False,False
validation,retrospective,8f4c35e333ab8fd14f57,11,10,False,False
validation,retrospective,428b7bcf1b131357888c,11,10,False,False
validation,retrospective,4c65a7000abbb4b892bc,11,10,False,False
validation,retrospective,934997f00ccf47f5021b,11,10,False,False
validation,retrospective,9d1a75c7f26925bb424b,11,10,False,False
validation,retrospective,a59c268c4629b8813a10,11,10,False,False
validation,retrospective,76ed0002cfd72ba3c54c,11,10,False,False
validation,retrospective,7825792d6c2528de0cc3,11,10,False,False
validation,retrospective,a6aee8777d1c409767c9,11,10,False,False
validation,retrospective,9d188a1ef3c30df74559,11,10,False,False
validation,retrospective,12e2c305863d1d5336fe,11,10,False,False
validation,retrospective,096a35eef06bf383d4ed,11,10,False,False
validation,retrospective,552722de245bd5ef7f11,11,10,False,False
validation,retrospective,421a1014c185529c23d8,11,10,False,False
validation,retrospective,0143a59f6bdef521d30c,11,10,False,False
validation,retrospective,938a51a6e19bd8517c3e,11,10,False,False
validation,retrospective,7d2356c2e4eb227d2dd2,11,10,False,False
validation,retrospective,8f4e09fa8afeef1c699b,11,10,False,False
validation,retrospective,ab7fdb3487efe1742f28,11,10,False,False
validation,retrospective,4137d1cd0a597693179e,11,10,False,False
validation,retrospective,77fa0001c60e2f817dbc,11,10,False,False
validation,retrospective,74c6c4867375a7d7d95d,11,10,False,False
validation,retrospective,f84cc78bad40dbc29a2d,11,10,False,False
validation,retrospective,60f37ebcf1c132248055,11,10,False,False
validation,retrospective,9aa3363ff8730934478d,11,10,False,False
validation,retrospective,5805adc9b48cb8b4f9d2,11,10,False,False
validation,retrospective,3c96d5dd0acebc7b4e32,11,10,False,False
validation,retrospective,f4350c0188da76f0ecb0,11,10,False,False
validation,retrospective,2965f4b2d9dda1e0bb4c,11,10,False,False
validation,retrospective,3f86a487f1fd234635f6,11,10,False,False
validation,retrospective,013232deae171214ceb3,11,10,False,False
validation,retrospective,9e66429099fc2f2d7817,11,10,False,False
validation,retrospective,85c68db0ef141625790f,11,10,False,False
validation,retrospective,6f0932cc6675f3ee2542,11,10,False,False
validation,retrospective,b3b39d6ab2f8abea410e,11,10,False,False
validation,retrospective,9a2445259d7561db1c6b,11,10,False,False
validation,retrospective,b11cdf408556b6dc8e16,11,10,False,False
validation,retrospective,691357333f4b04269b52,11,10,False,False
validation,retrospective,ead35c59de19870f2126,11,10,False,False
validation,retrospective,2f6a7a181de5cfaa8cde,11,10,False,False
validation,retrospective,d9e38067125060fb5fbb,11,10,False,False
validation,retrospective,102b404843f3ca85d755,11,10,False,False
validation,retrospective,4bf13660bcc264021545,11,10,False,False
validation,retrospective,371865969277bcb488f9,11,10,False,False
validation,retrospective,c01c074868e062be80cf,11,10,False,False
validation,retrospective,71da84cd5e28dcf927b7,11,10,False,False
validation,retrospective,99ac0ef170cab61c4235,11,10,False,False
validation,retrospective,662cd213b2cc0a6b8a23,11,10,False,False
validation,retrospective,88fbb6fe7f7156acd3d1,11,10,False,False
validation,retrospective,897bee1bf99f151a6176,11,10,False,False
validation,retrospective,db65febf89adc26f3276,11,10,False,False
validation,retrospective,46dce212d8c575b7596f,11,10,False,False
validation,retrospective,488916a7c7d3b9ea7c0d,11,10,False,False
validation,retrospective,7005c86d0920a13f4cd0,11,10,False,False
validation,retrospective,203bb84e13443f7254b6,11,10,False,False
validation,retrospective,f6adb18289bfa8d6e03d,11,10,False,False
validation,retrospective,907edd6bb2a530b4371e,11,10,False,False
validation,retrospective,0f2389aeacbed3fd27d0,11,10,False,False
validation,retrospective,c7f662c7c936793211ac,11,10,False,False
validation,retrospective,7f13d3d324bd319b21a9,11,10,False,False
validation,retrospective,0262aad6c4f544577e9c,11,10,False,False
validation,retrospective,29630c13e9d79659d087,11,10,False,False
validation,retrospective,c70ea23d535b980e7fa1,11,10,False,False
validation,retrospective,89e49c9c38aeafb547bb,11,10,False,False
validation,retrospective,d8813bb6461346f138c5,11,10,False,False
validation,retrospective,8b63ee00a3ba96590b65,11,10,False,False
validation,retrospective,802f16589942a04dafa8,11,10,False,False
validation,retrospective,da9391e19520cc1fad36,11,10,False,False
validation,retrospective,536f130ec00fab4f3d2c,11,10,False,False
validation,retrospective,a66d78e43ba3b6529ffb,11,10,False,False
validation,retrospective,e9cd4c7d0abe2a473fda,11,10,False,False
validation,retrospective,0babdb761f4b2d9d3bc5,11,10,False,False
validation,retrospective,64e74184f90135c6bfea,11,10,False,False
validation,retrospective,8fe8f81adbe918ae385b,11,10,False,False
validation,retrospective,994126d735567722e3a8,11,10,False,False
validation,retrospective,a44fc31948d2e2d835b2,11,10,False,False
validation,retrospective,aaae3316802bb0e985ef,11,10,False,False
validation,retrospective,a1e24698a454e9130e15,11,10,False,False
validation,retrospective,0129d2eb11ab1b2e5856,3,10,False,False
validation,retrospective,babbe8dd2e16a36567ca,3,10,False,False
validation,retrospective,5bb885b9f74a9308eb4a,3,10,False,False
validation,retrospective,505d1e50e241db2a59c7,11,10,False,False
validation,retrospective,9997feeaa1ef73777596,11,10,False,False
validation,retrospective,534259c723397a8caf3f,11,10,False,False
validation,retrospective,2b04327a29d757ea64cf,11,10,False,False
validation,retrospective,720a8ee888328650177a,11,10,False,False
validation,retrospective,26e4b7dc239e7071279b,11,10,False,False
validation,retrospective,6758e51e89153b262410,11,10,False,False
validation,retrospective,f8991abd09b1fdfa3d69,11,10,False,False
validation,retrospective,a22d1e56ab82e3536b9b,11,10,False,False
validation,retrospective,e4808c5e6d9542c893dd,11,10,False,False
validation,retrospective,f5b2a587d288d71c5e35,11,10,False,False
validation,retrospective,5a046bf1c8071a5dec8a,11,10,False,False
validation,retrospective,37908ee4b8dcf169a152,11,10,False,False
validation,retrospective,18fa3ca71ca5da5cc439,11,10,False,False
validation,retrospective,d233bd9fae0d5d00f47c,11,10,False,False
validation,retrospective,ab5977be44b14be347b6,11,10,False,False
validation,retrospective,7aa89aebb773006f362f,11,10,False,False
validation,retrospective,68b5295850302db92b11,11,10,False,False
validation,retrospective,b0f5eac61b4eba1ed5c2,11,10,False,False
validation,retrospective,f3f7d49ebe0da7b3a471,11,10,False,False
validation,retrospective,1b9b48a958775a189740,11,10,False,False
validation,retrospective,5895b9ac714fca1adb1c,11,10,False,False
validation,retrospective,562f9ee692a8e126bf12,11,10,False,False
validation,retrospective,0b15a9c04e42b69c6ba3,11,10,False,False
validation,retrospective,d83b60969a5a3c40323b,11,10,False,False
validation,retrospective,463d1eb4e139c3b3c264,11,10,False,False
validation,retrospective,417dd6b94cefe83b7bdb,11,10,False,False
validation,retrospective,5b64920cf37dcbe74188,11,10,False,False
validation,retrospective,084a5c4626af3b9e5379,11,10,False,False
validation,retrospective,e84d8fa03e2bfee8b364,11,10,False,False
validation,retrospective,1a2b520b9e2f31384aad,11,10,False,False
validation,retrospective,78875319963f571e29f7,11,10,False,False
validation,retrospective,bb8506f99b2be1c022d1,11,10,False,False
validation,retrospective,101efa49ea5447688a9f,11,10,False,False
validation,retrospective,fbe827fae248388c101e,11,10,False,False
validation,retrospective,dc302d2a4c9c5a46aa84,11,10,False,False
validation,retrospective,01d6d1b1cb0923deb95f,11,10,False,False
validation,retrospective,51d3603665fd6a50409f,11,10,False,False
validation,retrospective,675c849b3b4d974c69e3,11,10,False,False
validation,retrospective,125ca3ce17dc586a1a6f,11,10,False,False
validation,retrospective,db385d1d038a0b0601e3,11,10,False,False
validation,retrospective,952a1c1164aa8d9bc146,11,10,False,False
validation,retrospective,69b50bb6c7a28ec79f43,11,10,False,False
validation,retrospective,acc2675bc2e53bc15596,11,10,False,False
validation,retrospective,170594c27b51c79617de,11,10,False,False
validation,retrospective,fc8e3383bca30f208e32,11,10,False,False
validation,retrospective,70247ca4971383985eba,11,10,False,False
validation,retrospective,449a4952bf07217c2266,11,10,False,False
validation,retrospective,b36b147167e1f97740ac,11,10,False,False
validation,retrospective,f3ac93c3bfe3f065ca1f,11,10,False,False
validation,retrospective,3e4cbd81ff54f6131b40,11,10,False,False
validation,retrospective,34c615699b7038137359,11,10,False,False
validation,retrospective,6214fa46753dbe3df9cf,11,10,False,False
validation,retrospective,a44fa6544f0b73b2802f,11,10,False,False
validation,retrospective,12563bd5b74ba5868e1d,11,10,False,False
validation,retrospective,6889f99e5695e9096fdf,11,10,False,False
validation,retrospective,fa6b8bff60de3f74039e,11,10,False,False
validation,retrospective,d26a988d0054e14e5711,11,10,False,False
validation,retrospective,21384e0165116f6fec67,11,10,False,False
validation,retrospective,b41516f4a304ab2cb584,11,10,False,False
validation,retrospective,8b4d9bfa869f177db55e,11,10,False,False
validation,retrospective,9d98c99112e4c1134cc2,11,10,False,False
validation,retrospective,92df0f443a75288aa9f7,11,10,False,False
validation,retrospective,d4d317fa3c724e936427,11,10,False,False
validation,retrospective,c25a3c262ea76ec2c848,11,10,False,False
validation,retrospective,77cd564623d2055db495,11,10,False,False
validation,retrospective,975da2bbb7f4527f8325,11,10,False,False
validation,retrospective,1be653b60406058ee0a7,11,10,False,False
validation,retrospective,b28266e3d5f0ca09722e,11,10,False,False
validation,retrospective,081a28258a26dc8cfa55,11,10,False,False
validation,retrospective,8c811f8f7606a0d8110c,11,10,False,False
validation,retrospective,b9e7ef3b1e752deaec87,11,10,False,False
validation,retrospective,4372faa2c77824901e8a,11,10,False,False
validation,retrospective,63c9950b1d03537f209b,11,10,False,False
validation,retrospective,810fc57fe3eb8c410acd,11,10,False,False
validation,retrospective,21ff6e55a6fbb0f8c5c4,11,10,False,False
validation,retrospective,45e421b54794adc86039,11,10,False,False
validation,retrospective,2d70e381b38e98e165b3,11,10,False,False
validation,retrospective,2c5a5f1434e0308a8091,11,10,False,False
validation,retrospective,3794ba4de120e6bd11bd,11,10,False,False
validation,retrospective,cdc5b28ac4e97f689816,11,10,False,False
validation,retrospective,7e0d27c03970817ba86d,11,10,False,False
validation,retrospective,545c55d9062d021945fb,11,10,False,False
validation,retrospective,70b770af61a500c4a4e2,11,10,False,False
validation,retrospective,3a8ce03dd4b74ac7730f,11,10,False,False
validation,retrospective,9b13a5dcf668764b5cde,11,10,False,False
validation,retrospective,ee9697233777cad4bef4,11,10,False,False
validation,retrospective,689af78311670a23bae5,11,10,False,False
validation,retrospective,01f53a023ff59e1ead20,11,10,False,False
validation,retrospective,0de65e5b9e8b799366f8,11,10,False,False
validation,retrospective,ae5adf50941b40d1759a,11,10,False,False
validation,retrospective,aca66e376f074b282ab9,11,10,False,False
validation,retrospective,c641b6c9dc1bf06b8aa8,11,10,False,False
validation,retrospective,a62e07788c373be33195,11,10,False,False
validation,retrospective,ac19f75758fbe34fdeb1,11,10,False,False
validation,retrospective,485d3230ef05ba0757ef,11,10,False,False
validation,retrospective,df62a9049d6337f94a13,11,10,False,False
validation,retrospective,360c7a68b84cf108cb0e,11,10,False,False
validation,retrospective,4fd434e96d8e6e1500a0,11,10,False,False
validation,retrospective,5471cf1957bc6b2d7382,11,10,False,False
validation,retrospective,a827bf340c22367404b0,11,10,False,False
validation,retrospective,8c07d8923b39000ae6aa,11,10,False,False
validation,retrospective,7891f61a263eba8b1ae9,11,10,False,False
validation,retrospective,7aae96eadd5a33d22aee,11,10,False,False
validation,retrospective,8bd83749b5952e5ef4fa,11,10,False,False
validation,retrospective,e44a901c02880db8eceb,11,10,False,False
validation,retrospective,fafcd26397789f0e8daa,11,10,False,False
validation,retrospective,c60e4240dcbda6ae0b95,11,10,False,False
validation,retrospective,f566eb1d47ceca025df2,11,10,False,False
validation,retrospective,74bc752c29d1e6102fe0,11,10,False,False
validation,retrospective,a57514a0f97e35e46807,11,10,False,False
validation,retrospective,d834311cd00e481f549e,11,10,False,False
validation,retrospective,cf65f2d0a6c75669b332,11,10,False,False
validation,retrospective,952462d502f590eab602,11,10,False,False
validation,retrospective,7ba3be776069bbcb52ce,11,10,False,False
validation,retrospective,9dc91441973ecfab88dd,11,10,False,False
validation,retrospective,55d722d83e64ffe1a34c,11,10,False,False
validation,retrospective,7648830bcc335c2c3a0d,11,10,False,False
validation,retrospective,a5b68e0859a37fa02563,11,10,False,False
validation,retrospective,7c2b19459ed87e3d1b68,11,10,False,False
validation,retrospective,19e1e05ed73e4cf39502,11,10,False,False
validation,retrospective,e611e8e7700ee544c835,11,10,False,False
validation,retrospective,a18792c97d6ab2f0282e,11,10,False,False
validation,retrospective,1885f10f34a790973cd1,11,10,False,False
validation,retrospective,51e4dc168e148934494a,11,10,False,False
validation,retrospective,2182aa3c1aa556bbcae1,11,10,False,False
validation,retrospective,445e3b4c425d42dfddd3,11,10,False,False
validation,retrospective,eb5074e9f2626b4d716a,11,10,False,False
validation,retrospective,9b7894b0342456ec1bc2,11,10,False,False
validation,retrospective,63e4354d15a8398b10f4,11,10,False,False
validation,retrospective,b6b0e5a857dcc1edaab5,11,10,False,False
validation,retrospective,f06a70a0fe6cc5a5d6f6,11,10,False,False
validation,retrospective,4875a75c344482978f36,11,10,False,False
validation,retrospective,adbd93952208303ff0ae,11,10,False,False
validation,retrospective,903046d8521d5e46f345,11,10,False,False
validation,retrospective,730da3d027a9ed07b05d,11,10,False,False
validation,retrospective,fcf28b1af17c9802ede9,11,10,False,False
validation,retrospective,4dfafbe5f76d143f8487,11,10,False,False
validation,retrospective,e477432be3307a7465d3,11,10,False,False
validation,retrospective,2eb9a4a0ad0960ceacbb,11,10,False,False
validation,retrospective,696263361cba3205c18b,11,10,False,False
validation,retrospective,c2ece8ac966945a0e2f1,11,10,False,False
validation,retrospective,b3f8b13576d7d5ff6f8b,11,10,False,False
validation,retrospective,38ab47e5f27c1f99ffaf,11,10,False,False
validation,retrospective,a9e8954120225656d76b,11,10,False,False
validation,retrospective,ab666fc66de12fb8baa7,11,10,False,False
validation,retrospective,5c1b8b824ae9ba600302,11,10,False,False
validation,retrospective,4ae0acea358c42a9056d,11,10,False,False
validation,retrospective,30aeaa2ab47dd38f022d,11,10,False,False
validation,retrospective,cd2775c4c9da5fe4ac7a,11,10,False,False
validation,retrospective,b57b1ad6880144b4bd2e,11,10,False,False
validation,retrospective,7b20ea76dee4d042e5fb,11,10,False,False
validation,retrospective,3ae8dc6e0ee7b31b4f01,11,10,False,False
validation,retrospective,5b2ae0ee956e1a5fda37,11,10,False,False
validation,retrospective,6e8849d9d215e5f82cf7,11,10,False,False
validation,retrospective,f64a8e37d8d957dc6a73,11,10,False,False
validation,retrospective,5cfb845d8a17bf219f8a,11,10,False,False
validation,retrospective,b4b2965cd7982ab737f6,11,10,False,False
validation,retrospective,93faa265c2341a90946a,11,10,False,False
validation,retrospective,2c9cbcfd353c44724211,11,10,False,False
validation,retrospective,1372b7d79b8afe36e26f,11,10,False,False
validation,retrospective,1fef6b02978ca981980c,11,10,False,False
validation,retrospective,a240cca82d2b6dda5c71,11,10,False,False
validation,retrospective,99e8dc828afc96b9142b,11,10,False,False
validation,retrospective,4421d6595c8141559c7a,11,10,False,False
validation,retrospective,c34839395305cc964813,11,10,False,False
validation,retrospective,e64b0d1e00a22f07ac51,11,10,False,False
validation,retrospective,154e113213a736a9704e,11,10,False,False
validation,retrospective,1a66a543e25029a9ef8e,11,10,False,False
validation,retrospective,91c9d0f14458a0dc6978,11,10,False,False
validation,retrospective,8e1355573c0bd704e983,11,10,False,False
validation,retrospective,0f93315623764f80da6b,11,10,False,False
validation,retrospective,619093e00139e5c419d2,11,10,False,False
validation,retrospective,c87eb7ee7bf59cf80c4c,11,10,False,False
validation,retrospective,0319d65c34229c36f0bf,11,10,False,False
validation,retrospective,b16dcb6a07b685c62b3b,11,10,False,False
validation,retrospective,4123b8dc6fbf691d4933,11,10,False,False
validation,retrospective,cc4734ffcbc48a705922,11,10,False,False
validation,retrospective,758bca66fb261a8c91e5,11,10,False,False
validation,retrospective,dc4d0a096f2707f91d88,11,10,False,False
validation,retrospective,7021b8ddc96215707d01,11,10,False,False
validation,retrospective,c6621d2f3102fc9484e6,11,10,False,False
validation,retrospective,5a583d7fa4fb934158ef,11,10,False,False
validation,retrospective,9b75b13ae7f1579ca095,11,10,False,False
validation,retrospective,e0548241b953d3483ae6,11,10,False,False
validation,retrospective,72c28d4770343afe06fe,11,10,False,False
validation,retrospective,3b5506515ffdc1ff09c7,11,10,False,False
validation,retrospective,c9c8a569d066bd8d878a,11,10,False,False
validation,retrospective,befb405f4b9f85c51c21,11,10,False,False
validation,retrospective,2a7b9750e8e4b19ab803,11,10,False,False
validation,retrospective,a90a2016b472b1dabddd,11,10,False,False
validation,retrospective,e5e1969aad7cff8cf52c,11,10,False,False
validation,retrospective,39d881fe7569244ac75f,11,10,False,False
validation,retrospective,3c94c766449ddded5501,11,10,False,False
validation,retrospective,84130991ae05cf6ad740,11,10,False,False
validation,retrospective,0e01d3c51b4c700effcf,11,10,False,False
validation,retrospective,86958fb820f4702cf181,11,10,False,False
validation,retrospective,6b4c60dc5a51602c2e80,11,10,False,False
validation,retrospective,43369da54366df0b2730,11,10,False,False
validation,retrospective,53f500e24cd939767ca3,11,10,False,False
validation,retrospective,54e7e362a3557c5054f4,11,10,False,False
validation,retrospective,430c4da370be773a13d0,11,10,False,False
validation,retrospective,3347283468bfe7b6b5aa,11,10,False,False
validation,retrospective,c379056fbbaef9593145,11,10,False,False
validation,retrospective,4e35128e75788694b640,11,10,False,False
validation,retrospective,5f59c0cb9126980c09da,11,10,False,False
validation,retrospective,f081bea0c5746b773e4d,11,10,False,False
validation,retrospective,886ebf732c333742d70d,11,10,False,False
validation,retrospective,b5fbe4424988819d7536,11,10,False,False
validation,retrospective,95729c925a873f8917ea,11,10,False,False
validation,retrospective,1801d05be037af25ea58,11,10,False,False
validation,retrospective,a8356a1823424c5c241c,11,10,False,False
validation,retrospective,fdd08e41e9bb0d3c5a99,11,10,False,False
